reader,title,author,work_id,edition_id
you,"House of Earth and Blood (Crescent City, #1)",Sarah J. Maas,OL20650912W,OL27924119M
you,Nettle & Bone,T. Kingfisher,OL24510090W,OL32480153M
you,"Insatiable (The Edge of Darkness, #1)",Leigh Rivers,OL38077499W,
you,"Burn of the Everflame (Kindred's Curse, #4)",Penn Cole,OL45342463W,
you,"The Knave and the Moon  (The Stonewater Kingdom, #2)",Rachel Gillig,OL45040569W,OL61440973M
you,"Kill for Me, Kill for You",Steve Cavanagh,OL35722847W,OL51103185M
you,"A Touch of Darkness (Hades & Persephone, #1)",Scarlett St.  Clair,OL21370801W,
you,"Royal Hunt (Royal Fae, #1)",Raven  Storm,OL38383425W,
you,"Between Life and Death (Between Life and Death, #1)",Jaclyn Kot,OL41898282W,
you,"Vasmora (The Eating Woods, #3)",Keri Lake,,
you,"The Queen's Blade (The Broken Blade, #1)",Evelyn  Ward,,
you,Dangerous Men (Fortune City Mafia #1),Evelyn  Ward,,
you,"Tithe (Modern Faerie Tales, #1)",Holly Black,OL5833930W,OL7730738M
you,The September House,Carissa Orlando,OL36520633W,OL49364115M
you,"The Knight and the Moth (The Stonewater Kingdom, #1)",Rachel Gillig,OL42398143W,OL57522779M
you,Spread Me,Sarah Gailey,OL42446523W,
you,"Her Majesty's Royal Coven (Her Majesty's Royal Coven, #1)",Juno  Dawson,OL25810037W,OL36011847M
you,Salt: A World History,Mark Kurlansky,OL16026786W,OL3318987M
you,At Home: A Short History of Private Life,Bill  Bryson,OL15100470W,OL24478391M
you,"Glow of the Everflame (Kindred's Curse, #2)",Penn Cole,OL39127383W,
you,"Heat of the Everflame (Kindred's Curse, #3)",Penn Cole,OL42401621W,
you,The Five-Star Weekend,Elin Hilderbrand,OL33473915W,OL46354995M
you,The One That Got Away,Simon Wood,OL20311323W,
you,The Illustrated Man,Ray Bradbury,OL103128W,OL7261795M
you,"The Gray Man (Gray Man, #1)",Mark Greaney,OL21758985W,
you,"King of Flesh & Bone (The Pale Court, #1)",Liv Zander,OL27490503W,
you,"Queen of Rot & Pain (The Pale Court, #2)",Liv Zander,OL27592242W,OL37627319M
you,"Spark of the Everflame (Kindred's Curse, #1)",Penn Cole,OL39130913W,
you,"Golden Son (Red Rising Saga, #2)",Pierce Brown,OL19340986W,OL38364835M
you,The Wicker Husband,Ursula  Wills,,
you,"Carl's Doomsday Scenario (Dungeon Crawler Carl, #2)",Matt Dinniman,OL24848193W,OL57409203M
you,"Red Rising (Red Rising Saga, #1)",Pierce Brown,OL17076473W,
you,A Woman of No Importance: The Untold Story of the American Spy Who Helped Win World War II,Sonia Purnell,,
you,"Holy Bible, New King James Version",Anonymous,OL25360652W,OL33980521M
you,"Lord, Teach Us To Pray",Andrew Murray,OL29609120W,
you,"Leather & Lark (Ruinous Love, #2)",Brynne Weaver,OL37574587W,
you,"The Housemaid is Watching (The Housemaid, #3)",Freida McFadden,OL37576476W,OL50637231M
you,"The Christmas Tree Farm (Dream Harbor, #3)",Laurie Gilmore,OL37826945W,OL51044399M
you,"The Cinnamon Bun Book Store (Dream Harbor, #2)",Laurie Gilmore,OL37585489W,OL51589165M
you,"The Pumpkin Spice Café (Dream Harbor, #1)",Laurie Gilmore,OL34337924W,OL46570196M
you,"The Housemaid's Wedding (The Housemaid, #2.5)",Freida McFadden,OL42487395W,
you,"Shadows So Cruel (Court of Ravens, #2)",Liv Zander,OL45914915W,
you,And So The Breaking Begins (Mindbreaker Duet #1; An Age of War and Prophecy #3),Lacey Lehotzky,,
you,"Nightshade (Nightshade, #1)",Keri Lake,OL28927875W,
you,Horns of Wicked Ebony (Deathcaller Duet #2; An Age of War and Prophecy #2),Lacey Lehotzky,,
you,"The Jasad Heir (The Scorched Throne, #1)",Sara  Hashem,OL34023748W,OL46110297M
you,"The Housemaid (The Housemaid, #1)",Freida McFadden,OL27729743W,
you,"The Housemaid's Secret (The Housemaid, #2)",Freida McFadden,OL34113490W,
you,"Haunting Adeline (Cat and Mouse, #1)",H.D. Carlton,OL27310398W,
you,"Butcher & Blackbird (The Ruinous Love Trilogy, #1)",Brynne Weaver,OL36775731W,
you,"Rites of the Starling (Shield of Sparrows, #2)",Devney Perry,OL45101987W,
you,Trad Wife,Saratoga Schaefer,OL45075265W,
you,"Kingdom of Claw (The Ashen, #2)",Demi Winters,OL42423801W,
you,"Dawn of the North (The Ashen, #3)",Demi Winters,OL45246970W,OL61686647M
you,"Apprentice to the Villain (Assistant to the Villain, #2)",Hannah Nicole Maehrer,OL37568505W,OL50727439M
you,"Roots of Darkness (The Ashen, #2.5)",Demi Winters,OL44535155W,
you,"Dungeon Crawler Carl (Dungeon Crawler Carl, #1)",Matt Dinniman,OL24593432W,
you,Synodic,Kristin Travis,OL36369307W,
you,"All Your Bloody Lies (The Filthy Duet, #1)",M.L. Burns,,
you,"Bonded by Thorns (Beasts of the Briar, #1)",Elizabeth Helen,OL34954438W,
you,"The Chalice of the Gods (Percy Jackson and the Olympians: The Senior Year Adventures, #1)",Rick Riordan,OL34025404W,OL42735556M
you,"The Road of Bones (The Ashen, #1)",Demi Winters,OL38391689W,
you,"Assassin's Apprentice (Farseer Trilogy, #1)",Robin Hobb,OL2707183W,OL7829766M
you,"Empire of the Vampire (Empire of the Vampire, #1)",Jay Kristoff,OL24210358W,OL31985478M
you,"A ​Court of Silver Flames (A Court of Thorns and Roses, #5)",Sarah J. Maas,OL21703979W,OL29889699M
you,Theo of Golden,Allen  Levi,OL36475397W,OL60925324M
you,The Code of You,Sabrina Hoffmann,,
you,How to Kill a Witch: The Patriarchy's Guide to Silencing Women,Zoe Venditozzi,OL42438661W,OL57585180M
you,A Stage Set for Villains,Shannon J. Spann,OL44869505W,
you,"Mate (Bride, #2)",Ali Hazelwood,OL44250916W,OL60745136M
you,"Half City (Harker Academy, #1)",Kate  Golden,OL45051915W,OL61454140M
you,"Daggermouth (The Heart, #1)",H.M.  Wolfe,OL44956458W,
you,How to Kill a Guy in Ten Dates,Shailee Thompson,OL45051977W,OL61454213M
you,Women of a Promiscuous Nature,Donna Everhart,OL45409374W,OL61877801M
you,"Hyperion (Hyperion Cantos, #1)",Dan Simmons,OL1963268W,OL7824641M
you,"A Court of Frost and Starlight (A Court of Thorns and Roses, #4)",Sarah J. Maas,OL19655889W,OL29858945M
you,"Crown Me Yours (Heartstring Duet, #2)",Liv Zander,OL45588470W,
you,"Crown Me Dead (Heartstring Duet, #1)",Liv Zander,OL45155793W,OL61577838M
you,"A Heart of Desire and Deceit (The Choosing Chronicles, #2)",Elayna R. Gallea,,
you,"A Curse of Stars and Storms (The Choosing Chronicles, #3)",Elayna R. Gallea,,
you,"A Game of Love and Betrayal (The Choosing Chronicles, #1)",Elayna R. Gallea,,
you,"Because I Killed Him (The Nine Gentlemen, #1)",Edith Birde,OL45689624W,
you,The Starving Saints,Caitlin  Starling,OL42426081W,
you,The Keyhole,Gigi Styx,,
you,"I Will Break You (Pen Pals Duet, #1)",Gigi Styx,OL42364704W,
you,"Shield of Sparrows (Shield of Sparrows, #1)",Devney Perry,OL42483262W,OL57653590M
you,"Kingdom of Ash (Throne of Glass, #7)",Sarah J. Maas,OL19352982W,OL39419296M
you,"Dead of Night (Thorne Hill, #1)",Emily Goodwin,OL20112723W,
you,Where the Dead Wait,Ally Wilkes,OL35765521W,OL48279883M
you,"Tower of Dawn (Throne of Glass, #6)",Sarah J. Maas,OL17791167W,OL39453648M
you,"Psycho Shifters (Cruel Shifterverse, #1)",Jasmine Mas,OL38047757W,
you,"Trial of the Sun Queen (Artefacts of Ouranos, #1)",Nisha J. Tuli,OL31299169W,OL49276560M
you,"When the Moon Hatched (Moonfall, #1)",Sarah A. Parker,OL38010057W,
you,"Fearless (The Powerless Trilogy, #3)",Lauren  Roberts,OL42487406W,OL57660061M
you,"Empire of Storms (Throne of Glass, #5)",Sarah J. Maas,OL17625829W,OL39442305M
you,"Moon Called (Mercy Thompson, #1)",Patricia Briggs,OL5682781W,OL25442406M
you,"Magic Bites (Kate Daniels, #1)",Ilona Andrews,OL8126408W,
you,"Queen of Shadows (Throne of Glass, #4)",Sarah J. Maas,OL17718538W,
you,Wife Shaped Bodies,Laura Cranehill,,
you,"All Systems Red (The Murderbot Diaries, #1)",Martha Wells,OL17914663W,
you,Murder Bot: The Novel: A Thriller Where the Story Wrote Itself Murder Followed By Sugar Gay Isber McMillan (Talk to Your Tools™ A Series on Working with Chat Bots),Sugar Gay Isber McMillan,,
you,The Warded Man (Demon Cycle #1),Peter V. Brett,OL13691921W,OL23120289M
you,"Heir of Fire (Throne of Glass, #3)",Sarah J. Maas,OL17367560W,
you,"The Assassin's Blade (Throne of Glass, #0.1-0.5)",Sarah J. Maas,OL17546674W,OL39343070M
you,Murderbot Diaries Collection Complete Hardcover Series Set (The Murderbot Diaries #1-6),Martha Wells,OL42556524W,
you,End of the Forest (Fae and Shadow #1),Zora Fox,OL32523620W,
you,When the Tides Held the Moon,Venessa Vida Kelley,OL42407319W,OL57536501M
you,"Blood Bound (Cursed Covenant, #1)",Ellis Hunter,,
you,"The Exorcism of Faeries (Morbid Realities, #1)",J.L. Vampa,,
you,"Crown of Midnight (Throne of Glass, #2)",Sarah J. Maas,OL16809980W,OL39419295M
you,The Drowning Woman,Robyn Harding,OL31141322W,OL42769743M
you,"Kingdom of the Wicked (Kingdom of the Wicked, #1)",Kerri Maniscalco,OL21676651W,OL29486282M
you,"Land of Wolves: Revelations (Land of Wolves, #1)",Invi Wright,,
you,"The Midnight Train (The Midnight World, #2)",Matt Haig,OL45341675W,
you,"The Midnight Library (The Midnight World, #1)",Matt Haig,OL20965973W,OL61174737M
you,"Throne of Glass (Throne of Glass, #1)",Sarah J. Maas,OL16607146W,OL39430939M
you,City of Iron and Ivy,Thomas Kent West,,
you,"The Wicked Sea (The Wicked Sea, #1)",Jordan Stephanie Gray,,
you,"Long Live (The Elementals of Iona, #1)",V.B. Lacey,,
you,"Feathers So Vicious (Court of Ravens, #1)",Liv Zander,OL36324203W,
you,"A Soul to Keep (Duskwalker Brides, #1)",Opal Reyne,OL28215457W,
you,Court of Heathens (Courts and Kings #4),K.A. Knight,OL38977225W,
you,"Marked by Masks and Secrets (Everlasting Possession, #1)",Maggie Sunseri,OL45915811W,
you,"Poison Study (Study, #1)",Maria V. Snyder,OL8032275W,OL8081450M
you,"Shadow Study (Soulfinders, #1; Study, #4)",Maria V. Snyder,OL21561458W,
you,Conform (The Conform Series),Ariel Sullivan,OL42409476W,
you,"A Forbidden Alchemy (The Artisan Trilogy, #1)",Stacey McEwan,OL42549171W,OL57758314M
you,"Game On (Into Darkness, #3)",Navessa Allen,OL45106192W,OL62249945M
you,"Caught Up (Into Darkness, #2)",Navessa Allen,OL42544936W,OL59288246M
you,Wish (Onyx Mist #1),Sara  Flanagan,,
you,"Never Keep (Sins of the Zodiac, #1)",Caroline Peckham,OL38679374W,
you,"Brimstone (Fae & Alchemy, #2)",Callie Hart,OL42445468W,OL57596211M
you,"Rose in Chains (The Evermore Trilogy, #1)",Julie  Soto,OL42432502W,OL57576631M
you,"Alchemy of Secrets (Alchemy of Secrets, #1)",Stephanie Garber,OL44220705W,OL60452349M
you,"Hooked (Never After, #1)",Emily McIntire,OL25555522W,OL39564113M
you,"Her Soul to Take (Souls Trilogy, #1)",Harley Laroux,OL25088743W,
you,"Blood Orange (The Dracula Duet, #1)",Karina Halle,OL34281682W,
you,The Library of Babel,Jorge Luis Borges,OL444807W,OL6783786M
you,A Short Stay in Hell,Steven L. Peck,OL16653954W,OL25330702M
you,"A Court of Wings and Ruin (A Court of Thorns and Roses, #3)",Sarah J. Maas,OL17823218W,OL29858946M
you,"A Court of Mist and Fury (A Court of Thorns and Roses, #2)",Sarah J. Maas,OL17860744W,OL29858944M
you,"Anathema (The Eating Woods, #1)",Keri Lake,OL44556720W,
you,"A Court of Thorns and Roses (A Court of Thorns and Roses, #1)",Sarah J. Maas,OL17352669W,OL29858947M
you,Good Inside: A Guide to Becoming the Parent You Want to Be,Becky   Kennedy,OL26876258W,OL36484645M
you,"For Whom the Belle Tolls (Hell's Belles, #1)",Jaysea Lynn,OL42457696W,
you,"Nocticadia (Nocticadia, #1)",Keri Lake,OL42842288W,
you,The Poet Empress,Shen Tao,,
you,The Unmaking of June Farrow,Adrienne Young,OL34051088W,OL46110008M
you,The Poison Daughter,Sheila Masterson,OL44997725W,
you,"The Wolf and the Crown of Blood (The Broken Accords, #1)",Elizabeth        May,OL45002036W,
you,"Lights Out (Into Darkness, #1)",Navessa Allen,OL38128674W,OL52222229M
you,"Two Twisted Crowns (The Shepherd King, #2)",Rachel Gillig,OL35780604W,OL40326992M
you,"Gild (The Plated Prisoner, #1)",Raven Kennedy,OL25903620W,
you,"Quicksilver (Fae & Alchemy, #1)",Callie Hart,OL39663865W,OL56884287M
you,They Never Learn,Layne Fargo,OL21896224W,
you,"First-Time Caller (Heartstrings, #1)",B.K. Borison,OL42397881W,OL57571650M
you,"And Now, Back to You (Heartstrings, #2)",B.K. Borison,OL45018896W,
you,A Dowry of Blood,S.T. Gibson,OL24150052W,OL37748487M
you,"Eyes of Devious Burgundy (Deathcaller Duet, #1; An Age of War and Prophecy #1)",Lacey Lehotzky,OL42447605W,
you,Deerskin,Robin McKinley,OL109411W,OL22936008M
you,Spindle's End,Robin McKinley,OL109412W,OL26343345M
you,Sunshine,Robin McKinley,OL109410W,OL7657814M
you,"The Hero and the Crown (Damar, #2)",Robin McKinley,OL109414W,OL16526844M
you,"The Blue Sword (Damar, #1)",Robin McKinley,OL109416W,OL7524692M
you,"Binding 13 (Boys of Tommen, #1)",Chloe Walsh,OL35677398W,
you,Blood Over Bright Haven,M.L. Wang,OL37942515W,OL51347806M
you,"The Female (The Female, #1)",Invi Wright,OL42443952W,
you,"Phantasma (Wicked Games, #1)",Kaylie Smith,OL37862524W,OL51104480M
you,"Slaying the Vampire Conqueror (Crowns of Nyaxia, #2.5)",Carissa Broadbent,OL42410050W,
you,Our Vicious Oaths,N.E. Davenport,OL42398975W,OL57783807M
you,The Sacred Space Between,Kalie Reid,OL42395057W,OL60893011M
you,"Malice (The Faithful and the Fallen, #1)",John Gwynne,OL19347291W,OL27626635M
you,"Gideon the Ninth (The Locked Tomb, #1)",Tamsyn Muir,OL20128158W,OL27308126M
you,Into the Water,Paula Hawkins,OL17765039W,OL26362212M
you,The Formula: The Universal Laws of Success,Albert-László Barabási,OL20574030W,OL28255139M
you,Network Science,Albert-László Barabási,OL25047365W,
you,"Networks, Crowds, and Markets: Reasoning about a Highly Connected World",David Easley,OL15533224W,OL24490350M
you,"One Dark Window (The Shepherd King, #1)",Rachel Gillig,OL25468077W,OL34153951M
you,"Dire Bound (The Wolves of Ruin, #1)",Sable Sorensen,OL42457466W,
you,"Tress of the Emerald Sea (Hoid's Travails, #1)",Brandon Sanderson,OL28687656W,
you,People We Meet on Vacation,Emily Henry,OL22563730W,
you,Project Hail Mary,Andy Weir,OL21745884W,OL30036715M
you,"Eldritch (The Eating Woods, #2)",Keri Lake,OL45977236W,
you,"Stalked by Seduction and Shadows (Eternal Obsession, #1)",Maggie Sunseri,,
you,"The Ascended (Aesymarean Duet, #1)",Bree Grenwich,OL44695708W,
you,The Witch of Colchis,Rosie Hewlett,OL37623564W,OL50723318M
you,Psyche and Eros,Luna McNamara,OL27806602W,OL40193941M
you,Stone Blind,Natalie Haynes,OL28088268W,OL38442197M
you,Hera,Jennifer Saint,OL37577510W,OL51343524M
you,Half Sick of Shadows,Laura Sebastian,OL24217043W,OL32006829M
you,"The Once and Future King (The Once and Future King, #1–5)",T.H. White,OL1388028W,
you,Gwen & Art Are Not in Love,Lex Croucher,OL28019292W,OL39728231M
you,"A Spindle Splintered (Fractured Fables, #1)",Alix E. Harrow,OL24538829W,OL32526633M
you,"Daughter of the Moon Goddess (The Celestial Kingdom, #1)",Sue Lynn Tan,OL25798494W,OL35991328M
you,The Women of Artemis,Hannah M. Lynn,OL42547013W,OL60892332M
you,"Blood of Hercules (Villains of Lore, #1)",Jasmine Mas,OL38674468W,
you,The Shadow of Perseus,Claire Heywood,OL28118859W,OL38487657M
you,The Hymn to Dionysus,Natasha Pulley,OL44305219W,
you,"I, Medusa",Ayana Gray,OL44547777W,
you,"Hekate - The Witch (Goddesses of the Underworld, #1)",Nikita Gill,,
you,The Life Cycle of the Common Octopus,Emma   Knight,OL45342341W,
you,Sharp Objects,Gillian Flynn,OL5842018W,OL9644182M
you,Water for Elephants,Sara Gruen,OL5813796W,OL8664290M
you,"The Name of the Wind (The Kingkiller Chronicle, #1)",Patrick Rothfuss,OL8479867W,OL20946378M
you,The Song of Achilles,Madeline Miller,OL16509148W,
you,Anxious People,Fredrik Backman,OL20793817W,
you,Piranesi,Susanna Clarke,OL20893680W,
you,Remarkably Bright Creatures,Shelby Van Pelt,OL25382083W,OL34018342M
you,The Lion Women of Tehran,Marjan Kamali,OL37620927W,OL51103983M
you,Babel,R.F. Kuang,OL26443093W,OL35728243M
you,"The Dragon Republic (The Poppy War, #2)",R.F. Kuang,OL19629129W,OL26850082M
you,"The Last Thing He Told Me (Hannah Hall, #1)",Laura Dave,OL24161797W,OL31887801M
you,"Fundamentals of Being a Good Girl (Academic Affairs, #1)",Julie Murphy,,
you,Tilt,Emma Pattee,OL42394266W,OL57564612M
you,"Onyx Storm (The Empyrean, #3)",Rebecca Yarros,OL41943074W,OL56973186M
you,"Iron Flame (The Empyrean, #2)",Rebecca Yarros,OL34028551W,OL61227378M
you,"Fourth Wing (The Empyrean, #1)",Rebecca Yarros,OL29226517W,OL39767438M
you,"Legends & Lattes (Legends & Lattes, #1)",Travis Baldree,OL27591348W,
you,"We Who Will Die (Empire of Blood, #1)",Stacia Stark,OL42406823W,OL62594816M
you,Wild Reverence,Rebecca   Ross,OL44548973W,
you,"In the Veins of the Drowning (The Siren Mage, #1)",Kalie Cassidy,OL42439250W,OL57586061M
you,Fairydale,Veronica Lancet,OL29258770W,
you,"Empire of Flame and Thorns (Flame and Thorns, #1)",Marion Blackwood,OL44475427W,
you,"Kissed by the Gods (The Eternal Wars, #1)",Caty Rogan,OL45996969W,
you,"A Dawn of Onyx (The Sacred Stones, #1)",Kate  Golden,OL31088557W,
you,"House of Beating Wings (The Kingdom of Crows, #1)",Olivia Wildenstein,OL27953261W,OL38205102M
you,Of the Stars and Sea (A Divine Trinity #1),Brianna Remus,,
you,"The Umbra King (Vincula Realm, #1)",Jamie Applegate Hunter,OL38399134W,
you,"The Wolf King (The Wolf King, #1)",Lauren Palphreyman,OL43951355W,
you,"White Horse Black Nights (The Godkissed Bride, #1)",Evie Marceau,OL36737614W,
you,"Frost (Frost and Nectar, #1)",C.N. Crawford,OL29171411W,OL40126301M
you,"Eternal Reign (Age of Vampires, #1)",Caroline Peckham,OL24527791W,
you,"A Tongue so Sweet and Deadly (Compelling Fates Saga, #1)",Sophia St. Germain,,
you,"Lady of Darkness (Lady of Darkness, #1)",Melissa K. Roehrich,OL38116431W,
you,"The Silversmith (The Selvaren, #1)",L.J. Claren,OL45967607W,OL62532472M
you,"Heartless Hunter (The Crimson Moth, #1)",Kristen Ciccarelli,OL37617445W,OL50713263M
you,"Stolen Midnights (Stolen Midnights, #1)",Katherine  Quinn,,
you,"These Hollow Vows (These Hollow Vows, #1)",Lexi Ryan,OL21961417W,
you,Violet Thistlewaite Is Not a Villain Anymore,Emily Krempholtz,OL44560456W,OL60853549M
you,"Children of Blood and Bone (Legacy of Orïsha, #1)",Tomi Adeyemi,OL19659793W,OL26879357M
you,"Daughter of No Worlds (The War of Lost Hearts, #1)",Carissa Broadbent,OL24134718W,
you,"The Serpent and the Wings of Night (Crowns of Nyaxia, #1)",Carissa Broadbent,OL28520883W,
you,The Desert Heiress (The Seven Star Empire #1),Shoshana Rain,OL36497057W,
you,The Everlasting,Alix E. Harrow,OL44495442W,OL60768265M
you,Alchemised,SenLinYu,OL42543873W,OL57612220M
you,The Love Hypothesis,Ali Hazelwood,OL24178205W,OL31917995M
you,"A Fate Inked in Blood (Saga of the Unfated, #1)",Danielle L. Jensen,OL37579200W,OL53611179M
you,When Women Were Dragons,Kelly Barnhill,OL25987949W,OL35077760M
you,"Garden Spells (Waverley Family, #1)",Sarah Addison Allen,OL8383189W,OL7850614M
you,The Keeper of Magical Things,Julie Leong,OL42560962W,OL57773346M
you,"Witchful Thinking (Elemental Love, #1)",Celestine Martin,OL27847016W,OL38058947M
you,"Kiss and Spell (Elemental Love, #2)",Celestine Martin,OL34479240W,OL46768809M
you,"In the Company of Witches (Evenfall Witches B&B, #1)",Auralee Wallace,OL25281857W,OL33852558M
you,A Witch's Guide to Magical Innkeeping,Sangu Mandanna,OL37588227W,
you,"The Goblin Emperor (The Chronicles of Osreth, #1)",Katherine Addison,OL17270804W,OL25843813M
you,Twig's Traveling Tomes,Gryffin Murphy,OL45789645W,
you,House of Frank,Kay  Synclaire,OL37614348W,OL50735719M
you,The Keeper of Lonely Spirits,E.M.   Anderson,OL42428192W,OL57570737M
you,"Rewitched (Selcouth, #1)",Lucy Jane Wood,OL37927491W,OL51642094M
you,"On Wings of Blood (Bloodwing Academy, #1)",Briar Boleyn,OL44270772W,
you,"The Witch Collector (Witch Walker, #1)",Charissa Weaks,OL25450722W,OL34137353M
you,"The Ever King (The Ever Seas, #1)",L.J. Andrews,,
you,"Avalon Tower (Fey Academy for Spies, #1)",C.N. Crawford,OL38394882W,
you,I Must Betray You,Ruta Sepetys,OL26084796W,OL38057088M
you,All the Other Mothers Hate Me,Sarah  Harman,OL42415174W,
you,Leviathan Wakes,James S.A. Corey,OL16114008W,OL26843807M
you,"Foundation and Empire (Foundation, #2)",Isaac Asimov,OL46224W,OL3693745M
you,"Foundation (Foundation, #1)",Isaac Asimov,OL46125W,OL3693746M
you,"Planet Adyn (Theonite, #1)",M.L. Wang,,
you,The Sword of Kaigen,M.L. Wang,,
you,"The Burning God (The Poppy War, #3)",R.F. Kuang,OL21163518W,OL29468759M
you,"The Poppy War (The Poppy War, #1)",R.F. Kuang,OL19351054W,OL26807748M
you,"The Stone Sky (The Broken Earth, #3)",N.K. Jemisin,OL17881901W,
you,"The Obelisk Gate (The Broken Earth, #2)",N.K. Jemisin,OL17842279W,
you,"The Strength of the Few (Hierarchy, #2)",James Islington,OL44370085W,
you,"A Kiss of Iron (Shadows of the Tenebris Court, #1)",Clare Sager,,
you,Thornhedge,T. Kingfisher,OL28866618W,OL39778521M
you,Hemlock & Silver,T. Kingfisher,OL43926054W,OL59893604M
you,Snake-Eater,T. Kingfisher,OL44554325W,
you,A Sorceress Comes to Call,T. Kingfisher,OL37939629W,OL51343576M
you,"Swordheart (Swordheart, #1)",T. Kingfisher,OL20783649W,
you,"Paladin's Grace (The Saint of Steel, #1)",T. Kingfisher,OL20943470W,
you,"Smoke and Scar (Shattered Crown, #1)",Gretchen Powell Fox,OL42446520W,OL57597942M
you,"The Shadow of the Gods (The Bloodsworn Saga, #1)",John Gwynne,OL21692763W,OL29512502M
you,"Jade City (The Green Bone Saga, #1)",Fonda Lee,OL19720196W,OL29776445M
you,"The Adventures of Amina al-Sirafi (Amina al-Sirafi, #1)",S.A. Chakraborty,,
you,"Broken Souls and Bones (Stonegate, #1)",L.J. Andrews,OL42406708W,OL57572057M
you,"The Will of the Many (Hierarchy, #1)",James Islington,OL31088394W,OL42732394M
you,The Once and Future Witches,Alix E. Harrow,OL20868274W,OL60125700M
you,The Push,Ashley Audrain,OL21694014W,OL31850286M
you,My Husband,Maud Ventura,OL24628432W,OL42732642M
you,Something in the Water,Catherine Steadman,OL19749469W,OL26958700M
you,The Bungalow,Sarah Jio,OL16505935W,OL25202412M
you,Playground,Richard Powers,OL37830316W,OL51046853M
you,The Last Good Paradise,Tatjana Soli,OL19993234W,OL27173345M
you,The Guest List,Lucy Foley,OL20742637W,
you,"The House in the Cerulean Sea (Cerulean Chronicles, #1)",T.J. Klune,OL20656224W,
you,The Lions of Fifth Avenue,Fiona  Davis,OL20799555W,OL28155666M
you,"Christmas at the Restaurant (The Nantucket Restaurant, #2)",Pamela M. Kelley,OL27962956W,
you,In a Holidaze,Christina Lauren,OL21895914W,OL29862048M
you,The Restaurant (The Nantucket Restaurant #1),Pamela M. Kelley,OL20780958W,
you,Fifty Words for Rain,Asha Lemmie,OL20897058W,OL28304941M
you,"The Tattooist of Auschwitz (The Tattooist of Auschwitz, #1)",Heather   Morris,OL19661009W,OL26962414M
you,"Cilka's Journey (The Tattooist of Auschwitz, #2)",Heather   Morris,OL20189492W,OL32182144M
you,"Sing, Unburied, Sing",Jesmyn Ward,OL17826879W,
you,Artemis,Andy Weir,OL17837968W,OL26424863M
you,The Guest List,Lucy Foley,OL20742637W,
you,"Parable of the Sower (Earthseed, #1)",Octavia E. Butler,OL35623W,OL46938M
you,"American Gods (American Gods, #1)",Neil Gaiman,OL679360W,
you,"The Long Way to a Small, Angry Planet (Wayfarers, #1)",Becky Chambers,OL17716925W,OL26923614M
you,"To Be Taught, If Fortunate",Becky Chambers,OL20642211W,OL27907474M
you,The Starless Sea,Erin Morgenstern,OL20416941W,OL27637630M
you,The Book of Lost Friends,Lisa Wingate,OL20662428W,OL27939836M
you,Conclave,Robert   Harris,OL17761028W,
you,Untamed,Glennon Doyle,OL20652361W,OL27925867M
you,Evvie Drake Starts Over,Linda  Holmes,OL20074937W,OL27254935M
you,"The Cuckoo's Calling (Cormoran Strike, #1)",Robert Galbraith,OL16806416W,OL34142772M
you,"The Fifth Season (The Broken Earth, #1)",N.K. Jemisin,OL17363125W,
you,"Outlander (Outlander, #1)",Diana Gabaldon,OL3261155W,OL7520304M
you,Women Who Run With the Wolves,Clarissa Pinkola Estés,OL2960639W,OL14419724M
you,Where the Crawdads Sing,Delia Owens,OL18766691W,OL27002289M
you,Time Out of Joint,Philip K. Dick,OL2172523W,OL3567332M
you,"Mistborn: The Final Empire (Mistborn, #1)",Brandon Sanderson,OL5738148W,
you,"Crazy Rich Asians (Crazy Rich Asians, #1)",Kevin Kwan,OL17924837W,OL26644284M
you,"Good Omens: The Nice and Accurate Prophecies of Agnes Nutter, Witch",Terry Pratchett,,
you,Small Admissions,Amy Poeppel,OL20041052W,OL27221086M
you,Do Androids Dream of Electric Sheep?,Philip K. Dick,OL2172356W,
you,The Gods Themselves,Isaac Asimov,OL46395W,OL9002796M
you,"The Handmaid’s Tale (The Handmaid's Tale, #1)",Margaret Atwood,OL675783W,OL51647052M
you,"Storm Front (The Dresden Files, #1)",Jim  Butcher,OL5685119W,OL26971042M
you,"Ready Player One (Ready Player One, #1)",Ernest Cline,OL15936512W,OL24842593M
you,Confessions of a Domestic Failure,Bunmi Laditan,OL17710051W,OL34872250M
you,Thirteen Reasons Why,Jay Asher,OL9264548W,OL28374385M
you,"The Da Vinci Code (Robert Langdon, #2)",Dan    Brown,OL76837W,
you,The Vagina Monologues,V (formerly Eve Ensler),OL2699951W,OL32256710M
you,The Bell Jar,Sylvia Plath,OL1865528W,
you,Big Little Lies,Liane Moriarty,OL17116911W,OL25687542M
you,Scrappy Little Nobody,Anna Kendrick,OL20038691W,OL27218727M
you,"Three Parts Dead (Craft Sequence, #1)",Max Gladstone,OL16646364W,OL26629684M
you,Their Eyes Were Watching God,Zora Neale Hurston,OL27778127W,OL25098901M
you,The Scarlet Letter,Nathaniel Hawthorne,OL455305W,OL7361003M
you,The Martian,Andy Weir,OL17091839W,OL32815550M
you,"The Girl With the Dragon Tattoo (Millennium, #1)",Stieg Larsson,OL5784622W,OL32362183M
you,All the Light We Cannot See,Anthony Doerr,OL16821606W,OL46538333M
you,"Harry Potter and the Sorcerer's Stone (Harry Potter, #1)",J.K. Rowling,OL82563W,OL26018592M
you,The Girl on the Train,Paula Hawkins,OL17112428W,OL25687007M
you,"Pawn of Prophecy (The Belgariad, #1)",David Eddings,OL1922990W,OL3321800M
you,"Wizard's First Rule (Sword of Truth, #1)",Terry Goodkind,OL2010436W,OL8053997M
you,"Wicked: The Life and Times of the Wicked Witch of the West (The Wicked Years, #1)",Gregory Maguire,,
you,"A Wrinkle in Time (Time Quintet, #1)",Madeleine L'Engle,OL41495W,OL26318808M
you,Enchanters' End Game (The Belgariad #5),David Eddings,OL1923013W,OL22906057M
you,"The Hobbit, or There and Back Again",J.R.R. Tolkien,,
you,"Cinder (The Lunar Chronicles, #1)",Marissa Meyer,OL16282945W,OL25101572M
you,"Miss Peregrine's Home for Peculiar Children (Miss Peregrine's Peculiar Children, #1)",Ransom Riggs,OL16151508W,OL25032352M
you,"The Lion, the Witch and the Wardrobe (Chronicles of Narnia, #1)",C.S. Lewis,OL40550440W,
you,"The Fellowship of the Ring (The Lord of the Rings, #1)",J.R.R. Tolkien,OL27513W,OL26889864M
you,Lord of the Flies,William Golding,OL455327W,OL7352237M
you,Tess of the D’Urbervilles,Thomas Hardy,OL44927W,
you,Wuthering Heights,Emily Brontë,OL43008309W,
sarah,"Cross Check (D.C. Stars, #6)",Chelsea Curto,,
sarah,"Stamped: Racism, Antiracism, and You",Jason Reynolds,OL20652384W,OL27925890M
sarah,Faire Match (Heartland Renaissance Faire Book 1),Maria Shield,,
sarah,Checkered Love,Mary Rebekah,,
sarah,Sweeper,Amy Daws,OL37496222W,OL50518248M
sarah,"The Legend of Meneka (The Divine Dancers, #1)",Kritika H. Rao,OL42392728W,OL57566423M
sarah,Airrelle of the Maroon Witches,Sumayyah Beck,,
sarah,The Song of Achilles,Madeline Miller,OL16509148W,OL27590842M
sarah,A Pirate's Life for Tea (Tomes & Tea #2),Rebecca Thorne,OL34387588W,OL51135289M
sarah,"Problematic Summer Romance (Not in Love, #2)",Ali Hazelwood,OL43548572W,
sarah,Tress of the Emerald Sea,Brandon Sanderson,OL28687656W,OL50724970M
sarah,Vera Stein Is Fine,Julie   Murphy,,
sarah,"World of Wonders: In Praise of Fireflies, Whale Sharks, and Other Astonishments",Aimee Nezhukumatathil,OL20894191W,OL28301213M
sarah,Operation Bounce House,Matt Dinniman,OL44660264W,OL60999685M
sarah,Come Together: The Science (and Art!) of Creating Lasting Sexual Connections,Emily Nagoski,OL31129952W,OL42751923M
sarah,Mating in Captivity: Reconciling the Erotic and the Domestic,Esther Perel,OL275862W,OL9235776M
sarah,Is a River Alive?,Robert Macfarlane,OL42398965W,OL57893197M
sarah,"The Summer Between Us (Love in Hawaii, #1)",Jennifer Probst,,
sarah,House of Deceit,N.E. Butcher,,
sarah,"Levels of Love (Novel Haven, #1)",Anabelle Stehl,OL45986388W,
sarah,The Wicker Husband,Ursula  Wills,,
sarah,Radio Free Texas,Libba Bray,,
sarah,Light Up My Life,Kasie West,,
sarah,Gilded Wings,Emily Thiede,,
sarah,World's Okayest Oracle (Reluctantly) Seeks Demon (Supernatural Entanglements Book 2),Olivia Dade,,
sarah,Fallin' Tides (Holly River #1),Tori  Ford,,
sarah,Broken Rival,Tessa Bailey,OL45396109W,
sarah,The Time Traveler's Wife,Audrey Niffenegger,OL4720160W,
sarah,Solar Eclipse of the Heart,Kate Robb,,
sarah,My Unfamiliar,Mara Rutherford,,
sarah,Archenemies,Jody Wenner,,
sarah,Our Strange Duet,Erin A. Craig,OL45940461W,
sarah,"One Moment Please (Wait With Me, 3)",Amy Daws,OL22451586W,
sarah,A Summer of Stars,Liana Cincotti,OL45933352W,OL62492846M
sarah,"Caught on Camera (Love Through a Lens, #1)",Chelsea Curto,OL45945322W,
sarah,"Camera Chemistry (Love Through a Lens, #0.5)",Chelsea Curto,OL34412312W,
sarah,Fireworks (Scottish Spice #2),Bonnie Woods,OL42538534W,OL57741356M
sarah,"Queen of Shadows (Throne of Glass, #4)",Sarah J. Maas,OL17718538W,
sarah,Bromantasy,Máire Roche,OL45674471W,
sarah,Shoot Your Shot,Lexi LaFleur Brown,OL42429268W,OL57572558M
sarah,Lessons in Falling (Hall Beck University),Selina Mae,OL44040865W,
sarah,Bad Boy Era (Mountain Men Matchmaker #4),Amy Daws,OL45345502W,OL62527343M
sarah,"Hopeless Necromantic (The Catseye Chronicles, #1)",Shiloh Briar,OL44869117W,
sarah,"The Rainshadow Orphans (Rainshadow, #1)",Naomi Ishiguro,OL45396621W,
sarah,The Wheel of the Year: An Illustrated Guide to Nature's Rhythms,Fiona  Cook,OL28442256W,OL38956059M
sarah,Blue Horses: Poems,Mary Oliver,OL19671468W,OL27444167M
sarah,This Is Not Love at First Sight: A Cozy Fantasy Romance (Brothers of Fairwitch Isle),Tee Harlowe,,
sarah,"Off Camera (Love Through a Lens, #3)",Chelsea Curto,OL39215544W,
sarah,"Trickster's Choice (Daughter of the Lioness, #1)",Tamora Pierce,OL29260W,
sarah,"Tattered Tides (Celestia Cove, #1)",Sarah A. Bailey,OL45397998W,OL61864021M
sarah,Hate to Fake It to You,Amanda Sellet,OL37866091W,OL51111312M
sarah,The Holiday Swap,Maggie Knox,OL24745390W,
sarah,"Heir of Fire (Throne of Glass, #3)",Sarah J. Maas,OL17367560W,
sarah,"A Court of Frost and Starlight (A Court of Thorns and Roses, #4)",Sarah J. Maas,OL19655889W,OL29858945M
sarah,"A ​Court of Silver Flames (A Court of Thorns and Roses, #5)",Sarah J. Maas,OL21703979W,OL29889699M
sarah,"A Court of Mist and Fury (A Court of Thorns and Roses, #2)",Sarah J. Maas,OL17860744W,OL29858944M
sarah,"A Court of Wings and Ruin (A Court of Thorns and Roses, #3)",Sarah J. Maas,OL17823218W,OL29858946M
sarah,"Behind the Camera (Love through a Lens, #2)",Chelsea Curto,OL38043048W,
sarah,Shark Heart,Emily Habeck,OL31088287W,
sarah,"The Deal (Off-Campus, #1)",Elle Kennedy,OL42430111W,
sarah,"Sin Bin (D.C. Stars, #5)",Chelsea Curto,OL44656847W,
sarah,Wreck My Plans,Jillian Meadows,OL38016211W,OL51590298M
sarah,K-9 National Park Defenders (Pacific Northwest K-9 Unit #9),Katy Lee,OL34503677W,OL49585169M
sarah,The Bodyguard Affair,Amy  Lea,OL44585201W,OL60898117M
sarah,More Than a Little Turmoil: Hadley Hope Series Book Three,Sandra Lou Taylor,,
sarah,Ringing in the New Year: A Hogmanay Holiday Novella,Kaitlin Collins,,
sarah,"Falling for Ellen (Falling, #2)",Kaitlin Collins,,
sarah,Choosing Chopsticks,Lori Scoby,,
sarah,"It Seemed Like a Good Idea (Darling Springs, #1)",Lauren Blakely,OL42415091W,OL57564922M
sarah,Honey Bee Mine,Sarah T. Dubb,,
sarah,Kissing Bandit (Love at the Lake #1),Margaret Rose,,
sarah,Cold As Ice (Wilder Wolves),Laurea Matthews,,
sarah,Off the Hook (Never Harbor),Julie Olivia,,
sarah,"If Only You (Bergman Brothers, #6)",Chloe Liese,OL34025548W,OL46060131M
sarah,"Horse Show (Saddle Club, #8)",Bonnie Bryant,OL813263W,OL1902296M
sarah,"Trail Mates (Saddle Club, #5)",Bonnie Bryant,OL813261W,OL7819382M
sarah,"Starlight Christmas (Saddle Club, #13)",Bonnie Bryant,OL813180W,OL7819497M
sarah,"Riding Camp (Saddle Club, #10)",Bonnie Bryant,OL813254W,OL7819461M
sarah,"Dude Ranch (Saddle Club, #6)",Bonnie Bryant,OL15389784W,OL24368417M
sarah,"Hat Trick (D.C. Stars, #4)",Chelsea Curto,OL45669081W,
sarah,"Slap Shot (D.C. Stars, #3)",Chelsea Curto,OL45734205W,
sarah,Power Play (D.C. Stars #2),Chelsea Curto,OL45927867W,
sarah,"Face Off (D.C. Stars, #1)",Chelsea Curto,OL38389699W,
sarah,"If Only You (The Bergman Brothers, #6)",Chloe Liese,OL34025548W,
sarah,"Racehorse (Saddle Club, #21)",Bonnie Bryant,OL813252W,OL7819613M
sarah,"Purebred (Saddle Club, #39)",Bonnie Bryant,OL813062W,OL7827992M
sarah,"Bridle Path (Saddle Club, #27)",Bonnie Bryant,OL812866W,OL7827934M
sarah,"Team Play (Saddle Club, #15)",Bonnie Bryant,OL813197W,OL7819522M
sarah,"Saddlebags (Saddle Club, #42)",Bonnie Bryant,OL813100W,OL7828078M
sarah,"Stable Manners (Saddle Club, #28)",Bonnie Bryant,OL813172W,OL7827935M
sarah,"Silver Stirrups (Saddle Club, #65)",Bonnie Bryant,OL813158W,OL7828222M
sarah,"High Horse (Saddle Club, #33)",Bonnie Bryant,OL812941W,OL7827984M
sarah,"Beach Ride (Saddle Club, #26)",Bonnie Bryant,OL17830979W,OL26419006M
sarah,"Star Rider (Saddle Club, #19)",Bonnie Bryant,OL813184W,OL7819582M
sarah,"Sea Horse (Saddle Club, #14)",Bonnie Bryant,OL813139W,OL22456733M
sarah,"Hoof Beat (Saddle Club, #9)",Bonnie Bryant,OL813235W,OL802218M
sarah,"Gift Horse (Saddle Club, #40)",Bonnie Bryant,OL812920W,OL7827993M
sarah,"Ghost Rider (Saddle Club, #24)",Bonnie Bryant,OL812917W,OL7827932M
sarah,"Horse Games (Saddle Club, #16)",Bonnie Bryant,OL812963W,OL7819539M
sarah,"A Summer Without Horses (Saddle Club Super Edition, #1)",Bonnie Bryant,OL15396643W,OL24372925M
sarah,"Rodeo Rider (Saddle Club, #12)",Bonnie Bryant,OL813256W,OL7819488M
sarah,"Horsenapped! (Saddle Club, #17)",Bonnie Bryant,OL812971W,OL7819581M
sarah,"Snow Ride (Saddle Club, #20)",Bonnie Bryant,OL813161W,OL7819554M
sarah,"Horse Wise (Saddle Club, #11)",Bonnie Bryant,OL8367157W,OL7826702M
sarah,"Horse Play (Saddle Club, #7)",Bonnie Bryant,OL8367151W,OL9812841M
sarah,"Horse Crazy (Saddle Club, #1)",Bonnie Bryant,OL813238W,OL7828204M
sarah,"Horse Power (Saddle Club, #4)",Bonnie Bryant,OL813242W,OL7819323M
sarah,"Horse Shy (Saddle Club, #2)",Bonnie Bryant,OL813265W,OL23164392M
sarah,"Horse Sense (Saddle Club, #3)",Bonnie Bryant,OL813262W,OL7819313M
sarah,Une naissance du club n608,Bonnie Bryant,,
sarah,Hay Fever (Saddle Club),bonnie-bryant,OL812932W,OL17939875M
sarah,"Team Play (Saddle Club, #15)",Bonnie Bryant,OL8367162W,OL7826721M
sarah,"Flying Horse (Saddle Club, #46)",Bonnie Bryant,OL812907W,OL17939865M
sarah,"Riding Class (Saddle Club, #52)",Bonnie Bryant,OL813084W,OL7828172M
sarah,Just For Girls: Happy Horse Day & Friends Forever,Bonnie Bryant,OL31242202W,OL7830413M
sarah,"Show Judge (Saddle Club, #95)",Bonnie Bryant,OL813149W,OL3282087M
sarah,"Pleasure Horse (Saddle Club, #51)",Bonnie Bryant,OL813251W,OL7828087M
sarah,"Broken Horse (Saddle Club, #61)",Bonnie Bryant,OL812867W,OL24374385M
sarah,THE SADDLE CLUB: HORSE WISE AND RODEO RIDER.,Bonnie. Bryant,OL9981741W,OL12559301M
sarah,"Horse Trade (Saddle Club, #38)",Bonnie Bryant,OL812999W,OL7827991M
sarah,"Horse Spy (Saddle Club, #94)",Bonnie Bryant,OL812989W,OL3666739M
sarah,"Photo Finish (Saddle Club, #43)",Bonnie Bryant,OL813250W,OL7828079M
sarah,"Horse Talk (Saddle Club, #71)",Bonnie Bryant,OL812994W,OL7828228M
sarah,"Tight Rein (Saddle Club, #57)",Bonnie Bryant,OL15552772W,OL24506617M
sarah,"Western Star (Saddle Club Super Edition, #3)",Bonnie Bryant,OL813220W,OL7828088M
sarah,"Horse Love (Saddle Club, #93)",Bonnie Bryant,OL812966W,OL3282090M
sarah,"Horseshoe (Saddle Club, #44)",Bonnie Bryant,OL812979W,OL7828080M
sarah,"Stable Witch (Saddle Club, #41)",Bonnie Bryant,OL15429494W,OL24398152M
sarah,"Mystery Ride (Saddle Club, #48)",Bonnie Bryant,OL15429489W,OL24398147M
sarah,"Cutting Horse (Saddle Club, #56)",Bonnie Bryant,OL812893W,OL7828178M
sarah,"Riding Lesson (Saddle Club, #36)",Bonnie Bryant,OL813087W,OL7827988M
sarah,"Spirited Away: Chihiros Reise ins Zauberland, Band 5",Hayao Miyazaki,OL3963464W,OL9064990M
sarah,"Dream Horse (Saddle Club Super Edition, #4)",Bonnie Bryant,OL15549054W,OL24505228M
sarah,"Million-Dollar Horse (Saddle Club, #92)",Bonnie Bryant,OL813036W,OL3282086M
sarah,"Driving Team (Saddle Club, #90)",Bonnie Bryant,OL812898W,OL3547461M
sarah,Stevie: The Inside Story (Saddle Club Inside Stories),Bonnie Bryant,OL813188W,OL101986M
sarah,"Hard Hat (Saddle Club, #97)",Bonnie Bryant,OL812931W,OL3668164M
sarah,"Lucky Horse (Saddle Club, #89)",Bonnie Bryant,OL15564624W,OL24517133M
sarah,"English Horse (Saddle Club, #79)",Bonnie Bryant,OL15545164W,OL24501331M
sarah,"Horse Blues (Saddle Club, #62)",Bonnie Bryant,OL15427512W,OL24396177M
sarah,"Horse Fever (Saddle Club, #85)",Bonnie Bryant,OL15564623W,OL24517132M
sarah,"Wagon Trail (Saddle Club, #81)",Bonnie Bryant,OL15545167W,OL24501334M
sarah,"Before They Rode Horses (Saddle Club Super Edition, #5)",Bonnie Bryant,OL812863W,OL7828185M
sarah,"Nightmare (Saddle Club Super Edition, #6)",Bonnie Bryant,OL813044W,OL7828230M
sarah,"Hobbyhorse (Saddle Club, #60)",Bonnie Bryant,OL15547412W,OL24503580M
sarah,"Horse Play (Saddle Club, #7)",Bonnie Bryant,OL15528596W,OL24485811M
sarah,"Quarter Horse (Saddle Club, #82)",Bonnie Bryant,OL15545159W,OL24501326M
sarah,"Gold Medal Rider (Saddle Club, #54)",Bonnie Bryant,OL812926W,OL7828174M
sarah,"Gold Medal Horse (Saddle Club, #55)",Bonnie Bryant,OL15549459W,OL24505636M
sarah,"Summer Rider (Saddle Club, #68)",Bonnie Bryant,OL813193W,OL7828225M
sarah,"Hoof Beat (Saddle Club, #9)",Bonnie Bryant,OL15528591W,OL24485806M
sarah,"Setting the Pace (Pine Hollow, #15)",Bonnie Bryant,OL813146W,OL3668531M
sarah,"Headstrong (Pine Hollow, #14)",Bonnie Bryant,OL812938W,OL3282054M
sarah,"Stable Farewell (Saddle Club, #49)",Bonnie Bryant,OL813164W,OL7828085M
sarah,"Schooling Horse (Saddle Club, #84)",Bonnie Bryant,OL15564622W,OL24517131M
sarah,"Changing Leads (Pine Hollow, #4)",Bonnie Bryant,OL812871W,OL7828479M
sarah,"Shying at Trouble (Pine Hollow, #6)",Bonnie Bryant,OL813153W,OL7828481M
sarah,"Penalty Points (Pine Hollow, #7)",Bonnie Bryant,OL813052W,OL7828517M
sarah,"Horse Thief (Saddle Club, #83)",Bonnie Bryant,OL15545162W,OL24501329M
sarah,"Summer Horse (Saddle Club, #67)",Bonnie Bryant,OL813192W,OL7828224M
sarah,"Stable Groom (Saddle Club, #45)",Bonnie Bryant,OL813167W,OL7828081M
sarah,"Corey's Pony Is Missing (Pony Tails, #3)",Bonnie Bryant,OL812882W,OL24503749M
sarah,"The Trail Home (Pine Hollow, #2)",Bonnie Bryant,OL813202W,OL3547452M
sarah,"Conformation Faults (Pine Hollow, #5)",Bonnie Bryant,OL812876W,OL7828480M
sarah,"Reining In (Pine Hollow, #3)",Bonnie Bryant,OL813071W,OL7828478M
sarah,"English Rider (Saddle Club, #80)",Bonnie Bryant,OL812906W,OL7828357M
sarah,Carole: The Inside Story (Saddle Club Inside Stories),Bonnie Bryant,OL813227W,OL7828401M
sarah,"Yankee Swap (Saddle Club, #50)",Bonnie Bryant,OL15546739W,OL24502908M
sarah,"New Rider (The Saddle Club, #96)",Bonnie Bryant,OL813042W,OL7828413M
sarah,"Pony Crazy (Pony Tails, #1)",Bonnie Bryant,OL813058W,OL7828073M
sarah,"Horse Wise (Saddle Club, #11)",Bonnie Bryant,OL15528590W,OL24485805M
sarah,"Sea Horse (Saddle Club, #14)",Bonnie Bryant,OL813140W,OL7819509M
sarah,"Stable Hearts (Saddle Club, #63)",Bonnie Bryant,OL813170W,OL7828220M
sarah,"Starting Gate (Saddle Club, #91)",Bonnie Bryant,OL813186W,OL3547973M
sarah,"Phantom Horse (Saddle Club, #59)",Bonnie Bryant,OL813053W,OL7828182M
sarah,"Horse Care (Saddle Club, #76)",Bonnie Bryant,OL15397007W,OL24373289M
sarah,"Painted Horse (Saddle Club, #75)",Bonnie Bryant,OL15545161W,OL24501328M
sarah,"Trail Ride (Saddle Club, #99)",Bonnie Bryant,OL813205W,OL3666740M
sarah,"Sidesaddle (Saddle Club, #88)",Bonnie Bryant,OL813156W,OL7828398M
sarah,"Horse-Sitters (Saddle Club, #53)",Bonnie Bryant,OL812987W,OL7828173M
sarah,"Stray Horse (Saddle Club, #100)",Bonnie Bryant,OL813190W,OL3666741M
sarah,"Horse Capades (Saddle Club, #64)",Bonnie Bryant,OL812951W,OL7828221M
sarah,"Horse Race (Saddle Club, #70)",Bonnie Bryant,OL812975W,OL7828227M
sarah,Lisa: The Inside Story (Saddle Club Inside Stories),Bonnie Bryant,OL15565602W,OL24518112M
sarah,"Wild Horses (Saddle Club, #58)",Bonnie Bryant,OL15549186W,OL24505363M
sarah,"Holiday Horse (Saddle Club, #72)",Bonnie Bryant,OL812947W,OL7828229M
sarah,"Show Jumper (Saddle Club, #87)",Bonnie Bryant,OL15566053W,OL24518563M
sarah,"Secret Horse (Saddle Club, #86)",Bonnie Bryant,OL813144W,OL7828396M
sarah,"Horse Feathers (Saddle Club, #98)",Bonnie Bryant,OL812956W,OL3668165M
sarah,"Best Friends (Saddle Club, #101)",Bonnie Bryant,OL812864W,OL3584475M
sarah,"Horseflies (Saddle Club, #78)",Bonnie Bryant,OL15545166W,OL24501333M
sarah,"Horse Tale (Saddle Club, #35)",Bonnie Bryant,OL812993W,OL7827987M
sarah,"Horse Whispers (Saddle Club, #74)",Bonnie Bryant,OL15558637W,OL24511877M
sarah,"Rocking Horse (Saddle Club, #77)",Bonnie Bryant,OL15545163W,OL24501330M
sarah,"Horse Guest (Saddle Club, #73)",Bonnie Bryant,OL15545165W,OL24501332M
sarah,"Pack Trip (Saddle Club, #18)",Bonnie Bryant,OL813048W,OL7819574M
sarah,"Chocolate Horse (Saddle Club, #32)",Bonnie Bryant,OL812874W,OL7828207M
sarah,"The Long Ride (Pine Hollow, #1)",Bonnie Bryant,OL813022W,OL7828477M
sarah,"Saddle Sore (Saddle Club, #66)",Bonnie Bryant,OL813105W,OL7828223M
sarah,"Fox Hunt (Saddle Club, #22)",Bonnie Bryant,OL812913W,OL7819618M
sarah,"Show Horse (Saddle Club, #25)",Bonnie Bryant,OL813258W,OL1159780M
sarah,"Hay Fever (Saddle Club, #34)",Bonnie Bryant,OL812933W,OL7827985M
sarah,"Hayride (Saddle Club, #31)",Bonnie Bryant,OL812935W,OL1168213M
sarah,"Horse Trouble (Saddle Club, #23)",Bonnie Bryant,OL813002W,OL7827895M
sarah,"Stage Coach (Saddle Club, #37)",Bonnie Bryant,OL813177W,OL7827990M
sarah,"Autumn Trail (Saddle Club, #30)",Bonnie Bryant,OL812860W,OL7827937M
sarah,"Horse Magic (Saddle Club, #47)",Bonnie Bryant,OL812968W,OL7828083M
sarah,"The Secret of the Stallion (Saddle Club Super Edition, #2)",Bonnie Bryant,OL15548833W,OL24505007M
sarah,"Ranch Hands (Saddle Club, #29)",Bonnie Bryant,OL813068W,OL7827936M
sarah,Discovery in Great Sand Dunes National Park (National Park Mystery #2),Aaron     Johnson,OL29188981W,OL40148145M
sarah,The Color of Magic (Discworld #1),Terry Pratchett,OL453657W,OL50706453M
sarah,"The Assassin's Blade (Throne of Glass, #0.1-0.5)",Sarah J. Maas,OL17546674W,OL39343070M
sarah,Not Good Neighbors,Violet Lumani,OL45152058W,
sarah,All We Hunger For,Anna Mercier,OL45867920W,OL62414744M
sarah,"Love on the Line (Kluvberg, 3)",C.W. Farnsworth,,
sarah,The Island Bakeshop (The Island Shop #2),Roseanna M. White,,
sarah,How to Find Love in the Cereal Aisle,Alissa DeRogatis,,
sarah,Little Lies,Helena Hunting,OL23516990W,
sarah,Play It Again,Georgia Clark,,
sarah,The Lonesome Bodybuilder,Yukiko Motoya,OL19763792W,OL26976794M
sarah,"Catch Her If You Can (Big Shots, #5)",Tessa Bailey,OL45394964W,
sarah,How to Read Water: Clues and Patterns from Puddles to the Sea,Tristan Gooley,OL20034087W,OL27214129M
sarah,"Nona the Ninth (The Locked Tomb, #3)",Tamsyn Muir,OL26426935W,OL36007803M
sarah,"Guilt-Edged Ivory (Ivory, #3)",Doris Egan,OL8479832W,OL8195870M
sarah,"The Assassin and the Underworld (Throne of Glass, #0.4)",Sarah J. Maas,OL19659489W,
sarah,Fundamentals of Being a Good Girl,Julie   Murphy,OL45966298W,
sarah,Let It Snow,Debbie Macomber,OL1911420W,
sarah,Violet Thistlewaite Is Not a Villain Anymore,Emily Krempholtz,OL44560456W,
sarah,The Amalfi Curse,Sarah Penner,OL42413211W,
sarah,Fall at Once,Nora Everly,OL39185369W,OL60854369M
sarah,"Love's a Witch (The Scottish Charms, #1)",Tricia O'Malley,OL42409914W,OL57783445M
sarah,"Power to Charm: Cozy Stories about a Witch, a Cottage, and Unexpected Friends",Carly Stevens,,
sarah,Secret Nights and Northern Lights,Megan  Oliver,OL44541900W,OL60823691M
sarah,Falling for Scotland,Kaitlin Collins,,
sarah,"The Baby Dragon Cafe (The Baby Dragon, #1)",Aamna Qureshi,OL44223055W,OL60455006M
sarah,Everything Is Tuberculosis: The History and Persistence of Our Deadliest Infection,John  Green,OL42401064W,OL57573182M
sarah,People Watching,Hannah Bonam-Young,OL42434247W,OL57578894M
sarah,The Seven Miracles of Beatrix Holland,Rachael Herron,OL42437766W,OL57589761M
sarah,"The Ornithologist's Field Guide to Love (Love's Academic, #1)",India Holton,OL37576963W,OL50734610M
sarah,"The Irresistible Urge to Fall for Your Enemy (Dearly Beloathed, #1)",Brigitte Knightley,OL42432130W,OL57576110M
sarah,Roll for Romance,Lenora Woods,OL42436833W,OL57582473M
sarah,"The Baby Dragon Bakery (The Baby Dragon, #2)",Aamna Qureshi,OL44223054W,OL60455004M
sarah,"First Flight, Final Fall",C.W. Farnsworth,OL30948154W,OL57568857M
sarah,"A Fellowship of Bakers & Magic (Adenashire, #1)",J. Penner,OL45967987W,
sarah,Battle of the Bookstores,Ali Brady,OL42429101W,OL57572230M
sarah,"Heated Rivalry (Game Changers, #2)",Rachel  Reid,OL25434351W,
sarah,Lu and Ren’s Guide to Geozoology,Angela Hsieh,OL42424672W,OL57565605M
sarah,"The Spellshop (Spellshop, #1)",Sarah Beth Durst,OL37576316W,OL50707134M
sarah,Creature: A Novel of Mary Shelley and Frankenstein,Amy Weldon,OL42549445W,OL57757652M
sarah,Only Lovers in the Building,Nadine Gonzalez,,
sarah,"Dungeon Crawler Carl (Dungeon Crawler Carl, #1)",Matt Dinniman,OL24593432W,OL51810161M
sarah,Water Moon,Samantha Sotto Yambao,OL42410303W,OL57570688M
sarah,Hammajang Luck,Makana Yamamoto,OL37577889W,OL60413854M
sarah,"Rewitched (Selcouth, #1)",Lucy Jane Wood,OL37927491W,OL51642094M
sarah,Her Knight at the Museum,Bryn Donovan,OL38038284W,OL51625917M
sarah,"The House in the Cerulean Sea (Cerulean Chronicles, #1)",T.J. Klune,OL20656224W,OL50762725M
sarah,Swamp Story: A Novel,Dave Barry,OL37935354W,OL51336390M
sarah,The Scarred: An Epic Fantasy Series (Song of the Ellydian),C.K. Rieke,,
sarah,"Lore Olympus: Volume Seven (Lore Olympus, #7)",Rachel  Smythe,OL44895573W,OL51107261M
sarah,Lei and the Fire Goddess (Lei and the Legends),Malia Maunakea,OL29177668W,OL50721846M
sarah,Bride,Ali Hazelwood,OL37588041W,OL50721329M
sarah,The Alternatives,Caoilinn Hughes,OL37732413W,OL51105975M
sarah,"Lore Olympus: Volume Six (Lore Olympus, #6)",Rachel  Smythe,OL37588510W,OL61272140M
sarah,"The Kamogawa Food Detectives (Kamogawa Food Detectives, #1)",Hisashi Kashiwai,OL35717537W,OL50713571M
sarah,Call Us What We Carry: Poems,Amanda Gorman,OL25452158W,OL50721602M
sarah,The Comfort of Crows: A Backyard Year,Margaret Renkl,OL35744478W,OL48230518M
sarah,The Keeper of Stars,Buck Turner,OL45346190W,
sarah,Till There Was You,Lindsay Hameroff,OL37575226W,OL50635345M
sarah,The Wall of Winnipeg and Me,Mariana Zapata,OL20900214W,OL42989601M
sarah,Cleat Cute,Meryl Wilsner,OL28627678W,OL46179127M
sarah,The Reunion,Kayla Olson,OL37535253W,OL50560978M
sarah,"Lore Olympus: Volume Five (Lore Olympus, #5)",Rachel  Smythe,OL44902136W,OL46617941M
sarah,The Anthropocene Reviewed: Essays on a Human-Centered Planet,John  Green,OL22425473W,OL46676087M
sarah,How to Be an Antiracist (One World Essentials),Ibram X. Kendi,OL20086330W,OL42715690M
sarah,Same Time Next Summer,Annabel Monaghan,OL29221668W,OL40194320M
sarah,"Fractal Noise (Fractalverse, #0)",Christopher Paolini,OL29191055W,OL40150925M
sarah,A Love Catastrophe,Helena Hunting,OL31165697W,OL42809281M
sarah,"Love & Other Disasters (Nashville Love, #1)",Anita Kelly,OL44114925W,OL60334074M
sarah,"Off the Map (Beck Sisters, #3)",Trish Doller,OL27893031W,OL38122239M
sarah,This Is Your Mind on Plants,Michael Pollan,OL23527042W,OL37862442M
sarah,"Secretly Yours (A Vine Mess, #1)",Tessa Bailey,OL28020945W,OL38425153M
sarah,"Lore Olympus: Volume Four (Lore Olympus, #4)",Rachel  Smythe,OL34339182W,OL39663661M
sarah,The Holiday Swap,Maggie Knox,OL44153486W,OL60376484M
sarah,A Flicker in the Dark,Stacy Willingham,OL24592608W,OL36664539M
sarah,"Lore Olympus: Volume Three (Lore Olympus, #3)",Rachel  Smythe,OL45957478W,OL37579621M
sarah,Sparrows in the Wind,Gail Carson Levine,OL27673372W,OL37732445M
sarah,"The Viscount Who Loved Me (Bridgertons, #2)",Julia Quinn,OL8464993W,OL36054912M
sarah,"The Ex Hex (The Ex Hex, #1)",Erin Sterling,OL26139645W,OL35281903M
sarah,"Portrait of a Scotsman (A League of Extraordinary Women, #3)",Evie Dunmore,OL24558978W,
sarah,Poems for Nighttime (Signature Select Classics),Various,OL27736267W,OL37864080M
sarah,Maggie Moves On,Lucy Score,OL26602238W,OL36023226M
sarah,The Boy With the Bookstore,Sarah Echavarre Smith,OL27139704W,OL36842218M
sarah,The Wizard of Oz (RSC),L. Frank Baum,OL24372071W,OL32274284M
sarah,Solutions and Other Problems,Allie Brosh,OL20856148W,OL31934747M
sarah,"The Dating Plan (Marriage Game, #2)",Sara Desai,OL24233836W,OL32045007M
sarah,The Awakened Brain: The New Science of Spirituality and Our Quest for an Inspired Life,Lisa   Miller,OL25464818W,OL34148330M
sarah,"Lore Olympus: Volume One (Lore Olympus, #1)",Rachel  Smythe,OL24219093W,OL32164189M
sarah,"Lore Olympus: Volume Two (Lore Olympus, #2)",Rachel  Smythe,OL25334733W,OL34191942M
sarah,"The Wisteria Society of Lady Scoundrels (Dangerous Damsels, #1)",India Holton,OL24545788W,OL32538336M
sarah,Into the Woods,Stephen Sondheim,OL1867317W,OL2186377M
sarah,The Miracle of Castel di Sangro: A Tale of Passion and Folly in the Heart of Italy,Joe McGinniss,OL3928916W,OL8064411M
sarah,"Outlander (Outlander, #1)",Diana Gabaldon,OL3261155W,OL20130983M
sarah,The Everglades: River of Grass,Marjory Stoneman Douglas,OL1911680W,OL656506M
sarah,The Power of One,Bryce Courtenay,OL22064769W,OL30106719M
sarah,The Legend Begins,Isobelle Carmody,OL59414W,OL3418205M
sarah,Jurassic Park,Michael Crichton,OL46881W,OL10685635M
sarah,Joan of Arc,Patrice Selene,OL2825573W,OL737604M
sarah,"Dune (Dune, #1)",Frank Herbert,OL893414W,OL22597282M
sarah,Tweet Cute,Emma    Lord,OL20641099W,OL28203229M
sarah,"A Rogue of One's Own (A League of Extraordinary Women, #2)",Evie Dunmore,OL28959288W,OL39818259M
sarah,"Float Plan (Beck Sisters, #1)",Trish Doller,OL20866288W,OL28254457M
sarah,Call Us What We Carry,Amanda Gorman,OL24152993W,OL31875314M
sarah,The Clan of the Cave Bear,Jean M. Auel,OL2746369W,OL24934866M
sarah,Second First Impressions,Sally  Thorne,OL21875593W,OL29829189M
sarah,When Stars Are Scattered,Omar Mohamed,OL20757578W,OL28088318M
sarah,"Written in the Stars (Written in the Stars, #1)",Alexandria Bellefleur,OL21883446W,OL29873065M
sarah,This Time Next Year,Sophie Cousens,OL21679570W,OL30194042M
sarah,"Before the Coffee Gets Cold (Before the Coffee Gets Cold, #1)",Toshikazu Kawaguchi,OL20019347W,OL28303994M
sarah,"Wishes and Wellingtons (Wishes and Wellingtons, #1)",Julie Berry,OL21888837W,OL29851698M
sarah,Bringing Down the Duke,Evie Dunmore,OL31974670W,OL43691375M
sarah,Flying Over Water,Shannon Hitchcock,OL20761572W,OL28095083M
sarah,"Hawaiki Rising: Hōkūle‘a, Nainoa Thompson, and the Hawaiian Renaissance",Sam Low,OL21352396W,OL28921511M
sarah,Hula for the Home Front (American Girl: Nanea #2),Kirby Larson,OL21334410W,OL28895844M
sarah,"Love, Unscripted",Owen Nicholls,OL20644862W,
sarah,Love Sold Separately,Ellen Meister,OL21360388W,OL28933647M
sarah,Where To Begin: A Small Book About Your Power to Create Big Change in Our Crazy World,Cleo Wade,,
sarah,Florida,Lauren Groff,OL19748408W,OL27329234M
sarah,I Can Make This Promise: A Heartfelt Story about Family Secrets and Native American Identity for Children (Ages 8-12),Christine  Day,OL20901410W,OL28310885M
sarah,Chula the Fox,Anthony  Perry,OL26423610W,
sarah,"Not the Girl You Marry (The Nolans, #1)",Andie J. Christopher,OL20453751W,OL27678505M
sarah,Arches Enemy (National Park Mystery #5),Scott Graham,OL21332435W,OL28893318M
sarah,"Tears of the Giraffe (No. 1 Ladies' Detective Agency, #2)",Alexander McCall Smith,OL2435463W,OL3558203M
sarah,The Future of Humanity,Michio Kaku,OL19730256W,OL27875959M
sarah,Yosemite Fall (National Park Mystery #4),Scott Graham,OL20546227W,OL27789039M
sarah,Nikki on the Line,Barbara Carroll Roberts,OL20159051W,OL27340155M
sarah,Ronan Boyle and the Bridge of Riddles (Ronan Boyle #1),Thomas Lennon,OL20157522W,OL27338324M
sarah,"The Double-Edged Sword (The Nowhere Chronicles, #1)",Sarah Pinborough,OL21539283W,OL29217006M
sarah,"Carry On (Simon Snow, #1)",Rainbow Rowell,OL17339151W,OL27096931M
sarah,Your Happiest You: The Care & Keeping of Your Mind and Spirit (American Girl® Wellbeing),Judy Woodburn,OL24316066W,OL32175419M
sarah,Hula for the Home Front (American Girl: Nanea #2),Kirby Larson,OL17877541W,OL26457895M
sarah,Pearl Harbor (American Girl: Real Stories From My Time) (4),Jennifer Swanson,OL19746125W,OL26959188M
sarah,Baker's Magic,Diane Zahler,OL20022736W,OL27202794M
sarah,"Yellowstone Standoff (National Park Mystery, #3)",Scott Graham,OL20029505W,OL27209555M
sarah,Lemons,Melissa Savage,OL20055313W,OL27235328M
sarah,Rhythms of Change in Rocky Mountain National Park,Ellen Wohl,OL21826014W,OL51035646M
sarah,"Daring Greatly: How the Courage to Be Vulnerable Transforms the Way We Live, Love, Parent, and Lead",Brené Brown,OL16664399W,OL26630004M
sarah,A Whole New World,Liz Braswell,OL19764439W,OL26977439M
sarah,Level Up Your Life: How to Unlock Adventure and Happiness by Becoming the Hero of Your Own Story,Steve Kamb,OL20022023W,OL27202080M
sarah,Grayling's Song,Karen Cushman,OL20028782W,OL27208833M
sarah,Twilight / Life and Death (The Twilight Saga),Stephenie Meyer,OL21816781W,OL27194694M
sarah,Starry Night,Isabel Gillies,OL20686978W,OL27971566M
sarah,The Rosie Effect,Graeme Simsion,OL19988972W,OL32237316M
sarah,"Royal Wedding (The Princess Diaries, #11)",Meg Cabot,OL20002424W,OL27182523M
sarah,"Pax (Pax, #1)",Sara Pennypacker,OL17364508W,OL25943110M
sarah,"The Whispering Trees (The Thickety, #2)",J.A. White,OL19323692W,OL26782123M
sarah,"Mountain Rampage (National Park Mystery, #2)",Scott Graham,OL20004101W,OL27184195M
sarah,"Across a Star-Swept Sea (For Darkness Shows the Stars, #2)",Diana Peterfreund,OL17573816W,OL37403640M
sarah,Braiding Sweetgrass,Robin Wall Kimmerer,OL16819897W,OL26434282M
sarah,On Such a Full Sea,Chang-rae Lee,OL20090698W,OL27270731M
sarah,S.,J.J. Abrams,OL19970515W,OL27150711M
sarah,"The Order of the Unicorn (The Imaginary Veterinary, #4)",Suzanne Selfors,OL20670138W,OL27950494M
sarah,One Year in Coal Harbor (Coal Harbour #2),Polly Horvath,OL16151893W,OL25032633M
sarah,Who Could That Be At This Hour? (All The Wrong Questions #1),Lemony Snicket,OL16657332W,OL27278092M
sarah,"The Pirate's Wish (The Assassin's Curse, #2)",Cassandra Rose Clarke,OL19967078W,OL27147288M
sarah,Gratitude Works!: A 21-Day Program for Creating Emotional Prosperity,Robert A. Emmons,OL21048017W,OL28492611M
sarah,99 Things to Do When You Have the Time,M.H. Clark,OL24246516W,OL32075021M
sarah,Bringing Nature Home: How You Can Sustain Wildlife with Native Plants,Douglas W. Tallamy,OL9571688W,OL22695927M
sarah,"Jurassic Park (Jurassic Park, #1)",Michael Crichton,OL46881W,OL33897070M
sarah,Squirrel Seeks Chipmunk: A Modest Bestiary,David Sedaris,OL15385715W,OL29600696M
sarah,"Aloha, Kanani",Lisa Yee,OL17302016W,OL25875145M
sarah,Flourish: A Visionary New Understanding of Happiness and Well-being,Martin E.P. Seligman,OL19664526W,OL26883658M
sarah,Spark: The Revolutionary New Science of Exercise and the Brain,John J. Ratey,OL21732406W,OL29573926M
sarah,"Endurance Ride (Saddle Club, #69)",Bonnie Bryant,OL15548860W,OL24505034M
sarah,The Girl With the Dragon Tattoo (Millennium #1),Stieg Larsson,OL5784622W,OL28124656M
sarah,"The Mystery at Dracula's Castle: Transylvania, Romania (Around the World in 80 Mysteries (Paperback))",Carole Marsh,OL17400642W,OL25981610M
sarah,Scones and Sensibility,Lindsay Eland,OL18806672W,OL24001610M
sarah,Bringing Down the House: The Inside Story of Six M.I.T. Students Who Took Vegas for Millions,Ben Mezrich,OL15134927W,OL24202327M
sarah,The Mystery in the Amazon Rainforest: South America (Around the World in 80 Mysteries (Paperback)),Carole Marsh,OL3250618W,OL7624735M
sarah,The Mystery at Kill Devil Hills,Carole Marsh,OL3250615W,OL7624429M
sarah,A Spell for Chameleon (Xanth #1),Piers Anthony,OL80870W,OL3388682M
sarah,"The Wright Three (Chasing Vermeer, #2)",Blue Balliett,OL24309231W,
sarah,The Invisible Life of Addie LaRue,V.E. Schwab,OL20796936W,OL28151758M
sarah,"Throne of Glass (Throne of Glass #0.1–0.5, 1–7)",Sarah J. Maas,OL16607146W,
sarah,Honey Bee Mine,Sarah T. Dubb,,
sarah,How To Try Again: The No-Guilt Guide to Making Changes That Stick,Steve Kamb,,
sarah,How to Try Again: An Approachable Guide to Navigating Chaos and Making Change THAT STICKS,Steve Kamb,,
sarah,"Rolls and Rivalry (Gaming and Romance, #3)",Kristy Boyce,,
sarah,If You Were Here,Abigail   Johnson,,
sarah,Not that Kind of Proposal,Victoria Lavine,,
sarah,"Yes, Chef",Grace Reilly,,
sarah,Great Big Beautiful Life,Emily Henry,OL42394587W,
sarah,"Fire and Ice (Boston Bobcats, #2)",Carly Robyn,,
sarah,Paws for Connection (Pages and Paws Book 1),Jeanine Lauren,,
sarah,The Roommate Rule,Georgia  Stone,,
sarah,Something Selfish (Sterling Springs Book 1),Dakota Forest,,
sarah,Golden Hour,Stephanie  Blackburn,,
sarah,"Flow (The New Bradfords, #3)",Tia Louise,,
sarah,Good at Being Alive,Elizabeth O'Roark,,
sarah,Scandal of the Summer,Alexandra Vasti,OL45911531W,
sarah,Evening the Score,Lexi LaFleur Brown,OL44700698W,OL61046530M
sarah,To Vex & To Hex,Neena Noon,,
sarah,You Jump First,Myah Ariel,,
sarah,Annie Knows Everything,Rachel Wood,OL45977230W,OL62543703M
sarah,"Lost and Found (Spunes, OR, #3)",Tarah DeWitt,OL45868557W,
sarah,"Queen of Faces (Queen of Faces, #1)",Petra Lord,OL44636160W,OL60971841M
sarah,Deep End,Ali Hazelwood,OL42413995W,
sarah,Meet Me Under the Northern Lights,Emily  Kerr,OL25337267W,OL33943343M
sarah,Let the Games Begin,Rufaro Faith Mazarura,OL37577640W,OL50727243M
sarah,The Surfer (Surfer Town #1),Rebecca Castle,OL27291203W,
sarah,"The Summer We Fell (The Summer, #1)",Elizabeth O'Roark,OL37579216W,
sarah,Beyond the Break (Saltwater Springs #1),Tanisha Headley,,
sarah,"The Tides Between Us (Orchid City, #3)",Cali Melle,OL36865866W,
sarah,On a Flight to Sydney (Love Along the Way #1),J.A.  Forde,,
sarah,For Butter or for Worse (Sweet Coastal Kisses),Dana LeCheminant,,
sarah,Heathen & Honeysuckle,Sarah A. Bailey,OL42450894W,OL57603411M
sarah,"Ripple Effect (Coastal University, #3)",Ki Stephens,OL37760450W,
sarah,Polo Fever,Katherine  Reilly,,
sarah,"Kingdom of Ash (Throne of Glass, #7)",Sarah J. Maas,OL19352982W,OL39419296M
sarah,"Tower of Dawn (Throne of Glass, #6)",Sarah J. Maas,OL17791167W,OL39453648M
sarah,"Empire of Storms (Throne of Glass, #5)",Sarah J. Maas,OL17625829W,OL39442305M
sarah,"Crown of Midnight (Throne of Glass, #2)",Sarah J. Maas,OL16809980W,OL39419295M
sarah,"The Assassin and the Desert (Throne of Glass, #0.3)",Sarah J. Maas,OL34535481W,
sarah,"The Assassin and the Healer (Throne of Glass, #0.2)",Sarah J. Maas,OL34535496W,
sarah,"The Assassin and the Pirate Lord (Throne of Glass, #0.1)",Sarah J. Maas,OL30078252W,
sarah,"Throne of Glass (Throne of Glass, #1)",Sarah J. Maas,OL16607146W,OL39430939M
sarah,Tinkering with Love (Rock Falls #1),Aliyah Burke,OL28102807W,OL38463899M
sarah,Written by a Woman (Sun Steer Tech #1),Andrea   Andersen,OL38378966W,
sarah,How to Hide an Empire: A History of the Greater United States,Daniel Immerwahr,OL20644890W,OL28038958M
sarah,Harbingers of Death: The Complete Series,LeAnn Mason,,
sarah,Hope Drowned: a unique and mysterious YA Disaster Dystopian (Deadly Earth),L.B. Carter,,
sarah,Chopped,L.B. Carter,,
sarah,Bloodsport,C.L. Cannon,OL26593057W,OL36005554M
sarah,From the Deep,C.L. Cannon,OL25958313W,OL35035578M
sarah,Loan Soul Series Books 1-4 (Loan Soul),L.B. Carter,,
sarah,"Night Stalker (Branwyn Blood: The Exiled Fae of Texas, #0.5)",L.B. Carter,,
sarah,"Shadow Keeper (Branwyn Blood: The Exiled Fae of Texas, #2)",L.B. Carter,,
sarah,"The Quick Dead Fox (Loan Soul, #0.5)",L.B. Carter,,
sarah,Deadly Earth Omnibus,L.B. Carter,,
sarah,Fish(y) out of Water,L.B. Carter,,
sarah,Love Deserted (Climatic Climacteric Trilogy #3),L.B. Carter,,
sarah,Trust Burned (Climatic Climacteric Trilogy #2),L.B. Carter,,
sarah,"Four Poor Souls (Loan Souls, #4)",L.B. Carter,,
sarah,"Shifters Cliff (The Fox and the Howl, #3)",L.B. Carter,,
sarah,"Three Broke Souls (Loan Soul, #3)",L.B. Carter,,
sarah,"Witches Bridge (The Fox and the Howl, #2)",L.B. Carter,,
sarah,"Body Snatcher (Branwyn Blood: The Exiled Fae of Texas, #1)",L.B. Carter,,
sarah,Hope Drowned (Climatic Climacteric Trilogy #1),L.B. Carter,,
sarah,"Two Sold Mates (Loan Soul, #2)",L.B. Carter,,
sarah,"Grave Notice (Harbingers of Death, #3)",L.B. Carter,,
sarah,"Fatal Sight (Harbingers of Death, #2)",L.B. Carter,,
sarah,"Wolves Wood (The Fox and the Howl, #1)",L.B. Carter,,
sarah,"One Loan Soul (Loan Soul, #1)",L.B. Carter,OL29244073W,
sarah,"Mortal Scream (Harbingers of Death, #1)",L.B. Carter,,
sarah,"Plot Twist (The Hollywood Series, #2)",Erin La Rosa,OL36464226W,
sarah,On Thin Ice,Olivia   Belle,,
sarah,Save the Date,Mallory Kass,OL45929604W,OL62488384M
sarah,Racing Hearts,Ann  Adams,,
sarah,"Onyx Storm (The Empyrean, #3)",Rebecca Yarros,OL41943074W,OL56973186M
sarah,Ride the Wave,Katherine  Reilly,OL42411873W,
sarah,"Anathema (The Eating Woods, #1)",Keri Lake,OL44556720W,
sarah,Project Hail Mary,Andy Weir,OL21745884W,OL34156823M
sarah,The Comfort of Crows: A Backyard Year,Margaret   Renkl,,
sarah,Resting Scrooge Face,Meghan Quinn,,
sarah,"Sweetest in the Gale (There's Something About Marysburg, #3)",Olivia Dade,OL24344416W,
sarah,"A Witch's Guide to Fake Dating a Demon (Glimmer Falls, #1)",Sarah Hawley,OL28356965W,OL38911809M
sarah,"The Whiteboard Daily Book of Cues: A Visual Guide to Efficient Movement for Coaches, Trainers, and Athletes",Karl Eagleman,,
sarah,Spark: The Revolutionary New Science of Exercise and the Brain,John J. Ratey,,
sarah,My Killer Vacation,Tessa Bailey,OL27739613W,
sarah,"The Body Keeps the Score: Brain, Mind, and Body in the Healing of Trauma",Bessel van der Kolk,,
sarah,Faker,Sarah        Smith,OL20320315W,OL27525900M
sarah,"Blindsided (Harris Brothers World, #2)",Amy Daws,OL22484609W,
sarah,"No Offense (Little Bridge Island, #2)",Meg Cabot,OL22159110W,OL30192931M
sarah,Second First Impressions,Sally  Thorne,OL21875593W,OL35964583M
sarah,Where the Deer and the Antelope Play: The Pastoral Observations of One Ignorant American Who Loves to Walk Outside,Nick Offerman,OL24477620W,OL33823316M
sarah,"The Sword of Summer (Magnus Chase and the Gods of Asgard, #1)",Rick Riordan,OL17181541W,OL25752732M
sarah,"The Ex Hex (The Ex Hex, #1)",Erin Sterling,OL25337394W,OL34023367M
sarah,"Crazy Rich Asians (Crazy Rich Asians, #1)",Kevin Kwan,OL17924837W,OL26644284M
sarah,Shipped,Angie Hockman,OL21933179W,OL29985283M
sarah,The Love That Split the World,Emily Henry,OL20020367W,
sarah,Untamed,Glennon Doyle,OL20652361W,OL27925867M
sarah,"The Knife of Never Letting Go (Chaos Walking, #1)",Patrick Ness,OL6073271W,OL26796235M
sarah,Love Your Life,Sophie Kinsella,OL20896546W,OL28304280M
sarah,"The Great Indoors: The Surprising Science of How Buildings Shape Our Behavior, Health, and Happiness",Emily Anthes,OL20809813W,OL28172011M
sarah,The 99% Invisible City: A Field Guide to the Hidden World of Everyday Design,Roman Mars,OL20753165W,OL29472209M
sarah,The Switch,Beth O'Leary,OL20742467W,
sarah,Money: The True Story of a Made-Up Thing,Jacob Goldstein,OL21891694W,OL29855625M
sarah,"The Wee Free Men (Discworld, #30; Tiffany Aching, #1)",Terry Pratchett,OL453748W,OL26651035M
sarah,Circe,Madeline Miller,OL18012166W,OL26591039M
sarah,Summer Days and Summer Nights: Twelve Love Stories,Stephanie Perkins,OL19720000W,OL27210961M
sarah,"Outlander (Outlander, #1)",Diana Gabaldon,OL3261155W,OL7520304M
sarah,The Military Guide to Financial Independence and Retirement,Doug Nordman,OL17415256W,OL25997263M
sarah,The Squat Bible: The Ultimate Guide to Mastering the Squat and Finding Your True Strength,Aaron Horschig,,
sarah,"Mind the Gap, Dash & Lily (Dash & Lily, #3)",Rachel Cohn,OL21706253W,OL29894932M
sarah,"The Twelve Days of Dash & Lily (Dash & Lily, #2)",Rachel Cohn,OL20039432W,OL27219467M
sarah,"Act Like It (London Celebrities, #1)",Lucy  Parker,OL20242093W,
sarah,Tweet Cute,Emma    Lord,OL20641099W,OL27904688M
sarah,"The Duke and I (Bridgertons, #1)",Julia Quinn,OL554620W,OL61393M
sarah,"When in Rome (When in Rome, #1)",Sarah       Adams,OL27412480W,
sarah,Laura's Lion,Rosie Meleady,OL34952010W,
sarah,"A Tempest of Tea (Blood and Tea, #1)",Hafsah Faizal,OL26694702W,
sarah,The Spare Room,Laura Starkey,,
sarah,Twelfth Knight,Alexene Farol Follmuth,OL37588538W,
sarah,Surrounded by Science: Learning Science in Informal Environments (STEM Education),National Research Council,OL15090786W,OL40377165M
sarah,How to Not Always Be Working: A Toolkit for Creativity and Radical Self-Care – A Workbook for Creating Sacred Space in a Connected World,Cody Cook-Parrott,OL20168332W,OL37279268M
sarah,"Getaway Girl (Girl, #1)",Tessa Bailey,OL20576165W,OL46398009M
sarah,"Legends & Lattes (Legends & Lattes, #1)",Travis Baldree,OL27591348W,
sarah,"Pucked Under (Pucked, #4.5)",Helena Hunting,OL37985223W,
sarah,The Marigold Mind Laundry,Yun Jung-eun,,
sarah,What You Are Looking for is in the Library,Michiko Aoyama,,
sarah,On Tyranny: Twenty Lessons from the Twentieth Century,Timothy Snyder,OL17710110W,OL26440726M
sarah,"The Ornithologist's Field Guide to Love (Love's Academic, #1)",India Holton,OL45774254W,
sarah,Want: Sexual Fantasies by Anonymous (Submitted by Anonymous),Gillian Anderson,,
sarah,Hate Mail,Donna  Marchetti,OL37563952W,
sarah,"Game On (Philadelphia Bulldogs, #6)",Danica Flynn,OL36483398W,OL49312637M
sarah,Science Matters: Achieving Scientific Literacy,Robert M. Hazen,,
sarah,Kilt Trip,Alexandra Kiley,OL37624656W,
sarah,"Beg, Borrow, or Steal (When in Rome, #3)",Sarah       Adams,OL42393190W,
sarah,Only a Rake Will Do,Christina Diane,,
sarah,Something Like Fate,Amy  Lea,,
sarah,So Into You,Kathleen Fuller,OL38049596W,
sarah,"The House in the Cerulean Sea (Cerulean Chronicles, #1)",T.J. Klune,OL20656224W,
sarah,Flirting with Disaster,Naina Kumar,OL42428199W,OL60884278M
sarah,Veiled in Stars and Silver,J. Ann Curtis,,
sarah,"He's Not My Type (The Vancouver Agitators, #4)",Meghan Quinn,OL36720755W,OL49592079M
sarah,An Overdue Match (Checking Out Love Book #1),Sarah Monzon,OL44544982W,OL60827672M
sarah,Scot and Bothered,Alexandra Kiley,OL42550868W,
sarah,Rules for Second Chances,Maggie  North,OL37620573W,
sarah,Hammajang Luck,Makana Yamamoto,OL37577889W,OL57760035M
sarah,Elements of Indigenous Style: A Guide for Writing By and About Indigenous Peoples,Gregory Younging,,
sarah,"Math Games with Bad Drawings: 75 1/4 Simple, Challenging, Go-Anywhere Games—And Why They Matter",Ben Orlin,,
sarah,My Hygge Home: How to Make Home Your Happy Place,Meik Wiking,OL27412801W,OL38942692M
sarah,"Long Live Evil (Time of Iron, #1)",Sarah Rees Brennan,OL37585362W,
sarah,Zomromcom (Supernatural Entanglements Book 1),Olivia Dade,OL43847340W,
sarah,"Enemies With Benefits (Loveless Brothers, #1)",Roxie Noir,OL23700739W,
sarah,The Lending Library,Aliza Fogelson,OL20758240W,
sarah,Two Can Play,Ali Hazelwood,OL44998429W,
sarah,Is a River Alive?,Robert Macfarlane,OL42398965W,
sarah,First Witches Club,Maisey Yates,,
sarah,Little Miss Petty,Sally Kilpatrick,,
sarah,"Kingdom of Waves (Kingdom of Waves, #1)",Melissa de la Cruz,,
sarah,"Hart's Landing (Hart's Landing, #1)",Melanie Harlow,OL45092439W,
sarah,Purple State,Dana Perino,OL45946204W,OL62507773M
sarah,"More than Friends (Pembroke Hills, #3)",Kat Singleton,OL45774564W,OL62305625M
sarah,Student Union (The Undergrads #1),Julie   Murphy,OL45882849W,OL62431772M
sarah,The Someday Garden,Ashley Poston,OL45346044W,
sarah,An Infinite Love Story,Chanel Cleeton,OL45745143W,
sarah,The Final Score,Lana Ferguson,OL45345425W,
sarah,"Lassoed Love (Silver Saddle Ranch, #2)",Ann Einerson,,
sarah,Wait With Me,Amy Daws,OL20978252W,
sarah,Rules for the Summer,Meghan Quinn,OL45591372W,
sarah,The Book Witch,Meg Shaffer,OL45112462W,OL61524761M
sarah,"Princeweaver (Land of the Wildest Skies, #1)",Elian J. Morgan,,
sarah,"Dungeon Crawler Carl (Dungeon Crawler Carl, #1)",Matt Dinniman,OL24593432W,
sarah,Algospeak: How Social Media Is Transforming the Future of Language,Adam Aleksic,,
sarah,Match Point,Katherine  Reilly,OL38016250W,
sarah,"The P*ssy Next Door (The Cocky Kingmans, #3)",Amy Award,OL39430070W,
sarah,"Iron Flame (The Empyrean, #2)",Rebecca Yarros,OL34028551W,
sarah,"Fundamentals of Being a Good Girl (Academic Affairs, #1)",Julie Murphy,,
sarah,"The Wild Card (Vancouver Storm, #5)",Stephanie  Archer,OL44943575W,
sarah,"Right Man, Right Time (The Vancouver Agitators, #3)",Meghan Quinn,OL34462245W,OL46745704M
sarah,"The Score (Off-Campus, #3)",Elle Kennedy,OL24141033W,
sarah,"The Hobbit, or There and Back Again",J.R.R. Tolkien,,
sarah,"Lovelight Farms (Lovelight, #1)",B.K. Borison,OL29236375W,
sarah,The Major's Welcome Home,Tessa Bailey,,
sarah,"Musical Games (Kinloch, #4)",Evie Alexander,,
sarah,A Merry Little Meet Cute,Julie   Murphy,OL27039175W,OL37337241M
sarah,Year of No Clutter,Eve O. Schaub,OL20052320W,
sarah,"Lost and Found (Sanctuary, #1)",Katharine  Sadler,,
sarah,"Pitcher Perfect (Big Shots, #4)",Tessa Bailey,OL42413271W,OL57546647M
sarah,"Christmas Games (Kinloch series, #6)",Evie Alexander,,
sarah,"Wedding Games (Kinloch, #5)",Evie Alexander,OL34955153W,
sarah,"Kissing Games (Kinloch, #3)",Evie Alexander,,
sarah,"Hollywood Games (Kinloch, #2)",Evie Alexander,OL28173028W,
sarah,"Highland Games (Kinloch, #1)",Evie Alexander,OL27710133W,
sarah,Out of the Woods,Hannah Bonam-Young,OL42538613W,
sarah,"Bad for Business (Pembroke Hills, #2)",Kat Singleton,OL45774562W,OL62305623M
sarah,These Violet Delights,Madeleine Roux,OL44586694W,OL60900693M
sarah,Half-Light Harbor (Scottish Isles #1),Samantha Young,,
sarah,Time for You,Elizabeth     Davis,,
sarah,There's Always Next Year,Leah  Johnson,OL42553525W,OL60887272M
sarah,"In Your Dreams (When in Rome, #4)",Sarah       Adams,OL44560958W,OL60893538M
sarah,Cross Your Heart and Hope He Dies,Jenny Elder Moke,,
sarah,The Mating Game,Lana Ferguson,OL44545604W,OL61018039M
sarah,"Get Over It, April Evans (Clover Lake, #2)",Ashley Herring Blake,OL45989924W,OL62557956M
sarah,Both Things Are True,Kathleen  Barber,,
sarah,"The Marriage Method (The Crinoline Academy, #2)",Mimi Matthews,OL44549209W,OL60834050M
sarah,The Holiday Hookup List,Alexis Daria,OL44546055W,
sarah,Dancing in the Dark (TV 24 #2),Helene Holmström,OL44578745W,
sarah,"A Million Times, Yes (The Billionaires of Boston)",Marni Mann,OL44558039W,
sarah,"Homecoming King (Three Kings, #1)",Penny Reid,OL26432961W,OL35711031M
sarah,Playing for Possession (Playing the Field #5),Sasha Lace,OL44542542W,
sarah,The Eight Heartbreaks of Hanukkah,Jean Meltzer,OL42450549W,OL57613585M
sarah,Dirty Laundry,April  Seymour,,
sarah,"Undeniably Corrupt (Boston's Irresistible Billionaires, #7)",J. Saman,,
sarah,Formula Dreams (Race Fever #4),Sawyer Bennett,,
sarah,"Burning Daylight (Defying the Stars, #1)",Emily McIntire,OL45734224W,OL62259129M
sarah,My Favorite Hero (My Favorite #3),Melanie Moreland,OL39133209W,
sarah,Julia Song Is Undateable,Susan  Lee,OL42457546W,OL57613228M
sarah,Fresh Tracks (On the Slopes #3),Dakota Forest,,
sarah,"Seven Year Itch (Mountain Men Matchmaker, #2)",Amy Daws,,
sarah,Romance Is Dead,Katie Bohn,OL42414348W,OL57548499M
sarah,Last on the List (Wait With Me #5),Amy Daws,OL27953223W,OL57601554M
sarah,Birding with Benefits,Sarah T. Dubb,OL37627522W,
sarah,"First-Time Caller (Heartstrings, #1)",B.K. Borison,OL42397881W,
sarah,"Harrow the Ninth (The Locked Tomb, #2)",Tamsyn Muir,OL20723256W,
sarah,"Gloves Off (Vancouver Storm, #4)",Stephanie  Archer,OL42546516W,
sarah,"Spiral (Off the Ice, #2)",Bal Khabra,OL42419034W,
sarah,Not Safe for Work,Nisha J. Tuli,OL42408007W,
sarah,Fan Service,Rosie Danan,OL42397890W,OL57717085M
sarah,"The Dark Is Rising (The Dark Is Rising, #2)",Susan Cooper,OL894245W,
sarah,Temple of Swoon,Jo Segura,OL45024053W,
sarah,"Dream Girl Drama (Big Shots, #3)",Tessa Bailey,OL42398312W,OL57523038M
sarah,"The Wiener Across the Way (The Cocky Kingmans, #2)",Amy Award,OL37877958W,
sarah,"Give Me Butterflies (Oaks Sisters, #1)",Jillian Meadows,OL36159916W,OL51580255M
sarah,Second Tide's the Charm,Chandra Blumberg,OL37862139W,
sarah,This Spells Love,Kate Robb,OL34370746W,
sarah,Prime Time Romance,Kate Robb,OL37826496W,
sarah,Summer at the Scottish Castle,Rachel Bowdler,OL39215271W,
sarah,Shagged in the Bookshop (All For One and One For All #7),Cornelia Quick,,
sarah,Kindling,Bonnie Woods,OL38011396W,OL51585550M
sarah,"The C*ck Down the Block (The Cocky Kingmans, #1)",Amy Award,OL36858905W,
sarah,The Anthropocene Reviewed: Essays on a Human-Centered Planet,John  Green,OL22425473W,OL30515494M
sarah,Cruel Winter with You,Ali Hazelwood,OL44660279W,OL60999701M
sarah,Close Knit (The Hastings #1),Kels Stone,OL39211555W,
sarah,Wolf and Iron,Gordon R. Dickson,OL20103960W,OL9535327M
sarah,The Heartbreak Rule,Stephanie  Archer,OL28761200W,
sarah,"Haunted Ever After (Boneyard Key, #1)",Jen DeLuca,OL37937525W,OL51339689M
sarah,The Librarians of Lisbon,Suzanne   Nelson,OL42423285W,
sarah,Only for the Week,Natasha Bishop,OL35835564W,OL56900834M
sarah,"If I Told You, I'd Have to Kiss You",Mae Marvel,OL42429440W,OL57572785M
sarah,Back After This,Linda  Holmes,OL42425464W,OL57571280M
sarah,Flirty Dancing,Jennifer Moffatt,OL42427686W,OL62507734M
sarah,The Ripple Effect,Maggie  North,,
sarah,Paging Dr. Hart,Melissa Dymond,,
sarah,"Meet Me at Midnight (Midnight, #1)",Max Monroe,,
sarah,Finn Rhodes Forever (The Queen's Cove #4),Stephanie  Archer,OL37828475W,
sarah,"In Your Dreams, Holden Rhodes (Queen's Cove #3)",Stephanie  Archer,OL35144640W,
sarah,"The Wrong Mr. Right (Queen's Cove, #2)",Stephanie  Archer,OL28263938W,
sarah,"That Kind of Guy (Queen's Cove, #1)",Stephanie  Archer,OL28965033W,
sarah,"Teach Me (There's Something About Marysburg, #1)",Olivia Dade,OL20926349W,
sarah,"The Heart Principle (The Kiss Quotient, #3)",Helen  Hoang,OL20906885W,OL35980805M
sarah,The Catch (Influencer #3),Amy  Lea,,
sarah,Exes and O's (The Influencer #2),Amy  Lea,OL27893900W,
sarah,"Under One Roof (The STEMinist Novellas, #1)",Ali Hazelwood,OL37914515W,OL51234430M
sarah,"Ship Wrecked (Spoiler Alert, #3)",Olivia Dade,OL27091824W,OL38325677M
sarah,Scandalized,Lauren Billings,OL45941671W,
sarah,Love on the Brain,Ali Hazelwood,OL26350090W,OL39643885M
sarah,The Love Hypothesis,Ali Hazelwood,OL24178205W,OL31917995M
sarah,"A Lot Like Adiós (Primas of Power, #2)",Alexis Daria,OL25482970W,OL34178256M
sarah,"Neon Gods (Dark Olympus, #1)",Katee Robert,OL24514935W,OL32745272M
sarah,"First Comes Like (Modern Love, #3)",Alisha Rai,OL21937326W,OL29919436M
sarah,"Handle With Care (Shacking Up, #5)",Helena Hunting,OL20919842W,OL28341739M
sarah,I Owe You One,Sophie Kinsella,OL20797718W,
sarah,Atomic Habits: An Easy & Proven Way to Build Good Habits & Break Bad Ones,James Clear,,
sarah,Josh and Hazel's Guide to Not Dating,Christina Lauren,OL19754915W,OL26967952M
sarah,The Flatshare,Beth O'Leary,OL20664315W,OL28696957M
sarah,One Day in December,Josie Silver,OL19762562W,
sarah,"Barbarian's Touch (Ice Planet Barbarians, #7)",Ruby Dixon,OL27033426W,
sarah,"Barbarian's Prize (Ice Planet Barbarians, #5)",Ruby Dixon,OL27730177W,
sarah,I've Got Your Number,Sophie Kinsella,OL16117201W,OL25004908M
sarah,"Dash & Lily's Book of Dares (Dash & Lily, #1)",Rachel Cohn,OL15082839W,OL24053346M
sarah,Can You Keep a Secret?,Sophie Kinsella,OL5730765W,OL22651594M
sarah,Stellaluna,Janell Cannon,OL86707W,
sarah,An Abundance of Katherines,John  Green,OL2130549W,OL7770469M
sarah,The Undomestic Goddess,Sophie Kinsella,OL5730754W,
sarah,"The Wingman (Vancouver Storm, #3)",Stephanie  Archer,OL38120720W,
sarah,"Dirty Diana (Dirty Diana, #1)",Jen Besser,OL38028904W,OL51611516M
sarah,"Zoe Brennan, First Crush",Laura Piper Lee,OL42419030W,OL57557276M
sarah,Kissing Toads,Danissa Wilson,,
sarah,"Playing the Game (Playing the Field, #1)",Sasha Lace,OL38045194W,
sarah,"Playing to Score (Playing the Field, #2)",Sasha Lace,OL38396774W,
sarah,"Playing for Keeps (Playing the Field, #3)",Sasha Lace,OL38387553W,
sarah,"Playing to Win (Playing the Field, #4)",Sasha Lace,OL38380176W,
sarah,My Best Friend's Honeymoon,Meryl Wilsner,OL42425115W,OL58057055M
sarah,"If You Need Me (Toronto Terror, #3)",Helena Hunting,OL39212987W,
sarah,Crash Landing,Annie McQuaid,OL45337713W,OL61794219M
sarah,The Mr. Right Checklist,Melissa Foster,,
sarah,Variation,Rebecca Yarros,OL38656017W,
sarah,"The Wild Robot (The Wild Robot, #1)",Peter  Brown,OL17365087W,
sarah,"The Fake Out (Vancouver Storm, #2)",Stephanie  Archer,OL37828321W,
sarah,"Behind the Net (Vancouver Storm, #1)",Stephanie  Archer,OL37836684W,
sarah,"I Do with You (Maple Creek, #1)",Lauren Landish,OL38654911W,
sarah,"House of Flame and Shadow (Crescent City, #3)",Sarah J. Maas,OL34780775W,OL47131784M
sarah,"The Heartbreakers (The Heartbreak Chronicles, #1)",Ali Novak,OL19664515W,OL51635743M
sarah,Summer in the City,Alex Aster,OL42407017W,
sarah,"Forever Pucked (Pucked, #4)",Helena Hunting,OL24603587W,
sarah,Miranda in Retrograde,Lauren Layne,OL37613399W,OL51101217M
sarah,"The Temporary Roomie (It Happened in Nashville, #2)",Sarah       Adams,OL30748919W,
sarah,"Pucking Sweet (Jacksonville Rays, #3)",Emily Rath,OL37855339W,OL51093101M
sarah,Spring Fling,Annie England Noblin,OL42410869W,
sarah,Ready to Score,Jodie Slaughter,OL42549961W,
sarah,"A Queen's Game (A Queen's Duet, #1)",Katharine McGee,OL37873939W,OL51123302M
sarah,The Party Line,Carolyn Brown,,
sarah,"My Darling Jane (The Darlings, #2)",Ilsa Madden-Mills,OL38399839W,
sarah,Best Hex Ever,Nadia El-Fassi,OL37829756W,OL51104662M
sarah,"Book of the Month (Outer Banks, #1)",Jennifer Probst,OL38674159W,OL52649932M
sarah,"Lost and Lassoed (Rebel Blue Ranch, #3)",Lyla Sage,OL37828934W,
sarah,"Playing Hard to Get (The Players, #1)",Monica  Murphy,OL34054711W,OL52212029M
sarah,"Forbidden Games (Make Me Volume, #2)",Katee Robert,OL42416949W,
sarah,Holiday Star,Melissa Dymond,,
sarah,"Pucked Over (Pucked, #3)",Helena Hunting,OL22441363W,
sarah,"Pucked Up (Pucked, #2)",Helena Hunting,OL24603585W,
sarah,"Pucked (Pucked, #1)",Helena Hunting,OL20978235W,
sarah,Recursion,Blake Crouch,OL20073906W,
sarah,"The Au Pair Affair (Big Shots, #2)",Tessa Bailey,OL37565819W,OL50621824M
sarah,"Honestly, I'm Totally Faking It",Amanda Gambill,OL31019170W,
sarah,Fool Them Once,Kyra Parsi,,
sarah,In Love And War,Kyra Parsi,,
sarah,"A Deal with the Bossy Devil (Bad Billionaire Bosses, #1)",Kyra Parsi,,
sarah,"Failure to Match (Bad Billionaire Bosses, #2)",Kyra Parsi,,
sarah,"It Ends with Us (It Ends with Us, #1)",Colleen Hoover,OL18020194W,
sarah,Plot Twist,Carmen Sereno,OL37629397W,
sarah,She Doesn't Have a Clue,Jenny Elder Moke,OL45898416W,OL62449659M
sarah,A Five-Letter Word for Love,Amy     James,OL38010865W,OL51621388M
sarah,Settle the Score,Kris Ripper,OL37866669W,
sarah,The Player's Club (Bad Boys Club),Fallon Greer,OL38662771W,
sarah,Bananapants,Penny Reid,OL37978549W,OL51422979M
sarah,The Rocker's Muse,Penelope Ward,OL39177055W,OL53342858M
sarah,"Blood of Hercules (Villains of Lore, #1)",Jasmine Mas,OL38674468W,
sarah,"Elizabeth of East Hampton (For the Love of Austen, #2)",Audrey Bellezza,OL37857352W,OL51109152M
sarah,Romancing on Jeju,Hyun-Joo Park,OL37708532W,
sarah,Degrees of Engagement,Jennifer  Hennessy,OL37576559W,OL50637392M
sarah,Klara and the Sun,Kazuo Ishiguro,OL20883297W,
sarah,"Too Hot to Handle (Romancing the Clarksons, #1)",Tessa Bailey,OL28346257W,OL40895181M
sarah,"Not in Love (Not in Love, #1)",Ali Hazelwood,OL37588709W,
sarah,"Secretly Yours (A Vine Mess, #1)",Tessa Bailey,OL28020945W,
sarah,Bonker Doesn't Die,Hank Green,,
sarah,Same Time Next Year,Tessa Bailey,OL45945918W,OL62507445M
sarah,At First Spite (Harlot's Bay #1),Olivia Dade,OL37619651W,
sarah,"Fangirl Down (Big Shots, #1)",Tessa Bailey,OL37585028W,
sarah,"SAMPLER ONLY: Catching Fire (The Hunger Games, #2)",Suzanne Collins,OL45968352W,
sarah,"The Midnight Library (The Midnight World, #1)",Matt Haig,OL20965973W,OL46542484M
sarah,Wreck the Halls,Tessa Bailey,OL34339160W,OL46572583M
sarah,The Neighbor Wager,Crystal Kaswell,OL37581858W,OL50646259M
sarah,The Adventures of Bubbie and Juju: Sharing Siblings,Maureen O'Hara,,
sarah,The Adventures of Juju and Bubbie: The Return of the Key (Bubbie and Juju Book 2),Maureen O'Hara,,
sarah,The Adventures of Bubbie and Juju : The Key's Lesson,Maureen O'Hara,,
sarah,"Love, Theoretically",Ali Hazelwood,OL28803485W,
sarah,Just Last Night,Mhairi McFarlane,OL24315483W,OL32173908M
sarah,The Wife App,Carolyn Mackler,OL31178430W,OL42831225M
sarah,The Unsinkable Greta James,Jennifer E. Smith,OL25802894W,OL46619990M
sarah,Will They or Won't They,Ava  Wilder,OL29054742W,OL40176221M
sarah,In Five Years,Rebecca Serle,OL22049427W,OL30080309M
sarah,Sea of Tranquility,Emily St. John Mandel,OL24731706W,OL38056706M
sarah,"A Traitor in Whitehall (Evelyne Redfern, #1)",Julia  Kelly,OL34082933W,OL46205140M
sarah,Twenty Poems to Bless Your Marriage: And One to Save It,Roger Housden,OL29184939W,OL40142893M
sarah,Good Fengshui: A Step-by-Step Guide to Creating Balance and Harmony in Your Home,Eva Wong,OL29187267W,OL40145869M
sarah,Sacred Strides: The Journey to Belovedness in Work and Rest,Justin McRoberts,OL28430581W,OL38939422M
sarah,The Seven Measures of the World,Piero Martin,OL29177208W,OL40133185M
sarah,Many Things Under a Rock: The Mysteries of Octopuses,David Scheel,OL29333097W,OL40327990M
sarah,Tumble,Adriana Hernández Bergstrom,OL28697221W,OL39386448M
sarah,Timelines of Nature: From Mountains and Glaciers to Mayflies and Marsupials,D.K. Publishing,OL29193215W,OL40153858M
sarah,"Italy on a Plate: Travels, Memories, Menus",Susan Gravely,,
sarah,The Ultimate Gamers Cookbook: Recipes for an Epic Game Night,Andy Lunique,OL44013272W,OL60056068M
sarah,Lilo and Stitch: The Official Cookbook: 50 Recipes to Make for Your 'Ohana,Tim Rita,OL31026679W,OL42612949M
sarah,"Seed to Plate, Soil to Sky: Modern Plant-Based Recipes using Native American Ingredients",Lois Ellen Frank,OL34049578W,OL46108195M
sarah,Baking Yesteryear: The Best Recipes from the 1900s to the 1980s,B. Dylan Hollis,OL31182163W,OL42836629M
sarah,My Billionaire Fake Boyfriend (Must Love Dogs),Jennifer St. James,OL35839387W,OL48373144M
sarah,The Hanging City,Charlie N. Holmberg,OL38074739W,
sarah,Can't Let Her Go,Kianna Alexander,OL29182968W,
sarah,Scotlander,Sheila McClure,OL28920027W,
sarah,Star Bringer,Tracy Wolff,OL28695937W,OL39384918M
sarah,"The Wedding Confession (Wedding Meet Cute, #1)",J.J.  Knight,,
sarah,Love at 350°,Lisa Peers,OL35780583W,
sarah,Silicon Hearts,Robin Miyashita,OL34055023W,OL46115501M
sarah,On the Plus Side,Jenny L. Howe,OL34158151W,OL46282712M
sarah,Artifacts of an Ex,Jennifer   Chen,OL34062584W,OL46127023M
sarah,How to Honeymoon Alone,Olivia Hayle,,
sarah,"The Honeymoon Crashers (Unhoneymooners, #1.5)",Christina Lauren,OL20153602W,
sarah,"The Stone Sky (The Broken Earth, #3)",N.K. Jemisin,OL17881901W,
sarah,"The Obelisk Gate (The Broken Earth, #2)",N.K. Jemisin,OL17842279W,
sarah,"The Poppy War (The Poppy War, #1)",R.F. Kuang,OL19351054W,OL26807748M
sarah,The Witch's Heart,Genevieve Gornichec,OL21954409W,OL29942774M
sarah,People We Meet on Vacation,Emily Henry,OL22563730W,OL30615779M
sarah,The Nutcracker,Alexandre Dumas,OL20193667W,OL27380289M
sarah,"The Secret Service of Tea and Treason (Dangerous Damsels, #3)",India Holton,OL28624257W,OL39381190M
sarah,"Ana María and the Fox (The Luna Sisters, #1)",Liana De la Rosa,OL28724112W,OL39421053M
sarah,Five First Chances,Sarah   Jost,OL28456883W,OL38978338M
sarah,"Twilight over the Aegean (Fresco Nights Saga, #6)",Deborah L. Cannon,,
sarah,"The Davenports (The Davenports, #1)",Krystal Marquis,OL28063039W,OL38408694M
sarah,Once More with Feeling,Elissa Sussman,OL28699025W,OL39388606M
sarah,Charm City Rocks,Matthew Norman,OL29221276W,OL40193432M
sarah,Business or Pleasure,Rachel Lynn Solomon,OL29225156W,OL40199542M
sarah,A Touch of Frost,Renée R. Harper,,
sarah,Not the Plan,Gia de Cadenet,OL27955431W,OL38208532M
sarah,Love Report (Black Beauty in Love #2),Shellee Marie,,
sarah,"Sugar, Spice, and Can't Play Nice (Chai Masala Club, #2)",Annika Sharma,OL28623088W,OL39268539M
sarah,Hazel Fine Sings Along,Katie Wicks,OL28844367W,OL39649249M
sarah,Nora Goes Off Script,Annabel Monaghan,OL26596054W,OL43151814M
sarah,A Villain's Kiss,T.L.  Smith,OL34960001W,
sarah,The Second Chance Store,Lauren Bravo,OL31142724W,OL42830906M
sarah,Hello Stranger,Katherine Center,OL28866624W,OL39778528M
sarah,The True Love Experiment,Christina Lauren,OL28944093W,OL39798232M
sarah,Double-Decker Dreams,Lindsay MacMillan,OL29216451W,OL40186189M
sarah,"The Agreement (Morally Grey Billionaires, #3)",L. Steele,,
sarah,My What-if Girl,Kammie C. Rose,,
sarah,Happy Place,Emily Henry,OL28607665W,OL39225506M
sarah,Summer Reading,Jenn McKinlay,OL29200690W,OL40163991M
sarah,The Last Word,Katy Birchall,OL28890212W,OL39744796M
sarah,Tilly in Technicolor,Mazey Eddings,OL28876384W,OL39694531M
sarah,Ship It (Startup Love #1),Evie Blum,OL32517496W,
sarah,Love and Other Flight Delays,Denise  Williams,OL28435876W,OL38946733M
sarah,When You Wish Upon a Lantern,Gloria Chao,OL28137090W,OL38515197M
sarah,Mr. & Mrs. Witch,Gwenda Bond,OL27893224W,OL38122539M
sarah,Sweet & Spicy,A. Unda-Tames,,
sarah,Anatomy of a Meet Cute,Addie Woolridge,OL28703515W,
sarah,Love Buzz,Neely Tubati Alexander,OL28888299W,OL39745221M
sarah,"At First Meet (Montgomery Ink Legacy, #2)",Carrie Ann Ryan,,
sarah,"Planes, Trains, and All the Feels",Livy Hart,OL28892437W,OL39717099M
sarah,The Chemistry of Love,Sariah Wilson,OL28454212W,
sarah,Forget Me Not,Julie  Soto,OL28624221W,OL39403772M
sarah,A Cosmic Kind of Love,Samantha Young,OL26981279W,OL36576167M
sarah,Play to Win,Jodie Slaughter,OL28888065W,OL39711235M
sarah,"Practice Makes Perfect (When in Rome, #2)",Sarah       Adams,OL28775292W,OL39493120M
sarah,Seven Rules for Breaking Hearts,Kristyn J. Miller,OL28864365W,OL39677790M
sarah,In It to Win It,Sharon C. Cooper,OL27851104W,
sarah,How to Keep House While Drowning,K.C.  Davis,OL26660798W,OL36100898M
sarah,Gwen & Art Are Not in Love,Lex Croucher,OL28019292W,OL39728231M
sarah,"This Woven Kingdom (This Woven Kingdom, #1)",Tahereh Mafi,OL24778640W,OL38122124M
sarah,"40-Love (There's Something About Marysburg, #2)",Olivia Dade,OL27775557W,
sarah,The Book Spy,Alan Hlad,OL28064197W,OL38410390M
sarah,The Do-Over,Suzanne Park,OL28627075W,
sarah,Bigger Bolder Baking Every Day: Easy Recipes to Bake Through a Busy Week,Gemma Stafford,OL27558054W,OL37579850M
sarah,"The Betty Crocker Cookbook, 13th Edition: Everything You Need to Know to Cook Today – The Definitive Beginner Guide with Vegan and Gluten-Free Recipes (Betty Crocker Cooking, 336)",Betty Crocker,OL27288615W,OL37037000M
sarah,My Pokémon Cookbook: Delicious Recipes Inspired by Pikachu and Friends,Victoria Rosenthal,OL27915034W,OL38152763M
sarah,National Geographic Stargazer's Atlas: The Ultimate Guide to the Night Sky,National Geographic Society,OL27817381W,OL38008071M
sarah,"The Ballad of Songbirds and Snakes (The Hunger Games, #0)",Suzanne Collins,OL20716197W,OL28313761M
sarah,Romantic Comedy,Curtis Sittenfeld,OL29225072W,OL40199342M
sarah,"Gravy Wars: South Philly Foods, Feuds & Attytudes",Lorraine Ranalli,OL15964803W,OL24870718M
sarah,The Christmas Wish,Lindsey Kelk,OL27090061W,OL36976517M
sarah,The Librarian of Burned Books,Brianna Labuskes,OL34528210W,OL46840672M
sarah,"Folk Around and Find Out (Good Folk: Modern Folktales, #2)",Penny Reid,OL28111310W,
sarah,Highlands Christmas,Amy Quick Parrish,,
sarah,Olive & Pear's Christmas Detour,Eve Kasey,,
sarah,A Scavenger Hunt for Hearts,Kathy Strobos,OL28717576W,OL39463059M
sarah,Real Love,Rachel   Lindsay,OL28931703W,OL39778738M
sarah,This Bird Has Flown,Susanna  Hoffs,OL28763088W,OL39475621M
sarah,A Touch of Moonlight,Yaffa S. Santos,OL27416658W,OL37732448M
sarah,The Stand-Up Groomsman,Jackie Lau,OL27494462W,
sarah,"More Than Possess You (Reed Family Reckoning, #6.75)",Shayla Black,OL27839661W,OL38047428M
sarah,"Kiss Me, Catalina (Queens of Mariachi #2)",Priscilla Oliveras,OL28432891W,
sarah,In It to Win It,Sharon C. Cooper,OL27851104W,OL38065729M
sarah,"Isha, Unscripted",Sajni Patel,OL28134407W,OL38510270M
sarah,"Ex Appeal (Ponto Beach Reunion, #3)",Cathy Yardley,OL28447506W,
sarah,The Spice Master at Bistro Exotique,Samantha Verant,OL27775073W,OL37927501M
sarah,"June, Reimagined",Rebekah Crane,OL27042982W,
sarah,A Dash of Salt and Pepper,Kosoko Jackson,OL27774891W,OL37926926M
sarah,The Renaissance of Gwen Hathaway,Ashley Schumacher,OL27893332W,OL38122700M
sarah,"Take the Lead (Dance Off, #1)",Alexis Daria,OL24795986W,OL32941702M
sarah,Lies We Sing to the Sea,Sarah  Underwood,OL27805744W,
sarah,Breaking the Friendzone,May Lynn,OL27525636W,OL37536825M
sarah,"The Neighbor Favor (The Greene Sisters, #1)",Kristina Forest,OL28111556W,OL38476063M
sarah,Too Wrong to Be Right,Melonie Johnson,OL27893048W,OL38122267M
sarah,Kiss Her Once for Me,Alison Cochrun,OL27846892W,OL38058749M
sarah,"For Her Consideration (Out in Hollywood, #1)",Amy Spalding,OL28119023W,OL38487888M
sarah,Alone With You in the Ether,Olivie Blake,OL27774839W,OL37926621M
sarah,"Make a Wish (Spark House, #3)",Helena Hunting,OL27893188W,OL38122483M
sarah,Pandora,Susan Stokes-Chapman,OL25328016W,OL38459215M
sarah,The Man I Never Met,Elle Cook,OL27804492W,OL38405661M
sarah,The Rewind,Allison Winn Scotch,OL27642486W,OL37691697M
sarah,"A Very Merry Bromance (Bromance Book Club, #5)",Lyssa Kay Adams,OL27407725W,OL37691699M
sarah,"Before I Let Go (Skyland, #1)",Kennedy Ryan,OL27850288W,OL38064597M
sarah,"Astrid Parker Doesn't Fail (Bright Falls, #2)",Ashley Herring Blake,OL26764062W,OL37764173M
sarah,"Always a Bridesmaid, Never a Plus-One",Iris Morland,OL28966391W,OL39826528M
sarah,"Ever After Always (Bergman Brothers, #3)",Chloe Liese,OL27591344W,
sarah,"Desire and the Deep Blue Sea (Love Unscripted, #1)",Olivia Dade,OL21028310W,
sarah,The Make-Up Test,Jenny L. Howe,OL27172632W,OL36883878M
sarah,"Mistletoe and Mochas (Holidays and Heroes, #1)",Patricia D. Eddy,,
sarah,"It's Been a Pleasure, Noni Blake",Claire Christian,OL20995077W,OL28427898M
sarah,Do Your Worst,Rosie Danan,OL34740571W,
sarah,Crying in H Mart,Michelle Zauner,OL22448002W,OL30530106M
sarah,"The Last Thing He Told Me (Hannah Hall, #1)",Laura Dave,OL24161797W,OL31887801M
sarah,"The Tattooist of Auschwitz (The Tattooist of Auschwitz, #1)",Heather   Morris,OL19661009W,OL26962414M
sarah,The Huntress,Kate Quinn,OL20152750W,
sarah,Seveneves,Neal Stephenson,OL17829905W,
sarah,"The Brides of Maracoor (Another Day, #1)",Gregory Maguire,OL24410281W,OL36885373M
sarah,"Skin of the Sea (Skin of the Sea, #1)",Natasha Bowen,OL24379061W,OL36354025M
sarah,Why Is Sex Fun? The Evolution of Human Sexuality (Science Masters),Jared Diamond,OL3333181W,OL18385924M
sarah,Collapse: How Societies Choose to Fail or Succeed,Jared Diamond,OL276557W,OL39800280M
sarah,"Guns, Germs, and Steel: The Fates of Human Societies",Jared Diamond,OL276558W,OL7917109M
sarah,Cackle,Rachel   Harrison,OL25773317W,
sarah,Bet on It,Jodie Slaughter,OL25958002W,OL35097819M
sarah,Accidentally Engaged,Farah Heron,OL24217699W,OL32008532M
sarah,Smartasses: A Sexy Nerd Rom Com Anthology,Avery Flynn,OL27891827W,OL38120370M
sarah,On the Subject of Unmentionable Things,Julia Walton,OL26856952W,OL36575129M
sarah,Organizing for the Rest of Us: 100 Realistic Strategies to Keep Any House Under Control,Dana K. White,OL25251178W,OL33799756M
sarah,How to Manage Your Home Without Losing Your Mind: Dealing with Your House's Dirty Little Secrets,Dana K. White,OL20041654W,OL27221687M
sarah,Decluttering at the Speed of Life: Winning Your Never-Ending Battle with Stuff,Dana K. White,OL20572657W,OL29766885M
sarah,"Alexander and the Terrible, Horrible, No Good, Very Bad Day",Judith Viorst,OL1932036W,OL2373033M
sarah,Chicka Chicka Boom Boom,Bill Martin Jr.,OL59121W,OL7729500M
sarah,All New Square Foot Gardening,Mel Bartholomew,OL5116330W,OL3409405M
sarah,Loathe at First Sight,Suzanne Park,OL21242836W,OL28759009M
sarah,"The Heart Principle (The Kiss Quotient, #3)",Helen  Hoang,OL20906885W,OL31946909M
sarah,"The Rose (The Godwicks, #2)",Tiffany Reisz,OL21852017W,OL29790016M
sarah,"The Giver (Giver, #1)",Lois Lowry,OL1846076W,OL7441983M
sarah,The Princess Bride,William Goldman,OL486967W,OL3704385M
sarah,Coraline,Neil Gaiman,OL679358W,OL7288609M
sarah,"Beautiful Stranger (Beautiful Bastard, #2)",Christina Lauren,OL18021995W,
sarah,"Overcoming When You Feel Overwhelmed: 5 Steps to Surviving the Chaos of Life (A Practical Guide to Getting Unstuck and Conquering Fear, Anxiety & Stress)",Jentezen Franklin,OL26628078W,OL36056047M
sarah,Valiant Ladies,Melissa Grey,OL20906664W,OL28319396M
sarah,Neverlanders (Neverlanders #1),Tom    Taylor,OL27736230W,OL37863990M
sarah,Thistlefoot,GennaRose Nethercott,OL27245489W,OL36977592M
sarah,Proving Ground: The Untold Story of the Six Women Who Programmed the World’s First Modern Computer,Kathy Kleiman,OL25461722W,OL34144024M
sarah,"The Animal Adventurer's Guide: How to Prowl for an Owl, Make Snail Slime, and Catch a Frog Bare-Handed--50 Activities to Get Wild with Animals",Susie Spikol,OL27139920W,OL36842625M
sarah,The Age of Resilience: Reimagining Existence on a Rewilding Earth,Jeremy Rifkin,OL27172726W,OL36884036M
sarah,"The Great Money Reset: Change Your Work, Change Your Wealth, Change Your Life",Jill Schlesinger,OL27892996W,OL38122182M
sarah,Running Remote: Master the Lessons from the World’s Most Successful Remote-Work Pioneers,Liam  Martin,OL26908895W,OL36482950M
sarah,Sweet Land of Liberty: A History of America in 11 Pies,Rossi Anastopoulo,OL27675268W,OL37735336M
sarah,BAKE: My Best Ever Recipes for the Classics,Paul Hollywood,OL25518110W,OL34228321M
sarah,Third Wheel,Nick Spalding,OL28417256W,
sarah,Have I Told You This Already?: Stories I Don’t Want to Forget to Remember,Lauren Graham,OL27245373W,OL36977432M
sarah,Composure: The Art of Executive Presence,Kate Purmal,OL25551104W,OL34271109M
sarah,"You Are Worthy: Change Your Money Mindset, Build Your Wealth, and Fund Your Future",Kelley Holland,OL26665667W,OL36104852M
sarah,"On the Hustle (Dating in Dallas, #2)",Adriana  Herrera,OL25453891W,OL38492954M
sarah,The Color of Ice,Barbara Linn Probst,OL26665656W,OL36104849M
sarah,Smart Girl Summer,Kristin Rockaway,OL27311395W,
sarah,Not That Kind of Ever After,Luci Adams,OL27893191W,OL38122491M
sarah,Playlist,Nickole Naihaus L.,,
sarah,"The American Roommate Experiment (Love Deception, #2)",Elena  Armas,OL26770888W,OL37563966M
sarah,"The Cheat Sheet (The Cheat Sheet, #1)",Sarah       Adams,OL24920891W,
sarah,The Certainty of Chance,Jacquelyn Middleton,OL43771272W,OL59667037M
sarah,"Barbarian's Tease (Ice Planet Barbarians, #15)",Ruby Dixon,OL27720617W,
sarah,Set on You (The Influencer #1),Amy  Lea,OL25960186W,
sarah,Qualitative Research: A Guide to Design and Implementation,Sharan B. Merriam,,
sarah,Neuroteach: Brain Science and the Future of Education,Glenn Whitman,,
sarah,"Below Zero (The STEMinist Novellas, #3)",Ali Hazelwood,OL45858372W,
sarah,Sex Talks: The Five Conversations That Will Transform Your Love Life,Vanessa Marin,OL28419572W,OL38924513M
sarah,A Brush with Love,Mazey Eddings,OL24466351W,OL34975432M
sarah,"Stuck with You (The STEMinist Novellas, #2)",Ali Hazelwood,OL45600234W,
sarah,"The Spanish Love Deception (Love Deception, #1)",Elena  Armas,OL26600885W,OL36021041M
sarah,To Hive and to Hold,Mae Harden,,
sarah,Do You Take This Man,Denise  Williams,OL27139696W,OL36842209M
sarah,Just for Show,Julie  Hamilton,OL26662273W,OL36180589M
sarah,"Ashes (Modern-Day Fairy Tale, #1)",M.K. Harkins,,
sarah,Miss Butterworth and the Mad Baron,Julia Quinn,OL25464165W,OL34147317M
sarah,"Dating Dr. Dil (If Shakespeare Was an Auntie, #1)",Nisha Sharma,OL26504483W,OL35998485M
sarah,Future Remnants,Benjamin L. Owen,OL28572363W,
sarah,The City of Infinite Life,J.M.  Mulligan,,
sarah,Even Better Than the Real Thing,Melanie Summers,,
sarah,"Booked on a Feeling (A Sweet Mess, #3)",Jayci Lee,OL25814743W,OL35034945M
sarah,The Flavor Equation: The Science of Great Cooking Explained in More Than 100 Essential Recipes,Nik Sharma,OL21682547W,OL29495699M
sarah,TL;DR Shakespeare: Dynamically illustrated plot and character summaries for 12 of Shakespeare's greatest plays (Too Long; Didn't Read),SparkNotes,OL26002893W,OL35096610M
sarah,"Portraits of Childfree Wealth: 26 Stories About How Being Childfree Impacts Your Life, Wealth, and Finances",Jay Zigmont,OL27894433W,OL38124501M
sarah,Float,Kate Marchant,OL25460736W,OL34142579M
sarah,"A Game of Retribution (Hades Saga, #2)",Scarlett St.  Clair,OL26513433W,OL36372855M
sarah,You Made a Fool of Death with Your Beauty,Akwaeke Emezi,OL25815799W,OL36035532M
sarah,24 Hours in Paris (24 Hours Series #1),Romi Moondi,OL25957998W,OL35035104M
sarah,Something Wilder,Christina Lauren,OL26280333W,OL35441782M
sarah,The Fastest Way to Fall,Denise  Williams,OL24535735W,OL32521294M
sarah,"Into the Storm (Destroyermen, #1)",Taylor  Anderson,OL11892591W,OL16864471M
sarah,"Mistborn: The Final Empire (Mistborn, #1)",Brandon Sanderson,OL5738148W,
sarah,"The Light of All That Falls (The Licanius Trilogy, #3)",James Islington,OL20631459W,
sarah,West Side Love Story (Queens of Mariachi #1),Priscilla Oliveras,OL27731598W,
sarah,"Wicked Beauty (Dark Olympus, #3)",Katee Robert,OL25809411W,OL34798464M
sarah,The Lifestyle,Taylor Hahn,OL26598020W,OL36015510M
sarah,Kisses and Croissants,Anne-Sophie Jouhanneau,OL24317910W,OL32781108M
sarah,"Make Me (Broke and Beautiful, #3)",Tessa Bailey,OL27072417W,OL36714352M
sarah,"Love & Other Disasters (Nashville Love, #1)",Anita Kelly,OL25338086W,OL37488071M
sarah,As Seen On TV,Meredith Schorr,OL26602170W,
sarah,Getting His Game Back,Gia de Cadenet,OL24780265W,OL32910026M
sarah,By Any Other Name,Lauren Kate,OL25348312W,OL36007469M
sarah,"Starry-Eyed Love (Spark House, #2)",Helena Hunting,OL25957797W,OL35034792M
sarah,"Cream and Punishment (King Family, #2)",Susannah Nix,OL26831276W,
sarah,Love at First Spite,Anna E. Collins,OL26595627W,OL36010772M
sarah,If You Ask Me,Libby Hubscher,OL25918743W,OL34982724M
sarah,"Not the Witch You Wed (Supernatural Singles, #1)",April Asher,OL25490225W,OL34191816M
sarah,"The Suite Spot (Beck Sisters, #2)",Trish Doller,OL25446554W,OL34122233M
sarah,The Bodyguard,Katherine Center,OL25958058W,OL35035196M
sarah,The Wedding Crasher,Mia Sosa,OL26509391W,OL35851136M
sarah,"Mr. Wrong Number (Mr. Wrong Number, #1)",Lynn Painter,OL25920096W,
sarah,"Husband Material (London Calling, #2)",Alexis  Hall,OL26232049W,
sarah,The Roughest Draft,Emily Wibberley,OL25800191W,OL34780132M
sarah,"The American Roommate Experiment (Spanish Love Deception, #2)",Elena  Armas,OL31944407W,OL43660484M
sarah,"Part of Your World (Part of Your World, #1)",Abby Jimenez,OL24865656W,
sarah,Weather Girl,Rachel Lynn Solomon,OL25446660W,OL34122379M
sarah,Book Lovers,Emily Henry,OL24801992W,OL34990822M
sarah,"Hook, Line, and Sinker (Bellinger Sisters, #2)",Tessa Bailey,OL25988707W,OL35079010M
sarah,Love on the Brain,Ali Hazelwood,OL26350090W,OL36640817M
sarah,"Gouda Friends (Ponto Beach Reunion, #2)",Cathy Yardley,OL33278497W,
sarah,Ten Trends to Seduce Your Bestfriend,Penny Reid,OL27245727W,OL36977929M
sarah,My Summer in Seoul,Rachel Van Dyken,OL25923172W,OL34989265M
sarah,"Star Father (Star Mother, #2)",Charlie N. Holmberg,OL25567401W,
sarah,One to Watch,Kate Stayman-London,OL20760034W,OL28092548M
sarah,"If the Shoe Fits (Meant to Be, #1)",Julie   Murphy,OL24340145W,OL32219489M
sarah,"All the Feels (Spoiler Alert, #2)",Olivia Dade,OL21972163W,OL29967416M
sarah,Of Women and Salt,Gabriela  Garcia,OL20829255W,OL28209073M
sarah,Donut Fall in Love,Jackie Lau,OL25775612W,OL34711021M
sarah,The Love Con,Seressia Glass,OL24619837W,OL32663659M
sarah,"The Best Kept Secret (Smokejumper, #3)",Tawna Fenske,OL24598044W,OL32626154M
sarah,"Love on the Lake (Lakeside, #2)",Helena Hunting,OL27688861W,OL37761553M
sarah,Off Script,Ashley    Marie,OL25958005W,OL35035116M
sarah,Brush Strokes,Sara Violet Scully,OL27630432W,OL37674531M
sarah,Love: A History in Five Fantasies,Barbara H. Rosenwein,OL25328135W,OL34706256M
sarah,Instructions for Dancing,Nicola Yoon,OL24315405W,OL32173699M
sarah,"Need Me (Broke and Beautiful, #2)",Tessa Bailey,OL21110824W,OL37185743M
sarah,"Baiting the Maid of Honor (Wedding Dare, #2)",Tessa Bailey,OL27106509W,OL36795553M
sarah,Meet Me in Paradise,Libby Hubscher,OL21932885W,OL29913983M
sarah,Make It A Great Day: How to Feel Awesome So That You Can Help Others,Jarrett Robertson,,
sarah,Savvy Sheldon Feels Good as Hell,Taj McCoy,OL25453986W,OL34132647M
sarah,The Astronaut and the Star,Jen Comfort,OL27279567W,
sarah,How to Fake It in Hollywood,Ava  Wilder,OL26514081W,OL36011710M
sarah,Open Play (Passion Players #1),J.N. Welsh,,
sarah,"Kiss and Tell (Fulton U Rivals, #1)",Maya Hughes,OL27098710W,OL36886209M
sarah,The Reunion,Meghan Quinn,OL27309198W,OL60427543M
sarah,The Assignment,Penelope Ward,OL27528841W,OL37541353M
sarah,"Fake It Till You Bake It (Sugar Blitz, #1)",Jamie Wesley,OL25957967W,OL35035058M
sarah,Window Shopping,Tessa Bailey,OL25349079W,
sarah,"It Happened One Summer (Bellinger Sisters, #1)",Tessa Bailey,OL23563282W,OL31395489M
sarah,"A Court of Thorns and Roses (A Court of Thorns and Roses, #1)",Sarah J. Maas,OL17352669W,OL27099073M
sarah,"Well Matched (Well Met, #3)",Jen DeLuca,OL24495630W,OL32457025M
sarah,"Well Traveled (Well Met, #4)",Jen DeLuca,OL27139726W,OL36842244M
sarah,Swan Lake: Quest for the Kingdoms,Rey Terciero,OL26600701W,OL40218646M
sarah,"Lore Olympus: Volume One (Lore Olympus, #1)",Rachel  Smythe,OL24219093W,OL32013738M
sarah,The Art of Sushi,Franckie Alarcon,OL25489490W,OL34189803M
sarah,"This Woven Kingdom (This Woven Kingdom, #1)",Tahereh Mafi,OL24778640W,OL32907063M
sarah,Deconstructed,Liz Talley,OL25478817W,
sarah,"Through My Window (Hidalgos, #1)",Ariana Godoy,OL25454693W,OL34133579M
sarah,American Royals II: Majesty,Katharine McGee,OL20925132W,OL34923143M
sarah,"Something Fabulous (Something Fabulous, #1)",Alexis  Hall,OL24634154W,
sarah,Remarkably Bright Creatures,Shelby Van Pelt,OL25382083W,OL34018342M
sarah,S. Ship of Theseus,J.J. Abrams,,
sarah,"The Beatrice Letters (A Series of Unfortunate Events, #12.5)",Lemony Snicket,OL118506W,OL7279307M
sarah,Hot as Hades,Alisha Rai,,
sarah,"The Red (The Godwicks, #1)",Tiffany Reisz,OL21245525W,OL28762760M
sarah,Sisters of the Neversea,Cynthia Leitich Smith,OL24335478W,OL32265106M
sarah,"Eat Up!: Food, Appetite and Eating What You Want",Ruby Tandoh,OL20797921W,OL28153356M
sarah,The Paid Bridesmaid,Sariah Wilson,OL25152608W,
sarah,How to Survive a Modern-Day Fairy Tale,Elle Cruz,OL25906083W,OL34962633M
sarah,"Digging Up Love (Taste of Love, #1)",Chandra Blumberg,OL25460524W,
sarah,"Read Between the Lines (Ms. Right, #1)",Rachel Lacey,OL25921735W,
sarah,The Arc,Tory Henwood Hoen,OL25453689W,OL34132212M
sarah,On a Night Like This,Lindsey Kelk,OL25795077W,OL34973698M
sarah,"Go Tell the Bees That I Am Gone (Outlander, #9)",Diana Gabaldon,OL24208240W,OL32213250M
sarah,Made in Manhattan,Lauren Layne,OL25340887W,OL34985552M
sarah,Reclaim the Stars: 17 Tales Across Realms & Space,Zoraida Córdova,OL24519294W,OL32495037M
sarah,Tacos for Two,Betsy St. Amant,OL24516632W,OL34970033M
sarah,The Wedding Ringer,Kerry Rea,OL25774416W,OL34708244M
sarah,"Blazewrath Games (Blazewrath Games, #1)",Amparo Ortiz,OL20856276W,OL28238844M
sarah,Secret Garden and other poems,Nitin Kakarla,OL26688752W,
sarah,Rover,George Ebey,,
sarah,"Skin of the Sea (Skin of the Sea, #1)",Natasha Bowen,OL24379061W,OL32311199M
sarah,"Ramón and Julieta (Love & Tacos, #1)",Alana Albertson,OL25800458W,OL34780637M
sarah,"The Brides of Maracoor (Another Day, #1)",Gregory Maguire,OL24410281W,OL32331124M
sarah,1000 Years of Joys and Sorrows: A Memoir,Weiwei Ai,OL24471459W,OL33329412M
sarah,"The Particulars of Peter: Dance Lessons, DNA Tests, and Other Excuses to Hang Out with My Perfect Dog",Kelly Conaboy,OL21896322W,OL33904235M
sarah,Finding Our Niche: Toward A Restorative Human Ecology,Philip A.  Loring,OL21690818W,OL29509271M
sarah,The Authenticity Code: The Art and Science of Success and Why You Can’t Fake It to Make It,Sharon Lamm-Hartman,OL39167555W,OL53318122M
sarah,Another Kind: A Graphic Novel,Trevor Bream,OL24736279W,OL35069216M
sarah,Oak Flat: A Fight for Sacred Land in the American West,Lauren Redniss,OL21433076W,OL33329638M
sarah,Bubble,Jordan  Morris,OL24522750W,OL32500587M
sarah,The Utimate Air Fryer Oven Cookbook: Easy Recipes That Satisfy,Coco Morante,OL25477579W,OL34168978M
sarah,Kentucky Moonshine,David W. Maurer,OL19811W,OL32334435M
sarah,The Optimized Cooking Lifestyle,Maurice van der Star,,
sarah,"Black Food: Stories, Art, and Recipes From Across the African Diaspora",Bryant Terry,,
sarah,"Dance of a Burning Sea (Mousai, #2)",E.J. Mellow,OL24636250W,
sarah,White Glove Life,M.L.  Wright,,
sarah,"Baking with Dorie: Sweet, Salty & Simple",Dorie Greenspan,OL24335650W,OL32208380M
sarah,Scrumptious from the Girl Who Ate Everything,Christy Denney,OL26434172W,OL35714864M
sarah,Well Played,Vi Keeland,OL26086187W,OL35206818M
sarah,"Good Catch (Harper Landing, #2)",Jennifer Bardsley,OL25488962W,
sarah,"He Said Never (The Lost Corisis, #2)",Ruth Cardello,OL25796112W,
sarah,Tahira in Bloom,Farah Heron,OL24644116W,
sarah,The Bounce Back,Addie Woolridge,OL25446385W,
sarah,"It Happened One Midnight (Fairy Godmothers, Inc., #3)",Saranna DeWylde,OL26597499W,OL36014577M
sarah,Little Wishes,Michelle    Adams,OL21903023W,OL36006416M
sarah,"Good Girl Complex (Avalon Bay, #1)",Elle Kennedy,OL25317748W,OL36006903M
sarah,"Forrest for the Trees (Green Valley Heroes, #1)",Kilby Blades,,
sarah,Lockdown on London Lane,Beth Reekles,OL25467158W,OL34152538M
sarah,How to Be Perfect: The Correct Answer to Every Moral Question,Michael Schur,OL34721609W,OL47068095M
sarah,"Electric Idol (Dark Olympus, #2)",Katee Robert,OL24703709W,OL32790131M
sarah,"Wicked Beauty (Dark Olympus, #3)",Katee Robert,OL25809411W,
sarah,"4 Essential Keys to Effective Communication in Love, Life, Work--Anywhere!: Including the ""12-Day Communication Challenge!"" (Relationship Skills Series)",Bento C. Leal III,OL24209979W,OL31984582M
sarah,Kiss My Cupcake,Helena Hunting,OL20982185W,OL28418848M
sarah,"Only When It's Us (Bergman Brothers, #1)",Chloe Liese,OL27590279W,
sarah,"Loathe to Love You (The STEMinist Novellas, #1-3)",Ali Hazelwood,OL27814241W,OL38001755M
sarah,"Barbarian's Redemption (Ice Planet Barbarians, #12)",Ruby Dixon,OL27720350W,
sarah,"Barbarian's Lady (Ice Planet Barbarians, #13)",Ruby Dixon,OL26416663W,
sarah,"Barbarian's Rescue (Ice Planet Barbarians, #14)",Ruby Dixon,OL26134786W,
sarah,"All the Feels (Spoiler Alert, #2)",Olivia Dade,OL24561976W,OL32566857M
sarah,"Barbarian's Choice (Ice Planet Barbarians, #11)",Ruby Dixon,OL27731047W,
sarah,Between the Lines,Lindsay Ward,OL24994546W,OL33225025M
sarah,A Promised Land,Barack Obama,OL22235242W,OL30295026M
sarah,"From Blood and Ash (Blood and Ash, #1)",Jennifer L. Armentrout,OL21279423W,OL28810274M
sarah,"To Sleep in a Sea of Stars (Fractalverse, #1)",Christopher Paolini,OL20861787W,OL31838211M
sarah,"The Midnight Library (The Midnight World, #1)",Matt Haig,OL20965973W,
sarah,The Play's the Thing,Jessica Barksdale Inclán,OL24325799W,OL32194029M
sarah,Herlot of Alonia: A Medieval Fantasy Series (The Herlot of Alonia Series Book 1),Maria Rosestone,,
sarah,"Beasts of Prey (Beasts of Prey, #1)",Ayana Gray,OL24417125W,OL32341779M
sarah,"Lemon, Love & Olive Oil: 80 Mediterranean recipes from a Greek-American kitchen―simple, flavorful dishes inspired by family and art",Mina Stone,OL25424694W,OL34085878M
sarah,Modern Comfort Food: A Barefoot Contessa Cookbook,Ina Garten,OL21900212W,OL29869343M
sarah,The Highland Fling,Meghan Quinn,OL24894909W,
sarah,"House of Earth and Blood (Crescent City, #1)",Sarah J. Maas,OL20650912W,
sarah,"Love, Comment, Subscribe (Ponto Beach Reunion, #1)",Cathy Yardley,OL25000040W,
sarah,And They Lived Happily Ever After,Therese Beharrie,OL25911095W,OL34971219M
sarah,"A Letter to Three Witches (A Cupcake Coven Romance, #1)",Elizabeth  Bass,OL24606862W,OL32640745M
sarah,The Matzah Ball,Jean Meltzer,OL24176286W,OL32295671M
sarah,The World Played Chess,Robert Dugoni,OL24737924W,
sarah,"Barbarian's Bride (Ice Planet Barbarians, #19)",Ruby Dixon,OL27521679W,
sarah,"Barbarian's Treasure (Ice Planet Barbarians, #18)",Ruby Dixon,OL45733477W,
sarah,"Barbarian's Seduction (Ice Planet Barbarians, #17)",Ruby Dixon,OL29930199W,
sarah,"Barbarian's Beloved (Ice Planet Barbarians, #16)",Ruby Dixon,OL27731108W,
sarah,"Barbarian's Hope (Ice Planet Barbarians, #10)",Ruby Dixon,OL21832469W,
sarah,"Barbarian's Heart (Ice Planet Barbarians, #9)",Ruby Dixon,OL27392191W,
sarah,"Barbarian's Taming (Ice Planet Barbarians, #8)",Ruby Dixon,OL27040633W,
sarah,"Barbarian's Mate (Ice Planet Barbarians, #6)",Ruby Dixon,OL34317625W,
sarah,"Ice Planet Holiday (Ice Planet Barbarians, #4.75)",Ruby Dixon,OL25293588W,
sarah,"Barbarian Mine (Ice Planet Barbarians, #4)",Ruby Dixon,OL24809195W,OL32966536M
sarah,"Barbarian Lover (Ice Planet Barbarians, #3)",Ruby Dixon,OL27341480W,
sarah,"Barbarian Alien (Ice Planet Barbarians, #2)",Ruby Dixon,OL26003411W,
sarah,"Ice Planet Barbarians (Ice Planet Barbarians, #1)",Ruby Dixon,OL26003410W,
sarah,"Crazy Stupid Bromance (Bromance Book Club, #3)",Lyssa Kay Adams,OL20889880W,OL28295063M
sarah,"Undercover Bromance (Bromance Book Club, #2)",Lyssa Kay Adams,OL20656809W,
sarah,"The Bromance Book Club (Bromance Book Club, #1)",Lyssa Kay Adams,OL21664116W,
sarah,"Isn't It Bromantic? (Bromance Book Club, #4)",Lyssa Kay Adams,OL24391918W,
sarah,"Act Your Age, Eve Brown (The Brown Sisters, #3)",Talia Hibbert,OL21904684W,OL29875513M
sarah,The Ex Talk,Rachel Lynn Solomon,OL24172494W,
sarah,"Take a Hint, Dani Brown (The Brown Sisters, #2)",Talia Hibbert,OL20881929W,OL29826382M
sarah,"Get a Life, Chloe Brown (The Brown Sisters, #1)",Talia Hibbert,OL20422812W,OL27644030M
sarah,The Intimacy Experiment (Shameless #2),Rosie Danan,OL22399438W,OL30486559M
sarah,"Square Foot Gardening: Growing Perfect Vegetables: A Visual Guide to Raising and Harvesting Prime Garden Produce (All New Square Foot Gardening, 8) (Volume 8)",Todd R. Berger,OL24321529W,OL32187140M
sarah,"The Pearl (The Godwicks, #3)",Tiffany Reisz,OL21918097W,OL29894990M
sarah,In a Holidaze,Christina Lauren,OL21895914W,OL29862048M
sarah,Moxie,Jennifer Mathieu,OL19717798W,OL26930929M
sarah,"Square Foot Gardening with Kids: Learn Together: - Gardening Basics - Science and Math - Water Conservation - Self-sufficiency - Healthy Eating (All New Square Foot Gardening, 5) (Volume 5)",Mel Bartholomew,OL17438626W,OL26022324M
sarah,"I Flipping Love You (Shacking Up, #3)",Helena Hunting,OL20921481W,OL28344337M
sarah,"Making Up (Shacking Up, #4)",Helena Hunting,OL27473606W,
sarah,"The Fifth Season (The Broken Earth, #1)",N.K. Jemisin,OL17363125W,
sarah,"The Hate U Give (The Hate U Give, #1)",Angie Thomas,OL17714701W,OL26246256M
sarah,"The Maze Runner (The Maze Runner, #1)",James Dashner,OL6027236W,OL23147747M
sarah,A Midwinter Night's Dream (Original Sinners #8.6),Tiffany Reisz,OL25899284W,
sarah,"Hooking Up (Shacking Up, #2)",Helena Hunting,OL21838306W,OL29763877M
sarah,"Getting Down (Shacking Up, #1.5)",Helena Hunting,OL27479664W,OL37472219M
sarah,"Shacking Up (Shacking Up, #1)",Helena Hunting,OL20228115W,
sarah,Of Rock and Rivers: Seeking a Sense of Place in the American West,Ellen E. Wohl,OL3471851W,OL22551673M
sarah,The Highest Tide,Jim    Lynch,OL5339755W,OL8786491M
sarah,"A Hush of Greek (Out of Olympus, #4)",Tina Folsom,OL19634871W,
sarah,The Sequel,John  Green,,
sarah,The Price of Dawn,John Green,,
sarah,An Imperial Affliction,Peter Van Houten,,
sarah,The War for Banks Island,John  Green,,
sarah,Zombicorns,John  Green,,
sarah,Let It Snow,John  Green,OL16071235W,
sarah,Praying with Jane Eyre: Reflections on Reading as a Sacred Practice,Vanessa Zoltan,OL25770306W,OL34699704M
sarah,Heracles' Bow,Madeline Miller,,
sarah,Galatea,Madeline Miller,OL17312811W,OL36202878M
sarah,The Song of Achilles,Madeline Miller,OL16509148W,OL61084642M
sarah,"A Taste of Greek (Out of Olympus, #3)",Tina Folsom,OL19347226W,
sarah,"A Scent of Greek (Out of Olympus, #2)",Tina Folsom,OL19336724W,
sarah,"A Touch of Greek (Out of Olympus, #1)",Tina Folsom,OL19310550W,
sarah,The Rose Code,Kate Quinn,OL21171268W,OL29996014M
sarah,"The Atlantis Gene (The Origin Mystery, #1)",A.G. Riddle,OL17309561W,
sarah,The Atlantis Girl (The Atlantis Saga #1),S.A. Beck,OL20859848W,
sarah,"The Midnight Library (The Midnight World, #1)",Matt Haig,OL20965973W,OL61174737M
sarah,"Cupcake (Cyd Charisse, #3)",Rachel Cohn,OL5720632W,OL8458098M
sarah,Nick & Norah's Infinite Playlist,Rachel Cohn,OL5720633W,OL3398824M
sarah,Naomi and Ely's No Kiss List,Rachel Cohn,OL5720627W,OL26374663M
sarah,The Good Luck Charm,Helena Hunting,OL20598123W,
sarah,If I Never Met You,Mhairi McFarlane,OL20657774W,OL27932380M
sarah,"You Deserve Each Other (You Deserve Each Other, #1)",Sarah Hogle,OL20667571W,
sarah,Would Like to Meet,Rachel Winters,OL21204571W,
sarah,The Power of Ritual: Turning Everyday Activities into Soulful Practices,Casper ter Kuile,OL20758897W,OL29820807M
sarah,Fantastic Beasts and Where to Find Them,Newt Scamander,OL13716952W,OL7511909M
sarah,"Will Grayson, Will Grayson",John  Green,OL11822691W,OL22695796M
sarah,"The Golden Compass (His Dark Materials, #1)",Philip Pullman,OL28988W,OL37033215M
sarah,"Eclipse (The Twilight Saga, #3)",Stephenie Meyer,OL5720025W,OL61346164M
sarah,"Insurgent (Divergent, #2)",Veronica Roth,OL16325201W,OL25127023M
sarah,"New Moon (The Twilight Saga, #2)",Stephenie Meyer,OL5720027W,OL37074932M
sarah,"Harry Potter and the Half-Blood Prince (Harry Potter, #6)",J.K. Rowling,OL82565W,
sarah,"Harry Potter and the Chamber of Secrets (Harry Potter, #2)",J.K. Rowling,OL82537W,
sarah,The Art of The Fellowship of the Ring (The Lord of the Rings),Gary Russell,OL5758736W,OL3585054M
sarah,"The Lion, the Witch and the Wardrobe: A Graphic Novel",Robin Lawrie,OL3474642W,OL1089099M
sarah,Harry Potter and the Chamber of Secrets: Sheet Music for Flute with CD,John   Williams,OL271688W,OL8005504M
sarah,The Secret Life of Bees,Sue Monk Kidd,OL2941508W,OL14444750M
sarah,Life of Pi,Yann Martel,OL2827199W,OL8075156M
sarah,The Curious Incident of the Dog in the Night-Time,Mark Haddon,OL2965102W,OL45039295M
sarah,"Harry Potter and the Order of the Phoenix (Harry Potter, #5, Part 1)",J.K. Rowling,OL32256967W,OL44003393M
sarah,The Sun and Her Flowers,Rupi Kaur,OL17800586W,OL26390122M
sarah,The Little Prince,Antoine de Saint-Exupéry,OL10263W,OL48619M
sarah,Turtles All the Way Down,John  Green,OL17842319W,OL26456599M
sarah,Paper Towns,John  Green,OL11822690W,OL25424986M
sarah,The Secret Garden,Frances Hodgson Burnett,OL69612W,OL7680688M
sarah,"Little Women (Little Women, #1)",Louisa May Alcott,OL29983W,
sarah,Number the Stars,Lois Lowry,OL1846074W,OL7519988M
sarah,Counting by 7s,Holly Goldberg Sloan,OL16564066W,OL25252485M
sarah,"Out of My Mind (Out of My Mind, #1)",Sharon M. Draper,OL12489W,OL24378894M
sarah,"Meet Felicity: An American Girl (American Girl: Felicity, #1)",Valerie Tripp,,
sarah,"Meet Samantha: An American Girl (American Girl: Samantha, #1)",Susan S. Adler,OL1869630W,OL356942M
sarah,The BFG,Roald Dahl,OL45885W,OL7359578M
sarah,Stuart Little,E.B. White,OL483385W,OL5238603M
sarah,"The Boxcar Children (The Boxcar Children, #1)",Gertrude Chandler Warner,OL24656586W,OL24202178M
sarah,"The City of Ember (Book of Ember, #1)",Jeanne DuPrau,OL4132752W,OL7428719M
sarah,Rules,Cynthia Lord,OL5826339W,OL3402576M
sarah,"Shiloh (Shiloh, #1)",Phyllis Reynolds Naylor,OL15061542W,OL7730504M
sarah,Frindle,Andrew Clements,OL7988665W,OL25319858M
sarah,Macbeth,William Shakespeare,OL258902W,OL24373677M
sarah,Because of Winn-Dixie,Kate DiCamillo,OL468658W,OL23244227M
sarah,Charlotte’s Web,E.B. White,OL483391W,OL32533052M
sarah,Speak,Laurie Halse Anderson,OL509183W,OL28351185M
sarah,Of Mice and Men,John Steinbeck,OL23204W,OL31978228M
sarah,"Holes (Holes, #1)",Louis Sachar,OL116250W,OL25677206M
sarah,"A Game of Thrones (A Song of Ice and Fire, #1)",George R.R. Martin,OL257943W,
sarah,The Outsiders,S.E. Hinton,OL2718328W,OL31834793M
sarah,"Miss Peregrine's Home for Peculiar Children (Miss Peregrine's Peculiar Children, #1)",Ransom Riggs,OL16151508W,OL25032352M
sarah,Divergent Official Illustrated Movie Companion,Kate Egan,OL27444336W,OL37402060M
sarah,Allegiant: The Ultimate Interactive Quiz Book,Sarah Davids,,
sarah,Meet Cute,Helena Hunting,OL20151210W,OL27331090M
sarah,"P.S. I Still Love You (To All the Boys I've Loved Before, #2)",Jenny Han,OL17356811W,OL26496203M
sarah,"The Rosie Project (Don Tillman, #1)",Graeme Simsion,OL16813583W,OL25439355M
sarah,"The Bride Test (The Kiss Quotient, #2)",Helen  Hoang,OL19800269W,OL27011746M
sarah,The Night Circus,Erin Morgenstern,OL16086747W,
sarah,"Divergent (Divergent, #1)",Veronica Roth,OL15719630W,OL25438684M
sarah,Emma,Jane Austen,OL66513W,
sarah,Sense and Sensibility,Jane Austen,OL66562W,OL3702716M
sarah,"Red, White & Royal Blue (Red, White & Royal Blue, #1)",Casey McQuiston,OL20090688W,OL57388938M
sarah,Romeo and Juliet,William Shakespeare,OL44050420W,OL60168618M
sarah,"To All the Boys I've Loved Before (To All the Boys I've Loved Before, #1)",Jenny Han,OL17203233W,OL26880856M
sarah,Pride and Prejudice,Jane Austen,OL66554W,
sarah,"Twilight (The Twilight Saga, #1)",Stephenie Meyer,OL5720023W,OL37073278M
sarah,"Shopaholic to the Rescue (Shopaholic, #8)",Sophie Kinsella,OL17830862W,OL26418904M
sarah,"Shopaholic to the Stars (Shopaholic, #7)",Sophie Kinsella,OL19982575W,OL27162710M
sarah,"Mini Shopaholic (Shopaholic, #6)",Sophie Kinsella,OL15369411W,OL24355844M
sarah,"Shopaholic & Baby (Shopaholic, #5)",Sophie Kinsella,OL5730749W,OL7439446M
sarah,"Shopaholic and Sister (Shopaholic, #4)",Sophie Kinsella,OL16068027W,OL24965712M
sarah,"Shopaholic on Honeymoon (Shopaholic, #3.5)",Sophie Kinsella,OL25170385W,OL33515625M
sarah,"Shopaholic Ties the Knot (Shopaholic, #3)",Sophie Kinsella,OL5730763W,OL23247346M
sarah,"Shopaholic Takes Manhattan (Shopaholic, #2)",Sophie Kinsella,OL5730759W,OL23246354M
sarah,Christmas Shopaholic,Sophie Kinsella,OL21209498W,OL28731368M
sarah,The Hating Game,Sally  Thorne,OL20032935W,
sarah,Swimming Pool Sunday,Madeleine Wickham,OL8365812W,OL7816191M
sarah,Love Lettering,Kate Clayborn,OL20639262W,OL27900373M
sarah,"Life’s Too Short (The Friend Zone, #3)",Abby Jimenez,OL23621900W,OL42138135M
sarah,"The Friend Zone (The Friend Zone, #1)",Abby Jimenez,OL20880831W,
sarah,"The Happy Ever After Playlist (The Friend Zone, #2)",Abby Jimenez,OL20667427W,
sarah,"Royal Holiday (The Wedding Date, #4)",Jasmine Guillory,OL20146103W,
sarah,"Party of Two (The Wedding Date, #5)",Jasmine Guillory,OL20771393W,OL28110292M
sarah,"The Proposal (The Wedding Date, #2)",Jasmine Guillory,OL19761168W,OL26974177M
sarah,"The Wedding Party (The Wedding Date, #3)",Jasmine Guillory,OL20073914W,
sarah,"The Wedding Date (The Wedding Date, #1)",Jasmine Guillory,OL19670214W,
sarah,A Scientific Guide to Successful Relationships,Emily Nagoski,,
sarah,Come as You Are: The Surprising New Science that Will Transform Your Sex Life,Emily Nagoski,OL17870214W,OL28170351M
sarah,Burnout: The Secret to Unlocking the Stress Cycle,Emily Nagoski,OL20163365W,OL27345320M
sarah,Beach Read,Emily Henry,OL20734329W,OL28042755M
sarah,"Well Met (Well Met, #1)",Jen DeLuca,OL20129857W,
sarah,"Well Played (Well Met, #2)",Jen DeLuca,OL21677710W,OL29488072M
sarah,"Off the Clock (Pleasure Principle, #1)",Roni Loren,OL20019654W,OL27199717M
sarah,"How Not to Let Go (Belhaven, #2)",Emily Foster,,
sarah,"How Not To Fall (Belhaven, #1)",Emily Foster,OL20054395W,OL27234410M
sarah,"Love Her or Lose Her (Hot & Hammered, #2)",Tessa Bailey,OL20639737W,OL35837077M
sarah,"Fix Her Up (Hot & Hammered, #1)",Tessa Bailey,OL26501084W,OL35832384M
sarah,"Tools of Engagement (Hot & Hammered, #3)",Tessa Bailey,OL21765098W,OL29631709M
sarah,The Roommate (Shameless #1),Rosie Danan,OL21676778W,OL29486465M
sarah,"Ready Player Two (Ready Player One, #2)",Ernest Cline,OL20907281W,OL28337503M
sarah,"Girl Gone Viral (Modern Love, #2)",Alisha Rai,OL21651653W,OL35967557M
sarah,"The Right Swipe (Modern Love, #1)",Alisha Rai,OL20081454W,OL27261462M
sarah,Roomies,Christina Lauren,OL19729002W,
sarah,Dating You / Hating You,Christina Lauren,OL20057674W,
sarah,Twice in a Blue Moon,Christina Lauren,OL20319340W,OL27543382M
sarah,The Honey-Don't List,Christina Lauren,OL20657772W,
sarah,My Favorite Half-Night Stand,Christina Lauren,OL21853727W,
sarah,Love and Other Words,Christina Lauren,OL19738192W,OL27350500M
sarah,"The Unhoneymooners (Unhoneymooners, #1)",Christina Lauren,OL20153602W,OL27333967M
sarah,"A Beautifully Foolish Endeavor (The Carls, #2)",Hank Green,OL20876521W,OL28319085M
sarah,"An Absolutely Remarkable Thing (The Carls, #1)",Hank Green,OL19649395W,OL26869165M
sarah,"You Had Me at Hola (Primas of Power, #1)",Alexis Daria,OL21164754W,OL30198147M
sarah,"Spoiler Alert (Spoiler Alert, #1)",Olivia Dade,OL21703590W,OL29869233M
sarah,In Case You Missed It,Lindsey Kelk,OL20937676W,OL28367342M
sarah,"Angels & Demons (Robert Langdon, #1)",Dan    Brown,OL76833W,OL31891285M
sarah,"The Hunger Games (The Hunger Games, #1)",Suzanne Collins,OL5735363W,OL37079411M
sarah,The Fault in Our Stars,John  Green,OL16444438W,
sarah,"The Kiss Quotient (The Kiss Quotient, #1)",Helen  Hoang,OL19744698W,
sarah,99 Percent Mine,Sally  Thorne,OL20152681W,OL35953334M
sarah,Remember Me?,Sophie Kinsella,OL5730762W,
sarah,The Runaway Bunny,Margaret Wise Brown,OL151861W,OL62503157M
sarah,Where the Red Fern Grows,Wilson Rawls,OL465360W,OL29691438M
sarah,The Phantom Tollbooth,Norton Juster,OL1636262W,OL21383739M
sarah,From the Mixed-up Files of Mrs. Basil E. Frankweiler,E.L. Konigsburg,OL2987238W,OL32183274M
sarah,"A Wrinkle in Time (Time Quintet, #1)",Madeleine L'Engle,OL41495W,OL27095682M
sarah,"Watership Down (Watership Down, #1)",Richard  Adams,OL2096536W,OL25940375M
sarah,Twilight Director's Notebook: The Story of How We Made the Movie Based on the Novel by Stephenie Meyer,Catherine Hardwicke,OL8838455W,OL23238370M
sarah,"Betrayed (House of Night, #2)",P.C. Cast,OL14957436W,OL9408541M
sarah,Twilight: The Complete Illustrated Movie Companion,Mark Cotta Vaz,OL2055264W,OL23103066M
sarah,"The Hobbit, Part One",J.R.R. Tolkien,OL27482W,OL44147230M
sarah,"The Lion, the Witch and the Wardrobe (Chronicles of Narnia, #1)",C.S. Lewis,OL40550440W,
sarah,"Little House on the Prairie (Little House, #3)",Laura Ingalls Wilder,OL1719792W,
sarah,Make Way for Ducklings,Robert McCloskey,OL4638367W,OL7641346M
sarah,The Poky Little Puppy,Janette Sebring Lowrey,OL2810603W,OL9845733M
sarah,The Monster at the End of this Book,Jon Stone,OL3009031W,OL7428991M
sarah,The Polar Express,Chris Van Allsburg,OL3743751W,OL3030324M
sarah,Are You My Mother?,P.D. Eastman,OL517198W,OL9209336M
sarah,Falling Up,Shel Silverstein,OL3368234W,OL7277487M
sarah,Milk and honey,Rupi Kaur,OL17606111W,OL27132601M
sarah,A Light in the Attic,Shel Silverstein,OL3368239W,OL7277486M
sarah,"Good Omens: The Nice and Accurate Prophecies of Agnes Nutter, Witch",Terry Pratchett,,
sarah,"The Bad Beginning (A Series of Unfortunate Events, #1)",Lemony Snicket,OL15104144W,OL7510930M
sarah,"Charlie and the Chocolate Factory (Charlie Bucket, #1)",Roald Dahl,OL45790W,OL7360740M
sarah,Where the Sidewalk Ends,Shel Silverstein,OL3368235W,OL7277485M
sarah,Bridge to Terabithia,Katherine Paterson,OL27079W,
sarah,Matilda,Roald Dahl,OL45846W,OL7508147M
sarah,"Wonder (Wonder, #1)",R.J. Palacio,OL16142094W,OL25025136M
sarah,Eleanor & Park,Rainbow Rowell,OL16803752W,OL61146885M
sarah,The Perks of Being a Wallflower,Stephen Chbosky,OL875437W,
sarah,The Lovely Bones,Alice Sebold,OL5962664W,OL22236387M
sarah,The Time Traveler's Wife,Audrey Niffenegger,OL4720160W,
sarah,The Help,Kathryn Stockett,OL11999891W,OL16990642M
sarah,The Book Thief,Markus Zusak,OL5819456W,
sarah,Looking for Alaska,John  Green,OL265426W,OL39482441M
sarah,"Uglies (Uglies, #1)",Scott Westerfeld,OL547172W,OL3314799M
sarah,"Matched (Matched, #1)",Ally Condie,OL15493120W,OL24840179M
sarah,"Allegiant (Divergent, #3)",Veronica Roth,OL16808471W,OL31773052M
sarah,A Walk to Remember,Nicholas Sparks,OL54813W,
sarah,"City of Ashes (The Mortal Instruments, #2)",Cassandra Clare,OL8455253W,OL9609638M
sarah,"City of Glass (The Mortal Instruments, #3)",Cassandra Clare,OL15829843W,OL22560050M
sarah,"Breaking Dawn (The Twilight Saga, #4)",Stephenie Meyer,OL5720022W,OL37075046M
sarah,"Mockingjay (The Hunger Games, #3)",Suzanne Collins,OL14908941W,OL25441043M
sarah,"Harry Potter and the Order of the Phoenix (Harry Potter, #5)",J.K. Rowling,OL82548W,
sarah,"Catching Fire (The Hunger Games, #2)",Suzanne Collins,OL5735360W,OL61277962M
sarah,"City of Bones (The Mortal Instruments, #1)",Cassandra Clare,OL8455255W,OL8458200M
sarah,"The Lightning Thief (Percy Jackson and the Olympians, #1)",Rick Riordan,OL492658W,OL42476783M
sarah,Eragon (The Inheritance Cycle #1),Christopher Paolini,OL5819895W,OL24369388M
sarah,"Ender’s Game (Ender's Saga, #1)",Orson Scott Card,OL49488W,OL27900720M
sarah,"Ready Player One (Ready Player One, #1)",Ernest Cline,OL15936512W,OL24842593M
sarah,"Jurassic Park (Jurassic Park, #1)",Michael Crichton,OL46881W,OL27097011M
sarah,The Martian,Andy Weir,OL17091839W,OL32815550M
sarah,Bossypants,Tina Fey,OL15703704W,
sarah,"The Hitchhiker’s Guide to the Galaxy (The Hitchhiker's Guide to the Galaxy, #1)",Douglas Adams,OL2163649W,
sarah,Fahrenheit 451,Ray Bradbury,OL103123W,
sarah,Animal Farm,George Orwell,OL1168007W,OL31677688M
sarah,1984,George Orwell,OL11326416W,
sarah,The Great Gatsby,F. Scott Fitzgerald,OL468431W,OL23109860M
sarah,"Harry Potter and the Sorcerer's Stone (Harry Potter, #1)",J.K. Rowling,OL82563W,OL26018592M
sarah,"Confessions of a Shopaholic (Shopaholic, #1)",Sophie Kinsella,OL5730768W,OL23245892M
shannon,Enemies to Lawyers,Letizia Lorini,,
shannon,"Good Spirits (Ghosted, #1)",B.K. Borison,OL42433605W,OL57581300M
shannon,Heart the Lover,Lily King,OL43763830W,OL59656611M
shannon,"First-Time Caller (Heartstrings, #1)",B.K. Borison,OL42397881W,OL57571650M
shannon,"Books Don't Lie, Husbands Do",L.J. Epps,,
shannon,The Quiet Girls,Dorothy Koomson,,
shannon,The Sisters of Crimson House,Melissa Anderson Sweazy,,
shannon,Someone Else's Husband,Kimberly McCreight,,
shannon,"Cursed City (Harker Academy, #2)",Kate  Golden,,
shannon,The Heart You Kept (Kings of the Riviera #1),T.L. Swan,OL45588595W,OL62085380M
shannon,Don’t Go Baking My Heart: A Cosy Paranormal Grim Reaper & Baker Love Story (Village of Foxford),Kate  Callaghan,,
shannon,Just This Once (The Kings),Lena Hendrix,,
shannon,Once Upon a Demon's Heart (Cruel Fates #1),K.M. Moronova,,
shannon,The Cherry Blossom Boathouse (Solace Springs #1),Laura   Bloom,OL45399244W,
shannon,Between the Lines,Haley Cass,,
shannon,"The Black Wolf (Chief Inspector Gamache Novel, 20)",Louise Penny,OL44322292W,
shannon,"Until The Stars Burn Out (Shadowsworn, #2)",Jordan Lynde,,
shannon,The Favor,Adele Griffin,OL28801422W,OL50635649M
shannon,The Lethe Elixir: A cozy second-chance amnesia Regency-inspired fantasy romance (Calatini Tales #7),Katherine Dotterer,,
shannon,The Girl is Mine,Laura    Wolfe,,
shannon,"We Love You, Bunny",Mona Awad,OL42544076W,
shannon,"Perfect Wives, Perfect Lies: A Novel",Jennifer Anne Gordon,,
shannon,You Let Me In,Lucy Clarke,OL21635364W,
shannon,Five Survive,Holly  Jackson,OL28020413W,OL46115212M
shannon,Sugar Sand Land: A Novel (The Reality Star Romance),Patricia Leavy,,
shannon,"Lucy Kline, Necromancer",Tom  O'Donnell,,
shannon,The Witch,Freida McFadden,,
shannon,Miss Archer,Jordan  Harrison,,
shannon,"Potions & Prejudice (The Moonflower Witches, #1)",Tee Harlowe,,
shannon,The Things You'll Never Know,Ashley Audrain,,
shannon,Tart: Misadventures of an Anonymous Chef,Slutty Cheff,,
shannon,Do You See What I See?,Peter  Swanson,,
shannon,The Forest Year: Finding Hope in a World Worth Saving,Ethan Tapper,,
shannon,The Beautiful Ones,Silvia Moreno-Garcia,OL19720081W,
shannon,"Edge of Obsession (Edge of Ruin, #1)",Megan Crane,OL27458025W,
shannon,Good Girls Die Bored,Elizabeth  Little,,
shannon,Those Who Are Gone: A Novel (Raquel Laing #2),Laurie R. King,,
shannon,Buried in the Woods Below,Daniel G.  Miller,OL45979472W,OL62546346M
shannon,The Finalist,Faith Gladwin,,
shannon,"Before You Were Anne (Chelsey Calhoun, #2)",Emiko Jean,OL45923335W,
shannon,Whale Harbor,Mary Beth Keane,OL45787725W,
shannon,Peck & Peck,Bonnie Garmus,OL45394326W,
shannon,Unfinished Business,Clare Osongco,,
shannon,Some People,Parini Shroff,,
shannon,"Promise Me Sunshine (Hearts of New York, #2)",Cara Bastone,OL42551551W,OL57761114M
shannon,Don't Look for Me,Wendy   Walker,OL20761198W,
shannon,The Baby Bluff (Bar Down #2),Cali Melle,,
shannon,Brain Games,Nicole Alfrine,,
shannon,The Whisper Man,Alex North,OL20094468W,OL29800545M
shannon,Mayluna,Kelley McNeil,OL37612179W,
shannon,Before I Disappear,Cate Quinn,,
shannon,The Christmas Yes List,Melissa    Ferguson,,
shannon,Make Me Hate You,Kandi Steiner,OL21996385W,
shannon,A Mind of Her Own,Danielle Steel,,
shannon,The Stopover (The Miles High Club #1),T.L. Swan,OL45588328W,OL62085095M
shannon,West of Forever (Heartstone Ranch #1),Corinne Michaels,,
shannon,The Fae Guardian,Elle Thrasher,,
shannon,The Pleasure Trap,Emelie Olsson,,
shannon,My Unfamiliar,Mara Rutherford,,
shannon,Drowning in Paper Flowers,E.L. Westbury,OL45941750W,OL62502656M
shannon,Forty Going on Nineteen,Kristina  Thornton,,
shannon,Old Flames,Nadine Gonzalez,,
shannon,Thunderbird Ranch,Laura Griffin,,
shannon,"Heartbreaker (The Mavens, #2)",Morgan  Elizabeth,,
shannon,Marry Me Not (House of Ferraro #2),Gabrielle Sands,,
shannon,Happiness Deconstructed: The Hidden Architecture of a Life Well Lived,Hussein Kanji,,
shannon,The Many Private Lives of Missy Cooke,Jane Green,,
shannon,The Last Man on Earth: A Survival Romance,Shae Sanders,,
shannon,The Paradox Club,Charlie Lovett,,
shannon,The Power of No: A Celebration,Anna Holmes,,
shannon,Please Enjoy Your Stay,Tara Goedjen,,
shannon,Our Strange Duet,Erin A. Craig,OL45940461W,
shannon,Take What You Can,Naima Coster,OL45859790W,OL62405403M
shannon,"One-Track Mind: A Second Chance, Friends to Lovers Romance with Spicy Lessons (Outlaw Series Book 3)",Erin Olivier,,
shannon,"Shatter Me (Shatter Me, #1)",Tahereh Mafi,OL16014245W,OL24917781M
shannon,"Nightshade (Sorrowsong University, #1)",Autumn  Woods,OL44552456W,
shannon,Love You More,Emily Giffin,OL45745110W,OL62271641M
shannon,Make Me (Play Me #4),Adriana Locke,,
shannon,The Sky Beneath Her,Mary Ellen Taylor,,
shannon,The Tomorrow Tree,Carolyn Brown,,
shannon,The Date,T.H. Murdock,,
shannon,Maggie and Arthur's Magic Moment,Leslie René,,
shannon,Little Red House,Liv Andersson,OL27850777W,OL42995040M
shannon,The Story Baker,Carsten Henn,,
shannon,This B Just Won't Die!: A Novel,Tanya Pell,,
shannon,Fair Ones,Lydia Millet,OL45032304W,OL61431433M
shannon,Danger Lies Within (The Ranfurly Mysteries),K.M. Krenik,,
shannon,Daisy,Katie Cotugno,,
shannon,"Lost and Found (Spunes, OR, #3)",Tarah DeWitt,OL45868557W,
shannon,"Gravespell (Mages & Murder, #1)",James Trevino,,
shannon,Girl in Pieces,Kathleen Glasgow,OL20234863W,OL48604870M
shannon,The Siren,Tomi Adeyemi,,
shannon,"Daggermouth (The Heart, #1)",H.M.  Wolfe,OL44956458W,
shannon,You Do You: 100+ Endlessly Adaptable Recipes to Boost Your Culinary Confidence,Serena Wolf,,
shannon,"Free Falling (Sweetwater Peak, #2)",Lyla Sage,OL45394018W,
shannon,What We Found Instead: A Novel,Heidi Reimer,,
shannon,The Way Home,Amanda Prowse,,
shannon,"Heavenfield (DCI Ryan Mysteries, 3)",L.J. Ross,OL45967157W,
shannon,Where We Go at Night,Ikwo Ntekim,,
shannon,Friends and Family,Natalie Baszile,,
shannon,"Birth of the Witch (A Coven of Three Trilogy, #1)",Nora Roberts,,
shannon,They Say a Girl Died Here,Sarah Pinborough,OL45033329W,OL61432699M
shannon,Hot Girl Murder Club,Ashley Winstead,OL45881158W,OL62429835M
shannon,"Redeeming 6 (Boys of Tommen, #4)",Chloe Walsh,OL35718870W,
shannon,"Once, Again, Always",Amanda Gayle,,
shannon,"Captivated by You (Crossfire, #4)",Sylvia Day,OL19991468W,
shannon,"I've Got a Crush on You (Darling Springs, #2)",Lauren Blakely,,
shannon,"Saving 6 (Boys of Tommen, #3)",Chloe Walsh,OL35723898W,
shannon,"Falling for You (Falling For, #1)",Natasha Madison,,
shannon,"A Vow in Vengeance (Immortal Desires, #1)",Jaclyn  Rodriguez,OL45948178W,OL62510063M
shannon,"Redeemed (Dirty Air, #4)",Lauren Asher,OL38394408W,OL52227865M
shannon,Claimed by the Orc King (Fated and Bound #1),Roxy Taylor,,
shannon,Sweetbitter Song,Rosie Hewlett,OL45848769W,OL62392631M
shannon,Immortal Rose,Alexandra Bracken,OL45342956W,
shannon,"Hi Pretty Girl, Bye Pretty Girl",Daniel Amory,,
shannon,Everything That Is Beautiful,Louise Nealon,OL45984569W,
shannon,We Are Gathered Here Today,Bobby Finger,,
shannon,Don't Fall in Love With Me,Paige Toon,OL45361342W,
shannon,Muñeca,Cynthia Gómez,OL45902745W,
shannon,Just Between Us (The Kings #3),Lena Hendrix,,
shannon,"Chasing the Rush (Football and Feels, #2)",Lauren Rowe,,
shannon,A Tangled Magic,Andrea Eames,OL45984948W,
shannon,One Shattered Crown (Grimm Bargains #3),Rebecca Zanetti,,
shannon,"Dinner Time: Deeply Delicious Meals in 15, 30, 45 and 60 minutes",Zena Kamgaing,,
shannon,Tethered Love (Silver Saddle Ranch #3),Ann Einerson,,
shannon,Awake Awake,Fiona Mozley,OL45147852W,
shannon,Fireworks (Scottish Spice #2),Bonnie Woods,OL42538534W,OL57738448M
shannon,Yesteryear,Caro Claire Burke,OL45177696W,OL61601586M
shannon,Off the Record: A Novel,Sara Goodman Confino,,
shannon,Midnight Haze: A fake dating steamy romance (Lavender Creek),Tate West,,
shannon,Turning: A Novel,Wayne Feinstein,,
shannon,Hollow Bones,Jodi Picoult,OL45968201W,OL62533119M
shannon,"Hell Bent (Alex Stern, #2)",Leigh Bardugo,OL27852012W,OL47325072M
shannon,How to Be Less Useful: The Joy of Inefficiency,Priyanka Mattoo,,
shannon,I Know the Ants,Lang Leav,,
shannon,The Glass Hotel,Emily St. John Mandel,OL20656802W,OL28087168M
shannon,Destination Funeral,Paige Harbison,OL45854852W,OL62399801M
shannon,Student Union (The Undergrads #1),Julie   Murphy,OL45882849W,OL62431772M
shannon,"Letters from the Last Apothecary (Tressport Magic, #1)",Bita Behzadi,,
shannon,Falling for Peachtree Bluff (Peachtree Bluff #5),Kristy Woodson Harvey,,
shannon,As Long as It Takes,Jill  Francis,,
shannon,The Light of Stars,Jenelle Hovde,OL45152076W,
shannon,Black Water Bones,S.E. Reed,,
shannon,"Everything, Everything",Nicola Yoon,OL17843967W,OL26430329M
shannon,The Sins of Summer Daughters,Lo Patrick,,
shannon,See You at the Sunset,Susan  Lee,,
shannon,To Drown a Witch,Lindsey Olsson,OL45149393W,
shannon,Salt Sisters,Lindsey J. Palmer,,
shannon,In Wonderland,Joyce Maynard,,
shannon,The Knocking: A Novel (The Knocking Books Book 1),Laura Lee Bahr,,
shannon,Her Wolf (Wolves of Montrevere #1),Sapir A. Englard,,
shannon,"The Next Lie (The Secrets of Chapel Roads, #2)",Camden Baird,,
shannon,Hidden Strangers (Dangerous Strangers Thrillers #3),Minka Kent,,
shannon,"Unbound (Confluence Academy, 1)",Penelope Bloom,,
shannon,Forsaking Midnight (Defying the Stars #2),Emily McIntire,OL45731559W,OL62256308M
shannon,Loved One: A Novel,Aisha Muharrar,,
shannon,"Foxx (The Soldiers of Bedlam, #3)",Paisley Hope,OL45347566W,
shannon,Daughters of the Wreckage,Stefanie Koens,,
shannon,Snowed In at the Wildest Dreams Bookshop,Gracie Page,OL44543189W,
shannon,Autumn at the Cat Cafe,Kathleen Fuller,OL45902933W,OL62454908M
shannon,Witch Trial,Harriet Tyce,OL45988007W,
shannon,Dear Miss Lake  (The Emmy Lake Chronicles),A.J. Pearce,,
shannon,"Ember: A Mafia Romance (The Hunted Kingdom, 2)",Naima Simone,OL45345779W,OL61803041M
shannon,Succubus: A Love Story,Kate          Fox,,
shannon,The Half Life,Rachel Beanland,OL45622403W,
shannon,"Cross My Heart, I Hope You Die",Mallory Arnold,OL45347735W,
shannon,Lovestuck,Farah Naz Rishi,,
shannon,The Lawyer's Husband,Robin      James,,
shannon,"A Not So Meet Cute (Cane Brothers, #1)",Meghan Quinn,OL27954238W,
shannon,In Her Own League,Liz Tomforde,OL45669316W,
shannon,"Faults (Primrose Hill, #1)",Brittany Storm,,
shannon,This Immortal Heart,Jennifer Saint,OL45397071W,
shannon,Carried Away,Gracie Madison Elizabeth,,
shannon,The MASH Up,Laura Marie Meyers,,
shannon,Good Company,Kate Christensen,,
shannon,"A Poison of Shadows (Whisperbound, #2)",Annie Anderson,,
shannon,Most Ardently Yours,Freya Sampson,,
shannon,Cowboy Eyes: A Novel (Love & Art),Patricia Leavy,,
shannon,The Fall Affair (Deluxe Edition),Vi Keeland,,
shannon,Light and Shadows,Darin Gibby,,
shannon,"Alma Vampires (The Icarus University, #1)",Elena  Armas,OL45344579W,
shannon,Trying Not to Love You (Moran Sisters #1),Kaylee Ryan,,
shannon,"You Had Me at Bigfoot (Daphne Drew, #1)",Nancy Campbell Allen,OL45610964W,
shannon,Those Who Shall Die (A First State Suspense Novel),Michael   Bradley,,
shannon,"Life-Changing Bible Verses Every Woman Should Know: Help, Hope, and Healing from God’s Word to Your Heart",Rebecca Lutzer,,
shannon,Mrs. Christie at the Mystery Guild Library,Amanda  Chapman,OL43850535W,
shannon,The Frozen People,Elly Griffiths,OL43657252W,
shannon,White Rabbit,Abigail Rose-Marie,,
shannon,People Watching in the Desert,Cali Adeline,,
shannon,The Calamity Club,Kathryn Stockett,OL45732307W,OL62257180M
shannon,Man Overboard!,Kathleen Rooney,,
shannon,"The Woman in Suite 11 (Lo Blacklock, #2)",Ruth Ware,OL45361199W,
shannon,The Last to Drown: A Thriller,Noelle W. Ihli,OL45537590W,
shannon,Thank You for Remembering: A Novel,Emily  Harding,,
shannon,The Solo Honeymoon: A Brief Beautiful True Love Story,Laura  Murphy,,
shannon,The Bookshop Woman: My Year Transforming Lives—One Book at a Time,Nanako Hanada,,
shannon,Engineering a Love Story,Kathleen Reidy,,
shannon,Summer People,Sally Blakely,,
shannon,When Forever Falls Apart (Cinnamon Springs #2),Kat T. Masen,,
shannon,I Never Knew You at All,Christine Pride,OL45921731W,
shannon,Time to Burn,Ellery Lloyd,OL45609100W,
shannon,"Ghost Me, Maybe",Manda Collins,,
shannon,Late in the Day,Imogen  Clark,,
shannon,Joy Is a Risk Worth Taking,Kelly McGonigal,,
shannon,Arcana Academy,Elise Kova,OL42419363W,
shannon,Book Club Boyfriend,Jenny  Holiday,,
shannon,"The Vampire's Cult: The Untold Story of Obsession, Control, and a Shocking Small-Town Murder",Chet Hardin,,
shannon,"Santa Maybe (The Holliday Girls, 2)",Hazel   Henry,,
shannon,"Food Is Medicine: Healing Our Bodies, Nourishing Our Minds, and Transforming Our Food System",Dariush Mozaffarian,,
shannon,"To All the Men I’ve Killed Before (Kitty Collins, #3)",Katy Brent,,
shannon,Meet Your Baker (Bakeshop Mystery #1),Ellie Alexander,OL20890557W,
shannon,"Imagine That: Transform How You Think, Feel, and Live with the Science of Imagination",Cassandra Vieten,,
shannon,"A Study in Sparkling (Love Notes, #2)",Jodi McAlister,,
shannon,"Murder on Thin Ice (Bookmobile Cat Mystery, #14)",Laurie Cass,OL45153531W,
shannon,World's Okayest Oracle (Reluctantly) Seeks Demon (Supernatural Entanglements),Olivia Dade,,
shannon,"Loving All: Stories from My Life, My Teachers, and the Path of Compassion",Tulku Pema Rigtsal,,
shannon,Where the Wildflowers Grow,Terah Shelton Harris,OL42436742W,OL57582356M
shannon,Blow by Blow: The Jeff Beck Story,Brad Tolinski,,
shannon,Just Another Dead Boy,Kelly McCaughrain,OL45344880W,
shannon,"Hot Lips: An Angsty Second Chance, Rockstar Romance (Sexodus Series Book 1)",Liz Castle,,
shannon,The Miller's Daughter,Joy Corwin,,
shannon,Pretty Dead Things,Kelsey  Cox,OL45988068W,
shannon,"Soul Searching (Sweetwater Peak, #1)",Lyla Sage,OL44560853W,OL60895967M
shannon,Heart of Glass,Jennifer Hillier,OL46019553W,
shannon,"Ask for Andrea (Ask for Andrea, #1)",Noelle W. Ihli,OL44552918W,
shannon,The Break-Up Retreat,Camilla Sten,,
shannon,So It Grows,Andie Burke,,
shannon,"Fever Dream (Emerald Lake, #1)",Elsie Silver,OL45342033W,
shannon,Famous Last Words,Gillian McAllister,OL42402341W,OL57547671M
shannon,"Light Wielder (Fire & Metal, #2)",Rachel   Schneider,OL45345287W,
shannon,Missing Molly,Natalie Barelli,OL24620449W,
shannon,Into the Blue,Emma Brodie,OL45587728W,
shannon,The Culinary Hill Cookbook: Modern Home Cooking with a Midwestern Heart,Meggan Hill,,
shannon,The Girls Who Grew Big,Leila Mottley,OL45033041W,OL61432345M
shannon,Sacred Ruin (Original Sin #3),Mila Kane,,
shannon,One Good Eye (Jeep Mullane #2),Kevin Wade,,
shannon,She Must Go,A.J.     Campbell,,
shannon,"No Room For Rivals (Hotel Bellwether, #3)",MéLisa Ryun,,
shannon,Take It to Your Grave,Louangie Bou-Montes,OL45929655W,OL62488444M
shannon,"Sometimes in Love, Sometimes Broken",Mark Stary,,
shannon,"Change Your Story, Change Your Life: Using Shamanic and Jungian Tools to Achieve Personal Transformation",Carl Greer,OL20029293W,OL27209343M
shannon,Wellbeing Rituals: Science-Backed Practices for Sustainable Healing and Living,Koya Webb,,
shannon,"Daughter of the Dark (Daughters of Auquis, #1)",R.J. Valldeperas,,
shannon,"Game On (Into Darkness, #3)",Navessa Allen,OL45106192W,OL62249945M
shannon,The Marriage Portrait,Maggie O'Farrell,OL27303435W,OL46537270M
shannon,First and Forever,Lynn Painter,OL45398878W,
shannon,The Stepsister's Secret,Karen King,,
shannon,Stripped Down: Unfiltered and Unapologetic,Bunnie Xo,OL45445643W,OL61921244M
shannon,"Birds of a Feather (Ravenhood Legacy, #3)",Kate  Stewart,,
shannon,"The Mistake (Off-Campus, #2)",Elle Kennedy,OL22057778W,
shannon,Appetite,P. Paramita,,
shannon,Tropesick,Lauren Okie,OL45985192W,
shannon,Rain of Shadows and Endings (The Legacy #1),Melissa K. Roehrich,OL44588962W,
shannon,"The Governess's Guide to Spells and Managing Misfit Marquesses (The Parasol Academy, #2)",Amy Rose Bennett,,
shannon,The Heir of Whitestone,Catherine Coulter,,
shannon,"The Throne of Broken Gods (Gods & Monsters, #2)",Amber V. Nicole,OL35744209W,
shannon,The Lake House (Firefly Summer),Lori Foster,,
shannon,Birds of a Feather: The Secrets of a Knight (The Ravenhood Legacy #3),Kate  Stewart,OL45719230W,OL62241990M
shannon,Have a Great Summer,Francesca  Cocchi,,
shannon,When No One Else Will,Amanda Skenandore,,
shannon,Losers: Part One,Harley Laroux,OL38005832W,OL61802920M
shannon,"Small Town Smokeshow (The Calloway Ranch, #2)",Holly Renee,,
shannon,"Worthy of Fate (Realms in Peril, #1)",A.N. Caudle,,
shannon,"Just Playing for Keeps (Hockey Ever After, #2)",Lauren Blakely,,
shannon,"Metal Slinger (Fire & Metal, #1)",Rachel   Schneider,OL45120847W,
shannon,Fair Game (The Rules of the Rink #1),Ruth Stilling,,
shannon,Booked on You,Lyra Parish,,
shannon,Finders Keepers,Natalie Barelli,OL36490991W,
shannon,"Good Joy, Bad Joy",Mikki Brammer,OL45148920W,
shannon,Pen Pal,J.T. Geissinger,,
shannon,The Final Score,Lana Ferguson,OL45345425W,
shannon,"The Deal (Off-Campus, #1)",Elle Kennedy,OL42430111W,
shannon,The Twelve Loves of Christmas: An Advent Romance Collection,Alexandria Bellefleur,,
shannon,Fear the Reaper (Mac McKenzie #23),David Housewright,,
shannon,The Talking Bone: A Novel,Rene Denfeld,OL46021830W,OL62595022M
shannon,The Neighbors Are Watching,Aggie Blum Thompson,OL45983643W,OL62551150M
shannon,"Dead Before Tea Time: An Agatha Raisin Mystery (Agatha Raisin Mysteries, 37)",M.C. Beaton,,
shannon,"The Dying Light (Two Rivers, #4)",Ann Cleeves,OL45083684W,
shannon,Out of Her League,Ava Rani,,
shannon,Casually Yours,Vivian Jia Lac,,
shannon,Watching You,Kate Anslinger,,
shannon,Chase Me If You Can,Heather Frances,,
shannon,Trad Wife,Sarah Langan,OL45344725W,
shannon,The Five Seasons Method: A Gentle Path toward Emotional and Spiritual Balance,Leda Elliott,,
shannon,Simple Meal Solutions for High Blood Pressure: 75 Recipes to Lower Blood Pressure and Support a Healthy Heart,Michelle Routhenstein,OL45397774W,OL61863773M
shannon,Worst Faking Idea (Babes of Brewing: Spicy Version #4),Angela Casella,,
shannon,Unapologetic Love Story,Elle McNicoll,OL45984804W,
shannon,Married With Benefits,Ellie  Palmer,,
shannon,We Will See You Bleed,Ron Currie Jr.,,
shannon,The Man,Laura Sims,,
shannon,The Best I Never Had,Amy Buchanan,,
shannon,The Final Target,Nora Roberts,OL45985225W,
shannon,The Maid,Michelle Flynn Osborne,OL27861039W,OL50734990M
shannon,This Changes Everything,Danielle McKechnie,,
shannon,The Perfumer’s Secret: A WWII Novel,Fiona Schneider,,
shannon,Our Infinite Fates,Laura   Steven,OL42393207W,OL57564205M
shannon,Chasing Daylight: Four Memorable Stories of Love and Suspense,David P. Warren,,
shannon,The River Muse,Laura Resau,,
shannon,By the Bootstraps (Starlight Ridge),Alexa  Martin,,
shannon,"Grim Tidings (Ghosted, #2)",B.K. Borison,OL45398168W,OL62592588M
shannon,Decomposition Book,Sara van Os,,
shannon,"The Riddle Maker (Porter Beck, #4)",Bruce Borgos,,
shannon,The Hope Keeper,Heather  Webb,,
shannon,The View From Lake Como: A Novel,Adriana Trigiani,OL42401030W,OL62452974M
shannon,The Hiding Season,Ava Glass,,
shannon,An Infinite Love Story,Chanel Cleeton,OL45745143W,
shannon,Where Lost Girls Go,Kody Keplinger,,
shannon,"Off the Grid (Average Gents, #1)",J.S.  Wood,,
shannon,Clashing Hearts: An Enemies to Lovers Romance (Haven Crossroads),Evey Lyon,,
shannon,"Queen of Roses (Blood of a Fae, #1)",Briar Boleyn,OL39108988W,
shannon,Gray After Dark,Noelle W. Ihli,OL45040895W,OL61441343M
shannon,Reap & Sow,Charlotte B. Plumb,,
shannon,Not The Woman You Think,Hazel Calder,,
shannon,First and Forever,Lynn Painter,OL45398878W,
shannon,The Endless One (The Gravesinger #3),Emma Hamm,OL45399209W,
shannon,"Labyrinthine (Thrones of the Forsaken, #1)",C.J.  Holmes,,
shannon,It Happened on the Lake,Lisa  Jackson,OL43578454W,
shannon,Guess Again,Charlie Donlea,OL44970837W,
shannon,Just My Luck (The Kings #2),Lena Hendrix,OL38687621W,
shannon,Losers: Part Two,Harley Laroux,OL36427228W,OL62256051M
shannon,One of the Family,Mark  Edwards,OL45397363W,
shannon,The Truth About Ruby Cooper,Liz Nugent,OL45343100W,
shannon,When They Find Me,Carter   Wilson,,
shannon,The House Guest,Jennifer Pashley,,
shannon,Tenderness,Rowan Beaird,,
shannon,Every Version of You,Natalie Messier,,
shannon,The Drowning Season,Debra Webb,,
shannon,"When the Light Returns (The Winter Dark, #2)",Joanna Ruth Meyer,,
shannon,"You Can Tell Me (Olivia Cruz, #1)",Melinda Leigh,,
shannon,Hawk & Sparrow,Ayana Gray,,
shannon,Spellstruck,Martha Waters,,
shannon,Royal Summer,Kass Morgan,,
shannon,Days of Feasting and Rejoicing,David Bergen,,
shannon,So Happy Together,Olivia Worley,OL42538731W,
shannon,"How to Cheat Your Own Death (Castle Knoll Files, #3)",Kristen Perrin,OL42410166W,
shannon,"Eat, Drink, and Be Merry: A Gospel Call to Bold Enjoyment",Raymond C. Ortlund Jr.,,
shannon,The Real Ones (Chasing Victory #1.5),J. Rose Black,OL45176991W,
shannon,Red Verdict (Nora Carleton),James B. Comey,OL45426363W,OL61898465M
shannon,The Island Bakeshop (The Island Shop #2),Roseanna M. White,,
shannon,Summerland Cove,Ellen Baker,OL46011818W,OL62583604M
shannon,The Paris Match,Kate Clayborn,OL45849252W,
shannon,Everyone Is Perfect Here,Jane Haseldine,,
shannon,Burnout Summer,Jenna Ramirez,OL46006991W,OL62578149M
shannon,"Spur of the Moment (Willow Creek, #1)",Juliana Smith,,
shannon,Portrait of a Haunting,Madison Tyler Nelson,,
shannon,Blue Jean Summer (Wilder Estate #1),Maggie C. Gates,,
shannon,With All My Haunted Heart,Isabel Sterling,,
shannon,Love Felt Like This,Julie Olivia,,
shannon,A Shop Girl's Guide to Wooing a Lord (The Heiress Hunters #1),Shana Galen,,
shannon,The Exquisite Torment of Loving Your Enemy (Dearly Beloathed),Brigitte Knightley,OL45394331W,
shannon,Tell Me with Kisses,Mercedes Ron,OL45986179W,
shannon,The Dead Husband Cookbook,Danielle Valentine,OL42396351W,
shannon,The Family Experiment,John Marrs,OL37582574W,
shannon,Summer Husband: A Novel,Amy Lorowitz,OL45033301W,
shannon,Us Dark Few,Alexis Patton,OL39188546W,
shannon,Yellow Pine,Claire Vaye Watkins,OL45957781W,
shannon,The Masked Truth,Kelley Armstrong,OL17880435W,
shannon,Tourist Season (The Seasons of Carnage Trilogy #1),Brynne Weaver,OL44234497W,OL62256101M
shannon,You Can't Hurry Second Chances: A Novel,Michelle Stimpson,,
shannon,Unfinished Business (True North Book 2),Zoey Ford,,
shannon,Another Life,D.M. Natalias,,
shannon,Mediterranean Diet Cookbook for Beginners: 2000+ Days of Flavorful 30-Minute Recipes with a 30-Day Meal Plan to Simplify Healthy Eating and Boost Your Well-Being,Julianna Wiggins,,
shannon,Calamity Rayne: Gets A Life,Lydia Michaels,OL32416534W,
shannon,Just For Tonight (Rinkside Romance #1),Sage  Wells,,
shannon,"The Rule of Three (Salacious Legacy, #2)",Sara Cate,OL45732474W,OL62257367M
shannon,North Country (Cold River),K.A. Tucker,,
shannon,"The New Autoimmune Protocol: The Complete Guide to Managing Autoimmune Disease, with 75 Delicious Recipes",Mickey Trescott,,
shannon,Valley of the Moms,Hannah Selinger,OL45740926W,OL62266824M
shannon,The Love Variations: A Novel,Victoria  Lee,,
shannon,Not a Strong Enough Word,Allie Samberts,OL44586081W,
shannon,Murder Unabridged: An Old Juniper Bookshop Mystery,P.J. Nelson,,
shannon,"The Body in the Bath (Helgi, #3)",Ragnar Jónasson,,
shannon,"In a World of Sunrises: 365 Days of Heart, Soul, and Hope",Cleo Wade,OL45152219W,OL61571971M
shannon,Brutal Legacy (Original Sin #2),Mila Kane,OL45032766W,
shannon,"Savvy Summers and the Po'boy Perils (Savvy Summers Mysteries, #2)",Sandra Jackson-Opoku,,
shannon,Older,Jennifer Hartmann,OL38050585W,
shannon,The Anniversary,Alex Finlay,,
shannon,"Fire and Ice (Boston Bobcats, #2)",Carly Robyn,,
shannon,"Beneath a Broken Sky (Ben Packard, #4)",Joshua Moehling,OL45398579W,
shannon,She Waits Where Shadows Gather,Michelle Tang,OL45347175W,OL61804534M
shannon,Until Death,Mary Berman,,
shannon,The Au Pair,Teddy Wayne,OL45834644W,OL62376309M
shannon,The One (Dark Future #1),John Marrs,OL20521432W,
shannon,Codebreakers: A Wordhunter Mystery,Stella Sands,,
shannon,Road Trip,Mary Kay Andrews,,
shannon,"Yes, Chef",Grace Reilly,,
shannon,The Notes Between Us: A contemporary and feel-good romantic comedy,Shirley Day,,
shannon,As Far as She Knew,Diana Awad,,
shannon,Whispers of Ink and Starlight,Garrett Curbow,,
shannon,No Place to Be Single,Felicia Kingsley,,
shannon,It's Getting Hot in Here,Jane Costello,OL38013180W,
shannon,A Killer in the Family,Amin Ahmad,OL45337855W,
shannon,Ms. Mebel Goes Back to the Chopping Block,Jesse Q. Sutanto,OL45585827W,
shannon,Hidden Nature,Nora Roberts,OL42426837W,
shannon,The Academy (The Academy Series #1),Elin Hilderbrand,OL44039811W,
shannon,Happy Accidents: A Finding Maisy Novel,K.D. Elledge,,
shannon,Gifted & Talented,Olivie Blake,OL42416825W,
shannon,"Safe Keeping (Triple Creek Ranch, #2)",Kristen Proby,,
shannon,Return to Sender,Stephanie Parente,,
shannon,The Girls Trip,Ally Condie,,
shannon,Killing Sadie,Rachel  Peterson,,
shannon,The Night King’s Court,Elisa A. Bonnin,,
shannon,Hostile,Nicole Dykes,,
shannon,Gone Before Goodbye,Reese Witherspoon,OL42428608W,OL57571424M
shannon,"Cowboy Casual (The Calloway Ranch, #1)",Holly Renee,OL44590926W,OL60907152M
shannon,The Road to Tender Hearts,Annie  Hartnett,OL42426132W,OL61574440M
shannon,Brighter than Before,Courtney Walsh,,
shannon,Half His Age,Jennette McCurdy,OL44829733W,OL61196125M
shannon,Served Him Right,Lisa Unger,OL45849276W,OL62393206M
shannon,Divine Oaths,Elizabeth Agyemang,,
shannon,Embrace (Off the Ice #4),Bal Khabra,OL45106189W,
shannon,"In Season: 125+ Sweet and Savory Recipes Celebrating Simple, Fresh Ingredients (A Fresh Eggs Daily Cookbook)",Lisa   Steele,,
shannon,The Good Sister,Bonnie Traymore,,
shannon,"Lassoed Love (Silver Saddle Ranch, #2)",Ann Einerson,,
shannon,The True Confessions of First Lady Freeman,Deesha Philyaw,,
shannon,The One Day You Were My Husband,Rosie Walsh,OL45984824W,
shannon,Dolly All the Time,Annabel Monaghan,OL46011772W,
shannon,Lina & June,Genevieve Wheeler,,
shannon,How to Seal Your Own Fate (Castle Knoll Files #2),Kristen Perrin,OL42410166W,
shannon,Liar's Dice,Juliet Faithfull,,
shannon,Green & Deadly Things,Jenn Lyons,OL45984898W,
shannon,Dreamland,Olivie Blake,OL45783229W,
shannon,The Faraway Inn,Sarah Beth Durst,OL45588963W,
shannon,"Tough Guy (Game Changers, #3)",Rachel  Reid,OL25432584W,
shannon,My Husband's Wife,Alice Feeney,OL44870937W,OL61243617M
shannon,A Latte Like Love,Michelle C. Harris,,
shannon,100 Mental Health Journaling Prompts,Richard French,,
shannon,The MASH Up,Laura Marie Meyers,,
shannon,In Your Dreams (When in Rome #4),Sarah       Adams,OL44560958W,
shannon,Your Soulmail Is Attached: A Novel,Joan F.  Smith,,
shannon,Not Precisely Mr. Knightley  (The Silver Teapot #2),Carolyn   Miller,,
shannon,Strangers: A Memoir of Marriage,Belle Burden,OL44815782W,OL61179946M
shannon,Rachel West and the Fallen Starlet,Emma   Mills,,
shannon,The Night Hunter,Natalie       Moss,OL45033601W,
shannon,"Weavingshaw (Weavingshaw, #1)",Heba Al-Wasity,,
shannon,The Memory of Borrowed Books,Meg  Anderson,OL45149423W,
shannon,The Unstoppables,David Biro,,
shannon,The Unforeseen,Claire   Ackroyd,,
shannon,"A Queen Crowned in Flames (Bonded to Beasts, #2)",Hazel McBride,OL45345817W,
shannon,Beginning Middle End,Valeria Luiselli,OL45033603W,
shannon,Lady X,Molly Fader,OL45557335W,OL62049801M
shannon,Protect Your Energy,Zahabiyah A. Yamasaki,,
shannon,Getting Away with Murder,Shari Lapena,OL45834131W,OL62375794M
shannon,Somewhere Soft to Land,kai alonté,,
shannon,A Brewed Awakening,Pepper Basham,,
shannon,The Whisper,Chelsea Iversen,,
shannon,The Sowing Season: A Practical Guide to Cultivating Small Habits That Invite God's Abundance,Ashley Hetherington,,
shannon,We Would Never Tell,Anne-Sophie Jouhanneau,OL45674708W,
shannon,The French Illusion,John Grisham,,
shannon,"I, Spy",L.M. Kemp,,
shannon,The Insomniacs,Allison Winn Scotch,,
shannon,The Rainy Day Bookshop,RaeAnne Thayne,,
shannon,Songbird in the Gallows,Alta Hensley,OL45726683W,
shannon,Happy Ending,Chloe Liese,OL45126999W,
shannon,All the Little Ways,Laura Lekkos,,
shannon,One Golden Ring (Angel Mountain Christmas #2),Clara Pines,,
shannon,"Shadow Reaper (Shadow Reaper, #1)",Lynette Noni,OL45397279W,
shannon,"The Thoroughbreds (The Academy, #2)",Elin Hilderbrand,,
shannon,A Forbidden Alchemy (The Artisan Trilogy),Stacey McEwan,OL42549171W,
shannon,Mad Mabel,Sally Hepworth,OL44477870W,
shannon,"The Butcher Game (Dr. Wren Muller, #2)",Alaina Urquhart,OL38040148W,
shannon,The Top of the World (Far & Away #2),Elizabeth Camden,,
shannon,Fall into Place,Kristyn J. Miller,,
shannon,Deep Dark Truth,Debra Webb,,
shannon,The Missing Ones,A.R. Torre,,
shannon,"Light Burned (Realm of Four Kingdoms, #3)",Jayci Lee,,
shannon,The Lost Summer: A Novel (Haven Cliff Book 2),Wendy Corsi Staub,,
shannon,Ship Happens,Mason Deaver,,
shannon,Alchemy of Souls,Adriana Mather,,
shannon,Frida Slattery as Herself,Ana Kinsella,OL45987810W,
shannon,Don't Tell Me How It Ends (Dial Delights),Adrienne Thurman,,
shannon,Last One Out,Jane Harper,OL45604125W,
shannon,On Eating: The Making and Unmaking of My Appetites,Alicia Kennedy,,
shannon,Who Knew the Ridpath Girl: A Mystery,Stacy Johns,OL45395988W,OL61861783M
shannon,Beartooth: A Novel,Callan Wink,,
shannon,Tempted by the Nanny (Sycamore Falls),Tracy  Leigh,OL45155472W,
shannon,"Twisted Pawn (Society of Villains, #2)",L.J. Shen,OL45726916W,OL62250936M
shannon,You Are Protected: Invoking Spiritual Support to Sustain Your Energy,Michelle Cassandra Johnson,,
shannon,"Accidentally in Bloom (Love in Fairwick Falls, #1)",Elise Kennedy,OL35810349W,
shannon,"Destructively Mine (Webs We Weave, #2)",Krista Ritchie,,
shannon,"Dishonestly Yours (Webs We Weave, #1)",Krista Ritchie,OL37565459W,OL51109072M
shannon,"This Messy, Gorgeous Love: A Buddhist Guide to Lasting Partnership",Nico Hase,,
shannon,Change of Plans,Sarah Dessen,OL45396860W,
shannon,Just for the Season,Rachel   Griffiths,,
shannon,When Lemons Give You Life: A Novel,Anna  Johnston,OL45987816W,
shannon,The Name Game,Beth O'Leary,OL45987778W,
shannon,The Story Keeper,Kelly Rimmer,,
shannon,Beach Thriller,Jamie Day,,
shannon,Come Eat: 100 Nourishing Recipes to Eat Every Day,Melissa Ben-Ishay,,
shannon,The Counting Game,Sinéad Nolan,OL42413007W,
shannon,Stranger Things Have Happened,Kasie West,OL45949584W,OL62511642M
shannon,The Sleeping Sisters,Jennifer Givhan,,
shannon,It Will Come Back To You,Sigrid Nunez,OL45983485W,
shannon,"Into the Fading Twilight (Starlight Grove, #2)",Catherine Cowles,OL45344658W,
shannon,Crash Into Me,Robinne Lee,OL45347762W,
shannon,A Deal with a Debutante,Chelsea Bobulski,,
shannon,The Bookshop of 99 Doors,Jaime Jo Wright,,
shannon,The Secret He Keeps: An utterly unputdownable and gripping domestic suspense novel,Laura Elliot,,
shannon,Pieces of the Night,Jennifer Hartmann,OL45126997W,
shannon,Conform (The Conform Series),Ariel Sullivan,OL42409476W,
shannon,"Game Changer (Game Changers, #1)",Rachel  Reid,OL27916409W,OL38386976M
shannon,"Heated Rivalry (Game Changers, #2)",Rachel  Reid,OL25434351W,
shannon,To Cage a Wild Bird (Divided Fates #1),Brooke Fast,OL44558467W,
shannon,Sexy Nerd,Kayley Loring,OL29067323W,
shannon,Fever Beach: A Novel,Carl Hiaasen,,
shannon,The Divorce,Freida McFadden,OL45344754W,
shannon,Plant Lady,Minyoung Kang,,
shannon,A Horse's World: A Neuroscientist's Journey into the Equine Mind,Janet L. Jones,,
shannon,"Harvest Season (The Seasons of Carnage Trilogy, #2)",Brynne Weaver,OL44324496W,
shannon,The Summer of Second Chances,K.L. Walther,,
shannon,Love Beyond Reasonable Doubt: A Novel,Swati Hegde,,
shannon,I Leave It Up to You: A Novel,Jinwoo Chong,,
shannon,Once Upon a Cookbook: A Treasury of Recipes Inspired by Timeless Children's Books,Bryton Taylor,,
shannon,The Good Parts,Evann Normandin,OL45881175W,OL62429852M
shannon,"Curses, Keys, and Secret Societies (Sisters of Light and Shadow, #2)",Breanne  Randall,OL45032572W,
shannon,These Summer Storms,Sarah MacLean,OL45152953W,OL61572808M
shannon,Chasing the Clouds Away,Debbie Macomber,,
shannon,Dog Person,Camille Pagán,,
shannon,It Girl,Allison Pataki,,
shannon,The Book Witch,Meg Shaffer,OL45112462W,OL61524761M
shannon,The Missing Half,Ashley Flowers,OL43667069W,
shannon,"Perfect Life (Winter Park, #2)",Meredith Lavender,,
shannon,Backstabbers,Eliza Jabore,,
shannon,Look What You Made Me Do,John Lanchester,OL45986963W,
shannon,They All Fall in Love at the End,Haili Blassingame,,
shannon,The Players Club: A Novel,Rachel   Mills,,
shannon,The Jellyfish Problem,Tessa Yang,,
shannon,A Sprinkle of Sweet Serendipity,Rachel Linden,,
shannon,The Shampoo Effect,Jenny   Jackson,OL45344808W,
shannon,Our Beautiful Boys: A Novel,Sameer Pandya,OL42408720W,
shannon,Ideal Life: A Novel,Evelyn Skye,,
shannon,Let Me Get Back to You: A Novel,Liana Haley,,
shannon,Love by the Book,Jessica George,,
shannon,The Maid's Secret: A Maid Novel (Molly the Maid),Nita Prose,OL45688914W,OL62206775M
shannon,The Wish,Heather   Morris,,
shannon,When Mikan Road Was Ours,D.K. Furutani,,
shannon,On Thin Ice,Olivia   Belle,,
shannon,The Last Time We Saw Her,Jaclyn Goldis,,
shannon,Save the Date,Mallory Kass,OL45929604W,OL62488384M
shannon,It Could Have Been Her,Lisa Jewell,OL45345265W,
shannon,Big & Lily,Lisa Roe,,
shannon,Racing Hearts,Ann  Adams,,
shannon,Tarot and the Psychology of the Soul: Exploring the Archetypal Mirrors of the Psyche,Mariana Louis,,
shannon,Man of My Dreams,Olivia Worley,OL45151780W,OL61571433M
shannon,Skin Contact,Elisa Faison,,
shannon,The Good Eye,Jess Gibson,,
shannon,Cleopatra,Saara El-Arifi,OL42408320W,
shannon,The Only One Who Knows,Lisa M. Matlin,,
shannon,Worse than a Lie (Beau Lee Cooper #1),Ben Crump,,
shannon,Death Meets Cute,J. Penner,OL46021563W,OL62594711M
shannon,Harbor Pointe,Irene Hannon,,
shannon,The Bookstore Diaries,Susan Mallery,OL45946203W,OL62507772M
shannon,The Good Girl Exception (Hellcats Hockey #2),Maren Moore,,
shannon,"Fast Lane (Campus Drivers, #1)",C.S. Quill,,
shannon,Scandalized,Lauren Billings,OL45941671W,OL62502562M
shannon,"Tell Me Everything (Amgash, #5)",Elizabeth Strout,OL44575529W,OL60885929M
shannon,"Spies, Lies, and Alibis",Natalie Walters,,
shannon,The Romance Revival,Christina Lauren,OL45342870W,
shannon,The Last Lady B,Eloisa James,OL42568647W,OL57786289M
shannon,The Forgotten Midwife,Laura     Anthony,,
shannon,Tell Your Friends,Lauren    Wilson,,
shannon,Want to Know a Secret?,Freida McFadden,OL30913975W,
shannon,The Parisian Heist,Jo Piazza,,
shannon,With Friends Like You,Amy Chozick,OL45881169W,
shannon,What She Thought She Saw: A Psychological Thriller,Dan Grylles,,
shannon,How to Kill a Crime Writer,Sarah Lotz,OL45360928W,
shannon,Kiss Slay Replay,Rachel   Harrison,,
shannon,Small Great Things,Jodi Picoult,OL20192760W,
shannon,Harmless,Miranda Shulman,,
shannon,Gracie Harris Is Under Construction,Kate  Hash,,
shannon,Romantic Hero,Kirsty Greenwood,OL45344777W,
shannon,Dangerously Ours (Webs We Weave),Krista Ritchie,,
shannon,Boots Beneath Her Bed,Taylor   Esposito,OL45360737W,
shannon,Extracurricular,Rachel Lynn Solomon,OL45347575W,
shannon,"Strange Familiars (Seamere College, #1)",Keshe Chow,OL45399240W,
shannon,The Someday Garden,Ashley Poston,OL45346044W,
shannon,The Ex Talk,Rachel Lynn Solomon,OL24172494W,
shannon,But I Hate Him,Page Powars,,
shannon,The Heirs,Faridah Àbíké-Íyímídé,OL45346385W,
shannon,Imperfect Women,Araminta Hall,OL20664990W,OL32957174M
shannon,"Hustle, Baby",Priya Guns,,
shannon,The Unknown,Riley Sager,OL45927528W,
shannon,The Summer Share,Jenn McKinlay,,
shannon,You’ll Love It Here,Natalie Sue,OL46019722W,OL62592581M
shannon,The Ordinary Magic of Meditation,John Welwood,,
shannon,Something in the Walls,Daisy Pearce,OL42422543W,
shannon,Nothing to My Name,Kangkang Kovacs,,
shannon,A Sea of Unspoken Things: A Novel,Adrienne Young,OL42331851W,
shannon,If Books Could Kill,Kate Eberle,,
shannon,In Stormy Weather,Chelsea Curto,OL45345969W,OL61803252M
shannon,The Shadow Step (Detective Miller #3),Mark Billingham,,
shannon,"Unbreakable Courage: Strong Faith in an Age of Anxiety, Chaos, and Exhaustion",Max Lucado,,
shannon,"The Midnight Train (The Midnight World, #2)",Matt Haig,OL45341675W,
shannon,In Her Defense,Philippa Malicka,,
shannon,Make Me Better,Sarah Gailey,OL45862089W,
shannon,The Moonsingers: A Cozy Fairy Tale,Robyn J Pritzker,,
shannon,The Original,Priya Parmar,OL45985062W,
shannon,The Girl with a Thousand Faces,Sunyi Dean,OL28806609W,
shannon,Heather,Caitlin Mullen,,
shannon,Empire of Flame and Thorns,Marion Blackwood,OL44475427W,
shannon,"Curious Tides (Drowned Gods, #1)",Pascale Lacelle,OL35722778W,OL48836221M
shannon,Abby Offsides,Anna McCallie,OL45875890W,
shannon,The Last Time We Drowned,Saratoga Schaefer,OL45397204W,
shannon,Killing Me Softly,Sandie Jones,OL45507282W,
shannon,How to Find Love in the Cereal Aisle,Alissa DeRogatis,,
shannon,The Dahlia Suite: A Novel,Carinn Jade,,
shannon,Helpless,Jessica Knoll,OL45399720W,
shannon,"Plastic, Prism, Void: Part One",Violet Allen,,
shannon,"The Lies that Summon the Night (Songs for the Sinless, #1)",Tessonja Odette,OL45858569W,
shannon,Under the Whispering Door,T.J. Klune,OL20862021W,OL28247654M
shannon,The Particular Sadness of Lemon Cake,Aimee Bender,OL15469195W,OL24734025M
shannon,"A River Red with Blood (Charlie Parker, #23)",John Connolly,OL45587483W,OL62084024M
shannon,Cleopatra's Dagger,Carole Lawrence,OL27454164W,OL37420357M
shannon,Last Kiss of Summer,Jessica M. Felleman,,
shannon,The Summer Boy,Philippe Besson,OL45396193W,
shannon,Southern Souls: A Haunting Story,Sarah Lauer Nakawatase,,
shannon,Good Woman: A Reckoning,Savala Nolan,,
shannon,In Your Court (The Westbridge State Series Book 1),Amanda Cirilli,,
shannon,"Blood Bound (Cursed Covenant, #1)",Ellis Hunter,,
shannon,Venus Love Trap,Jessica Sherry,,
shannon,It's Not What You Think,Clare Mackintosh,OL45985628W,
shannon,Meet Me in the Garden,Nina LaCour,OL46009876W,OL62581352M
shannon,The Shippers,Katherine Center,OL45399221W,
shannon,The Dead Ringer,Dane Bahr,,
shannon,Rewrite the Stars,Lindsay Hameroff,,
shannon,You With the Sad Eyes,Christina Applegate,,
shannon,Three Days Earlier,Lynn  Walker,OL44601410W,
shannon,The Night Bus,Tessa Bickers,OL45896186W,OL62447228M
shannon,When You Loved Me,Beatriz Williams,,
shannon,How to Find a Guy in Five Weddings,Cynthia Timoti,OL45033330W,OL61432702M
shannon,A Neighbor's Guide to Murder,Louise Candlish,OL45396002W,
shannon,Last Bite,Amy S. Peele,,
shannon,This Must Be the Place,Kelly Quindlen,OL45911626W,
shannon,Of Venom and Vengeance,Mikayla Bridge,OL45149682W,
shannon,Augusta Pine Does Not Exist,Emily Lloyd-Jones,OL45987519W,
shannon,All We Hunger For,Anna Mercier,OL45867920W,OL62414744M
shannon,Black River,Ruby Jean Cottle,OL44582223W,
shannon,The Ten Year Lie,Debra Webb,,
shannon,I Choose Me,Jennie Garth,,
shannon,"Make Your Own: 120+ Minimally Processed, Oil-Free, Wheat-Free, Sugar-Free, Plant-based Recipes",Javant Benton,,
shannon,"Moonlight Murder (Detective Aunty Investigates, #2)",Uzma Jalaluddin,OL44902157W,OL61279801M
shannon,The Lowe Job,Grace   Alexander,OL45940921W,OL62501647M
shannon,More than Friends,Denise Hunter,OL45395860W,OL61861638M
shannon,Life: A Love Story,Elizabeth Berg,,
shannon,All Booked Up,Melody Carlson,,
shannon,The Good Fortune of Miss Robbins,Melanie Dickerson,,
shannon,You Did Nothing Wrong,C.G. Drews,OL43955395W,OL59946535M
shannon,Without a Clue,Melissa    Ferguson,OL45398311W,OL61864367M
shannon,Knight of the God King,Lauren Blackwood,,
shannon,Next To Heaven,James Frey,OL42439196W,
shannon,Booked at Midnight (Midnights on the Square #2),Emily W. Andersen,,
shannon,AMMAZZA!: Culinary Adventures from New York to Italy and Back Again (A Cookbook),Hillary Sterling,,
shannon,The Forgotten Lore (Ellen Poe #1),Diana Peterfreund,,
shannon,Little Wild,Laura    Evans,,
shannon,The Most Mysterious Bookshop in Paris (Paris Bookshop Mysteries),Mark Pryor,,
shannon,The Eyes Are the Best Part,Monika Kim,OL37825469W,
shannon,Braving the Storm (Crimson Ridge #2),Elliott Rose,OL45106159W,
shannon,The Frozen River,Ariel Lawhon,OL35750093W,OL53367494M
shannon,Wildflower,Becky Jenkinson,,
shannon,Leave and Come Back,Lavanya Lakshmi,,
shannon,"The Hockey Situation (Billionaire Situation, #6)",Lyra Parish,,
shannon,Toe to Toe,Falon Ballard,,
shannon,All the Water in the World,Eiren Caffall,OL42340502W,
shannon,The Cupid Dilemma,April Asher,,
shannon,"Coronation (Royally Forbidden, #1)",Cleo White,,
shannon,The Last Celebrity,Madeleine Henry,,
shannon,"Yes, Chef",Grace Reilly,,
shannon,The Book Tour,Emily Ohanjanians,,
shannon,You Girls Play Nice,K.D. Aldyn,,
shannon,Love Overboard,Kandi Steiner,OL45986557W,
shannon,"Magic and Mischief at the Wayside Hotel (The Magical Wayside Hotel, #1)",Elizabeth  Everett,,
shannon,Our Perfect Storm,Carley Fortune,OL45113336W,OL61525763M
shannon,The House of Now and Then,Edward  Underhill,OL45911223W,
shannon,"Brighter Than Nine (Darker by Four, #2)",June C.L. Tan,,
shannon,"A Girl Like Her (Deluxe Edition) (Ravenswood, 1)",Talia Hibbert,OL45977283W,OL62543761M
shannon,House of Spells and Secrets,Ivy Cassidy,,
shannon,Trad Wife,Saratoga Schaefer,OL45075265W,
shannon,"Kiss, Marry, Kill",Lori Gold,,
shannon,"Hart's Landing (Hart's Landing, #1)",Melanie Harlow,OL45092439W,
shannon,The Midnight Book Club (Midnights On the Square #1),Emily W. Andersen,,
shannon,"Heir of Twisted Lies (Stonegate, #2)",L.J. Andrews,,
shannon,Dollface,Lindy Ryan,OL45979498W,OL62546373M
shannon,For Human Use,Sarah G. Pierce,,
shannon,Sunlight Finds You,Laura Moriarty,,
shannon,"A Bookish Story: a clean and wholesome, workplace, secret identity, book lovers romance",Heatherly Bell,,
shannon,Missing,E.A.  Jackson,,
shannon,"Songbird of the Sorrows (Myths of the Empyrieos, #1)",Braidee Otto,,
shannon,"Levels of Love (Novel Haven, #1)",Anabelle Stehl,OL45986388W,
shannon,When Among Crows (Curse Bearer #1),Veronica Roth,OL37857078W,
shannon,A Lie for a Lie,Ren DeStefano,,
shannon,Deadly Ripples,Penny Goetjen,OL38382751W,OL52215353M
shannon,Getting Naked: The Quiet Work of Becoming Perfectly Imperfect,Valerie Bertinelli,,
shannon,The Write Off,Kara McDowell,,
shannon,"No Matter What (Hearts of New York, #3)",Cara Bastone,OL45988290W,
shannon,A Wedding at the Little Bookshop by the Sea (Micklewick Bay #7),Eliza J. Scott,,
shannon,Endgame,Willa  Gray,OL45992817W,
shannon,The Women in White,Sarah Pekkanen,,
shannon,Reality Bites,Amy Mass,,
shannon,This Story Might Save Your Life,Tiffany Crum,OL45929628W,
shannon,"The Hotshot (The Dugout, #1)",Piper Rayne,,
shannon,"Cloud Nine (Snowy Peak, #1)",Amanda Sinatra,,
shannon,"The Cherry Crush Flower Shop (Maple Falls, #3)",Harper Graham,,
shannon,"Keeping 13 (Boys of Tommen, #2)",Chloe Walsh,OL27965945W,
shannon,The Favorites,Layne Fargo,OL42425231W,OL57570559M
shannon,"Binding 13 (Boys of Tommen, #1)",Chloe Walsh,OL35677398W,
shannon,Dear Debbie,Freida McFadden,OL44800712W,OL61335904M
shannon,The Housewife,Natalie Barelli,OL45344771W,
shannon,Midnight Sunflowers,Ally  Williams,,
shannon,Grace & Henry's Holiday Movie Marathon,Matthew Norman,OL42552733W,OL57762759M
shannon,The Heir Apparent,Rebecca Armitage,OL44543779W,OL60891231M
shannon,The Intruder,Freida McFadden,OL44220759W,OL60452419M
shannon,The Inmate,Freida McFadden,OL31191485W,
shannon,Don't Let Him In,Lisa Jewell,OL43578450W,OL59403559M
shannon,The Reading List,Sara Nisha Adams,OL24347979W,OL32241801M
shannon,The River Is Waiting,Wally Lamb,OL42428586W,OL59283614M
shannon,"Downpour (The Griffith Brothers, #2)",Maggie C. Gates,OL42401333W,OL60885823M
shannon,This Book Made Me Think of You,Libby  Page,OL45346386W,
shannon,"No Place Like You (Oaks Sisters, #2)",Jillian Meadows,OL45984934W,OL62552602M
shannon,The Re-Do List,Denise  Williams,,
shannon,Honey in the Wound,Jiyoung Han,OL45341602W,
shannon,Heart Life Music: A New York Times Bestselling Memoir from the Beloved Country Music Star,Kenny Chesney,OL44548741W,OL60900357M
shannon,Confess,Colleen Hoover,OL19998163W,OL27403117M
shannon,Those Empty Eyes,Charlie Donlea,OL39126946W,
shannon,"A Long Time Gone (Ben Packard, #3)",Joshua Moehling,OL42410363W,OL57752888M
shannon,Two Sides to Every Murder,Danielle Valentine,OL37860508W,OL57582821M
shannon,"Before I Let Go (Skyland, #1)",Kennedy Ryan,OL27850288W,
shannon,Think You'll Be Happy,Nicole Avant,OL34335195W,
shannon,Muddy the Water,Matt Barrows,,
shannon,She's So Bad,Bonita Fabian,,
shannon,Celebrate: Joyful Baking All Year Round,Paul Hollywood,OL42429016W,OL57572111M
shannon,Storybook Ending,Moira   Macdonald,OL42399335W,
shannon,"The Ex-Girlfriend Murder Club (A Hu Done It Mystery, #1)",Gloria Chao,OL42550024W,OL57758535M
shannon,"Chasing Evil: Shocking Crimes, Supernatural Forces, and an FBI Agent’s Search for Hope and Justice",John Edward,OL42425110W,OL57566229M
shannon,Friends to Lovers,Sally Blakely,OL42428444W,OL57571148M
shannon,The Alchemist,Paulo Coelho,OL42974242W,
shannon,"That's Amore (Lake Garda Mysteries, #1)",Heidi Troi,,
shannon,"Only Between Us (Oakwood Bay, #2)",Ellie K. Wilde,OL45275361W,OL61720472M
shannon,Tell Them You Lied,Laura Leffler,OL45343336W,OL61800484M
shannon,Departure 37,Scott  Carson,OL42550312W,OL57760154M
shannon,Atomic Hearts,Megan Cummins,,
shannon,Ladykiller,Katherine      Wood,OL37857336W,OL51095957M
shannon,"The Next Mrs. Parrish (Mrs. Parrish, #2)",Liv Constantine,OL37612978W,OL50706907M
shannon,"Return to Jesus: An Invitation to Abide with Him in Every Beautiful, Stressful, or Tedious Moment",Jen      Thompson,,
shannon,Daughter of Mine,Megan Miranda,OL37574011W,
shannon,You Belong Here,Megan Miranda,OL42444751W,OL60847649M
shannon,Stay Away from Him,Andrew DeYoung,OL42411721W,OL57543872M
shannon,Betting on Good,Wendy Francis,OL42429571W,
shannon,Blue Sisters,Coco Mellors,OL37567597W,OL62552197M
shannon,The Cliffs,J. Courtney Sullivan,OL37661032W,OL56872380M
shannon,The Best We Could Hope For,Nicola Kraus,OL42413101W,
shannon,"You, Me, and Forever (Blushing #1)",Laura Pavlov,OL42439412W,
shannon,Heathen & Honeysuckle,Sarah A. Bailey,OL42450894W,OL57603411M
shannon,Her Ruthless Protector,S.J. Winter,,
shannon,Living by the Word: 12 Practical Principles for Christian Living,Seth M. Jones,,
shannon,Boney Creek,Paula Gleeson,,
shannon,"Her First Mistake (Noelle Marshall, #1)",Kendra Elliot,OL42425204W,
shannon,The Perfect Roommate,Minka Kent,OL27401434W,
shannon,"The Daily Buddhist: 366 Days of Wisdom for Happiness, Inner Freedom, and Mindful Living ― A Self-Help Guide to Buddhist Philosophy and Meditation",Pema  Sherpa,OL43472841W,OL59247915M
shannon,"The Faking Game (The Billionaire Games, #1)",Olivia Hayle,,
shannon,His First Wife,Sue Watson,OL42437355W,
shannon,Summer on Lilac Island,Lindsay MacMillan,OL42445325W,OL57595957M
shannon,"The Last Hope (Maggie Hope Mystery, #11)",Susan Elia MacNeal,OL45588791W,OL62085577M
shannon,The Wedding People,Alison Espach,OL37618227W,OL50714640M
shannon,Broken Country,Clare Leslie Hall,OL42549801W,OL57758196M
shannon,Bluebird Day,Megan Tady,OL39172293W,OL53325868M
shannon,The New Couple in 5B,Lisa Unger,OL37849628W,
shannon,Blue Sisters,Coco Mellors,OL37567597W,OL50733596M
shannon,"Sunlight (Haven River Ranch, #2)",Devney Perry,OL37883418W,
shannon,"Crossroads (Haven River Ranch, #1)",Devney Perry,OL37758696W,
shannon,Look Closer,David  Ellis,OL26604488W,OL36026236M
shannon,Home Is Where the Bodies Are,Jeneva Rose,OL37615492W,
shannon,Good Half Gone,Tarryn Fisher,OL37620040W,OL51084308M
shannon,The Lost Bookshop,Evie  Woods,OL35722643W,OL48681364M
shannon,The Family Game,Catherine Steadman,OL27089292W,OL38406169M
shannon,Magic Hour,Kristin Hannah,OL488438W,
shannon,Beautiful Ugly,Alice Feeney,OL42416706W,
shannon,The Things We Do for Love,Kristin Hannah,OL488463W,OL9841655M
shannon,What Happened to Nina?,Dervla McTiernan,OL37582957W,
shannon,The Anxious Generation: How the Great Rewiring of Childhood Caused an Epidemic of Mental Illness,Jonathan Haidt,OL37575384W,OL50713593M
shannon,The Third Wife,Lisa Jewell,OL20287030W,
shannon,Counting Miracles,Nicholas Sparks,OL37835104W,
shannon,"The Arrangement (The Arrangement, #1)",Kiersten Modglin,OL28913558W,
shannon,A Spark of Light,Jodi Picoult,OL19671335W,OL26889414M
shannon,Someone Else's Bucket List,Amy T. Matthews,OL28775314W,OL39493160M
shannon,If Something Happens to Me,Alex Finlay,OL37615599W,OL50733664M
shannon,"The Year of Less: How I Stopped Shopping, Gave Away My Belongings, and Discovered Life Is Worth More Than Anything You Can Buy in a Store",Cait Flanders,OL19734429W,OL26947521M
shannon,The Liar's Girl,Catherine Ryan Howard,OL19735006W,OL26948096M
shannon,Invisible Girl,Lisa Jewell,OL21177525W,OL28679603M
shannon,The Grownup,Gillian Flynn,OL20016157W,OL27196227M
shannon,The Let Them Theory,Mel Robbins,OL39181496W,OL61173896M
shannon,"The Happy Ever After Playlist (The Friend Zone, #2)",Abby Jimenez,OL20667427W,
shannon,No One Will Miss Her,Kat Rosenfield,OL21941722W,OL29924990M
shannon,The Paradise Problem,Christina Lauren,OL37625454W,
shannon,"Practice Makes Perfect (When in Rome, #2)",Sarah       Adams,OL28775292W,OL39493120M
shannon,"Yours Truly (Part of Your World, #2)",Abby Jimenez,OL28763084W,OL39475615M
shannon,Local Girl Missing,Claire Douglas,OL21130548W,OL28604279M
shannon,When We Were Friends,Jane Green,OL44984217W,OL61375835M
shannon,All the Colors of the Dark,Chris  Whitaker,OL37616867W,OL53330065M
shannon,Listen for the Lie,Amy Tintera,OL37579364W,OL50705623M
shannon,"The Spark Factor:  The Secret to Supercharging Energy, Becoming Resilient, and Feeling Better Than Ever",Molly Maloof,OL27915728W,OL38153819M
shannon,What Wild Women Do,Karma Brown,OL36868270W,OL49799879M
shannon,Let Me Lie,Clare Mackintosh,OL19732612W,OL29521186M
shannon,"Bye, Baby",Carola Lovering,OL37829215W,OL51044897M
shannon,"It Starts with Us (It Ends with Us, #2)",Colleen Hoover,OL27733867W,OL37050436M
shannon,"Part of Your World (Part of Your World, #1)",Abby Jimenez,OL24865656W,OL52264215M
shannon,The Complete Vampire Chronicles 12-Book Bundle,Anne Rice,OL27074704W,
shannon,"The Friend Zone (The Friend Zone, #1)",Abby Jimenez,OL20880831W,OL40662630M
shannon,All of This: A Memoir of Death and Desire,Rebecca Woolf,OL26420768W,OL36261379M
shannon,One Perfect Couple,Ruth Ware,OL37574454W,
shannon,"Under Your Spell (Theo & Cynthie, #1)",Laura  Wood,OL37575916W,OL50707460M
shannon,"When You Are Mine (The Bennett Series, 1)",Kennedy Ryan,OL21795214W,OL48302477M
shannon,The Women,Kristin Hannah,OL37247638W,OL50210208M
shannon,The Silent Woman,Minka Kent,OL38849104W,
shannon,"Twist (Off Balance Series, #4)",Lucia Franco,OL34439474W,
shannon,The Good Ones,Polly Stewart,OL28355137W,OL40125914M
shannon,"Release (Off Balance Series, #3)",Lucia Franco,OL22182358W,
shannon,"Execution (Off Balance Series, #2)",Lucia Franco,OL26057210W,
shannon,"Balance (Off Balance, #1)",Lucia Franco,OL29805968W,
shannon,Drive Your Plow Over the Bones of the Dead,Olga Tokarczuk,,
shannon,How to End a Love Story,Yulin Kuang,OL37579040W,OL50717323M
shannon,The Exception to the Rule,Christina Lauren,OL43789748W,OL59693044M
shannon,We Used to Live Here,Marcus Kliewer,OL37618590W,OL51093299M
shannon,The Magic of Lemon Drop Pie,Rachel Linden,OL26871855W,OL36435893M
shannon,Wilder (The Renegades #1),Rebecca Yarros,OL27836954W,OL38042796M
shannon,The Good Life: Lessons from the World's Longest Scientific Study of Happiness,Robert Waldinger,OL26772980W,OL38977056M
shannon,"Mile High (Windy City, #1)",Liz Tomforde,OL36042699W,
shannon,The Girls Who Disappeared,Claire Douglas,OL27894926W,OL38803679M
shannon,The Unwedding,Ally Condie,OL37625353W,OL50726535M
shannon,Anyone's Ghost,August Thompson,OL37572534W,OL51093240M
shannon,Before She Knew Him,Peter  Swanson,OL20152738W,
shannon,"The Galveston Diet: The Doctor-Developed, Patient-Proven Plan to Burn Fat and Tame Your Hormonal Symptoms",Mary Claire Haver,OL27894116W,OL38124056M
shannon,"Stillhouse Lake (Stillhouse Lake, #1)",Rachel Caine,OL19731774W,
shannon,What the Wind Knows,Amy Harmon,OL20162133W,
shannon,Something in the Water,Catherine Steadman,OL19749469W,OL26958700M
shannon,"When You're Ready, This Is How You Heal",Brianna Wiest,OL26085514W,
shannon,Funny Story,Emily Henry,OL37575890W,
shannon,Romantic Comedy,Curtis Sittenfeld,OL29225072W,OL40199342M
shannon,"The Housemaid Is Watching (The Housemaid, #3)",Freida McFadden,OL37576476W,OL50722099M
shannon,Atlas of the Heart: Mapping Meaningful Connection and the Language of Human Experience,Brené Brown,OL25023471W,OL33266726M
shannon,Summer Romance,Annabel Monaghan,OL37829561W,OL51045528M
shannon,"Braiding Sweetgrass: Indigenous Wisdom, Scientific Knowledge, and the Teachings of Plants",Robin Wall Kimmerer,OL16819897W,OL25446701M
shannon,Leave No Trace,Mindy Mejia,OL19749350W,OL26962399M
shannon,The Winemaker's Wife,Kristin Harmel,OL20086767W,OL34097415M
shannon,The Life Impossible,Matt Haig,OL42346207W,OL57447793M
shannon,The Wishing Game,Meg Shaffer,OL31128643W,OL42750306M
shannon,"Just for the Summer (Part of Your World, #3)",Abby Jimenez,OL37575309W,
shannon,Create a Life You Love: How to Quiet Outside Voices So You Can Finally Hear Your Own,Stephanie May Wilson,,
shannon,The Housekeeper's Secret,Iona Grey,OL37855111W,OL51092785M
shannon,The Most Wonderful Time,Jayne Allen,OL37859218W,OL51101336M
shannon,How to Walk Away,Katherine Center,OL19739283W,OL26952362M
shannon,The Soulmate,Sally Hepworth,OL27893359W,
shannon,The Things We Keep,Sally Hepworth,OL17355431W,OL25933267M
shannon,"Always, in December",Emily      Stone,OL24392739W,OL32304499M
shannon,My Darling Husband,Kimberly Belle,OL24480758W,
shannon,I Could Live Here Forever,Hanna  Halperin,OL28125589W,OL51130795M
shannon,The Winter People,Jennifer  McMahon,OL31560072W,OL43229145M
shannon,"Rule of the Aurora King (Artefacts of Ouranos, #2)",Nisha J. Tuli,OL34954679W,
shannon,Real Life Intuition: Extraordinary Stories from People Who Listen to Their Inner Voice,Melanie Barnum,OL37568049W,OL50624840M
shannon,"The Sins on Their Bones (The Cursed Crown, #1)",Laura R. Samotin,OL37613247W,OL50707277M
shannon,Match Me If You Can,Swati Hegde,OL37613040W,OL50706983M
shannon,Young Rich Widows,Kimberly Belle,OL35387052W,
shannon,Summertime Punchline,Betty Corrello,OL37588586W,OL50718322M
shannon,"The Upper Crush (Foxbrooke, #3)",Evie Alexander,,
shannon,"Sweet Home Macrame: A Beginner's Guide to Macrame: Learn to Make Jewelry, Home Decor, Plant Hangings, and More",Casey Alberti,OL37565060W,OL50620747M
shannon,"The Rival (Four Corners Ranch, #7)",Maisey Yates,OL37615181W,OL50709915M
shannon,The Trouble with Drowning,Heather Hach,OL35781915W,
shannon,Awake to Your Why: Achieve Your Goals and Change Your Life with the 5 AM Advantage,Bryce Chapman,,
shannon,Very Bad Company,Emma Rosenblum,OL37625233W,OL50729813M
shannon,Eris,Draven Aurora,OL37943143W,
shannon,"Relentless (MacTavish Mafia, #1)",Arianna Fraser,OL45587913W,
shannon,Lady Tan's Circle of Women,Lisa See,OL31130116W,OL42752295M
shannon,The Turn of the Key,Ruth Ware,OL20084546W,OL29835406M
shannon,An Enchanting Case of Spirits,Melissa Holtz,OL37568424W,
shannon,"Rule of Three (Baranova Bratva, #1)",Misti Wilds,OL38037497W,
shannon,Tell Me Who You Are,Louisa Luna,OL37612724W,OL50706545M
shannon,The Last Light Over Oslo,Alix Rickloff,OL37589362W,OL50726641M
shannon,"Food and Freedom: Discover Your Personal Recipe to Eat, Think, and Live Well",Sue Van Raes,OL37582374W,OL50647146M
shannon,"All the Wrong Plays (Kluvberg, #2)",C.W. Farnsworth,,
shannon,"Keystone (Crossbreed, #1)",Dannika Dark,OL19326173W,
shannon,A Happier Life,Kristy Woodson Harvey,OL38405208W,OL52247028M
shannon,Swiped,L.M. Chilton,OL37623299W,OL50722870M
shannon,The Wives: A Memoir,Simone Gorrindo,OL37612357W,OL51336257M
shannon,Light Dark,Aleatha Romig,OL45915589W,OL62474823M
shannon,The Five Year Lie,Sarina Bowen,OL37618148W,OL50714415M
shannon,Real Life and Other Fictions,Susan Coll,OL37937423W,OL51339540M
shannon,Under Pressure,Ellie  Thornton,,
shannon,Cold Record,Eric   Ferguson,,
shannon,"Liar's Point (The Texas Murder Files, #5)",Laura Griffin,OL37927511W,
shannon,The Chateau,Jaclyn Goldis,OL31088292W,OL51103210M
shannon,"Emotions, Happiness and the Story of Our Lives: Inner knowledge from The Kaalmly Approach to create long-lasting happiness inround you",A.R. Kaalmly,,
shannon,Summer Fridays,Suzanne Rindell,OL37618175W,OL50714452M
shannon,"Reframing Rich: Creating a Better Relationship with Your Money, Yourself, and Others",Steve Coughran,,
shannon,Agony Hill (Franklin Warren and Alice Bellows Mystery #1),Sarah Stewart Taylor,OL37618077W,OL50714287M
shannon,The Invisible Hour,Alice Hoffman,OL31155250W,OL50734486M
shannon,Broken Throne (Red Queen #4.5),Victoria Aveyard,OL20148038W,
shannon,"War Storm (Red Queen, #4)",Victoria Aveyard,OL19740494W,OL28237655M
shannon,"King's Cage (Red Queen, #3)",Victoria Aveyard,OL17636077W,
shannon,"Red Queen (Red Queen, #1)",Victoria Aveyard,OL17356883W,OL25934772M
shannon,"Glass Sword (Red Queen, #2)",Victoria Aveyard,OL17356842W,OL43624025M
shannon,"The Mystery Guest (Molly the Maid, #2)",Nita Prose,OL35844638W,OL48454780M
shannon,"Trial of the Sun Queen (Artefacts of Ouranos, #1)",Nisha J. Tuli,OL31299169W,
shannon,"Fate of the Sun King (Artefacts of Ouranos, #3)",Nisha J. Tuli,OL37588028W,
shannon,Love in Tandem,Becca Kinzer,OL37617740W,OL51336208M
shannon,Will You Pretend Marry Me,Christi Barth,,
shannon,Shark Heart,Emily Habeck,OL31088287W,
shannon,Better Left Unsent,Lia Louis,OL37577985W,OL50709036M
shannon,Love at First Book,Jenn McKinlay,OL37576113W,OL50725973M
shannon,Happy Medium,Sarah   Adler,OL37572364W,OL50733605M
shannon,A Love Like the Sun,Riss M. Neilson,OL37832204W,OL51108858M
shannon,The Game Changer,Lana Ferguson,OL37837554W,OL51101116M
shannon,The Only Survivors,Megan Miranda,OL28435043W,OL50729251M
shannon,One Deadly Eye: A Doc Ford Novel – An Action-Packed Crime Thriller of Secrets and Revenge,Randy Wayne White,OL37855265W,OL51093009M
shannon,"Everyday Ayurveda for Women's Health: Traditional Wisdom, Recipes, and Remedies for Optimal Wellness, Hormone Balance, and Living Radiantly",Kate O'Donnell,OL37581927W,OL50646370M
shannon,She Left,Stacie Grey,OL37579145W,OL50641549M
shannon,"Frozen (Heart of Dread, #1)",Melissa de la Cruz,OL17358765W,OL25936623M
shannon,No One Can Know,Kate Alice Marshall,OL37531786W,OL50713400M
shannon,"The One that (Almost) Got Away (Palm Harbor, #1)",Kimberley O'Malley,OL24537239W,
shannon,We Were the Lucky Ones,Georgia Hunter,OL20047348W,OL27227373M
shannon,The Astrology House,Carinn Jade,OL37620985W,OL50718979M
shannon,The Swap,Robyn Harding,OL20884776W,OL29842949M
shannon,The Obesity Code: Unlocking the Secrets of Weight Loss,Jason Fung,,
shannon,All Good People Here,Ashley Flowers,OL25814762W,OL50730055M
shannon,The Loyal Wife,B. Love,OL37851032W,OL51085489M
shannon,Up-Island Harbor,Jean Stone,OL37827605W,OL51042313M
shannon,The First Sun,Mindi Hope,,
shannon,The Bottom Line (Wordplay),Tobie Carter,,
shannon,"The Dead Girl Under the Bleachers (Craven Falls Mystery, #1)",Donna M. Zadunajsky,OL20882025W,
shannon,That Night,Donna M. Zadunajsky,OL27870204W,
shannon,Can't Help Falling in Love,Sophie Sullivan,OL37758183W,OL50950222M
shannon,"The Long Call (Two Rivers, #1)",Ann Cleeves,OL20119849W,OL28168814M
shannon,Wedding Issues,Elle   Evans,OL37575118W,OL50635149M
shannon,"What Do You Really Want?: 7 Questions That Can Unlock the Answers to a Life Full of Abundance, Meaning, and Connection",Cayla Craft,OL37627066W,OL50729712M
shannon,Daughter of a Promise,Jeanne McWilliams Blasberg,OL37587563W,OL50656681M
shannon,"Filthy Rich Vampire (Filthy Rich Vampires, #1)",Geneva Lee,OL34050959W,OL48837495M
shannon,A Heart Like Home,Christine Nolfi,OL37622935W,OL50722282M
shannon,Trust and Safety,Laura Blackett,OL37860422W,OL51100815M
shannon,"The Summer Escape (Sunrise Cove, #6)",Jill Shalvis,OL37613049W,OL50707015M
shannon,The Backup Bride Proposal (Boots and Bouquets #4),Jaci Burton,OL37828783W,OL52725680M
shannon,The Unexpected Benefits of Being Run Over,Naseem Rochette,OL31128365W,
shannon,Emotional Intelligence Habits,Travis Bradberry,OL35744456W,OL48230493M
shannon,Two Sides to Every Murder,Danielle Valentine,OL37860508W,OL51100967M
shannon,What We'll Burn Last,Heather  Chavez,OL37627685W,OL50730865M
shannon,Northern Spy,Flynn Berry,OL24139312W,OL37688319M
shannon,The Ride of Her Life,Jennifer Dugan,OL37582637W,OL50710636M
shannon,The Spoiled Heart,Sunjeev Sahota,OL37575680W,OL50721812M
shannon,Echoes in the Stars,Gordon Frisbie,,
shannon,Becoming Mallory,Elaine Evans,,
shannon,"The Love Remedy (The Damsels of Discovery, #1)",Elizabeth  Everett,OL37568197W,
shannon,Someone Like You,Karen Kingsbury,OL20712002W,OL50618974M
shannon,"The Stranger at Black Lake (Jess Lambert, #.5)",Christina  McDonald,,
shannon,Never Too Late,Danielle Steel,OL37505380W,OL51609990M
shannon,Secret Of The Sassafras,Olivia Sparrow,OL38390445W,
shannon,The President's Wife,Tracey Enerson Wood,OL36499246W,OL50646793M
shannon,Out on a Limb,Hannah Bonam-Young,OL36888611W,OL50722267M
shannon,"Not in Love (Not in Love, #1)",Ali Hazelwood,OL37588709W,OL50722388M
shannon,"Seventeen (Magic is Real, #1)",K.C. McMillian,,
shannon,Dear Wendy,Ann Zhao,OL37624351W,OL50724521M
shannon,Presence: The Art of Being at Home in Yourself,Tracy  Cochran,OL37588251W,OL50658011M
shannon,"The Instruments of Darkness (Charlie Parker, #21)",John Connolly,OL37613421W,OL50707534M
shannon,The Ballad of Darcy and Russell,Morgan Matson,OL37621025W,OL50719044M
shannon,Not If You Break Up with Me First,G.F.  Miller,OL37857369W,OL51098614M
shannon,A Good Happy Girl,Marissa Higgins,OL37620279W,OL50717818M
shannon,Better by Far,Hazel Hayes,OL37629112W,OL50733631M
shannon,Imposter Syndrome and Other Confessions of Alejandra Kim,Patricia  Park,OL28462278W,OL50710142M
shannon,Sociopath,Patric Gagne,OL37588134W,OL51111177M
shannon,The Reappearance of Rachel Price,Holly  Jackson,OL37572598W,OL52626683M
shannon,The Return of Ellie Black,Emiko Jean,OL37580048W,OL51098657M
shannon,"Tangled Up in You (Meant to Be, #4)",Christina Lauren,OL38365138W,OL52196888M
shannon,The Cliffs,J. Courtney Sullivan,OL37661032W,OL52185144M
shannon,"Moments for You (The Wilder Brothers, #7)",Carrie Ann Ryan,,
shannon,"It Had to Be You (Under Suspicion, #8)",Mary Higgins Clark,OL37777004W,OL50976503M
shannon,The One That Got Away with Murder,Trish Lundy,OL37619925W,OL50717155M
shannon,Thirsty,Jas Hammonds,OL37615258W,OL50721541M
shannon,"Breakaway (Beyond the Play, #2)",Grace Reilly,OL32499130W,OL50723336M
shannon,"Where the Library Hides (Secrets of the Nile, #2)",Isabel Ibañez,OL37730247W,OL50896429M
shannon,The Waves Take You Home,María Alejandra Barrios Vélez,OL44755477W,
shannon,Forgotten Sisters,Cynthia Pelayo,OL37617891W,
shannon,Cover Story,Rachel Lacey,OL37620457W,
shannon,"A Forgotten Kill (Daniela Vega, #2)",Isabella Maldonado,OL37617575W,
shannon,Hurt Mountain,Angela Crook,OL37620277W,
shannon,When the World Goes Quiet,Gian Sardar,OL37622492W,
shannon,Hypnotized by Love,Sariah Wilson,,
shannon,The Waltham Murders,Susan Zalkind,OL28394004W,
shannon,Don't Forget Me,Rea Frey,OL37626616W,
shannon,A Friend in the Dark,Samantha M. Bailey,OL37626938W,
shannon,If I Stopped Haunting You,Colby Wilkens,OL37683194W,OL50816188M
shannon,When Haru Was Here,Dustin Thao,OL27172680W,OL36883955M
shannon,One House Left,Vincent Ralph,OL37699540W,OL50842830M
shannon,Fall for Him,Andie Burke,OL37730209W,OL50896383M
shannon,Alley of Scented Roses,Abbas Mehran,,
shannon,The West Passage,Jared Pechaček,OL37618087W,OL50714305M
shannon,"In the Name of Family (The Love & Loyalty Series, #1)",Cynthia Coppola,OL42455455W,
shannon,Did I Ever Tell You?,Genevieve Kingston,OL37827600W,OL51100468M
shannon,Rancher's Seduction,Nicole Simon,OL37884372W,
shannon,Neighborhood Watch,Sarah Reida,OL29326228W,OL40315292M
shannon,"Mistakes We Never Made (Mistakes We Never Made, #1)",Hannah    Brown,OL37629272W,OL50733921M
shannon,"Think This, Not That: 12 Mindshifts to Breakthrough Limiting Beliefs and Become Who You Were Born to Be",Josh Axe,OL38028414W,OL51610735M
shannon,"The Compound (The Compound Duology, #1)",Gwenna McAllis,OL36200997W,
shannon,"The Rule Book (The Cheat Sheet, #2)",Sarah       Adams,OL37585508W,OL51097979M
shannon,Change the Story of Your Health: Using Shamanic and Jungian Techniques for Healing,Carl Greer,OL20052738W,OL27232758M
shannon,"Young Rich Widows (The Widows, #1)",Kimberly Belle,OL35387052W,OL50657594M
shannon,I Did Something Bad,Pyae Moe Thet War,OL37730198W,OL50896361M
shannon,Whenever You're Ready,Rachel Runya Katz,OL37715354W,OL50869829M
shannon,You Had Me at Happy Hour,Timothy Janovsky,OL37830405W,OL52199628M
shannon,"The Darkest Corner of the Heart (The Brightest Light, #2)",Lisina Coney,OL45587588W,
shannon,Saving Raine,Marian L. Thomas,OL38032320W,
shannon,"Blindsided (Sean Colbeth Investigates, #1)",Christopher H. Jansmann,OL26811920W,OL36354061M
shannon,The Orchid: The Secret Code of Modern Goddesses,Rocio  Aquino,,
shannon,The Secret Keeper of Main Street,Trisha R. Thomas,OL37582709W,OL50726090M
shannon,I've Tried Being Nice: Essays,Ann Leary,OL37866419W,OL51112029M
shannon,"The Last Hope (Maggie Hope, #11)",Susan Elia MacNeal,OL37565021W,OL50620696M
shannon,"Stars and Smoke (Stars and Smoke, #1)",Marie Lu,OL34027183W,OL47199730M
shannon,With Your Friends,William  Grant,OL27560643W,
shannon,The Paris Gown,Christine   Wells,OL37625441W,
shannon,The Summer Pact,Emily Giffin,OL38409853W,OL52262138M
shannon,"Between Never and Forever (The Hardy Billionaire Brothers, #3)",Shain Rose,OL37828447W,
shannon,You Know What You Did,K.T. Nguyen,OL37617928W,OL50714063M
shannon,Playing Blackjack with God,Laurie Gregg,,
shannon,The Wild Side,Fern Michaels,OL37521840W,OL50546543M
shannon,"What Lies in Darkness (Jess Lambert, #2)",Christina  McDonald,OL37627131W,OL50729819M
shannon,The Dominant,Sienna Snow,OL38037335W,
shannon,The Other Side of Disappearing,Kate Clayborn,OL37582259W,OL50646938M
shannon,"Pucking Wild (Jacksonville Rays Hockey, #2)",Emily Rath,OL36042855W,OL50722525M
shannon,Bright Objects,Ruby Todd,OL37613301W,OL60403043M
shannon,"Never Come Back (Nora McTavish, #2)",Joe Hart,OL34952844W,
shannon,When She Was Me,Marlee Bush,OL37568494W,OL50625437M
shannon,The Charmed Friends of Trove Isle,Annie Rains,OL37568982W,OL50626087M
shannon,The Medicine Woman of Galveston,Amanda Skenandore,OL37579528W,OL50642139M
shannon,"Like Mother, Like Daughter",Kimberly McCreight,OL37579833W,OL52185045M
shannon,I Thought I Knew: A Women's Fiction Novel,Melissa Trombetta,,
shannon,The Bitter Truth,Shanora Williams,OL37864968W,OL51109086M
shannon,"One Cursed Rose (Grimm Bargains, #1)",Rebecca Zanetti,OL37765420W,OL51045430M
shannon,That Night in the Library,Eva Jurczyk,OL37622827W,OL50729898M
shannon,"The Gilded Crown (The Raven's Trade, #1)",Marianne  Gordon,OL27415465W,OL50726585M
shannon,The Dollmakers (Fallen Peaks),Lynn Buchanan,OL37570325W,OL50719076M
shannon,The Third Wife of Faraday House,B.R.  Myers,OL37574390W,OL50722839M
shannon,"Rediscover Your Wisdom: Drawing on Answers from Your Past to Achieve Self-improvement, Growth, and Success",Rabbi Joel Stein,,
shannon,Be the Magic,Diane Pienta,OL34520853W,OL46830351M
shannon,The Villain Edit,Laurie Devore,OL37579768W,OL50730229M
shannon,What It Takes to Heal: How Transforming Ourselves Can Change the World,Prentis Hemphill,OL37573509W,OL50714346M
shannon,Crooked Seeds,Karen Jennings,OL37832760W,OL51051160M
shannon,Daughter of Calamity,Rosalie M. Lin,OL37585565W,OL50733693M
shannon,"Camino Ghosts (Camino Island, #3)",John Grisham,OL37836170W,OL51167622M
shannon,The Darkest Water,Mark  Edwards,,
shannon,A Heart Like Home,Christine Nolfi,OL37622935W,
shannon,Watch List,Edward Y. Tanner,,
shannon,Ash Dark as Night,Gary  Phillips,OL37579114W,OL50641487M
shannon,The Sunken City (The Sunken City #1),Emma V.R. Noyes,,
shannon,"Five Broken Blades (The Broken Blades, #1)",Mai Corland,OL37625583W,OL50726925M
shannon,"Good Night, Irene",Luis Alberto Urrea,OL31107135W,OL42735337M
shannon,Grown Woman Talk: Your Guide to Getting and Staying Healthy,Sharon Malone,OL37855098W,OL51092765M
shannon,"The Power of the Esther Effect: Keys to Success in Marriage, Family, Career, Business and the Community for Every Her Where Heart Matters",Karen  Hypolite,,
shannon,The Heart in Winter,Kevin Barry,OL37583854W,OL51343531M
shannon,The Most Fun We Ever Had,Claire Lombardo,OL20062241W,
shannon,The Days I Loved You Most,Amy  Neff,OL37622980W,
shannon,The Honey Witch,Sydney J. Shields,OL37575540W,OL51092926M
shannon,"Tell Me Everything (Amgash, #5)",Elizabeth Strout,OL37836858W,OL51113238M
shannon,The Night We Lost Him,Laura Dave,OL38654475W,OL52615662M
shannon,"The Last Thing He Told Me (Hannah Hall, #1)",Laura Dave,OL24161797W,OL46644796M
shannon,The Puzzle Box,Danielle Trussoni,OL37874313W,OL51123881M
shannon,The Paris Widow,Kimberly Belle,OL37825579W,OL51095769M
shannon,"Why Everything That Doesn't Matter, Matters So Much: The Way of Love in a World of Hurt",Charlie Peacock,OL45696659W,OL62215798M
shannon,Rouge,Mona Awad,OL34335406W,
shannon,Bright Young Women,Jessica Knoll,OL29052214W,
shannon,"The Sweetness at the Bottom of the Pie (Flavia de Luce, #1)",Alan Bradley,OL5794151W,OL24040791M
shannon,"Uninvited: Living Loved When You Feel Less Than, Left Out, and Lonely",Lysa  TerKeurst,OL17371537W,OL25950528M
shannon,The Things We Leave Unfinished,Rebecca Yarros,OL20901884W,OL28311531M
shannon,If You Would Have Told Me,John Stamos,OL34425783W,OL46697533M
shannon,Romantic Comedy,Curtis Sittenfeld,OL30259343W,OL50723976M
shannon,The Senator's Wife,Liv Constantine,OL29193034W,OL51042944M
shannon,"The Last Mrs. Parrish (Mrs. Parrish, #1)",Liv Constantine,OL19716691W,OL26934423M
shannon,Appetite for Innocence,Lucinda Berry,OL28593344W,
shannon,The Soulmate,Sally Hepworth,OL27893359W,
shannon,Hello Stranger,Katherine Center,OL28866624W,OL39680750M
shannon,Saving Noah,Lucinda Berry,OL25299604W,
shannon,All the Breaking Waves,Kerry Lonsdale,OL20879697W,OL28276773M
shannon,The Orphan Collector,Ellen Marie Wiseman,OL21230475W,OL28743478M
shannon,"The Long Game (Green Oak, #1)",Elena  Armas,OL35754911W,OL48244144M
shannon,I Have Some Questions for You,Rebecca Makkai,OL35775349W,OL51112284M
shannon,Whalefall,Daniel Kraus,OL31102787W,
shannon,"When in Rome (When in Rome, #1)",Sarah       Adams,OL27412480W,
shannon,The Secret Recipe of Ella Dove (Dove Pond #3),Karen Hawkins,OL31088422W,OL42712894M
shannon,A Cup of Silver Linings (Dove Pond #2),Karen Hawkins,OL21880963W,OL33874017M
shannon,"Love, Holly",Emily      Stone,OL34481139W,OL46771376M
shannon,Dreamland,Nicholas Sparks,OL27055137W,OL40123140M
shannon,Drowning,T.J. Newman,OL45898193W,
shannon,"The Maid (Molly the Maid, #1)",Nita Prose,OL24554831W,
shannon,Someone Else's Shoes,Jojo Moyes,OL28627483W,OL48237083M
shannon,Paris: A Memoir for Young Women in the Age of Influencers,Paris Hilton,OL28850029W,OL39658520M
shannon,"Love, Theoretically",Ali Hazelwood,OL28803485W,
shannon,The Frozen River,Ariel Lawhon,OL35750093W,OL50489315M
shannon,Never Lie,Freida McFadden,OL34224558W,
shannon,"Waiting for Tom Hanks (Waiting for Tom Hanks, #1)",Kerry Winfrey,OL20783236W,
shannon,When Breath Becomes Air,Paul Kalanithi,OL17356252W,OL26433732M
shannon,A Season for Second Chances,Jenny Bayliss,OL24524211W,
shannon,"The Housemaid is Watching (The Housemaid, #3)",Freida McFadden,OL37576476W,OL50637231M
shannon,First Lie Wins,Ashley Elston,OL37505495W,
shannon,Shark Heart,Emily Habeck,OL31088287W,OL42693298M
shannon,The Collected Regrets of Clover,Mikki Brammer,OL28912505W,OL39761747M
shannon,The Scent Keeper,Erica Bauermeister,OL20663606W,OL29800939M
shannon,The Last Letter,Rebecca Yarros,OL20853227W,OL28234302M
shannon,"Lovelight Farms (Lovelight, #1)",B.K. Borison,OL29236375W,
shannon,What Lies in the Woods,Kate Alice Marshall,OL27893305W,OL47391524M
shannon,"Bright Lights, Big Christmas",Mary Kay Andrews,OL34097217W,OL46179038M
shannon,The Road to Christmas,Sheila Roberts,OL30542558W,
shannon,Not a Happy Family,Shari Lapena,OL24360692W,OL32258530M
shannon,Watching You,Lisa Jewell,OL20822606W,OL29788397M
shannon,"The Christmas Bookshop (The Christmas Bookshop, #1)",Jenny Colgan,OL26413659W,OL36017949M
shannon,Daughter of Mine,Megan Miranda,OL37574011W,
shannon,Good Bad Girl,Alice Feeney,OL34027954W,OL46741057M
shannon,All the Sinners Bleed,S.A. Cosby,,
shannon,The Invisible Hour,Alice Hoffman,OL31155250W,OL42791787M
shannon,In the Likely Event,Rebecca Yarros,OL34098405W,
shannon,Family Meal,Bryan Washington,OL34495879W,OL46792034M
shannon,The Maid's Diary,Loreth Anne White,OL28447522W,
shannon,Don't Let Her Stay,Nicola Sanders,OL37805730W,
shannon,The Coworker,Freida McFadden,OL35781509W,OL48281568M
shannon,4 Riverside Close,Diana Wilkinson,OL25806739W,OL34793480M
shannon,Top Five Regrets of the Dying: A Life Transformed by the Dearly Departing,Bronnie Ware,,
shannon,"Iron Flame (The Empyrean, #2)",Rebecca Yarros,OL34028551W,OL61227378M
shannon,Elon Musk,Walter Isaacson,OL35720357W,OL48244766M
shannon,"All of Us Villains (All of Us Villains, #1)",Amanda Foody,OL24260886W,OL33869404M
shannon,Same Time Next Summer,Annabel Monaghan,OL29221668W,
shannon,The Leftover Woman,Jean Kwok,OL34386774W,OL46655695M
shannon,Demon Copperhead,Barbara Kingsolver,OL27052926W,
shannon,The Seven Year Slip,Ashley Poston,OL29332742W,
shannon,Want to Know a Secret?,Freida McFadden,OL30913975W,
shannon,Happy Place,Emily Henry,OL28607665W,OL39225506M
shannon,A Twisted Love Story,Samantha  Downing,OL29328188W,
shannon,The Perfect Son,Freida McFadden,OL22013604W,
shannon,Meet Me at the Lake,Carley Fortune,OL36867043W,OL49798363M
shannon,"The Upside of Stress: Why Stress Is Good for You, and How to Get Good at It",Kelly McGonigal,OL19873535W,OL27182758M
shannon,My Killer Vacation,Tessa Bailey,OL27739613W,
shannon,The Kite Runner,Khaled Hosseini,OL5781992W,OL48374489M
shannon,Come Closer,Sara Gran,OL5850729W,OL46356922M
shannon,Just Another Missing Person,Gillian McAllister,OL27820061W,OL40173737M
shannon,None of This Is True,Lisa Jewell,OL29223248W,OL40196321M
shannon,"The Way I Used to Be (The Way I Used to Be, #1)",Amber   Smith,OL17356805W,
shannon,All the Living and the Dead,Hayley Campbell,OL25957822W,OL46126971M
shannon,One True Loves,Taylor Jenkins Reid,OL17356524W,
shannon,How Not to Drown in a Glass of Water,Angie Cruz,OL27172732W,OL44003491M
shannon,If He Had Been with Me,Laura Nowlin,OL19667762W,
shannon,"A Thousand Boy Kisses (A Thousand Boy Kisses, #1)",Tillie Cole,OL20824826W,
shannon,"When She Was Good (Cyrus Haven, #2)",Michael Robotham,OL20978086W,OL28415529M
shannon,The Golden Spoon,Jessa Maxwell,OL28411329W,OL38956168M
shannon,"Good Girl, Bad Girl (Cyrus Haven, #1)",Michael Robotham,OL20646279W,
shannon,Nora Goes Off Script,Annabel Monaghan,OL26596054W,OL36011507M
shannon,The Spare Room,Andrea Bartz,OL29183124W,
shannon,Other Birds,Sarah Addison Allen,OL27172767W,OL45237339M
shannon,Pretty Girls,Karin Slaughter,OL17358375W,
shannon,Thirty Nothing,Lisa Jewell,OL34578405W,
shannon,What the Neighbors Saw,Melissa Adelman,OL28899647W,OL39731068M
shannon,"Once Upon a Broken Heart (Once Upon a Broken Heart, #1)",Stephanie Garber,OL24706481W,OL34158133M
shannon,Love and Other Words,Christina Lauren,OL19738192W,OL26951271M
shannon,After I Do,Taylor Jenkins Reid,OL19979127W,
shannon,Zero Days,Ruth Ware,OL31088412W,OL42693466M
shannon,The Prisoner,B.A. Paris,OL27043827W,OL39744775M
shannon,The Change,Kirsten Miller,OL25814771W,OL39473461M
shannon,Angel Falls,Kristin Hannah,OL488432W,
shannon,"The Bluff (Calamity Montana, #2)",Willa Nash,,
shannon,"The Bribe (Calamity Montana, #1)",Devney Perry,OL22600772W,OL60875502M
shannon,The Kind Worth Killing (Henry Kimball/Lily Kintner #1),Peter  Swanson,OL20248003W,
shannon,"The Perfect Marriage (Perfect, #1)",Jeneva Rose,OL24315820W,OL34793229M
shannon,The Missing Girl,Kerry McGinnis,OL26338682W,OL35560073M
shannon,Midnight at the Blackbird Café,Heather Webber,OL20832081W,
shannon,The Maid (Molly the Maid #1),Nita Prose,OL24554831W,OL39820034M
shannon,Leaving Time,Jodi Picoult,OL20218879W,
shannon,"Icebreaker (Maple Hills, #1)",Hannah  Grace,OL28952677W,
shannon,Black Ties & White Lies (Black Tie Billionaires #1),Kat Singleton,OL34265902W,
shannon,Bad Mormon: A Memoir,Heather Gay,,
shannon,"Fourth Wing (The Empyrean, #1)",Rebecca Yarros,OL29226517W,OL39767438M
shannon,Carrie Soto Is Back,Taylor Jenkins Reid,OL27305925W,OL40115688M
shannon,The Prisoner,B.A. Paris,OL27043827W,OL36665692M
shannon,Chasing the Boogeyman (The Boogeyman #1),Richard  Chizmar,OL25013712W,OL34177595M
shannon,The Silent Bride,Shalini Boland,OL31157044W,
shannon,"This Man (This Man, #1)",Jodi Ellen Malpas,OL20670446W,
shannon,Push,Nyla K.,OL21696992W,
shannon,I'm Glad My Mom Died,Jennette McCurdy,OL26663382W,OL49371117M
shannon,If This Is Love,Jewel E. Ann,OL34374471W,
shannon,Two by Two,Nicholas Sparks,OL18189723W,
shannon,The Senator's Wife,Liv Constantine,OL29193034W,OL40153443M
shannon,The Love of My Life,Rosie Walsh,OL25480578W,OL34174515M
shannon,"Beartown (Beartown, #1)",Fredrik Backman,OL20654696W,
shannon,This Bird Has Flown,Susanna  Hoffs,OL28763088W,OL39475621M
shannon,Lessons in Chemistry,Bonnie Garmus,OL25344431W,
shannon,Things I Wish I Told My Mother,Susan  Patterson,OL28626064W,OL39475622M
shannon,These Silent Woods,Kimi Cunningham Grant,OL25488646W,OL34188399M
shannon,The Last Heir to Blackwood Library,Hester Fox,OL42504983W,OL57685833M
shannon,The Senator's Wife,Liv Constantine,OL29193034W,
shannon,"The Shadow Girls (Natalie Lockhart, #4)",Alice Blanchard,OL27172593W,OL36883814M
shannon,Remarkably Bright Creatures,Shelby Van Pelt,OL25382083W,OL36006940M
shannon,"Once Upon a Broken Heart (Once Upon a Broken Heart, #1)",Stephanie Garber,OL24706481W,OL38122617M
shannon,The Wheel of Healing with Ayurveda: An Easy Guide to a Healthy Lifestyle,Michelle S. Fondin,OL45610298W,OL62111404M
shannon,And There He Kept Her (Ben Packard #1),Joshua Moehling,OL25333050W,
shannon,The House in the Pines,Ana  Reyes,OL27774874W,OL46674025M
shannon,Daisy Darker,Alice Feeney,OL26519506W,OL36883674M
shannon,Carrie Soto Is Back,Taylor Jenkins Reid,OL27305925W,OL47434902M
shannon,Pretty Happy: Healthy Ways to Love Your Body – Kate Hudson's Authentic Wellness Guide: The Four Pillars for Vibrant Living,Kate  Hudson,OL20854597W,OL35943405M
shannon,Just the Nicest Couple,Mary Kubica,OL31181706W,
shannon,Forever Never,Lucy Score,OL28399125W,
shannon,"A Court of Wings and Ruin (A Court of Thorns and Roses, #3)",Sarah J. Maas,OL17823218W,OL29858946M
shannon,"The Housemaid's Secret (The Housemaid, #2)",Freida McFadden,OL34113490W,
shannon,The Night of Many Endings,Melissa Payne,OL25796352W,
shannon,"A Good Girl's Guide to Murder (A Good Girl's Guide to Murder, #1)",Holly  Jackson,OL20646061W,OL51468042M
shannon,"The Sweetness at the Bottom of the Pie (Flavia de Luce, #1)",Alan Bradley,OL5794151W,OL27666717M
shannon,"Bonhoeffer: Pastor, Martyr, Prophet, Spy",Eric Metaxas,OL15361257W,OL24347709M
shannon,The Guest List,Lucy Foley,OL20742637W,
shannon,"The Housemaid (The Housemaid, #1)",Freida McFadden,OL27729743W,
shannon,"Surrendering to Hunt (Wyoming Wilde, #2)",Jennifer Ryan,OL26443116W,OL36541030M
shannon,The Storyteller: Tales of Life and Music,Dave Grohl,OL25713537W,OL34558125M
shannon,The Paper Palace,Miranda Cowley Heller,OL24630972W,
shannon,The Second Husband,Kate White,OL26595687W,OL36010885M
shannon,Thank You for Listening,Julia  Whelan,OL26510613W,OL36098031M
shannon,Inside Out & Back Again,Thanhhà Lại,OL15987908W,OL24579492M
shannon,Come Closer,Sara Gran,OL5850729W,OL3430598M
shannon,Rest and Be Thankful,Emma Glass,OL20744171W,OL28057840M
shannon,Chase Wilde Comes Home (Wyoming Wilde #1),Jennifer Ryan,OL25988731W,OL35857708M
shannon,This Time Next Year,Sophie Cousens,OL21679570W,
shannon,The Taster,V.S. Alexander,OL19732054W,OL26945150M
shannon,The Second Chance Store,Lauren Bravo,OL31142724W,OL42830906M
shannon,"Her Name Is Knight (Nena Knight, #1)",Yasmin Angoe,OL25451750W,
shannon,"The Book Woman's Daughter (The Book Woman of Troublesome Creek, #2)",Kim Michele Richardson,OL25348396W,OL33964129M
shannon,"Pucked (Pucked, #1)",Helena Hunting,OL20978235W,
shannon,Pandora's Jar: Women in the Greek Myths,Natalie Haynes,,
shannon,"Tomorrow, and Tomorrow, and Tomorrow",Gabrielle Zevin,OL26004554W,
shannon,All the Dangerous Things,Stacy Willingham,OL27821354W,OL38152621M
shannon,Spare,Prince Harry,OL44574012W,OL60878974M
shannon,The Ride of a Lifetime: Lessons Learned from 15 Years as CEO of the Walt Disney Company,Robert Iger,,
shannon,Stories I Only Tell My Friends,Rob Lowe,OL15719780W,OL24639716M
shannon,"A Court of Mist and Fury (A Court of Thorns and Roses, #2)",Sarah J. Maas,OL17860744W,OL29858944M
shannon,"The Wrong Bride (The Windsors, #1)",Catharina Maura,OL45858251W,
shannon,Nora Goes Off Script,Annabel Monaghan,OL26596054W,OL43151814M
shannon,One of Us Is Dead,Jeneva Rose,OL25591992W,
shannon,Love and Other Words,Christina Lauren,OL25197303W,
shannon,"Exiles (Aaron Falk, #3)",Jane Harper,OL27893279W,OL38122627M
shannon,What Lies in the Woods,Kate Alice Marshall,OL27893305W,OL38122663M
shannon,Blood Sugar,Sascha Rothchild,OL25337996W,
shannon,"There Are No Saints (Sinners, #1)",Sophie Lark,OL29167139W,
shannon,"A Rose for Her Grave and Other True Cases (Crime Files, #1)",Ann Rule,OL892116W,OL1525199M
shannon,Becoming a King: The Path to Restoring the Heart of a Man,Morgan Snyder,OL20898518W,OL28909163M
shannon,"A Court of Thorns and Roses (A Court of Thorns and Roses, #1)",Sarah J. Maas,OL17352669W,
shannon,Beyond the Mapped Stars,Rosalyn Eves,OL25291657W,OL33870241M
shannon,Twenty Years Later,Charlie Donlea,OL26597500W,
shannon,Why We Sleep: Unlocking the Power of Sleep and Dreams,Matthew Walker,OL20168133W,OL34903628M
shannon,"Harvest Moon (Riverbend, #3)",Denise Hunter,OL26908833W,OL36482877M
shannon,"Mulberry Hollow (Riverbend, #2)",Denise Hunter,OL25920556W,OL34985403M
shannon,"Riverbend Gap (Riverbend, #1)",Denise Hunter,OL25489864W,OL34190620M
shannon,"The Summer I Turned Pretty (Summer, #1)",Jenny Han,OL5819962W,OL17029559M
shannon,Our Missing Hearts,Celeste Ng,OL27409883W,OL37579542M
shannon,Everything Happens for a Reason: And Other Lies I've Loved,Kate Bowler,OL17838505W,OL26425336M
shannon,"The Final Hunt (The Final Hunt, #1)",Audrey J. Cole,OL34600403W,
shannon,The Last to Let Go,Amber   Smith,OL19731636W,OL26944732M
shannon,Drowning Erin,Elizabeth O'Roark,OL26414212W,
shannon,Waking Olivia (The Langstrom Brothers #1),Elizabeth O'Roark,OL27043363W,
shannon,I Have Some Questions for You,Rebecca Makkai,OL28130255W,OL38527376M
shannon,Looking for Jane,Heather     Marshall,OL25803488W,OL38914131M
shannon,Mean Baby: A Memoir of Growing Up,Selma Blair,OL26695169W,OL36143783M
shannon,"Madly, Deeply: The Diaries of Alan Rickman",Alan Rickman,OL27172665W,OL36883933M
shannon,All the Living and the Dead,Hayley Campbell,OL25957822W,OL35034839M
shannon,Why Has Nobody Told Me This Before?,Julie      Smith,OL25799307W,OL36098165M
shannon,"Twisted Hate (Twisted, #3)",Ana Huang,OL27245843W,OL38429115M
shannon,"Hook, Line, and Sinker (Bellinger Sisters, #2)",Tessa Bailey,OL25988707W,OL35079010M
shannon,"Delilah Green Doesn't Care (Bright Falls, #1)",Ashley Herring Blake,OL25917284W,OL34980516M
shannon,Love on the Brain,Ali Hazelwood,OL26350090W,OL36640817M
shannon,More Than You'll Ever Know,Katie  Gutierrez,OL26354605W,OL36097978M
shannon,The It Girl,Ruth Ware,OL26433082W,OL35711314M
shannon,The Hotel Nantucket,Elin Hilderbrand,OL26602210W,OL36023272M
shannon,How Not to Drown in a Glass of Water,Angie Cruz,OL27172732W,OL36884046M
shannon,Nightcrawling,Leila Mottley,OL25516127W,OL34225352M
shannon,Notes on an Execution,Danya Kukafka,OL25338021W,OL34142020M
shannon,The One Hundred Years of Lenni and Margot,Marianne Cronin,OL21694806W,OL32178481M
shannon,A Twisted Love Story,Samantha  Downing,OL29328188W,OL42735766M
shannon,Second First Impressions,Sally  Thorne,OL21875593W,OL29834464M
shannon,"Friends, Lovers, and the Big Terrible Thing",Matthew  Perry,OL26911224W,OL36486403M
shannon,Now Is Not the Time to Panic,Kevin    Wilson,OL27847844W,OL38403955M
shannon,Wonderland,Jennifer Hillier,OL20244644W,
shannon,Still Alice,Lisa Genova,OL9475257W,OL10711359M
shannon,The Paris Apartment,Lucy Foley,OL24783640W,OL35078983M
shannon,Daisy Jones & The Six,Taylor Jenkins Reid,OL19922194W,OL27106799M
shannon,Other Birds,Sarah Addison Allen,OL27172767W,OL36884098M
shannon,"Promises and Pomegranates (Monsters & Muses, #1)",Sav R. Miller,OL24987665W,
shannon,"A ​Court of Silver Flames (A Court of Thorns and Roses, #5)",Sarah J. Maas,OL21703979W,OL29889699M
shannon,Tell Me Lies,Carola Lovering,OL19742760W,
shannon,"How Are You, Really?: Living Your Truth One Answer at a Time – The NYT Bestselling Guide for Women Finding Balance and Joy",Jenna Kutcher,,
shannon,The Forest of Vanishing Stars,Kristin Harmel,OL24137471W,OL31836459M
shannon,"Good Morning, Monster: A Therapist Shares Five Heroic Stories of Emotional Recovery",Catherine Gildiner,OL20816923W,OL28181648M
shannon,Mad Honey,Jodi Picoult,OL27042824W,OL42665100M
shannon,We Are the Light,Matthew Quick,OL27846739W,OL38058508M
shannon,Unfollowers: Unlikely Lessons on Faith from Those Who Doubted Jesus,Derek Cooper,OL23313949W,OL31162146M
shannon,Unfollowers (Juniper Prize for Fiction),Leigh Ann Ruggiero,OL26864404W,OL36425416M
shannon,Wrong Place Wrong Time,Gillian McAllister,OL25340338W,OL36931236M
shannon,The Complete Anti-Inflammatory Diet for Beginners: A No-Stress Meal Plan with Easy Recipes to Heal the Immune System,Dorothy Calimeris,OL19720780W,OL26933905M
shannon,"In the Weeds (Lovelight, #2)",B.K. Borison,OL27877717W,
shannon,The Butcher,Jennifer Hillier,OL21520393W,
shannon,The Widow,Kaira Rouda,,
shannon,The Killing Song (Dr. Jo McCready #2),Lesley Mcevoy,OL45773985W,OL62305003M
shannon,The Quarry Girls,Jess Lourey,OL27272906W,
shannon,The House Across the Lake,Riley Sager,OL25809537W,OL39360894M
shannon,True Heart Intuitive Tarot,Rachel True,OL25454296W,OL34133096M
shannon,The Happiness Advantage: The Seven Principles of Positive Psychology That Fuel Success and Performance at Work,Shawn Achor,OL15674042W,OL27042961M
shannon,Shiver,Allie Reynolds,OL21681065W,OL29493465M
shannon,The Stranger in the Mirror,Liv Constantine,OL24508006W,OL35985492M
shannon,"Let Me Love You (All of Me, #2)",Siobhan     Davis,OL28725244W,
shannon,No Cure for Being Human: (And Other Truths I Need to Hear),Kate Bowler,OL25321532W,OL35994316M
shannon,The Idea of You,Robinne Lee,OL20059530W,OL27239536M
shannon,Say I'm the One (All of Me Duet #1),Siobhan     Davis,OL36846274W,
shannon,The Night Shift,Alex Finlay,OL25331141W,OL34161950M
shannon,"Archer's Voice (Where Love Meets Destiny, #1)",Mia Sheridan,OL20669844W,
shannon,"Buy Yourself the F*cking Lilies: And Other Rituals to Fix Your Life, from Someone Who's Been There",Tara Schuster,OL20860895W,OL28245936M
shannon,The Book of Essie,Meghan MacLean Weir,OL19671131W,
shannon,Hidden Pictures,Jason Rekulak,OL25337698W,OL36021878M
shannon,The Lost Girls of Willowbrook,Ellen Marie Wiseman,OL26987639W,OL36584189M
shannon,This Might Hurt,Stephanie Wrobel,OL24772416W,
shannon,"This Vicious Grace (The Last Finestra, #1)",Emily Thiede,OL25294121W,OL33874157M
shannon,We Are the Ants,Shaun David Hutchinson,OL17934983W,OL26518635M
shannon,Poster Girl,Veronica Roth,OL27246014W,OL36978372M
shannon,Birds of California,Katie Cotugno,OL26627152W,OL36054496M
shannon,Just Another Love Song,Kerry Winfrey,OL26849907W,
shannon,The Seven Husbands of Evelyn Hugo,Taylor Jenkins Reid,OL18203673W,OL26680836M
shannon,"More Than A Body: Your Body Is an Instrument, Not an Ornament – A Research-Backed Health and Wellness Guide for Empowerment and Confidence",Lexie Kite,OL21887148W,OL29848779M
shannon,Quit Like a Woman: The Radical Choice to Not Drink in a Culture Obsessed with Alcohol,Holly Whitaker,OL20641876W,OL27906448M
shannon,People We Meet on Vacation,Emily Henry,OL22563730W,OL30615779M
shannon,The Measure,Nikki Erlick,OL25342555W,OL36054467M
shannon,The Book of Cold Cases,Simone St. James,OL25485716W,
shannon,The Bodyguard,Katherine Center,OL25958058W,OL35035196M
shannon,The Younger Wife,Sally Hepworth,OL24587995W,OL34172129M
shannon,"A Return to Love: Reflections on the Principles of ""A Course in Miracles""",Marianne Williamson,OL15163746W,OL556336M
shannon,Does It Hurt?,H.D. Carlton,OL28114312W,
shannon,Release (Release #1),Aly Martinez,OL20909121W,
shannon,"The Fourth Monkey (4MK Thriller, #1)",J.D. Barker,OL21154038W,OL29744504M
shannon,The Book of Lost Names,Kristin Harmel,OL20804258W,OL28163330M
shannon,"The Finish Line (The Ravenhood, #3)",Kate  Stewart,OL28802467W,
shannon,You Are What You Eat: The Plan That Will Change Your Life,Gillian McKeith,OL5844127W,OL7591165M
shannon,Where the Forest Meets the Stars,Glendy Vanderah,OL19096400W,OL48760015M
shannon,"Exodus (The Ravenhood Duet, #2)",Kate  Stewart,OL25579040W,
shannon,"Flock (The Ravenhood, #1)",Kate  Stewart,OL28804781W,
shannon,The Murder Mile,Lesley Mcevoy,OL25815290W,
shannon,We Should All Be Feminists,Chimamanda Ngozi Adichie,OL17319838W,
shannon,The Four Agreements: A Practical Guide to Personal Freedom,Miguel Ruiz,,
shannon,All Rhodes Lead Here,Mariana Zapata,OL24321551W,
shannon,Unmasked: My Life Solving America's Cold Cases,Paul Holes,OL27737396W,OL37866124M
shannon,The Perfect Stranger,Megan Miranda,OL20052455W,OL27232475M
shannon,My Wife is Missing,D.J.  Palmer,OL25957868W,OL35034909M
shannon,Book Lovers,Emily Henry,OL24801992W,
shannon,The Switch,Beth O'Leary,OL20742467W,
shannon,You Are What You Love: The Spiritual Power of Habit | Examining How Culture Shapes Us | Deepening Discipleship through Christian Practices,James K.A. Smith,OL17724304W,OL26325641M
shannon,Girls of Brackenhill,Kate Moretti,OL20762308W,
shannon,Before We Were Yours,Lisa Wingate,OL18147689W,OL43282536M
shannon,Her Final Words,Brianna Labuskes,OL20759691W,
shannon,"Trust No One (Devlin & Falco, #1)",Debra Webb,OL20759682W,
shannon,"The Ballad of Songbirds and Snakes (The Hunger Games, #0)",Suzanne Collins,OL20716197W,
shannon,The Vanishing Half,Brit Bennett,OL20799434W,
shannon,Fly Away (Firefly Lane #2),Kristin Hannah,OL19961772W,
shannon,Cowboy Summer (Blue Sky Cowboys #1),Joanne Kennedy,OL21200545W,OL28710600M
shannon,The Great Alone,Kristin Hannah,OL18147688W,
shannon,Goodnight June,Sarah Jio,OL17759520W,OL26356880M
shannon,Seven Days in June,Tia Williams,OL24695160W,OL34117686M
shannon,"Before She Disappeared (Frankie Elkin, #1)",Lisa Gardner,OL20935257W,OL28363352M
shannon,Do Not Disturb,Freida McFadden,OL35335015W,
shannon,The Change,Kirsten Miller,OL25814771W,OL36097887M
shannon,Behind Her Eyes,Sarah Pinborough,OL20043519W,
shannon,The Stranger in the Lifeboat,Mitch Albom,OL24452288W,OL36394808M
shannon,June First,Jennifer Hartmann,OL34504227W,
shannon,Insomnia,Sarah Pinborough,OL25282242W,
shannon,The Last One Home,Victoria Helen Stone,OL22057775W,
shannon,We Were Never Here,Andrea Bartz,OL24151609W,OL34959228M
shannon,Wish You Were Here,Jodi Picoult,OL24503616W,OL36835658M
shannon,The Love Hypothesis,Ali Hazelwood,OL24178205W,
shannon,"Wolf Bait (Wolf Cove, #1)",Nina  West,OL41061506W,
shannon,Booth,Karen Joy Fowler,OL25334307W,OL39655018M
shannon,"One Step Too Far (Frankie Elkin, #2)",Lisa Gardner,OL27089900W,OL37488623M
shannon,An Intentional Life: A Life-Giving Invitation to Uncover Your Passions and Unlock Your Purpose,Karen Stott,,
shannon,Unmissing,Minka Kent,OL24908876W,
shannon,The Stillwater Girls,Minka Kent,OL20516677W,
shannon,The Thinnest Air,Minka Kent,OL19760953W,
shannon,The Memory Watcher,Minka Kent,OL20827138W,
shannon,Think Like a Monk: Train Your Mind for Peace and Purpose Every Day,Jay Shetty,OL21237606W,OL28751758M
shannon,His & Hers,Alice Feeney,OL20794199W,OL28147400M
shannon,The Golden Couple,Greer Hendricks,OL24682968W,OL34191974M
shannon,"The House in the Cerulean Sea (Cerulean Chronicles, #1)",T.J. Klune,OL20656224W,
shannon,"Chasing Cupcakes: How One Broke, Fat Girl Transformed Her Life (and How You Can, Too)",Elizabeth Benton,,
shannon,"The Anti-Anxiety Diet: A Whole Body Programme to Stop Racing Thoughts, Banish Worry and Live Panic-Free",Ali Miller,OL19754851W,OL36736044M
shannon,"Things We Never Got Over (Knockemout, #1)",Lucy Score,OL26955716W,OL37535002M
shannon,The Wish,Nicholas Sparks,OL26426681W,OL36009904M
shannon,Like Me,Hayley Phelan,OL27279714W,
shannon,The Drowning Kind,Jennifer  McMahon,OL21067419W,OL28519779M
shannon,Breaking Free from Body Shame: Dare to Reclaim What God Has Named Good,Jess Connolly,OL25299284W,OL33881179M
shannon,The Lobotomist's Wife,Samantha Greene Woodruff,OL27017822W,
shannon,The Longest Ride,Nicholas Sparks,OL17746362W,OL28789983M
shannon,Before I Go to Sleep,S.J. Watson,OL20354869W,
shannon,The Sweetness of Forgetting,Kristin Harmel,OL16362799W,OL25140685M
shannon,Local Woman Missing,Mary Kubica,OL24161844W,
shannon,A Flicker in the Dark,Stacy Willingham,OL24592608W,
shannon,Reminders of Him,Colleen Hoover,OL26758111W,OL36682399M
shannon,"Fake It Till You Bake It (Sugar Blitz, #1)",Jamie Wesley,OL25957967W,OL35035058M
shannon,The Night She Disappeared,Lisa Jewell,OL24642892W,OL34158015M
shannon,"Fortuity (Transcend, #3)",Jewel E. Ann,OL26432558W,
shannon,"Epoch (Transcend, #2)",Jewel E. Ann,OL20563991W,
shannon,"Find Me (Ellie Hatcher, #6)",Alafair Burke,OL21910357W,OL29889999M
shannon,"Baking Me Crazy (Love at First Sight, #1)",Karla Sorensen,OL24243546W,
shannon,Transcend (Transcend #1),Jewel E. Ann,OL36727398W,
shannon,All Grown Up,Vi Keeland,OL22063367W,
shannon,"The Secret (The Secret, #1)",Rhonda Byrne,OL15839737W,
shannon,8 Weeks to Optimum Health: A Proven Program for Taking Full Advantage of Your Body's Natural Healing Power,Andrew Weil,,
shannon,Shattered Dreams: God's Unexpected Path to Joy,Larry Crabb,,
shannon,The Forbidden Man,Karina Halle,OL30358690W,OL41733350M
shannon,"The Lazy Genius Way: Embrace What Matters, Ditch What Doesn't, and Get Stuff Done",Kendra Adachi,,
shannon,"Alone (Detective D.D. Warren, #1)",Lisa Gardner,OL119066W,OL24251909M
shannon,"The Lost Fisherman (Fisherman, #2)",Jewel E. Ann,OL26083683W,OL35202966M
shannon,"The Naked Fisherman (Fisherman, #1)",Jewel E. Ann,OL25780773W,OL35202967M
shannon,I'll Give You the Sun,Jandy Nelson,OL17081977W,
shannon,"You Love Me (You, #3)",Caroline Kepnes,OL22135557W,OL34270806M
shannon,The Joy of Missing Out: Live More by Doing Less,Tanya Dalton,OL20326793W,OL27533084M
shannon,Her Last Hope,Louise Guy,OL24855593W,
shannon,Falling,T.J. Newman,OL24649410W,
shannon,The Ghostwriter,A.R. Torre,,
shannon,Rock Paper Scissors,Alice Feeney,OL24311121W,OL34962731M
shannon,"Hidden Bodies (You, #2)",Caroline Kepnes,OL21809501W,OL29737902M
shannon,"You (You, #1)",Caroline Kepnes,OL20168339W,OL27350981M
shannon,What's Left Unsaid,Emily Bleeker,OL24726175W,
shannon,The Best of Friends,Lucinda Berry,OL20759301W,
shannon,One Year Gone,Avery Bishop,OL24807765W,
shannon,The Casanova (The Miles High Club #3),T.L. Swan,,
shannon,Every Last Secret,A.R. Torre,,
shannon,"The Drowned Girls (Angie Pallorino, #1)",Loreth Anne White,OL21831082W,
shannon,The Good Lie,A.R. Torre,,
shannon,"Riding Hard (Bennett Boys Ranch, #2)",Lauren Landish,OL20162200W,
shannon,"Buck Wild (Bennett Boys Ranch, #1)",Lauren Landish,OL20179639W,
shannon,The Guilty Husband,Stephanie DeCarolis,OL24590427W,OL36769406M
shannon,"The Darkest Flower (Allison Barton, #1)",Kristin Wright,OL23670636W,
shannon,Girls of Glass,Brianna Labuskes,OL20161904W,
shannon,It Ends with Her,Brianna Labuskes,OL20179872W,
shannon,"A Familiar Sight (Dr. Gretchen White, #1)",Brianna Labuskes,OL24648733W,
shannon,The Next Wife,Kaira Rouda,,
shannon,The Perfect Marriage,Adam Mitzner,OL24205386W,
shannon,The One (Dark Future #1),John Marrs,OL20521432W,
shannon,The Family Next Door,Sally Hepworth,OL19732600W,OL26945696M
shannon,Find Me Alastar,T.L. Swan,,
shannon,The Good Sister,Sally Hepworth,OL20837105W,
shannon,Her Dark Lies,J.T. Ellison,OL21889753W,OL29852978M
shannon,"Mr. Spencer (Mr. Series, #2)",T.L. Swan,,
shannon,"Mr. Masters (Mr. Series, #1)",T.L. Swan,,
shannon,"Dirty Like Me (Dirty, #1)",Jaine Diamond,OL22063490W,
shannon,"Finlay Donovan Is Killing It (Finlay Donovan, #1)",Elle Cosimano,OL21914098W,
shannon,All the Ugly and Wonderful Things,Bryn Greenwood,OL20035152W,
shannon,I Let You Go,Clare Mackintosh,OL20027050W,OL28552561M
shannon,"Chain of Gold (The Last Hours, #1)",Cassandra Clare,OL20651342W,OL27924710M
shannon,"Chain of Iron (The Last Hours, #2)",Cassandra Clare,OL21984600W,OL31764020M
shannon,"One of Us Is Lying (One of Us is Lying, #1)",Karen M. McManus,OL17797857W,
shannon,"Pride, Prejudice, and Other Flavors (The Rajes, #1)",Sonali Dev,OL20153007W,
shannon,"Recipe for Persuasion (The Rajes, #2)",Sonali Dev,OL20808248W,OL28169748M
shannon,Moonshine & Murder (Moonshine Hollow #1),Kathleen Brooks,OL29867909W,
shannon,The Takeover (The Miles High Club #2),T.L. Swan,,
shannon,"City of Sin (Men of Manhattan, #1)",Ivy Smoak,OL34943269W,
shannon,"The Rogue (The Moorehouse Legacy, #4)",Jessica Bird,OL21818169W,OL29726045M
shannon,In Five Years,Rebecca Serle,OL20651958W,OL29822190M
shannon,Love Lettering,Kate Clayborn,OL20639262W,
shannon,"The Shop on Blossom Street (Blossom Street, #1)",Debbie Macomber,OL1911640W,OL24376623M
shannon,The Push,Ashley Audrain,OL21694014W,OL34146173M
shannon,FDR,Jean Edward Smith,OL3263335W,OL23275988M
shannon,"The Renegade (The Moorehouse Legacy, #3)",J.R. Ward,OL21882645W,OL29840119M
shannon,The Last House Guest,Megan Miranda,OL20097523W,OL29805836M
shannon,Too Good to Be True,Carola Lovering,OL21914085W,OL29889592M
shannon,"The Player (The Moorehouse Legacy, #2)",J.R. Ward,OL21875389W,OL29828934M
shannon,"The Rebel (The Moorehouse Legacy, #1)",J.R. Ward,OL21870449W,OL29821721M
shannon,"Case Histories (Jackson Brodie, #1)",Kate Atkinson,OL2619297W,OL9502267M
shannon,Share Your Stuff. I'll Go First: 10 Questions to Take Your Friendships to the Next Level,Laura Tremaine,OL21710181W,OL29543124M
shannon,"The Night Swim (Rachel Krall, #1)",Megan Goldin,OL21114656W,OL28581314M
shannon,"Yes & I Love You (Say Everything, #1)",Roni Loren,OL21946809W,OL29932903M
shannon,"The Searcher (Cal Hooper, #1)",Tana French,OL20886082W,OL28295077M
shannon,Getting Lucky Number Seven (Taking Shots #1),Cindi Madsen,OL27113486W,
shannon,The Guest List,Lucy Foley,OL20742637W,
shannon,"The Unhoneymooners (Unhoneymooners, #1)",Christina Lauren,OL20153602W,OL27333967M
shannon,"This Is Love (The Light to My Darkness #3) (The Haunted, #8)",Ivy Smoak,OL29804868W,
shannon,Rethinking Positive Thinking: Inside the New Science of Motivation,Gabriele Oettingen,OL19665687W,OL26884616M
shannon,A Whirlwind of Color (The Light to My Darkness #2),Ivy Smoak,OL20781132W,
shannon,The Woman in the Window,A.J. Finn,,
shannon,The Light to My Darkness (The Light to My Darkness #1),Ivy Smoak,OL24513696W,
shannon,Home Before Dark,Riley Sager,OL20866894W,OL34114108M
shannon,The New Husband,D.J.  Palmer,OL20732665W,OL28039859M
shannon,"Love & Olives (Love & Gelato, #3)",Jenna Evans Welch,OL21880955W,OL29837719M
shannon,"Love & Luck (Love & Gelato, #2)",Jenna Evans Welch,OL19743684W,
shannon,The Master (The Game Maker #2),Kresley Cole,OL19998162W,OL34022002M
shannon,All the Missing Girls,Megan Miranda,OL20060401W,
shannon,If Life Were Easy It Wouldn't Be Hard,Sheri Dew,OL28742031W,
shannon,"The Professional (The Game Maker, #1)",Kresley Cole,OL17806972W,OL26396585M
shannon,The Kite Runner,Khaled Hosseini,OL5781992W,OL27102442M
shannon,"The Midnight Library (The Midnight World, #1)",Matt Haig,OL20965973W,OL34115610M
shannon,"Lies, Lies, Lies",Adele Parks,OL21117588W,OL28593669M
shannon,Reasons to Stay Alive,Matt Haig,OL20020049W,OL27200110M
shannon,One by One,Ruth Ware,OL20809405W,
shannon,Making Marriage Simple: Ten Relationship-Saving Truths,Harville Hendrix,,
shannon,The Untethered Soul: The Journey Beyond Yourself,Michael A. Singer,,
shannon,An Accusation,Wendy James,OL23733943W,
shannon,Then She Was Gone,Lisa Jewell,OL19736215W,OL26949304M
shannon,The 7-Day Christian: How Living Your Beliefs Every Day Can Change the World,Brad Wilcox,OL23179821W,OL31015865M
shannon,"A Very Bossy Christmas (Very Holiday, #1)",Kayley Loring,OL28899827W,
shannon,"Necessary Lies (Necessary Lies, #1)",Diane Chamberlain,OL19967874W,OL27148079M
shannon,The Turn of the Key,Ruth Ware,OL20084546W,OL27264566M
shannon,Golden Answers: Why We Need the Book of Mormon,John Bytheway,,
shannon,The Theft of America’s Soul: Blowing the Lid Off the Lies That Are Destroying Our Country,Phil Robertson,OL20097566W,OL27277605M
shannon,Lock Every Door,Riley Sager,OL20062266W,OL59182114M
shannon,I'll Be Gone in the Dark: One Woman's Obsessive Search for the Golden State Killer,Michelle McNamara,OL18195597W,OL40279628M
shannon,How Do I Know If I Know?,John Bytheway,OL23189228W,
shannon,How to Be a Good Wife,Emma  Chapman,OL18022588W,OL26608857M
shannon,Greenlights,Matthew McConaughey,OL21911019W,
shannon,25 Days 'Til Christmas,Poppy Alexander,OL20200094W,OL35967500M
shannon,Without Merit,Colleen Hoover,OL20885951W,
shannon,Didn't See That Coming: Putting Life Back Together When Your World Falls Apart,Rachel Hollis,OL22167002W,OL30204738M
shannon,Pretty Things,Janelle Brown,OL20666896W,OL34079639M
shannon,The Wife Who Knew Too Much,Michele Campbell,OL20830485W,OL29836189M
shannon,"It Ends with Us (It Ends with Us, #1)",Colleen Hoover,OL29189289W,OL40148580M
shannon,The Return,Nicholas Sparks,OL21646227W,OL29853591M
shannon,"Sin and Ink (Sweetest Taboo, #1)",Naima Simone,OL21434414W,
shannon,A Stranger on the Beach,Michele Campbell,OL20743477W,OL28893468M
shannon,She Was the Quiet One,Michele Campbell,OL19746459W,OL26959523M
shannon,It's Always the Husband,Michele Campbell,OL20053650W,OL27233668M
shannon,"Committed (Betrothed, #4)",Penelope Sky,OL30459048W,
shannon,Lover (Betrothed #3),Penelope Sky,OL30634231W,
shannon,Husband (Betrothed #2),Penelope Sky,OL27396496W,
shannon,The Wife,Alafair Burke,OL26749780W,OL36327433M
shannon,"Wife (Betrothed, #1)",Penelope Sky,OL20873209W,
shannon,"Fractured (Will Trent, #2)",Karin Slaughter,OL5725862W,OL10151009M
shannon,"Maybe Now (Maybe, #2)",Colleen Hoover,OL24217909W,
shannon,"Maybe Someday (Maybe, #1)",Colleen Hoover,OL19977306W,
shannon,"Triptych (Will Trent, #1)",Karin Slaughter,OL15857033W,
shannon,This Secret Thing,Marybeth Mayhew Whalen,OL20762309W,
shannon,The Marriage Lie,Kimberly Belle,OL20045949W,OL27225976M
shannon,Little Secrets,Jennifer Hillier,OL20663573W,OL35967793M
shannon,Dear Wife,Kimberly Belle,OL19860067W,OL29799540M
shannon,Untamed,Glennon Doyle,OL20652361W,OL27925867M
shannon,"Crave (Crave, #1)",Tracy Wolff,OL22150464W,OL28187819M
shannon,The Vampire Curse (Shadow world: The Vampire Debt #2),Ali Winters,OL25886975W,
shannon,My Dark Vanessa,Kate Elizabeth Russell,OL20652090W,OL27925583M
shannon,The 5 AM Club: Own Your Morning. Elevate Your Life,Robin Sharma,OL19665926W,OL36540981M
shannon,A Good Marriage,Kimberly McCreight,OL20712027W,OL28031150M
shannon,Where They Found Her,Kimberly McCreight,OL19996991W,OL27177096M
shannon,"After We Collided (After, #2)",Anna Todd,OL20004814W,OL27184908M
shannon,I Know Who You Are,Alice Feeney,OL22533734W,OL30584758M
shannon,Atomic Habits: An Easy & Proven Way to Build Good Habits & Break Bad Ones,James Clear,,
shannon,Want,Lynn Steger Strong,OL20907028W,OL28320190M
shannon,"Playing to Win (Gridiron, #1)",Maci Monroe,,
shannon,"The Truth About Him (Everything I Left Unsaid, #2)",M. O'Keefe,OL21106768W,
shannon,"365 dni (365 dni, #1)",Blanka Lipińska,OL20684880W,OL27968846M
shannon,Sometimes I Lie,Alice Feeney,OL19745976W,OL26704742M
shannon,Fake Like Me,Barbara Bourland,OL20669986W,OL27950262M
shannon,The Girl He Used to Know,Tracey Garvis Graves,OL20521052W,OL27759947M
shannon,Darling Rose Gold,Stephanie Wrobel,OL20655786W,OL27929884M
shannon,"Freak (Creep, #2)",Jennifer Hillier,OL16532389W,OL25223969M
shannon,"Redemption Lake (A Winston Radhauser Mystery, #1)",Susan Clayton-Goldner,,
shannon,Truths I Never Told You,Kelly Rimmer,OL20692356W,OL35964544M
shannon,Eleanor Oliphant Is Completely Fine,Gail Honeyman,OL19781733W,OL26765745M
shannon,That Affair Next Door,Anna Katharine Green,OL4885675W,OL11980931M
shannon,The Last Time I Lied,Riley Sager,,
shannon,"Creep (Creep, #1)",Jennifer Hillier,OL16173880W,OL25051914M
shannon,Everything I Never Told You,Celeste Ng,OL17295077W,OL26885507M
shannon,Troublemaker: Surviving Hollywood and Scientology,Leah Remini,OL17199945W,OL25771624M
shannon,"Thief (Love Me with Lies, #3)",Tarryn Fisher,OL34572852W,
shannon,Jar of Hearts,Jennifer Hillier,OL19742724W,OL26955796M
shannon,"The Emotion Code: How to Release Your Trapped Emotions for Abundant Health, Love, and Happiness (Updated and Expanded Edition)",Bradley  Nelson,OL9775991W,OL28236452M
shannon,Eight Perfect Murders,Peter  Swanson,OL20650184W,OL27923249M
shannon,"After (After, #1)",Anna Todd,OL17719508W,OL26320905M
shannon,"Dirty Red (Love Me with Lies, #2)",Tarryn Fisher,OL39885720W,
shannon,My Lovely Wife,Samantha  Downing,OL20150279W,
shannon,"Forget Me Not (Catalina Cove, #2)",Brenda Jackson,OL21853894W,OL29793402M
shannon,"The Hunter (Boston Belles, #1)",L.J. Shen,OL20803582W,
shannon,Under the Table,Stephanie Evanovich,OL20152850W,OL28702141M
shannon,Fail Until You Don't,Bobby Bones,OL19742774W,OL37278107M
shannon,"Little Women (Little Women, #1)",Louisa May Alcott,OL29983W,
shannon,"The Opportunist (Love Me with Lies, #1)",Tarryn Fisher,OL20881780W,
shannon,The Vampire Debt,Ali Winters,OL20762255W,
shannon,Zip It: The Keep It Shut 40-Day Challenge,Karen Ehman,,
shannon,Thief River Falls,Brian Freeman,OL20646259W,
shannon,"Daring Greatly: How the Courage to Be Vulnerable Transforms the Way We Live, Love, Parent, and Lead",Brené Brown,OL16664399W,OL25339768M
shannon,"Eating, Drinking, Overthinking: The Toxic Triangle of Food, Alcohol, and Depression--and How Women Can Break Free",Susan Nolen-Hoeksema,OL1944247W,OL7933281M
shannon,All the Light We Cannot See,Anthony Doerr,OL16821606W,OL46538333M
shannon,The Subtle Art of Not Giving a F*ck: A Counterintuitive Approach to Living a Good Life,Mark Manson,OL45983000W,
shannon,Becoming,Michelle Obama,OL17930367W,OL26502526M
shannon,The Handmaid's Tale,Margaret Atwood,OL675783W,
shannon,The Burning Girl,Claire Messud,OL19727432W,OL27675529M
shannon,"Girl, Stop Apologizing: A Shame-Free Plan for Embracing and Achieving Your Goals",Rachel Hollis,OL18188897W,OL26660358M
shannon,"Run Like a Girl 365 Days a Year: A Practical, Personal, Inspirational Guide for Women Athletes",Mina Samuels,OL21354340W,OL34077686M
shannon,Little Children,Tom Perrotta,OL2698261W,OL9691536M
shannon,Get Out of Your Own Way: A Skeptic's Guide to Growth and Fulfillment,Dave Hollis,OL20667426W,OL27947089M
shannon,Open Book,Jessica Simpson,OL20647050W,
shannon,My Story,Elizabeth   Smart,OL19969779W,
shannon,More Than the Tattooed Mormon,Al Carraway,OL22317507W,OL30395918M
shannon,Wildly Optimistic,Al Carraway,OL24171493W,OL31907441M
shannon,The Body Double: A Novel,Emily Beyda,OL20650939W,
shannon,"Devotion (The Hunted, #4)",Ivy Smoak,OL26907229W,
shannon,"Eruption (The Hunted, #3)",Ivy Smoak,OL20761474W,
shannon,"Addiction (The Hunted, #2)",Ivy Smoak,OL22656062W,
shannon,"Temptation (The Hunted, #1)",Ivy Smoak,OL22426803W,
shannon,Braving the Wilderness,Brené Brown,OL19712864W,OL26926001M
shannon,"The 21-Day Self-Love Challenge: Learn How to Love Yourself Unconditionally, Cultivate Self-Worth, Self-Compassion and Confidence (21-Day Challenges Book 6)",21 Day Challenges,,
shannon,The Silent Patient,Alex Michaelides,OL19096402W,
shannon,"Anti-Diet: Reclaim Your Time, Money, Well-Being, and Happiness Through Intuitive Eating",Christy Harrison,OL20803349W,OL44280096M
shannon,The Wives,Tarryn Fisher,OL28051023W,OL38389158M
shannon,The Housekeeper,Natalie Barelli,OL21882711W,
shannon,Under Lying,Janelle Harris,OL21162959W,
shannon,Girl Wash your Face,Rachel Hollis,OL20155249W,OL32198255M
shannon,"The Hate U Give (The Hate U Give, #1)",Angie Thomas,OL17714701W,
shannon,When I Was You,Minka Kent,OL20728357W,
shannon,"Hide and Seek (Criminal Profiler, #4)",Mary Burton,OL20162196W,
shannon,Butterfly in Frost,Sylvia Day,OL36091029W,OL48761087M
shannon,"Dead End Girl (Violet Darger, #1)",L.T. Vargus,,
shannon,If I Was Your Girl,Meredith Russo,OL17357733W,OL25935607M
shannon,"The Mister (Mister & Missus, #1)",E.L. James,OL20121625W,
shannon,"Cut and Run  (Criminal Profiler, #3)",Mary Burton,OL19762548W,
shannon,Unspeakable Things,Jess Lourey,OL21229733W,
shannon,In the Unlikely Event,L.J. Shen,OL26418033W,
shannon,Regretting You,Colleen Hoover,OL36090166W,OL48759282M
shannon,"Where There's Hope: Healing, Moving Forward, and Never Giving Up",Elizabeth   Smart,OL19742014W,OL26955086M
shannon,The Secrets She Keeps,Michael Robotham,OL20819324W,OL28184903M
shannon,An Unwanted Guest,Shari Lapena,OL19746469W,OL26959532M
shannon,"The Family Upstairs (The Family Upstairs, #1)",Lisa Jewell,OL20416046W,OL27636655M
shannon,"Fire On The Farm (Healed Hearts Romances, #1)",Betty Shreffler,OL25680386W,
shannon,Come Home to Me,Liz Talley,OL19743288W,
shannon,"The Vanishing Season (The Collector, #4)",Dot Hutchison,OL21193111W,
shannon,When Never Comes,Barbara  Davis,OL20175955W,
shannon,"If You Tell: A True Story of Murder, Family Secrets, and the Unbreakable Bond of Sisterhood",Gregg Olsen,OL25433262W,OL34100205M
shannon,Where the Crawdads Sing,Delia Owens,OL18766691W,OL27002289M
shannon,Little Voices,Vanessa Lillie,OL20146099W,OL48761202M
shannon,"Sara's Game (Sara Winthrop, #1)",Ernie Lindsey,OL22066123W,
shannon,Spilled Milk,K.L. Randis,OL26833760W,
shannon,The Girl Who Lived,Christopher Greyson,OL20639297W,
shannon,Lying Next to Me,Gregg Olsen,OL20516688W,
shannon,Just like Grey (The Complete Collection ONE) (Billionaire Romance #1),J.S. Cooke,,
shannon,The Chain,Adrian McKinty,OL19924221W,OL27107843M
shannon,American Predator: The Hunt for the Most Meticulous Serial Killer of the 21st Century,Maureen Callahan,OL20062246W,OL27242229M
shannon,Every Breath,Nicholas Sparks,OL29445658W,OL40538863M
shannon,"Child's Play (DI Kim Stone, #11)",Angela Marsons,OL25883048W,
shannon,"The Summer Children (The Collector, #3)",Dot Hutchison,OL26129933W,
shannon,Roses of May (The Collector #2),Dot Hutchison,OL19752772W,
shannon,"The Butterfly Garden  (The Collector, #1)",Dot Hutchison,OL20036652W,
shannon,Change of Heart,Jodi Picoult,OL891938W,OL10723920M
shannon,House Rules,Jodi Picoult,OL15581127W,OL24533478M
shannon,My Sister's Keeper,Jodi Picoult,OL891923W,OL61350786M
shannon,"My Sister's Grave (Tracy Crosswhite, #1)",Robert Dugoni,OL25534878W,OL34249830M
shannon,Tender Morsels,Margo Lanagan,OL5708760W,OL16655893M
shannon,"A Child Called ""It"" (Dave Pelzer, #1)",Dave Pelzer,,
shannon,The Year of Magical Thinking,Joan Didion,OL500171W,OL16287630M
shannon,High Achiever: The Incredible True Story of One Addict's Double Life,Tiffany   Jenkins,OL20878711W,OL28274974M
shannon,Only Ever Her,Marybeth Mayhew Whalen,OL20896559W,
shannon,The Humans,Matt Haig,OL16805374W,
shannon,False Step,Victoria Helen Stone,OL20646287W,
shannon,Verity,Colleen Hoover,OL20068530W,
shannon,"Fidelity (Infidelity, #5)",Aleatha Romig,OL24771510W,
shannon,"Falling Into You (Falling, #1)",Jasinda Wilder,OL25868484W,
shannon,Educated,Tara Westover,OL38242804W,OL51974686M
shannon,Holiday Sparks: A Steamy Small Town Contemporary Romance Novella,Shannon Stacey,OL21748097W,OL29600688M
shannon,"Truth and Lies (DI Amy Winter, #1)",Caroline Mitchell,OL20178391W,
shannon,"Entrapment (Infidelity, #4)",Aleatha Romig,OL24654515W,
shannon,"Deception (Infidelity, #3)",Aleatha Romig,OL24454865W,OL48224361M
shannon,"Cunning (Infidelity, #2)",Aleatha Romig,OL22707340W,OL48218281M
shannon,"Betrayal (Infidelity, #1)",Aleatha Romig,OL20796412W,
shannon,"All the Lies We Tell (Quarry Road, #1)",Megan Hart,,
shannon,A Curve in the Road,Julianne MacLean,OL20537730W,
shannon,"Love & Gelato (Love & Gelato, #1)",Jenna Evans Welch,OL19669023W,OL26887445M
shannon,"Thin Air (Jessica Shaw, #1)",Lisa    Gray,OL20160858W,
shannon,Whisper Me This,Kerry Anne King,OL20162118W,
shannon,"What Have You Done (Adler and Dwyer, #0.5)",Matthew Farrell,OL21720547W,
shannon,"Say You're Sorry (Morgan Dane, #1)",Melinda Leigh,OL20056556W,
shannon,"The Perfect Child (Hannah Bauer, #1)",Lucinda Berry,OL20162129W,
shannon,"Fired (Worked Up, #1)",Cora Brent,OL31484178W,
shannon,"Burn for You (Slow Burn, #1)",J.T. Geissinger,,
shannon,Wicked Beautiful (Wicked Games #1),J.T. Geissinger,OL28599439W,
shannon,To Have and To Hold (The Wife # 1),M.L.   Roberts,OL27077785W,OL36727169M
shannon,I Will Never Leave You,S.M. Thayer,,
shannon,"Say You'll Stay (The Hennington Brothers, #1)",Corinne Michaels,OL26792100W,
shannon,The Contract (The Contract #1),Melanie Moreland,OL22068893W,
shannon,"One with You (Crossfire, #5)",Sylvia Day,OL21124163W,
shannon,Nine Perfect Strangers,Liane Moriarty,OL19761911W,OL26974917M
shannon,"No Ordinary Billionaire (The Sinclairs, #1)",J.S. Scott,,
shannon,The Wife Between Us,Greer Hendricks,OL19735648W,OL28189987M
shannon,Ugly Love,Colleen Hoover,OL20577143W,
shannon,"All Your Perfects (Hopeless, #3)",Colleen Hoover,OL19747970W,OL32191856M
shannon,"Stay (Bleeding Stars, #5)",A.L. Jackson,,
shannon,Behind Closed Doors,B.A. Paris,OL19715138W,OL27212933M
shannon,I Feel Bad About My Neck and Other Thoughts on Being a Woman,Nora Ephron,OL545571W,OL23275214M
shannon,Stepbrother for Christmas,Amy Brent,OL41275347W,
shannon,"Scorched (Surrender, #4)",Melody Anne,,
shannon,"Seduced (Surrender, #3)",Melody Anne,,
shannon,Caught by the Blizzard (Tellure Hollow #1),Adele Huxley,OL40527811W,
shannon,"Surrender (Surrender, #1)",Melody Anne,OL27699522W,
shannon,"Surrender (Surrender, #1)",Melody Anne,OL27699522W,
shannon,Little Fires Everywhere,Celeste Ng,OL17821431W,OL26389864M
shannon,"Everything We Keep (Everything, #1)",Kerry Lonsdale,OL20038785W,
shannon,Eye of the Storm (Hart and Drake #4),C.J. Lyons,,
shannon,"Nerves of Steel (Hart and Drake, #1)",C.J. Lyons,,
shannon,Happiness Sold Separately,Lolly Winston,OL5729389W,OL7537053M
shannon,Good Grief,Lolly Winston,OL5729390W,OL7538509M
shannon,The Shack,William Paul Young,OL13267281W,OL20962064M
shannon,The Proper Care and Feeding of Husbands,Laura Schlessinger,OL47029W,OL7277672M
shannon,Essentialism: The Disciplined Pursuit of Less,Greg McKeown,OL17043626W,OL25613003M
shannon,"In the Clearing (Tracy Crosswhite, #3)",Robert Dugoni,OL20028254W,
shannon,"The Child Finder (Naomi Cottle, #1)",Rene Denfeld,OL19738969W,OL29755760M
shannon,The Shadow District,Arnaldur Indriðason,OL19722239W,
shannon,Bad Girls with Perfect Faces,Lynn Weingarten,OL19721380W,OL26934504M
shannon,"Last Kiss (First and Last, #2)",Laurelin Paige,OL20029655W,OL29731673M
shannon,"First Touch (First and Last, #1)",Laurelin Paige,OL20017050W,OL27197118M
shannon,"Free Me (The Found Duet, #1)",Laurelin Paige,OL19997509W,
shannon,"Hudson (Fixed, #4)",Laurelin Paige,OL19984446W,OL27164574M
shannon,"Forever with You (Fixed, #3)",Laurelin Paige,OL19983397W,
shannon,"Found in You (Fixed, #2)",Laurelin Paige,OL38069930W,OL54329352M
shannon,"Fixed on You (Fixed, #1)",Laurelin Paige,OL19983395W,
shannon,Proof of Heaven: A Neurosurgeon's Journey into the Afterlife,Eben Alexander,OL16799169W,OL25421006M
shannon,"The Dry (Aaron Falk, #1)",Jane Harper,OL20043529W,OL27223560M
shannon,Into the Water,Paula Hawkins,OL17765039W,OL26362212M
shannon,The Good Widow,Liz Fenton,OL20058493W,OL32588296M
shannon,Middlesex,Jeffrey Eugenides,OL3951520W,OL9691447M
shannon,All the Breaking Waves,Kerry Lonsdale,OL20879697W,
shannon,Big Little Lies,Liane Moriarty,OL17116911W,OL25687542M
shannon,"Silent Child (Silent Child, #1)",Sarah A. Denzil,OL24648743W,
shannon,The Letter,Kathryn Hughes,OL27789526W,OL37952494M
shannon,The Secret Wife,Gill Paul,OL21121898W,OL28591108M
shannon,"The Gravity of Us (Elements, #4)",Brittainy C. Cherry,OL27731416W,
shannon,Blood to Dust,L.J. Shen,OL24143930W,
shannon,"Vicious (Sinners of Saint, #1)",L.J. Shen,OL20240282W,
shannon,Too Late,Colleen Hoover,OL22879514W,
shannon,"Lost in Me (Here and Now, #1)",Lexi Ryan,OL23502935W,
shannon,"Fall to You (Here and Now, #2)",Lexi Ryan,OL23500556W,
shannon,"All for This (Here and Now, #3)",Lexi Ryan,,
shannon,The Radium Girls: The Dark Story of America’s Shining Women,Kate  Moore,OL19663676W,OL26882954M
shannon,"The Dry (Aaron Falk, #1)",Jane Harper,OL20052676W,
shannon,Winter Garden,Kristin Hannah,OL14954933W,OL24094708M
shannon,The Girl on the Train,Paula Hawkins,OL17112428W,OL25687007M
shannon,"Defy (Sinners of Saint, #0.5)",L.J. Shen,OL20211976W,
shannon,The Happiness Hypothesis: Finding Modern Truth in Ancient Wisdom,Jonathan Haidt,OL5829273W,OL7593479M
shannon,"Left Behind (Left Behind, #1)",Tim LaHaye,OL15397333W,OL24373613M
shannon,"Wrecking Ball (Hard to Love, #1)",P. Dangelico,OL21833115W,OL51877628M
shannon,"Fifty Shades Darker (Fifty Shades, #2)",E.L. James,OL16550681W,OL50543109M
shannon,The Last Act of Love,Cathy Rentzenbrink,OL20698950W,OL27987439M
shannon,See Me,Nicholas Sparks,OL19642306W,OL26862373M
shannon,Dark Places,Gillian Flynn,OL5842017W,OL28755784M
shannon,"Beautiful Disaster (Beautiful, #1)",Jamie McGuire,OL16726733W,OL59506773M
shannon,Absolution (Absolution #1),Amanda  Dick,OL41047958W,
shannon,"The Silent Sister (Riley MacPherson, #1)",Diane Chamberlain,OL17359871W,OL25937733M
shannon,"Feel Again (Fate, #1)",Faith  Andrews,OL34947906W,
shannon,Cold Cold Heart,Tami Hoag,OL17639855W,OL26245437M
shannon,"Of Love & Regret (Madison & Logan, #1)",S.H. Kolee,,
shannon,"Afterworlds (Afterworlds, #1)",Scott Westerfeld,OL17062741W,OL35597498M
shannon,"The Kind Worth Killing (Henry Kimball/Lily Kintner, #1)",Peter  Swanson,OL18820775W,OL26706956M
shannon,"Exposed (Just One Night, #1.2)",Kyra Davis,OL29375995W,OL40389275M
shannon,"Binding Agreement (Just One Night, #1.3)",Kyra Davis,OL25674379W,OL34474749M
shannon,The Husband's Secret,Liane Moriarty,OL17116908W,OL25687539M
shannon,Love the One You're With,Emily Giffin,OL16026319W,OL24087115M
shannon,Gone Girl,Gillian Flynn,OL16239762W,
shannon,King of Kings,Bruce D. Porter,OL3938287W,OL8738946M
shannon,We Are Water,Wally Lamb,OL16808484W,OL25644358M
shannon,"City of Bones (The Mortal Instruments, #1)",Cassandra Clare,OL8455255W,OL8458200M
shannon,"Déjà Dead (Temperance Brennan, #1)",Kathy Reichs,OL8075674W,
shannon,Spelling It Like It Is,Tori Spelling,OL25843728W,OL34853093M
shannon,"Losing Hope (Hopeless, #2)",Colleen Hoover,OL19705711W,
shannon,"Because You Must Learn (Because You Are Mine, #1.4)",Beth Kery,,
shannon,"Because You Haunt Me (Because You Are Mine, #1.3)",Beth Kery,OL17891941W,
shannon,"Because I Could Not Resist (Because You Are Mine, #1.2)",Beth Kery,,
shannon,"Off Sides (Off, #1)",Sawyer Bennett,OL20808909W,
shannon,"Off Limits (Off, #2)",Sawyer Bennett,,
shannon,"The Stranger (Just One Night, #1.1)",Kyra Davis,OL29374643W,OL40386572M
shannon,"Because You Tempt Me (Because You Are Mine, #1.1)",Beth Kery,OL17891941W,
shannon,"The Marriage Bargain (Marriage to a Billionaire, #1)",Jennifer Probst,OL29411378W,OL46930406M
shannon,The Silent Wife,A.S.A. Harrison,OL17357729W,OL25935603M
shannon,"Entwined with You (Crossfire, #3)",Sylvia Day,OL20369813W,
shannon,"Walking Disaster (Beautiful, #2)",Jamie McGuire,OL19975316W,OL27155487M
shannon,Tidal,Emily Snow,OL40052641W,OL54517635M
shannon,"Forever Us (Forever, #3)",Sandi Lynn,OL24489105W,
shannon,"Forever You (Forever, #2)",Sandi Lynn,OL32787902W,
shannon,"Forever Black (Forever, #1)",Sandi Lynn,OL24489088W,
shannon,"Beauty from Surrender (Beauty, #2)",Georgia Cates,OL27698187W,
shannon,"Beauty from Pain (Beauty, #1)",Georgia Cates,OL24319506W,OL32182349M
shannon,Cloud Atlas,David  Mitchell,OL482454W,OL3693769M
shannon,"Devoured (Devoured, #1)",Emily Snow,OL23415242W,
shannon,"Seducing Cinderella (Fighting for Love, #1)",Gina L. Maxwell,OL20283697W,
shannon,"All over You (Devoured, #0.5)",Emily Snow,OL25679741W,
shannon,"Consumed (Devoured, #2)",Emily Snow,OL25680104W,OL50534009M
shannon,"This Girl (Slammed, #3)",Colleen Hoover,OL34568152W,
shannon,Carry Yourself Back to Me,Deborah  Reed,OL17701938W,
shannon,"Hearts in Darkness (Hearts in Darkness, #1)",Laura Kaye,OL19729696W,
shannon,"These Is My Words: The Diary of Sarah Agnes Prine, 1881-1901, Arizona Territories (Sarah Agnes Prine, #1)",Nancy E. Turner,OL277433W,OL7286100M
shannon,The Language of Flowers,Vanessa Diffenbaugh,OL15992145W,OL24987855M
shannon,Seven Years to Sin,Sylvia Day,OL20875673W,OL28269864M
shannon,"Reckless (Thoughtless, #3)",S.C. Stephens,OL16801725W,
shannon,"Effortless (Thoughtless, #2)",S.C. Stephens,OL19975025W,OL27155196M
shannon,"Thoughtless (Thoughtless, #1)",S.C. Stephens,OL24321746W,OL32187680M
shannon,"Be with Me (Wait for You, #2)",J. Lynn,OL24793941W,
shannon,"Wait for You (Wait for You, #1)",J. Lynn,OL20781330W,
shannon,The Night Circus,Erin Morgenstern,OL16086747W,
shannon,"Insurgent (Divergent, #2)",Veronica Roth,OL16325201W,OL25127023M
shannon,"Point of Retreat (Slammed, #2)",Colleen Hoover,OL17444354W,
shannon,"Divergent (Divergent, #1)",Veronica Roth,OL15719630W,OL25438684M
shannon,"Slammed (Slammed, #1)",Colleen Hoover,OL19964677W,
shannon,The Pact,Jodi Picoult,OL891953W,OL7288840M
shannon,"The Marriage Mistake (Marriage to a Billionaire, #3)",Jennifer Probst,OL21670368W,
shannon,"The Marriage Trap (Marriage to a Billionaire, #2)",Jennifer Probst,OL17850326W,OL30660693M
shannon,"Falling for Her Fiance (Accidentally in Love, #1)",Cindi Madsen,OL27102692W,
shannon,"Wrong Bed, Right Guy (Come Undone, #1)",Katee Robert,OL20677486W,
shannon,Cinderella Screwed Me Over,Cindi Madsen,OL21258370W,OL28781790M
shannon,"Pulse (Collide, #2)",Gail McHugh,OL20019657W,
shannon,"Collide (Collide, #1)",Gail McHugh,OL16815350W,
shannon,Fire of the Covenant: The Story of the Willie and Martin Handcart Companies,Gerald N. Lund,OL8977327W,OL8846934M
shannon,"Easy (Contours of the Heart, #1)",Tammara Webber,OL20370236W,OL29663245M
shannon,"Hopeless (Hopeless, #1)",Colleen Hoover,OL20564687W,
shannon,Taming Natasha / Luring a Lady (The Stanislaskis #1-2),Nora Roberts,OL446101W,OL10744574M
shannon,Sharp Objects,Gillian Flynn,OL5842018W,
shannon,"Where She Went (If I Stay, #2)",Gayle Forman,OL15601954W,OL24552641M
shannon,"If I Stay (If I Stay, #1)",Gayle Forman,OL14932974W,OL21559347M
shannon,Never Let Me Go,Kazuo Ishiguro,OL59038W,OL16198255M
shannon,All the Broken Pieces,Cindi Madsen,OL20709898W,
shannon,The Lovely Bones,Alice Sebold,OL5962664W,OL22236387M
shannon,"True Believer (Jeremy Marsh & Lexie Darnell, #1)",Nicholas Sparks,OL21231981W,OL28744804M
shannon,"At First Sight (Jeremy Marsh & Lexie Darnell, #2)",Nicholas Sparks,OL8472271W,OL24200721M
shannon,Safe Haven,Nicholas Sparks,OL15250292W,OL24328083M
shannon,The Choice,Nicholas Sparks,OL54809W,OL9437493M
shannon,A Bend in the Road,Nicholas Sparks,OL54814W,OL7538561M
shannon,The Rescue,Nicholas Sparks,OL54817W,OL7538560M
shannon,Nights in Rodanthe,Nicholas Sparks,OL54816W,OL23246724M
shannon,The Guardian,Nicholas Sparks,OL54812W,OL7538559M
shannon,"The Wedding (The Notebook, #2)",Nicholas Sparks,OL54810W,OL3473916M
shannon,Message in a Bottle,Nicholas Sparks,OL21259947W,OL28783847M
shannon,The Lucky One,Nicholas Sparks,OL14873834W,OL25913810M
shannon,The Last Song,Nicholas Sparks,OL14873874W,OL24001796M
shannon,Dear John,Nicholas Sparks,OL54815W,OL7536923M
shannon,"The Notebook (The Notebook, #1)",Nicholas Sparks,OL54797W,OL7850857M
shannon,The Peach Keeper,Sarah Addison Allen,OL15676178W,OL24607588M
shannon,"His Needs, Her Needs: Building an Affair-Proof Marriage",Willard F. Harley Jr.,OL1835669W,OL6796193M
shannon,The Middle Place,Kelly Corrigan,OL9681811W,OL11591027M
shannon,Unfinished Business,Nora Roberts,OL111564W,OL141080M
shannon,Fireworks Over Toccoa,Jeffrey Stepakoff,OL15568225W,OL24520734M
shannon,"The Giver (Giver, #1)",Lois Lowry,OL1846076W,OL7441983M
shannon,"Reflected in You (Crossfire, #2)",Sylvia Day,OL17053948W,
shannon,"When in Doubt, Add Butter",Beth Harbison,OL16557972W,OL25246934M
shannon,Demons of the Sun,Cindi Madsen,OL35372193W,
shannon,"Bared to You (Crossfire, #1)",Sylvia Day,OL16637803W,
shannon,"Hide and Seek (The Lying Game, #4)",Sara Shepard,OL16538666W,OL25229267M
shannon,Making Your Husband Feel Loved: 20 Christian Women Share Their Secrets for a Fresh & Exciting Marriage,Betty Malz,OL19223359W,OL700529M
shannon,Love Left Behind,S.H. Kolee,OL24775168W,
shannon,"Two Truths and a Lie (The Lying Game, #3)",Sara Shepard,OL16529188W,OL25220785M
shannon,"Never Have I Ever (The Lying Game, #2)",Sara Shepard,OL16116872W,OL25004579M
shannon,"The Lying Game (The Lying Game, #1)",Sara Shepard,OL15550642W,OL24505772M
shannon,The Girl Who Played with Fire (Millennium #2),Stieg Larsson,OL5784621W,OL24129897M
shannon,"The Girl Who Kicked the Hornet’s Nest (Millennium, #3)",Stieg Larsson,OL14909364W,OL24405506M
shannon,A Reliable Wife,Robert Goolrick,OL8884504W,OL23120298M
shannon,The Heart of the 5 Love Languages,Gary Chapman,OL2876227W,OL12142454M
shannon,The Best of Me,Nicholas Sparks,OL15729059W,OL24645245M
shannon,Home Again,Kristin Hannah,OL488462W,OL7566827M
shannon,"Twilight (The Twilight Saga, #1)",Stephenie Meyer,OL5720023W,OL37073278M
shannon,"Eclipse (The Twilight Saga, #3)",Stephenie Meyer,OL5720025W,OL61346164M
shannon,"New Moon (The Twilight Saga, #2)",Stephenie Meyer,OL5720027W,OL37074932M
shannon,"Breaking Dawn (The Twilight Saga, #4)",Stephenie Meyer,OL5720022W,OL37075046M
shannon,Little Bee,Chris Cleave,OL5845214W,OL24086086M
shannon,Nineteen Minutes,Jodi Picoult,OL891945W,OL24215414M
shannon,The Help,Kathryn Stockett,OL11999891W,OL16990642M
shannon,She’s Come Undone,Wally Lamb,OL1952155W,OL7644705M
shannon,The Awakening,Kate Chopin,OL65430W,OL7789258M
shannon,Water for Elephants,Sara Gruen,OL5813796W,OL8664290M
shannon,A Walk to Remember,Nicholas Sparks,OL54813W,OL7538478M
shannon,"Unearthly (Unearthly, #1)",Cynthia Hand,OL15586817W,OL24538285M
shannon,"The Girl With the Dragon Tattoo (Millennium, #1)",Stieg Larsson,OL5784622W,OL32362183M
shannon,"Catching Fire (The Hunger Games, #2)",Suzanne Collins,OL5735360W,OL61277962M
shannon,"Mockingjay (The Hunger Games, #3)",Suzanne Collins,OL14908941W,OL25441043M
shannon,"The Hunger Games (The Hunger Games, #1)",Suzanne Collins,OL5735363W,OL37079411M
shannon,"Firefly Lane (Firefly Lane, #1)",Kristin Hannah,OL488468W,OL10389043M
shannon,On Mystic Lake,Kristin Hannah,OL488441W,
shannon,"Fifty Shades Freed (Fifty Shades, #3)",E.L. James,OL16550682W,OL25240706M
shannon,"Fifty Shades of Grey (Fifty Shades, #1)",E.L. James,OL16336633W,OL30403400M
