canonical_book_id,canonical_work_id,work_mapping_status,work_group_root
book_41a8258e3828bdce,work_df7e408388037507,standalone,book_41a8258e3828bdce
book_0e6b9c5b22406186,work_1b2fa95403a66a61,standalone,book_0e6b9c5b22406186
book_9425f40f3ed52a0d,work_a282d57512284058,standalone,book_9425f40f3ed52a0d
book_4b06783b0dc84876,work_b353bdab50cd62b9,standalone,book_4b06783b0dc84876
book_9ba69a443c7383a4,work_71a4ac92ef1fe460,standalone,book_9ba69a443c7383a4
book_1a7081a7b1ddbdf6,work_bd4197709e9ed9fb,standalone,book_1a7081a7b1ddbdf6
book_220c6dbf3c162961,work_7479fe4a3721e6d3,standalone,book_220c6dbf3c162961
book_c33ec4db42f2af1b,work_b0238a3aab757462,standalone,book_c33ec4db42f2af1b
book_6af3543a827d0cf8,work_4f1ecd3200ae60dd,standalone,book_6af3543a827d0cf8
book_ca5c4a4fd8bc3895,work_5cc9725d38d65d0f,standalone,book_ca5c4a4fd8bc3895
book_08edf7c3c2cfa011,work_65fe8bd8a6bb0177,standalone,book_08edf7c3c2cfa011
book_03c5201fae64c170,work_818a2905adbe80c4,standalone,book_03c5201fae64c170
book_cf59f0d729dc577c,work_dec34e0d09d026e2,standalone,book_cf59f0d729dc577c
book_6f6be0f5c759c646,work_5f6df56428c2edf3,standalone,book_6f6be0f5c759c646
book_f7cc03d4fc683c55,work_19462a1b08fd4055,standalone,book_f7cc03d4fc683c55
book_d8b346d31467ad19,work_ae46e69e8b019648,standalone,book_d8b346d31467ad19
book_90f4824e2b24783c,work_8e6d05e384d7ee50,standalone,book_90f4824e2b24783c
book_be51f1878d5a85b7,work_5a0c4d3db286e38a,standalone,book_be51f1878d5a85b7
book_7405085f44c50587,work_668b99ccb0c7eec7,standalone,book_7405085f44c50587
book_67d53299feaeb106,work_d361934bbd077ea4,standalone,book_67d53299feaeb106
book_a7767e1adf07d916,work_ee0ea42615ae395a,standalone,book_a7767e1adf07d916
book_4df37b1bdce2e151,work_66c8f5a281fb88ca,standalone,book_4df37b1bdce2e151
book_b46bfd143e982f62,work_39b97e0edee0eaca,standalone,book_b46bfd143e982f62
book_219d93d4142f9fec,work_0a147be0187e60fd,standalone,book_219d93d4142f9fec
book_f09e45c488ca960a,work_c973e0ce6c8a68d9,standalone,book_f09e45c488ca960a
book_d9be51a80aac9769,work_8f3adaf26622a1af,standalone,book_d9be51a80aac9769
book_facbb33c3a110022,work_fdf32abbcf6645c0,standalone,book_facbb33c3a110022
book_298d4b8d70daf3a1,work_28a3cf1e8c969e52,standalone,book_298d4b8d70daf3a1
book_fd5bc50874463491,work_fa9b0eea22c54cb3,standalone,book_fd5bc50874463491
book_8121f75479b6ea4e,work_07798726e9537d61,standalone,book_8121f75479b6ea4e
book_c296d401243db765,work_bd66b2fa1c147e0d,standalone,book_c296d401243db765
book_9a6e3f97384a91ca,work_8163a388fb1560e1,standalone,book_9a6e3f97384a91ca
book_5d28f23ea5e6f131,work_631e8e62618ca472,standalone,book_5d28f23ea5e6f131
book_ca6482d46f0e7b10,work_1dee46530e6a90ce,standalone,book_ca6482d46f0e7b10
book_5bbefa0ae5151761,work_41d55cefb73d4c95,standalone,book_5bbefa0ae5151761
book_80e8c1db6da5ebbd,work_ff2c8726670905ad,standalone,book_80e8c1db6da5ebbd
book_255a1d3e00479766,work_6b4cc466b1cc493b,standalone,book_255a1d3e00479766
book_b5f311e829de6747,work_b91c53dcbe087189,standalone,book_b5f311e829de6747
book_d742f7a26d4c72d9,work_d760e21b3d09b7cf,standalone,book_d742f7a26d4c72d9
book_97cb34d4c326268e,work_40e7625c265406a2,standalone,book_97cb34d4c326268e
book_265354e89b986aeb,work_65e79c4bf902359d,standalone,book_265354e89b986aeb
book_d8234f7cd8bd0504,work_ed0b42837e531ccd,standalone,book_d8234f7cd8bd0504
book_03a0bf98fe8633bf,work_e9b3a41778750fc7,standalone,book_03a0bf98fe8633bf
book_b52ee3a0dc9985c2,work_cf76aa45c406da53,standalone,book_b52ee3a0dc9985c2
book_ed64709bdc8c63d0,work_6cec3a5af0fbd438,standalone,book_ed64709bdc8c63d0
book_f27c6e2e5c7634e5,work_e70f561c75deab0f,standalone,book_f27c6e2e5c7634e5
book_46736ead33d8d980,work_6d143dee13eec9a3,standalone,book_46736ead33d8d980
book_8af02659a8dbce5d,work_ddfb5809d76afb6d,standalone,book_8af02659a8dbce5d
book_9549d11ab01e88d8,work_ca9928fe2629cc19,standalone,book_9549d11ab01e88d8
book_7224837f12d1492e,work_f4c8488adc5c5a78,standalone,book_7224837f12d1492e
book_1c170ff2c52adf3e,work_210ffe77db0f3fdc,standalone,book_1c170ff2c52adf3e
book_2161ccd9d4f3052d,work_f83e75fb7486da9e,standalone,book_2161ccd9d4f3052d
book_fedcd58f6884e72e,work_4c80fd92b3926a56,standalone,book_fedcd58f6884e72e
book_08ba5238bd7c4ab2,work_faa9fcd3e3c1aa25,standalone,book_08ba5238bd7c4ab2
book_78475b642d873df3,work_2fb0658399774080,standalone,book_78475b642d873df3
book_d6d0c925d5d8d17c,work_3c99f4358d43ace0,standalone,book_d6d0c925d5d8d17c
book_d8cf3f4d55577bff,work_bbf7a72453165035,standalone,book_d8cf3f4d55577bff
book_76771628360ec535,work_8a06282e0053bf80,standalone,book_76771628360ec535
book_989353140568bae3,work_451416e9ac9d0004,standalone,book_989353140568bae3
book_aeea12a5073462e4,work_d88be2271ef7f515,standalone,book_aeea12a5073462e4
book_129506c075304529,work_6926d1c06721795e,standalone,book_129506c075304529
book_df4a1a11fe04f0ff,work_0c6b0bc98c988dcb,standalone,book_df4a1a11fe04f0ff
book_5e1af1ccdc0108ef,work_bfe047ffc23e5653,standalone,book_5e1af1ccdc0108ef
book_2284d8be6bfbac6b,work_897cd29938d986c7,standalone,book_2284d8be6bfbac6b
book_1603e89892336d3b,work_8c6bbac74cc39c7e,standalone,book_1603e89892336d3b
book_322e577fc5e5f968,work_fbad18e7f9287845,standalone,book_322e577fc5e5f968
book_91e44bb0177c5997,work_579fd08a1d21b700,standalone,book_91e44bb0177c5997
book_b5efd02a62ce5fa3,work_ffcdb58b3d9e5e3f,standalone,book_b5efd02a62ce5fa3
book_2a9c2841365db29b,work_068f89967ab4f762,standalone,book_2a9c2841365db29b
book_8ea0c37192317a9c,work_e47034b49e2963e1,standalone,book_8ea0c37192317a9c
book_f1102e42f55fe09e,work_3e9a56ae6e0c13d2,standalone,book_f1102e42f55fe09e
book_502bd7950f428739,work_604069a6d9583eb2,standalone,book_502bd7950f428739
book_5e00cf45e77cbc9e,work_23f6d0f1d5301c35,standalone,book_5e00cf45e77cbc9e
book_0225afe291da9adf,work_ac7e58b2e3054fc1,standalone,book_0225afe291da9adf
book_3c713f7ce8209844,work_a3dfe93c1b656ff9,standalone,book_3c713f7ce8209844
book_71ef049a203b81e9,work_61a9ff11ef3c31dc,standalone,book_71ef049a203b81e9
book_a79db0c0411f5859,work_5464dcd4f21176c9,standalone,book_a79db0c0411f5859
book_8af39c8f41ee0de1,work_76f1a4e6807de128,standalone,book_8af39c8f41ee0de1
book_4e2a8cd7ba583f0e,work_1efc074705f76aa2,standalone,book_4e2a8cd7ba583f0e
book_db91a09cc9ae6ccc,work_2ea357c3b0f7245c,standalone,book_db91a09cc9ae6ccc
book_f5d842809a480176,work_8ed8e725bce579a6,standalone,book_f5d842809a480176
book_8a6d199715e0c78a,work_6a60eb186792c347,standalone,book_8a6d199715e0c78a
book_620da205f9b1590b,work_0db2eb0ef3c2c9bd,standalone,book_620da205f9b1590b
book_06ebe0d942dd7129,work_5adf9a12b43809a9,standalone,book_06ebe0d942dd7129
book_db35d68f55a0a0e3,work_1ed0cd1d1fe827c9,standalone,book_db35d68f55a0a0e3
book_d77ca18c138bb848,work_31979f5739e1edac,standalone,book_d77ca18c138bb848
book_89d945fe64f3d937,work_32f828b14fc1ee1d,standalone,book_89d945fe64f3d937
book_23f40b964a7ef9a5,work_78a4d01a900003cd,standalone,book_23f40b964a7ef9a5
book_01f9f25ee59f3fa2,work_6be4149d1e5f69b0,standalone,book_01f9f25ee59f3fa2
book_5dde58c1d2cee90b,work_ba7a6df3b33c36bc,standalone,book_5dde58c1d2cee90b
book_9af09e7d1785b5cd,work_0fa29a009da95fa2,standalone,book_9af09e7d1785b5cd
book_43d6a936179e0c54,work_37988f02c276a7b2,standalone,book_43d6a936179e0c54
book_72a1ed24c8435d32,work_0980dc057ff6ccfc,standalone,book_72a1ed24c8435d32
book_ce5b1dacb41ccf4e,work_985c0bdef4af1788,standalone,book_ce5b1dacb41ccf4e
book_77bdf22d5e1bd9b1,work_d388dd2b06136139,standalone,book_77bdf22d5e1bd9b1
book_a8f16e48461f58b6,work_10b911be74982e86,standalone,book_a8f16e48461f58b6
book_6b172b4561ad78ff,work_5e21fbcad8cc1211,standalone,book_6b172b4561ad78ff
book_7305e25cd7a9ba8d,work_97e9335ecf7460f3,standalone,book_7305e25cd7a9ba8d
book_8ff956ac6c74726e,work_69990eb328b0f86f,standalone,book_8ff956ac6c74726e
book_7162f5988c8f71b3,work_617b4b7544d25dc2,standalone,book_7162f5988c8f71b3
book_e442b4d390aa7bef,work_0299b6de4f74e818,standalone,book_e442b4d390aa7bef
book_3327dd975a204ad1,work_9f0e0eb0c36fec29,standalone,book_3327dd975a204ad1
book_a302d28d8b3d5bc3,work_3ff0d18aa7fca69a,standalone,book_a302d28d8b3d5bc3
book_1af9b4f4231bd867,work_6e0803d1b35329f9,standalone,book_1af9b4f4231bd867
book_ad6bf828c126ed15,work_d751d3cf48f24fef,standalone,book_ad6bf828c126ed15
book_ce21a668fb994a22,work_d4b51da9d08279ba,standalone,book_ce21a668fb994a22
book_e70db38fca5ab4e2,work_56ff81b3e79243e0,standalone,book_e70db38fca5ab4e2
book_d1ca1e362ac53853,work_d1b39732acb1b3b8,standalone,book_d1ca1e362ac53853
book_d89052e4e6544ad3,work_0e2720e1e11d6fb9,standalone,book_d89052e4e6544ad3
book_c2f67f099c04f8f8,work_df093e2c63ddd504,standalone,book_c2f67f099c04f8f8
book_d0a25ed0805c817b,work_e56c69bbd645a83b,standalone,book_d0a25ed0805c817b
book_c33785a071acac50,work_077bf0545318d761,standalone,book_c33785a071acac50
book_47c06284d50da265,work_9837de8d2bba493c,standalone,book_47c06284d50da265
book_ac62a8b976291a6a,work_3f8fa6f8ba59075d,standalone,book_ac62a8b976291a6a
book_78f9698ad059050a,work_3ca6bb933a383b30,standalone,book_78f9698ad059050a
book_313e255ec78171f1,work_d491f4d1781f09f4,standalone,book_313e255ec78171f1
book_bbfbd0973119b896,work_b3f2756bf151f37b,standalone,book_bbfbd0973119b896
book_88321317b4aeb354,work_ebea371bfcc50f7e,standalone,book_88321317b4aeb354
book_c93460e7401f98f4,work_90fbe697c28c5fa9,standalone,book_c93460e7401f98f4
book_01fafad9722e5eef,work_44aa22dae914535a,standalone,book_01fafad9722e5eef
book_d3ffc76867e34f9f,work_4f4fce3c94ab6ef2,standalone,book_d3ffc76867e34f9f
book_0cc858cd618e0ee3,work_676fc4aa49146fd2,standalone,book_0cc858cd618e0ee3
book_d423bf6007e061df,work_48652b0b66c57cc9,standalone,book_d423bf6007e061df
book_fa8918a506603e50,work_d938ba2d1926b810,standalone,book_fa8918a506603e50
book_d5def60f5f30f6b6,work_6b249aadfcc15d6a,standalone,book_d5def60f5f30f6b6
book_3190057ac1454e0f,work_d28d0cba6f5b7ee2,standalone,book_3190057ac1454e0f
book_0b912917cca649de,work_390b8393a372eb33,standalone,book_0b912917cca649de
book_897304c6071a156f,work_b57ca247ba089c74,standalone,book_897304c6071a156f
book_6ad2d658c8c96c8d,work_be6e257d29f8cb3b,standalone,book_6ad2d658c8c96c8d
book_77d176cc90c0bc53,work_b3cc48c7bb1ea01a,standalone,book_77d176cc90c0bc53
book_e4d42e9f6736dbab,work_823182439de60023,standalone,book_e4d42e9f6736dbab
book_874aa6745537d33f,work_cedb16bbe13742bd,standalone,book_874aa6745537d33f
book_c755289b79be6865,work_6d785d6c45bd2aa3,standalone,book_c755289b79be6865
book_b534066e96b7ead0,work_64050b56257e7f95,standalone,book_b534066e96b7ead0
book_85492c05de7c62b3,work_41ecce9ef0518275,standalone,book_85492c05de7c62b3
book_711d90ab7c47b439,work_18a2573605788a0d,standalone,book_711d90ab7c47b439
book_41b73577d65202e1,work_0d5088e753d2749d,standalone,book_41b73577d65202e1
book_d23aac60fe2565c9,work_b774350acbeba6f0,standalone,book_d23aac60fe2565c9
book_1d17186c4b14edf2,work_3a10f7bcb553604e,standalone,book_1d17186c4b14edf2
book_9b7e9310c31df95b,work_dee9b21ab156c7dd,standalone,book_9b7e9310c31df95b
book_e43c16396a52a705,work_425139fab00a387d,standalone,book_e43c16396a52a705
book_0d297a7510cce2ab,work_d77882a2182b7de4,standalone,book_0d297a7510cce2ab
book_0c5332017a5ef7ef,work_e53ef01f8cf3c181,standalone,book_0c5332017a5ef7ef
book_6822efd68ae9430a,work_49b14984732d8907,standalone,book_6822efd68ae9430a
book_4eaa815d54e94b05,work_6bc915d7b510d9be,standalone,book_4eaa815d54e94b05
book_7f347537331fdefe,work_149a17d381626c2c,standalone,book_7f347537331fdefe
book_fabd28b25298febf,work_d61e55ee5c107e81,standalone,book_fabd28b25298febf
book_d561215712081648,work_5054ac49706e0a3e,standalone,book_d561215712081648
book_63cd4d4351e2539b,work_a47724f785fc31bc,standalone,book_63cd4d4351e2539b
book_9e37408b82798f63,work_0389abc61e8c9388,standalone,book_9e37408b82798f63
book_180491689f6c4bed,work_11084477506507d4,standalone,book_180491689f6c4bed
book_bab6a2968202172b,work_56a1f99549a7b476,standalone,book_bab6a2968202172b
book_11b715f44c6fccb5,work_c9acf4e5548276e6,standalone,book_11b715f44c6fccb5
book_509879d935a4db51,work_a016d50d53417b21,standalone,book_509879d935a4db51
book_a00b62a951332064,work_90197a5be5a4530a,standalone,book_a00b62a951332064
book_4387560b1141d752,work_3a37eb167d0038fd,standalone,book_4387560b1141d752
book_25ae26dbf140e69f,work_afe4e5c8465d3ee6,standalone,book_25ae26dbf140e69f
book_0a92c6fc8bd5b5ab,work_2450c6d742eb3503,standalone,book_0a92c6fc8bd5b5ab
book_8ac4a57d2ae9dfca,work_b0aca5306f7a1eda,standalone,book_8ac4a57d2ae9dfca
book_604baa7d79c8ca6b,work_68618b5eb5c9e427,standalone,book_604baa7d79c8ca6b
book_879a9bf1007aaddb,work_845352a19948fec7,standalone,book_879a9bf1007aaddb
book_188b9d311be68ff9,work_9de81727c022fa77,standalone,book_188b9d311be68ff9
book_d932d7fe8140c685,work_46f500270b5afa3b,standalone,book_d932d7fe8140c685
book_d738a5470034d4c8,work_36805bad987a7be9,standalone,book_d738a5470034d4c8
book_91c2e938d4b6cbd2,work_9864867e6e882459,standalone,book_91c2e938d4b6cbd2
book_79a380ff5b4cc846,work_d4cf6414beeb4b2c,standalone,book_79a380ff5b4cc846
book_fdd4f7fcf294e508,work_55eb796e8b1470cc,standalone,book_fdd4f7fcf294e508
book_cfb529df7418b7c9,work_482bb9c4ee68388a,standalone,book_cfb529df7418b7c9
book_a182ab6c4b0fc5df,work_cb1be954d9ebe8ee,standalone,book_a182ab6c4b0fc5df
book_1d43a7ce036090da,work_e246f5568c7ae05e,standalone,book_1d43a7ce036090da
book_d14fa6eafac0a260,work_cc0cdeb74ef9339c,standalone,book_d14fa6eafac0a260
book_cc4d0bb38988c178,work_1457af897b179132,standalone,book_cc4d0bb38988c178
book_4947be7238bdb5d8,work_4dedf113b94a4dd4,standalone,book_4947be7238bdb5d8
book_68e30d4a5794fbe7,work_25eed7dc219faf99,standalone,book_68e30d4a5794fbe7
book_955bacdb82a7e521,work_09d3190d95fbc15d,standalone,book_955bacdb82a7e521
book_2f4cd50d1d638bcc,work_2403fe85a410e663,standalone,book_2f4cd50d1d638bcc
book_3e31ef193d231bc9,work_a1adde2456b1a66b,standalone,book_3e31ef193d231bc9
book_ff57e2bc4276469a,work_e1ba109cff16de22,standalone,book_ff57e2bc4276469a
book_a5af3329593d0e1f,work_000ea8c1b671724e,standalone,book_a5af3329593d0e1f
book_23085680ac1623cc,work_1449389bbdc5b08f,standalone,book_23085680ac1623cc
book_9fbfd52ea619da84,work_262cc738ddcf0718,standalone,book_9fbfd52ea619da84
book_8a5f464d06acf324,work_52040de3ddf9c103,standalone,book_8a5f464d06acf324
book_b6211d915da6d6d8,work_da83d5e66842ef9a,standalone,book_b6211d915da6d6d8
book_fd18c4282c414b34,work_7c19857e30ae4525,standalone,book_fd18c4282c414b34
book_37f8be203061b51f,work_2f3b0debd3b230b3,standalone,book_37f8be203061b51f
book_f172d3e1964b147c,work_d93a240acff5912a,standalone,book_f172d3e1964b147c
book_227782382b6f7ccd,work_3938639d48d38aa8,standalone,book_227782382b6f7ccd
book_963922ba71c3cdca,work_6382334bc4e35105,standalone,book_963922ba71c3cdca
book_ad3e317705b33981,work_183625ee623554da,standalone,book_ad3e317705b33981
book_70fe20aed247128e,work_faa84418f472b599,standalone,book_70fe20aed247128e
book_63b0136726dc7eef,work_2e73a7f1552233d0,standalone,book_63b0136726dc7eef
book_7b53293351d8a1e5,work_1bbd24dd0ba73ed0,standalone,book_7b53293351d8a1e5
book_e8cc4bdba13bdcc7,work_4b0e013af1b84466,standalone,book_e8cc4bdba13bdcc7
book_2d8315ae1726c5d4,work_f0abacb7c337d397,standalone,book_2d8315ae1726c5d4
book_9277307114ca36ab,work_ed894967c24a9a64,standalone,book_9277307114ca36ab
book_66898b4cc15196dc,work_07f34ab84d9e1805,standalone,book_66898b4cc15196dc
book_1435f6dccccd2c5e,work_ddc49878671c5701,standalone,book_1435f6dccccd2c5e
book_ce15914a8b560382,work_50a1de9dc3ffeaba,standalone,book_ce15914a8b560382
book_4e25d4da833f55d4,work_a88e8f9a028819a4,standalone,book_4e25d4da833f55d4
book_c5244cb08c811908,work_0fa4184f351cfe35,standalone,book_c5244cb08c811908
book_05613c1c9d04a4f7,work_2582a809277e4ea3,standalone,book_05613c1c9d04a4f7
book_512eec1f0e386c41,work_a620eeef1666939d,standalone,book_512eec1f0e386c41
book_8f31a6915f490c54,work_f2e8610068d047f2,standalone,book_8f31a6915f490c54
book_17da90a18cb2fa52,work_aa09b9e017083fff,standalone,book_17da90a18cb2fa52
book_833ac806de11eed7,work_9cbcc6b1bcd9bf5b,standalone,book_833ac806de11eed7
book_4a8048eda9f18660,work_5417f7542111ec9b,standalone,book_4a8048eda9f18660
book_0617cd8f1d32e8f7,work_a727ae66bc3cc9bb,standalone,book_0617cd8f1d32e8f7
book_ebb9c7ab3c185f7c,work_f86c1471cd9bf7ac,standalone,book_ebb9c7ab3c185f7c
book_f6181fba14fa40bc,work_731b745b5f510528,standalone,book_f6181fba14fa40bc
book_70d9e0ba6444d066,work_a48ca98078ad9172,standalone,book_70d9e0ba6444d066
book_ac6e20ca08e53ba2,work_c1e8c1404dc164bd,standalone,book_ac6e20ca08e53ba2
book_e5ed67fd4e36755f,work_6dfcf71413990ebb,standalone,book_e5ed67fd4e36755f
book_d19cb17ee489858c,work_b0030b53b60f9fab,standalone,book_d19cb17ee489858c
book_21ab90abac59090d,work_cae2967a68825f96,standalone,book_21ab90abac59090d
book_b69dc10ca2f32a58,work_c4aebc92f30a199e,standalone,book_b69dc10ca2f32a58
book_89fb96b30a5389e4,work_d34b76ceefc773dd,standalone,book_89fb96b30a5389e4
book_3f8bf5d8d168d820,work_ab24a7d9557b9520,standalone,book_3f8bf5d8d168d820
book_8e7a268429749153,work_3c02b4f9dac61b2c,standalone,book_8e7a268429749153
book_49300cd36dca9581,work_d385b19c72a0dbd1,standalone,book_49300cd36dca9581
book_4659accefe58aa14,work_76ea9d72aeabb753,standalone,book_4659accefe58aa14
book_163abc1efd43912d,work_71df34d08d5c5cc3,standalone,book_163abc1efd43912d
book_d452ad414f412707,work_0c99a32cb6674328,standalone,book_d452ad414f412707
book_f1369ddf028f6d5d,work_1d977315472a62ac,standalone,book_f1369ddf028f6d5d
book_954b6240d1198588,work_836e4223a701474a,standalone,book_954b6240d1198588
book_8e90476e8a5a5b58,work_8a9fd719f0a5fb40,standalone,book_8e90476e8a5a5b58
book_08ca8d05f74d3a3d,work_516985b3e8110c51,standalone,book_08ca8d05f74d3a3d
book_2797846a6b575416,work_af94e439d8105717,standalone,book_2797846a6b575416
book_cedb20c2b9dd31ee,work_6bf500cbd9993728,standalone,book_cedb20c2b9dd31ee
book_a7558fd8c799dfb5,work_21d8c13249a966cf,standalone,book_a7558fd8c799dfb5
book_7e43f906dc531695,work_588e0fb25c74af9b,standalone,book_7e43f906dc531695
book_a6142314f8d9b631,work_aee485922b86c9c7,standalone,book_a6142314f8d9b631
book_e1fe0b8eb66641aa,work_4a89cbf305b0e54d,standalone,book_e1fe0b8eb66641aa
book_7a457d5b2a87ed0c,work_a10a26ba6956644c,standalone,book_7a457d5b2a87ed0c
book_e58c019b58688058,work_7a89e09f82e59651,standalone,book_e58c019b58688058
book_050cf7cd4e6203ee,work_c1d9f2580b650a38,standalone,book_050cf7cd4e6203ee
book_f1bfdde3019adf62,work_9acd63e3bdcec8cc,standalone,book_f1bfdde3019adf62
book_779195f7189ab47f,work_2b88bc910bc3495a,standalone,book_779195f7189ab47f
book_19b6911ed6b7d479,work_d2f38a7b9bdcd5e6,standalone,book_19b6911ed6b7d479
book_348c386da8966512,work_03c61ce403e55f2b,standalone,book_348c386da8966512
book_eed3b5c68b994acf,work_856c134a3a7233de,standalone,book_eed3b5c68b994acf
book_d617495db1e5b7f9,work_d03cd90bd5e883c8,standalone,book_d617495db1e5b7f9
book_e145e68c5ae69265,work_67f73df4012bc237,standalone,book_e145e68c5ae69265
book_053b5acf8eab333b,work_1ee78d2352fbaa88,standalone,book_053b5acf8eab333b
book_55dd786dad7c83fe,work_beded73afbc036e3,standalone,book_55dd786dad7c83fe
book_9dbce02985a942b7,work_15b7b597cedcb375,standalone,book_9dbce02985a942b7
book_40dafb324311372c,work_2fb9163c6366fef7,standalone,book_40dafb324311372c
book_9f87db2940019435,work_d1ad91d3e949d317,standalone,book_9f87db2940019435
book_4f9ea999bd5d3324,work_ab1a4e072753ccab,standalone,book_4f9ea999bd5d3324
book_61e30a4eca8bf6af,work_7a1c7cb21684aeb7,standalone,book_61e30a4eca8bf6af
book_b3a81164a91d26cd,work_ce8723fa7a28cd31,standalone,book_b3a81164a91d26cd
book_cc9c07d0da4d0d09,work_791dd401db5ab0dc,standalone,book_cc9c07d0da4d0d09
book_f5958642d0c2e766,work_8b86d8be99bd2dd0,standalone,book_f5958642d0c2e766
book_d1b4d9be0ddef234,work_bcae89cdac43a58a,standalone,book_d1b4d9be0ddef234
book_c2a11b11718ed85e,work_e9e5f88fc64e660a,standalone,book_c2a11b11718ed85e
book_09f35d249b806538,work_005e30e3d077d378,standalone,book_09f35d249b806538
book_fd31f3b781fd685b,work_7dcd0e300c3d3285,standalone,book_fd31f3b781fd685b
book_f76857abea816ee7,work_9b182f449d89ede9,standalone,book_f76857abea816ee7
book_91fdb4c138f76850,work_041503aff897dae6,standalone,book_91fdb4c138f76850
book_93593d34a4c5c28b,work_1966e809ac8b6ad7,standalone,book_93593d34a4c5c28b
book_5babbfc3bf6fcf62,work_b01af9e9e3e95549,standalone,book_5babbfc3bf6fcf62
book_dd16b1826bde30e0,work_b7b6e6dc43a5cd5b,standalone,book_dd16b1826bde30e0
book_9626d50157537ac7,work_6184cf239e864473,standalone,book_9626d50157537ac7
book_f295b355f2ad1087,work_d4699be72ce4e02e,standalone,book_f295b355f2ad1087
book_e5e9f21197460267,work_b3361e0cc007c06f,standalone,book_e5e9f21197460267
book_9fc94f30401d6055,work_8680079d6a79324a,standalone,book_9fc94f30401d6055
book_ba5271d17778ba06,work_145c74af62374f2f,standalone,book_ba5271d17778ba06
book_1e50df67b34fe212,work_548d07d061b6d72a,standalone,book_1e50df67b34fe212
book_c1d585ca6bcc4480,work_75fc9be18c98e591,standalone,book_c1d585ca6bcc4480
book_c84fccadf76f5d15,work_cdf06d77ff750e77,standalone,book_c84fccadf76f5d15
book_47a6b994ec41014c,work_2a032f69b26f56b8,standalone,book_47a6b994ec41014c
book_5e68ca77d73918c9,work_432d3f417b43926f,standalone,book_5e68ca77d73918c9
book_105b4bde5891ddbb,work_673120d3304aa341,standalone,book_105b4bde5891ddbb
book_35cae359263a3c26,work_488d286ad86c2cd5,standalone,book_35cae359263a3c26
book_1a49b38f34588e14,work_4144daf022189b4c,standalone,book_1a49b38f34588e14
book_ed5fdede20ba6f28,work_974281f6c864b33b,standalone,book_ed5fdede20ba6f28
book_a210090a90df2ac7,work_56e0b4679f7b07e6,standalone,book_a210090a90df2ac7
book_d69a9d4b2ba39371,work_c3137b1248ac3bb9,standalone,book_d69a9d4b2ba39371
book_a55e83d5dc277dc1,work_aa182339173ec036,standalone,book_a55e83d5dc277dc1
book_c07037c791d5e0ea,work_38d3cba2c3277c82,standalone,book_c07037c791d5e0ea
book_cf7de9679c46c62e,work_dbdba3f5039e7f51,standalone,book_cf7de9679c46c62e
book_49a34c489e1ddc67,work_e3e7eb784740a450,standalone,book_49a34c489e1ddc67
book_81044819e64ccd02,work_03c90ada660c0467,standalone,book_81044819e64ccd02
book_086c04687d83ce24,work_9cd607b598476362,standalone,book_086c04687d83ce24
book_26e80534825c9600,work_b7077f905195cf63,standalone,book_26e80534825c9600
book_a6b1b8a75d6e0a64,work_6b3cf7420fe9e7d0,standalone,book_a6b1b8a75d6e0a64
book_db9d523f74f9abe4,work_741bd13428501c37,standalone,book_db9d523f74f9abe4
book_235474e993c58ff0,work_0074bfa3035902c1,standalone,book_235474e993c58ff0
book_b45b6664e0c12db2,work_3723e35a3a1f0648,standalone,book_b45b6664e0c12db2
book_19f1548b73261976,work_edf9acef3fd92179,standalone,book_19f1548b73261976
book_3bc4ce08c160b6cb,work_97891fb39cd259de,standalone,book_3bc4ce08c160b6cb
book_92a0dc085495b6dc,work_393345978f274af9,standalone,book_92a0dc085495b6dc
book_79e0004998728910,work_efc2ae129252f8d7,standalone,book_79e0004998728910
book_9c3563e3625c39ee,work_c6729fb705a033b2,standalone,book_9c3563e3625c39ee
book_77284fd53074afb6,work_827980c37856cf71,standalone,book_77284fd53074afb6
book_7debde1993d76224,work_472026623a3606b5,standalone,book_7debde1993d76224
book_4a09172ab1b8983f,work_609a84b17b741a46,standalone,book_4a09172ab1b8983f
book_c26e36ad07272ab3,work_f613c6bbd5b61b8b,standalone,book_c26e36ad07272ab3
book_2549d96f7ce851e1,work_fe2133082ac89a5b,standalone,book_2549d96f7ce851e1
book_628d6b0094e26533,work_5124316f57c94354,standalone,book_628d6b0094e26533
book_4d0e8c0d4a4ff3ac,work_41f7e8ae4be64f13,standalone,book_4d0e8c0d4a4ff3ac
book_bd443409a79d5a70,work_cc16eaaa4d2b2efe,standalone,book_bd443409a79d5a70
book_9154a34d1fc15343,work_392f56c36cc48edb,standalone,book_9154a34d1fc15343
book_ea9d5d77da172078,work_9adcd005fb0bbfe8,standalone,book_ea9d5d77da172078
book_65bd52721c185a7b,work_28397c1162cb6da1,standalone,book_65bd52721c185a7b
book_2443abf4c9f8694f,work_5c1f38db62e9976a,standalone,book_2443abf4c9f8694f
book_f1753f3e0054240f,work_eceb79324126af21,standalone,book_f1753f3e0054240f
book_3932f1d19815287c,work_d4a28a26c61296bb,standalone,book_3932f1d19815287c
book_feb10b5221403492,work_e09267ee8fa529e8,standalone,book_feb10b5221403492
book_098a9ac7a3fd1933,work_45fcb0899608b49b,standalone,book_098a9ac7a3fd1933
book_413eb2dcdad44192,work_d9e3dbbc3fc61bd3,standalone,book_413eb2dcdad44192
book_087c8b03e42e70aa,work_ce8f3e5827da8166,standalone,book_087c8b03e42e70aa
book_c7fedf99648299b9,work_0819f94cffb42677,standalone,book_c7fedf99648299b9
book_1690de62fd268917,work_4467cfee4feda311,standalone,book_1690de62fd268917
book_a16de6405c62e340,work_f61b77e88052c46b,standalone,book_a16de6405c62e340
book_3d616906a5477496,work_2c5103f1061bec0c,standalone,book_3d616906a5477496
book_ae523b4955c369f7,work_25739b4e27c73e25,standalone,book_ae523b4955c369f7
book_0121428eee7aaf8d,work_b3ca9859cfbaa0e2,standalone,book_0121428eee7aaf8d
book_436119d71542658f,work_84f9c007e8b9abb5,standalone,book_436119d71542658f
book_d8ea1bb7f535a4e8,work_372bd9a9dd0bbb0b,standalone,book_d8ea1bb7f535a4e8
book_dc319c95ecffee4f,work_8ee2834c4a970285,standalone,book_dc319c95ecffee4f
book_c5fd0142da05181c,work_4786ac9f9cc98f35,standalone,book_c5fd0142da05181c
book_0b88ac2b9391b47b,work_f7ad9645466cafa2,standalone,book_0b88ac2b9391b47b
book_047a77e05b6cbac7,work_c5216d57c32e8045,standalone,book_047a77e05b6cbac7
book_fb030ca2d10f0bf8,work_0618dc1efadcebd0,standalone,book_fb030ca2d10f0bf8
book_152d10ac8c644286,work_2f53e342d9fceec2,standalone,book_152d10ac8c644286
book_95c3f48ac760a9fd,work_c9e554bae4ce7df0,standalone,book_95c3f48ac760a9fd
book_6ec6a712be10ab89,work_79949d7a1df0752f,standalone,book_6ec6a712be10ab89
book_7197edfdfb686718,work_92af246d6b7008c1,standalone,book_7197edfdfb686718
book_188a66fc9eb0cc2a,work_98a595f2140d5edf,standalone,book_188a66fc9eb0cc2a
book_5b358e098d30c085,work_202bef6e4c51af74,standalone,book_5b358e098d30c085
book_337d90c0c27f24b0,work_c3729698c87b7c3c,standalone,book_337d90c0c27f24b0
book_7bc06b58e51df9f6,work_b00bdfe7840dc65f,standalone,book_7bc06b58e51df9f6
book_9a02cb5f643c45df,work_1fdfba495e8e0427,standalone,book_9a02cb5f643c45df
book_5eca8dd8fdde1f2d,work_5428a72e777f5387,standalone,book_5eca8dd8fdde1f2d
book_be18f83a9c029246,work_88e51dc6964fd903,standalone,book_be18f83a9c029246
book_2a61c423f7b6de3a,work_c3b33f149be1f9c9,standalone,book_2a61c423f7b6de3a
book_5e6c21be18e193ed,work_3bb5c52c6224602c,standalone,book_5e6c21be18e193ed
book_784ee0abc758ea4a,work_d3271ad3cb2eb354,standalone,book_784ee0abc758ea4a
book_f1ed9e0ef1ce5866,work_344a50f157ef4dc3,standalone,book_f1ed9e0ef1ce5866
book_0ce63e39ba857457,work_f0e973b0241030de,standalone,book_0ce63e39ba857457
book_fc46472055a46ba8,work_55bcd0bca18e3ce2,standalone,book_fc46472055a46ba8
book_2b8c06656979afd1,work_ee719650938b7719,standalone,book_2b8c06656979afd1
book_7c9d1f4279bc3229,work_22ca760c3e5cd6dd,standalone,book_7c9d1f4279bc3229
book_1cc45ad032983a9d,work_a674b3024bfbb853,standalone,book_1cc45ad032983a9d
book_e1d27fde0fd341a2,work_14cf782d1df83504,standalone,book_e1d27fde0fd341a2
book_b5c3f75ef28965fb,work_440e3d132a1162cd,standalone,book_b5c3f75ef28965fb
book_68b57d9ef533db6e,work_05874a8ae503a7ef,standalone,book_68b57d9ef533db6e
book_b6392dc0f4d4f0f8,work_3116a44df2b73df4,standalone,book_b6392dc0f4d4f0f8
book_8cc6904f3fbd0204,work_93700d030c1d25a2,standalone,book_8cc6904f3fbd0204
book_977c9a4ec61a44bd,work_923191b74a4541a0,standalone,book_977c9a4ec61a44bd
book_77efea1bc0690ac5,work_b86555324ed6fa2e,standalone,book_77efea1bc0690ac5
book_c567ed2866508aad,work_53e564a6ebb5da2c,standalone,book_c567ed2866508aad
book_53cd5c3059c92621,work_4511523f353c1f53,standalone,book_53cd5c3059c92621
book_0083038ea9439c43,work_9f7cf252930cc820,standalone,book_0083038ea9439c43
book_82f50051ad389b36,work_12a1b3b860faf295,standalone,book_82f50051ad389b36
book_263e7b448168fc94,work_992a6157f07386e2,standalone,book_263e7b448168fc94
book_5d7c8bd1237ea3ca,work_084454cb879133c7,standalone,book_5d7c8bd1237ea3ca
book_2191ceb877f0b5c5,work_11d524bde16c3190,standalone,book_2191ceb877f0b5c5
book_d6f2eb8349337bfd,work_82f2bb7d5b492185,standalone,book_d6f2eb8349337bfd
book_7316031aaaa39661,work_37ee91b56409451f,standalone,book_7316031aaaa39661
book_e82e4b9fb2caa807,work_a1e233b5f5e19f5d,standalone,book_e82e4b9fb2caa807
book_4deaefad985ece5a,work_28bc803590b5309a,standalone,book_4deaefad985ece5a
book_b1788e0828c83373,work_b0e9a10ad3dda9e8,standalone,book_b1788e0828c83373
book_b720f0fa0d4528c0,work_f2eabf8a343a75ef,standalone,book_b720f0fa0d4528c0
book_7f551fc60839d84a,work_c49650d34472b52e,standalone,book_7f551fc60839d84a
book_4f72e2b52147d1e0,work_3cf5677b20fabe09,standalone,book_4f72e2b52147d1e0
book_07214450b8326da4,work_0c885a2d197d3b11,standalone,book_07214450b8326da4
book_78dc018f647e3d22,work_82d1020731c5712e,standalone,book_78dc018f647e3d22
book_04314c457ac17307,work_f7741b4ddabc7ce7,standalone,book_04314c457ac17307
book_0fe94597b9a11507,work_f3707abcc03eedee,standalone,book_0fe94597b9a11507
book_bc825f2559421e5b,work_93be806a7269cf82,standalone,book_bc825f2559421e5b
book_33316b2b317cde86,work_de47308178968ca5,standalone,book_33316b2b317cde86
book_50d34a0f559dfcae,work_5a1bc03956f6c2c1,standalone,book_50d34a0f559dfcae
book_dc327d938f24f0c5,work_b0eb64e62fadad24,standalone,book_dc327d938f24f0c5
book_604f687bae7009ad,work_b7c99dff4c384444,standalone,book_604f687bae7009ad
book_a13ffeaa4d614392,work_2dbf84c33f6c4703,standalone,book_a13ffeaa4d614392
book_7e82f5e126095f2a,work_6d55ca8983373e9c,standalone,book_7e82f5e126095f2a
book_a77bec0bfb9c2ecc,work_2bebfc3c066a5377,standalone,book_a77bec0bfb9c2ecc
book_0428482618a35b50,work_38c0a6b544e637b1,standalone,book_0428482618a35b50
book_4577a4c2cb34dcbb,work_a3f8163b4e427563,reconciled,book_30818ee2ec908551
book_05bfaffd4abad231,work_d008cab274f63f2f,standalone,book_05bfaffd4abad231
book_76b0d17ebab05027,work_72da63dadc9d3f2e,standalone,book_76b0d17ebab05027
book_b097565b2e342082,work_53895bd7f9e3b43f,standalone,book_b097565b2e342082
book_e17290233a86874b,work_f5ff287d07b5e8df,standalone,book_e17290233a86874b
book_99d721408b518b66,work_986d8ed27479ab36,standalone,book_99d721408b518b66
book_253933d9d0ba1858,work_2ecff96b66286c8e,standalone,book_253933d9d0ba1858
book_1828fccc4e39b9e7,work_610c9683517c393d,standalone,book_1828fccc4e39b9e7
book_7352244c7d65a45e,work_c570c7689592d284,standalone,book_7352244c7d65a45e
book_1a280bb275bf85ad,work_b8a345de2dd0ec1a,standalone,book_1a280bb275bf85ad
book_d5dcd4b1c795a476,work_f57679aa642c0385,standalone,book_d5dcd4b1c795a476
book_b1b4ff165f8eca45,work_a19e330bd099f519,standalone,book_b1b4ff165f8eca45
book_cda86aed74a0895a,work_8aa012eb2309584d,standalone,book_cda86aed74a0895a
book_2994c00b0bdbd8d5,work_2237cb1d0851065c,standalone,book_2994c00b0bdbd8d5
book_e0602cdbfdd6ce57,work_9ba37d776f5f2db0,standalone,book_e0602cdbfdd6ce57
book_6a3e2d4698192f32,work_04920f40be71764a,standalone,book_6a3e2d4698192f32
book_9f3efb87630fe2c3,work_d6b1772ab4b8e6a4,standalone,book_9f3efb87630fe2c3
book_ab8b7f61655a6b27,work_0af68283207d8ac5,standalone,book_ab8b7f61655a6b27
book_b6edf1af43688c46,work_9e58d2867ec18b51,standalone,book_b6edf1af43688c46
book_c2e1741f748908f1,work_8897d8bf31f1cd51,standalone,book_c2e1741f748908f1
book_82e6ab62ae5fe8d8,work_bc29e26fcdc6a8c3,standalone,book_82e6ab62ae5fe8d8
book_a750d0048d0ad8fd,work_1a3b61095ff2e1b1,standalone,book_a750d0048d0ad8fd
book_1027e9ecde360e02,work_5ae80fe3f28f65f5,standalone,book_1027e9ecde360e02
book_cf2b06d15b59c4cc,work_79568329f52e7eb9,standalone,book_cf2b06d15b59c4cc
book_f2810b449d98f84f,work_6589b4e1881adec1,standalone,book_f2810b449d98f84f
book_60a22f190ca3757c,work_4fe3f720f9a166cd,standalone,book_60a22f190ca3757c
book_b1dad0dc15d7ebe9,work_af0699e5c66ef9f1,standalone,book_b1dad0dc15d7ebe9
book_33bb06865d229a46,work_4169dc7fa67411b4,standalone,book_33bb06865d229a46
book_080e8fe0ed0c7de5,work_986498b0d2caeea2,standalone,book_080e8fe0ed0c7de5
book_b8a69a870b880377,work_f609d7b3eea8cf94,standalone,book_b8a69a870b880377
book_b1d996c1ec40af1c,work_d0b8246055d4251c,standalone,book_b1d996c1ec40af1c
book_47a492ed64de1e38,work_047dd511894489ce,standalone,book_47a492ed64de1e38
book_2e7ef26e1344cc9e,work_faa2c6ba2b25ec06,standalone,book_2e7ef26e1344cc9e
book_5c385168fed3557b,work_db8d959010fd8f96,standalone,book_5c385168fed3557b
book_7fefe4ce9f637d07,work_0d1dbaf65837e4a2,standalone,book_7fefe4ce9f637d07
book_454dac63ff7f1b8c,work_a5666c2b00916ced,standalone,book_454dac63ff7f1b8c
book_2ca2b3fea53221d2,work_b43dfb9705b9cef8,standalone,book_2ca2b3fea53221d2
book_2842dcaa4717f838,work_8c00362c45f6d088,standalone,book_2842dcaa4717f838
book_23f1745498f29312,work_5489105afa274cbe,standalone,book_23f1745498f29312
book_a205bf5954f8c7aa,work_8ed85293a2b75c6f,reconciled,book_a205bf5954f8c7aa
book_01438f6289e7f597,work_c4340f7e49712d25,standalone,book_01438f6289e7f597
book_a6d20d893d5a6d69,work_360f5c2b234eb7d5,standalone,book_a6d20d893d5a6d69
book_b97b1bbc6085d2e3,work_8324d53fefe4233e,standalone,book_b97b1bbc6085d2e3
book_72c25c508fcf49e5,work_6cf49cc3bae09261,standalone,book_72c25c508fcf49e5
book_97f66ba297419ef8,work_6dca8a1b253cc9ad,standalone,book_97f66ba297419ef8
book_906095cf9503cebc,work_7b613aae84e93b94,standalone,book_906095cf9503cebc
book_f902fec5672cd5bf,work_750e6a4112ccc441,standalone,book_f902fec5672cd5bf
book_93f3c20a5f2a5396,work_017b060a0d857f14,standalone,book_93f3c20a5f2a5396
book_d28c6680f8202cfe,work_ab4df587c34b9c42,standalone,book_d28c6680f8202cfe
book_19b15bc8b33988eb,work_9abc5319bf129508,standalone,book_19b15bc8b33988eb
book_82d85e1dc9ef1fe8,work_f75c61faa6c2290b,standalone,book_82d85e1dc9ef1fe8
book_780364cfb1e7ea7a,work_37c2e5c857b791b2,standalone,book_780364cfb1e7ea7a
book_08e5f9b933c84eb0,work_51b49e12e28b9afe,standalone,book_08e5f9b933c84eb0
book_191f7524aca5213e,work_a01b275a18d4946b,standalone,book_191f7524aca5213e
book_96215a009f856a75,work_bafde9363f4172a8,standalone,book_96215a009f856a75
book_9bb86703883fa386,work_dc52847c75c3e7d1,standalone,book_9bb86703883fa386
book_c63be2406dd8629d,work_430f4b4bbc1f84e9,standalone,book_c63be2406dd8629d
book_cb3db40205e6bb85,work_dd9f4e0fc3760168,standalone,book_cb3db40205e6bb85
book_e66a911b25f09a42,work_577e07f6da68185b,standalone,book_e66a911b25f09a42
book_310beec8f6618d70,work_8b64f2f7e016990c,standalone,book_310beec8f6618d70
book_15c6e45ab5de2f3c,work_6b5725f2385a54cd,standalone,book_15c6e45ab5de2f3c
book_3e796536590bf416,work_c6b420dbff6306a0,standalone,book_3e796536590bf416
book_020f80cc0fca5a0a,work_23b1526d164d9eb8,standalone,book_020f80cc0fca5a0a
book_40307bb8f4234c6e,work_d94bcf6fe58a16fb,standalone,book_40307bb8f4234c6e
book_b5dc6be488a0d367,work_43080e125ab03028,standalone,book_b5dc6be488a0d367
book_289808986de1c8af,work_ee62df6a83e658e3,standalone,book_289808986de1c8af
book_39c136ea9bed1161,work_dce740722d0784ed,standalone,book_39c136ea9bed1161
book_186cc4cfbccd92a1,work_fa1785728813ffca,standalone,book_186cc4cfbccd92a1
book_d05bbb7f67825452,work_3f626e3f26890524,standalone,book_d05bbb7f67825452
book_64f8dd953cc9c2d2,work_11cb35ec0d2150eb,standalone,book_64f8dd953cc9c2d2
book_40c77c1a95cbeb78,work_6a21b028bbb0c22c,standalone,book_40c77c1a95cbeb78
book_8d83d59cb398cb49,work_e0a256d256dfde15,standalone,book_8d83d59cb398cb49
book_3add8af5fd91c7c5,work_e5719ccab5b806db,reconciled,book_3add8af5fd91c7c5
book_21728dd022425a84,work_6213202b3e25ecbd,standalone,book_21728dd022425a84
book_64babb7484bf4745,work_41591e26d8bbbbe4,standalone,book_64babb7484bf4745
book_bb11d9ac109bce9f,work_03f8a40b96eb464a,standalone,book_bb11d9ac109bce9f
book_205afbb25799c360,work_f203f9d90a8bd5ac,standalone,book_205afbb25799c360
book_cf27e0168a2d2dca,work_b8164f8c82fbda43,standalone,book_cf27e0168a2d2dca
book_9516a73f9f0f735f,work_48277e83f10ad948,standalone,book_9516a73f9f0f735f
book_ab9a7bcc96c33df5,work_2d5d74a15ced90fc,reconciled,book_ab9a7bcc96c33df5
book_03571b8ba158bee8,work_42b1ac8d75b8d3a5,standalone,book_03571b8ba158bee8
book_280eda4e914bd8b4,work_0fd3951e2c10ce10,standalone,book_280eda4e914bd8b4
book_b83a1c85eaf7d151,work_8a387e5ec2f75844,standalone,book_b83a1c85eaf7d151
book_abaafbab189c5f03,work_9ce04fbb6fe277aa,standalone,book_abaafbab189c5f03
book_47568704677f12b2,work_42df1848924f73a7,standalone,book_47568704677f12b2
book_e8c961e5486ac042,work_cf3bba252434a1c8,standalone,book_e8c961e5486ac042
book_9c77c2dc89eba43d,work_fba752e89590500e,standalone,book_9c77c2dc89eba43d
book_8dbaddfd4ccb6dfe,work_6321e1f607643819,standalone,book_8dbaddfd4ccb6dfe
book_2796bba9f97c1893,work_5bf59cacf1f6f70f,standalone,book_2796bba9f97c1893
book_a8c841f74a073526,work_fe143f8f79fafb7b,standalone,book_a8c841f74a073526
book_17538432ef226920,work_9e6415bd5137f8fd,standalone,book_17538432ef226920
book_63b2cff0ab177dce,work_295b65d3117920d9,standalone,book_63b2cff0ab177dce
book_6430b5caf994d377,work_616dbae6ae510603,standalone,book_6430b5caf994d377
book_669af3df338fae1c,work_239c0b6be58f6d9f,standalone,book_669af3df338fae1c
book_e8a1b98c040067f4,work_fb749a5e5c25c9dc,standalone,book_e8a1b98c040067f4
book_e4925f5d787d53b8,work_20081e3cbc5a3ec1,standalone,book_e4925f5d787d53b8
book_bb3308be966e910b,work_48ec33843153b032,standalone,book_bb3308be966e910b
book_ac8acce500a56fdd,work_49c9925775ccda3d,standalone,book_ac8acce500a56fdd
book_0e925dc0e460325b,work_6001a99c8be7c44d,standalone,book_0e925dc0e460325b
book_b8b2bc244df4d1f3,work_d5e1486a1773683d,standalone,book_b8b2bc244df4d1f3
book_f8fd3d689bfc4465,work_f6163cc6f3f374b5,standalone,book_f8fd3d689bfc4465
book_e100b4a22a1f9060,work_2832368d3a845cd4,standalone,book_e100b4a22a1f9060
book_1a67103d3f37baf9,work_b97351338079df3c,standalone,book_1a67103d3f37baf9
book_e05929c51d6fc23d,work_19fa022c1e3ce2c8,standalone,book_e05929c51d6fc23d
book_892d96197613fa8c,work_464d56c1f3a36ee1,standalone,book_892d96197613fa8c
book_8cd66a23817b93b5,work_174194fd8a0a0c4f,standalone,book_8cd66a23817b93b5
book_7f8b0cc76746b685,work_b93ab8717bbba6db,standalone,book_7f8b0cc76746b685
book_a87b074f820b2c41,work_b0f41ee4dade4455,standalone,book_a87b074f820b2c41
book_008279540fb4fa3b,work_60e0945992e60914,standalone,book_008279540fb4fa3b
book_2b35bb206996fc74,work_1508b4ae6fb6d14a,standalone,book_2b35bb206996fc74
book_107bcbdc2ca9789a,work_5caa27756dcc1dd7,standalone,book_107bcbdc2ca9789a
book_803f7d0904e92f9c,work_8d1cafedd05387b3,standalone,book_803f7d0904e92f9c
book_4539e07773c16c96,work_cad2ddb27cdb4d74,standalone,book_4539e07773c16c96
book_90ff5dc85b05d5da,work_b5575d43b7be61ee,standalone,book_90ff5dc85b05d5da
book_3d6950164ebe5205,work_4e1f30d01e61816c,standalone,book_3d6950164ebe5205
book_cfe8c2565b6d8d62,work_89f44d3359d9726e,standalone,book_cfe8c2565b6d8d62
book_e9f3d63f42fa3f13,work_bd9eaa9e7e6673ea,standalone,book_e9f3d63f42fa3f13
book_f86a91da104d9ae7,work_e94457e87181189a,standalone,book_f86a91da104d9ae7
book_b8e31a8644b66b66,work_bd8439abfaf23291,standalone,book_b8e31a8644b66b66
book_68c3b29b4cd0990a,work_aebc6080b4dfd8ec,standalone,book_68c3b29b4cd0990a
book_8dded944dc873872,work_19c9c03a8ad40682,standalone,book_8dded944dc873872
book_0e2f8e2a899cca1e,work_99c8bb8a5ea52e19,standalone,book_0e2f8e2a899cca1e
book_4493352eda3c1aab,work_59db2dda727f54eb,standalone,book_4493352eda3c1aab
book_0d1d8a2d1ac388bf,work_6d73fdb11305ffdd,standalone,book_0d1d8a2d1ac388bf
book_eed8045fcc4c7e82,work_bbfdefdc8fca492b,standalone,book_eed8045fcc4c7e82
book_6346bab9526052ef,work_ceb9004172aab21d,standalone,book_6346bab9526052ef
book_e0180bd0679d9aba,work_129e9f5ae345e1d6,standalone,book_e0180bd0679d9aba
book_b816a2a265f8ad88,work_dfc82dc12bc4f2a0,standalone,book_b816a2a265f8ad88
book_312dd58cd2f0791a,work_1c655415583d4bc3,standalone,book_312dd58cd2f0791a
book_594bef015c89efef,work_d1da08170e8a8b51,standalone,book_594bef015c89efef
book_de11e6fc83a6dfaf,work_2953397514c249b4,standalone,book_de11e6fc83a6dfaf
book_ba9c989f04ca647e,work_a06044576c04a205,standalone,book_ba9c989f04ca647e
book_0038ef028214a6f0,work_d3949986735e7a31,standalone,book_0038ef028214a6f0
book_e54284e6045de9d6,work_563fae731180b370,standalone,book_e54284e6045de9d6
book_5333e9aeda6e9cd4,work_3b9c47f63808f949,standalone,book_5333e9aeda6e9cd4
book_e454b43cfb2355a0,work_8ecf48fd71aac36c,standalone,book_e454b43cfb2355a0
book_9c9f52e237e7c4e7,work_0a9196536e1a5bb2,standalone,book_9c9f52e237e7c4e7
book_2bc488dbcc5b6707,work_6d48676e06a4db1f,standalone,book_2bc488dbcc5b6707
book_ec38d48b917611eb,work_20dbe5f0385cbcc7,standalone,book_ec38d48b917611eb
book_43d6274fcb406433,work_e5719ccab5b806db,reconciled,book_3add8af5fd91c7c5
book_f93759b6920f1b24,work_afb0cd257f7fde8f,standalone,book_f93759b6920f1b24
book_5c0d75d05da0a628,work_496dda6703a00e0d,standalone,book_5c0d75d05da0a628
book_b9674101bdabdef1,work_10e25baeda182993,standalone,book_b9674101bdabdef1
book_e920ab05b05105d8,work_cbf3cb34e2e5e850,standalone,book_e920ab05b05105d8
book_9036b0a449ea5c30,work_4eff22c59069e8aa,standalone,book_9036b0a449ea5c30
book_c5b3b9141f671e24,work_05abaf913a18e192,standalone,book_c5b3b9141f671e24
book_00f7f811a105ee56,work_aa07a1fbfba5cd42,standalone,book_00f7f811a105ee56
book_fd070e3248eb0463,work_e3a4abf353793314,standalone,book_fd070e3248eb0463
book_303967d60e61d062,work_b4f6c9a45b51bc88,standalone,book_303967d60e61d062
book_377fbb85b328e3f3,work_a312b41c78a84d4a,standalone,book_377fbb85b328e3f3
book_94a0e93f20c63d9f,work_5577332aa7e6bd23,standalone,book_94a0e93f20c63d9f
book_6ce0fdb9aa35427f,work_e95a3a7615704a89,standalone,book_6ce0fdb9aa35427f
book_a549783a8f29f288,work_fe3a31e4cd3c187e,standalone,book_a549783a8f29f288
book_b71fcb07c171ad3b,work_b081be972c8e5946,standalone,book_b71fcb07c171ad3b
book_961e7fa924c293b6,work_45663f53a336fb84,standalone,book_961e7fa924c293b6
book_2e7d8405d3006675,work_dbc69b62b10bc1ef,standalone,book_2e7d8405d3006675
book_c3ea4f8216f7f7a7,work_542598a24ad4ab0f,standalone,book_c3ea4f8216f7f7a7
book_a1029bd48f05855a,work_b8ae2049f1f32a22,standalone,book_a1029bd48f05855a
book_ddd91a47fb5dd3bc,work_849087fd0e0bbf82,standalone,book_ddd91a47fb5dd3bc
book_a78a422837c2f4e1,work_2d0001d2d403acb2,standalone,book_a78a422837c2f4e1
book_f4be2a64fdb39a36,work_9c4ea21dc70ed995,standalone,book_f4be2a64fdb39a36
book_0610aaec503a12a6,work_9be01364e0e40e55,standalone,book_0610aaec503a12a6
book_cefabace4106b537,work_e23d99514b0adab2,standalone,book_cefabace4106b537
book_060f9af46ec83488,work_493764c49405b31b,standalone,book_060f9af46ec83488
book_4307ce4cbf3d1a4e,work_bebae377b849808b,standalone,book_4307ce4cbf3d1a4e
book_5e411cc82155c36f,work_de0ab9c212d35dd1,standalone,book_5e411cc82155c36f
book_9aa0175f8ef92aed,work_c270c11231a3bf0f,standalone,book_9aa0175f8ef92aed
book_5faa12506898a1f1,work_619756bac158768f,standalone,book_5faa12506898a1f1
book_f9381c5ea11f30cb,work_e9e40501461f1e90,standalone,book_f9381c5ea11f30cb
book_675a5a72df87930d,work_df42d2eb4c544956,standalone,book_675a5a72df87930d
book_b65cee284ae90334,work_2d5d74a15ced90fc,reconciled,book_ab9a7bcc96c33df5
book_5230a4f36947b214,work_c3f41ade08e927b7,standalone,book_5230a4f36947b214
book_b110b70876dd6fe2,work_7476b17e4a77c580,standalone,book_b110b70876dd6fe2
book_675e7957520daa3b,work_870b9b4fec5038a8,standalone,book_675e7957520daa3b
book_255adb0e23959454,work_33e2965a40d8f9e1,standalone,book_255adb0e23959454
book_3e6962f28655d385,work_e8ad11b988eb5f43,standalone,book_3e6962f28655d385
book_8fce320cce316590,work_5e9d83d9a581642c,standalone,book_8fce320cce316590
book_4ddd5ef6448c9f45,work_e4d56ed243fa72aa,standalone,book_4ddd5ef6448c9f45
book_5840835c5989e0e7,work_077c388aab5cb2c0,standalone,book_5840835c5989e0e7
book_026ca13b42208817,work_2d187b5c9672627a,standalone,book_026ca13b42208817
book_19d4bc24c7cea90d,work_26f7878604370bef,standalone,book_19d4bc24c7cea90d
book_3e00d5aeb8fa0f64,work_0231a6cd2c2687df,standalone,book_3e00d5aeb8fa0f64
book_edbfd144bd2e9951,work_f4c7eb1999f0635b,standalone,book_edbfd144bd2e9951
book_ea176455b4000251,work_e3e1b61c5a2db437,standalone,book_ea176455b4000251
book_b68a2bb3f7902b6f,work_ae0b1732cd0926b2,standalone,book_b68a2bb3f7902b6f
book_2f342c8bb9cd8d5d,work_23d35f849d126179,standalone,book_2f342c8bb9cd8d5d
book_1396c10befb75fd8,work_bb5acab93851840a,standalone,book_1396c10befb75fd8
book_2e1028b9f7e461fb,work_0786c91f65d70f8f,standalone,book_2e1028b9f7e461fb
book_4b264f99ba6c129b,work_0911fb6666b39512,standalone,book_4b264f99ba6c129b
book_bb3528c38a3a239f,work_5317831ae9367107,standalone,book_bb3528c38a3a239f
book_8f52b30f06193890,work_cb46a10392a49e42,standalone,book_8f52b30f06193890
book_94aa692f46c25b0c,work_87fe5df025675bf5,standalone,book_94aa692f46c25b0c
book_f314b1bf8461d2dc,work_589b7f7d6b8421c2,standalone,book_f314b1bf8461d2dc
book_a80ad5ed4abb1e3a,work_a1fed63e4d4197d2,standalone,book_a80ad5ed4abb1e3a
book_5234077034da722f,work_f8e42b6295ea6318,standalone,book_5234077034da722f
book_f32231b8f4ac368b,work_7ab748bb23437e58,standalone,book_f32231b8f4ac368b
book_d9c8d14ad61ecd27,work_8f99b2359d34121d,standalone,book_d9c8d14ad61ecd27
book_2ed1f015451f3f1b,work_6e640ec61f4b53cc,standalone,book_2ed1f015451f3f1b
book_a9acd1fad156e354,work_51e014dfcb0b5087,standalone,book_a9acd1fad156e354
book_a1b22147aafb09f5,work_a88bbb48bb66301c,standalone,book_a1b22147aafb09f5
book_4533c98fc420b2db,work_4e61e9b823038bbe,standalone,book_4533c98fc420b2db
book_e892defa4d4f76a2,work_2be45e390730ac43,standalone,book_e892defa4d4f76a2
book_7c80113e3c5dfaa2,work_829ac2a32d0b0050,standalone,book_7c80113e3c5dfaa2
book_334568c637c182e5,work_a212dd157256460f,standalone,book_334568c637c182e5
book_b1a682f48de3c15d,work_85db2bf3e3ede214,standalone,book_b1a682f48de3c15d
book_03273fe3bd9a1c0c,work_46c951af8737b73f,standalone,book_03273fe3bd9a1c0c
book_d6fa9840e8718ba9,work_9d82198db343b328,standalone,book_d6fa9840e8718ba9
book_680de888e0390199,work_1d65ccbd30558539,standalone,book_680de888e0390199
book_bb1dcdc0d4ac14ba,work_a51018c8a6e9fae3,standalone,book_bb1dcdc0d4ac14ba
book_2726170f3bc945ee,work_99a66d09cd3b484d,standalone,book_2726170f3bc945ee
book_401d35df7160bb9b,work_2a5dd3432b90a09b,standalone,book_401d35df7160bb9b
book_efbff85d3168e10b,work_25b2019e995637a6,standalone,book_efbff85d3168e10b
book_e69ea3449294aa8f,work_cca0b8de05d2b66c,standalone,book_e69ea3449294aa8f
book_5d8c0711b98f13b3,work_dbca0a10ff3dde83,standalone,book_5d8c0711b98f13b3
book_294f23668da5e894,work_f404747faebe7cfe,standalone,book_294f23668da5e894
book_912b25f4eab17a2c,work_55f4b83d2d1b0466,standalone,book_912b25f4eab17a2c
book_a70586a76e64efd6,work_55eb7d5292bf02db,standalone,book_a70586a76e64efd6
book_00b8b03058987a1f,work_384fde8c24f3112c,standalone,book_00b8b03058987a1f
book_e5b6d25d836ee7ca,work_5071e9e255f7fade,standalone,book_e5b6d25d836ee7ca
book_0d3ca5f0890b8ee8,work_e719eaa271cb6762,standalone,book_0d3ca5f0890b8ee8
book_1c5012e9c08bbaab,work_715c8e629deba241,standalone,book_1c5012e9c08bbaab
book_d977698f6eb19287,work_16f369f1c7906b90,standalone,book_d977698f6eb19287
book_3dfcb144d6eb58dd,work_309edea8ece5f89a,standalone,book_3dfcb144d6eb58dd
book_3317c05819e24082,work_ae73e6dec6ea6fd4,standalone,book_3317c05819e24082
book_2b7942c130c0848e,work_f3343f28b63517bd,standalone,book_2b7942c130c0848e
book_7da391fc99b4f1da,work_1369479a8fa5c35e,standalone,book_7da391fc99b4f1da
book_776254f2452f2b34,work_c3289216d6fc4f7d,standalone,book_776254f2452f2b34
book_d0e97e0d6b493b93,work_4cb3fd14a5c762dd,standalone,book_d0e97e0d6b493b93
book_ad41d35ae6869fdc,work_4cda4ba5f36f640c,standalone,book_ad41d35ae6869fdc
book_9cf7d5dfd8b2f45b,work_ff18c7612accf73c,standalone,book_9cf7d5dfd8b2f45b
book_7fc468cc8dd184f3,work_f3a6aa741345fc1f,standalone,book_7fc468cc8dd184f3
book_4e57c84f72b55fa5,work_cc3e9b0002eb9d41,standalone,book_4e57c84f72b55fa5
book_9b96a520d9f70821,work_06a0232404f7464e,standalone,book_9b96a520d9f70821
book_2a806d95e0260b9c,work_f9613319f3129242,standalone,book_2a806d95e0260b9c
book_2be40990cef215ae,work_78eeeaf6aaca6663,standalone,book_2be40990cef215ae
book_8f709f59347d4b61,work_0fa46c573fe90e46,standalone,book_8f709f59347d4b61
book_2fc5965c1b4b65de,work_e159e88256a1f2de,standalone,book_2fc5965c1b4b65de
book_871f1a87e7c95a52,work_70ec6e0461d6f959,standalone,book_871f1a87e7c95a52
book_04ab0e4ac5ecce81,work_54c7cacf90fba185,standalone,book_04ab0e4ac5ecce81
book_4534e1b80a506725,work_c4c53746a561e0a3,standalone,book_4534e1b80a506725
book_16c796ea78276e4e,work_f095793a676d9dcd,standalone,book_16c796ea78276e4e
book_8a87ee264853e604,work_33478337534fd302,standalone,book_8a87ee264853e604
book_0eaf1d7084fe2bfa,work_ed76dee3fad88d54,standalone,book_0eaf1d7084fe2bfa
book_5b68d56b09376c3f,work_a864f8cad6edb576,standalone,book_5b68d56b09376c3f
book_64e5d37515109a6c,work_793599b1887a81b8,standalone,book_64e5d37515109a6c
book_25bc6899a7f004dc,work_d09d40071b9def01,standalone,book_25bc6899a7f004dc
book_54eec033f6b37d74,work_99e6b40b1916d472,standalone,book_54eec033f6b37d74
book_7972f2b30cec2ac0,work_597067caf19194b8,standalone,book_7972f2b30cec2ac0
book_ac8f7fec642d6e3f,work_0d5080da7e9701b7,standalone,book_ac8f7fec642d6e3f
book_2a873326601fa67c,work_9d1d5e654a2d138d,standalone,book_2a873326601fa67c
book_e6c1d3946f0ec563,work_4cb7d0c1e16ae20e,standalone,book_e6c1d3946f0ec563
book_1a17476ef9783c07,work_5264c75b29c2afc7,reconciled,book_1a17476ef9783c07
book_0a2ea9e04a77cd09,work_61679a48a58bc9db,standalone,book_0a2ea9e04a77cd09
book_37ef02260fcd458b,work_7e0dd59b64fcccf2,standalone,book_37ef02260fcd458b
book_c6327b52b6bfdb14,work_da25962b630d66ae,standalone,book_c6327b52b6bfdb14
book_7227c6a1c30c8f8d,work_14df381534e0cf8a,standalone,book_7227c6a1c30c8f8d
book_db1d5a61d194d9f2,work_3418a0cbc1e7479b,standalone,book_db1d5a61d194d9f2
book_ff0cdcc23d5a53ce,work_fb8465c507b30c25,standalone,book_ff0cdcc23d5a53ce
book_4f08e3059191a03f,work_4b8dacb53f4887bf,standalone,book_4f08e3059191a03f
book_c59d17366ebbbfa3,work_cfb2580e06028a35,standalone,book_c59d17366ebbbfa3
book_608f61f97ccbd03f,work_cb004ef9dd03f7c3,standalone,book_608f61f97ccbd03f
book_3e99da4f55b54487,work_347181ba6e5f493b,standalone,book_3e99da4f55b54487
book_cda16e033e44f38f,work_8d5057a810bc7355,standalone,book_cda16e033e44f38f
book_18af4e0c63fc5e5a,work_b104a89fea2fbf9b,standalone,book_18af4e0c63fc5e5a
book_7c9b52b904e5c47d,work_666131c00da762ed,standalone,book_7c9b52b904e5c47d
book_c8438888b82527fb,work_f25a60be80c6ee25,standalone,book_c8438888b82527fb
book_896446388af9ee7e,work_7675b6e2f1552b0d,standalone,book_896446388af9ee7e
book_d00bf154c17dabab,work_3bce6ad109a5795c,standalone,book_d00bf154c17dabab
book_9fdc42bce0266ddf,work_09e0c4d8f5efa03e,standalone,book_9fdc42bce0266ddf
book_e8abcfe37238520a,work_7c670ad8821c6d55,standalone,book_e8abcfe37238520a
book_c57e409771a4c17c,work_fd369768c8c837b0,standalone,book_c57e409771a4c17c
book_256e3d25d3666b02,work_a3da8963d2d05a31,standalone,book_256e3d25d3666b02
book_c74ce30d1b06d1f3,work_8c429793f799ba22,standalone,book_c74ce30d1b06d1f3
book_55f80974a62002ad,work_b9d1f2ae3da6786c,standalone,book_55f80974a62002ad
book_1fe6d672f090ee76,work_21a9bcf1f0e2f00a,standalone,book_1fe6d672f090ee76
book_cbd179756d0c8953,work_1252c565f99eef57,standalone,book_cbd179756d0c8953
book_64fe8ba99bfd7074,work_4e72aa3592bc7337,standalone,book_64fe8ba99bfd7074
book_e43eefd778c21f81,work_f3171b1e142e9923,standalone,book_e43eefd778c21f81
book_3137633f5c33aa11,work_9039b1130df48d2d,standalone,book_3137633f5c33aa11
book_7182ce6089ccb10a,work_98f18619587bcd7d,standalone,book_7182ce6089ccb10a
book_d5437db21e1076ee,work_37692658d1c5aaae,standalone,book_d5437db21e1076ee
book_1ff97fe3041f78bb,work_da4c7636f61bc438,standalone,book_1ff97fe3041f78bb
book_b4af5b8efbbccae8,work_7261eccb2ee7e7cb,standalone,book_b4af5b8efbbccae8
book_8d21d0ed0858b62a,work_45745ab4ef1d3af1,standalone,book_8d21d0ed0858b62a
book_67b1b67773cfa9a5,work_ba6e48617dc4435b,standalone,book_67b1b67773cfa9a5
book_52a6d3ebcc0c4539,work_b15c8372d561f57e,reconciled,book_3d0010515f10a6f3
book_388a39e496485e0a,work_7fa4d805c61304ca,standalone,book_388a39e496485e0a
book_3909f2d97055212b,work_0ffd764a05ee254c,standalone,book_3909f2d97055212b
book_1f395a50d2968dcf,work_955e25370b61972f,standalone,book_1f395a50d2968dcf
book_ae47cc708e4904a2,work_c409a0225e79017b,standalone,book_ae47cc708e4904a2
book_707c4167bd2b638c,work_db0cbaa4ab725381,standalone,book_707c4167bd2b638c
book_a33b74a4e983d43a,work_47f8c31b56c364ba,standalone,book_a33b74a4e983d43a
book_1c9be7c86e238907,work_7bb1e5f73435ff05,standalone,book_1c9be7c86e238907
book_500c94480470e327,work_3c26c2f296e59070,standalone,book_500c94480470e327
book_c36bd1946a5e773a,work_5cf4b27b23d8277d,standalone,book_c36bd1946a5e773a
book_3b2e2bdf3c336ce1,work_2ad9564b135474de,standalone,book_3b2e2bdf3c336ce1
book_5fbd1110ed4a7bc9,work_f95c8fc7f7f00b3f,standalone,book_5fbd1110ed4a7bc9
book_4eac6529c7bab249,work_bf0d6674648c5634,standalone,book_4eac6529c7bab249
book_7eed60f8a31974b5,work_32ec6406eb56abef,standalone,book_7eed60f8a31974b5
book_8695d63e3883c94c,work_1293b610b09e5e93,standalone,book_8695d63e3883c94c
book_41704f7285ecbd1c,work_6466ede760747d92,standalone,book_41704f7285ecbd1c
book_1635c3d4b962367a,work_d6aad1132259b0f3,standalone,book_1635c3d4b962367a
book_3d0010515f10a6f3,work_b15c8372d561f57e,reconciled,book_3d0010515f10a6f3
book_2a14dc9014ef5cb5,work_ea956676d6c8a1ba,standalone,book_2a14dc9014ef5cb5
book_c9c13338a9ebce7a,work_810b83db2d86cfd9,standalone,book_c9c13338a9ebce7a
book_97d4b777ea75cd8a,work_b14256768343d14b,standalone,book_97d4b777ea75cd8a
book_5b490bfb15c2f159,work_35d1509d0c49f44d,standalone,book_5b490bfb15c2f159
book_9aefd0657ab0c7fe,work_534bc92057eea90e,standalone,book_9aefd0657ab0c7fe
book_b07b7953ee9c010a,work_58c3fa7b07dcc04f,standalone,book_b07b7953ee9c010a
book_451e662caa463536,work_dc86ceb6ce748ff9,standalone,book_451e662caa463536
book_c256a679ea53805a,work_f1e3713c64feb272,standalone,book_c256a679ea53805a
book_410914c36fda7d8f,work_e77902732552575f,standalone,book_410914c36fda7d8f
book_89ddcbb3bcbc08d7,work_aa7a32f26f2a848a,standalone,book_89ddcbb3bcbc08d7
book_62be21d78fddea90,work_5453729f7bd4326b,standalone,book_62be21d78fddea90
book_e546bb450abd8bf7,work_0d17d9e11fb97768,standalone,book_e546bb450abd8bf7
book_b56d6d95ab2d8c0c,work_43f06f6f23b68f90,standalone,book_b56d6d95ab2d8c0c
book_ccd537c151b13dfa,work_1e20bd71b5ff0bfd,standalone,book_ccd537c151b13dfa
book_7336b41b1c956ba0,work_792e9c6f4f4e3c25,standalone,book_7336b41b1c956ba0
book_67cfd1323c2cd59f,work_33b4975aaf370d82,standalone,book_67cfd1323c2cd59f
book_24a1a1b28ccf0c8f,work_b10f5dfc452de8c1,standalone,book_24a1a1b28ccf0c8f
book_976a1bef6b82402b,work_1560c902e1b1bb53,standalone,book_976a1bef6b82402b
book_3edfd5bc3160896c,work_c7633990b14ce133,standalone,book_3edfd5bc3160896c
book_63e9141f75e6ef64,work_f4af87c7f80e9f9f,standalone,book_63e9141f75e6ef64
book_96d7ba6d7c5a61e7,work_5226fc35750d2373,standalone,book_96d7ba6d7c5a61e7
book_42a5a16a8abc153b,work_2a8382b0d496cd5c,standalone,book_42a5a16a8abc153b
book_c10d23fdb8d0bc42,work_16640f6d144b7ce9,standalone,book_c10d23fdb8d0bc42
book_95f2f167752a1a8d,work_a8ba22edb8bb6442,standalone,book_95f2f167752a1a8d
book_d333b201ac1a338c,work_941aba9bb561f3ae,standalone,book_d333b201ac1a338c
book_b80b756ca2a215a7,work_b4f9e233aa31d8ff,standalone,book_b80b756ca2a215a7
book_1bf5bc4ed442169b,work_a91fdb33e3696e06,standalone,book_1bf5bc4ed442169b
book_5c52663494ef94c7,work_5a5afea6c28db1ed,standalone,book_5c52663494ef94c7
book_980373bf48ab5c95,work_bac6dc0ac391a8a0,standalone,book_980373bf48ab5c95
book_5b8cb7084a71ba8f,work_c7bad7026c45b162,standalone,book_5b8cb7084a71ba8f
book_58013e4869cfb19d,work_66512de1c73c2992,reconciled,book_1c6ebfe79606f8f2
book_93a0c2905c8adfbd,work_ab4ef8196002b674,standalone,book_93a0c2905c8adfbd
book_cdfca47747b5a897,work_1f8fe4bf77f8d7e9,standalone,book_cdfca47747b5a897
book_02b36f8d4b23c34e,work_053ec4b5a5c51e73,standalone,book_02b36f8d4b23c34e
book_2010fb81f3a0d6b1,work_1f6b125885ea735d,standalone,book_2010fb81f3a0d6b1
book_8d349d949e2a576c,work_790b9d5a4ac3906f,standalone,book_8d349d949e2a576c
book_8148b4a4b59c4d07,work_c5ee360fa4d6e860,standalone,book_8148b4a4b59c4d07
book_64b27235732e4047,work_5432e9c319a3602b,standalone,book_64b27235732e4047
book_d2b7960a88d5f4a2,work_2b334f1ac6ee1920,standalone,book_d2b7960a88d5f4a2
book_098583d375418b17,work_0f4cae4dcbfe15a6,standalone,book_098583d375418b17
book_b98b8b7b5563f009,work_8ed85293a2b75c6f,reconciled,book_a205bf5954f8c7aa
book_23074e3972a8f7d4,work_1e1948c416a4e8a3,standalone,book_23074e3972a8f7d4
book_8dc9c3c3f46477fa,work_773bcd36a9b7608d,standalone,book_8dc9c3c3f46477fa
book_c11df64bd14477d3,work_b55e6782310489d7,standalone,book_c11df64bd14477d3
book_2bae7a2f522efbb3,work_7b336eb2607b5154,standalone,book_2bae7a2f522efbb3
book_6e22d3748f8e1f39,work_0c645092197c173d,standalone,book_6e22d3748f8e1f39
book_4870fdbce4215054,work_88d5836c35980b16,reconciled,book_4870fdbce4215054
book_57bb14e942ec3c89,work_45756b6034eaaf2d,standalone,book_57bb14e942ec3c89
book_9360c1ee0c7c01b1,work_889e0bf26ef37ebf,standalone,book_9360c1ee0c7c01b1
book_e68c65a07cfb15b9,work_a612a1539744cbaa,standalone,book_e68c65a07cfb15b9
book_ce7daaaf51708175,work_251277d44563323e,standalone,book_ce7daaaf51708175
book_4bfd56743b8acd42,work_4dff4658d5f86ded,standalone,book_4bfd56743b8acd42
book_41178319f9d0bd21,work_8fc682cf00087fb9,standalone,book_41178319f9d0bd21
book_0d22634f2c2343b3,work_69484511182a3999,standalone,book_0d22634f2c2343b3
book_8307d3107d1e4bf1,work_cd26d502eda44123,standalone,book_8307d3107d1e4bf1
book_4637fc852d23e89c,work_599432e6aaa8cac6,standalone,book_4637fc852d23e89c
book_f21f130ee8190eb9,work_4736b26406ddc565,standalone,book_f21f130ee8190eb9
book_5d9863cecd2fa151,work_2d50cfd5ff905981,standalone,book_5d9863cecd2fa151
book_d9d086628fb6fa55,work_59092b40436737cd,standalone,book_d9d086628fb6fa55
book_1bdabc6c5058bfec,work_8ba665eab0dab10b,standalone,book_1bdabc6c5058bfec
book_5db911923095da0f,work_7e7bccfc992a67ad,standalone,book_5db911923095da0f
book_6e4e4aee548d61e2,work_66477323c875b3b0,standalone,book_6e4e4aee548d61e2
book_b7c765bfa01f5a30,work_df67de2fad4eaa82,standalone,book_b7c765bfa01f5a30
book_d9200e750552c969,work_1ee5464bd1b154e3,standalone,book_d9200e750552c969
book_6bd1757f1f0c2896,work_dfd12b872d76c5ce,standalone,book_6bd1757f1f0c2896
book_a5b87917c334bd8f,work_c636ff5ff34a3110,standalone,book_a5b87917c334bd8f
book_4e4172376a5c1c1b,work_9d47d646fd926a09,standalone,book_4e4172376a5c1c1b
book_249620cd80434c3a,work_7f4d6cf516a0ca86,standalone,book_249620cd80434c3a
book_162853f328f0803c,work_be3e8e912897438c,standalone,book_162853f328f0803c
book_40d1eb3ae8370500,work_e54611a0cc89a877,standalone,book_40d1eb3ae8370500
book_7a3f13c4145276ba,work_2cf049f3b6e63c89,standalone,book_7a3f13c4145276ba
book_45cab445efc79ecb,work_897aab416ff889a2,standalone,book_45cab445efc79ecb
book_ff8ba1f8044283d0,work_aacd3f53afb04bbe,standalone,book_ff8ba1f8044283d0
book_857a2a8d94a60ac1,work_c7c9bccad39c3104,standalone,book_857a2a8d94a60ac1
book_ccb2aa051f965487,work_cc79e8f8aba6a71d,standalone,book_ccb2aa051f965487
book_7349d468da49ca6b,work_16f6edeb1a68884b,standalone,book_7349d468da49ca6b
book_1f07468dc519ab84,work_3260aa6ff01e6466,standalone,book_1f07468dc519ab84
book_014ded78530b83d3,work_d4ab8c7eeb43d803,standalone,book_014ded78530b83d3
book_7d267919ebd29db1,work_409f14e80b6a1da3,standalone,book_7d267919ebd29db1
book_ecd68c51f52b2939,work_9bd8ea21db3346d3,standalone,book_ecd68c51f52b2939
book_d37486a5be195d5a,work_ada31c6e2bde8bf7,standalone,book_d37486a5be195d5a
book_4de4eec905f5cc04,work_9dabbe60c532b87a,standalone,book_4de4eec905f5cc04
book_1da5c040393566d6,work_fa57c656084f2129,standalone,book_1da5c040393566d6
book_81643a1325201f4c,work_d68b42ebf0bc4a9d,standalone,book_81643a1325201f4c
book_9b7b0454ff2279d0,work_013c3d184fab6d9c,standalone,book_9b7b0454ff2279d0
book_0e6f1b03d07c74eb,work_948d3116f8da19bf,standalone,book_0e6f1b03d07c74eb
book_e4c097cb7156a269,work_1bbaa9528cb96576,standalone,book_e4c097cb7156a269
book_4047d748110b00ae,work_295135ce3322ac52,standalone,book_4047d748110b00ae
book_627e3599c6049c4e,work_691b6daee0ce804f,standalone,book_627e3599c6049c4e
book_89aefc9e6d88ceb2,work_6fb5afbc94ce0472,standalone,book_89aefc9e6d88ceb2
book_3ab79b0f52845be3,work_464eeebc7291562c,standalone,book_3ab79b0f52845be3
book_808547d1138962e5,work_64b329579c211bde,standalone,book_808547d1138962e5
book_5dd7b27401165f4d,work_aa098332a5272900,standalone,book_5dd7b27401165f4d
book_52f867c1ef4db8fb,work_e4c8233f538e1b4a,standalone,book_52f867c1ef4db8fb
book_4142a69f0f10b15e,work_bd040d38127cc982,standalone,book_4142a69f0f10b15e
book_76cf75b5c72cff31,work_a128066805db9d0b,standalone,book_76cf75b5c72cff31
book_104094744d52340e,work_49948179b7595fbf,standalone,book_104094744d52340e
book_2e4ee8b8f6cbc934,work_957a04a377e862d9,standalone,book_2e4ee8b8f6cbc934
book_f746275f4002cbe7,work_8bae58832286e43e,standalone,book_f746275f4002cbe7
book_7de3fdad0a526b4d,work_7d771399432b3c5b,standalone,book_7de3fdad0a526b4d
book_2e6676f21f00a473,work_55af892db02ee2d0,standalone,book_2e6676f21f00a473
book_f3487a59f28b7cda,work_5b5d8a5020d0f19d,standalone,book_f3487a59f28b7cda
book_91c0d7acf2923eee,work_733fa4fe9662e594,standalone,book_91c0d7acf2923eee
book_72d07b0281265de8,work_22d751d541e77809,standalone,book_72d07b0281265de8
book_ed1b052cf6d75401,work_7fb226365f762df7,standalone,book_ed1b052cf6d75401
book_dd70a67994f9b806,work_01e4a63ef9f70c04,standalone,book_dd70a67994f9b806
book_1d82ce1d3113c812,work_2c1eff7314018c8e,standalone,book_1d82ce1d3113c812
book_f99782f659d14207,work_e22a60fa6b6ca3aa,standalone,book_f99782f659d14207
book_0e14ec2933cc9b52,work_66f3feec192c411c,standalone,book_0e14ec2933cc9b52
book_1cc5629f2e25bc53,work_1ee49f3a2bff9251,standalone,book_1cc5629f2e25bc53
book_51def82bcde74f69,work_5d4833550e8cff35,standalone,book_51def82bcde74f69
book_3e2ec577fea65f3c,work_c8bb533078e182a5,standalone,book_3e2ec577fea65f3c
book_a3de175a53ff7796,work_1a274d1b2057fe67,standalone,book_a3de175a53ff7796
book_8eff28a2598841e0,work_3f97b9c17ba1d6e2,standalone,book_8eff28a2598841e0
book_abeb0b53c0a0a709,work_9693ae0c4cad1d94,standalone,book_abeb0b53c0a0a709
book_1c6ebfe79606f8f2,work_66512de1c73c2992,reconciled,book_1c6ebfe79606f8f2
book_a3c0008074694555,work_30901a4192de432a,standalone,book_a3c0008074694555
book_f760e436b034cea3,work_ef03e2d3aaea3e2c,standalone,book_f760e436b034cea3
book_f1b7b5c2ff65bee3,work_14edb53de2a1598b,standalone,book_f1b7b5c2ff65bee3
book_bcef08a7e72cea51,work_74716abe4315c8b7,standalone,book_bcef08a7e72cea51
book_4de649b97a3de65b,work_febbc29484f046b6,standalone,book_4de649b97a3de65b
book_6bed80053d450fb2,work_0df728b45e8e67b9,standalone,book_6bed80053d450fb2
book_9bd61cb6a96f5020,work_c713b81ecf1db809,standalone,book_9bd61cb6a96f5020
book_5a5bdc4966271f87,work_5264c75b29c2afc7,reconciled,book_1a17476ef9783c07
book_7171c8ecd58b78af,work_cff1ec01ad42a356,standalone,book_7171c8ecd58b78af
book_6d2b355684a8e310,work_9041125e59fbf680,standalone,book_6d2b355684a8e310
book_0eee64735fefecf1,work_d5e519aecabd8cf8,standalone,book_0eee64735fefecf1
book_fb8f6b8750793385,work_42dd47a1c01f49cb,standalone,book_fb8f6b8750793385
book_7c49dfd5f57825b1,work_1c6b7dc56a126757,standalone,book_7c49dfd5f57825b1
book_569e68ae4ca4dad1,work_e62ec9d35e37da12,standalone,book_569e68ae4ca4dad1
book_1037a14d5f5e335b,work_d31dba3fb5a87b5f,standalone,book_1037a14d5f5e335b
book_ce38b163b62aa525,work_84fecde870c6bace,standalone,book_ce38b163b62aa525
book_e0ffc837d17d19d5,work_3fa0110c5c953064,standalone,book_e0ffc837d17d19d5
book_9318dc8b341ffcfd,work_eb8b72748a450157,standalone,book_9318dc8b341ffcfd
book_bfa4944a5ad0ad3f,work_003fa6a2c549c581,standalone,book_bfa4944a5ad0ad3f
book_32c732a9b3657eb5,work_35fc9447d8a3d5ab,standalone,book_32c732a9b3657eb5
book_f55db5a147b233a8,work_e4014e79163bfa8e,standalone,book_f55db5a147b233a8
book_f4ff40368c7ecacc,work_bddce0e2c9d09573,standalone,book_f4ff40368c7ecacc
book_1de87e2ddb5cc056,work_126357b60fa5e37c,standalone,book_1de87e2ddb5cc056
book_52dbebf8ae240475,work_c417ff17718caaeb,standalone,book_52dbebf8ae240475
book_35d62544e6939ac2,work_5583a245096bc738,standalone,book_35d62544e6939ac2
book_54b07a9eeb545052,work_2898710a2aa0067e,standalone,book_54b07a9eeb545052
book_1f9643edf659df5d,work_9c6bcd77d22e1e4c,standalone,book_1f9643edf659df5d
book_107c419faf705a8e,work_8dd07a59987ae606,standalone,book_107c419faf705a8e
book_5da53cbb5e30efae,work_698545405f67050c,standalone,book_5da53cbb5e30efae
book_afc7f6b0489c27ec,work_4bc84398fed4cce9,standalone,book_afc7f6b0489c27ec
book_7148c24d63d32a91,work_7c8a85b431f1febc,standalone,book_7148c24d63d32a91
book_5c5ff55210130cf2,work_1e983152a73571e1,standalone,book_5c5ff55210130cf2
book_a17216a32421ef86,work_0616b7ed9facb359,standalone,book_a17216a32421ef86
book_a6bee7b0862f61d1,work_d6f7d2e2b75509c2,standalone,book_a6bee7b0862f61d1
book_fe29d627ab344e1e,work_3b3da35babb5058b,standalone,book_fe29d627ab344e1e
book_40c5d6341fb3eed3,work_374040ec139e1944,standalone,book_40c5d6341fb3eed3
book_75c4bd137c105d9e,work_64ea4664eec7390f,standalone,book_75c4bd137c105d9e
book_351cbd34e72ad0e5,work_7c361888909904e4,standalone,book_351cbd34e72ad0e5
book_b018df578e59974c,work_50c6102130ad90dd,standalone,book_b018df578e59974c
book_e0325dc4ed5d2a88,work_7f516ce9db3f1fdd,standalone,book_e0325dc4ed5d2a88
book_9a0e4594f93d8450,work_9dcff12f90d82ee1,standalone,book_9a0e4594f93d8450
book_224387a10ae3a90e,work_32a44c6e32fd85be,standalone,book_224387a10ae3a90e
book_80e72fa6357f3134,work_29717265c7514c07,standalone,book_80e72fa6357f3134
book_a5dfb27632fa1bd8,work_e9e395098ee84e72,standalone,book_a5dfb27632fa1bd8
book_ab6972351da3dc59,work_eb7184a6b727aaa6,standalone,book_ab6972351da3dc59
book_5bd4e5da82326cfe,work_c25f7fee2090507e,standalone,book_5bd4e5da82326cfe
book_02a95fac341d226b,work_e3ecff5553429fd9,standalone,book_02a95fac341d226b
book_b7303e25efd4d619,work_34bb70800fe65f89,standalone,book_b7303e25efd4d619
book_8c356e6aadfcc5c4,work_e216fcfddded6aff,standalone,book_8c356e6aadfcc5c4
book_96f13c6c6e024927,work_179f195570d778f0,standalone,book_96f13c6c6e024927
book_39879aadb1b32cc2,work_678ccb007b93589d,standalone,book_39879aadb1b32cc2
book_28423b9a6a96e81c,work_3ac2e8ee3e02d4ef,standalone,book_28423b9a6a96e81c
book_e2f9916ecc3798a3,work_44a8af77a776c0dc,standalone,book_e2f9916ecc3798a3
book_dd04bc7a25d605b0,work_e7bcd8a4ac18c6df,standalone,book_dd04bc7a25d605b0
book_b8375feee13373b3,work_5491703c3e7b2326,standalone,book_b8375feee13373b3
book_86e5569534037756,work_42c8efecbb80f828,standalone,book_86e5569534037756
book_84e8db91eddcf76c,work_ea94047b02c9a254,standalone,book_84e8db91eddcf76c
book_794669efa4a3cb73,work_4a1665cb24d19ff7,standalone,book_794669efa4a3cb73
book_eb438be8c08eb531,work_5e4c7fab464376df,standalone,book_eb438be8c08eb531
book_96dc9709ba9ea2e6,work_cebd517ad8aa3127,standalone,book_96dc9709ba9ea2e6
book_986bf493c3f4c169,work_14c52bcb0192d5b0,standalone,book_986bf493c3f4c169
book_b909fbf9a244f5d8,work_4e091150479f0883,standalone,book_b909fbf9a244f5d8
book_49a4118cc6fbf459,work_cae7663393335f7c,standalone,book_49a4118cc6fbf459
book_c7bc715c8083bfd7,work_cd4cd0b0a1ba5d47,standalone,book_c7bc715c8083bfd7
book_5cbd2acf7cc73c54,work_d73774a7fae4f177,standalone,book_5cbd2acf7cc73c54
book_c2bb2e082b4343a8,work_af00f20f1305e4c2,standalone,book_c2bb2e082b4343a8
book_e9efd9e2f9039150,work_26cf76104827e862,standalone,book_e9efd9e2f9039150
book_174f4f9e54b0daa9,work_e23d19e6ce038ff5,standalone,book_174f4f9e54b0daa9
book_023633bbf0117a08,work_ab9aad898e521e50,standalone,book_023633bbf0117a08
book_76ff1bc55bbc441f,work_03f563c4bc154b81,standalone,book_76ff1bc55bbc441f
book_63ec0431094f3965,work_23b348b3e2f0b0a7,standalone,book_63ec0431094f3965
book_dea2e8ebf9e7ce35,work_986e1a831ece2280,standalone,book_dea2e8ebf9e7ce35
book_2175c9ec802ca131,work_b76f88ed144dde78,standalone,book_2175c9ec802ca131
book_01fa0b676b74c7cd,work_31cad849e654ad5b,standalone,book_01fa0b676b74c7cd
book_85893a56e077ab04,work_b3127b1fc5b78bbc,standalone,book_85893a56e077ab04
book_323fbe737382c7a4,work_25851e619389bea5,standalone,book_323fbe737382c7a4
book_fad7a37700a40d7e,work_77f77056b7b1d6c1,standalone,book_fad7a37700a40d7e
book_a56e2e94f8561e39,work_4861282a1420f4dd,standalone,book_a56e2e94f8561e39
book_b0745e9634742fcf,work_cb038304af9e9e92,standalone,book_b0745e9634742fcf
book_edd5e8f970341c53,work_d0441b7fbce5f559,standalone,book_edd5e8f970341c53
book_2d01fdbc1284c44e,work_f988f092a1e096dc,standalone,book_2d01fdbc1284c44e
book_94b9ea8e1f88d164,work_b9154520f0b3532e,standalone,book_94b9ea8e1f88d164
book_cba963a1168220da,work_06e13c17016dd15b,standalone,book_cba963a1168220da
book_f9f724503fae90ce,work_74b56303cd49d86d,standalone,book_f9f724503fae90ce
book_51dfd2fa69135d1c,work_3d013e0971f9f764,standalone,book_51dfd2fa69135d1c
book_b63e592030e0fb56,work_d404a20a840ace72,standalone,book_b63e592030e0fb56
book_03554c77b6161d17,work_08a85fbba11e9c82,standalone,book_03554c77b6161d17
book_0fa9e8aeed28d398,work_7d84d3bc54aac0b1,standalone,book_0fa9e8aeed28d398
book_e18f690eb05b0872,work_b346b7090fa98fa2,standalone,book_e18f690eb05b0872
book_ddc400bb1e9af347,work_2f1e61dc240a88fe,standalone,book_ddc400bb1e9af347
book_e0c41d8b2d8ac4f0,work_e3a67f712532a898,standalone,book_e0c41d8b2d8ac4f0
book_e686f766e48d7fe5,work_37daf9633e769f08,standalone,book_e686f766e48d7fe5
book_b0591ee291c1f46f,work_d0317751f699cb09,standalone,book_b0591ee291c1f46f
book_15682e7e2eff58de,work_90acb611419efb05,standalone,book_15682e7e2eff58de
book_3b94e82269556ff4,work_580d2d74187ac955,standalone,book_3b94e82269556ff4
book_5c18941587fa49e7,work_26e43b9c282fa819,standalone,book_5c18941587fa49e7
book_6089d23a1155f29d,work_301483eb9dd1d714,standalone,book_6089d23a1155f29d
book_d5dbf2b8941b1558,work_15013231979b4599,standalone,book_d5dbf2b8941b1558
book_f877a775f63a4f26,work_08036b90716de79b,standalone,book_f877a775f63a4f26
book_20a72f6ad1475bc5,work_68f6df0458b12d11,standalone,book_20a72f6ad1475bc5
book_ca15ec7fdc415606,work_27102e4efdd999e0,standalone,book_ca15ec7fdc415606
book_a6f19c1e66a608bb,work_2a703179f58aa5e6,standalone,book_a6f19c1e66a608bb
book_9b4b294571338fa8,work_89335ba5aa504dc8,standalone,book_9b4b294571338fa8
book_15c4707452ab6399,work_d62649d850684a09,standalone,book_15c4707452ab6399
book_c70227980b8dec46,work_0b1c8e791528a0d1,standalone,book_c70227980b8dec46
book_90217cd73a6b185c,work_192f374192b0111a,standalone,book_90217cd73a6b185c
book_868b0b9fce8ddf56,work_9493a51964cfa409,standalone,book_868b0b9fce8ddf56
book_ab9c25e34f6def08,work_76de477bc9d69d9c,standalone,book_ab9c25e34f6def08
book_caf307818bfc30a9,work_d674848f92aa091d,standalone,book_caf307818bfc30a9
book_52780274ffc656ff,work_0b2faaa6f9aeeb5c,standalone,book_52780274ffc656ff
book_e820691a65da2963,work_f2dae3c5d293afab,standalone,book_e820691a65da2963
book_bd0571a357291ceb,work_d6cd5fa5b9dd7e9c,standalone,book_bd0571a357291ceb
book_5df7a8bcf55889c0,work_f24e13f189834c13,standalone,book_5df7a8bcf55889c0
book_f8c9ee859f217224,work_7aa9f79b36e7476e,standalone,book_f8c9ee859f217224
book_1ccbd8e7e8ccfa8c,work_06f202ac270e203c,standalone,book_1ccbd8e7e8ccfa8c
book_39fafab377553143,work_2b956d0728bc823a,standalone,book_39fafab377553143
book_32dec3dc9db65892,work_10d8cdb0119e4f92,standalone,book_32dec3dc9db65892
book_3aee30365937131c,work_f09995e5d3a51ca7,standalone,book_3aee30365937131c
book_5814494cdcba111b,work_d7df0d9e34ecfb29,standalone,book_5814494cdcba111b
book_c3980a31f55a2d4c,work_8f38bdc3c3036868,standalone,book_c3980a31f55a2d4c
book_4319c22130821ee1,work_f7ce9d94d2ec3bd1,standalone,book_4319c22130821ee1
book_927d7cd2148b69e7,work_e0eb6b912460f282,standalone,book_927d7cd2148b69e7
book_afd400dfce4e3e28,work_45da9db7ed0b0f1f,standalone,book_afd400dfce4e3e28
book_fffcebdb7e40bd4d,work_c8cc535bb7021f0a,standalone,book_fffcebdb7e40bd4d
book_0e58e94bebe3f2ec,work_e0acc766fa9a5a61,standalone,book_0e58e94bebe3f2ec
book_b0e8f8be41e93a5f,work_23d7bbfea5edd4ff,standalone,book_b0e8f8be41e93a5f
book_fd48e404e74c05e7,work_afe8d2d2161adcea,standalone,book_fd48e404e74c05e7
book_a7a092cf0726994a,work_415534b2391f48c4,standalone,book_a7a092cf0726994a
book_ad932920e70dbb17,work_ef9b0b35b1309d50,standalone,book_ad932920e70dbb17
book_bd609160ac8344c6,work_1b81b2e2043cd304,standalone,book_bd609160ac8344c6
book_04764d4825d6b646,work_fa35c4e2651dbad2,standalone,book_04764d4825d6b646
book_a34c3e84cf33b597,work_6065d05a7eede2e9,standalone,book_a34c3e84cf33b597
book_1249b9c1c1075c81,work_697029f9d10efe1c,standalone,book_1249b9c1c1075c81
book_0ea2507848cf6d7f,work_f1f25febb558fb27,standalone,book_0ea2507848cf6d7f
book_f9df428d5c8fbdbe,work_9c8f297067880f78,standalone,book_f9df428d5c8fbdbe
book_b3f26851fa81e957,work_11e764fb0faf91ea,standalone,book_b3f26851fa81e957
book_68dcfde5226d2506,work_5afceb436f7ae298,standalone,book_68dcfde5226d2506
book_e272ff38c4a3d4f4,work_8921272ab9edd804,standalone,book_e272ff38c4a3d4f4
book_a73301cfe87e1a91,work_62600b3ed0b47670,standalone,book_a73301cfe87e1a91
book_25597be2cf0a1398,work_1ca5191a08c20f7d,standalone,book_25597be2cf0a1398
book_6b799f9004cca2e0,work_a128ed67224992d8,standalone,book_6b799f9004cca2e0
book_03ea3d6b54d2c40a,work_d42145036339db05,standalone,book_03ea3d6b54d2c40a
book_e50e2d3e16d67444,work_79555131300acdba,standalone,book_e50e2d3e16d67444
book_3ce477e51486eb95,work_c3914c9204733c6b,standalone,book_3ce477e51486eb95
book_32bcdf5e4015cc0d,work_a1ab6cf8ecb10e8b,standalone,book_32bcdf5e4015cc0d
book_5c57da97775e05d9,work_56da99b73a9d81e8,standalone,book_5c57da97775e05d9
book_2eae75db9e37ec43,work_39ddd54610d1cf8c,standalone,book_2eae75db9e37ec43
book_82b9249f8ca4e9e1,work_86bc2713cbe52d52,standalone,book_82b9249f8ca4e9e1
book_a693639d41d67bbc,work_efd2980eacf19aac,standalone,book_a693639d41d67bbc
book_46ff1e51c98b9fe9,work_e465d0dbb16a2ac7,standalone,book_46ff1e51c98b9fe9
book_ecaaa85e47a64cf5,work_022a5baf9628fb29,standalone,book_ecaaa85e47a64cf5
book_cb9cbb0691ec9a60,work_1e49e3ba1d061bcf,standalone,book_cb9cbb0691ec9a60
book_57b5a39948aefc96,work_f25d29377aaa83b6,standalone,book_57b5a39948aefc96
book_9e19362a7e86827d,work_2dcf2422bb3b3567,standalone,book_9e19362a7e86827d
book_1be44524d64b3f43,work_97ed4057b4c8eac3,standalone,book_1be44524d64b3f43
book_59778951043f2781,work_aa6ba724f0859f9b,standalone,book_59778951043f2781
book_4db9b394d649b9bb,work_30e72b8e7e5a1594,standalone,book_4db9b394d649b9bb
book_442b35fb712884ce,work_3ca5ca80de6c31f7,standalone,book_442b35fb712884ce
book_f5721c38bf776f01,work_7d9752ec7a3d8ed4,standalone,book_f5721c38bf776f01
book_1cb366e017f89a89,work_97fe78ac88490445,standalone,book_1cb366e017f89a89
book_ede617ea96d1a8d3,work_cec5f629b475a1bf,standalone,book_ede617ea96d1a8d3
book_67a4c89e5b329ae0,work_bc2532a5f12dde6f,standalone,book_67a4c89e5b329ae0
book_8e5c6790cdf31e8e,work_062e1f8c71e80048,standalone,book_8e5c6790cdf31e8e
book_2a6710a4eb186a0b,work_bf71703b91ce7006,standalone,book_2a6710a4eb186a0b
book_45380546c885c94f,work_fdc9cf92298d0f0e,standalone,book_45380546c885c94f
book_dd3831fdc7ebee87,work_2c3a1b9751eb28db,standalone,book_dd3831fdc7ebee87
book_7e6133b08aad1d5d,work_9a47525f9a61bf66,standalone,book_7e6133b08aad1d5d
book_581c62254da62bb9,work_c0a0bd4adc9a3210,standalone,book_581c62254da62bb9
book_52826a72234e257d,work_34481ed8eaabce08,standalone,book_52826a72234e257d
book_f5bc199da523ff68,work_6b962bc90af4948b,standalone,book_f5bc199da523ff68
book_804f4abaca4e1440,work_8691e12a8d0a7443,standalone,book_804f4abaca4e1440
book_0a15f503b683903c,work_2fd80f5924c65417,standalone,book_0a15f503b683903c
book_4d8546112c587dee,work_2f2b90345e9c9407,standalone,book_4d8546112c587dee
book_2da9b5233570c458,work_42eb8dc061ff3203,standalone,book_2da9b5233570c458
book_32fc5161c2f4161d,work_087f3ea63aee7ca1,standalone,book_32fc5161c2f4161d
book_e6613388c8c4d0f3,work_ab165a83deb991bb,standalone,book_e6613388c8c4d0f3
book_7e12347da5d7c9ba,work_f7a1402bdf917696,standalone,book_7e12347da5d7c9ba
book_d53e17b1cac378fc,work_298f7b85ed30b67c,standalone,book_d53e17b1cac378fc
book_0a3fee4f55f69e68,work_3d8083529f0f7f82,standalone,book_0a3fee4f55f69e68
book_1870e72e3a43eb2d,work_acaf1e683377572f,standalone,book_1870e72e3a43eb2d
book_55de299ffcc5f87d,work_dcfa7895f7ec7eea,standalone,book_55de299ffcc5f87d
book_187ad33dc4740bce,work_79320435d224624e,standalone,book_187ad33dc4740bce
book_0d4cc0e7aa24f4ba,work_b72bc1031762f312,standalone,book_0d4cc0e7aa24f4ba
book_2e85df8713ce128b,work_c9165561ada4b6b7,standalone,book_2e85df8713ce128b
book_e3474522bec9b168,work_ce12b27ba9d5af91,standalone,book_e3474522bec9b168
book_ff602d33e490bb6b,work_0a47792acf29e4b2,standalone,book_ff602d33e490bb6b
book_d4ab4599dc92b98a,work_f93b1cbb8f29a4e7,standalone,book_d4ab4599dc92b98a
book_4367818f0e83429e,work_4baddf55749f8e2c,standalone,book_4367818f0e83429e
book_81913a886361c725,work_67902608cfee6ca3,standalone,book_81913a886361c725
book_9030bae794875865,work_753ecfab4c51b9c4,standalone,book_9030bae794875865
book_911e63d5e3088b83,work_b3a0bfc9ff831376,standalone,book_911e63d5e3088b83
book_82ffddd83b11c52d,work_19cc55b5707985c9,standalone,book_82ffddd83b11c52d
book_64ac817a501869a5,work_86ea2b215abf8428,standalone,book_64ac817a501869a5
book_27631e70dcf7f429,work_9050fc05f57bb5aa,standalone,book_27631e70dcf7f429
book_024b5ae49dbc3c5a,work_b5f85c7f277d3e73,standalone,book_024b5ae49dbc3c5a
book_99cebc1df07c437d,work_e42d1ec2d4cb7e0d,standalone,book_99cebc1df07c437d
book_caf8531c8f6ffb68,work_e719bef87b1bfb26,standalone,book_caf8531c8f6ffb68
book_1f68c620dbea3a86,work_682fe00b6ffecf72,standalone,book_1f68c620dbea3a86
book_8ef0803d4fc45178,work_2542e2d340303d0f,standalone,book_8ef0803d4fc45178
book_cde5c83c2a3c95f3,work_c3cd2ab0cc775281,standalone,book_cde5c83c2a3c95f3
book_9ad8eb8077582a01,work_d4dbadb022fdfdaf,standalone,book_9ad8eb8077582a01
book_f2105ddc5a25586e,work_7e4f4dc09b00dd6f,standalone,book_f2105ddc5a25586e
book_82a459a258ae4295,work_00bfb2fec083d47e,standalone,book_82a459a258ae4295
book_e0b8407c4d142ab5,work_62bf33463e206c61,standalone,book_e0b8407c4d142ab5
book_c7a23ae55c0136bf,work_99037ba074905aab,standalone,book_c7a23ae55c0136bf
book_cfff551f27b01133,work_e94c4f7fa8c2e94b,standalone,book_cfff551f27b01133
book_f0be0366b0b01223,work_2f1815c7145d3c59,standalone,book_f0be0366b0b01223
book_59a5dec479b57229,work_bcf4b441fcd0f586,standalone,book_59a5dec479b57229
book_0360c3365af0a7e3,work_ae2822a627d191f1,standalone,book_0360c3365af0a7e3
book_321ddecb5b1e9d28,work_06195a59390d0e4b,standalone,book_321ddecb5b1e9d28
book_4716a973b0d73612,work_f43ae7d532647beb,standalone,book_4716a973b0d73612
book_bf4375f7b888ebb7,work_faa706c0514c9c0e,standalone,book_bf4375f7b888ebb7
book_f2c819337e6b05b1,work_7e2ae7f20a7480e2,standalone,book_f2c819337e6b05b1
book_53315d1640b872ec,work_0b9109aea3332e07,standalone,book_53315d1640b872ec
book_2a6a8083e0ec3b87,work_a59c12230d983908,standalone,book_2a6a8083e0ec3b87
book_b0c6419b11469d3c,work_9318711b1dd73ea3,standalone,book_b0c6419b11469d3c
book_83b23bdcdd716ca1,work_d6febb9162107741,standalone,book_83b23bdcdd716ca1
book_456656e13e6c716d,work_5b4a1ae892681dc8,standalone,book_456656e13e6c716d
book_9c924abd9fe443f0,work_5d4bde936849d0df,standalone,book_9c924abd9fe443f0
book_f71ad8a30439877b,work_fab20ef9350ef488,standalone,book_f71ad8a30439877b
book_24d1b131aa5c8680,work_dddb8e5a2259bf47,standalone,book_24d1b131aa5c8680
book_e28f06081f273baa,work_356e7912766f1c78,standalone,book_e28f06081f273baa
book_cc672e34c1a5a802,work_0f57ea78331a2512,standalone,book_cc672e34c1a5a802
book_284ee8ed94e0e524,work_f82d8cad95462a97,standalone,book_284ee8ed94e0e524
book_669a8236fe4c222f,work_00edd75d3b5e0f87,standalone,book_669a8236fe4c222f
book_7a84f9d251835201,work_856929d336a98156,standalone,book_7a84f9d251835201
book_f0d9d9063001fefa,work_2152a833a2cf45bd,standalone,book_f0d9d9063001fefa
book_4885f1a6094be612,work_6fb823d5e36f23a4,reconciled,book_4885f1a6094be612
book_7ef417370b41b300,work_cf353bab3d63399d,standalone,book_7ef417370b41b300
book_02efe01f42dceb56,work_131a9f8a1b6dc49e,standalone,book_02efe01f42dceb56
book_27607d7cb68ccfaf,work_9ffd1e53e1ea85e5,standalone,book_27607d7cb68ccfaf
book_2accf402eae2ef45,work_b53ae83d28c7a658,standalone,book_2accf402eae2ef45
book_15e009980a37bfaf,work_7586620eb0e8c659,standalone,book_15e009980a37bfaf
book_0e6e664e0c4b4b0b,work_e49577e3a7cf527b,standalone,book_0e6e664e0c4b4b0b
book_e01e8c4f99c0d0db,work_c589e9712ff280b0,standalone,book_e01e8c4f99c0d0db
book_2614b867856d06ce,work_756889f6da0e8367,standalone,book_2614b867856d06ce
book_14106732d17fa2e8,work_e1d22a9b9e85fa92,standalone,book_14106732d17fa2e8
book_59ef467841ebf3e7,work_6876e82d48e7f405,standalone,book_59ef467841ebf3e7
book_a7571e05e61fa38a,work_a66ca0bbf44aac95,standalone,book_a7571e05e61fa38a
book_c07d614ee6cdc0ec,work_d903c4d3df8843e3,standalone,book_c07d614ee6cdc0ec
book_1e65d89909f8db41,work_dbe839c6c8aac35e,standalone,book_1e65d89909f8db41
book_314f866c86eb6ff5,work_cccb13aa72725247,standalone,book_314f866c86eb6ff5
book_65bfd981f5ea2b84,work_959df1ecd359524f,standalone,book_65bfd981f5ea2b84
book_10d18597cb73d513,work_ebaf48fd84ae1824,standalone,book_10d18597cb73d513
book_50f2a3542f005a5a,work_347293b4f921c2ce,standalone,book_50f2a3542f005a5a
book_9040401a3518eab5,work_d3e76dc8f47abe3b,standalone,book_9040401a3518eab5
book_35fe748d40990054,work_d4a6f4a73685e9a1,standalone,book_35fe748d40990054
book_985be0978146ac3d,work_8f97f3a5e8b8718e,standalone,book_985be0978146ac3d
book_f1c2b4f93ea3359a,work_0836c7ab53c42479,standalone,book_f1c2b4f93ea3359a
book_a7759fecebd41322,work_9d2b533c8a53d43e,standalone,book_a7759fecebd41322
book_9e1f57054e4968f3,work_eae170d1f42488ab,standalone,book_9e1f57054e4968f3
book_37234c114420f783,work_83dee9bbb3676f7a,standalone,book_37234c114420f783
book_5510c8f3c45e9d20,work_4c3af54bf8b83d28,standalone,book_5510c8f3c45e9d20
book_54270bcaf3497de8,work_025dc15cdb66a1e9,standalone,book_54270bcaf3497de8
book_a446dee8dcf12c5e,work_0797ff66739777c7,standalone,book_a446dee8dcf12c5e
book_cf65050ca1c9df7a,work_51ff93f991684546,standalone,book_cf65050ca1c9df7a
book_a1b8ba78caf7097c,work_d7f944c46e50d324,reconciled,book_a1b8ba78caf7097c
book_a7d3b13990f5d5d8,work_77e7fb280b409900,standalone,book_a7d3b13990f5d5d8
book_038f8a8eb4613df6,work_b46cfd8f75f505bc,standalone,book_038f8a8eb4613df6
book_a55926951ea082d8,work_6fb31e2d3caa79d6,standalone,book_a55926951ea082d8
book_61c60df03d32ec22,work_45bb29b1c57f974e,standalone,book_61c60df03d32ec22
book_3186c8ea6252b1f6,work_06d13cb087843949,standalone,book_3186c8ea6252b1f6
book_ca0496cfbf0ee8ef,work_b6c32665228211a3,standalone,book_ca0496cfbf0ee8ef
book_b849e964391e0d36,work_cad81b42fd98c59a,standalone,book_b849e964391e0d36
book_604e2dd2dd0bbb99,work_9065dbbf69eafe59,standalone,book_604e2dd2dd0bbb99
book_c9679c60fed7df21,work_dfd9c5eb27170cc9,standalone,book_c9679c60fed7df21
book_d6f9554ae21e1460,work_0e9d1c8bd6235b7a,standalone,book_d6f9554ae21e1460
book_0ec5834290ba2a13,work_7d5830a15df87ad6,standalone,book_0ec5834290ba2a13
book_5547b9ccb64fd8c1,work_24824685e463da49,standalone,book_5547b9ccb64fd8c1
book_39382e740b27f457,work_053cf904130d70d2,standalone,book_39382e740b27f457
book_02294b896e03bdd1,work_96561e6733e7e8de,standalone,book_02294b896e03bdd1
book_36108f1ca6cca077,work_cef7f1e1427a68fd,standalone,book_36108f1ca6cca077
book_30d0da4d4a150160,work_8576c8c4293199c4,standalone,book_30d0da4d4a150160
book_2b0fe8a5d49dbb1c,work_37a75c194db51c00,standalone,book_2b0fe8a5d49dbb1c
book_3efbeea54f8dcfc6,work_73e5e03a6fa43e0e,standalone,book_3efbeea54f8dcfc6
book_e14c49d67129a4cf,work_4cb5bffb836d43ae,standalone,book_e14c49d67129a4cf
book_49404c61b0af0004,work_fdf54f843c745c5d,standalone,book_49404c61b0af0004
book_9230cd320cfa9d49,work_45980eee1a15cfe6,standalone,book_9230cd320cfa9d49
book_2a54735de63de2a5,work_efa1ec0aa8c1e8a3,standalone,book_2a54735de63de2a5
book_80c07dbf5526ff61,work_0e14a7cbd76cae12,standalone,book_80c07dbf5526ff61
book_5949fdb3c2c395b9,work_504643dc54927d10,standalone,book_5949fdb3c2c395b9
book_e0ea20b2b0425602,work_23995901d236c499,standalone,book_e0ea20b2b0425602
book_a07f1e2b1bbf32e2,work_ad74c7252f784a44,standalone,book_a07f1e2b1bbf32e2
book_b0e230ef80fd656f,work_9fa95f92e3017bd2,standalone,book_b0e230ef80fd656f
book_b9783b9e98adb0ef,work_82fcb3b46527f786,standalone,book_b9783b9e98adb0ef
book_57fffa21c57ad600,work_9f68f1dac90259fd,standalone,book_57fffa21c57ad600
book_19b1045f28c26571,work_3f128f86eca3afad,standalone,book_19b1045f28c26571
book_5cbd15659b94f026,work_ddb13517e1b670b0,standalone,book_5cbd15659b94f026
book_863bb0ffddf8daff,work_b7e407641be0a3d1,standalone,book_863bb0ffddf8daff
book_8b50cd13403d3990,work_f767ceac67382485,standalone,book_8b50cd13403d3990
book_22908bcf1bfc864a,work_1d0f4bc1debe110c,standalone,book_22908bcf1bfc864a
book_e6e63c9ed7d52da9,work_eb2a1c5f4936a97c,standalone,book_e6e63c9ed7d52da9
book_70838ec038816bfd,work_a3ecb5d5e00ed89d,standalone,book_70838ec038816bfd
book_40f91dd7176be884,work_2ceb9e35f9126a98,standalone,book_40f91dd7176be884
book_98d34e7e4b4355b5,work_6ef93ba195afa1d0,standalone,book_98d34e7e4b4355b5
book_3971d200fb114494,work_15bd1d79ceef456a,standalone,book_3971d200fb114494
book_71c9ba869e79f4c4,work_8db3efdb86a27255,standalone,book_71c9ba869e79f4c4
book_3b509a0aa6212360,work_cc41131f711c03e0,standalone,book_3b509a0aa6212360
book_b47e8c2a17c34fa8,work_dce0f26c673911ca,standalone,book_b47e8c2a17c34fa8
book_d2a826ff681e1a5e,work_b0aefdcab5454c6c,standalone,book_d2a826ff681e1a5e
book_ed5316ae03a8e84f,work_d073002b7a8b83cc,standalone,book_ed5316ae03a8e84f
book_ae434a1bbdfe2624,work_48643a0ca79245cf,standalone,book_ae434a1bbdfe2624
book_026710c4443fc6d5,work_52d2c8779c983d31,standalone,book_026710c4443fc6d5
book_d2c49eb144afe170,work_f4fdab4ff1c22596,standalone,book_d2c49eb144afe170
book_65cfeb1406ffb07b,work_481e054033664223,standalone,book_65cfeb1406ffb07b
book_86f6b8eae4d90a30,work_12269ca54a035bcd,standalone,book_86f6b8eae4d90a30
book_08b260e73af784c1,work_1dad4916437df019,standalone,book_08b260e73af784c1
book_e90a920296f179d4,work_0bb73feebfb5463d,standalone,book_e90a920296f179d4
book_29beec21a08452c3,work_888ba318d0323b74,standalone,book_29beec21a08452c3
book_fbf77709caf9a856,work_6e4e4ceb8e59d686,standalone,book_fbf77709caf9a856
book_b06fd19c81dfd563,work_0bdc0707a53cf1aa,standalone,book_b06fd19c81dfd563
book_64c182c387f2d0df,work_3c9ded4d3c90d47e,standalone,book_64c182c387f2d0df
book_38ed79430286489f,work_3a799d19c11f29fd,standalone,book_38ed79430286489f
book_a22dbb70e1669223,work_a56a7babf76b9e18,standalone,book_a22dbb70e1669223
book_8bce9304ca4c0c02,work_ca91bdb45cae14c3,standalone,book_8bce9304ca4c0c02
book_41552d7213aa4136,work_42fbe7ff3c074d8e,standalone,book_41552d7213aa4136
book_bb9fbda1409c8408,work_1f1130a2001273da,standalone,book_bb9fbda1409c8408
book_2327128de9ebe3fc,work_7bbeccf33c423b0f,standalone,book_2327128de9ebe3fc
book_92f889c542c1f1ea,work_8608c34412189e95,standalone,book_92f889c542c1f1ea
book_96a785921037882a,work_6464ddd610498962,standalone,book_96a785921037882a
book_1d890353fddbc2d8,work_6adbf5e59d1c218e,standalone,book_1d890353fddbc2d8
book_c8296ca4afee8591,work_4b47f1cd05e910a3,standalone,book_c8296ca4afee8591
book_2f03c2a95bca9ad8,work_80c5b436466d2d61,standalone,book_2f03c2a95bca9ad8
book_8257ba6272753268,work_8091cfd6a92e2ced,standalone,book_8257ba6272753268
book_5bd55f2ef3092e23,work_4425c3b12e67c927,standalone,book_5bd55f2ef3092e23
book_9a2117ff2beb230f,work_04224614134f896c,standalone,book_9a2117ff2beb230f
book_b7e5b3dbcd05a978,work_34af88c40bb97494,standalone,book_b7e5b3dbcd05a978
book_7c58e90519af1389,work_42da805e16f52895,standalone,book_7c58e90519af1389
book_8aef559824be403b,work_d02a789816a4ad5d,standalone,book_8aef559824be403b
book_a65f5f2134174cc2,work_ae9a016444d76963,standalone,book_a65f5f2134174cc2
book_4ad41c104e676998,work_5b361fd2a4a88101,standalone,book_4ad41c104e676998
book_881ceb21d07852f8,work_c82171e13988631b,standalone,book_881ceb21d07852f8
book_3cdb9e4fd7c2955f,work_3501dfa6b86358db,standalone,book_3cdb9e4fd7c2955f
book_e5b9324e08d90f40,work_63776f6eb812d139,standalone,book_e5b9324e08d90f40
book_aa44a0a63448a44c,work_c6217fff1c2b383d,standalone,book_aa44a0a63448a44c
book_863b88c9872da6df,work_98ca0700239984ad,standalone,book_863b88c9872da6df
book_5fdb4ed6b666e950,work_d7033aaaa9e2060b,reconciled,book_5fdb4ed6b666e950
book_08b7bfbf3c345369,work_8e763fe914afafd8,standalone,book_08b7bfbf3c345369
book_8aa1fb5250c8c079,work_4f00b1b347321142,standalone,book_8aa1fb5250c8c079
book_b3b92ff92fefdd6e,work_f28d3d0460411ae6,standalone,book_b3b92ff92fefdd6e
book_1b6e2ec46f71ac7f,work_f058cf07df1fa14f,standalone,book_1b6e2ec46f71ac7f
book_d6a250bcdbcbf122,work_a3756bb674150696,standalone,book_d6a250bcdbcbf122
book_33db1cb11beb60b6,work_923cf165e543ae0b,standalone,book_33db1cb11beb60b6
book_d8699cac34792145,work_3f2bcb6a28289eeb,standalone,book_d8699cac34792145
book_b2a90242404bbd00,work_8b575e93ce3bb809,standalone,book_b2a90242404bbd00
book_04d4d34c31bf24c1,work_79ba04e3977a807a,standalone,book_04d4d34c31bf24c1
book_389ea7631ec0e34f,work_19835f984dd0a917,standalone,book_389ea7631ec0e34f
book_fe1bd171a1b0bfce,work_dca576acac628762,standalone,book_fe1bd171a1b0bfce
book_42801930f431de0b,work_08d5c0282312a405,standalone,book_42801930f431de0b
book_abd265f49caf1681,work_cc4e68ecfe2beb8a,standalone,book_abd265f49caf1681
book_3dc40e0dd790ab09,work_28dd1f3b53955e81,standalone,book_3dc40e0dd790ab09
book_99c07e8e017c2dfe,work_d57147a33961dc54,standalone,book_99c07e8e017c2dfe
book_9b57a3c443e5d43b,work_d761a54356de6d18,standalone,book_9b57a3c443e5d43b
book_acfcf7b9bc1da139,work_6950531966c8ad19,standalone,book_acfcf7b9bc1da139
book_f56b9ba2e49abd2a,work_81bf5f4e78108179,standalone,book_f56b9ba2e49abd2a
book_61816f99c1271912,work_ca108078b022f977,standalone,book_61816f99c1271912
book_e1647d1e9038aff9,work_f497ff1ba2451a93,standalone,book_e1647d1e9038aff9
book_ff7c0c0871d210ec,work_3ef0accc1c2cce90,standalone,book_ff7c0c0871d210ec
book_b385ec19f58298c4,work_7e8fa994c3d3a0c3,standalone,book_b385ec19f58298c4
book_114395ae2ec57a85,work_53f82345e5b36774,standalone,book_114395ae2ec57a85
book_b1e4e4934a356bef,work_b5388c84b911c3f4,standalone,book_b1e4e4934a356bef
book_0c41c1beb241b5b7,work_4c00638745c74643,standalone,book_0c41c1beb241b5b7
book_322395fab8585861,work_7363136919656ba8,standalone,book_322395fab8585861
book_1a93269597b88d81,work_4cfc9e9a3109557b,standalone,book_1a93269597b88d81
book_0cbb419d661f6ea5,work_7485b00fad50fdde,standalone,book_0cbb419d661f6ea5
book_dbac3de2d2bfce8a,work_8100f28b5bae144d,standalone,book_dbac3de2d2bfce8a
book_e34340e914a23aaa,work_bb77833b38c36d95,standalone,book_e34340e914a23aaa
book_57f4c568df3e06ec,work_7c19065cc2bd414e,standalone,book_57f4c568df3e06ec
book_bf617849f65a2dc1,work_b012c8e4020921a3,standalone,book_bf617849f65a2dc1
book_150df1e99bc73021,work_d019354b03165a0f,standalone,book_150df1e99bc73021
book_65d27df0d693ebdf,work_4194f93e9063e39f,standalone,book_65d27df0d693ebdf
book_716163e84bb9edbc,work_d094f7ef8c236d11,standalone,book_716163e84bb9edbc
book_56dba7cddf529bb7,work_b87afb36e91519b3,standalone,book_56dba7cddf529bb7
book_f40d2e3155de713a,work_1d8df388055f9b14,standalone,book_f40d2e3155de713a
book_1a5a4a13f767b114,work_00553c3b1154812f,standalone,book_1a5a4a13f767b114
book_d22ee3ab3ec3d96c,work_629cec3d3a4a98cd,standalone,book_d22ee3ab3ec3d96c
book_1c37383ff17c7b04,work_f67602fa3a9eafa9,standalone,book_1c37383ff17c7b04
book_95cda31cbbe0adb1,work_9a153fc02a205e0b,standalone,book_95cda31cbbe0adb1
book_5a7adcf7176873a3,work_d98f2d34ad87cdda,standalone,book_5a7adcf7176873a3
book_ce7ffc8ba1c5e658,work_4dc3ca09dbd25fbc,standalone,book_ce7ffc8ba1c5e658
book_59c3740e3f80ac93,work_607a0dd0c73a0802,standalone,book_59c3740e3f80ac93
book_101bed7655530eb8,work_f7ba93194afb7a90,standalone,book_101bed7655530eb8
book_75dcbaaa596475f1,work_2692c7bb7787609e,standalone,book_75dcbaaa596475f1
book_bc448d617916ee61,work_35d137057c083eb5,standalone,book_bc448d617916ee61
book_5ab67e5da315ac6e,work_a5ebeffb1bef8ea2,standalone,book_5ab67e5da315ac6e
book_e1eacd249d385cac,work_8fb6e70aac80ca75,standalone,book_e1eacd249d385cac
book_352d290a65fa309b,work_25e57131dc360143,standalone,book_352d290a65fa309b
book_29264f6d55bc47ae,work_4570222d3cfc220a,standalone,book_29264f6d55bc47ae
book_fcb5009c9dbc9f48,work_6621aeb17f42cddb,standalone,book_fcb5009c9dbc9f48
book_8396d7b1936adc0f,work_a52c94abd13d545b,standalone,book_8396d7b1936adc0f
book_dba6d30e51017af0,work_9935aad71263f62b,standalone,book_dba6d30e51017af0
book_7d75c8b67357e984,work_48282ec352a3690c,standalone,book_7d75c8b67357e984
book_fd998cab9c734f7c,work_ef1db01626fd1b49,standalone,book_fd998cab9c734f7c
book_367c290d793e436b,work_76f0213fcb55b6e0,standalone,book_367c290d793e436b
book_c5cbf77b122bee10,work_f359901158a00c60,standalone,book_c5cbf77b122bee10
book_c87b10f5433deb47,work_803ee82e7e0b3d0c,standalone,book_c87b10f5433deb47
book_ba7d14ed17818835,work_ea5c5f87a688503f,standalone,book_ba7d14ed17818835
book_a025a88dfb3d0d2f,work_b1e0436bbf52d18a,standalone,book_a025a88dfb3d0d2f
book_bc60f4c65a672083,work_59ec5df65e63f8f6,standalone,book_bc60f4c65a672083
book_0947910e6e5a722c,work_665356a790606742,standalone,book_0947910e6e5a722c
book_2ea4e9d6716e0eab,work_45566c4daa890eec,standalone,book_2ea4e9d6716e0eab
book_f49f16a1874bb40b,work_cfa2e9b0a8ba4285,standalone,book_f49f16a1874bb40b
book_6d93989d152d9a53,work_c64d8b1e9460e311,standalone,book_6d93989d152d9a53
book_64232c7911838531,work_0fa2a8a951d233d8,standalone,book_64232c7911838531
book_f7b4dc05d1ed6323,work_bda3793691d38e79,standalone,book_f7b4dc05d1ed6323
book_8a8516d67ed362d5,work_97386e9d3e447f19,standalone,book_8a8516d67ed362d5
book_23fa79638ec2b1d7,work_3bfac5a3f88c4075,standalone,book_23fa79638ec2b1d7
book_3acb716c90845f4d,work_2e9a295ea00e5937,standalone,book_3acb716c90845f4d
book_6b65b7472fe15fa4,work_b67fc354945954f3,standalone,book_6b65b7472fe15fa4
book_0c67a32920033261,work_ee0a7b86471ced6c,standalone,book_0c67a32920033261
book_413776b61cebc046,work_9eae722f5c5e6b7a,standalone,book_413776b61cebc046
book_59f2a5e0682ac79d,work_fff8ad1a1d2ae6a8,standalone,book_59f2a5e0682ac79d
book_e616ca470a28c190,work_0e6c7d62d0dd6fdd,standalone,book_e616ca470a28c190
book_c696ffcaf16cf1aa,work_3a4abfbb1bcf9c92,standalone,book_c696ffcaf16cf1aa
book_55de8ab736fb68e5,work_666812442ea2c131,standalone,book_55de8ab736fb68e5
book_209408bc75ae44a6,work_b0fe201984fdfa35,standalone,book_209408bc75ae44a6
book_021117c13480afef,work_ba9ba13b433ac925,standalone,book_021117c13480afef
book_adaa8790c39ab8cf,work_e834343dcc89c435,standalone,book_adaa8790c39ab8cf
book_734a6d62eb95d92b,work_76a839f96c51c5fc,standalone,book_734a6d62eb95d92b
book_797463842ef30b9f,work_8f6f0ab87b1ca5e9,standalone,book_797463842ef30b9f
book_4416fcf86aee3ddf,work_dc0b3d13786f599c,standalone,book_4416fcf86aee3ddf
book_71a1429097f7a125,work_d7d80fc93ffa700c,standalone,book_71a1429097f7a125
book_aa124b8d7e57f58d,work_b750d81e4ff285bb,standalone,book_aa124b8d7e57f58d
book_de1871ac7aaa5599,work_9eea5ce6d3fdcbaa,reconciled,book_510b8dfb1255cf2f
book_4b044cfe87fa8206,work_9622783c939f8eb5,standalone,book_4b044cfe87fa8206
book_d5a763af96b3dc33,work_243b0c3fb7ac4505,standalone,book_d5a763af96b3dc33
book_815c6ee733cc8629,work_73378c908c9a9ea0,standalone,book_815c6ee733cc8629
book_30c5ad39a1e77b5b,work_9c9c5fd916dae07f,standalone,book_30c5ad39a1e77b5b
book_045daf1b352e4893,work_6ee645b32b467ed7,standalone,book_045daf1b352e4893
book_7e62ea8f72dbd86b,work_42e85488af683dad,standalone,book_7e62ea8f72dbd86b
book_443bcf402a6e2970,work_582b488fd4aec61c,standalone,book_443bcf402a6e2970
book_655aa9c9d5edd2eb,work_ed969923aac7be88,standalone,book_655aa9c9d5edd2eb
book_6aa5fe36fbc9619e,work_fdd59483d70733d6,standalone,book_6aa5fe36fbc9619e
book_f43451b1ba601b8c,work_83360f80c2a6eebe,standalone,book_f43451b1ba601b8c
book_4b881073679822d8,work_f49f9d77ebf71503,standalone,book_4b881073679822d8
book_fe88df5ec0418631,work_0e9230d0be62aea6,standalone,book_fe88df5ec0418631
book_2a1f4e44075717b6,work_2934953c8dd37070,standalone,book_2a1f4e44075717b6
book_caaaef70bcde8d65,work_156939c1bed18301,standalone,book_caaaef70bcde8d65
book_d7607be5169d3617,work_4480ed6cc76d7434,standalone,book_d7607be5169d3617
book_05a06f064da9ebb4,work_1146b1e43529b12c,standalone,book_05a06f064da9ebb4
book_b6794d8fbce16fed,work_ff54037827b44897,standalone,book_b6794d8fbce16fed
book_23bcb5d4dde5a8d9,work_cae2c8ae399d4cd7,standalone,book_23bcb5d4dde5a8d9
book_9dcf0abc3b96629f,work_e06970ac1cf18543,standalone,book_9dcf0abc3b96629f
book_d485b6aeb7aac021,work_d2778131ce928231,standalone,book_d485b6aeb7aac021
book_c725175cf152a8a1,work_a34502b1ff9ac5bb,standalone,book_c725175cf152a8a1
book_10eb11b3822ace4b,work_3f0bb8ccf80b407d,standalone,book_10eb11b3822ace4b
book_ede142e2a7ae7873,work_cc76cd47ac042074,standalone,book_ede142e2a7ae7873
book_53ef5ef7dda83780,work_8a6794c4c8195675,standalone,book_53ef5ef7dda83780
book_80e52804ee53d804,work_9289ed348efccdab,standalone,book_80e52804ee53d804
book_ff08df7b422e7774,work_53248bdea8b0b1b1,standalone,book_ff08df7b422e7774
book_ee6c8b470512a55b,work_389be4cb7bafc32f,standalone,book_ee6c8b470512a55b
book_ddf7d9ee09f11608,work_c747446019cc648f,standalone,book_ddf7d9ee09f11608
book_e9a3bb4ddf5f9fff,work_594f6dacfa326c8c,standalone,book_e9a3bb4ddf5f9fff
book_37074855fd74b3d6,work_a8d97fd70a123be1,standalone,book_37074855fd74b3d6
book_e9affdd2593ddb4d,work_d2abee8efae29c71,standalone,book_e9affdd2593ddb4d
book_a1f0cb32076f7ee5,work_84957e63de002542,standalone,book_a1f0cb32076f7ee5
book_87821c8e39f0b91e,work_cb4d0c7e56cb16a3,standalone,book_87821c8e39f0b91e
book_ae8f53869eafc368,work_6ab72c2905d42859,standalone,book_ae8f53869eafc368
book_4d9790fb97e78679,work_1f9b6f3b14d84c9a,standalone,book_4d9790fb97e78679
book_deee7eb37807332a,work_f1f420281a0f669a,standalone,book_deee7eb37807332a
book_f6ae017d6af48351,work_50952e7fedf68e08,standalone,book_f6ae017d6af48351
book_c6f9b19d5024a03e,work_ede6a240469cc33c,standalone,book_c6f9b19d5024a03e
book_bbadbf82e6dd799d,work_ae4314be748b0eaa,standalone,book_bbadbf82e6dd799d
book_9f9802cf35cf13f9,work_118e1adc689f017f,standalone,book_9f9802cf35cf13f9
book_d52bfbb677db889d,work_20aebf7d94fec426,standalone,book_d52bfbb677db889d
book_c09f26cde5ac995d,work_3348d54031a2050b,standalone,book_c09f26cde5ac995d
book_e28e5b5bdc5d595b,work_a229b37b0c66a150,standalone,book_e28e5b5bdc5d595b
book_825ab0f0c97c2144,work_2b6fade91ef0065f,standalone,book_825ab0f0c97c2144
book_173aa4e0e1b20e55,work_bc7a1a5d953fa6f5,standalone,book_173aa4e0e1b20e55
book_61a051e96123a8c3,work_2d8d0025e188c76f,standalone,book_61a051e96123a8c3
book_0806dac446e5455f,work_28bce5b470c6ecaf,standalone,book_0806dac446e5455f
book_c5c70db47ae62467,work_b825ce58fdf01710,standalone,book_c5c70db47ae62467
book_1ae55d71b7693ad8,work_ff1138732ee7ae8f,standalone,book_1ae55d71b7693ad8
book_7a131c3418604dfe,work_e0662871981c25a1,standalone,book_7a131c3418604dfe
book_67c0843a7735e2c5,work_79db064cfc259566,standalone,book_67c0843a7735e2c5
book_5449c9f901c42011,work_d48faa29aefb2f75,standalone,book_5449c9f901c42011
book_510b8dfb1255cf2f,work_9eea5ce6d3fdcbaa,reconciled,book_510b8dfb1255cf2f
book_89d49d2f04127e36,work_edd60e7dd4c444ea,standalone,book_89d49d2f04127e36
book_394274ac53905554,work_80f349834ad01225,standalone,book_394274ac53905554
book_cc4a741f87709d7c,work_142bab2e9177108e,standalone,book_cc4a741f87709d7c
book_b500439d29d53be2,work_d1a1cd19c414c7c9,standalone,book_b500439d29d53be2
book_7115e3ebf074e5cc,work_75d04754d8f1c16f,standalone,book_7115e3ebf074e5cc
book_4fb2a03f2c236bb1,work_e5783d6791f02630,standalone,book_4fb2a03f2c236bb1
book_fda1d2544ec6fc66,work_9719a2735e4e2db7,standalone,book_fda1d2544ec6fc66
book_0b05eab50a0f887e,work_32dab3486d8e8509,standalone,book_0b05eab50a0f887e
book_0353a6acdff51433,work_cec4bb83c68c1942,standalone,book_0353a6acdff51433
book_cf47c1eb8a9df55b,work_9f62bbf6e86e3624,standalone,book_cf47c1eb8a9df55b
book_8736a801eb12e7f7,work_96c62cf754960e6d,reconciled,book_8736a801eb12e7f7
book_fa8e3db3157b05cd,work_68a1ec7820bc785f,standalone,book_fa8e3db3157b05cd
book_f6b1c3b484917a65,work_29ee0c9ac3a97121,standalone,book_f6b1c3b484917a65
book_181b17a845410a93,work_0eb9c312d5d3ce53,standalone,book_181b17a845410a93
book_d6c0c1bd829583c6,work_854eefe271838218,standalone,book_d6c0c1bd829583c6
book_90efe12f675ad2be,work_d3bbe54230cdfcdc,standalone,book_90efe12f675ad2be
book_10333cc80afd1596,work_6d228845ffb4f992,standalone,book_10333cc80afd1596
book_2e084a8592c7cb6d,work_583fc3efee5dc6fe,standalone,book_2e084a8592c7cb6d
book_c6ddca729af26195,work_2b27855907514d73,standalone,book_c6ddca729af26195
book_66d244613b3a8091,work_107f01c7c44c5fb5,standalone,book_66d244613b3a8091
book_d4b503899724e960,work_23aa3b42a43a1fb1,standalone,book_d4b503899724e960
book_edd805819ffdc7cd,work_1058ec790c236d75,standalone,book_edd805819ffdc7cd
book_4b2a62e58cd3086c,work_a3fd86367501f522,standalone,book_4b2a62e58cd3086c
book_ae5e5a2a1e087eba,work_94aa05652a43153f,standalone,book_ae5e5a2a1e087eba
book_815ea628a1e16eb7,work_c67682a563920a36,standalone,book_815ea628a1e16eb7
book_15f7bcdbedf1bf31,work_59747f6a7d9f6935,standalone,book_15f7bcdbedf1bf31
book_af9f3905f9a99b85,work_4cad767fffeb0da3,standalone,book_af9f3905f9a99b85
book_cb0d892320ebe783,work_9986de812b6c21f4,standalone,book_cb0d892320ebe783
book_eb78942151c0c22f,work_2447b37c8e017ee4,standalone,book_eb78942151c0c22f
book_993c8d94936a77b2,work_a25deebc032e3b97,standalone,book_993c8d94936a77b2
book_8ce2046b0568ba10,work_ae0b4df1d6fb34e4,standalone,book_8ce2046b0568ba10
book_f6dece964d7a5a74,work_7b628bc6ae6766dd,standalone,book_f6dece964d7a5a74
book_2b5b3c4e6920c1b5,work_0c230e2a7c57816f,standalone,book_2b5b3c4e6920c1b5
book_7286f5195cdbd85f,work_4fb142a640758a61,standalone,book_7286f5195cdbd85f
book_a6b35cdd0e762d3f,work_280228234159ca13,standalone,book_a6b35cdd0e762d3f
book_e756c454ae074905,work_f880f525a24efeb9,standalone,book_e756c454ae074905
book_eb15076dc4dbb752,work_2283eb8599f88995,standalone,book_eb15076dc4dbb752
book_08a76271249bbe20,work_db5726e5e6dee7d6,standalone,book_08a76271249bbe20
book_ffb370a2c82c22ee,work_183345b900665265,standalone,book_ffb370a2c82c22ee
book_9519c4bfd29efab1,work_e6a087fb4b6ffe51,standalone,book_9519c4bfd29efab1
book_edf21ab963ec3e23,work_bd91160d94e78072,standalone,book_edf21ab963ec3e23
book_9d6a34639355c0b5,work_e58fb65f37d7ea97,standalone,book_9d6a34639355c0b5
book_1f6f1155a29dfe46,work_29ada91178e0ec41,standalone,book_1f6f1155a29dfe46
book_dcbe595d08041b57,work_5cc9ed69e4a74979,standalone,book_dcbe595d08041b57
book_b2f30d357bd91ac8,work_e41c45c768b7e5b8,standalone,book_b2f30d357bd91ac8
book_7a8ee2901b90bbbb,work_044aec7f92138695,standalone,book_7a8ee2901b90bbbb
book_2ec30bc1b36aa9e6,work_1d1288e42e07c346,standalone,book_2ec30bc1b36aa9e6
book_18a907b95cbac817,work_1597c7e9ec59f1bf,standalone,book_18a907b95cbac817
book_a0b1124cc0ab54da,work_03b6f9990b9bc7d3,standalone,book_a0b1124cc0ab54da
book_7b737e21bf13a4cb,work_8d743be4f789f28d,standalone,book_7b737e21bf13a4cb
book_a7eccb673a0e17d7,work_9ad2e104288840cf,standalone,book_a7eccb673a0e17d7
book_e918951115bdd802,work_fa5366d22c55a10f,standalone,book_e918951115bdd802
book_8f3ef8e052eb1f84,work_1b52ecea2011d64c,standalone,book_8f3ef8e052eb1f84
book_9a938467234009b8,work_3736dd31fd305ac8,standalone,book_9a938467234009b8
book_597f79682fe66aff,work_f3d218594c6504e7,standalone,book_597f79682fe66aff
book_49e5e7c5f23fce91,work_e40842ac3bbb61b6,standalone,book_49e5e7c5f23fce91
book_78d594dff5ec5c7e,work_51bea3025df2db5b,standalone,book_78d594dff5ec5c7e
book_9d6c8082c7fac28e,work_4c4fba5219966ffd,standalone,book_9d6c8082c7fac28e
book_d05db943a81dfe81,work_9b3bcc4110afcecc,standalone,book_d05db943a81dfe81
book_0d2feebbe9ed3f5f,work_953cbe6cfd83847f,standalone,book_0d2feebbe9ed3f5f
book_c7648135a00dc34e,work_c0895ad249f5e804,standalone,book_c7648135a00dc34e
book_f6535b69b1370ac8,work_4b21ef90496d950c,standalone,book_f6535b69b1370ac8
book_a0b6ef0920716eb3,work_ea61cd3eb9d8b3b1,standalone,book_a0b6ef0920716eb3
book_6068208081c05d53,work_73e55dc0d36ca348,standalone,book_6068208081c05d53
book_820e36ac735d1490,work_0fcd96b5e831b691,standalone,book_820e36ac735d1490
book_262daf73d60c7824,work_a4b2a8890c457ece,standalone,book_262daf73d60c7824
book_22f22936f870530f,work_a7206b492c4352d0,standalone,book_22f22936f870530f
book_ad439eaafb501bce,work_f8abf5ee836cd6e6,standalone,book_ad439eaafb501bce
book_9648f08a0db5ae7d,work_f36a7513edc45640,standalone,book_9648f08a0db5ae7d
book_252be2df02f7915a,work_c376847e36fa24ba,standalone,book_252be2df02f7915a
book_f7c824c6bac6b900,work_242d8214b98fcad4,standalone,book_f7c824c6bac6b900
book_80097ffc45970b3f,work_f1ac23660cd225fc,standalone,book_80097ffc45970b3f
book_ec6c34c40fd6b545,work_165037cd7c385b75,standalone,book_ec6c34c40fd6b545
book_f86fbeaad6ef66ab,work_bea453833a79a7f3,standalone,book_f86fbeaad6ef66ab
book_205527c6c787b5c6,work_2d03d7d70ab71c50,standalone,book_205527c6c787b5c6
book_2957c2dac0bca8d2,work_b68c02b2c8dce58b,standalone,book_2957c2dac0bca8d2
book_7ae4cc5e2911e860,work_b9216fdc731dba2e,standalone,book_7ae4cc5e2911e860
book_6c16b39d3008b461,work_f9ea117daa5ea72b,standalone,book_6c16b39d3008b461
book_ce5e6f84b054da31,work_4471924bef643051,standalone,book_ce5e6f84b054da31
book_4ae21c63e114e762,work_b5b3b88b86903ea5,standalone,book_4ae21c63e114e762
book_e03da3f8a43ef6b7,work_d87ee200fd8c7ddd,standalone,book_e03da3f8a43ef6b7
book_e36404b8079d6aa4,work_a6a433caa6f917f6,standalone,book_e36404b8079d6aa4
book_726790147ebc30f3,work_9bb0ad88a3cddfc4,standalone,book_726790147ebc30f3
book_461d2f762627185c,work_e688b0de0ef136ed,standalone,book_461d2f762627185c
book_22166a0d579555e1,work_e1aa6a854726dc20,standalone,book_22166a0d579555e1
book_cc1c1b5662fbf31f,work_4f76a2cab8520cfe,standalone,book_cc1c1b5662fbf31f
book_c6413906d5914371,work_4db8cbe180993221,standalone,book_c6413906d5914371
book_2e79324a252db218,work_25df0d7e9ee22fcc,standalone,book_2e79324a252db218
book_a5cce1d7a3df6243,work_95e70a51c6cb10d8,standalone,book_a5cce1d7a3df6243
book_cce2b5fa6ada479b,work_af1fb7c36538b48e,standalone,book_cce2b5fa6ada479b
book_c3f2e7c6e5ccc4ff,work_9d44feb1bb6b7d34,standalone,book_c3f2e7c6e5ccc4ff
book_cf700be8f71ebf62,work_46e373e0979faf82,standalone,book_cf700be8f71ebf62
book_92dddda66904de5c,work_2facc1361b2a03de,standalone,book_92dddda66904de5c
book_7b2e9d48d34a8c8f,work_35532481e668b2d9,standalone,book_7b2e9d48d34a8c8f
book_c887798978a04e04,work_0f971953f4266911,standalone,book_c887798978a04e04
book_fd1c95f8ca792f62,work_808aaf2f327534e8,standalone,book_fd1c95f8ca792f62
book_55770e641ffd1f21,work_fb8a69cff5c3d8b4,standalone,book_55770e641ffd1f21
book_aa51a17da965596d,work_96c62cf754960e6d,reconciled,book_8736a801eb12e7f7
book_fb884a94b470f9fe,work_afd0917ca41460de,standalone,book_fb884a94b470f9fe
book_cebc8d8beb821dec,work_9fdeaade53a09d4e,standalone,book_cebc8d8beb821dec
book_67788defa5914b39,work_852e64f32a261ffe,standalone,book_67788defa5914b39
book_216b5eb35c66c322,work_dbc3dce4781dbd93,standalone,book_216b5eb35c66c322
book_101b6947378a4ebb,work_bc4738cdf6e1728f,standalone,book_101b6947378a4ebb
book_9d2a9d5411b435d4,work_f77c8667990ac026,standalone,book_9d2a9d5411b435d4
book_5bf69ebb07d83ac6,work_695c1d8945e18854,standalone,book_5bf69ebb07d83ac6
book_0fb7b804a7311bce,work_dcacd127809eb064,standalone,book_0fb7b804a7311bce
book_42588cef940eeadf,work_078407db3172e155,standalone,book_42588cef940eeadf
book_5b8ba9fc41ca5fb8,work_3950190389756b8c,standalone,book_5b8ba9fc41ca5fb8
book_375f35f4785751e1,work_763b2d1c2e2b25f8,standalone,book_375f35f4785751e1
book_12651585aed92e97,work_e7d60f92572c4b9d,standalone,book_12651585aed92e97
book_320652a8f9174970,work_4d3569757aa8d118,standalone,book_320652a8f9174970
book_b144ead279905f20,work_c1e6f01eb678405f,standalone,book_b144ead279905f20
book_8ebbdfdd004e0681,work_f15ca0eac1ac0542,standalone,book_8ebbdfdd004e0681
book_00b2dac10bc9f48d,work_b5927261e8514ccf,standalone,book_00b2dac10bc9f48d
book_e7ca8e0ca871cc08,work_81a181e0ba9e1470,standalone,book_e7ca8e0ca871cc08
book_7bfad565a7f3ca3c,work_a2aca16cd702db0c,standalone,book_7bfad565a7f3ca3c
book_ed9d5aab019c2743,work_f3394746559ae4f3,standalone,book_ed9d5aab019c2743
book_3bcab5c928011a05,work_3b05d9d5d6accf99,standalone,book_3bcab5c928011a05
book_99001b014851dacc,work_ef6299a4d49f0fe3,standalone,book_99001b014851dacc
book_a609bab2be64cfb1,work_5d1e37805b36bffc,standalone,book_a609bab2be64cfb1
book_98f88d8d29a2ec83,work_82ef1774bae254dc,standalone,book_98f88d8d29a2ec83
book_613875c6662b4da5,work_e08c0fe03b5c6e79,standalone,book_613875c6662b4da5
book_3788cabefdd15c40,work_51df85dfcd0e5821,standalone,book_3788cabefdd15c40
book_e5f6404f3269f696,work_192f6ab6339262ae,standalone,book_e5f6404f3269f696
book_fba354572fff5299,work_36c484bf089c7108,standalone,book_fba354572fff5299
book_e59cd8b2290eefd7,work_c06746b324491f4e,standalone,book_e59cd8b2290eefd7
book_43b585633af7e9d3,work_8d124463cfe22fe3,standalone,book_43b585633af7e9d3
book_495438fd8753efd6,work_5883fb469246a2cf,standalone,book_495438fd8753efd6
book_9fba4aab8df63e7f,work_9f91b2a7a684a8a7,standalone,book_9fba4aab8df63e7f
book_bb8c2af3fe909fcc,work_a81be7e709cc1277,standalone,book_bb8c2af3fe909fcc
book_1f0f3cb30a0182e1,work_80bf303f0cce5949,standalone,book_1f0f3cb30a0182e1
book_d360e2aba3400279,work_a12795274846630a,standalone,book_d360e2aba3400279
book_80a27e319ea76a12,work_7ba892174df1dfcf,standalone,book_80a27e319ea76a12
book_52b68813514c1aca,work_f77715ec2ec91894,standalone,book_52b68813514c1aca
book_c5e41e3cda0d59ee,work_560621db9bd32884,standalone,book_c5e41e3cda0d59ee
book_347cdac300586160,work_e06ae7b309583ea0,standalone,book_347cdac300586160
book_cf2070bca1370aaf,work_6733e94daf29f040,standalone,book_cf2070bca1370aaf
book_dd8eaa03265dc21d,work_8504ab82cbda16b9,standalone,book_dd8eaa03265dc21d
book_de13cf56505c18ef,work_bec611b4185418c0,standalone,book_de13cf56505c18ef
book_fb72466f64680a19,work_7f1f1ff9fe000a1a,standalone,book_fb72466f64680a19
book_b899d4ff431ccf7b,work_0fb865516411d9be,standalone,book_b899d4ff431ccf7b
book_8dc6ae7fc7cbe0ce,work_178229475c5e398c,standalone,book_8dc6ae7fc7cbe0ce
book_99f833607884dd07,work_c913cebfff707b4b,standalone,book_99f833607884dd07
book_d0a8368f0cf2ecb5,work_a681bb73fc934c13,standalone,book_d0a8368f0cf2ecb5
book_8ba7c2d21b7c4b22,work_947b54d7a8186632,standalone,book_8ba7c2d21b7c4b22
book_2acb17558c7aa339,work_522ae6bc232bcfe2,standalone,book_2acb17558c7aa339
book_53bb22ef2b579ea0,work_ba76de9a26d361e0,standalone,book_53bb22ef2b579ea0
book_73dccb20f64af580,work_e0e36e30fc771895,standalone,book_73dccb20f64af580
book_e812c9c8928eba25,work_098d9a9b090e9bac,standalone,book_e812c9c8928eba25
book_4c021aa288de81b6,work_db57a133aaa6794a,standalone,book_4c021aa288de81b6
book_4fa8281a0014c8a4,work_f9e7513cb3c19540,standalone,book_4fa8281a0014c8a4
book_c066592f80bac805,work_bc9359e8b3948385,standalone,book_c066592f80bac805
book_77570ea2de58d4b0,work_c657b11ec95450c2,standalone,book_77570ea2de58d4b0
book_c0b737084a7dcf3a,work_9201038df84b446a,standalone,book_c0b737084a7dcf3a
book_74b6922b4507045c,work_8377ae8a362efb9a,standalone,book_74b6922b4507045c
book_330f2c4480e7f940,work_efc643863a9f70b6,standalone,book_330f2c4480e7f940
book_0a8ae00d02c02591,work_6a519e5e31c363b7,standalone,book_0a8ae00d02c02591
book_ddaaf18fe12ea389,work_a787b6fc0a5f5758,standalone,book_ddaaf18fe12ea389
book_79a634990418f104,work_1378152c33e181fe,standalone,book_79a634990418f104
book_2527cc1067caec28,work_3a5b615815ab951d,standalone,book_2527cc1067caec28
book_35d965bdaf5d096c,work_80879e9a385d2d2c,standalone,book_35d965bdaf5d096c
book_174a5261fa0ec0ee,work_8253a6f431fb77b7,standalone,book_174a5261fa0ec0ee
book_83c121f91d89ddd6,work_81c55b7c177fb55c,standalone,book_83c121f91d89ddd6
book_154212779718d315,work_9bd3c3a78d815af9,standalone,book_154212779718d315
book_49029e4039056a0d,work_fb79af4c7808cf36,standalone,book_49029e4039056a0d
book_f306273d601a27c5,work_7e4c18e5f5ff4e3a,standalone,book_f306273d601a27c5
book_80805ee968005f1e,work_0fe62043deca57cb,standalone,book_80805ee968005f1e
book_545c8b4ae0c38a83,work_31155aacb9d81c20,standalone,book_545c8b4ae0c38a83
book_12e0f667a2ddd23e,work_98d6aa2ae524519c,standalone,book_12e0f667a2ddd23e
book_9511fd51c26d7b71,work_bead39545747f572,standalone,book_9511fd51c26d7b71
book_d21c4a7f182704fc,work_bbdc065dc1fd5ca9,standalone,book_d21c4a7f182704fc
book_106cbb5415fe887b,work_277457cd99f7105a,standalone,book_106cbb5415fe887b
book_243a86dfb4114095,work_28d1b89297bb9971,standalone,book_243a86dfb4114095
book_7ca717b72ad43371,work_0e5f23c70f0ac575,standalone,book_7ca717b72ad43371
book_c7090fe2e9bc6237,work_77ade3c62836acc9,standalone,book_c7090fe2e9bc6237
book_1ccf7780331c92b3,work_1f5ea41df0eb5d3a,standalone,book_1ccf7780331c92b3
book_7b8ffac10e130fb7,work_48f9baf5129eec57,standalone,book_7b8ffac10e130fb7
book_fe524b384b00ec6a,work_00abf9c4b9344cde,standalone,book_fe524b384b00ec6a
book_fb4d52f514dc2fec,work_bbb9910e739acbf9,standalone,book_fb4d52f514dc2fec
book_41f81946dfb55100,work_64f99b39c9c3350a,standalone,book_41f81946dfb55100
book_0d41c021e48530d2,work_cb2d032155b7c3bb,standalone,book_0d41c021e48530d2
book_fc1daee2cd2c00ac,work_218e965f4aaa2ea6,standalone,book_fc1daee2cd2c00ac
book_ea1f1bdfc64951b9,work_4913cacac67b2519,standalone,book_ea1f1bdfc64951b9
book_4195b55c1ef80a1c,work_1e66656a9153af07,standalone,book_4195b55c1ef80a1c
book_47260db1082eaff6,work_c907f6e4dd12c162,standalone,book_47260db1082eaff6
book_1be90325acb21bdd,work_af7d0d9a3b617b22,standalone,book_1be90325acb21bdd
book_aaa9afd38c727437,work_f715edd81a6a266b,standalone,book_aaa9afd38c727437
book_136b90e3dec2b9fc,work_ec6463e1494aabc3,standalone,book_136b90e3dec2b9fc
book_171b8d19d754de64,work_ef5d2a23148cfdcf,standalone,book_171b8d19d754de64
book_4b8cb9e5ebf98dd5,work_c9037629e83fe491,standalone,book_4b8cb9e5ebf98dd5
book_dc220c2b7d8de677,work_a301092d52a679cf,standalone,book_dc220c2b7d8de677
book_87a250643d9db5c7,work_193ec1d599e6db15,standalone,book_87a250643d9db5c7
book_178041fc6dbf5a14,work_e809526479a7fd0b,standalone,book_178041fc6dbf5a14
book_19f42dbc0faec7f1,work_258c0af1ed8d85dd,standalone,book_19f42dbc0faec7f1
book_f68a9238e7989ed7,work_8429d01a4856a377,standalone,book_f68a9238e7989ed7
book_5be2002124be2692,work_51e64ea2708ddb78,standalone,book_5be2002124be2692
book_82360a678b9365fc,work_63bf8bcef18429f2,standalone,book_82360a678b9365fc
book_24e54fdbe55ea4a2,work_9952771b5df2084f,standalone,book_24e54fdbe55ea4a2
book_43a029cc8de826d4,work_838590074ee60a37,standalone,book_43a029cc8de826d4
book_41bb70e39e0ccb95,work_c2ae1c0e2619193b,standalone,book_41bb70e39e0ccb95
book_836862604adcd3af,work_8ffe69961871adf6,standalone,book_836862604adcd3af
book_3aeb42f30aad2b01,work_677ba3629928e78a,standalone,book_3aeb42f30aad2b01
book_90f74c39e434fbfd,work_5af89ecc91ece161,standalone,book_90f74c39e434fbfd
book_c2c0fc87aee2ac2e,work_52aa08ba8ef08b46,standalone,book_c2c0fc87aee2ac2e
book_2e38f6c461923c9b,work_d6b01bdba87d565f,standalone,book_2e38f6c461923c9b
book_661868db2246c907,work_0f33289e407137a8,standalone,book_661868db2246c907
book_b724a6a1448c52ff,work_ed48728b54bae6f2,standalone,book_b724a6a1448c52ff
book_ba886f6551105c6f,work_249cc997d9eaae3d,standalone,book_ba886f6551105c6f
book_36fd6b7e4dab2934,work_a7330f91203f0ecd,standalone,book_36fd6b7e4dab2934
book_99f539904edc0e74,work_37d958ca7c898476,standalone,book_99f539904edc0e74
book_a32fc85e0e998981,work_f88bbd33570e169d,standalone,book_a32fc85e0e998981
book_ce93b7b263f824c7,work_a4d2e2d42567fa6a,standalone,book_ce93b7b263f824c7
book_24baedd0c8dfecce,work_cee013d79baf108c,standalone,book_24baedd0c8dfecce
book_737fadad4913c668,work_0a800f16dd6001ac,standalone,book_737fadad4913c668
book_d57f5d600efd733f,work_0f41348d69bd8dd5,standalone,book_d57f5d600efd733f
book_58f509d353201296,work_95605c37adf8ea54,standalone,book_58f509d353201296
book_2f8740a12e2ca8f2,work_dff190af90fca470,standalone,book_2f8740a12e2ca8f2
book_47b17a2d36883545,work_0c65b5e7dc67e5d2,standalone,book_47b17a2d36883545
book_6508dd725997129e,work_678a4b6b18f22e67,standalone,book_6508dd725997129e
book_9b49b2879f5fac24,work_0940ff6afe3e7633,standalone,book_9b49b2879f5fac24
book_ae7dd465112f56dd,work_49545b5664e584e0,standalone,book_ae7dd465112f56dd
book_b4dc9dcdd42513ec,work_31b20381c61c6244,standalone,book_b4dc9dcdd42513ec
book_472eb9123c8d469d,work_072cd73765773808,standalone,book_472eb9123c8d469d
book_29d7d56e4678366c,work_1d10869ce90053c0,standalone,book_29d7d56e4678366c
book_a0fc6f42baf5563a,work_2361faf99c05a108,standalone,book_a0fc6f42baf5563a
book_a6307b9ee863d610,work_b99d03b107000ee4,standalone,book_a6307b9ee863d610
book_29fb0fcc6bdf0b1b,work_753830fa933412f3,standalone,book_29fb0fcc6bdf0b1b
book_85275292596a71db,work_15002753a8d885d8,standalone,book_85275292596a71db
book_064f2771f6387370,work_7f8d430dc3ce2749,standalone,book_064f2771f6387370
book_028a98cc0b0843d0,work_8f2743a6b73865f8,standalone,book_028a98cc0b0843d0
book_f468b0b8534aa7dc,work_14cdbc8dab20a3be,standalone,book_f468b0b8534aa7dc
book_66311da453220001,work_b0726991e2a59734,standalone,book_66311da453220001
book_8a7ad2c15296caba,work_2f501f94cc049650,standalone,book_8a7ad2c15296caba
book_9ee9fff9dee2534b,work_0b6e75916e945f96,standalone,book_9ee9fff9dee2534b
book_6c5888fb330184a0,work_c2770fd74d5920bd,standalone,book_6c5888fb330184a0
book_6c0a32ecb0247368,work_28c6d94febf0e800,standalone,book_6c0a32ecb0247368
book_3bd6d93e89ab72f6,work_8bfc7ef65661b9c1,standalone,book_3bd6d93e89ab72f6
book_a6d04dfaf0f9c750,work_df00a791a304c8ae,standalone,book_a6d04dfaf0f9c750
book_82e39a4b616258d1,work_7152887178176821,standalone,book_82e39a4b616258d1
book_02d6f3707770fd7f,work_4cea2b16ea6075a9,standalone,book_02d6f3707770fd7f
book_e22a59e3bce8f5ab,work_6d5a81cee03a1bf3,standalone,book_e22a59e3bce8f5ab
book_0341e75edd81937a,work_3da8046941ba00ca,standalone,book_0341e75edd81937a
book_e2f6cdcdbf184eee,work_aadd419a415b39af,standalone,book_e2f6cdcdbf184eee
book_541f75961981ca0a,work_836d17cc0d630ad3,standalone,book_541f75961981ca0a
book_2295bc4efb989170,work_98f9b0528e336509,standalone,book_2295bc4efb989170
book_7b75703fff4160d0,work_e95a82bb2e87be60,standalone,book_7b75703fff4160d0
book_502964e2907b545b,work_22bd52184b9781eb,standalone,book_502964e2907b545b
book_c60098184a7ba3d5,work_e2bd5a93a434b787,standalone,book_c60098184a7ba3d5
book_7ef9093c602d57c9,work_6313c6ef7f913609,standalone,book_7ef9093c602d57c9
book_83c8f21685a301a2,work_9f2a94c5ab3f4340,standalone,book_83c8f21685a301a2
book_394eb5da57f9cdd1,work_6c940b952d3d86a4,standalone,book_394eb5da57f9cdd1
book_5befe6045b6a8096,work_f5f00d1dbe70b767,standalone,book_5befe6045b6a8096
book_38e2f52721182c3e,work_b9385c6b789ad968,standalone,book_38e2f52721182c3e
book_062916d5c9f62ec3,work_efc04a4ad62ea1b5,standalone,book_062916d5c9f62ec3
book_dbc7db08edf053ad,work_c107b3d4b0cde221,standalone,book_dbc7db08edf053ad
book_ab08141d3798b4f4,work_cc4a2fab084a49e0,standalone,book_ab08141d3798b4f4
book_6171000cb62c387c,work_97e92a03a11e4252,standalone,book_6171000cb62c387c
book_84bd7ae2eb9f9e76,work_d71d6c1d1dde6233,standalone,book_84bd7ae2eb9f9e76
book_448807c9ba37cf29,work_7af887971a25535b,standalone,book_448807c9ba37cf29
book_bf2479173f87ffc9,work_b61366284a0a8046,standalone,book_bf2479173f87ffc9
book_42e9fa16f92dc650,work_c29fbecb4ba0f503,standalone,book_42e9fa16f92dc650
book_42989c16fad78c05,work_240867779e8f97aa,standalone,book_42989c16fad78c05
book_6bbbba9adf7966ee,work_556ce8508687e6c7,standalone,book_6bbbba9adf7966ee
book_1f2880bda1ff6031,work_a2e99f8a51227507,standalone,book_1f2880bda1ff6031
book_14258d8adfac52a9,work_4f73db7522bc8104,standalone,book_14258d8adfac52a9
book_1727b8e289c3f5bb,work_1b68210a128b45d3,standalone,book_1727b8e289c3f5bb
book_1f6bb045256870cd,work_808becb3d99f4c76,standalone,book_1f6bb045256870cd
book_3a4a8d9b85e941dc,work_d76d5dffe4334472,standalone,book_3a4a8d9b85e941dc
book_73ac82937d2d7713,work_836c71156f890b8a,standalone,book_73ac82937d2d7713
book_1f0490148e9685d6,work_c97013f8f5348071,standalone,book_1f0490148e9685d6
book_94344f043a808520,work_22b4a87cffb6fca1,standalone,book_94344f043a808520
book_5cca494f1de71804,work_0cb9e5b414947c7e,standalone,book_5cca494f1de71804
book_271bff4671a9e00f,work_2d8a10c42b1cc291,standalone,book_271bff4671a9e00f
book_a7db060e2ef08553,work_a1822da022a682ac,standalone,book_a7db060e2ef08553
book_e5d1fe71e725ffe9,work_5ac2d4d1765457d4,standalone,book_e5d1fe71e725ffe9
book_c96da0818dd7189c,work_32705db51c67b6bb,standalone,book_c96da0818dd7189c
book_da063f32fa18c23f,work_9489fd15a872e421,standalone,book_da063f32fa18c23f
book_ee0deebbcb6444fa,work_3348a832c203c5f3,standalone,book_ee0deebbcb6444fa
book_a1793dca2326aa46,work_8c546155d58c8f4f,standalone,book_a1793dca2326aa46
book_51117bb7c3d1717e,work_30bb6448f54cc7b0,standalone,book_51117bb7c3d1717e
book_1d34d35f05a689d3,work_0890e8f08830f75e,standalone,book_1d34d35f05a689d3
book_1a8aa51e8320c069,work_fc20594bbc5d22d4,standalone,book_1a8aa51e8320c069
book_f5d0d7d73a3099c9,work_8a34a8fe91f8bdff,standalone,book_f5d0d7d73a3099c9
book_a377f5fa53a90106,work_433dfdececae9689,standalone,book_a377f5fa53a90106
book_f6ee24c34f1d94da,work_aad9ca7f33caaacd,standalone,book_f6ee24c34f1d94da
book_12bde776c64a1565,work_738836c145c41841,standalone,book_12bde776c64a1565
book_3434c415c75a7b17,work_bbc09dddca67cfde,standalone,book_3434c415c75a7b17
book_6bdb56f4ae7aa0ea,work_722f8267f177607b,standalone,book_6bdb56f4ae7aa0ea
book_18e34f2efbd66cfe,work_8f0aa29ed27d9f27,standalone,book_18e34f2efbd66cfe
book_bb1041c072afe015,work_3b8d49821ede374a,standalone,book_bb1041c072afe015
book_036a5f8705d8c0a3,work_d9f234c7513d358f,standalone,book_036a5f8705d8c0a3
book_9c7becc494c1e7f8,work_6d3e2b53a7cdd258,standalone,book_9c7becc494c1e7f8
book_6c54df5fbbf47f4d,work_2c68d9f9bcf9edb9,standalone,book_6c54df5fbbf47f4d
book_1a73677bda3e2210,work_c0d3429981c26143,standalone,book_1a73677bda3e2210
book_507c0840abdd16ca,work_1c25d32ebe465d73,standalone,book_507c0840abdd16ca
book_9a625977f5fdf333,work_2ae4ffea47017497,standalone,book_9a625977f5fdf333
book_5e80f32a92b85b9a,work_4c25905dec7e16a8,standalone,book_5e80f32a92b85b9a
book_4ca980ecda6d679b,work_145973cab5c3b8b6,standalone,book_4ca980ecda6d679b
book_38950f632bb3a959,work_31b7095f38ad5b2a,standalone,book_38950f632bb3a959
book_d8ab2a3d2b4dd7b4,work_8f229a913970e1de,standalone,book_d8ab2a3d2b4dd7b4
book_f392483b7fdeea75,work_961ec1a078fdfe8f,standalone,book_f392483b7fdeea75
book_bcd656bcc7f8ca3d,work_73d6829f400e1fbe,standalone,book_bcd656bcc7f8ca3d
book_027329fe29d467d6,work_85b5b61e645159bb,standalone,book_027329fe29d467d6
book_002e301b35d9dcba,work_5f9e18d1afa2d16f,standalone,book_002e301b35d9dcba
book_2df3ca6d9da9ac03,work_b420f462022a54c8,standalone,book_2df3ca6d9da9ac03
book_11d14aa2472ae51a,work_fca438ea349bde3f,standalone,book_11d14aa2472ae51a
book_b0f951cf141a7605,work_b36ca43356bbd724,standalone,book_b0f951cf141a7605
book_c6feb09f3153d7d3,work_2002f144fb3f4135,standalone,book_c6feb09f3153d7d3
book_3bc67020ac12fabe,work_eac90d31a89c6929,standalone,book_3bc67020ac12fabe
book_b823dccbf3ebcc9f,work_b6e836bce3c42293,standalone,book_b823dccbf3ebcc9f
book_a0c8979bd823baea,work_2da2edfe3b35f446,standalone,book_a0c8979bd823baea
book_955b4cebdea5e0f1,work_e53574ec925e0e8e,standalone,book_955b4cebdea5e0f1
book_23742b508a791791,work_ee4c0452dbc223e7,standalone,book_23742b508a791791
book_7201ec1d3558b7ca,work_d9fcb38bb4d170e3,standalone,book_7201ec1d3558b7ca
book_388ff4c482cb7063,work_7983332ec1e8ee76,standalone,book_388ff4c482cb7063
book_e347db1305016c94,work_fa1e2864751b9797,standalone,book_e347db1305016c94
book_fe23b12e80870181,work_92625e806682ed9d,standalone,book_fe23b12e80870181
book_f8202accb8ca0593,work_38afb648c3ceea0b,standalone,book_f8202accb8ca0593
book_2c4374a207bfbe88,work_a76d855bf815ff6d,standalone,book_2c4374a207bfbe88
book_e91676dc8f493d4a,work_6460c28dbc964ff9,standalone,book_e91676dc8f493d4a
book_63a06456a1a01b64,work_d81b006fd3a6e66f,standalone,book_63a06456a1a01b64
book_560a466d1e4685e4,work_6048f981e39c43c6,standalone,book_560a466d1e4685e4
book_4598456962eb868f,work_f5669081c88c622b,standalone,book_4598456962eb868f
book_4ee48df99f0db5e2,work_7864be710665c935,standalone,book_4ee48df99f0db5e2
book_5dc6253c33231e91,work_67da234ea7bbc899,standalone,book_5dc6253c33231e91
book_5a85e7c20d6ec01f,work_ec7c67597b0f5112,standalone,book_5a85e7c20d6ec01f
book_3af1d701481d74d7,work_42b86bbead0ed740,standalone,book_3af1d701481d74d7
book_cb33995374c1c000,work_75a15f75dd84db44,standalone,book_cb33995374c1c000
book_05697fabaa75dc64,work_cabb05c792b4d060,standalone,book_05697fabaa75dc64
book_49e4f122a6ef63e6,work_727023d371298185,standalone,book_49e4f122a6ef63e6
book_a04b0534a8e4a18a,work_fdec87576c10dc64,standalone,book_a04b0534a8e4a18a
book_42f3e5275ce06bf0,work_73cc3440c46f55f0,standalone,book_42f3e5275ce06bf0
book_b3ead7487fbd7543,work_d86d7e19ce0cdeb3,standalone,book_b3ead7487fbd7543
book_24d2501e05599ccb,work_14e14d2ee3dbf175,standalone,book_24d2501e05599ccb
book_43216df63238c1a1,work_8c826cbea1bbe15c,standalone,book_43216df63238c1a1
book_2b281e6536de8beb,work_50a05d563eb9cc62,standalone,book_2b281e6536de8beb
book_61af6903939e5922,work_62add38b346cacab,standalone,book_61af6903939e5922
book_4957e25f2a7869e7,work_ea7f8ed91e0b82b9,standalone,book_4957e25f2a7869e7
book_8f87d1de11de024e,work_141e0d5b43825b25,standalone,book_8f87d1de11de024e
book_547a7abefe611fa7,work_4633f3b469fd6f07,standalone,book_547a7abefe611fa7
book_2cdea2a4554b6af7,work_76fe52e7bae42ee9,standalone,book_2cdea2a4554b6af7
book_1ab9fe205b15befb,work_d66306cc19ba51c1,standalone,book_1ab9fe205b15befb
book_39ddfc470e5dab35,work_1d0e589dc1fa21fd,standalone,book_39ddfc470e5dab35
book_2d174aee86ff7cff,work_4c5dd5ca0b70f8c7,standalone,book_2d174aee86ff7cff
book_01a46bb5540c12a6,work_586e11af6f161265,standalone,book_01a46bb5540c12a6
book_b666fb9d65abcf56,work_fe2fa814274c55d2,standalone,book_b666fb9d65abcf56
book_8fab89d43e275cd1,work_c4512c26734b5aaa,standalone,book_8fab89d43e275cd1
book_431be797b1627c46,work_b02655dae1e39a66,standalone,book_431be797b1627c46
book_e57254b8ac3101c8,work_30681d7fc7fe22d4,standalone,book_e57254b8ac3101c8
book_6cdb01ac201063be,work_cd052fe256086a70,standalone,book_6cdb01ac201063be
book_e226487ff4b75760,work_6272faf36cbefb0f,standalone,book_e226487ff4b75760
book_d9421cd81f3f2a9e,work_4d5271c6ff81f489,standalone,book_d9421cd81f3f2a9e
book_7bc513c797654467,work_2bfa1d7ce93966b1,standalone,book_7bc513c797654467
book_a64c5e55edcfabab,work_62d25e028361785f,standalone,book_a64c5e55edcfabab
book_9f0ff68367f777c7,work_0a666ec1e32aaabd,standalone,book_9f0ff68367f777c7
book_ae041aee30b0d8ee,work_b0751218aa010769,standalone,book_ae041aee30b0d8ee
book_0551d86019bd6d98,work_00467a6757e982a7,standalone,book_0551d86019bd6d98
book_88d34bdb86f0dd6d,work_c1cc16d26c74eaf1,standalone,book_88d34bdb86f0dd6d
book_4591ba7a95fa21ba,work_57ef88c702291347,standalone,book_4591ba7a95fa21ba
book_0af4c8bcc9a86c7c,work_a3b7687dc5c6c228,standalone,book_0af4c8bcc9a86c7c
book_35885fbe36601355,work_34aa10378b09b151,standalone,book_35885fbe36601355
book_ca6b2e6973e825e5,work_db7408e1cde6e814,standalone,book_ca6b2e6973e825e5
book_1213cf9adc93e147,work_eac116f9e14786d1,standalone,book_1213cf9adc93e147
book_8c16485da6185c3a,work_51ab8d8d34607320,standalone,book_8c16485da6185c3a
book_f9760a34800b46e5,work_462e6ec87590cc6e,standalone,book_f9760a34800b46e5
book_72321c203b960457,work_8a4cce533a48120b,standalone,book_72321c203b960457
book_3f484f2ee9101727,work_39c37cfedd643fa3,standalone,book_3f484f2ee9101727
book_e53569300a136823,work_ab4ea57703adb3d6,standalone,book_e53569300a136823
book_3cf8a011486b59f1,work_fdb76babdc0da3a8,standalone,book_3cf8a011486b59f1
book_c39954913a720698,work_e84d81afd8dda3b1,standalone,book_c39954913a720698
book_5160afa8ad3e14c0,work_753b7ca70a8e36a0,standalone,book_5160afa8ad3e14c0
book_0c60b77ca831930c,work_a509768b97262c1d,standalone,book_0c60b77ca831930c
book_6df75b173f41bf7a,work_fdf1ec97d5ffaa3e,standalone,book_6df75b173f41bf7a
book_afd84ecb720928e9,work_f9160c39c0c56b87,standalone,book_afd84ecb720928e9
book_d5af4479b4b0ea34,work_43a2f93baa80ba67,standalone,book_d5af4479b4b0ea34
book_c0679b9a42d099d3,work_eb6ced6a76eef9cb,standalone,book_c0679b9a42d099d3
book_d4be31edf722a4d5,work_9abe2b1fb0a8ffcb,standalone,book_d4be31edf722a4d5
book_3b834342ee620dec,work_81aeaa8180860ff7,standalone,book_3b834342ee620dec
book_3e2f88f6b84d723e,work_dc2847301e9ee792,standalone,book_3e2f88f6b84d723e
book_35a4441dd3f59a5c,work_70f05477b66272ca,standalone,book_35a4441dd3f59a5c
book_6617dfc02389e689,work_7b65482ad6f97951,standalone,book_6617dfc02389e689
book_1244e216fed22593,work_8ca91d756209c21d,standalone,book_1244e216fed22593
book_a2a75a98f2c8f635,work_d9ec5bfe3af320be,standalone,book_a2a75a98f2c8f635
book_995635953404fbb3,work_34e22c156c66243d,standalone,book_995635953404fbb3
book_b3fd94da1f5c99f4,work_c64a4c8bfd16e216,standalone,book_b3fd94da1f5c99f4
book_0f36c9517e09f034,work_cb22d3d19585e843,standalone,book_0f36c9517e09f034
book_e166b7affa9975cc,work_788c56cb7ba718a5,standalone,book_e166b7affa9975cc
book_2e22e9aaf6ae14d0,work_8d21e4bab524a235,standalone,book_2e22e9aaf6ae14d0
book_ec76e4364269629d,work_0bc61c5b1de79221,standalone,book_ec76e4364269629d
book_1f9e9d3b864bb738,work_6be5a7d3d70bf40b,standalone,book_1f9e9d3b864bb738
book_c18986625e06386b,work_8b071678432e9078,standalone,book_c18986625e06386b
book_9679257178ab8162,work_7376ac7fbb9001ec,standalone,book_9679257178ab8162
book_a573a49b4236f617,work_fd4450bc2930c129,standalone,book_a573a49b4236f617
book_b4a8932f935f3315,work_f541667c77f2d587,standalone,book_b4a8932f935f3315
book_c58a1a7cdd232626,work_f124997214f45674,standalone,book_c58a1a7cdd232626
book_3e70257e874fafe1,work_89873b93e6e15676,standalone,book_3e70257e874fafe1
book_ad8e074a1b78286f,work_3bdb54cf2718cf37,standalone,book_ad8e074a1b78286f
book_bcfc87903ceffb87,work_691e823d51f43a37,standalone,book_bcfc87903ceffb87
book_b2093ded8e908f84,work_864f31b95f80ec61,standalone,book_b2093ded8e908f84
book_5e2aebdc3b24c966,work_79a471fd32a29967,standalone,book_5e2aebdc3b24c966
book_42209cf853c5ca9b,work_0e6907b606f5d704,standalone,book_42209cf853c5ca9b
book_a8c35aa887b45f19,work_d9ac12a390015a4f,standalone,book_a8c35aa887b45f19
book_5d359352a996d178,work_cafdde645f30507a,standalone,book_5d359352a996d178
book_8fb10b3438eb4f32,work_e6581f6339767836,standalone,book_8fb10b3438eb4f32
book_bc6385d43758beec,work_64c8ed2ce0d70179,standalone,book_bc6385d43758beec
book_126ede1d21ab1ab0,work_9699d847a6c532fb,standalone,book_126ede1d21ab1ab0
book_f7e2b65224308d1a,work_bd4ae8e063b5c6e5,standalone,book_f7e2b65224308d1a
book_38a3e1cf4b1e6ee7,work_a8a26a96d166c7f0,standalone,book_38a3e1cf4b1e6ee7
book_b030ee08eb3ab6bb,work_0e27a6512558105c,standalone,book_b030ee08eb3ab6bb
book_86a9e70f0352c161,work_229dbc8bebf3480a,standalone,book_86a9e70f0352c161
book_fc376fc50de68fa3,work_a68713f266fa5a7e,standalone,book_fc376fc50de68fa3
book_3d052b7d67b9b79e,work_46170d8182ac6dec,standalone,book_3d052b7d67b9b79e
book_44522e1c914dd280,work_35b3778fff42862b,standalone,book_44522e1c914dd280
book_9d35703f92c6e1a2,work_f7a770bd47c745d3,standalone,book_9d35703f92c6e1a2
book_39e0b0e099e8da46,work_bc6c30233958e79c,standalone,book_39e0b0e099e8da46
book_92be5fb6385ec4c9,work_e6adf2561fc26c89,standalone,book_92be5fb6385ec4c9
book_4363f9ce2567ec45,work_75ccf2b5494e9df6,standalone,book_4363f9ce2567ec45
book_c5391e944ee53f80,work_990b1640f83c6ce5,standalone,book_c5391e944ee53f80
book_1d75daec74527bde,work_8d47240caa209ac0,standalone,book_1d75daec74527bde
book_5d639b11c056a044,work_688f056d1268093a,standalone,book_5d639b11c056a044
book_0bc11b8e0bdf6fdc,work_8415b8f7f9600dbf,standalone,book_0bc11b8e0bdf6fdc
book_2f6a6b2785a41886,work_daed374ff3ff0a3c,standalone,book_2f6a6b2785a41886
book_364fc77bae8fad5b,work_fd4d45c8af9e4041,standalone,book_364fc77bae8fad5b
book_7f6f8b014bef221b,work_4612ea0472d62d22,standalone,book_7f6f8b014bef221b
book_ebf560b2a59cde0b,work_1cade34e42c34c50,standalone,book_ebf560b2a59cde0b
book_a7e38b786db0aba5,work_8fdb183923e44dc3,standalone,book_a7e38b786db0aba5
book_3ae2dbda7e35969a,work_3940875b97d24c8d,standalone,book_3ae2dbda7e35969a
book_851a66772a96cb7f,work_ee7330a7e8b8a8bd,standalone,book_851a66772a96cb7f
book_81802f6e9cee31f2,work_6da0c2f40d56f88b,standalone,book_81802f6e9cee31f2
book_fbac83e321e3a835,work_9775e712a420e8a8,standalone,book_fbac83e321e3a835
book_f5947a784ae514ed,work_713a21d609ac5168,standalone,book_f5947a784ae514ed
book_e2e2b859080cce03,work_ded2cdabbb22d4b2,standalone,book_e2e2b859080cce03
book_d8be47df975948fc,work_03180fc1816a6190,standalone,book_d8be47df975948fc
book_3f7b389fe8dfba97,work_be78a22b005cc76b,standalone,book_3f7b389fe8dfba97
book_8c5afcc9c8904844,work_8065f0a8fa2478c9,standalone,book_8c5afcc9c8904844
book_049bbc4a7ce78b8f,work_bc397f54b8b53d50,standalone,book_049bbc4a7ce78b8f
book_a3140c53bdb7f5ab,work_db90e80f83847e25,standalone,book_a3140c53bdb7f5ab
book_e7b020cd138dd2ab,work_49a887a496c67602,standalone,book_e7b020cd138dd2ab
book_f7e7f3153e978eae,work_d02acc733c769b04,standalone,book_f7e7f3153e978eae
book_ead04decd82c67a9,work_8978c711194aba28,standalone,book_ead04decd82c67a9
book_b38c61f8fbec8ae7,work_34c2b640ff311f08,standalone,book_b38c61f8fbec8ae7
book_38f47ad2ebb82bdf,work_8db9d49af7cbeb6e,standalone,book_38f47ad2ebb82bdf
book_559d949fd3989478,work_cc761ffee68f3b47,standalone,book_559d949fd3989478
book_84e4d0fa56f9f1d7,work_df30d52c10159b7f,standalone,book_84e4d0fa56f9f1d7
book_2caab99cf10ebdd3,work_c23c899bd88449d9,standalone,book_2caab99cf10ebdd3
book_e18526f8fa324fa8,work_813121a6d1a23bce,standalone,book_e18526f8fa324fa8
book_9b94e53de3761d64,work_75bf1945bd79e36c,standalone,book_9b94e53de3761d64
book_2f563b725536a1d0,work_1eb0297c30bec4b0,standalone,book_2f563b725536a1d0
book_85795e8574b4888b,work_4b74637698876fd9,standalone,book_85795e8574b4888b
book_ccff397016ef1e90,work_368abd317dbc2a60,standalone,book_ccff397016ef1e90
book_5dd112fea21839f5,work_2f6d7481298d4761,standalone,book_5dd112fea21839f5
book_54d6cbffec3e0c98,work_a576f22ea5d13e9f,standalone,book_54d6cbffec3e0c98
book_9c3e6f6985ed05ac,work_f32cce2a1f7d9406,standalone,book_9c3e6f6985ed05ac
book_70d538a082856169,work_db66aa701fe6b68c,standalone,book_70d538a082856169
book_958a9a6d62b94dee,work_dd67f3e7d4801609,standalone,book_958a9a6d62b94dee
book_a5ffb1a34b6a292f,work_5bde5d8d9f6e3804,standalone,book_a5ffb1a34b6a292f
book_acc971c8dfc6e069,work_634a997f84db3e44,standalone,book_acc971c8dfc6e069
book_919899e11b563b54,work_374fea957f1b1386,standalone,book_919899e11b563b54
book_cf52e8b89f0fac50,work_cec46700c0725623,standalone,book_cf52e8b89f0fac50
book_1c5764d446982401,work_18be8e9c6ab0ff6d,standalone,book_1c5764d446982401
book_89fdfe6c9dddd07b,work_2ad0c24ca7e1a2be,standalone,book_89fdfe6c9dddd07b
book_abc06b7ea02c24f9,work_2b07420cb3eeff95,standalone,book_abc06b7ea02c24f9
book_df7d8dbe2fb3fbec,work_88b63553d1dc3b91,standalone,book_df7d8dbe2fb3fbec
book_b57564050b4a3fd6,work_272bc893607950b2,standalone,book_b57564050b4a3fd6
book_505c3129f1045310,work_02fc25aa86b389da,standalone,book_505c3129f1045310
book_625fc09be7686385,work_6e74feb8a76431f2,standalone,book_625fc09be7686385
book_1ff31ede7622cd73,work_4997c1b6d5222409,standalone,book_1ff31ede7622cd73
book_88bf025bcb749cdb,work_4f9e04ead4f90320,standalone,book_88bf025bcb749cdb
book_03a24514c4d41cd2,work_6e74527f6f3f2b94,standalone,book_03a24514c4d41cd2
book_55212d080ced95d2,work_954a593f5465c2c3,standalone,book_55212d080ced95d2
book_0ca4f90ff5ac92c7,work_2ada48584c5956bb,standalone,book_0ca4f90ff5ac92c7
book_3848ba68a88a803b,work_a01e3daafc1a888b,standalone,book_3848ba68a88a803b
book_b763832fe2e7854c,work_94efa150653ac36d,standalone,book_b763832fe2e7854c
book_55bb5f2f2122cd2d,work_c335d2ef50d850d9,standalone,book_55bb5f2f2122cd2d
book_7bf33cd34eccd7b7,work_81d87b300cde3822,standalone,book_7bf33cd34eccd7b7
book_40c50d3705a03137,work_296b4d0609acb663,standalone,book_40c50d3705a03137
book_ad00b02220a9475f,work_4b7c5d974e07e077,standalone,book_ad00b02220a9475f
book_f9c7ec2b227b9815,work_b8936c212d5a56f9,standalone,book_f9c7ec2b227b9815
book_483a3a73747df180,work_dd262507c14425ef,standalone,book_483a3a73747df180
book_b5b2ef1a5f91d82f,work_b7c130d88dddd27f,standalone,book_b5b2ef1a5f91d82f
book_17f852183a095600,work_341770a4054eb1f4,standalone,book_17f852183a095600
book_43e729e95e070145,work_2fcecaa9866fc822,standalone,book_43e729e95e070145
book_6073ae4342c006a0,work_c92689945d1d4051,standalone,book_6073ae4342c006a0
book_bf0990c3d92b37ad,work_59570272f2bf1e52,standalone,book_bf0990c3d92b37ad
book_1de9809070bc6401,work_00aec755c071d811,standalone,book_1de9809070bc6401
book_90da3c62d299e4e2,work_fe03a3701b108cd2,standalone,book_90da3c62d299e4e2
book_d382ad6c48466842,work_5f7057d724b81735,standalone,book_d382ad6c48466842
book_34474b5b5fe23552,work_d08ee536af9cb79e,standalone,book_34474b5b5fe23552
book_4ac2dea86ecf0e8c,work_6f1637a57ddc0226,standalone,book_4ac2dea86ecf0e8c
book_79002dfc8cae8304,work_37b50d3ade92bfbd,standalone,book_79002dfc8cae8304
book_32d0e7ab7682f3c5,work_4538d9a1261ffeec,standalone,book_32d0e7ab7682f3c5
book_23175a72c30da6aa,work_fe8bfdd62028dd45,standalone,book_23175a72c30da6aa
book_9e05c4944b4eb4ca,work_16668245c61a1665,standalone,book_9e05c4944b4eb4ca
book_c4d3faecea3e6d92,work_f04118688494405a,standalone,book_c4d3faecea3e6d92
book_21740098c4258ac7,work_3bf674a7723585cc,standalone,book_21740098c4258ac7
book_b9357ffbdcc17939,work_3d917ebc0ef855a0,standalone,book_b9357ffbdcc17939
book_361f25875eac3e89,work_6cd43f298cf0b8eb,standalone,book_361f25875eac3e89
book_9d2d77fe869ca454,work_34bdb87cd3086e55,standalone,book_9d2d77fe869ca454
book_141eda1c3ac26b0b,work_f40e7db30d0a6eb9,standalone,book_141eda1c3ac26b0b
book_526cbdc44a6e939f,work_b3befe5d2a0bc445,standalone,book_526cbdc44a6e939f
book_eeaf886405b5bddd,work_991ee40258ebe0a2,standalone,book_eeaf886405b5bddd
book_7eee1559126b33f6,work_bf0aa0885f634878,standalone,book_7eee1559126b33f6
book_bff57051a620f941,work_62c289438a06c60a,standalone,book_bff57051a620f941
book_316e2df0d8f83558,work_b1111dce5c0f3e29,standalone,book_316e2df0d8f83558
book_79e3d1e233616728,work_8d45cb54ab6a9119,standalone,book_79e3d1e233616728
book_18beef02f80851da,work_61e4ed2f02167873,standalone,book_18beef02f80851da
book_2ddcdf5f6d65be69,work_f73058b016118492,standalone,book_2ddcdf5f6d65be69
book_8eabb35d112f77a2,work_5f6d98d027d7b43b,standalone,book_8eabb35d112f77a2
book_100dfb324127f551,work_690d53d409944ed8,standalone,book_100dfb324127f551
book_ae34973af72effdb,work_c9fe8a6b678e5432,standalone,book_ae34973af72effdb
book_1ab53c622945e563,work_0579117bf68a4549,standalone,book_1ab53c622945e563
book_ddb12ffcd416b21a,work_ec38c3931c1537b0,standalone,book_ddb12ffcd416b21a
book_0488be4cab146d96,work_f1acad70a00dcdc4,standalone,book_0488be4cab146d96
book_e6d97bc49ca40404,work_e2390fa626a599fd,standalone,book_e6d97bc49ca40404
book_bbd6313a1d54d287,work_72d705b0cfcc8891,standalone,book_bbd6313a1d54d287
book_3cac88a61662d3fa,work_b454dd83939dfc14,standalone,book_3cac88a61662d3fa
book_8ddcf0d8007a949e,work_70eb3ce858d82f03,standalone,book_8ddcf0d8007a949e
book_858b1fe94073a27d,work_f35ba77aea182726,standalone,book_858b1fe94073a27d
book_4bd987941a206820,work_170c9aeb483ea353,standalone,book_4bd987941a206820
book_8a6c6ed7fab04c9c,work_1f1807a8e681ead4,standalone,book_8a6c6ed7fab04c9c
book_bab3e01fa6f4640f,work_34f8e48d7884eb7a,standalone,book_bab3e01fa6f4640f
book_67df15f5ec8d3e98,work_59d179b5f9dd6286,standalone,book_67df15f5ec8d3e98
book_9f6fdafc6ff55778,work_e41a01a158a69a4b,standalone,book_9f6fdafc6ff55778
book_835850f43a91cc5e,work_64d5e99f27060e78,standalone,book_835850f43a91cc5e
book_66ede69908a40283,work_85c18ef6c504e292,standalone,book_66ede69908a40283
book_4f8c0d246fec07ca,work_a5aaa4bb04d3fae4,standalone,book_4f8c0d246fec07ca
book_ff48557ac4e563c5,work_ce5389e594fcea25,standalone,book_ff48557ac4e563c5
book_d3d1188b21bfa1cf,work_a74ce5c2fc5548f1,standalone,book_d3d1188b21bfa1cf
book_e302330cd8aa3330,work_22f15187dcff4484,standalone,book_e302330cd8aa3330
book_0876dfbe5bf1168a,work_9b5ef01d223884fa,standalone,book_0876dfbe5bf1168a
book_1bf80273814d1d85,work_9b27cf2b51c36b22,standalone,book_1bf80273814d1d85
book_83004fcb8b6f69c6,work_20dd397f8a725982,standalone,book_83004fcb8b6f69c6
book_3b881b02d259bafa,work_d098b7db80a1524a,standalone,book_3b881b02d259bafa
book_03288978add0d984,work_147ddd1dcba03545,standalone,book_03288978add0d984
book_387921e4718a1f82,work_84044eb05136f93d,standalone,book_387921e4718a1f82
book_3a1c90aafc72319a,work_93f3323c2e97af56,standalone,book_3a1c90aafc72319a
book_4e4a2c2ceb91bf59,work_64b77226fd51562c,standalone,book_4e4a2c2ceb91bf59
book_7e18787acc393d94,work_8bc60a911987603a,standalone,book_7e18787acc393d94
book_414d7af98d622b94,work_21363019ed51e62e,standalone,book_414d7af98d622b94
book_4efa4ea21f3706fe,work_7efb42dc493afb32,standalone,book_4efa4ea21f3706fe
book_18d0b42739bf9c8c,work_eea26b162997eb6c,standalone,book_18d0b42739bf9c8c
book_30818ee2ec908551,work_a3f8163b4e427563,reconciled,book_30818ee2ec908551
book_f0477bb0ac8e5b1d,work_ae3e0a00f3a192ad,standalone,book_f0477bb0ac8e5b1d
book_0c5b692006b8874f,work_f0a33d695f2bfca3,standalone,book_0c5b692006b8874f
book_9a52357fc8c608ab,work_24b2c73fd5448249,standalone,book_9a52357fc8c608ab
book_4973918d04cfeee6,work_a1a1747d16a1abdd,standalone,book_4973918d04cfeee6
book_17e4f5f43db025b5,work_ad4083c589dddb7d,standalone,book_17e4f5f43db025b5
book_031c58c4dd7380be,work_f23a265fdb827582,standalone,book_031c58c4dd7380be
book_fff58dce5e8a3f88,work_5776f489187d4e51,standalone,book_fff58dce5e8a3f88
book_676a5835c6ae39ce,work_e1f79b851e440773,standalone,book_676a5835c6ae39ce
book_d434cac0612f23f6,work_92b34480f2f01dfb,standalone,book_d434cac0612f23f6
book_4f12353a733dbe22,work_3e0fbf8dabd4f862,standalone,book_4f12353a733dbe22
book_e32f47e52333577e,work_d52204f86547d33d,standalone,book_e32f47e52333577e
book_f30d0fed3ed4a116,work_0af6ed9a92a7a3bc,standalone,book_f30d0fed3ed4a116
book_3836b20511dc573b,work_5b9afad1dadf2abe,standalone,book_3836b20511dc573b
book_17ce3a678f1fce02,work_1c435fb4767e26da,standalone,book_17ce3a678f1fce02
book_f7d4e2d7a5bd0475,work_719622f9565685eb,standalone,book_f7d4e2d7a5bd0475
book_4db00808848d28c3,work_02b443456ee1847f,standalone,book_4db00808848d28c3
book_afbe539d4ff37e09,work_bacf3831ab45e9a3,standalone,book_afbe539d4ff37e09
book_f8b6c484877542a0,work_799829846b487c24,standalone,book_f8b6c484877542a0
book_002add2e0c664e70,work_a5d398cc007096ce,standalone,book_002add2e0c664e70
book_5cfbb0eb79594734,work_a076d7eadc217a05,standalone,book_5cfbb0eb79594734
book_e668a465e6adac61,work_978dd103776c3dd5,standalone,book_e668a465e6adac61
book_3005f77eeac70f38,work_530d395ce17ae51b,standalone,book_3005f77eeac70f38
book_6cc2a63015c8751e,work_66b95fc6b75b315a,standalone,book_6cc2a63015c8751e
book_b95ca48c01cde98a,work_35a578671dcfe708,standalone,book_b95ca48c01cde98a
book_fd97e118bee83341,work_1a382003a35ad2b2,standalone,book_fd97e118bee83341
book_cdb8ba569d7c4463,work_bc2777f9ae2d5196,standalone,book_cdb8ba569d7c4463
book_a0d42388b4947fe8,work_ddf2e22be7e0ce35,standalone,book_a0d42388b4947fe8
book_00437c4b12f37c23,work_65fcfa54681fdee3,standalone,book_00437c4b12f37c23
book_9b7fad698748e653,work_ff10016fd02e003a,standalone,book_9b7fad698748e653
book_ba61a743e7235a66,work_6023983966940c16,standalone,book_ba61a743e7235a66
book_aef157c719d74a3f,work_430f00c29d324ed2,standalone,book_aef157c719d74a3f
book_d8d5bd7cc1733fc6,work_b6206f0404db6585,standalone,book_d8d5bd7cc1733fc6
book_a6eb9becc204fddd,work_978ba1e2c4805510,standalone,book_a6eb9becc204fddd
book_c242c56a70aab2aa,work_9ef4ddfb0cbaadb2,standalone,book_c242c56a70aab2aa
book_5808695eed7a9ef2,work_4daea6a1d09d636a,standalone,book_5808695eed7a9ef2
book_7e8a6f18592625e1,work_d93c5a2fe864716a,standalone,book_7e8a6f18592625e1
book_d136ab82f3fc87da,work_3ec1d1183fce8eb3,standalone,book_d136ab82f3fc87da
book_3539fb2c630f614d,work_e596f8e37b6339d1,standalone,book_3539fb2c630f614d
book_430955cb9f40d54a,work_5bafdb86bc37130a,standalone,book_430955cb9f40d54a
book_5b970d30f3b1baf9,work_0dc60cceff63f978,standalone,book_5b970d30f3b1baf9
book_fb5594adfb531bd9,work_283cf02143440dd7,standalone,book_fb5594adfb531bd9
book_e83287e1c6db8e97,work_7dc958564b1a4ab4,standalone,book_e83287e1c6db8e97
book_524626107835f021,work_fc243ce89a696fbd,standalone,book_524626107835f021
book_9f5b3dd5f87ff44e,work_c3d9157062844d38,standalone,book_9f5b3dd5f87ff44e
book_18e2fd2e12b7793b,work_4b84556c8aeec5bd,standalone,book_18e2fd2e12b7793b
book_03ad4d21be3c25c0,work_1414d711459ff83f,standalone,book_03ad4d21be3c25c0
book_f06704cf7122d8de,work_d70c893290a17f83,standalone,book_f06704cf7122d8de
book_276f80d1a72dbdb7,work_cb9bc594cbfc7bf2,standalone,book_276f80d1a72dbdb7
book_de59911f1869ee46,work_12be049370ee62c8,standalone,book_de59911f1869ee46
book_3529d4df04726f6a,work_e55dcdbb06dda673,standalone,book_3529d4df04726f6a
book_a033a7f8707be628,work_4c6003448e260952,standalone,book_a033a7f8707be628
book_22b9a25d09334219,work_181ed8618935811a,standalone,book_22b9a25d09334219
book_71b55a056ef7352e,work_008c6e8a9575acf9,standalone,book_71b55a056ef7352e
book_b1f2c5ab55a81142,work_afcaf83aa350d388,standalone,book_b1f2c5ab55a81142
book_33e52c18d954e936,work_b8bd10fb3f31aad7,standalone,book_33e52c18d954e936
book_306cd97215542f0e,work_a802accc2c7c76f7,standalone,book_306cd97215542f0e
book_9b171fa952d15886,work_5d457faee16a7ebc,standalone,book_9b171fa952d15886
book_174c88a5f5f6a6fa,work_3f1d1498af125cdb,standalone,book_174c88a5f5f6a6fa
book_7d0896ad4a99a0b7,work_a672db2b9a3e064a,standalone,book_7d0896ad4a99a0b7
book_c855c7f8a96ef1b1,work_df7412e4b5f74bec,standalone,book_c855c7f8a96ef1b1
book_b6790c8185e40c7c,work_d21568650d402d67,standalone,book_b6790c8185e40c7c
book_f60814c7f7032c0a,work_d2b9ce315ead17c2,standalone,book_f60814c7f7032c0a
book_dda2b564001d267a,work_da72ec95f9bcbeaf,standalone,book_dda2b564001d267a
book_afacc585f51fa8b9,work_0751215dcf2e23cf,standalone,book_afacc585f51fa8b9
book_adfc9a4e32eb15df,work_9912f3c71eaf3c5a,standalone,book_adfc9a4e32eb15df
book_8e4bc13b4bba07ea,work_23aa517b9cee36ba,standalone,book_8e4bc13b4bba07ea
book_4046578250123cc3,work_53304194ae8426c7,standalone,book_4046578250123cc3
book_5a495262e1a17b82,work_9e6c14f32ae23e8a,standalone,book_5a495262e1a17b82
book_ce689980abf5f7a3,work_8bba33bf60dd9109,standalone,book_ce689980abf5f7a3
book_3e5480df3ace311b,work_7b391d5a28026bbd,standalone,book_3e5480df3ace311b
book_3862a45159220639,work_e419e723dfe6437c,standalone,book_3862a45159220639
book_c9ab29ced30f9cbd,work_8a1143459fa263ec,standalone,book_c9ab29ced30f9cbd
book_3c93a95e0ca4ece3,work_ad925cba67ede48c,standalone,book_3c93a95e0ca4ece3
book_6cedac86b0102aaf,work_3d53e7829a9d098b,standalone,book_6cedac86b0102aaf
book_6773d275de6ed914,work_2db8cf25f8848b21,standalone,book_6773d275de6ed914
book_9de35140d86bf93e,work_df2e235aa668593a,standalone,book_9de35140d86bf93e
book_f234d2b75be4c772,work_e7d4748a064f48b7,standalone,book_f234d2b75be4c772
book_bfccf5a736e5072e,work_646507453c725a72,standalone,book_bfccf5a736e5072e
book_4e8c6865b7664b18,work_2786a287b80779bd,standalone,book_4e8c6865b7664b18
book_70d1c8fe058296cd,work_26a213fdae5b78dc,standalone,book_70d1c8fe058296cd
book_96d57d2fcf03c87b,work_97f81be944127762,standalone,book_96d57d2fcf03c87b
book_33361b3c0cc43132,work_cb91dead84b47316,standalone,book_33361b3c0cc43132
book_8909c2513af52fce,work_381dc358d0a87b52,standalone,book_8909c2513af52fce
book_a48969874d75eb36,work_888de4f4a20fe5f3,standalone,book_a48969874d75eb36
book_413ff28238e880c0,work_09e8229a233094df,standalone,book_413ff28238e880c0
book_e29a068c975bdbbb,work_548af14ec318cd77,standalone,book_e29a068c975bdbbb
book_c71a74e59c69e32a,work_45040037a34c0c8e,standalone,book_c71a74e59c69e32a
book_74796b8ad3c6d9ad,work_31c37196aca878e0,standalone,book_74796b8ad3c6d9ad
book_d9cf06341ef63ef2,work_e25863e34e29a3fb,standalone,book_d9cf06341ef63ef2
book_10e8e8005c9e76f3,work_66f044b5f54ef1e4,standalone,book_10e8e8005c9e76f3
book_22c3eba4aa7abdd8,work_809715f750791fd8,standalone,book_22c3eba4aa7abdd8
book_1e7ba0abbd937510,work_823052d198797cd9,standalone,book_1e7ba0abbd937510
book_56c6c413208db859,work_991d5fa197973c6f,standalone,book_56c6c413208db859
book_82522556ca573522,work_8b278eb342187a85,standalone,book_82522556ca573522
book_4b5d959dd62d6fc0,work_a0e42f4cfb78c66b,standalone,book_4b5d959dd62d6fc0
book_867a188078acbd1b,work_f7f6ac9af7edeb72,standalone,book_867a188078acbd1b
book_f7b3e44f2c2103dd,work_6ecb3598b4106f6c,standalone,book_f7b3e44f2c2103dd
book_5f70e4d5c6266973,work_2a6c48371ce0cd91,standalone,book_5f70e4d5c6266973
book_0a6e9ad720f23118,work_b168eb4caae24215,standalone,book_0a6e9ad720f23118
book_98ccc00821e12be8,work_accf8c8ae7ff2bb2,standalone,book_98ccc00821e12be8
book_7c1b70860dfe3ea7,work_7a846e52557f0b72,standalone,book_7c1b70860dfe3ea7
book_0be22fef4961ddb9,work_753a148b1c356f01,standalone,book_0be22fef4961ddb9
book_3ac815ab8f2e8255,work_47a06e752cb4999c,standalone,book_3ac815ab8f2e8255
book_24e5d4eedb561524,work_6cef81770ce53ac0,standalone,book_24e5d4eedb561524
book_fc073a3ba62202c8,work_02f26be4db3cc8df,standalone,book_fc073a3ba62202c8
book_32a94c80c482dc0d,work_8facd026c64fa2b0,standalone,book_32a94c80c482dc0d
book_c38608a4f22a2ad1,work_4ebb1a64ce1efae1,standalone,book_c38608a4f22a2ad1
book_9ba5aba766752683,work_001161ffae2e302b,standalone,book_9ba5aba766752683
book_913a32046124b80c,work_a184bed252c3a819,standalone,book_913a32046124b80c
book_a61a32425f6c0e5c,work_a27e69a78e040040,standalone,book_a61a32425f6c0e5c
book_4353ed8acd57d1a9,work_68a24be0b4dce19c,standalone,book_4353ed8acd57d1a9
book_a41a1612d40c379f,work_b3bac25d6d9f9cf2,standalone,book_a41a1612d40c379f
book_b88d65e859d79b9c,work_8628b8ebc61999ef,standalone,book_b88d65e859d79b9c
book_5ea3d1fef51dcb72,work_0e5d8c76a629b0ea,standalone,book_5ea3d1fef51dcb72
book_f1a6c60e1d0b3b65,work_78a593636dc1a4dd,standalone,book_f1a6c60e1d0b3b65
book_90543efd22863a95,work_fc62d977918f9851,standalone,book_90543efd22863a95
book_dc5739a96d24c33a,work_5123d6f7a72b1bae,standalone,book_dc5739a96d24c33a
book_5ff89313e48c95e1,work_3ff41eecb4804ffe,standalone,book_5ff89313e48c95e1
book_6e63c2e2d6328f84,work_1eb9efc6e73aade7,standalone,book_6e63c2e2d6328f84
book_a5408339679b0a5b,work_4089cefa6cc11410,standalone,book_a5408339679b0a5b
book_d0d3e1635cba1226,work_488793c16afb7566,standalone,book_d0d3e1635cba1226
book_c41f800ee93f2a40,work_392d8dd4b389149f,standalone,book_c41f800ee93f2a40
book_9d0bfa474427fc2c,work_d3ce5ab239745848,standalone,book_9d0bfa474427fc2c
book_24d9239440916228,work_86251e601e440740,standalone,book_24d9239440916228
book_cadbec15ea961dea,work_fb54cec11140c40c,standalone,book_cadbec15ea961dea
book_c1eff8de37cfcd5d,work_8e451a686c4afecd,standalone,book_c1eff8de37cfcd5d
book_66d174e91ca66612,work_00dfe6fe8593a2fc,standalone,book_66d174e91ca66612
book_d27ae750681caae4,work_85f03d4740c88fee,standalone,book_d27ae750681caae4
book_ae0ae277e31f9a7d,work_19cf92828f39538a,standalone,book_ae0ae277e31f9a7d
book_1cc10df5d52f267a,work_0cdfa3687c2a19af,standalone,book_1cc10df5d52f267a
book_4a91ca646221d723,work_d3d4b293e047228d,standalone,book_4a91ca646221d723
book_a79e17f4a19dade7,work_396e9ffbd26608d8,standalone,book_a79e17f4a19dade7
book_5059af8ff3ffaa35,work_83ce31aa47432036,standalone,book_5059af8ff3ffaa35
book_2e2e5efd217402bd,work_2d6d3972075be57c,standalone,book_2e2e5efd217402bd
book_76788e1d5dea5a3f,work_286bf69b15cd3766,standalone,book_76788e1d5dea5a3f
book_325f6cab46aebde7,work_ba127c03d42b7077,standalone,book_325f6cab46aebde7
book_e3003222d71d3fe0,work_153eba28ef7c29f5,standalone,book_e3003222d71d3fe0
book_a16bd39cb6316990,work_5a83f2ab4ffcd224,standalone,book_a16bd39cb6316990
book_1beca72c2fb63974,work_306c91a3c367933a,standalone,book_1beca72c2fb63974
book_2b3c09667794edf5,work_8b3fec47b8343de6,standalone,book_2b3c09667794edf5
book_37b8b5536832ec39,work_d03a975a91849374,standalone,book_37b8b5536832ec39
book_5c4cbe12dd26ae39,work_df38e135e28550a3,standalone,book_5c4cbe12dd26ae39
book_e4d54f81ddbc1546,work_672d00552e905fd3,standalone,book_e4d54f81ddbc1546
book_c25ab56921082f8d,work_44ff9081379302ca,standalone,book_c25ab56921082f8d
book_894775cd22e5ae56,work_18a402e91a99b076,standalone,book_894775cd22e5ae56
book_589285e23fc764a7,work_7cba18c6b9714ede,standalone,book_589285e23fc764a7
book_cd96303a5671c9f8,work_1db66c81316e96d5,standalone,book_cd96303a5671c9f8
book_4b58f479677ddcd7,work_2d71d82d85b71af2,standalone,book_4b58f479677ddcd7
book_7bb1566654b490ea,work_bc25cb70e2edf2dd,standalone,book_7bb1566654b490ea
book_456ad37ae38b93e8,work_4b0e3a8ef12212b6,standalone,book_456ad37ae38b93e8
book_aa0301a9a5bfa4de,work_5afec08ba5f12068,standalone,book_aa0301a9a5bfa4de
book_c8297daa459aadad,work_84b4aa4c748bd256,standalone,book_c8297daa459aadad
book_4cecab4b994ab40d,work_7bea020ddb456a9d,standalone,book_4cecab4b994ab40d
book_c7a3ee5bd34e6aa5,work_8cc6afe005513d3e,standalone,book_c7a3ee5bd34e6aa5
book_ce5f2d926826b734,work_adae393f7a425f6d,standalone,book_ce5f2d926826b734
book_12a5092f83f136ad,work_1f1e729aab723a1a,standalone,book_12a5092f83f136ad
book_cb74dfa1dd314d53,work_91dfe632a04e493e,standalone,book_cb74dfa1dd314d53
book_d27e6843475b0947,work_276fe5bb646c8df6,standalone,book_d27e6843475b0947
book_61f445969a15cfaa,work_0dfb6cd6d8cf1db6,standalone,book_61f445969a15cfaa
book_03eed6ed2ad01fe4,work_e8280d59ff63011c,standalone,book_03eed6ed2ad01fe4
book_4f333a1e46a3cd68,work_989efec6c84599ab,standalone,book_4f333a1e46a3cd68
book_604a71caa561f0a3,work_7feb5538539211fc,standalone,book_604a71caa561f0a3
book_45bb92a4cd968975,work_9e54e363ef1ef267,standalone,book_45bb92a4cd968975
book_c57faa6af308a0d8,work_d8fca623cad2ab9c,standalone,book_c57faa6af308a0d8
book_20e18c1c19cea424,work_1f9bbe12d7d09f36,standalone,book_20e18c1c19cea424
book_72f168e3968268e4,work_4f5795ee98e19d65,standalone,book_72f168e3968268e4
book_820e22d6f9a07c74,work_6443ed344f373188,standalone,book_820e22d6f9a07c74
book_26c5ed6e8badf46e,work_98585ab8181cbcb3,standalone,book_26c5ed6e8badf46e
book_5c88f89e84ba5ade,work_346ab623bff9fe93,standalone,book_5c88f89e84ba5ade
book_7102a7567a5ae73f,work_135a39bd52af5a51,standalone,book_7102a7567a5ae73f
book_a210773b1799d99d,work_34aa2bcddd34ca55,standalone,book_a210773b1799d99d
book_06723628f5144598,work_35946352a305b02d,standalone,book_06723628f5144598
book_e102548d67cc72b7,work_22ca95442b122a48,standalone,book_e102548d67cc72b7
book_ffcecf6a1c1fc10c,work_9138d06ec54e2096,standalone,book_ffcecf6a1c1fc10c
book_011e48a6f2661d89,work_17f2b4c037609a8c,standalone,book_011e48a6f2661d89
book_4ccf81d120d3e2dd,work_f478573cb6e26fb1,standalone,book_4ccf81d120d3e2dd
book_a01835a0008c14bb,work_7ebc3d5edcc8dc00,standalone,book_a01835a0008c14bb
book_06a81e86fa569696,work_8e63b83abea4afc9,standalone,book_06a81e86fa569696
book_01801f21535a2c30,work_d39af7378c1b3d73,standalone,book_01801f21535a2c30
book_b3e1da8d9d809148,work_e3ae2b8f7cfc82d1,standalone,book_b3e1da8d9d809148
book_6cdd8c5823634977,work_6ebe8912577f63a9,standalone,book_6cdd8c5823634977
book_0ed2f53b5091fe18,work_4a30930454fe11ce,standalone,book_0ed2f53b5091fe18
book_eac5f98bcf6dd4f8,work_f24db388a5628e64,standalone,book_eac5f98bcf6dd4f8
book_e730775214f17553,work_2ea609ba27afc9ec,standalone,book_e730775214f17553
book_841d93dae7e69f59,work_675914e07837554e,standalone,book_841d93dae7e69f59
book_e785047463a1a403,work_b8f8a561559ab58b,standalone,book_e785047463a1a403
book_eafd8fdac61b599f,work_7c0a6e38c4951744,standalone,book_eafd8fdac61b599f
book_8f7e9d87f5c0783e,work_d1eb54a7fcc65eee,standalone,book_8f7e9d87f5c0783e
book_6dcf5965cbb875ae,work_0f0c3ecfcb9a70e9,standalone,book_6dcf5965cbb875ae
book_04ab9fbd1f5f5d08,work_c4a4bf677d5a9703,standalone,book_04ab9fbd1f5f5d08
book_9506000e0df6cc9e,work_b0c882e2ce0922fe,standalone,book_9506000e0df6cc9e
book_26f1e526553724c6,work_30be7206e43d2ef8,standalone,book_26f1e526553724c6
book_40477888d71f7e63,work_612f67cfef353959,standalone,book_40477888d71f7e63
book_eb363b17458a3728,work_73d85162bd1f45a3,standalone,book_eb363b17458a3728
book_0d1428f07001e575,work_bee30af0e1669ead,standalone,book_0d1428f07001e575
book_95aee72ad1019841,work_ffc430c4d664f21f,standalone,book_95aee72ad1019841
book_e9000221e09fa62e,work_91c38e73da4bae0d,standalone,book_e9000221e09fa62e
book_8fd91dff71750617,work_942b4934e771b6f5,standalone,book_8fd91dff71750617
book_c23472fa9187623d,work_9a5f1b9f535f4647,standalone,book_c23472fa9187623d
book_27b21b0cba586166,work_11d518587428c695,standalone,book_27b21b0cba586166
book_114bd7f68f56ef0e,work_312b1f28c802e30e,standalone,book_114bd7f68f56ef0e
book_cd0f1ca4bd54350d,work_a97708fd42b2392e,standalone,book_cd0f1ca4bd54350d
book_7068958dcb7b8075,work_e9cf3a2435539c4c,standalone,book_7068958dcb7b8075
book_75f8e8860e240679,work_a01aaa5469ae178f,standalone,book_75f8e8860e240679
book_eb486fafa7414c63,work_3ac4250891fc64a6,standalone,book_eb486fafa7414c63
book_7c0a38814bdc57f8,work_4c9a329f91a6772b,standalone,book_7c0a38814bdc57f8
book_a3bcd318afeeec36,work_2ab80763bdf65a72,standalone,book_a3bcd318afeeec36
book_54f7aa5cf40f46ba,work_15a0c0f0c323eef3,standalone,book_54f7aa5cf40f46ba
book_033de2b361578485,work_356c1f51594e2d9b,standalone,book_033de2b361578485
book_e8034184ef3feb24,work_19057120758eaaf3,standalone,book_e8034184ef3feb24
book_d86edb469e401db9,work_78e107e9b924ed8e,standalone,book_d86edb469e401db9
book_89657ac8eab369ee,work_df964b21f0603fcf,standalone,book_89657ac8eab369ee
book_d8e3e94af3cfadb6,work_b6cb676592fa6f3e,standalone,book_d8e3e94af3cfadb6
book_05b55836b298d72f,work_86b75df8f9a27887,standalone,book_05b55836b298d72f
book_dd255d5ed900b5d3,work_e2d68c7e213bdffe,standalone,book_dd255d5ed900b5d3
book_bf008aff1fadee61,work_f11e886790ee97c2,standalone,book_bf008aff1fadee61
book_34eb3e177cdd3a62,work_932c6c64bdcc7904,standalone,book_34eb3e177cdd3a62
book_94208db07dc97af8,work_c4780296cd481f50,standalone,book_94208db07dc97af8
book_ef04153d7fcb13d1,work_584ea0c0a0671aa1,standalone,book_ef04153d7fcb13d1
book_d2f8529725bce4a2,work_f2d95f10444a7950,standalone,book_d2f8529725bce4a2
book_cc3cee3548f7da6a,work_ec82f27f87ce7014,standalone,book_cc3cee3548f7da6a
book_7bd1aa8c968ea8ad,work_79603df5e91f9796,standalone,book_7bd1aa8c968ea8ad
book_6fa1ed81be1df2fe,work_3e5f63908b36487a,standalone,book_6fa1ed81be1df2fe
book_0d6e8269113916e6,work_d3e811ec170a7c29,standalone,book_0d6e8269113916e6
book_02448bcaa4573123,work_844ba7e77c537f5e,standalone,book_02448bcaa4573123
book_8046deb277fb8802,work_de7f3e71d66f33b4,standalone,book_8046deb277fb8802
book_0d382d0497d177d9,work_19564ebc2b1be830,standalone,book_0d382d0497d177d9
book_554ffb3c35345290,work_9943d6d5a2eb902a,standalone,book_554ffb3c35345290
book_2af18c631d83c973,work_c2918807b8b0b4d7,standalone,book_2af18c631d83c973
book_6f8bdc27012823cd,work_f610b07021bbf575,standalone,book_6f8bdc27012823cd
book_d8823e42758966f9,work_34054498a486ec2a,standalone,book_d8823e42758966f9
book_811ba701366c2577,work_0943070774878d27,standalone,book_811ba701366c2577
book_52bb0babfeca0700,work_0dc28acb26b94509,standalone,book_52bb0babfeca0700
book_9e8408ba49c24241,work_3e56615eadf6694b,standalone,book_9e8408ba49c24241
book_89b0ad89086289ea,work_8bad385d262aa9bc,standalone,book_89b0ad89086289ea
book_7496475d16b288b0,work_9a63682a5336577c,standalone,book_7496475d16b288b0
book_d65c04bbf887b688,work_50d70c814d37d71d,standalone,book_d65c04bbf887b688
book_9c04a179d6945420,work_f180cbb10f0ab4ae,standalone,book_9c04a179d6945420
book_178e1edb31c61e73,work_c1d903c84aafa3e0,standalone,book_178e1edb31c61e73
book_a351be1f4b2f8180,work_1ba7f9b610d98338,standalone,book_a351be1f4b2f8180
book_406cdeadb48650cc,work_1e95c17a6165a627,standalone,book_406cdeadb48650cc
book_63c820252ea7829e,work_230db123c35eb010,standalone,book_63c820252ea7829e
book_5b15af71387ef612,work_d72ad06649bf9837,standalone,book_5b15af71387ef612
book_82c5a4242a2b3647,work_189ac18e43eaf4b1,standalone,book_82c5a4242a2b3647
book_8142663f477fb64b,work_1476bec46c9af8d4,standalone,book_8142663f477fb64b
book_a0f566639d71ccd4,work_27e146be34f3acce,standalone,book_a0f566639d71ccd4
book_299e0e3cd4675cbf,work_b480ba0c22341ce5,standalone,book_299e0e3cd4675cbf
book_bbe1c72f9c8d5eb0,work_27f0fbd503d440bf,standalone,book_bbe1c72f9c8d5eb0
book_1e173614d3b8111b,work_6608b1e3245dfc0b,standalone,book_1e173614d3b8111b
book_679a0963574fd057,work_a5eab70c05d5848c,standalone,book_679a0963574fd057
book_ac681b8993aa637f,work_287f93118ef0fba0,standalone,book_ac681b8993aa637f
book_7026172660494b1f,work_909b6873bda192b9,standalone,book_7026172660494b1f
book_00d25c173334d674,work_9baab8f0982964e4,standalone,book_00d25c173334d674
book_7e06fcf0c1fd24e5,work_9ff63c74e82ba417,standalone,book_7e06fcf0c1fd24e5
book_8c43a6ebade53ee0,work_c118913b1895e285,standalone,book_8c43a6ebade53ee0
book_f740d22b222a22a8,work_a5d3a6bee492c49c,standalone,book_f740d22b222a22a8
book_5aaf6f234799251f,work_d8ec27f074118304,standalone,book_5aaf6f234799251f
book_042909d328cbdb7c,work_5b67260f6789fd47,standalone,book_042909d328cbdb7c
book_944f245dd00da5d8,work_62cbaa6092087b73,standalone,book_944f245dd00da5d8
book_ddcefac22de7dc07,work_8724a1d7f99f53ed,standalone,book_ddcefac22de7dc07
book_72f3ef793feca2da,work_df59379909b21ad8,standalone,book_72f3ef793feca2da
book_5cfffc2f8db92dcf,work_916cd9833071fc48,standalone,book_5cfffc2f8db92dcf
book_dddc9de05f68e984,work_924dab6f2e6eff02,standalone,book_dddc9de05f68e984
book_9bb33b22aae8faad,work_3ee6017c453e0023,standalone,book_9bb33b22aae8faad
book_a1239e85e0fd3c42,work_60f88fb854e1294a,standalone,book_a1239e85e0fd3c42
book_4055ab3235bce00b,work_0e05e8db0ee94686,standalone,book_4055ab3235bce00b
book_41cf45f077591a93,work_870402fcf1885077,standalone,book_41cf45f077591a93
book_69e68790db83b35b,work_2561091bed086985,standalone,book_69e68790db83b35b
book_d29ea07cc209cb6e,work_fda429656e0f9004,standalone,book_d29ea07cc209cb6e
book_ea541de338d8f4ad,work_1858d6a1fbdfd8c0,standalone,book_ea541de338d8f4ad
book_e94e07f1c7e2f9d0,work_edf40cbbfecc05a7,standalone,book_e94e07f1c7e2f9d0
book_d38d194983b9c1d3,work_fded5e98a06b6930,standalone,book_d38d194983b9c1d3
book_8c5322a3e6440153,work_b9e6a7993869ab16,standalone,book_8c5322a3e6440153
book_1f2efc4ff33bfe59,work_036b25e1290a69d4,standalone,book_1f2efc4ff33bfe59
book_054117fdddf0765f,work_b72a6306af5137fb,standalone,book_054117fdddf0765f
book_13fafb9586f3c357,work_4007251610983e1a,standalone,book_13fafb9586f3c357
book_4e1fd318c067d5a0,work_b24336507dd2bcfb,standalone,book_4e1fd318c067d5a0
book_ff2f12d3c5064742,work_3af38d1eca0360dd,standalone,book_ff2f12d3c5064742
book_024a68d5de139feb,work_a26c2fa15c1c2b1a,standalone,book_024a68d5de139feb
book_63424720a2a0d281,work_85884e626273c248,standalone,book_63424720a2a0d281
book_9e43ab240ad9f663,work_d0f0284bd41ac841,standalone,book_9e43ab240ad9f663
book_c72ce0baac667948,work_924305d0a0446561,standalone,book_c72ce0baac667948
book_929b6cda26a5abe7,work_ba744233f04edd8b,standalone,book_929b6cda26a5abe7
book_5dde8c95f2ac6122,work_bbb48ac38695f3bd,standalone,book_5dde8c95f2ac6122
book_7104ffea2ed3ab2d,work_c352974c0b1c4c16,standalone,book_7104ffea2ed3ab2d
book_9d6f30d2ba8a9a0e,work_7a7c3fb6b943e9d9,standalone,book_9d6f30d2ba8a9a0e
book_83b1e87f038e24c5,work_00e319cf23a91ef4,standalone,book_83b1e87f038e24c5
book_18b6d80cc98093c1,work_9c8d7ddd2957ec81,standalone,book_18b6d80cc98093c1
book_fe865f6a654b1b8f,work_3d951e6616b4c56f,standalone,book_fe865f6a654b1b8f
book_b539c9373c0fe4ce,work_9e74973e5fc32ad9,standalone,book_b539c9373c0fe4ce
book_51018dcb95091df1,work_7027a552d42ac35c,standalone,book_51018dcb95091df1
book_e456959f52bdc554,work_0f0c2a57f5ccacb9,standalone,book_e456959f52bdc554
book_8926c58d22f6dd29,work_a5721e01ce08939b,standalone,book_8926c58d22f6dd29
book_123b989a199e2405,work_d9550ea9915e6aea,standalone,book_123b989a199e2405
book_d731e3ed01325b5a,work_23ae695d3fa9581a,standalone,book_d731e3ed01325b5a
book_2508381dbe151145,work_232872c6096cd5ba,standalone,book_2508381dbe151145
book_a8034497ca510c68,work_19fd04a7851a6bdc,standalone,book_a8034497ca510c68
book_27e029c037312654,work_fcd91d9df1370185,standalone,book_27e029c037312654
book_319ac53045cf6a55,work_8f081e3935514329,standalone,book_319ac53045cf6a55
book_eab0bdfa208f006b,work_6c46160a26f3e338,standalone,book_eab0bdfa208f006b
book_7b291dfca5230715,work_8a3a566bcb867192,standalone,book_7b291dfca5230715
book_fe0444d6bb43a582,work_ec9b3083b41a442a,standalone,book_fe0444d6bb43a582
book_5dbbe152d8c33929,work_6e4f650a81db0103,standalone,book_5dbbe152d8c33929
book_22a866d2f4924361,work_f20ec35207a04ff9,standalone,book_22a866d2f4924361
book_123deebbf63faff0,work_0f4a1fe6fec8b7f7,standalone,book_123deebbf63faff0
book_88f5e1adba56bc82,work_576a6f955fc64598,standalone,book_88f5e1adba56bc82
book_5df2a34017c511b4,work_2b93fce5e13367e9,standalone,book_5df2a34017c511b4
book_a7571008628c8969,work_bbe25aabee2817b3,standalone,book_a7571008628c8969
book_7514bda0653bc7f2,work_be887dd56d7edf10,standalone,book_7514bda0653bc7f2
book_7ceee845960f28e3,work_badab7184e5d6ddf,standalone,book_7ceee845960f28e3
book_8734baf9bfe6f9fa,work_18c8e57443265bcb,standalone,book_8734baf9bfe6f9fa
book_a1eaae754bb14076,work_cd08b2ce0d512216,standalone,book_a1eaae754bb14076
book_365ccb62a480b41f,work_173a1f9815532660,standalone,book_365ccb62a480b41f
book_5a8245e5656af3a6,work_47cc99cbaa3736e0,standalone,book_5a8245e5656af3a6
book_457a5721c0f61428,work_bff74fa44bc2d725,standalone,book_457a5721c0f61428
book_cab6680dbc2115b4,work_6f4490ad0990f72f,standalone,book_cab6680dbc2115b4
book_9bd3db1a322ba8ee,work_49de6f93e3362843,standalone,book_9bd3db1a322ba8ee
book_7bc3e9b34974c07d,work_76e90c9408f6d73f,standalone,book_7bc3e9b34974c07d
book_bafc56bd289596c2,work_6d51d90ddbe5f377,standalone,book_bafc56bd289596c2
book_03ae6aa276d8a440,work_4237209ef8af1bd1,standalone,book_03ae6aa276d8a440
book_5d06a6fb9e07d424,work_0a281b4508170ef5,reconciled,book_5d06a6fb9e07d424
book_86d5abaaa5f7a199,work_72cd0e12bd834657,standalone,book_86d5abaaa5f7a199
book_c79ba70bfbff8d96,work_6d3f4df514a69f37,standalone,book_c79ba70bfbff8d96
book_5edcb78abdf17356,work_46344ffe2e944c53,standalone,book_5edcb78abdf17356
book_b62b2604ca228b4d,work_f397ac7c9afcfc3f,standalone,book_b62b2604ca228b4d
book_c60a88924e5e949c,work_b43a1d50e09d784d,standalone,book_c60a88924e5e949c
book_005fb072981efd2c,work_5d363f1309228478,standalone,book_005fb072981efd2c
book_fc733c471cd80711,work_a757cbc4423946da,standalone,book_fc733c471cd80711
book_3c49e965eb2eba86,work_14de28bcd82dc327,standalone,book_3c49e965eb2eba86
book_cd132493d651c3a5,work_ae8449e224854f6b,standalone,book_cd132493d651c3a5
book_6d3e91c4a8782b04,work_a0ba7dad677c413a,standalone,book_6d3e91c4a8782b04
book_f9ed757ac0d99f54,work_3faed7bac41c8639,standalone,book_f9ed757ac0d99f54
book_86aad5f15222fdc7,work_59d47111f9d06fce,standalone,book_86aad5f15222fdc7
book_363c635707b395e3,work_b018c7fbd0ba537b,standalone,book_363c635707b395e3
book_69c51b5177aebe57,work_e35a7f94556a28b6,standalone,book_69c51b5177aebe57
book_065a861ee1f51b5d,work_1342254644be4d37,standalone,book_065a861ee1f51b5d
book_53c7cf60fc6dedb9,work_6551b28736f8552a,standalone,book_53c7cf60fc6dedb9
book_ec87fe2749cb03ad,work_67da20e7e0f88228,standalone,book_ec87fe2749cb03ad
book_80c24c4f0eb93b29,work_b65b8d437d25bff0,standalone,book_80c24c4f0eb93b29
book_ed0ba1b8012f7a5d,work_f63f88603bb6f269,standalone,book_ed0ba1b8012f7a5d
book_13c41692e9d2bce0,work_addddee29ff846bd,standalone,book_13c41692e9d2bce0
book_dfe2150946984e0c,work_778c46fdc4d52890,standalone,book_dfe2150946984e0c
book_4596c034194a3f1e,work_81950388a3f149c3,standalone,book_4596c034194a3f1e
book_d8e9d01af17557a1,work_a12a88cf81adffa5,standalone,book_d8e9d01af17557a1
book_0f751c62baf1320e,work_05005ccc1768d0b5,standalone,book_0f751c62baf1320e
book_1f54efb2360640f3,work_c0c315688433d9f6,standalone,book_1f54efb2360640f3
book_2f7bc2741b372686,work_5efa70e8b25aca23,standalone,book_2f7bc2741b372686
book_b1495f07c2f87d3e,work_eaa28948fec1c989,standalone,book_b1495f07c2f87d3e
book_6270ccb60e7176bc,work_4581f99b065b29b4,standalone,book_6270ccb60e7176bc
book_08db6a2461d7b8df,work_f7c8df4b5f29fc42,standalone,book_08db6a2461d7b8df
book_4978443da9aa7ed0,work_454db571dfd3913e,standalone,book_4978443da9aa7ed0
book_01e051cbac545caa,work_6455d83b700a74e1,standalone,book_01e051cbac545caa
book_ca02cfcdef5ec766,work_8c3b213a7d8118da,standalone,book_ca02cfcdef5ec766
book_73e75377ead422ad,work_de0a40dbe9fb3eee,standalone,book_73e75377ead422ad
book_08f515783b166aac,work_995801bb7f8fe69d,standalone,book_08f515783b166aac
book_7658436dccc2a74e,work_da976399537efdde,standalone,book_7658436dccc2a74e
book_f3e91a197be6b062,work_5daeba07c111f556,standalone,book_f3e91a197be6b062
book_53fa1505c618c13e,work_113d4c23bed390dc,standalone,book_53fa1505c618c13e
book_825dc872f9aa3f7e,work_cf8ba083ea94e4dd,standalone,book_825dc872f9aa3f7e
book_b122a1cbe5e1ed0a,work_c017d1255f487785,standalone,book_b122a1cbe5e1ed0a
book_a90f54ec03024f24,work_f74ce1b6ef513b94,standalone,book_a90f54ec03024f24
book_7ebf8e90ee93181f,work_b51ca542bc989dd2,standalone,book_7ebf8e90ee93181f
book_96967236c0a53967,work_a290ca236ec83fec,standalone,book_96967236c0a53967
book_634fc9189e75dbda,work_9b27f4451c6287ee,standalone,book_634fc9189e75dbda
book_c8066bc74df5c811,work_df3af5f8b71679a3,standalone,book_c8066bc74df5c811
book_9d60f706fe109d60,work_a6154180b5155532,standalone,book_9d60f706fe109d60
book_b18e1118e391e87e,work_8734f4bc8f769f20,standalone,book_b18e1118e391e87e
book_b6bbfc587c5c47fa,work_ac9682907f041344,standalone,book_b6bbfc587c5c47fa
book_8503bc239427304f,work_2c8902a66c02c535,standalone,book_8503bc239427304f
book_0ebaea62e9db7e26,work_7283e0ea1c01d5bb,standalone,book_0ebaea62e9db7e26
book_23b2b73eae7164e6,work_a35152c75577274e,standalone,book_23b2b73eae7164e6
book_012eb9e95a9a6a1d,work_75ae222f051cef7b,standalone,book_012eb9e95a9a6a1d
book_bfe79cef217e1b4c,work_92b79e1d9775498e,standalone,book_bfe79cef217e1b4c
book_f1ee29eab263444a,work_74f6b88aad1ac78c,standalone,book_f1ee29eab263444a
book_fa902efcf5146cc5,work_178d8f0c3dfd21fb,standalone,book_fa902efcf5146cc5
book_b12a4844e3b177f7,work_cef2a797662cfb37,standalone,book_b12a4844e3b177f7
book_99f3ac09b8620811,work_9f6636f861a11f5d,standalone,book_99f3ac09b8620811
book_ffc5119949119f68,work_c81c5ecce56d23e4,standalone,book_ffc5119949119f68
book_885f6f27caddf8ad,work_e556024245cf8be0,standalone,book_885f6f27caddf8ad
book_5110c3c876c9730b,work_9fb1849f745e1f9b,standalone,book_5110c3c876c9730b
book_af20230127f42cab,work_86d6a98fc025f146,standalone,book_af20230127f42cab
book_8b59c3692d5405f5,work_4e916498ea3d5f40,standalone,book_8b59c3692d5405f5
book_76a5c47a5fecc8cc,work_14845b003948e1ef,standalone,book_76a5c47a5fecc8cc
book_350f2492671ced69,work_e09ee65c1cb1bf28,standalone,book_350f2492671ced69
book_51864dca842ad84e,work_8aec4ce65568bf2b,standalone,book_51864dca842ad84e
book_b5e723eed4e514dd,work_015b63de323272f5,standalone,book_b5e723eed4e514dd
book_14d1c49c035ee1b1,work_8859cdffb02cac85,standalone,book_14d1c49c035ee1b1
book_634e3668ca988ea6,work_bb56c8afb8b74584,standalone,book_634e3668ca988ea6
book_e3066a2c9c12ec49,work_83a3cce97adda420,standalone,book_e3066a2c9c12ec49
book_525c844973e55d4e,work_c6b1b74b9f149148,standalone,book_525c844973e55d4e
book_98715b26ab3414e3,work_45dd20508d24d853,standalone,book_98715b26ab3414e3
book_f29a994e1351ac0e,work_0d53e13110b9097c,standalone,book_f29a994e1351ac0e
book_afbf894740d55420,work_1cde10c1457ced12,standalone,book_afbf894740d55420
book_5859f30ac0898d11,work_1e68a8a98b8acb52,standalone,book_5859f30ac0898d11
book_a19eeaef57e92875,work_193c4c2ee64b67b2,standalone,book_a19eeaef57e92875
book_dcf8b38a3b781565,work_b6ede1d2048f4cf0,standalone,book_dcf8b38a3b781565
book_e773cf4d036e831a,work_6a8681f17a9003da,standalone,book_e773cf4d036e831a
book_e5cab8813ef3d1eb,work_5e9f3de5d313b749,standalone,book_e5cab8813ef3d1eb
book_afcb2ef8eb452a98,work_e30aacbb1ba5610b,standalone,book_afcb2ef8eb452a98
book_f1df472a5988e0c1,work_47321c041321f390,standalone,book_f1df472a5988e0c1
book_4668e03b9ddc0564,work_a80283391f441680,standalone,book_4668e03b9ddc0564
book_b261d07dedc29bf5,work_6a524fa69e0466ec,standalone,book_b261d07dedc29bf5
book_75a569ebe561a817,work_397fb262d270d883,standalone,book_75a569ebe561a817
book_3d3c94b18a1df7bf,work_880ced79d678d36d,standalone,book_3d3c94b18a1df7bf
book_694a80dcf9134ab5,work_c39af4bc2d7bb91b,standalone,book_694a80dcf9134ab5
book_0e5bf197508ab8d2,work_38e05159d3d72947,standalone,book_0e5bf197508ab8d2
book_f40fadff8540702a,work_f546ba091c51a079,standalone,book_f40fadff8540702a
book_afa369258766c505,work_b5a18d3ceea16c46,standalone,book_afa369258766c505
book_1f7b165c8e5986e2,work_1533eba7b007aef5,standalone,book_1f7b165c8e5986e2
book_a5ad4ec28837a6c8,work_83578e505723bcd1,standalone,book_a5ad4ec28837a6c8
book_390c0088844d1aa0,work_5f58d1dc1c49a2a7,standalone,book_390c0088844d1aa0
book_c672924955fe7c3f,work_6ab661e1be305dc6,standalone,book_c672924955fe7c3f
book_55147fc0ab62d6a2,work_07a05f585771b9f0,standalone,book_55147fc0ab62d6a2
book_d5cbcb54d4b96b9b,work_4fde835188ebbb93,standalone,book_d5cbcb54d4b96b9b
book_ff019b50cb15978f,work_c4e5e70cf6eb60ca,standalone,book_ff019b50cb15978f
book_846b28a4278afcfe,work_1f8f6de47e4351ac,standalone,book_846b28a4278afcfe
book_b0e9f80761817736,work_598011672b2954c1,standalone,book_b0e9f80761817736
book_a3db1ddcafcaf9c1,work_48512328b2b42304,standalone,book_a3db1ddcafcaf9c1
book_554580dd150007cf,work_bbe59699b1d45840,standalone,book_554580dd150007cf
book_ca2cc65af2900ec4,work_440028df448b17e6,standalone,book_ca2cc65af2900ec4
book_0bb3d78bcc38b760,work_3e6fa3d5af150953,standalone,book_0bb3d78bcc38b760
book_8f4c841459b9008b,work_f3c6d9d74416e37b,standalone,book_8f4c841459b9008b
book_6644721e059b726d,work_d1ed4bd415dd2c27,standalone,book_6644721e059b726d
book_cff9a8328372b017,work_790a0d701fb38823,standalone,book_cff9a8328372b017
book_cb2dfb0a978e5e57,work_88d5836c35980b16,reconciled,book_4870fdbce4215054
book_78b0adddbc9b9950,work_2ed61c4f05c138dd,standalone,book_78b0adddbc9b9950
book_70b8f66db57290d3,work_e126d2d7690623f4,standalone,book_70b8f66db57290d3
book_b69d830a302dfcde,work_412c906f9525c624,standalone,book_b69d830a302dfcde
book_20d6d0bca8a46f6d,work_39b35d85af622bcd,standalone,book_20d6d0bca8a46f6d
book_883f837586d4f1ec,work_a3cdce767b2a13ae,standalone,book_883f837586d4f1ec
book_e69a289b4a3c3db4,work_fb7a169c911fc921,standalone,book_e69a289b4a3c3db4
book_829af2ae52b90aaa,work_04b83d9b60967320,standalone,book_829af2ae52b90aaa
book_6063e9ee26936d29,work_da823e8a5c212426,standalone,book_6063e9ee26936d29
book_95e5263ab3c31468,work_2c4c5790f619c6c7,standalone,book_95e5263ab3c31468
book_c158f71fd676a676,work_79657307c17e3d3e,standalone,book_c158f71fd676a676
book_1120603d725ccb8d,work_101458da87ec42bc,standalone,book_1120603d725ccb8d
book_367fd81dbd1ef806,work_cc8ba1a67f81c427,standalone,book_367fd81dbd1ef806
book_8fef1561d6bf4748,work_9b9023a853c82e5f,standalone,book_8fef1561d6bf4748
book_69a304f59764de38,work_bc4ac509c007a369,standalone,book_69a304f59764de38
book_2681b9f01017a8ca,work_79266890a22be0c9,standalone,book_2681b9f01017a8ca
book_6e9a0709ba81c695,work_1d1ef446e5417180,standalone,book_6e9a0709ba81c695
book_73ab86967081ada2,work_b7f93fa51b909638,standalone,book_73ab86967081ada2
book_327fa2d21626ccf5,work_7c0c8619b11b19e8,standalone,book_327fa2d21626ccf5
book_456bb558668b0fd4,work_433fb8802101cf86,standalone,book_456bb558668b0fd4
book_7cd4f38a0c4fe770,work_8e4b95911d26956c,standalone,book_7cd4f38a0c4fe770
book_99a83db4490a904e,work_5ac2807bfcd57249,standalone,book_99a83db4490a904e
book_7eb55c577338abfc,work_03f43d9c5b9f2654,standalone,book_7eb55c577338abfc
book_5b08f64fc3c44393,work_064f41bda1e89969,standalone,book_5b08f64fc3c44393
book_1558fd02b2eb826c,work_86c72acac7ae9b14,standalone,book_1558fd02b2eb826c
book_82731717156118d0,work_3c8c458af7e63916,standalone,book_82731717156118d0
book_ce6bb0606f4cfffe,work_fa186c8563acc389,standalone,book_ce6bb0606f4cfffe
book_3bc279e326540e45,work_9a6e8efb115ebf7b,standalone,book_3bc279e326540e45
book_27e3c2df4e175557,work_8674439d9ee93687,standalone,book_27e3c2df4e175557
book_b0e23795da8b56d3,work_e172a4ae49a36be5,standalone,book_b0e23795da8b56d3
book_6f94a325e334845b,work_ea2056dbec434bf2,standalone,book_6f94a325e334845b
book_ac6491c4242e37b3,work_59f4a1917b421666,standalone,book_ac6491c4242e37b3
book_bd0a6d6f205ad80a,work_feca749e4e87be13,standalone,book_bd0a6d6f205ad80a
book_7483ef41901ba401,work_2db3d4f019c51795,standalone,book_7483ef41901ba401
book_16d62048152b5e42,work_29d285e762cce667,standalone,book_16d62048152b5e42
book_9693de12e3315294,work_0c47db6269379878,standalone,book_9693de12e3315294
book_3492c01e2832e41f,work_25f8f24b5b55036a,standalone,book_3492c01e2832e41f
book_6fc392a15d12b736,work_fb6a8e862a986756,standalone,book_6fc392a15d12b736
book_af3a34fb368d9d85,work_e8dad63591c0fed8,standalone,book_af3a34fb368d9d85
book_24191ad9e7c2d485,work_bb0eab406958c8b0,standalone,book_24191ad9e7c2d485
book_da1c559d61090844,work_c12220486390ee37,standalone,book_da1c559d61090844
book_60d284ae20c0dda4,work_26dabcf18bb166e7,standalone,book_60d284ae20c0dda4
book_8ddb0bec5787ddc7,work_9e749ac33457e96d,standalone,book_8ddb0bec5787ddc7
book_ed69a4cba0d2a939,work_fd7c3407717083c7,standalone,book_ed69a4cba0d2a939
book_8ba5903487725291,work_e8663980154d0edc,standalone,book_8ba5903487725291
book_8ea8e56947e679fc,work_39e61b71f366f5ea,standalone,book_8ea8e56947e679fc
book_003521d750e29881,work_61e6597e96713910,standalone,book_003521d750e29881
book_ed784f9c7ca9e5c3,work_1d1e8224792d4208,standalone,book_ed784f9c7ca9e5c3
book_4019451fcf2f69df,work_1f6908e730723454,standalone,book_4019451fcf2f69df
book_ef5a872a5314925c,work_71d821f8d5ce8933,standalone,book_ef5a872a5314925c
book_ba01b3bcfca792ce,work_4f707d4422da9c42,standalone,book_ba01b3bcfca792ce
book_a9545dbfd0947c98,work_edb15042eba5643b,standalone,book_a9545dbfd0947c98
book_6ee0cf37d916c97c,work_3bf336eac01bf5a8,standalone,book_6ee0cf37d916c97c
book_4860f2b48e4f6935,work_6b5b0e15eb304108,standalone,book_4860f2b48e4f6935
book_796eee0f049f8458,work_69c2766f088c99a5,standalone,book_796eee0f049f8458
book_f019b5a8f2dc5000,work_f9dfae9537cb759d,standalone,book_f019b5a8f2dc5000
book_e91f637dee368551,work_b9cc1c596f2cecb7,standalone,book_e91f637dee368551
book_f22661af0a24c4c7,work_6c59e0ed775beefc,standalone,book_f22661af0a24c4c7
book_0059bff1b7638ad8,work_124b5d435de79131,standalone,book_0059bff1b7638ad8
book_8abd28a70892350b,work_a7eae087b0c2bbb8,standalone,book_8abd28a70892350b
book_2e4c819e0178e106,work_f8cd5918097df0e5,standalone,book_2e4c819e0178e106
book_8e8e20c0e97ccded,work_a52d2932f7164758,standalone,book_8e8e20c0e97ccded
book_b700dae844a2efa0,work_fdd015c900e28658,standalone,book_b700dae844a2efa0
book_122ff1aa00ff06b4,work_5d6322617ead0089,standalone,book_122ff1aa00ff06b4
book_c9e5ecfa4bbd651e,work_46ffe6d9bec1e119,standalone,book_c9e5ecfa4bbd651e
book_c3127dd590a3020d,work_78d2edc8aab7893e,standalone,book_c3127dd590a3020d
book_3811d0a2d0451572,work_9e663a29611b901f,standalone,book_3811d0a2d0451572
book_8d65b2e4a0f52c2f,work_a91bf1d443f9f113,standalone,book_8d65b2e4a0f52c2f
book_45febfddaacdbca9,work_81855c939342eb50,standalone,book_45febfddaacdbca9
book_2d43691138a71668,work_383895fa0b10cbdc,standalone,book_2d43691138a71668
book_a76700e695508b07,work_388a31ec992da8f9,standalone,book_a76700e695508b07
book_6a1f5196e2c5a706,work_d5c169d1f6216cab,standalone,book_6a1f5196e2c5a706
book_aed1941875fe2d73,work_48a970a9494247ab,standalone,book_aed1941875fe2d73
book_5fb86f1d0bcf0496,work_a41f7e2958e9fe1f,standalone,book_5fb86f1d0bcf0496
book_333598bc5b791afc,work_33ca0e4ac6707ab4,standalone,book_333598bc5b791afc
book_3029de6dfb6b76f2,work_01bb1b7d2d3d778e,standalone,book_3029de6dfb6b76f2
book_f854ebbcfd3935ff,work_ee6a930254c95b35,standalone,book_f854ebbcfd3935ff
book_224edae3b020f02e,work_7355ecbfb7170dd9,standalone,book_224edae3b020f02e
book_281b55269ebcd41f,work_bacb95b62459b042,standalone,book_281b55269ebcd41f
book_e8d949a30accfc0e,work_853ea45521505b4f,standalone,book_e8d949a30accfc0e
book_3c3b9540a5e5a5e9,work_6ef3660b73826e30,standalone,book_3c3b9540a5e5a5e9
book_35a05ef1e0f0f516,work_98041e43d1b7549a,standalone,book_35a05ef1e0f0f516
book_81fbdd9094f9c284,work_80ffcf2d92b72304,standalone,book_81fbdd9094f9c284
book_baea3e8a1a1bd353,work_0e5883395417b89d,standalone,book_baea3e8a1a1bd353
book_bfd7093e27949c95,work_dc08a14bb7a3b210,standalone,book_bfd7093e27949c95
book_4eae0b7983b5413e,work_f4c2eeab1b72cd3c,standalone,book_4eae0b7983b5413e
book_ffc60b591048015e,work_fc22ba0b79059d1a,standalone,book_ffc60b591048015e
book_072bf2d881c2a018,work_21a6cd5eafc288ac,standalone,book_072bf2d881c2a018
book_01bbe5b90ef29565,work_b6655599ffc9a1c0,standalone,book_01bbe5b90ef29565
book_84bef5ab7aabcd5c,work_e27579df0643999d,reconciled,book_67a89244f38e28c1
book_e8c9ebddc7c180c8,work_694c8c1f643f65c2,standalone,book_e8c9ebddc7c180c8
book_47b0aabbaf162b53,work_f60a05dd328c1fb6,standalone,book_47b0aabbaf162b53
book_9320bb84890527ec,work_01fe676854c5ceb0,standalone,book_9320bb84890527ec
book_6be4a5739fe89c66,work_3c6f3076fd828b0c,standalone,book_6be4a5739fe89c66
book_75e49d72c5597eac,work_21d3cc432c81cd71,standalone,book_75e49d72c5597eac
book_8243293051137db6,work_eeec47443933bb9b,standalone,book_8243293051137db6
book_ef26133a83315541,work_0ea930977da7dec6,standalone,book_ef26133a83315541
book_b2e4b5b4b7568d46,work_037f783f70e22004,standalone,book_b2e4b5b4b7568d46
book_46985b7f91fcc80b,work_24a9c0a03d9b3660,standalone,book_46985b7f91fcc80b
book_5a6705f27622677a,work_0881971a786a24f3,standalone,book_5a6705f27622677a
book_b449c0c373d2d6b8,work_54cacc221e828450,standalone,book_b449c0c373d2d6b8
book_3340d90721671f7a,work_ace10099ac7542e8,standalone,book_3340d90721671f7a
book_49e3bbdb47032c02,work_79bc6f09f6b6b04c,standalone,book_49e3bbdb47032c02
book_b23cc711122471c8,work_f8d111b607f2be7c,standalone,book_b23cc711122471c8
book_cdde612f95d413b3,work_1d2f44c291fc81ab,standalone,book_cdde612f95d413b3
book_c5ccda1909d75297,work_56f6cc34b48f39a1,standalone,book_c5ccda1909d75297
book_2da58e932c4981a0,work_955f50869e50e3f7,standalone,book_2da58e932c4981a0
book_e97e2457641e76ef,work_d52f768216d9d165,standalone,book_e97e2457641e76ef
book_b20983a21f2bc7d9,work_0574b640d3c6e7eb,standalone,book_b20983a21f2bc7d9
book_06dd60da2f086a71,work_7a46233922e106c7,standalone,book_06dd60da2f086a71
book_d3367699602afe1b,work_353b95aa5d42ec01,standalone,book_d3367699602afe1b
book_adb9cf8363816f42,work_b1e4c37d4037b60a,standalone,book_adb9cf8363816f42
book_3e8c7714c1e9f4fb,work_63707081db7ec530,standalone,book_3e8c7714c1e9f4fb
book_8456776921a87b32,work_39292ed82c25d673,standalone,book_8456776921a87b32
book_ee8dfe9e3c093e66,work_4d0287de211d7129,standalone,book_ee8dfe9e3c093e66
book_fc0087a491ac9770,work_494c2d9f76bd46ca,standalone,book_fc0087a491ac9770
book_c23baa5215bbd90f,work_f7d3a2fbd5aadc66,standalone,book_c23baa5215bbd90f
book_95384776c596ba5f,work_968713c0bdb0f95d,standalone,book_95384776c596ba5f
book_97a6798c9022f4a7,work_f24dfadca86665e1,standalone,book_97a6798c9022f4a7
book_5c5a7d28f79cca4c,work_05e666733d395d73,standalone,book_5c5a7d28f79cca4c
book_fd01f7a5f06030e1,work_da68e6124cd1d65d,standalone,book_fd01f7a5f06030e1
book_d05ac0381a4a4c5e,work_0d6eb2a52a8e8cce,standalone,book_d05ac0381a4a4c5e
book_a01301b5b1a8df38,work_fdd6e9798dbb77b3,standalone,book_a01301b5b1a8df38
book_84e3ce4b91bb7f05,work_3be5ca4add1c4a5b,standalone,book_84e3ce4b91bb7f05
book_0af4b7e712fe5568,work_60ea55047d4e95e1,standalone,book_0af4b7e712fe5568
book_daa62057c05a3384,work_f7d898934eba50cf,standalone,book_daa62057c05a3384
book_27ef128443f3f5c2,work_0621c8e0f67b0e0a,standalone,book_27ef128443f3f5c2
book_f418838e0c9ad310,work_da08044f16d123c4,standalone,book_f418838e0c9ad310
book_c8a2cec522bb9bfe,work_51152ff4eb31351b,standalone,book_c8a2cec522bb9bfe
book_cd90df31a8782d11,work_edbda291eac967be,standalone,book_cd90df31a8782d11
book_d12d1d0173b8eaa4,work_9e7fccbd0fb42d7f,standalone,book_d12d1d0173b8eaa4
book_008c0bf252c84e31,work_0f10dbf3dea34cca,standalone,book_008c0bf252c84e31
book_13c9967a8114c021,work_18f47e294e7e599e,standalone,book_13c9967a8114c021
book_e0e15004f903d727,work_9b1ecb042b03bc92,standalone,book_e0e15004f903d727
book_343e0ae15a96f028,work_6238df09f7859a62,standalone,book_343e0ae15a96f028
book_2695af1a0dcf613e,work_3a818e7daa339d76,standalone,book_2695af1a0dcf613e
book_d24478a72e8fa265,work_6d98455f55703503,standalone,book_d24478a72e8fa265
book_50f342764813d9c5,work_643d911f60da79c7,standalone,book_50f342764813d9c5
book_a8b36ed703e81703,work_e08b5c098c0f2e1f,standalone,book_a8b36ed703e81703
book_68b65e0c139ab878,work_a429f964261b6801,standalone,book_68b65e0c139ab878
book_fce228a5dfac64f9,work_3fe2c0b2c03ad0af,standalone,book_fce228a5dfac64f9
book_75b4460a2721eff7,work_d2b20058f63dbb4a,standalone,book_75b4460a2721eff7
book_108b801cce5390bc,work_cce04b7157837c3d,standalone,book_108b801cce5390bc
book_1b33a7726ae7062e,work_2a809c6039933036,standalone,book_1b33a7726ae7062e
book_3ddb4b7c79478670,work_4c4156a29d9e4429,standalone,book_3ddb4b7c79478670
book_02140ddb2a801adf,work_83f196ffe243ef10,standalone,book_02140ddb2a801adf
book_093b1a73c5f6d9ab,work_827b972b2739e907,standalone,book_093b1a73c5f6d9ab
book_bd7b05f51d82c3c6,work_85247554501bca14,standalone,book_bd7b05f51d82c3c6
book_6d43c6e264e988d4,work_3201e56be92f53e4,standalone,book_6d43c6e264e988d4
book_66b9f29cd0553800,work_af3fadc327c74a95,standalone,book_66b9f29cd0553800
book_6bbc0bc6892825b5,work_c7b3ff2ba84e4a36,standalone,book_6bbc0bc6892825b5
book_19c621888f336ee6,work_adb0e83ff930e7a8,standalone,book_19c621888f336ee6
book_0249d0c40d66d21b,work_1c341e82bf04b799,standalone,book_0249d0c40d66d21b
book_6a8a0ca90ebe4218,work_1c9bf411d9b90608,standalone,book_6a8a0ca90ebe4218
book_f61996ef36d3d8bd,work_49528a452dea1251,standalone,book_f61996ef36d3d8bd
book_bc47ec6809004b99,work_0efc9e9a05ca7395,standalone,book_bc47ec6809004b99
book_5636b59b0e8bc1b2,work_aed37de7ac421bf9,standalone,book_5636b59b0e8bc1b2
book_02544124cbfd0c36,work_dc7460423c9a687c,standalone,book_02544124cbfd0c36
book_6f41ea819fccd82a,work_6824254c13e3eb72,standalone,book_6f41ea819fccd82a
book_eaa08f6c027ba446,work_0bbffa87d56aa186,standalone,book_eaa08f6c027ba446
book_506bb4093d6b84fd,work_254355ca27a0f083,standalone,book_506bb4093d6b84fd
book_9dd86109918aa04d,work_49bb1349ea948119,standalone,book_9dd86109918aa04d
book_306213f5f461d96a,work_bdc1d24fcfdb604e,standalone,book_306213f5f461d96a
book_42ed24ca5ec98679,work_14338b79248ffd74,standalone,book_42ed24ca5ec98679
book_d1ffa00031b23598,work_a26dd903e734fdcc,standalone,book_d1ffa00031b23598
book_b759bfac128a055f,work_1f05c86b72862af2,standalone,book_b759bfac128a055f
book_29f970fb83114b8f,work_91a293bc12142f9d,standalone,book_29f970fb83114b8f
book_5337a14e57121b96,work_1607af7d34e8e92e,standalone,book_5337a14e57121b96
book_a85b2f1cfb5cfcbb,work_81ff8151eb159046,standalone,book_a85b2f1cfb5cfcbb
book_a0bce06bc01287a6,work_5b161cf529383f50,standalone,book_a0bce06bc01287a6
book_c8cfb45bd74a42ce,work_aa76784cef504a52,standalone,book_c8cfb45bd74a42ce
book_bc01bc9df4ed0c71,work_54672abb8e6beb24,standalone,book_bc01bc9df4ed0c71
book_71cf15544f15f039,work_52b1f245e4a926ef,standalone,book_71cf15544f15f039
book_3d2716b5c9534846,work_e8ca76eab7dab60d,standalone,book_3d2716b5c9534846
book_634c7bebacbc0d6c,work_02a54e5ef126aa92,standalone,book_634c7bebacbc0d6c
book_cbe9ae09a8289ee4,work_d191f844e16c6fb1,standalone,book_cbe9ae09a8289ee4
book_8e501d3943c4b467,work_b3a98796360bd369,standalone,book_8e501d3943c4b467
book_6f79f81b0c9ec1fc,work_cc30be47d059ab45,standalone,book_6f79f81b0c9ec1fc
book_03ab20b6aa4f4324,work_801873f0d3c9a2dd,standalone,book_03ab20b6aa4f4324
book_1142ab33651d382a,work_ffd0d3934acdd82e,standalone,book_1142ab33651d382a
book_db9eafa88fc526ed,work_dc9cf55525ce8e03,standalone,book_db9eafa88fc526ed
book_e8fc1cbae15c45b9,work_6b6c289cceba0369,standalone,book_e8fc1cbae15c45b9
book_b308ad45015f58bb,work_7832133a1b20c1aa,standalone,book_b308ad45015f58bb
book_657d4349401329e6,work_fb256b8d8e2326d9,standalone,book_657d4349401329e6
book_3eb5f1f04e5a35e3,work_27c4a46a336581e4,standalone,book_3eb5f1f04e5a35e3
book_e53232017d86b13f,work_4e8a9c765e3ca55a,standalone,book_e53232017d86b13f
book_19a132f0196d3c2d,work_c0877ec597bf9f6b,standalone,book_19a132f0196d3c2d
book_6dc67f1d6e28b655,work_3f7f690d7fc36d30,standalone,book_6dc67f1d6e28b655
book_d370e2f9eadcba7b,work_e0c2a71cad126e74,standalone,book_d370e2f9eadcba7b
book_7af3eafe912d27a7,work_001345008093a33e,standalone,book_7af3eafe912d27a7
book_484f7a6d41d76e95,work_a69acf7efb77a5c5,standalone,book_484f7a6d41d76e95
book_3d54503e81f48cbe,work_295a740796f5aa80,standalone,book_3d54503e81f48cbe
book_8eb86852e3b1b768,work_b6bc3864ab5f0c6a,standalone,book_8eb86852e3b1b768
book_33627bd501d844fe,work_b306aff1eec9599a,standalone,book_33627bd501d844fe
book_930edc45ad7eb32f,work_b39e15fa981ba6e3,standalone,book_930edc45ad7eb32f
book_829d954319fdc405,work_446c8415db43e965,standalone,book_829d954319fdc405
book_733f93c4319ef102,work_a5226c999e97eae2,standalone,book_733f93c4319ef102
book_3b8e0d2a26cd5781,work_202976ce98163dcf,standalone,book_3b8e0d2a26cd5781
book_4be62b1c1cc544f4,work_c17d03c804e661c9,standalone,book_4be62b1c1cc544f4
book_3b59290be3f8f620,work_0cd489ed072485e2,standalone,book_3b59290be3f8f620
book_985fce3257f48e37,work_c683c6d6dd786f5c,standalone,book_985fce3257f48e37
book_17316f07d9745b5d,work_535e3cebd5fc2905,standalone,book_17316f07d9745b5d
book_51769dad7b5a9de0,work_ae408e9e6a052c00,standalone,book_51769dad7b5a9de0
book_ede8e1fa528e3214,work_8ef6ce05f1a37d0a,standalone,book_ede8e1fa528e3214
book_c36ce9494ceca90e,work_c958ac98806e47da,standalone,book_c36ce9494ceca90e
book_e30373e7c3b53b9f,work_31c417d346968d8c,standalone,book_e30373e7c3b53b9f
book_a2e7bc42f04c9b6d,work_7e066895d7557f38,standalone,book_a2e7bc42f04c9b6d
book_2ad8cd134979eadc,work_c725169e2618ac06,standalone,book_2ad8cd134979eadc
book_0eef0ac2c74a0224,work_c9874c50c7bc20ed,standalone,book_0eef0ac2c74a0224
book_6246954c7a37371f,work_c8fdb2ba24d66d05,standalone,book_6246954c7a37371f
book_956a3c1030019a76,work_c0c7583cbc1ffdb8,standalone,book_956a3c1030019a76
book_e82085e3a3a060af,work_63f3366f01636134,standalone,book_e82085e3a3a060af
book_82b2c31c5d142dfe,work_29f13d7d7561c615,standalone,book_82b2c31c5d142dfe
book_5f9fbaeda94ac12f,work_7b4d4168cd748023,standalone,book_5f9fbaeda94ac12f
book_8fc652e0c51378f5,work_f779776a8c0e6701,standalone,book_8fc652e0c51378f5
book_5ad53355364b953a,work_b424acc34f82f4b6,standalone,book_5ad53355364b953a
book_a6f2e51e4936979c,work_e63ae1d38ebd8d22,standalone,book_a6f2e51e4936979c
book_1c7e7b767cf03ef8,work_75f7e5a5b5826fcf,standalone,book_1c7e7b767cf03ef8
book_bc31172fda8cb3c7,work_4f8f93bc7f5ef2ae,standalone,book_bc31172fda8cb3c7
book_8d0d9be5e18b4c71,work_1e26b97213f7a788,standalone,book_8d0d9be5e18b4c71
book_4d1960f48469935a,work_6f3f07110217031c,standalone,book_4d1960f48469935a
book_9d6d16de8e130e7b,work_7e28e3107b8baf90,standalone,book_9d6d16de8e130e7b
book_1bab8e5ee0e26434,work_818cdac5a8fc8e20,standalone,book_1bab8e5ee0e26434
book_cf9c53c53d06ca7f,work_6c8637407954734e,standalone,book_cf9c53c53d06ca7f
book_026bbc02242db839,work_c93836729a6e621e,standalone,book_026bbc02242db839
book_a7c3c2f49118ba7a,work_87a913e31026db2c,standalone,book_a7c3c2f49118ba7a
book_59d3bc0d06794ee2,work_3916468150763785,standalone,book_59d3bc0d06794ee2
book_a93be37430ebe86d,work_ed8f2b289691dd4e,standalone,book_a93be37430ebe86d
book_bfc195ee2f46386b,work_ffba21bde36e1b78,standalone,book_bfc195ee2f46386b
book_4efaee975d6e3309,work_89ad4e2689415382,standalone,book_4efaee975d6e3309
book_fcbda62072229724,work_7dfc18d4c5e4fa80,standalone,book_fcbda62072229724
book_be99e5b72908e75f,work_8764fa8dd9de538a,standalone,book_be99e5b72908e75f
book_484712ecbda85454,work_5e32503420de8f54,standalone,book_484712ecbda85454
book_e870a76bb2dc8a2b,work_17790095822f8534,standalone,book_e870a76bb2dc8a2b
book_89b89b87254fab70,work_1a10c41f203cd6e3,standalone,book_89b89b87254fab70
book_e9666bc759562e78,work_38101ada543e0f3a,standalone,book_e9666bc759562e78
book_b8358a3a0251230e,work_e5c5d11b9a10088f,standalone,book_b8358a3a0251230e
book_2b62706ebf5ba6d2,work_d039be2413541c3b,standalone,book_2b62706ebf5ba6d2
book_8b4a017325b704d5,work_d5eff364187e8a7f,standalone,book_8b4a017325b704d5
book_39d2c529cd84b739,work_0eaf5f9160682f10,standalone,book_39d2c529cd84b739
book_f158b21ebb8f78cc,work_21f987048c9b4d7e,standalone,book_f158b21ebb8f78cc
book_25d86aa3b8dc6f17,work_356db6ce420b2354,standalone,book_25d86aa3b8dc6f17
book_a1a05227d06c75c3,work_54307e6d95d7f1c0,standalone,book_a1a05227d06c75c3
book_0ac3cb08891b70df,work_35a0d57ad011b504,standalone,book_0ac3cb08891b70df
book_d17cdafabe923db7,work_09e6ce1825c49f35,standalone,book_d17cdafabe923db7
book_c9a1e04e92ffcde6,work_03039c27c4e60d71,standalone,book_c9a1e04e92ffcde6
book_45708e0da52d981d,work_455b97c749b9caae,standalone,book_45708e0da52d981d
book_f75950c8305ba28d,work_899661a1c133a3d5,standalone,book_f75950c8305ba28d
book_bcd79656b290ffa9,work_f2f2566a0c4f880d,standalone,book_bcd79656b290ffa9
book_bde91e2003075cf0,work_9e9476abf1bc1ccc,standalone,book_bde91e2003075cf0
book_82f7566c33246359,work_a5bb2499e02dc185,standalone,book_82f7566c33246359
book_64fedcfdd32a0aa5,work_ecff6a07155d90c4,standalone,book_64fedcfdd32a0aa5
book_c7fc7bee8d8dace3,work_1952a78b8f4011f1,standalone,book_c7fc7bee8d8dace3
book_778f10eac956cf7e,work_39135451f9cb67e4,standalone,book_778f10eac956cf7e
book_9ec7b5df00283f40,work_28d79fa63b3c7aeb,standalone,book_9ec7b5df00283f40
book_b3e5a2b532422a18,work_9fc788c33c0c0e23,standalone,book_b3e5a2b532422a18
book_698d475628782539,work_57d0d9670912bb3f,standalone,book_698d475628782539
book_516cffd2db2ae6c6,work_adce89b40dd0476b,standalone,book_516cffd2db2ae6c6
book_57039a914dc44a2d,work_da4136050519ecd7,standalone,book_57039a914dc44a2d
book_35b4f3b254145739,work_609b6f34405608fb,standalone,book_35b4f3b254145739
book_24910a48933d8980,work_39d85bac94533a3c,standalone,book_24910a48933d8980
book_235af2e9d0698db2,work_f28d003513ce344a,standalone,book_235af2e9d0698db2
book_6fa777bab09be79a,work_658504d8a929c34f,standalone,book_6fa777bab09be79a
book_d51dc9c33931a36a,work_dffd4326c86e6117,standalone,book_d51dc9c33931a36a
book_14efb629372409c4,work_b66ef654a73cd2e0,standalone,book_14efb629372409c4
book_7ed949e1303d684b,work_143d61da42d39d87,standalone,book_7ed949e1303d684b
book_132c64e9681952cb,work_e4c8964c1830f8a2,standalone,book_132c64e9681952cb
book_637646d7a31ed744,work_79b906fa2f23b346,standalone,book_637646d7a31ed744
book_5674f09d40cc731a,work_8d71d7aef0acb02e,standalone,book_5674f09d40cc731a
book_107961fc84f23289,work_65d2455ae57432e2,standalone,book_107961fc84f23289
book_408696c4e96d28d8,work_0d5af801b9bb4597,standalone,book_408696c4e96d28d8
book_8915a24b0617e72a,work_79b65e769041782b,standalone,book_8915a24b0617e72a
book_dda419af41970ff2,work_9f5e1e768c26822e,standalone,book_dda419af41970ff2
book_e1bf4c3add088700,work_4b97bf3cffd1e5bf,standalone,book_e1bf4c3add088700
book_f6c84f5838fa2eec,work_019a0c015082fee6,standalone,book_f6c84f5838fa2eec
book_948b032759cb6838,work_6a1f377d369da731,standalone,book_948b032759cb6838
book_63f5e4f23ec1f90d,work_9ac187ac5c6b42b3,standalone,book_63f5e4f23ec1f90d
book_cb118b7644830ffc,work_4545125e32e0530c,standalone,book_cb118b7644830ffc
book_37bf93b400349dfb,work_33439ea1737d0b32,standalone,book_37bf93b400349dfb
book_df0fc1e33e1c76b4,work_9b5462d1f2bb6756,standalone,book_df0fc1e33e1c76b4
book_47cf1278c1af8db8,work_972f0985c8c9ad5c,standalone,book_47cf1278c1af8db8
book_4f44bdc30f1e2b9a,work_ad55856525594078,standalone,book_4f44bdc30f1e2b9a
book_61432455a91737ee,work_45daf233493521c4,standalone,book_61432455a91737ee
book_8bd125acc507594e,work_4d0fb667dc118b33,standalone,book_8bd125acc507594e
book_1570f91af68df341,work_d645918638a6f417,standalone,book_1570f91af68df341
book_c5c1472dc99b8dc8,work_95cdf50ae6deb0fc,standalone,book_c5c1472dc99b8dc8
book_c5bd0490a00c1ff8,work_57d92bcdc83061e0,standalone,book_c5bd0490a00c1ff8
book_c73ef238e24d84c8,work_1d01bf7d6131c7bc,standalone,book_c73ef238e24d84c8
book_cf86758cacffa75e,work_62f96319ba40d08c,standalone,book_cf86758cacffa75e
book_19dd863c0afbd875,work_d293bfd26a58f89d,standalone,book_19dd863c0afbd875
book_3cf9450a2ba464dd,work_e860c53e6eb76a38,standalone,book_3cf9450a2ba464dd
book_842d448f537c60b1,work_f05ac69c4b96f0f3,standalone,book_842d448f537c60b1
book_6c18f37581058942,work_ec03031c6dba8326,standalone,book_6c18f37581058942
book_7c3a2ae9816fb572,work_de75356ff15d3cee,standalone,book_7c3a2ae9816fb572
book_36c9fecbaf0161bc,work_3cd57a92a6194384,standalone,book_36c9fecbaf0161bc
book_898e42b642159e5e,work_20f6815776b83cc6,standalone,book_898e42b642159e5e
book_8e3391e3f47a273b,work_2612b9c2fca7c5ea,standalone,book_8e3391e3f47a273b
book_764e4764c7f2ca18,work_c47ef37d33838d02,standalone,book_764e4764c7f2ca18
book_6b91fc55958fe403,work_b12cec6bf38c2cf8,standalone,book_6b91fc55958fe403
book_e859471190ce3b19,work_b0f6631adfa33db7,standalone,book_e859471190ce3b19
book_8e97a818fbf990f0,work_4cbb622222f8a260,standalone,book_8e97a818fbf990f0
book_f67e5c5188b87271,work_e1f0dc03296177c7,standalone,book_f67e5c5188b87271
book_901e37199446dcfd,work_faa2e5602007448d,standalone,book_901e37199446dcfd
book_783f48093134cf43,work_de46eb7131b20ab6,standalone,book_783f48093134cf43
book_7a5ef27f84d5fc59,work_d0c2a0b2ed28fb63,standalone,book_7a5ef27f84d5fc59
book_934ab355136da004,work_1e9f16b06c17a864,standalone,book_934ab355136da004
book_909b369cad2d7d01,work_d71f877be5e087f0,standalone,book_909b369cad2d7d01
book_d1d95bfca070d2d0,work_8c208e39747b646f,standalone,book_d1d95bfca070d2d0
book_335156b12c245165,work_15cb8ee69aa40ef5,standalone,book_335156b12c245165
book_ab081edc95856428,work_7c5533ef0ad15073,standalone,book_ab081edc95856428
book_3b6b04637304e63a,work_97d3c332764d0d4c,standalone,book_3b6b04637304e63a
book_bacbfb5d45a15e21,work_ac3997edada15b43,standalone,book_bacbfb5d45a15e21
book_80ebc8f563abe2d1,work_ee28ccf4b25f65b8,standalone,book_80ebc8f563abe2d1
book_ead09587acad8e48,work_dcdb3d0fb0021db6,standalone,book_ead09587acad8e48
book_0333f5b484e7c88c,work_ed86639fb50540a4,standalone,book_0333f5b484e7c88c
book_822736ec14e393ec,work_5d72fc0535a48b0b,standalone,book_822736ec14e393ec
book_bb14945c8475c27d,work_2828696736160afb,standalone,book_bb14945c8475c27d
book_fc6cae61b7d4aa6d,work_420715354921f773,standalone,book_fc6cae61b7d4aa6d
book_4040f524a7fe31f6,work_13c932e99dfd8d84,standalone,book_4040f524a7fe31f6
book_af63d48610cdcad6,work_23eba12de6303a3c,standalone,book_af63d48610cdcad6
book_db110714912ae653,work_23f198b5d6a20611,standalone,book_db110714912ae653
book_d9e42d23693fe9d5,work_0cad778e45f47fcc,standalone,book_d9e42d23693fe9d5
book_2b08fcaf062cc5c4,work_f78906a67d210119,standalone,book_2b08fcaf062cc5c4
book_67a89244f38e28c1,work_e27579df0643999d,reconciled,book_67a89244f38e28c1
book_50ab96e56b9c8f03,work_e383ca24482a0e45,standalone,book_50ab96e56b9c8f03
book_3c5c4136c2fc84cc,work_1d5f2c4ec8c12f08,standalone,book_3c5c4136c2fc84cc
book_6e94a2603e0c34c3,work_9fd5a8596d33044e,standalone,book_6e94a2603e0c34c3
book_537f347e747f8129,work_0506a0ad3ac8f79b,standalone,book_537f347e747f8129
book_0ec5b4425537f879,work_54a6adff143b1978,standalone,book_0ec5b4425537f879
book_0276561f683f071b,work_61fb62438f9cfde9,standalone,book_0276561f683f071b
book_c9f48ac1422d5bf3,work_f279f1540250a2ec,standalone,book_c9f48ac1422d5bf3
book_334c624d8e4e58f9,work_c02c222a3c306cb7,standalone,book_334c624d8e4e58f9
book_be2b6ff3d285f6fb,work_631f74885d19bf17,standalone,book_be2b6ff3d285f6fb
book_e7ddb4b57c3944df,work_f17018190c3f3d74,standalone,book_e7ddb4b57c3944df
book_c2034dc6505bd729,work_4cd8a0fdd52ae8a0,standalone,book_c2034dc6505bd729
book_c5a05db853030309,work_e41f0342030330e5,standalone,book_c5a05db853030309
book_446e0a3dca00ba1f,work_37efbb3ab5b039d1,standalone,book_446e0a3dca00ba1f
book_950124bc5a2cbf74,work_810c125f47c212ac,standalone,book_950124bc5a2cbf74
book_b4ef03393c16b15f,work_41e843eebabc8b7e,standalone,book_b4ef03393c16b15f
book_1e1b52f743881e3d,work_73d6826feda74fcb,standalone,book_1e1b52f743881e3d
book_41c6a337e59b2158,work_7bb3a81f8517c8af,standalone,book_41c6a337e59b2158
book_b21a0b2204c69985,work_84655d466c6b25c9,standalone,book_b21a0b2204c69985
book_9ad173179409d165,work_fda95bbd84189ba1,standalone,book_9ad173179409d165
book_3d41a0feca8f4043,work_6db472e35f15645e,standalone,book_3d41a0feca8f4043
book_ad3a26e1c3ea2314,work_62bfc61503dadb93,standalone,book_ad3a26e1c3ea2314
book_2d94aaa59d031bf3,work_9bb753f219daa437,standalone,book_2d94aaa59d031bf3
book_b71cfcb3fecc304d,work_5a1fd577e00920b2,standalone,book_b71cfcb3fecc304d
book_0790ab879e46e129,work_624ba6790f2df3af,standalone,book_0790ab879e46e129
book_656250581e1b5dd6,work_308b218a6e714489,standalone,book_656250581e1b5dd6
book_fbc15cc29f20135a,work_12839ddce3c9d5d9,standalone,book_fbc15cc29f20135a
book_dea8727b345fdd67,work_f20ac3cba81f47a3,standalone,book_dea8727b345fdd67
book_7ef65b1f5a518be6,work_9ce0a15268e2d7ef,standalone,book_7ef65b1f5a518be6
book_493e62d1377f4027,work_2a8ba0260775a054,standalone,book_493e62d1377f4027
book_05e181cc78668ee0,work_a0860301cee1150d,standalone,book_05e181cc78668ee0
book_e58ae62fc26d7eb8,work_ab0c9a2453bc80cd,standalone,book_e58ae62fc26d7eb8
book_6ba4841b0f160788,work_193076b96a4d22f4,standalone,book_6ba4841b0f160788
book_a38f6d53eed20e53,work_f1aba845522386a5,standalone,book_a38f6d53eed20e53
book_413a2f5d4080d1e8,work_a59319ef9075b306,standalone,book_413a2f5d4080d1e8
book_2d5d62a9db021a48,work_2a878971219b72c1,standalone,book_2d5d62a9db021a48
book_b72cf05d80f26884,work_c6bb1c19b8f07d89,standalone,book_b72cf05d80f26884
book_b9b3fb26d78770fc,work_e939f3baa516d82b,standalone,book_b9b3fb26d78770fc
book_cb76eb4a3b26452e,work_e19272c120d2267f,standalone,book_cb76eb4a3b26452e
book_6d5c43efc4655b71,work_6ada65e949382e6c,standalone,book_6d5c43efc4655b71
book_0ec2b0e25d6f98ca,work_3216dc3f7786b325,standalone,book_0ec2b0e25d6f98ca
book_6839fcb0d28b1029,work_5994d0c78503ed25,standalone,book_6839fcb0d28b1029
book_511744b040b709fd,work_6fda7764dcb1dd33,standalone,book_511744b040b709fd
book_67f19ef6f1fde697,work_4ba0dca9227703d3,standalone,book_67f19ef6f1fde697
book_f4f6712b99eeb434,work_f7d3d1d4720584b6,standalone,book_f4f6712b99eeb434
book_c76028f759aa18e2,work_0a281b4508170ef5,reconciled,book_5d06a6fb9e07d424
book_39dd6436fe42909e,work_8b91f3301034fe39,standalone,book_39dd6436fe42909e
book_8767402b526f89f6,work_f12c155c84e5aa05,standalone,book_8767402b526f89f6
book_b300e488f70c2c57,work_b2f20acc475f9fca,standalone,book_b300e488f70c2c57
book_1ad3c52f4daadb07,work_146a70d622608a6b,standalone,book_1ad3c52f4daadb07
book_f0de1cfd0214c828,work_4f67724ded25b748,standalone,book_f0de1cfd0214c828
book_d91c48a638bc1b8c,work_681153816a78ebe4,standalone,book_d91c48a638bc1b8c
book_90d00acaf5fe8cc2,work_6a0be65f9e4b994e,standalone,book_90d00acaf5fe8cc2
book_b67413228b9a849d,work_5f5e77fa5209657f,standalone,book_b67413228b9a849d
book_297380d3c522f0e9,work_8ca09952541fedbe,standalone,book_297380d3c522f0e9
book_f8d468347d423dab,work_c94d2910d2196f0a,standalone,book_f8d468347d423dab
book_f790893d86d975f8,work_d7033aaaa9e2060b,reconciled,book_5fdb4ed6b666e950
book_6798de89a9ca842e,work_33d5e18294137bb9,standalone,book_6798de89a9ca842e
book_d7890a6c31d48ece,work_30673188f90ffbdc,standalone,book_d7890a6c31d48ece
book_fa3abd3c14b72314,work_d27ea83e3497b7aa,standalone,book_fa3abd3c14b72314
book_8ef3c2acdd5ec365,work_b704e5891f25ce82,standalone,book_8ef3c2acdd5ec365
book_73f8afc91af668f8,work_f81bb9fc7b66e53b,standalone,book_73f8afc91af668f8
book_47d99884e4d87c4c,work_548199d8454a694f,standalone,book_47d99884e4d87c4c
book_981900b1155541d6,work_88c3fedfd5c87837,standalone,book_981900b1155541d6
book_2558fb0e2cb80bab,work_1679b846d45edad2,reconciled,book_2558fb0e2cb80bab
book_6dcd59b111f01249,work_598f309d338d2515,standalone,book_6dcd59b111f01249
book_a5addff4af533f10,work_04a071705dab5a7a,standalone,book_a5addff4af533f10
book_6df4c74a9c785e39,work_a7ee13c84d91d8bf,standalone,book_6df4c74a9c785e39
book_16edbc762a93e00f,work_96e91b057281d419,standalone,book_16edbc762a93e00f
book_91b8e162bd99937a,work_2d590ca9bf222170,standalone,book_91b8e162bd99937a
book_ac177d5451a532b7,work_0495e51c13ca89a8,standalone,book_ac177d5451a532b7
book_5fe1fe2398331939,work_83a31bf7e0bdd3ef,standalone,book_5fe1fe2398331939
book_88571ac2c41f8889,work_59b211d22ed37ba5,standalone,book_88571ac2c41f8889
book_3e4d36c2dbcdf58d,work_2794e2b45a2ce98a,standalone,book_3e4d36c2dbcdf58d
book_18c7b92609b802ac,work_d1596a5fef77a320,standalone,book_18c7b92609b802ac
book_b2c0ca75d9715b27,work_4a7670137916de66,standalone,book_b2c0ca75d9715b27
book_b2100584562025b8,work_62386160a2885129,standalone,book_b2100584562025b8
book_dfa0e1e9e5a42eeb,work_3f76544537ec03c0,standalone,book_dfa0e1e9e5a42eeb
book_f5bf07227b55c47e,work_5bac7136ffbd0d67,standalone,book_f5bf07227b55c47e
book_449afbaa2fe43727,work_c34682245f973a6e,standalone,book_449afbaa2fe43727
book_9c47a5a5442ed69e,work_e065d24602c4fc8c,standalone,book_9c47a5a5442ed69e
book_4a5f2963c6d14bfb,work_4ecfd90f2e3f6777,standalone,book_4a5f2963c6d14bfb
book_ace6863ffa630ab0,work_7a809b7ef9d93236,standalone,book_ace6863ffa630ab0
book_fcefba4f3f4ef78f,work_ae29d9b2e3a2a5a3,standalone,book_fcefba4f3f4ef78f
book_993702c0e3ae7db2,work_fd2d9de72a9c4e62,standalone,book_993702c0e3ae7db2
book_09d040211418488e,work_5a007778ec7f873f,standalone,book_09d040211418488e
book_56c2b08123f7c568,work_fc53250bcc582a45,standalone,book_56c2b08123f7c568
book_e9ec2d79fa27c15d,work_efd090d49900f830,standalone,book_e9ec2d79fa27c15d
book_56a8522d218e30cb,work_a635a692764d317c,standalone,book_56a8522d218e30cb
book_650414052a773938,work_a65a02edc751697a,standalone,book_650414052a773938
book_86570061a9a82245,work_fb559771bbb6d497,standalone,book_86570061a9a82245
book_9d73753a8044d9dd,work_ca5315e20935b154,standalone,book_9d73753a8044d9dd
book_4e96b3a2c3164154,work_be1b1210d22a1b10,standalone,book_4e96b3a2c3164154
book_aaa7bd4fec9ad664,work_e01ade995e7ca8cd,standalone,book_aaa7bd4fec9ad664
book_0e98799c5a0ca7d1,work_c769882bd47810cb,standalone,book_0e98799c5a0ca7d1
book_845fc5606c3fddd1,work_611e242d8887c533,standalone,book_845fc5606c3fddd1
book_4087ce255ff7f83a,work_e7ab4ce081a6e985,standalone,book_4087ce255ff7f83a
book_10b7c28b8bbd5228,work_40044466dbf6f7c1,standalone,book_10b7c28b8bbd5228
book_a0be2fda5bf2562c,work_35df25ee0fa6faee,standalone,book_a0be2fda5bf2562c
book_1e83fbaafefe0906,work_7bd7388ec9d3891f,standalone,book_1e83fbaafefe0906
book_c7ceceaecfdca739,work_d1feb7c4e906865b,standalone,book_c7ceceaecfdca739
book_0c20fe8192e43317,work_09a9b502a341174d,standalone,book_0c20fe8192e43317
book_8669ce2550c837b7,work_7f021851310c1d9c,standalone,book_8669ce2550c837b7
book_38f364cde5a19e30,work_ee0808ab226d0056,standalone,book_38f364cde5a19e30
book_ba61f63e16a3f77a,work_a93bd75e9e1ae5d8,standalone,book_ba61f63e16a3f77a
book_446d4ffe3f6cc487,work_924039d44c7d3625,standalone,book_446d4ffe3f6cc487
book_14d14fe2bf66d8e8,work_88b8431d2746293f,standalone,book_14d14fe2bf66d8e8
book_310a8964515e7114,work_1a84c003ada7dc04,standalone,book_310a8964515e7114
book_12985e93d8732efa,work_78ed1536e62f5ea0,standalone,book_12985e93d8732efa
book_cc8ae049ba937799,work_ea7e8723f8dd3b95,standalone,book_cc8ae049ba937799
book_20c735cbc719eefd,work_7c68c26674fbf588,standalone,book_20c735cbc719eefd
book_4e4a901fbdad5cfd,work_88699a8ecddb1400,standalone,book_4e4a901fbdad5cfd
book_ce0d0053a7255b3e,work_20b1c11166ed8eb6,standalone,book_ce0d0053a7255b3e
book_52b0f885d0e45ed8,work_986cba18084c3e3b,standalone,book_52b0f885d0e45ed8
book_ede22ab7b51551cc,work_413aa993aeb68b8e,standalone,book_ede22ab7b51551cc
book_13207ce88b3525b7,work_02fe9c3df7c0259f,standalone,book_13207ce88b3525b7
book_572526a8a30ad4a1,work_405f307e5dca88eb,standalone,book_572526a8a30ad4a1
book_97b74d3d4369aaa0,work_b23d9c4d68cd336f,standalone,book_97b74d3d4369aaa0
book_586a3c22aeccfb63,work_dd2f82255aae8a86,standalone,book_586a3c22aeccfb63
book_21274ef00cdf91e7,work_ba464953e4b9f412,standalone,book_21274ef00cdf91e7
book_13615b9e62e2ba32,work_c9d53d985627b9b5,standalone,book_13615b9e62e2ba32
book_c223c6f17f364762,work_12a504ad8bd0077e,standalone,book_c223c6f17f364762
book_0665b490291e48de,work_53ef16c9691fa324,standalone,book_0665b490291e48de
book_ee0b21a7abb0d8ac,work_1a0828150605bcd1,standalone,book_ee0b21a7abb0d8ac
book_7a2e6bdd09e76de6,work_222ff9da7291698b,standalone,book_7a2e6bdd09e76de6
book_054ee1ab88a65d67,work_f53eb51e13aee80f,standalone,book_054ee1ab88a65d67
book_8ba73e70518b48b5,work_fc40354f4716c4b6,standalone,book_8ba73e70518b48b5
book_2c8f5e440aa42552,work_bef1191c3a7213d3,standalone,book_2c8f5e440aa42552
book_2818c8fc0e1fe050,work_92a517646f24fad0,standalone,book_2818c8fc0e1fe050
book_20602ecb11295cba,work_01a0ea6647e0aa65,standalone,book_20602ecb11295cba
book_d4b74e5a731787fa,work_0d1fefc18259571c,standalone,book_d4b74e5a731787fa
book_82d3c45d1bb03754,work_3accfb99db3b4b80,standalone,book_82d3c45d1bb03754
book_c0ff09472d554f7f,work_2323c4e25869b61c,reconciled,book_c0ff09472d554f7f
book_02c257a6025f82bd,work_49439babdfa0b097,standalone,book_02c257a6025f82bd
book_ace9b6920a621f05,work_5b4af0126fdafc40,standalone,book_ace9b6920a621f05
book_3aecf037a9f714d0,work_e0393f5da817323d,standalone,book_3aecf037a9f714d0
book_259c2f442d407dea,work_a9667db3c3f140da,standalone,book_259c2f442d407dea
book_63d665daca3cb17e,work_6dd6b92f521dee5a,standalone,book_63d665daca3cb17e
book_49f1ee41cd8905c7,work_b45fe3d4e8978f24,standalone,book_49f1ee41cd8905c7
book_878286004aaedf50,work_995f63d7eebbf24a,standalone,book_878286004aaedf50
book_455cd3c3a9e5869a,work_5c4034032f3c0ede,standalone,book_455cd3c3a9e5869a
book_b2262ebf4b57de85,work_502b24e5e7f46029,standalone,book_b2262ebf4b57de85
book_facf1968013aacc2,work_3c8b465231043044,standalone,book_facf1968013aacc2
book_fe9f9d1439d45180,work_dd5a2db96f5d4a9d,standalone,book_fe9f9d1439d45180
book_5e2751b38c7bbbeb,work_c376c109a73fe0e5,standalone,book_5e2751b38c7bbbeb
book_2b39f852daf04195,work_bc8bafdacbb53a9e,standalone,book_2b39f852daf04195
book_64af63a84b336db9,work_da45404bd0e466db,standalone,book_64af63a84b336db9
book_f2826a519130c1b8,work_b8982c64b6985fce,standalone,book_f2826a519130c1b8
book_64e5e45e9c3a6087,work_5f8175877cc79ac3,standalone,book_64e5e45e9c3a6087
book_3fc41efd36d45d71,work_6d16f1cb807576e5,standalone,book_3fc41efd36d45d71
book_c1ab772560bab2c6,work_9cf563744fe5945a,standalone,book_c1ab772560bab2c6
book_6f2083d3d5a2ae49,work_5223187e9aa1e18f,standalone,book_6f2083d3d5a2ae49
book_d22e9d5b9ed29dd0,work_fab76a1da8bde2c6,standalone,book_d22e9d5b9ed29dd0
book_67dca3b56f47f09d,work_366ee89a4fc7cc37,standalone,book_67dca3b56f47f09d
book_a147327db41b3e06,work_7260dc2c68259310,standalone,book_a147327db41b3e06
book_99d2929c824dc27a,work_63ed0076b0e01084,standalone,book_99d2929c824dc27a
book_1b7a3ba6e22eb2c1,work_431947bf8a514793,standalone,book_1b7a3ba6e22eb2c1
book_e07562728e678696,work_6456c565ca0a1f3b,standalone,book_e07562728e678696
book_8cf56b09caff88cd,work_b0d91e05f33caba0,standalone,book_8cf56b09caff88cd
book_25e481dd406dfc40,work_72d8af0e27ba8d78,standalone,book_25e481dd406dfc40
book_c04bb890b01cd9b5,work_4b874651fa1105d6,standalone,book_c04bb890b01cd9b5
book_5693b1571b97d401,work_b78b4b0a4b7d88c6,standalone,book_5693b1571b97d401
book_2535a957e3291d41,work_194ee221715c5412,standalone,book_2535a957e3291d41
book_56e682f2c5eefd93,work_22a463b52a5590fe,standalone,book_56e682f2c5eefd93
book_09fc58c30b900f70,work_237a97667aea984f,standalone,book_09fc58c30b900f70
book_6d156c0345ab6456,work_6dacbb13b0deb606,standalone,book_6d156c0345ab6456
book_dfd2f743da999b35,work_727dee6cdc7b60bb,standalone,book_dfd2f743da999b35
book_ff676584e235bf78,work_b57e4f5d53467ef2,standalone,book_ff676584e235bf78
book_67f6cc9b38c110b6,work_fa9e2b0185efb342,standalone,book_67f6cc9b38c110b6
book_3c2aba99b2637e68,work_e0f2351708f259e3,standalone,book_3c2aba99b2637e68
book_101dd86581828fcd,work_fbac51c89571bd24,standalone,book_101dd86581828fcd
book_4bce980111d660ef,work_225e86385946a19a,standalone,book_4bce980111d660ef
book_81ba4eef78ece9a5,work_095ca98f9547c6d1,standalone,book_81ba4eef78ece9a5
book_4b3b801bd67f24e4,work_41fcfa9d68564d8b,standalone,book_4b3b801bd67f24e4
book_0ea514337b1250aa,work_7e78ea0d766cac9b,standalone,book_0ea514337b1250aa
book_8f84c16913e41252,work_ae00972bcc416be9,standalone,book_8f84c16913e41252
book_85a81e97e52f8c5b,work_518492f304bd0dd9,standalone,book_85a81e97e52f8c5b
book_185a2909ed3965b6,work_57eeb168bf105b7f,standalone,book_185a2909ed3965b6
book_a4a192ffd7d75bce,work_833609c51472a41b,standalone,book_a4a192ffd7d75bce
book_3172e42c2becf80e,work_1a98e627f78d47e2,standalone,book_3172e42c2becf80e
book_01ef173004fa346e,work_83a6910ebbad6dc8,standalone,book_01ef173004fa346e
book_a7c810c95423b962,work_cb8a687ceb2273fb,standalone,book_a7c810c95423b962
book_de90497bc93cdbf6,work_327cacd9dfb662df,standalone,book_de90497bc93cdbf6
book_0db4ef745ee5e46d,work_299ae60de929e30a,standalone,book_0db4ef745ee5e46d
book_bb0d59603e755f0a,work_95b5f306d7812b6a,standalone,book_bb0d59603e755f0a
book_92ce408b7dc8320b,work_1ae24f486581dd99,standalone,book_92ce408b7dc8320b
book_fd85fd77ef6c61d9,work_bfcbc3d0f92affda,standalone,book_fd85fd77ef6c61d9
book_e702f5548161961d,work_e5154e2ea4981e94,standalone,book_e702f5548161961d
book_6d333ee6fa4397ef,work_cceba6390570cb00,standalone,book_6d333ee6fa4397ef
book_5a1ca29306c9631f,work_0f68f11d890523ff,standalone,book_5a1ca29306c9631f
book_ef56323542aa4d79,work_db764991652ce4e9,standalone,book_ef56323542aa4d79
book_63e3514c8a67f140,work_37ea9faf7c4a953a,standalone,book_63e3514c8a67f140
book_7bba6c1b19cbd412,work_632008de2c1ac04c,standalone,book_7bba6c1b19cbd412
book_1b4891d054508f0e,work_9699a9a77ce55132,standalone,book_1b4891d054508f0e
book_2be5f4f97fa30d3c,work_126c370f3f8bf02a,standalone,book_2be5f4f97fa30d3c
book_2b8a216b548ba818,work_58c358d115d06d8a,standalone,book_2b8a216b548ba818
book_5dab139d35a25826,work_23e4b4f6ede12547,standalone,book_5dab139d35a25826
book_75e23dda3aadb680,work_60906e17f73bda6b,standalone,book_75e23dda3aadb680
book_54db20d784c20e50,work_0b260949c7610a00,standalone,book_54db20d784c20e50
book_b0242686b1a2b9b9,work_8a67186eab90a29b,standalone,book_b0242686b1a2b9b9
book_ce2b088a381bc183,work_68c03723c58d6eed,standalone,book_ce2b088a381bc183
book_1d5870d7baf098de,work_3c1a7d1c8340d3ed,standalone,book_1d5870d7baf098de
book_37c8dd85158350a3,work_7f5546e205d47f1f,standalone,book_37c8dd85158350a3
book_cb14ff4039308659,work_1679b846d45edad2,reconciled,book_2558fb0e2cb80bab
book_fcd7efe8a11d30ca,work_d72198bb77c84c2b,standalone,book_fcd7efe8a11d30ca
book_8ec1d6b38787dfe7,work_6cca53373b957f52,standalone,book_8ec1d6b38787dfe7
book_83fc312ccbfda6ba,work_d02fd972fca87065,standalone,book_83fc312ccbfda6ba
book_6a83b99b660e323a,work_b340e31a037be7aa,standalone,book_6a83b99b660e323a
book_3fb5a9b70ff12d96,work_0217d4f3ef7592de,standalone,book_3fb5a9b70ff12d96
book_ce58923445136e8b,work_373a5172f0f64cb4,standalone,book_ce58923445136e8b
book_454f146c813b3481,work_316b70ccc5d322f6,standalone,book_454f146c813b3481
book_f09fb9fe28a27e9b,work_8a459139d9a06385,standalone,book_f09fb9fe28a27e9b
book_91c259c25f6f29e1,work_f7c17551d6d8ec51,standalone,book_91c259c25f6f29e1
book_a8b89b58b89a74da,work_191e090cba814fb7,standalone,book_a8b89b58b89a74da
book_43b3bf7032efabaf,work_7549833b55aab7e8,standalone,book_43b3bf7032efabaf
book_b7bfbd9a0b3185bd,work_7e734add5976f4f3,standalone,book_b7bfbd9a0b3185bd
book_5b8dd3d6a40646c2,work_72bbdfaaab80e910,standalone,book_5b8dd3d6a40646c2
book_a8035bfb338aa018,work_0269bb46e765dcb6,standalone,book_a8035bfb338aa018
book_41c10bddf89a7c1c,work_edfeb385b770b30f,standalone,book_41c10bddf89a7c1c
book_1fd429b208cfb141,work_27bd947e95b64d97,standalone,book_1fd429b208cfb141
book_63c667a7c12c618a,work_9229e77f0c4cab9b,standalone,book_63c667a7c12c618a
book_0898917b08bab36d,work_8f7a0938c33b5b96,standalone,book_0898917b08bab36d
book_6461d960ce500f76,work_e05225db7bb379e5,standalone,book_6461d960ce500f76
book_3670577207adfb26,work_84d772f993835a4a,standalone,book_3670577207adfb26
book_3e0519735898005a,work_b91e71317c13a905,standalone,book_3e0519735898005a
book_4d8acd3c8bec90c7,work_1efbf9d7215ee80e,standalone,book_4d8acd3c8bec90c7
book_8290de3b13b90157,work_8e89df4b5be3f1e6,standalone,book_8290de3b13b90157
book_6cd8100e38db8d3b,work_281c8b35a3a2043b,standalone,book_6cd8100e38db8d3b
book_92112e0dea9ab645,work_c76a4a2031ffa221,standalone,book_92112e0dea9ab645
book_41a621d43f484a67,work_151585841bb1361e,standalone,book_41a621d43f484a67
book_3e503f0c7a508749,work_6eb8b03172b9c024,standalone,book_3e503f0c7a508749
book_0a40d32abc117701,work_b0f170f1618335d3,standalone,book_0a40d32abc117701
book_529397abc82bf5f6,work_4c9d85e1dbefb63f,standalone,book_529397abc82bf5f6
book_21d9877bb0e60449,work_b1a07560e8a5b5a8,standalone,book_21d9877bb0e60449
book_e72b04553876bd79,work_7089d26c0b77315b,standalone,book_e72b04553876bd79
book_a9208496f884162a,work_72be8a0826da1e1d,standalone,book_a9208496f884162a
book_d6187153151b1008,work_1b4c42b61d3b26fe,standalone,book_d6187153151b1008
book_85f785b9f2c1c2fb,work_69ac1fbe97546c1f,standalone,book_85f785b9f2c1c2fb
book_4625bd3a03631663,work_e965bff6be2970bd,standalone,book_4625bd3a03631663
book_9ab2eb517df83274,work_9877ac0800f8628b,standalone,book_9ab2eb517df83274
book_7db21b147d2cc5ad,work_8ccbee920e8170b1,standalone,book_7db21b147d2cc5ad
book_446a414264c8ad2f,work_b64c56873e4a69fe,standalone,book_446a414264c8ad2f
book_7f73cd74468b7419,work_0c5942e21bd663f3,standalone,book_7f73cd74468b7419
book_cb70b48c446a1a31,work_64981bc42c3cfa67,standalone,book_cb70b48c446a1a31
book_3aed8d4020aefaa2,work_07017449bfa0418d,standalone,book_3aed8d4020aefaa2
book_c2bcf5586e94678d,work_e0bf7060d4fe6231,standalone,book_c2bcf5586e94678d
book_cd9271f74976242c,work_5ccafe6326ed58bc,standalone,book_cd9271f74976242c
book_57a5d8b3a1a9f3ee,work_f2183acb3f52e9b6,standalone,book_57a5d8b3a1a9f3ee
book_1a5d50c255dd4013,work_db83698c387fa15b,standalone,book_1a5d50c255dd4013
book_b73b2421f9ca4aa6,work_a2ea6dce15f15383,standalone,book_b73b2421f9ca4aa6
book_e216f70e6a8c1cd8,work_a683503478d7cc8f,standalone,book_e216f70e6a8c1cd8
book_237a351a52904079,work_5583c09b745e4d14,standalone,book_237a351a52904079
book_8fb873168c5abad4,work_e0abc0e5be82e572,standalone,book_8fb873168c5abad4
book_ffb3cae407478e01,work_8c4ed4047bded888,standalone,book_ffb3cae407478e01
book_f4165215fa77363e,work_8fcaec7d7745587c,standalone,book_f4165215fa77363e
book_c417fae0cff721d1,work_f67a17e46db05f66,standalone,book_c417fae0cff721d1
book_583a38de49f7ed15,work_65f0cab595ac665d,standalone,book_583a38de49f7ed15
book_5d5d180d6803bfad,work_211792c8d5c63fe6,standalone,book_5d5d180d6803bfad
book_69d148397907b790,work_1581bf3c702f6a06,standalone,book_69d148397907b790
book_5a1dbea53d87d13c,work_3e81ea05e00d59f3,standalone,book_5a1dbea53d87d13c
book_8296a46007f60554,work_9ae72f8b4256685f,standalone,book_8296a46007f60554
book_627f68eef92fc125,work_39bc95bf0e5a7d1b,standalone,book_627f68eef92fc125
book_a29929e83cfb67ba,work_9e4e96440d5b1d83,standalone,book_a29929e83cfb67ba
book_4ed5f8050538c69c,work_393165a2367a0d52,standalone,book_4ed5f8050538c69c
book_a21a00fd4cc1b678,work_f14346fb96687152,standalone,book_a21a00fd4cc1b678
book_e2167083ff2ad4d4,work_be8e5b8df5abd11c,standalone,book_e2167083ff2ad4d4
book_d8eba6dbf7c4e4f1,work_a3e7530ed6a7b6d3,standalone,book_d8eba6dbf7c4e4f1
book_e01818d7005576b5,work_63fa085f03ebc3cf,standalone,book_e01818d7005576b5
book_6cc62b5d8c8b61bc,work_ee7c1c0647d99356,standalone,book_6cc62b5d8c8b61bc
book_e58549f13ea9b917,work_4d4da08eb88e4970,standalone,book_e58549f13ea9b917
book_558fcd603f7b19c1,work_45605a2842d606d4,standalone,book_558fcd603f7b19c1
book_1ef72dbad0bf0ab2,work_bb8b1b96b6acd302,standalone,book_1ef72dbad0bf0ab2
book_55ba9778dd1fd126,work_bc611c7167660ca7,standalone,book_55ba9778dd1fd126
book_c3c1370009c23418,work_7066bd4b8d8ce84b,standalone,book_c3c1370009c23418
book_8dccd0279eadc6e2,work_e34c82bac37fa83b,standalone,book_8dccd0279eadc6e2
book_a2d0212c70b88020,work_9ee3ea44d7bbec01,standalone,book_a2d0212c70b88020
book_8e9750570c25c554,work_2c8512f4fea5c4a3,standalone,book_8e9750570c25c554
book_df1bcaf064fb6c91,work_5b9287e3d64d1097,standalone,book_df1bcaf064fb6c91
book_a82de4d44acb5509,work_a6cd8cf91081fbce,standalone,book_a82de4d44acb5509
book_84b5c533832a14ce,work_cd09ab1b0a5d4967,standalone,book_84b5c533832a14ce
book_a0102ee39cb43e2c,work_62381bc01730c4eb,standalone,book_a0102ee39cb43e2c
book_f2674b76fac3f6aa,work_be883011c9cfc88a,standalone,book_f2674b76fac3f6aa
book_570413ab74290689,work_7bf71e07e5485bad,standalone,book_570413ab74290689
book_bd5e56dec0c22b06,work_b76bfd3ab856a35c,standalone,book_bd5e56dec0c22b06
book_f45f7d9cd2d199b9,work_349873c1bbf079ff,standalone,book_f45f7d9cd2d199b9
book_e1bbe589cd6b29b6,work_95ffd28a23ef5559,standalone,book_e1bbe589cd6b29b6
book_13da1624c2c88cc5,work_4a781542597fa5d0,standalone,book_13da1624c2c88cc5
book_c4c36f99b0cfb519,work_6db9e6b89ff3cf5f,standalone,book_c4c36f99b0cfb519
book_8526c391c4af233f,work_4014cf442ea60bea,standalone,book_8526c391c4af233f
book_3df6374880e49464,work_0ddd24c275791db0,standalone,book_3df6374880e49464
book_cad89cc10ca03163,work_a595e7d1e5ab2d1f,standalone,book_cad89cc10ca03163
book_122817454942e78e,work_0c01bed8e8744035,standalone,book_122817454942e78e
book_a37cae3235a3bd6d,work_611d292e103ce127,standalone,book_a37cae3235a3bd6d
book_5f66b229ede68a95,work_d0bdb48ee1c24279,standalone,book_5f66b229ede68a95
book_7246d79761aa6cf7,work_ec41c61e301c800a,standalone,book_7246d79761aa6cf7
book_02468e6a5c0914be,work_e531bf39e4cd9afb,standalone,book_02468e6a5c0914be
book_6a5231c729d2ebbe,work_e37b0aabec30664e,standalone,book_6a5231c729d2ebbe
book_cb241db4b5c5be25,work_7cf551d8fe7cf655,standalone,book_cb241db4b5c5be25
book_b7d7f4a22225c80e,work_2ad3c47e3ade6ef7,standalone,book_b7d7f4a22225c80e
book_3edf054a871bb041,work_7563daefd738f090,standalone,book_3edf054a871bb041
book_d9df6c4e03dc7ca5,work_da7bf9f05e96ad27,standalone,book_d9df6c4e03dc7ca5
book_593e7588610527e1,work_7e46722a953feef9,standalone,book_593e7588610527e1
book_72fdf3162ded1470,work_ff6c6a164a242401,standalone,book_72fdf3162ded1470
book_53eaad48e0395380,work_dc3d62989d5340ca,standalone,book_53eaad48e0395380
book_38d2c6fd89cfa7ed,work_8c375fc8458fba0f,standalone,book_38d2c6fd89cfa7ed
book_79f14827fc8707db,work_cde73a3158089752,standalone,book_79f14827fc8707db
book_26c45446d2b85ad8,work_7ca54e7fa339b5ba,standalone,book_26c45446d2b85ad8
book_a6ea7ab1e699fbe7,work_534139c1e2f11309,standalone,book_a6ea7ab1e699fbe7
book_e5c7ae6c7336a6d0,work_332eb76479b88481,standalone,book_e5c7ae6c7336a6d0
book_386ae17bd9c095e7,work_60030da2b6bba7c5,standalone,book_386ae17bd9c095e7
book_c408d89d9941d63c,work_fb581e73b95c6bb1,standalone,book_c408d89d9941d63c
book_111c8b40130c9ddc,work_6ab88cd44d4ed759,standalone,book_111c8b40130c9ddc
book_ccd8698693662b9d,work_a5a54948b5ba518f,standalone,book_ccd8698693662b9d
book_49da0fbc8904e2f5,work_b1212dcb22ccc1ac,standalone,book_49da0fbc8904e2f5
book_6440c5340fac28b6,work_7c78ae8745f63f0a,standalone,book_6440c5340fac28b6
book_9a7cdd250745ac52,work_cd50ab16e8e98746,standalone,book_9a7cdd250745ac52
book_8af844980f2def3c,work_f0f5adbfdd17f44a,standalone,book_8af844980f2def3c
book_de78ebde01fa03ab,work_cfec4ed0b3b65b18,standalone,book_de78ebde01fa03ab
book_87db0c75b3c43357,work_fa47f4e96d537692,standalone,book_87db0c75b3c43357
book_8ae43cf8fd4d10de,work_8904ee742ddb62e1,standalone,book_8ae43cf8fd4d10de
book_4a0d725d3c3163f4,work_adf739567a5f2eb7,standalone,book_4a0d725d3c3163f4
book_c0ec829b897d9d32,work_2dc3f83ca53b1997,standalone,book_c0ec829b897d9d32
book_6825f26499202e53,work_95c82c4fe557b660,standalone,book_6825f26499202e53
book_61f4edce0fe7bbca,work_4a05bc2d4e1ef0f3,standalone,book_61f4edce0fe7bbca
book_14237994881b573b,work_edf5fc4adc1e1c8f,standalone,book_14237994881b573b
book_6fef5e1082ea9698,work_3bb0fb35a711f85b,standalone,book_6fef5e1082ea9698
book_eb2ef3384ac32906,work_aa09b931b2f0ade8,standalone,book_eb2ef3384ac32906
book_c64ce0af8ab5871f,work_e41d48ccafa3bdcc,standalone,book_c64ce0af8ab5871f
book_12750e8e69eabcf8,work_825178fae01bddcf,standalone,book_12750e8e69eabcf8
book_4fb4deb1952c90c9,work_1749c4259f0c4559,standalone,book_4fb4deb1952c90c9
book_5206aab3425d320f,work_9e489e0445d3943c,standalone,book_5206aab3425d320f
book_45e80edc94d9ee4d,work_2d4e141c0d3e6614,standalone,book_45e80edc94d9ee4d
book_7f0415bb13fb2a5e,work_c9e219f397834729,standalone,book_7f0415bb13fb2a5e
book_fd4e9ffd662f4f01,work_dba8afa6dccfb425,standalone,book_fd4e9ffd662f4f01
book_f25634320043a99a,work_10ab250db76d79be,standalone,book_f25634320043a99a
book_665e36c1670ded5f,work_b7d7e20a6b601700,standalone,book_665e36c1670ded5f
book_2794da8e46c683c1,work_0b8475939efe6bbd,standalone,book_2794da8e46c683c1
book_ad3ea3e5d0acb641,work_7bd4fbe7043e53a7,standalone,book_ad3ea3e5d0acb641
book_e0399b8c2bdc9a57,work_bbb3b5ba32c3933f,standalone,book_e0399b8c2bdc9a57
book_692e341230a22e04,work_b39d75e7ac862da1,standalone,book_692e341230a22e04
book_63f8d073507dc097,work_580ed5331e5f4b08,standalone,book_63f8d073507dc097
book_a466aa2e7c3ad194,work_93cae87403a514d3,standalone,book_a466aa2e7c3ad194
book_ca655cae204e6054,work_2f82a1fc605643c0,standalone,book_ca655cae204e6054
book_eb8493e9ac6bc400,work_98f37196ab4be54a,standalone,book_eb8493e9ac6bc400
book_d0596a18fe3ad688,work_3e62b7492c68adf1,standalone,book_d0596a18fe3ad688
book_b307461b4eb7e958,work_8f3357997c12b4a0,standalone,book_b307461b4eb7e958
book_b0bdb38142df7c39,work_1c04d646bfbec116,standalone,book_b0bdb38142df7c39
book_06e60dae7d62a1cb,work_953d02713105baf4,standalone,book_06e60dae7d62a1cb
book_2fe96e65b976731c,work_ae83331e24609f5a,standalone,book_2fe96e65b976731c
book_03fddff55633b464,work_09b7468fe9d2b578,standalone,book_03fddff55633b464
book_c7529aa8b4aae276,work_199138da4b2ef2a2,standalone,book_c7529aa8b4aae276
book_53692b4014a3945f,work_3b7ab60ae574ef43,standalone,book_53692b4014a3945f
book_60c34104a1621021,work_50896549975737f3,standalone,book_60c34104a1621021
book_b3f7ef5ec4bf9498,work_02e6b998cecd49ed,standalone,book_b3f7ef5ec4bf9498
book_447ce4a5925dc2c8,work_ec760f674c4d76b1,standalone,book_447ce4a5925dc2c8
book_dd173f4b9f9e8515,work_476dd6c1d52aa587,standalone,book_dd173f4b9f9e8515
book_19eaf0f1080d3153,work_f03a85d15f26ccb3,standalone,book_19eaf0f1080d3153
book_14df3cb15cc56ec5,work_68de4704d0fab790,standalone,book_14df3cb15cc56ec5
book_31d19e5ca6690757,work_0324143df521b206,standalone,book_31d19e5ca6690757
book_59eafa28cf33152f,work_24abdb632e6814c2,standalone,book_59eafa28cf33152f
book_9a401d4eb8d099bd,work_c1dae4653b236e16,standalone,book_9a401d4eb8d099bd
book_bffcf26d4969eac8,work_4337a8bdfcdc6ae2,standalone,book_bffcf26d4969eac8
book_0252645051558904,work_c73ed2537b8f2b43,standalone,book_0252645051558904
book_f5efeebf3ef34eeb,work_74afac9177583c2d,standalone,book_f5efeebf3ef34eeb
book_2c1f3355bcde0958,work_a9c2f3a73d49e050,standalone,book_2c1f3355bcde0958
book_926fb4c2a8932013,work_76d5ccb9fc6b4ff0,standalone,book_926fb4c2a8932013
book_f6ab898547df100a,work_24f23a46bec5ea7d,standalone,book_f6ab898547df100a
book_45311bc5c48f171f,work_71d6ec9c8626be4f,standalone,book_45311bc5c48f171f
book_434bab2cc080d5b1,work_34d7346b7b48bade,standalone,book_434bab2cc080d5b1
book_842c3aecb4c93d6d,work_71eb61116af56b79,standalone,book_842c3aecb4c93d6d
book_653a7c95dc59ffde,work_d0ab0456ae17751c,standalone,book_653a7c95dc59ffde
book_8f17572f8654c5dc,work_027be54cae9f9462,standalone,book_8f17572f8654c5dc
book_b53408bec6d7069b,work_8b5d2ff80b34e3d7,standalone,book_b53408bec6d7069b
book_eabb96180484d51a,work_27a90034202ba5fa,standalone,book_eabb96180484d51a
book_a2d532462076f4ff,work_de6b470b7a18c38c,standalone,book_a2d532462076f4ff
book_1e95ff167ba8ea18,work_f5b06fcc171dc353,standalone,book_1e95ff167ba8ea18
book_52df238548290730,work_7fe990645471f224,standalone,book_52df238548290730
book_6df6f34514dd248e,work_5e8b7ce9516fd0b0,standalone,book_6df6f34514dd248e
book_a2e256abcd126921,work_aa4805219016228f,standalone,book_a2e256abcd126921
book_dae8e1ead6858a28,work_894d46ac9203b9c8,standalone,book_dae8e1ead6858a28
book_dc7df1365a56e239,work_6baa7bd3339e31ce,standalone,book_dc7df1365a56e239
book_d7da049fde6481d2,work_8e8abe49e6a63d49,standalone,book_d7da049fde6481d2
book_a8018ab220848c7c,work_206f072d3a6f6994,standalone,book_a8018ab220848c7c
book_3d768b2a24cd3283,work_affa33d4dfde9713,standalone,book_3d768b2a24cd3283
book_15232cd598ed4e5e,work_2ca542316529266a,standalone,book_15232cd598ed4e5e
book_b4621b5dee590de2,work_d7f944c46e50d324,reconciled,book_a1b8ba78caf7097c
book_4d8bcfaf58f69d53,work_92fc5ec2aeab2c99,standalone,book_4d8bcfaf58f69d53
book_ffab2db1886b00a9,work_e1618c8ecfdd1613,standalone,book_ffab2db1886b00a9
book_e10d9a1b78d16d10,work_ab834e4eab6a47c4,standalone,book_e10d9a1b78d16d10
book_90c5b294dcafb63e,work_ee88ad1c2bb2a0db,standalone,book_90c5b294dcafb63e
book_809e6ceb0dda967d,work_f48099db61377214,standalone,book_809e6ceb0dda967d
book_5c74bdc35b224aba,work_0dba8609e03eb54f,standalone,book_5c74bdc35b224aba
book_99688c70dd9e2bf5,work_04c520ca595b794a,standalone,book_99688c70dd9e2bf5
book_5f28859ea5f3c66a,work_defacdba00c877f2,standalone,book_5f28859ea5f3c66a
book_aee4bbedba90ef72,work_9129f24c7deeee9b,standalone,book_aee4bbedba90ef72
book_4dc73f96322a5d40,work_931f2b0440e4ec07,standalone,book_4dc73f96322a5d40
book_4da22e63c78b0ac0,work_6c1243fc9a9ec334,standalone,book_4da22e63c78b0ac0
book_d9a1913205dc49bd,work_13cda6e1b9f209d7,standalone,book_d9a1913205dc49bd
book_7e75fbf87683973b,work_e84b1f170ed2731a,standalone,book_7e75fbf87683973b
book_ae2e903a589e6eb2,work_9f7b1d77b8dfb5a1,standalone,book_ae2e903a589e6eb2
book_04ee9d180631b5d6,work_7af36220b43a78fb,standalone,book_04ee9d180631b5d6
book_f086e53fdf6787e2,work_f1db8338e79607fa,standalone,book_f086e53fdf6787e2
book_d1197d1000cc3a4d,work_076772e5f4fd3785,standalone,book_d1197d1000cc3a4d
book_c0e8fbcea2562b47,work_e238bf9685da831b,standalone,book_c0e8fbcea2562b47
book_547b04f2aee0a93b,work_ce0bca05891d8318,standalone,book_547b04f2aee0a93b
book_38ecbe16184bb21b,work_a0e3ef177a1f0162,standalone,book_38ecbe16184bb21b
book_fe59826cb86b5599,work_6b161ed5f721be3e,standalone,book_fe59826cb86b5599
book_be14474819652384,work_a18f34398c05a0e0,standalone,book_be14474819652384
book_f391df8d8f0a31a6,work_b9a83637a103a153,standalone,book_f391df8d8f0a31a6
book_7202030fe25625cc,work_9f9ec30e1c4877b8,standalone,book_7202030fe25625cc
book_259e1be37b7f9735,work_0a7e1747753a9b5d,standalone,book_259e1be37b7f9735
book_f1da284e4dead2fa,work_1aa0301aa76147c8,standalone,book_f1da284e4dead2fa
book_2b09eb5d5744d362,work_17684e2f423c2ceb,standalone,book_2b09eb5d5744d362
book_ee5be9afe3aa3eaf,work_2e42318b4efbb488,standalone,book_ee5be9afe3aa3eaf
book_e10ddabee7463825,work_8bfab27ae13ddaa7,standalone,book_e10ddabee7463825
book_e5e58383fa41fa2e,work_1c4c0bd0fca65aa4,standalone,book_e5e58383fa41fa2e
book_f3875c6986a801da,work_36aa2dbd55fb5327,standalone,book_f3875c6986a801da
book_2ea5697fe1da1d22,work_bd1bf5fceba7bf73,standalone,book_2ea5697fe1da1d22
book_ca32ad130908b22a,work_11b7cc27c419fc1a,standalone,book_ca32ad130908b22a
book_813d00ded207eea4,work_a5cbb20a95d60d18,standalone,book_813d00ded207eea4
book_54d1b45f9d97b907,work_901479c8f82c1b56,standalone,book_54d1b45f9d97b907
book_836ee4449dd2e0c2,work_5dd61a68e6276d09,standalone,book_836ee4449dd2e0c2
book_058faebc31b0108a,work_2992c80014893bf1,standalone,book_058faebc31b0108a
book_ad1ce5209171b04f,work_06f45b16d09a1065,standalone,book_ad1ce5209171b04f
book_b0653a55f9063c2d,work_97abd583a7b5c6a5,standalone,book_b0653a55f9063c2d
book_e7739ea5a280601d,work_2feb75e86198df4a,standalone,book_e7739ea5a280601d
book_55cc04e85ddebc89,work_12c2616045a2bedc,standalone,book_55cc04e85ddebc89
book_127409f62af6ae74,work_f8875f62c51af442,standalone,book_127409f62af6ae74
book_20d96cf809caf4aa,work_456346f0d84afd94,standalone,book_20d96cf809caf4aa
book_686223032243a23c,work_4f3a8f3b8bef5f04,standalone,book_686223032243a23c
book_91fc0600d96c9afb,work_e57072ca3e92634f,standalone,book_91fc0600d96c9afb
book_a60fefb106ffabd8,work_56a84298cd90fb4d,standalone,book_a60fefb106ffabd8
book_6aef027d248e2c3a,work_96f2023d3d4c9280,standalone,book_6aef027d248e2c3a
book_62005339c5ba5fdf,work_9124b76fd17d4be5,standalone,book_62005339c5ba5fdf
book_c7359e5991c94638,work_6fb823d5e36f23a4,reconciled,book_4885f1a6094be612
book_475437c23206020a,work_51b8d2524951de16,standalone,book_475437c23206020a
book_67b16a2802d09493,work_df7061c779f751ce,standalone,book_67b16a2802d09493
book_c9906f00fcf94809,work_e30abf372395409a,standalone,book_c9906f00fcf94809
book_84ccb10c89487871,work_2cb783ebe9383f59,standalone,book_84ccb10c89487871
book_d60c5b3ea4323cee,work_880246dfd324653a,standalone,book_d60c5b3ea4323cee
book_2e30a8e5bcf22902,work_cdf3ba72325def72,standalone,book_2e30a8e5bcf22902
book_d2ee32066d9a8531,work_a8b414d59779e64a,standalone,book_d2ee32066d9a8531
book_242b0065d927a8b4,work_295de98d2b39ab1b,standalone,book_242b0065d927a8b4
book_296127a471dbf25f,work_ea38aac72e6d4dc7,standalone,book_296127a471dbf25f
book_85fd645a6326ab04,work_1647ac42663816bf,standalone,book_85fd645a6326ab04
book_76d4a9e31e1b0516,work_746435f631a08428,standalone,book_76d4a9e31e1b0516
book_25e23d1df6409a30,work_3d30bd9db7f0c935,standalone,book_25e23d1df6409a30
book_2bd5821dbecd5282,work_becbbf8dc81ac4d4,standalone,book_2bd5821dbecd5282
book_b75f59cf5d9c88e1,work_96e6bdf1261d1539,standalone,book_b75f59cf5d9c88e1
book_caa04db30fdca072,work_049a29583eb4e4b2,standalone,book_caa04db30fdca072
book_1a93f13983228597,work_d271edb8a43f3e8e,standalone,book_1a93f13983228597
book_fe60fc916dec7731,work_130e27956a3839a9,standalone,book_fe60fc916dec7731
book_4d753b2ba02d5415,work_755e32a09d4975a3,standalone,book_4d753b2ba02d5415
book_ca02bbaf41c1336c,work_55f5b555223b8cd3,standalone,book_ca02bbaf41c1336c
book_0d2614f3033178a5,work_20e639be8a584ae0,standalone,book_0d2614f3033178a5
book_8f8f9cf81c5f9914,work_c845952a7feb85a3,standalone,book_8f8f9cf81c5f9914
book_a5b04806f3c199c4,work_0b3acd1ef4b42e74,standalone,book_a5b04806f3c199c4
book_991c6be8a1810ae4,work_53f2ef18cabe2ebd,standalone,book_991c6be8a1810ae4
book_57b183d7da9f11fd,work_2ff18189b561d061,standalone,book_57b183d7da9f11fd
book_072f5210b166817f,work_4b8f8e2045a3e712,standalone,book_072f5210b166817f
book_8a38ee0463c96cc8,work_8a274ba938325c51,standalone,book_8a38ee0463c96cc8
book_631ea4957281d5cd,work_f08b0cf50faf2397,standalone,book_631ea4957281d5cd
book_1d458c6948f18288,work_306b8312a65c15b9,standalone,book_1d458c6948f18288
book_675ed817bca562a9,work_ff79d5b891cc0a3e,standalone,book_675ed817bca562a9
book_b2da66b517d2e8be,work_4b745fba603f48bf,standalone,book_b2da66b517d2e8be
book_6a5f0e089cd4438d,work_f9f4ab09d9ca3310,standalone,book_6a5f0e089cd4438d
book_85f38adf93ae2639,work_0226808847c85978,standalone,book_85f38adf93ae2639
book_7b1f8abb4c237fe0,work_c7c33f98fdcaa328,standalone,book_7b1f8abb4c237fe0
book_e0b713e1e05049fa,work_9af13e5d84bca309,standalone,book_e0b713e1e05049fa
book_d9d1662530c8695f,work_d6f6a2c0555ae462,standalone,book_d9d1662530c8695f
book_4988638eb1cdc64c,work_c517a55b3ba27380,standalone,book_4988638eb1cdc64c
book_94ea75d87f1f15f0,work_d56c3a19cda0ef2d,standalone,book_94ea75d87f1f15f0
book_76c9f3e8a8d9bb93,work_fc0bfe11dc407553,standalone,book_76c9f3e8a8d9bb93
book_0da11b503c4b8e38,work_91642788d8a67916,standalone,book_0da11b503c4b8e38
book_230868b59796b3d5,work_f669d73383bd556f,standalone,book_230868b59796b3d5
book_47a0e22b2125f54d,work_34dd45ef4c5d48a8,standalone,book_47a0e22b2125f54d
book_9fe946cfd39f19dc,work_2c90aa76513fa431,standalone,book_9fe946cfd39f19dc
book_3dce0b2821ff9c91,work_4321231684b0a6b8,standalone,book_3dce0b2821ff9c91
book_3548f41fa252c9a9,work_5bd546290c3eadba,standalone,book_3548f41fa252c9a9
book_77fcb95bf37de72c,work_597dba71224610f6,standalone,book_77fcb95bf37de72c
book_ba56405d43d46a31,work_29369a0f2e978085,standalone,book_ba56405d43d46a31
book_b1ae8bb7086d9a09,work_afc82dcda8277aa2,standalone,book_b1ae8bb7086d9a09
book_c597561cfe311bf9,work_039693a0fd12e3ae,standalone,book_c597561cfe311bf9
book_42ce1f5ea7706106,work_c68da43bbe895970,standalone,book_42ce1f5ea7706106
book_34764fbf0a7c9710,work_77a27785c33acd45,standalone,book_34764fbf0a7c9710
book_d7e97d2767073e92,work_8069140489974dd5,standalone,book_d7e97d2767073e92
book_830dc1d74fde34f9,work_b787684146e2301c,standalone,book_830dc1d74fde34f9
book_cd2781f2142dd723,work_9f60be3d80a17845,standalone,book_cd2781f2142dd723
book_1f5055e590084dab,work_1b47cdaa1a5794b0,standalone,book_1f5055e590084dab
book_909105c0e0598420,work_506cfecee44f1a13,standalone,book_909105c0e0598420
book_b09d75567f2b493f,work_0a53e187c28a79f4,standalone,book_b09d75567f2b493f
book_b4d00d9687991afa,work_2ee7d2b91a83ffe4,standalone,book_b4d00d9687991afa
book_a86a2843ebaca5ea,work_629ff4a0a2b02632,standalone,book_a86a2843ebaca5ea
book_323257187bed7cd9,work_90c5a90da016db82,standalone,book_323257187bed7cd9
book_884bc5bac5d9e244,work_e54ef76dc8eaedf9,standalone,book_884bc5bac5d9e244
book_506cdd63ecad4592,work_4c278318dd1e2999,standalone,book_506cdd63ecad4592
book_1602aa7aa0a0d523,work_7974dfe0e00000bc,standalone,book_1602aa7aa0a0d523
book_089801556da8422b,work_34595edbb8ce3007,standalone,book_089801556da8422b
book_b260ea08c0177911,work_e24d3c2257d5ef90,standalone,book_b260ea08c0177911
book_ad2646388f6263ed,work_37d0d56ddd52c58f,standalone,book_ad2646388f6263ed
book_705ed2a03f98ebfe,work_8a75275ebee253f1,standalone,book_705ed2a03f98ebfe
book_58e9daa4f114364d,work_be9ec709bc8a0f32,standalone,book_58e9daa4f114364d
book_18640e893c5d3557,work_9fd87a9a816b320c,standalone,book_18640e893c5d3557
book_800712e3d2d3032e,work_c777c84eef34598a,standalone,book_800712e3d2d3032e
book_a24fb5f8a3ba05ae,work_4be511132a48c05d,standalone,book_a24fb5f8a3ba05ae
book_8cdd162ae78dfc1f,work_4299411feba3a4be,standalone,book_8cdd162ae78dfc1f
book_c268a26f8e60f455,work_3a9a209c788ec69d,standalone,book_c268a26f8e60f455
book_4a8e2fb4149b5666,work_cef80d4ef7c8370e,standalone,book_4a8e2fb4149b5666
book_d3dc267128735d78,work_13bdc139d382c1b0,standalone,book_d3dc267128735d78
book_b51cefeb80503731,work_2549d3f320100461,standalone,book_b51cefeb80503731
book_2b44e7dd6dd0c700,work_fdc950918c2ff9eb,standalone,book_2b44e7dd6dd0c700
book_43a2cd51f4d9df51,work_baca864c32c6fecd,standalone,book_43a2cd51f4d9df51
book_7e2ce714f60f7338,work_b137b23dad89405a,standalone,book_7e2ce714f60f7338
book_fbb3122b8820f84d,work_80a2ade7d79f3ced,standalone,book_fbb3122b8820f84d
book_1e9e486c31b30647,work_f4caa13cd1d99d49,standalone,book_1e9e486c31b30647
book_eadf02081d632d68,work_767250725e831c50,standalone,book_eadf02081d632d68
book_949c190140cfc492,work_d1d67040c1409ab5,standalone,book_949c190140cfc492
book_e3a433799c34bab5,work_f26c652d92cd9259,standalone,book_e3a433799c34bab5
book_3bae106c638fb57e,work_c3ddfae1bc8d2349,standalone,book_3bae106c638fb57e
book_a7574ec64ef70377,work_29d904bdbe80309c,standalone,book_a7574ec64ef70377
book_b1810edb5bf340c4,work_4cdd527480e1f0bf,standalone,book_b1810edb5bf340c4
book_0152b8425ff0f80d,work_daacc3190496000e,standalone,book_0152b8425ff0f80d
book_74710ad65559bd4a,work_27f54995e507aad4,standalone,book_74710ad65559bd4a
book_214115f6e31899c0,work_e886151ba8543471,standalone,book_214115f6e31899c0
book_b52fe3cded0dbb25,work_cef4e63b7cb1a64e,standalone,book_b52fe3cded0dbb25
book_a7f2d89fa8898377,work_448772ed845880c3,standalone,book_a7f2d89fa8898377
book_35bdc4c268ea025f,work_6141e15f67e403d4,standalone,book_35bdc4c268ea025f
book_1d4f3d4df5a7b5ae,work_1a199fd6b83b977a,standalone,book_1d4f3d4df5a7b5ae
book_0babf1eda1a6260b,work_1bfc78f8ccdedc11,standalone,book_0babf1eda1a6260b
book_cfd6e12dd0c4d64a,work_d733b2cf99f56a4a,standalone,book_cfd6e12dd0c4d64a
book_a75a02b7a1012b7b,work_61ed5e8dea678cf8,standalone,book_a75a02b7a1012b7b
book_0eaf6d4c7281a4b8,work_ebcaf70f6666917a,standalone,book_0eaf6d4c7281a4b8
book_2ded543a2c17a9f3,work_05acc403775da42e,standalone,book_2ded543a2c17a9f3
book_c0bd800f78e65105,work_ef05ee96e29c7b7f,standalone,book_c0bd800f78e65105
book_878a140c5b9ba41f,work_8653d5ddd306e092,standalone,book_878a140c5b9ba41f
book_64160eacd6cde831,work_a859e96def34392f,standalone,book_64160eacd6cde831
book_67232b2e579d8c83,work_01bb7a4e7445966c,standalone,book_67232b2e579d8c83
book_02b69ea099508c4c,work_5428df0422e73933,standalone,book_02b69ea099508c4c
book_de433063c121bc45,work_65478f5d00eb0fad,standalone,book_de433063c121bc45
book_c3189d11f55f992c,work_50bb3a3289ec8244,standalone,book_c3189d11f55f992c
book_a0d90a61b51d17c4,work_4c063156b2f4e234,standalone,book_a0d90a61b51d17c4
book_096cc409483ac0ff,work_4f11e37b8a2eaa25,standalone,book_096cc409483ac0ff
book_01d42e96f67be109,work_71ebbcf81e232ee8,standalone,book_01d42e96f67be109
book_878d1e18eb6e600f,work_24b87b1afa25a880,standalone,book_878d1e18eb6e600f
book_4b84bba2fa3c97e5,work_6e2c7a37400164e7,standalone,book_4b84bba2fa3c97e5
book_d6f82c96b4ea73d4,work_464bfa60e06be3f0,standalone,book_d6f82c96b4ea73d4
book_001f16b93b0fa10b,work_d6fac95a68007b82,standalone,book_001f16b93b0fa10b
book_e44bde338eb5097e,work_a70bc547495fc742,standalone,book_e44bde338eb5097e
book_8d44d05cd4e1a622,work_15aeec684545acf2,standalone,book_8d44d05cd4e1a622
book_bf28660468813a4e,work_07038ff1cdbe71a3,standalone,book_bf28660468813a4e
book_bba47f0f3f7c98bc,work_d3bf6a045f5760ec,standalone,book_bba47f0f3f7c98bc
book_1d02e012558eebb8,work_250b2a481e924c65,standalone,book_1d02e012558eebb8
book_d65eebfc4e94b8ce,work_3c6d3cb1f6c0d477,standalone,book_d65eebfc4e94b8ce
book_6061470e278fac0a,work_093e430d3751e28d,standalone,book_6061470e278fac0a
book_47e56a188b222b5b,work_83544f04232630be,standalone,book_47e56a188b222b5b
book_d2907cd524361566,work_b6ede226a0de8d18,standalone,book_d2907cd524361566
book_a1b59c603f064ee5,work_579430b1b74f9a02,standalone,book_a1b59c603f064ee5
book_580831ba53df2d7a,work_a9f82e9ddb3c3df1,standalone,book_580831ba53df2d7a
book_dfb6576ee8401505,work_bc7f03438dba1f9e,standalone,book_dfb6576ee8401505
book_132d1ac689e3d3b7,work_dda3c37065bfa39b,standalone,book_132d1ac689e3d3b7
book_86e6bdd4e345b02f,work_87501f618e49dd75,standalone,book_86e6bdd4e345b02f
book_9009ec7479100590,work_abdf70d22579c264,standalone,book_9009ec7479100590
book_594ccbcba498d3c7,work_0c44e4a8b1f0c302,standalone,book_594ccbcba498d3c7
book_fda68e2a2611d41c,work_520d574e2a099a55,standalone,book_fda68e2a2611d41c
book_60f30f070cec95a0,work_24fa96df23cc2879,standalone,book_60f30f070cec95a0
book_85432fa7984e3ba7,work_035540bf422245d2,standalone,book_85432fa7984e3ba7
book_eef5d992d45497bf,work_4c142c12e1d9826f,standalone,book_eef5d992d45497bf
book_30ffb747837a5bc1,work_e414821981162d48,standalone,book_30ffb747837a5bc1
book_c986a3512e5ba181,work_042caaffc6d58059,standalone,book_c986a3512e5ba181
book_b86b6f2bba9da350,work_8d1da98630aff706,standalone,book_b86b6f2bba9da350
book_0fab7aad8a91f9ee,work_832a59ec0bf041c1,standalone,book_0fab7aad8a91f9ee
book_0beb72076c1640af,work_569068143c4c61f0,standalone,book_0beb72076c1640af
book_8a43d3824995be9b,work_e1355273b1380f87,standalone,book_8a43d3824995be9b
book_4b6610b1810f80d7,work_2b4ff232156c3095,standalone,book_4b6610b1810f80d7
book_7a0323d22d27677c,work_fdea78a52e6aa8aa,standalone,book_7a0323d22d27677c
book_d442ff5b90043a53,work_3c622c9906103c4f,standalone,book_d442ff5b90043a53
book_e8059b596c504154,work_ca615d27870fb7fd,standalone,book_e8059b596c504154
book_8c55c0484dfd6f11,work_1fcf1d636fc2b26c,standalone,book_8c55c0484dfd6f11
book_4810b011401f52b4,work_5b660880e44abdd6,standalone,book_4810b011401f52b4
book_6c92346844f69cfa,work_16ec4fa76c3c011b,standalone,book_6c92346844f69cfa
book_9da76ce6e4a654e1,work_bfa135fc95a6a91e,standalone,book_9da76ce6e4a654e1
book_5c32469954e35d56,work_7005bbed59d089af,standalone,book_5c32469954e35d56
book_234acc7789066f26,work_718e1a352dbdd7e9,standalone,book_234acc7789066f26
book_038d4501ccda7dfd,work_55986f5e03c254bc,standalone,book_038d4501ccda7dfd
book_1ce7c573a25ae2a4,work_5c2e8c64319c551a,standalone,book_1ce7c573a25ae2a4
book_79c55e6c8467395a,work_6d4723bd0c0e48fc,standalone,book_79c55e6c8467395a
book_3be03efd82399a00,work_6354028758497876,standalone,book_3be03efd82399a00
book_ddc0634f3e3a054b,work_ca715aa2bd515e18,standalone,book_ddc0634f3e3a054b
book_bbce498e452ce064,work_4e023aeec1aab097,standalone,book_bbce498e452ce064
book_2f510f3699b1b011,work_84f7fff0dc494ccb,standalone,book_2f510f3699b1b011
book_313473c1d9eb6016,work_9495e8197444e9ac,standalone,book_313473c1d9eb6016
book_8de80053253a6e1e,work_33e86b6c03f743be,standalone,book_8de80053253a6e1e
book_8aba30b727ebbaf3,work_3c422133655df476,standalone,book_8aba30b727ebbaf3
book_179513d0a527a2d6,work_63daf70fe412a0ef,standalone,book_179513d0a527a2d6
book_719c88f8b9e8c3f4,work_58299c14c6d36467,standalone,book_719c88f8b9e8c3f4
book_698b8d6fd06b08e9,work_845c31b67c5e6831,standalone,book_698b8d6fd06b08e9
book_cb146614bdb01b48,work_35c18d932353ea9e,standalone,book_cb146614bdb01b48
book_cce6022177b286f7,work_bd1c3b481c679509,standalone,book_cce6022177b286f7
book_e00e4560f32c0e15,work_b8236f2b7925536f,standalone,book_e00e4560f32c0e15
book_ac8a6ae3a8c214fb,work_8ab2ea1866522546,standalone,book_ac8a6ae3a8c214fb
book_2a32b26d35e0cf21,work_371737e329282366,standalone,book_2a32b26d35e0cf21
book_632d0537ea3cae52,work_b053a4e46eb64554,standalone,book_632d0537ea3cae52
book_fd6b777973e5b65f,work_f1d92738210082d1,standalone,book_fd6b777973e5b65f
book_37cd66ed055a7f47,work_f12c49a010ba5955,standalone,book_37cd66ed055a7f47
book_aa64f4c59da9b11c,work_29c03bc1eef29f5a,standalone,book_aa64f4c59da9b11c
book_1da0ac8280b08779,work_f181ce8a250390bd,standalone,book_1da0ac8280b08779
book_b067afc70b415035,work_b4634eed8736324d,standalone,book_b067afc70b415035
book_facfe03acb171219,work_a1fc8ad5bbec3daa,standalone,book_facfe03acb171219
book_df97b3a4ad2d4cfa,work_0036923315dd4b8d,standalone,book_df97b3a4ad2d4cfa
book_83bf078804402d3c,work_60d4ee570e0ec9b8,standalone,book_83bf078804402d3c
book_ce9d1beb4dc9c1b1,work_fb622b5d06c18029,standalone,book_ce9d1beb4dc9c1b1
book_5e1a69ef1e2247c2,work_79e7e3b28da8f4c4,standalone,book_5e1a69ef1e2247c2
book_99ac952e52d3a47e,work_d5be99d53fa3e44a,standalone,book_99ac952e52d3a47e
book_e08e86f0d7225aae,work_a451d15ba5436a23,standalone,book_e08e86f0d7225aae
book_f9083a7752bc829a,work_c928b27b14f537fb,standalone,book_f9083a7752bc829a
book_1ea9d5fccef2e0c2,work_42f7dbeb6968e8df,standalone,book_1ea9d5fccef2e0c2
book_70aa19c23062b63d,work_ef6611b015174c1b,standalone,book_70aa19c23062b63d
book_1cc31ada215773bd,work_21a378e1c67c79e4,standalone,book_1cc31ada215773bd
book_06ea7c34963c40b2,work_1e301ff204fc6808,standalone,book_06ea7c34963c40b2
book_850a1e299b7e2c14,work_d2f88bc67c5c2a00,standalone,book_850a1e299b7e2c14
book_cd3c7f537f0a5625,work_b16d899aaa5e2976,standalone,book_cd3c7f537f0a5625
book_c8a50f2a811100ef,work_08dc180d03482760,reconciled,book_c8a50f2a811100ef
book_9910e91c663f9e37,work_8b92c0a49fc4430c,standalone,book_9910e91c663f9e37
book_500425e5c0c507df,work_77a4bd3eed163af7,standalone,book_500425e5c0c507df
book_5db0bbda3343b61e,work_8e3aa0e0553f4b63,standalone,book_5db0bbda3343b61e
book_f9f21651aa297603,work_57af4077d35925dd,standalone,book_f9f21651aa297603
book_c96d239a6f234b60,work_5e40f546b005f10e,standalone,book_c96d239a6f234b60
book_e66679ed2b4a457e,work_de99381588d35eb8,standalone,book_e66679ed2b4a457e
book_4f201ed0949bfc28,work_f68d7d456e2725ac,standalone,book_4f201ed0949bfc28
book_39c320bc9d7f0b1c,work_cb40cef20ee50c41,standalone,book_39c320bc9d7f0b1c
book_1af28b390344df35,work_cbaf26a616d947e5,standalone,book_1af28b390344df35
book_75ef2a0367af39a7,work_310639f85dd145f4,standalone,book_75ef2a0367af39a7
book_b7a71044a4981c4a,work_3963aaefae2144f5,standalone,book_b7a71044a4981c4a
book_d371bceea5def4d9,work_52e5fd8d5e924779,standalone,book_d371bceea5def4d9
book_72b102a4f23c12f6,work_5b92e228c04c1f42,standalone,book_72b102a4f23c12f6
book_e8459726cf1d2f72,work_08dc180d03482760,reconciled,book_c8a50f2a811100ef
book_f2403c233b7c383e,work_fb9fce9386f9b2b2,standalone,book_f2403c233b7c383e
book_0c9409137abbc0e5,work_abcf5cbe671db9e7,standalone,book_0c9409137abbc0e5
book_ba6604fc58f79e7c,work_53ac120b4b04a133,standalone,book_ba6604fc58f79e7c
book_b4c3bb23346390c9,work_0e83b16b7acb7870,standalone,book_b4c3bb23346390c9
book_207fff98031cbd6b,work_8c0207f9e85e711e,standalone,book_207fff98031cbd6b
book_6695e425d3431f8a,work_d89ff6efe85cc613,standalone,book_6695e425d3431f8a
book_ef3bc70accc76eb0,work_62f769f40d080eb4,standalone,book_ef3bc70accc76eb0
book_4580312c030a84f4,work_f7ab870d02ca53f6,standalone,book_4580312c030a84f4
book_ae31cddaa8daa9ef,work_cd69c75ccbb37eb5,standalone,book_ae31cddaa8daa9ef
book_f6cf3d3622edda31,work_c87c0fd7b4efa03d,standalone,book_f6cf3d3622edda31
book_2f090b5efed90b37,work_eaa32f1077c6ab16,standalone,book_2f090b5efed90b37
book_f64e4639504bcc35,work_2b429b01e50b96e0,standalone,book_f64e4639504bcc35
book_eebb4391c5e51788,work_3e0e846ccc7b6e6c,standalone,book_eebb4391c5e51788
book_d98053cb6c6b6b18,work_09db8d8b250bb267,standalone,book_d98053cb6c6b6b18
book_04ec36e97fab4dba,work_cf2cd20bb4e3d79a,standalone,book_04ec36e97fab4dba
book_abbdbeb3e66a9dd5,work_480c3d5dd4eb9f00,standalone,book_abbdbeb3e66a9dd5
book_f93ad6a2b69a0311,work_2323c4e25869b61c,reconciled,book_c0ff09472d554f7f
book_5636100ba1d5592c,work_af77c10ba949ecd9,standalone,book_5636100ba1d5592c
book_de5efa2b40a6f85e,work_aee47ffef3992b66,standalone,book_de5efa2b40a6f85e
book_ace878d971368d4e,work_57f682fa6738eeb2,standalone,book_ace878d971368d4e
book_e5efe3be97475860,work_efe8991bda533996,standalone,book_e5efe3be97475860
book_9a2a5bf395b90251,work_8ab9521f57c54d24,standalone,book_9a2a5bf395b90251
book_07ad6185a64a8dd3,work_653e05807774dd42,standalone,book_07ad6185a64a8dd3
book_d4e3903a082c64be,work_286bfd11df1a7951,standalone,book_d4e3903a082c64be
book_5be2dd804e234dc7,work_c2f8020710c72d88,standalone,book_5be2dd804e234dc7
book_b151dd6b645fd0c0,work_f1d0d5a6ba75d88c,standalone,book_b151dd6b645fd0c0
book_18fa8253153173e6,work_0086dfcdf8c396b4,standalone,book_18fa8253153173e6
book_610c310023e99b9e,work_c5d5ce0543995c92,standalone,book_610c310023e99b9e
book_838ac6dedb736105,work_3d325e81508eca2c,standalone,book_838ac6dedb736105
book_92a26032fbb9d0cd,work_0f16ea8c678f7519,standalone,book_92a26032fbb9d0cd
book_4a8af154ab3bea4e,work_8dddc276c0803eb0,standalone,book_4a8af154ab3bea4e
book_26502e77d14e7e2e,work_a8fca475976fecb6,standalone,book_26502e77d14e7e2e
book_7677e5d9e7c30aa8,work_baa0763c06292df7,standalone,book_7677e5d9e7c30aa8
book_2c0227e5d9f1cbfb,work_0f253469c0da870c,standalone,book_2c0227e5d9f1cbfb
book_39dc64e8e80693b6,work_d9e476e80d977b57,standalone,book_39dc64e8e80693b6
book_280739a452c7816e,work_67adc92e38012268,standalone,book_280739a452c7816e
book_e22cd7eb195e896d,work_7f554398cc6bf622,standalone,book_e22cd7eb195e896d
book_122fc01253d39777,work_bd48bf70ebfb4643,standalone,book_122fc01253d39777
book_20ef35082871af9f,work_1d8f0e4d65b816bd,standalone,book_20ef35082871af9f
book_bcf1879b5f3c5b49,work_a41fb43566a84fc7,standalone,book_bcf1879b5f3c5b49
book_0f1598cfb1e8af00,work_2b0749d1f17ab102,standalone,book_0f1598cfb1e8af00
book_90cb29199ca12459,work_26426118e8c5e4c1,standalone,book_90cb29199ca12459
book_d589099aa2f605e8,work_1dafc7d96b9b74aa,standalone,book_d589099aa2f605e8
book_249b0743c7293dc3,work_819f72f32650856e,standalone,book_249b0743c7293dc3
book_d1848751e2284983,work_a4c89a44af9ca15b,standalone,book_d1848751e2284983
book_cb7518178f3ec5b4,work_9c3013b6eea383e9,standalone,book_cb7518178f3ec5b4
book_9ff6a4ffded5b3c7,work_74ff0580cb36e427,standalone,book_9ff6a4ffded5b3c7
book_e937bb19cb4bcd80,work_aaa5b928cca8bdcb,standalone,book_e937bb19cb4bcd80
book_a3ff797fa19e20a7,work_2d2f9cadfd3347e2,standalone,book_a3ff797fa19e20a7
book_ee6908cee7ec4dc6,work_fb8c2023d8207e33,standalone,book_ee6908cee7ec4dc6
book_bfdec8f415d7bdd2,work_c262529816eb454e,standalone,book_bfdec8f415d7bdd2
book_fe271002e712c165,work_28b4291d986589b6,standalone,book_fe271002e712c165
book_2fe602575d776bd1,work_bac1d466c3254fbe,standalone,book_2fe602575d776bd1
book_27ae8daeaa85abd6,work_2b60e84d5f29e1b4,standalone,book_27ae8daeaa85abd6
book_ff6daf75d7c7a01e,work_f236d41029c1f1be,standalone,book_ff6daf75d7c7a01e
book_eafe630a9e3a2234,work_5c8c0e0b40f4bfdb,standalone,book_eafe630a9e3a2234
book_f69d4cf9d33827e4,work_c42781b66219591b,standalone,book_f69d4cf9d33827e4
book_73d6d675ebca1036,work_59c1847c7394c575,standalone,book_73d6d675ebca1036
book_90bf2823e300094e,work_bbd892201b77591b,standalone,book_90bf2823e300094e
book_b4707bf1a5ff6ea0,work_301909a214ef2b8e,standalone,book_b4707bf1a5ff6ea0
book_62cfa074ade4adaf,work_41c0ad6de4f770bc,standalone,book_62cfa074ade4adaf
book_6b51c8012ea4c369,work_8341688ffd687c30,standalone,book_6b51c8012ea4c369
book_45ba3cd6d5ec869f,work_00263aca591c2091,standalone,book_45ba3cd6d5ec869f
book_82601fb7da0f0600,work_146248cba1598b6e,standalone,book_82601fb7da0f0600
book_8949d69210aae96a,work_d3dfe6cdd4a4db1a,standalone,book_8949d69210aae96a
book_5468f4ba2496aa1a,work_71460da050242cb2,standalone,book_5468f4ba2496aa1a
book_f6303fd73545c6bc,work_f92a28b40f01e353,standalone,book_f6303fd73545c6bc
book_8e28bb790fbe1431,work_65fe1a0d881763b0,standalone,book_8e28bb790fbe1431
book_c0994e264c619822,work_5dd4466d6aef7f9d,standalone,book_c0994e264c619822
book_197af603865964d9,work_f979c03861c934a0,standalone,book_197af603865964d9
book_a7f980171142f6cb,work_4cfdd7e7e6fb7521,standalone,book_a7f980171142f6cb
book_52e61f52c3b4fec7,work_3da055c04eb9c5c8,standalone,book_52e61f52c3b4fec7
book_de36a17839288769,work_5608cf91f0f1ca22,standalone,book_de36a17839288769
book_5f7122f5b574d275,work_1538321ef197ff36,standalone,book_5f7122f5b574d275
book_4b64c3749b1200f8,work_07b5d8571c2a596e,standalone,book_4b64c3749b1200f8
book_11cb5529815dc77f,work_1787bb5106766928,standalone,book_11cb5529815dc77f
book_072d3c287a4c8628,work_d34cf0f15d89f32e,standalone,book_072d3c287a4c8628
book_5ae42495039cd476,work_ea53eab8375f60ab,standalone,book_5ae42495039cd476
book_7333aa93472dd5fc,work_ab8e7db945b8e5e0,standalone,book_7333aa93472dd5fc
book_a2d172c2e5c85164,work_0da6eff5d197ca5b,standalone,book_a2d172c2e5c85164
book_bb29412804190aad,work_4ba305ac1b766689,standalone,book_bb29412804190aad
book_48667f62c102bb9d,work_cf538bf1229345aa,standalone,book_48667f62c102bb9d
book_06071b65deed7f25,work_e5088b123a08915b,standalone,book_06071b65deed7f25
book_6ea146780024a12e,work_99691c095da482f6,standalone,book_6ea146780024a12e
book_cda6eaad13b40dac,work_667be4863acce4e7,standalone,book_cda6eaad13b40dac
book_e970d0594472ee8c,work_689c652046da7779,standalone,book_e970d0594472ee8c
book_252f53617bd2198f,work_0a29b5050f1741ee,standalone,book_252f53617bd2198f
book_022faf014a3ed409,work_813fe29f00ceca99,standalone,book_022faf014a3ed409
book_513103c9f6b97f96,work_9402daeaacd29703,standalone,book_513103c9f6b97f96
book_a3aac880b14c8777,work_90566bceca6e1a61,standalone,book_a3aac880b14c8777
book_accaee5cb1be6d81,work_da5a6eb3c2f61aee,standalone,book_accaee5cb1be6d81
book_11fd0b8402c2118a,work_06ae0f18a5a319eb,standalone,book_11fd0b8402c2118a
book_b0db17d0ad20ddef,work_10b85a183c68d8c8,standalone,book_b0db17d0ad20ddef
book_9c6413b10e481136,work_1bcf5d67435d0c78,standalone,book_9c6413b10e481136
book_061e5435c4c88fe3,work_9a0349d32905885c,standalone,book_061e5435c4c88fe3
book_e583d3ecbd0ef12d,work_16c0826aa23098b1,standalone,book_e583d3ecbd0ef12d
book_e680d734bb3968b9,work_3b01b05d877a6a10,standalone,book_e680d734bb3968b9
book_1dede51e01276f01,work_294c1cfd29ffd7a8,standalone,book_1dede51e01276f01
book_89fcb89b164a3f25,work_f2800de68ab9f621,standalone,book_89fcb89b164a3f25
book_2d5ff8b32ff102ae,work_99c9b5938a8c081b,standalone,book_2d5ff8b32ff102ae
book_db68bab15660423e,work_ecb20525dcb40234,standalone,book_db68bab15660423e
book_3f89b75ec37a98f9,work_374a59308326c577,standalone,book_3f89b75ec37a98f9
book_7cb1b48825ff7bf8,work_d9e8bf8cb76e21bb,standalone,book_7cb1b48825ff7bf8
book_f92f3dc3928db010,work_5ca8812308b47061,standalone,book_f92f3dc3928db010
book_a9a5cf54d893873d,work_e91b5226006f7033,standalone,book_a9a5cf54d893873d
book_88f6488ced0babe9,work_214cab22582993f2,standalone,book_88f6488ced0babe9
book_cde11f3b4e61d9ef,work_c469790db70468d0,standalone,book_cde11f3b4e61d9ef
book_4147c9b86a6ac473,work_8a7d75f3812f27b8,standalone,book_4147c9b86a6ac473
book_91c3af20efb85409,work_1d0149a030edb419,standalone,book_91c3af20efb85409
book_b91787cd563916de,work_80489c78d5f7c018,standalone,book_b91787cd563916de
book_f8fc3b67f194563e,work_c38a5111ba67c210,standalone,book_f8fc3b67f194563e
book_1c885ff7ee24b506,work_3e6fca79bdc5aafb,standalone,book_1c885ff7ee24b506
book_f63b3bb364e06d60,work_6b032e49ad3143a3,standalone,book_f63b3bb364e06d60
book_55c446a0764f85c8,work_5ee0587df57a602f,standalone,book_55c446a0764f85c8
book_6ad645f8ce64043b,work_e882174d07f0443a,standalone,book_6ad645f8ce64043b
book_ab85794261128469,work_e3f6286f167247a8,standalone,book_ab85794261128469
book_3d8e6eb218b9edf8,work_ccd57639aa9bfe5b,standalone,book_3d8e6eb218b9edf8
book_6c53b9f802282b79,work_9ddebff670ce6c97,standalone,book_6c53b9f802282b79
book_8969b538af1e9eea,work_bf6513305cc3aa57,standalone,book_8969b538af1e9eea
book_e233ba19b110aeb7,work_b50d2bd94ddd87d4,standalone,book_e233ba19b110aeb7
book_1e3dadfc027e8da2,work_9b4e792d00ed66fd,standalone,book_1e3dadfc027e8da2
