reader_id,canonical_book_id,canonical_work_id,source_record_count,reading_status,preference_signal,evidence_strength,is_read,is_positive,is_negative,is_exposure,is_tbr,is_currently_reading,is_dnf,read_record_count,positive_record_count,negative_record_count,exposure_record_count,tbr_record_count,currently_reading_record_count,dnf_record_count,max_user_rating,latest_date_read
goodreads_sarah,book_002e301b35d9dcba,work_5f9e18d1afa2d16f,1,read,positive,strong,True,True,False,False,False,False,False,1,1,0,0,0,0,0,4.0,
goodreads_sarah,book_0038ef028214a6f0,work_d3949986735e7a31,1,unknown,unknown,unknown,False,False,False,False,False,False,False,0,0,0,0,0,0,0,0.0,
goodreads_sarah,book_008279540fb4fa3b,work_60e0945992e60914,1,unknown,unknown,unknown,False,False,False,False,False,False,False,0,0,0,0,0,0,0,0.0,
goodreads_sarah,book_0083038ea9439c43,work_9f7cf252930cc820,1,read,positive,strong,True,True,False,False,False,False,False,1,1,0,0,0,0,0,4.0,
goodreads_sarah,book_00b2dac10bc9f48d,work_b5927261e8514ccf,1,to_read,exposure_only,exposure,False,False,False,True,True,False,False,0,0,0,1,1,0,0,0.0,
goodreads_sarah,book_00b8b03058987a1f,work_384fde8c24f3112c,1,to_read,exposure_only,exposure,False,False,False,True,True,False,False,0,0,0,1,1,0,0,0.0,
goodreads_sarah,book_00f7f811a105ee56,work_aa07a1fbfba5cd42,1,unknown,unknown,unknown,False,False,False,False,False,False,False,0,0,0,0,0,0,0,0.0,
goodreads_sarah,book_0121428eee7aaf8d,work_b3ca9859cfbaa0e2,1,to_read,exposure_only,exposure,False,False,False,True,True,False,False,0,0,0,1,1,0,0,0.0,
goodreads_sarah,book_01438f6289e7f597,work_c4340f7e49712d25,1,to_read,exposure_only,exposure,False,False,False,True,True,False,False,0,0,0,1,1,0,0,0.0,
goodreads_sarah,book_014ded78530b83d3,work_d4ab8c7eeb43d803,1,to_read,exposure_only,exposure,False,False,False,True,True,False,False,0,0,0,1,1,0,0,0.0,
goodreads_sarah,book_01fa0b676b74c7cd,work_31cad849e654ad5b,1,to_read,exposure_only,exposure,False,False,False,True,True,False,False,0,0,0,1,1,0,0,0.0,
goodreads_sarah,book_020f80cc0fca5a0a,work_23b1526d164d9eb8,1,unknown,unknown,unknown,False,False,False,False,False,False,False,0,0,0,0,0,0,0,0.0,
goodreads_sarah,book_021117c13480afef,work_ba9ba13b433ac925,1,to_read,exposure_only,exposure,False,False,False,True,True,False,False,0,0,0,1,1,0,0,0.0,
goodreads_sarah,book_02294b896e03bdd1,work_96561e6733e7e8de,1,to_read,exposure_only,exposure,False,False,False,True,True,False,False,0,0,0,1,1,0,0,0.0,
goodreads_sarah,book_023633bbf0117a08,work_ab9aad898e521e50,1,to_read,exposure_only,exposure,False,False,False,True,True,False,False,0,0,0,1,1,0,0,0.0,
goodreads_sarah,book_024b5ae49dbc3c5a,work_b5f85c7f277d3e73,1,to_read,exposure_only,exposure,False,False,False,True,True,False,False,0,0,0,1,1,0,0,0.0,
goodreads_sarah,book_026710c4443fc6d5,work_52d2c8779c983d31,1,to_read,exposure_only,exposure,False,False,False,True,True,False,False,0,0,0,1,1,0,0,0.0,
goodreads_sarah,book_026ca13b42208817,work_2d187b5c9672627a,1,to_read,exposure_only,exposure,False,False,False,True,True,False,False,0,0,0,1,1,0,0,0.0,
goodreads_sarah,book_027329fe29d467d6,work_85b5b61e645159bb,1,read,positive,strong,True,True,False,False,False,False,False,1,1,0,0,0,0,0,4.0,
goodreads_sarah,book_028a98cc0b0843d0,work_8f2743a6b73865f8,1,read,positive,strong,True,True,False,False,False,False,False,1,1,0,0,0,0,0,3.0,
goodreads_sarah,book_02a95fac341d226b,work_e3ecff5553429fd9,1,to_read,exposure_only,exposure,False,False,False,True,True,False,False,0,0,0,1,1,0,0,0.0,
goodreads_sarah,book_02b36f8d4b23c34e,work_053ec4b5a5c51e73,1,to_read,exposure_only,exposure,False,False,False,True,True,False,False,0,0,0,1,1,0,0,0.0,
goodreads_sarah,book_02d6f3707770fd7f,work_4cea2b16ea6075a9,1,read,positive,strong,True,True,False,False,False,False,False,1,1,0,0,0,0,0,4.0,
goodreads_sarah,book_02efe01f42dceb56,work_131a9f8a1b6dc49e,1,to_read,exposure_only,exposure,False,False,False,True,True,False,False,0,0,0,1,1,0,0,0.0,
goodreads_sarah,book_03273fe3bd9a1c0c,work_46c951af8737b73f,1,to_read,exposure_only,exposure,False,False,False,True,True,False,False,0,0,0,1,1,0,0,0.0,
goodreads_sarah,book_0341e75edd81937a,work_3da8046941ba00ca,1,read,negative,negative,True,False,True,False,False,False,False,1,0,1,0,0,0,0,2.0,
goodreads_sarah,book_0353a6acdff51433,work_cec4bb83c68c1942,1,read,positive,strong,True,True,False,False,False,False,False,1,1,0,0,0,0,0,3.0,2022-02-24T00:00:00+00:00
goodreads_sarah,book_03554c77b6161d17,work_08a85fbba11e9c82,1,to_read,exposure_only,exposure,False,False,False,True,True,False,False,0,0,0,1,1,0,0,0.0,
goodreads_sarah,book_03571b8ba158bee8,work_42b1ac8d75b8d3a5,1,unknown,unknown,unknown,False,False,False,False,False,False,False,0,0,0,0,0,0,0,0.0,
goodreads_sarah,book_0360c3365af0a7e3,work_ae2822a627d191f1,1,to_read,exposure_only,exposure,False,False,False,True,True,False,False,0,0,0,1,1,0,0,0.0,
goodreads_sarah,book_036a5f8705d8c0a3,work_d9f234c7513d358f,1,read,positive,strong,True,True,False,False,False,False,False,1,1,0,0,0,0,0,4.0,
goodreads_sarah,book_038f8a8eb4613df6,work_b46cfd8f75f505bc,1,to_read,exposure_only,exposure,False,False,False,True,True,False,False,0,0,0,1,1,0,0,0.0,
goodreads_sarah,book_03ea3d6b54d2c40a,work_d42145036339db05,1,read,positive,strong,True,True,False,False,False,False,False,1,1,0,0,0,0,0,5.0,2024-12-07T00:00:00+00:00
goodreads_sarah,book_0428482618a35b50,work_38c0a6b544e637b1,1,to_read,exposure_only,exposure,False,False,False,True,True,False,False,0,0,0,1,1,0,0,0.0,
goodreads_sarah,book_04314c457ac17307,work_f7741b4ddabc7ce7,1,to_read,exposure_only,exposure,False,False,False,True,True,False,False,0,0,0,1,1,0,0,0.0,
goodreads_sarah,book_045daf1b352e4893,work_6ee645b32b467ed7,1,read,positive,strong,True,True,False,False,False,False,False,1,1,0,0,0,0,0,3.0,
goodreads_sarah,book_04764d4825d6b646,work_fa35c4e2651dbad2,1,read,positive,strong,True,True,False,False,False,False,False,1,1,0,0,0,0,0,3.0,2025-04-15T00:00:00+00:00
goodreads_sarah,book_047a77e05b6cbac7,work_c5216d57c32e8045,1,to_read,exposure_only,exposure,False,False,False,True,True,False,False,0,0,0,1,1,0,0,0.0,
goodreads_sarah,book_04ab0e4ac5ecce81,work_54c7cacf90fba185,1,to_read,exposure_only,exposure,False,False,False,True,True,False,False,0,0,0,1,1,0,0,0.0,
goodreads_sarah,book_04d4d34c31bf24c1,work_79ba04e3977a807a,1,to_read,exposure_only,exposure,False,False,False,True,True,False,False,0,0,0,1,1,0,0,0.0,
goodreads_sarah,book_05697fabaa75dc64,work_cabb05c792b4d060,1,read,positive,strong,True,True,False,False,False,False,False,1,1,0,0,0,0,0,4.0,
goodreads_sarah,book_05a06f064da9ebb4,work_1146b1e43529b12c,1,to_read,exposure_only,exposure,False,False,False,True,True,False,False,0,0,0,1,1,0,0,0.0,
goodreads_sarah,book_05bfaffd4abad231,work_d008cab274f63f2f,1,to_read,exposure_only,exposure,False,False,False,True,True,False,False,0,0,0,1,1,0,0,0.0,
goodreads_sarah,book_060f9af46ec83488,work_493764c49405b31b,1,unknown,unknown,unknown,False,False,False,False,False,False,False,0,0,0,0,0,0,0,0.0,
goodreads_sarah,book_0610aaec503a12a6,work_9be01364e0e40e55,1,unknown,unknown,unknown,False,False,False,False,False,False,False,0,0,0,0,0,0,0,0.0,
goodreads_sarah,book_062916d5c9f62ec3,work_efc04a4ad62ea1b5,1,read,positive,strong,True,True,False,False,False,False,False,1,1,0,0,0,0,0,4.0,
goodreads_sarah,book_064f2771f6387370,work_7f8d430dc3ce2749,1,read,positive,strong,True,True,False,False,False,False,False,1,1,0,0,0,0,0,4.0,
goodreads_sarah,book_07214450b8326da4,work_0c885a2d197d3b11,1,to_read,exposure_only,exposure,False,False,False,True,True,False,False,0,0,0,1,1,0,0,0.0,
goodreads_sarah,book_0806dac446e5455f,work_28bce5b470c6ecaf,1,to_read,exposure_only,exposure,False,False,False,True,True,False,False,0,0,0,1,1,0,0,0.0,
goodreads_sarah,book_080e8fe0ed0c7de5,work_986498b0d2caeea2,1,currently_reading,exposure_only,exposure,False,False,False,True,False,True,False,0,0,0,1,0,1,0,0.0,
goodreads_sarah,book_08a76271249bbe20,work_db5726e5e6dee7d6,1,to_read,exposure_only,exposure,False,False,False,True,True,False,False,0,0,0,1,1,0,0,0.0,
goodreads_sarah,book_08b260e73af784c1,work_1dad4916437df019,1,to_read,exposure_only,exposure,False,False,False,True,True,False,False,0,0,0,1,1,0,0,0.0,
goodreads_sarah,book_08b7bfbf3c345369,work_8e763fe914afafd8,1,to_read,exposure_only,exposure,False,False,False,True,True,False,False,0,0,0,1,1,0,0,0.0,
goodreads_sarah,book_08e5f9b933c84eb0,work_51b49e12e28b9afe,1,read,positive,strong,True,True,False,False,False,False,False,1,1,0,0,0,0,0,5.0,2026-04-27T00:00:00+00:00
goodreads_sarah,book_0947910e6e5a722c,work_665356a790606742,1,read,positive,strong,True,True,False,False,False,False,False,1,1,0,0,0,0,0,5.0,
goodreads_sarah,book_098583d375418b17,work_0f4cae4dcbfe15a6,1,unknown,unknown,unknown,False,False,False,False,False,False,False,0,0,0,0,0,0,0,0.0,
goodreads_sarah,book_0a15f503b683903c,work_2fd80f5924c65417,1,read,positive,strong,True,True,False,False,False,False,False,1,1,0,0,0,0,0,4.0,
goodreads_sarah,book_0a2ea9e04a77cd09,work_61679a48a58bc9db,1,to_read,exposure_only,exposure,False,False,False,True,True,False,False,0,0,0,1,1,0,0,0.0,
goodreads_sarah,book_0a3fee4f55f69e68,work_3d8083529f0f7f82,1,read,positive,strong,True,True,False,False,False,False,False,1,1,0,0,0,0,0,4.0,
goodreads_sarah,book_0a8ae00d02c02591,work_6a519e5e31c363b7,1,read,positive,strong,True,True,False,False,False,False,False,1,1,0,0,0,0,0,3.0,
goodreads_sarah,book_0b05eab50a0f887e,work_32dab3486d8e8509,1,to_read,exposure_only,exposure,False,False,False,True,True,False,False,0,0,0,1,1,0,0,0.0,
goodreads_sarah,book_0b88ac2b9391b47b,work_f7ad9645466cafa2,1,to_read,exposure_only,exposure,False,False,False,True,True,False,False,0,0,0,1,1,0,0,0.0,
goodreads_sarah,book_0c41c1beb241b5b7,work_4c00638745c74643,1,to_read,exposure_only,exposure,False,False,False,True,True,False,False,0,0,0,1,1,0,0,0.0,
goodreads_sarah,book_0c5332017a5ef7ef,work_e53ef01f8cf3c181,1,read,positive,strong,True,True,False,False,False,False,False,1,1,0,0,0,0,0,3.0,2022-01-28T00:00:00+00:00
goodreads_sarah,book_0c67a32920033261,work_ee0a7b86471ced6c,1,to_read,exposure_only,exposure,False,False,False,True,True,False,False,0,0,0,1,1,0,0,0.0,
goodreads_sarah,book_0cbb419d661f6ea5,work_7485b00fad50fdde,1,to_read,exposure_only,exposure,False,False,False,True,True,False,False,0,0,0,1,1,0,0,0.0,
goodreads_sarah,book_0d1d8a2d1ac388bf,work_6d73fdb11305ffdd,1,unknown,unknown,unknown,False,False,False,False,False,False,False,0,0,0,0,0,0,0,0.0,
goodreads_sarah,book_0d22634f2c2343b3,work_69484511182a3999,1,to_read,exposure_only,exposure,False,False,False,True,True,False,False,0,0,0,1,1,0,0,0.0,
goodreads_sarah,book_0d297a7510cce2ab,work_d77882a2182b7de4,1,to_read,exposure_only,exposure,False,False,False,True,True,False,False,0,0,0,1,1,0,0,0.0,
goodreads_sarah,book_0d2feebbe9ed3f5f,work_953cbe6cfd83847f,1,to_read,exposure_only,exposure,False,False,False,True,True,False,False,0,0,0,1,1,0,0,0.0,
goodreads_sarah,book_0d3ca5f0890b8ee8,work_e719eaa271cb6762,1,to_read,exposure_only,exposure,False,False,False,True,True,False,False,0,0,0,1,1,0,0,0.0,
goodreads_sarah,book_0d41c021e48530d2,work_cb2d032155b7c3bb,1,read,positive,strong,True,True,False,False,False,False,False,1,1,0,0,0,0,0,4.0,
goodreads_sarah,book_0d4cc0e7aa24f4ba,work_b72bc1031762f312,1,read,positive,strong,True,True,False,False,False,False,False,1,1,0,0,0,0,0,3.0,2024-10-22T00:00:00+00:00
goodreads_sarah,book_0e14ec2933cc9b52,work_66f3feec192c411c,1,to_read,exposure_only,exposure,False,False,False,True,True,False,False,0,0,0,1,1,0,0,0.0,
goodreads_sarah,book_0e2f8e2a899cca1e,work_99c8bb8a5ea52e19,1,unknown,unknown,unknown,False,False,False,False,False,False,False,0,0,0,0,0,0,0,0.0,
goodreads_sarah,book_0e58e94bebe3f2ec,work_e0acc766fa9a5a61,1,read,positive,strong,True,True,False,False,False,False,False,1,1,0,0,0,0,0,5.0,2025-06-22T00:00:00+00:00
goodreads_sarah,book_0e6e664e0c4b4b0b,work_e49577e3a7cf527b,1,to_read,exposure_only,exposure,False,False,False,True,True,False,False,0,0,0,1,1,0,0,0.0,
goodreads_sarah,book_0e6f1b03d07c74eb,work_948d3116f8da19bf,1,to_read,exposure_only,exposure,False,False,False,True,True,False,False,0,0,0,1,1,0,0,0.0,
goodreads_sarah,book_0e925dc0e460325b,work_6001a99c8be7c44d,1,unknown,unknown,unknown,False,False,False,False,False,False,False,0,0,0,0,0,0,0,0.0,
goodreads_sarah,book_0ea2507848cf6d7f,work_f1f25febb558fb27,1,read,positive,strong,True,True,False,False,False,False,False,1,1,0,0,0,0,0,4.0,2025-03-18T00:00:00+00:00
goodreads_sarah,book_0eaf1d7084fe2bfa,work_ed76dee3fad88d54,1,to_read,exposure_only,exposure,False,False,False,True,True,False,False,0,0,0,1,1,0,0,0.0,
goodreads_sarah,book_0ec5834290ba2a13,work_7d5830a15df87ad6,1,to_read,exposure_only,exposure,False,False,False,True,True,False,False,0,0,0,1,1,0,0,0.0,
goodreads_sarah,book_0eee64735fefecf1,work_d5e519aecabd8cf8,1,to_read,exposure_only,exposure,False,False,False,True,True,False,False,0,0,0,1,1,0,0,0.0,
goodreads_sarah,book_0fa9e8aeed28d398,work_7d84d3bc54aac0b1,1,read,positive,strong,True,True,False,False,False,False,False,1,1,0,0,0,0,0,4.0,2025-12-14T00:00:00+00:00
goodreads_sarah,book_0fb7b804a7311bce,work_dcacd127809eb064,1,to_read,exposure_only,exposure,False,False,False,True,True,False,False,0,0,0,1,1,0,0,0.0,
goodreads_sarah,book_0fe94597b9a11507,work_f3707abcc03eedee,1,to_read,exposure_only,exposure,False,False,False,True,True,False,False,0,0,0,1,1,0,0,0.0,
goodreads_sarah,book_101b6947378a4ebb,work_bc4738cdf6e1728f,1,to_read,exposure_only,exposure,False,False,False,True,True,False,False,0,0,0,1,1,0,0,0.0,
goodreads_sarah,book_101bed7655530eb8,work_f7ba93194afb7a90,2,to_read,exposure_only,exposure,False,False,False,True,True,False,False,0,0,0,2,2,0,0,0.0,
goodreads_sarah,book_1027e9ecde360e02,work_5ae80fe3f28f65f5,1,read,positive,strong,True,True,False,False,False,False,False,1,1,0,0,0,0,0,3.0,2026-05-27T00:00:00+00:00
goodreads_sarah,book_10333cc80afd1596,work_6d228845ffb4f992,1,to_read,exposure_only,exposure,False,False,False,True,True,False,False,0,0,0,1,1,0,0,0.0,
goodreads_sarah,book_1037a14d5f5e335b,work_d31dba3fb5a87b5f,1,to_read,exposure_only,exposure,False,False,False,True,True,False,False,0,0,0,1,1,0,0,0.0,
goodreads_sarah,book_104094744d52340e,work_49948179b7595fbf,1,to_read,exposure_only,exposure,False,False,False,True,True,False,False,0,0,0,1,1,0,0,0.0,
goodreads_sarah,book_105b4bde5891ddbb,work_673120d3304aa341,1,to_read,exposure_only,exposure,False,False,False,True,True,False,False,0,0,0,1,1,0,0,0.0,
goodreads_sarah,book_106cbb5415fe887b,work_277457cd99f7105a,1,to_read,exposure_only,exposure,False,False,False,True,True,False,False,0,0,0,1,1,0,0,0.0,
goodreads_sarah,book_107bcbdc2ca9789a,work_5caa27756dcc1dd7,1,unknown,unknown,unknown,False,False,False,False,False,False,False,0,0,0,0,0,0,0,0.0,
goodreads_sarah,book_107c419faf705a8e,work_8dd07a59987ae606,1,to_read,exposure_only,exposure,False,False,False,True,True,False,False,0,0,0,1,1,0,0,0.0,
goodreads_sarah,book_10d18597cb73d513,work_ebaf48fd84ae1824,1,read,positive,strong,True,True,False,False,False,False,False,1,1,0,0,0,0,0,3.0,2024-04-25T00:00:00+00:00
goodreads_sarah,book_10eb11b3822ace4b,work_3f0bb8ccf80b407d,1,to_read,exposure_only,exposure,False,False,False,True,True,False,False,0,0,0,1,1,0,0,0.0,
goodreads_sarah,book_114395ae2ec57a85,work_53f82345e5b36774,1,to_read,exposure_only,exposure,False,False,False,True,True,False,False,0,0,0,1,1,0,0,0.0,
goodreads_sarah,book_11d14aa2472ae51a,work_fca438ea349bde3f,1,read,positive,strong,True,True,False,False,False,False,False,1,1,0,0,0,0,0,5.0,
goodreads_sarah,book_1249b9c1c1075c81,work_697029f9d10efe1c,1,read,positive,strong,True,True,False,False,False,False,False,1,1,0,0,0,0,0,5.0,2025-03-25T00:00:00+00:00
goodreads_sarah,book_12651585aed92e97,work_e7d60f92572c4b9d,1,to_read,exposure_only,exposure,False,False,False,True,True,False,False,0,0,0,1,1,0,0,0.0,
goodreads_sarah,book_12bde776c64a1565,work_738836c145c41841,1,read,positive,strong,True,True,False,False,False,False,False,1,1,0,0,0,0,0,5.0,
goodreads_sarah,book_12e0f667a2ddd23e,work_98d6aa2ae524519c,1,read,positive,strong,True,True,False,False,False,False,False,1,1,0,0,0,0,0,3.0,
goodreads_sarah,book_136b90e3dec2b9fc,work_ec6463e1494aabc3,1,read,positive,strong,True,True,False,False,False,False,False,1,1,0,0,0,0,0,4.0,
goodreads_sarah,book_1396c10befb75fd8,work_bb5acab93851840a,1,to_read,exposure_only,exposure,False,False,False,True,True,False,False,0,0,0,1,1,0,0,0.0,
goodreads_sarah,book_14106732d17fa2e8,work_e1d22a9b9e85fa92,1,to_read,exposure_only,exposure,False,False,False,True,True,False,False,0,0,0,1,1,0,0,0.0,
goodreads_sarah,book_14258d8adfac52a9,work_4f73db7522bc8104,1,read,positive,strong,True,True,False,False,False,False,False,1,1,0,0,0,0,0,4.0,
goodreads_sarah,book_150df1e99bc73021,work_d019354b03165a0f,1,to_read,exposure_only,exposure,False,False,False,True,True,False,False,0,0,0,1,1,0,0,0.0,
goodreads_sarah,book_154212779718d315,work_9bd3c3a78d815af9,1,to_read,exposure_only,exposure,False,False,False,True,True,False,False,0,0,0,1,1,0,0,0.0,
goodreads_sarah,book_15682e7e2eff58de,work_90acb611419efb05,1,read,positive,strong,True,True,False,False,False,False,False,1,1,0,0,0,0,0,4.0,2025-11-10T00:00:00+00:00
goodreads_sarah,book_15c4707452ab6399,work_d62649d850684a09,1,to_read,exposure_only,exposure,False,False,False,True,True,False,False,0,0,0,1,1,0,0,0.0,
goodreads_sarah,book_15c6e45ab5de2f3c,work_6b5725f2385a54cd,1,unknown,unknown,unknown,False,False,False,False,False,False,False,0,0,0,0,0,0,0,0.0,
goodreads_sarah,book_15e009980a37bfaf,work_7586620eb0e8c659,1,to_read,exposure_only,exposure,False,False,False,True,True,False,False,0,0,0,1,1,0,0,0.0,
goodreads_sarah,book_15f7bcdbedf1bf31,work_59747f6a7d9f6935,1,to_read,exposure_only,exposure,False,False,False,True,True,False,False,0,0,0,1,1,0,0,0.0,
goodreads_sarah,book_1603e89892336d3b,work_8c6bbac74cc39c7e,1,to_read,exposure_only,exposure,False,False,False,True,True,False,False,0,0,0,1,1,0,0,0.0,
goodreads_sarah,book_162853f328f0803c,work_be3e8e912897438c,1,to_read,exposure_only,exposure,False,False,False,True,True,False,False,0,0,0,1,1,0,0,0.0,
goodreads_sarah,book_1635c3d4b962367a,work_d6aad1132259b0f3,1,to_read,exposure_only,exposure,False,False,False,True,True,False,False,0,0,0,1,1,0,0,0.0,
goodreads_sarah,book_16c796ea78276e4e,work_f095793a676d9dcd,1,to_read,exposure_only,exposure,False,False,False,True,True,False,False,0,0,0,1,1,0,0,0.0,
goodreads_sarah,book_171b8d19d754de64,work_ef5d2a23148cfdcf,1,read,positive,strong,True,True,False,False,False,False,False,1,1,0,0,0,0,0,4.0,
goodreads_sarah,book_1727b8e289c3f5bb,work_1b68210a128b45d3,1,read,positive,strong,True,True,False,False,False,False,False,1,1,0,0,0,0,0,4.0,
goodreads_sarah,book_173aa4e0e1b20e55,work_bc7a1a5d953fa6f5,1,to_read,exposure_only,exposure,False,False,False,True,True,False,False,0,0,0,1,1,0,0,0.0,
goodreads_sarah,book_174a5261fa0ec0ee,work_8253a6f431fb77b7,1,read,positive,strong,True,True,False,False,False,False,False,1,1,0,0,0,0,0,4.0,2021-02-14T00:00:00+00:00
goodreads_sarah,book_174f4f9e54b0daa9,work_e23d19e6ce038ff5,1,to_read,exposure_only,exposure,False,False,False,True,True,False,False,0,0,0,1,1,0,0,0.0,
goodreads_sarah,book_17538432ef226920,work_9e6415bd5137f8fd,1,unknown,unknown,unknown,False,False,False,False,False,False,False,0,0,0,0,0,0,0,0.0,
goodreads_sarah,book_178041fc6dbf5a14,work_e809526479a7fd0b,1,read,positive,strong,True,True,False,False,False,False,False,1,1,0,0,0,0,0,5.0,
goodreads_sarah,book_181b17a845410a93,work_0eb9c312d5d3ce53,1,read,positive,strong,True,True,False,False,False,False,False,1,1,0,0,0,0,0,5.0,2022-02-13T00:00:00+00:00
goodreads_sarah,book_1828fccc4e39b9e7,work_610c9683517c393d,1,to_read,exposure_only,exposure,False,False,False,True,True,False,False,0,0,0,1,1,0,0,0.0,
goodreads_sarah,book_186cc4cfbccd92a1,work_fa1785728813ffca,1,unknown,unknown,unknown,False,False,False,False,False,False,False,0,0,0,0,0,0,0,0.0,
goodreads_sarah,book_1870e72e3a43eb2d,work_acaf1e683377572f,1,read,positive,strong,True,True,False,False,False,False,False,1,1,0,0,0,0,0,4.0,
goodreads_sarah,book_187ad33dc4740bce,work_79320435d224624e,1,read,positive,strong,True,True,False,False,False,False,False,1,1,0,0,0,0,0,4.0,
goodreads_sarah,book_18a907b95cbac817,work_1597c7e9ec59f1bf,1,read,positive,strong,True,True,False,False,False,False,False,1,1,0,0,0,0,0,4.0,2021-11-21T00:00:00+00:00
goodreads_sarah,book_18af4e0c63fc5e5a,work_b104a89fea2fbf9b,1,to_read,exposure_only,exposure,False,False,False,True,True,False,False,0,0,0,1,1,0,0,0.0,
goodreads_sarah,book_18e34f2efbd66cfe,work_8f0aa29ed27d9f27,1,read,positive,strong,True,True,False,False,False,False,False,1,1,0,0,0,0,0,3.0,
goodreads_sarah,book_191f7524aca5213e,work_a01b275a18d4946b,1,unknown,unknown,unknown,False,False,False,False,False,False,False,0,0,0,0,0,0,0,0.0,
goodreads_sarah,book_19b1045f28c26571,work_3f128f86eca3afad,1,to_read,exposure_only,exposure,False,False,False,True,True,False,False,0,0,0,1,1,0,0,0.0,
goodreads_sarah,book_19b15bc8b33988eb,work_9abc5319bf129508,1,read,positive,strong,True,True,False,False,False,False,False,1,1,0,0,0,0,0,3.0,2026-05-04T00:00:00+00:00
goodreads_sarah,book_19d4bc24c7cea90d,work_26f7878604370bef,1,to_read,exposure_only,exposure,False,False,False,True,True,False,False,0,0,0,1,1,0,0,0.0,
goodreads_sarah,book_19f42dbc0faec7f1,work_258c0af1ed8d85dd,1,read,positive,strong,True,True,False,False,False,False,False,1,1,0,0,0,0,0,3.0,
goodreads_sarah,book_1a17476ef9783c07,work_5264c75b29c2afc7,1,to_read,exposure_only,exposure,False,False,False,True,True,False,False,0,0,0,1,1,0,0,0.0,
goodreads_sarah,book_1a280bb275bf85ad,work_b8a345de2dd0ec1a,1,to_read,exposure_only,exposure,False,False,False,True,True,False,False,0,0,0,1,1,0,0,0.0,
goodreads_sarah,book_1a49b38f34588e14,work_4144daf022189b4c,1,to_read,exposure_only,exposure,False,False,False,True,True,False,False,0,0,0,1,1,0,0,0.0,
goodreads_sarah,book_1a5a4a13f767b114,work_00553c3b1154812f,1,to_read,exposure_only,exposure,False,False,False,True,True,False,False,0,0,0,1,1,0,0,0.0,
goodreads_sarah,book_1a67103d3f37baf9,work_b97351338079df3c,1,unknown,unknown,unknown,False,False,False,False,False,False,False,0,0,0,0,0,0,0,0.0,
goodreads_sarah,book_1a73677bda3e2210,work_c0d3429981c26143,1,read,positive,strong,True,True,False,False,False,False,False,1,1,0,0,0,0,0,3.0,
goodreads_sarah,book_1a8aa51e8320c069,work_fc20594bbc5d22d4,1,read,positive,strong,True,True,False,False,False,False,False,1,1,0,0,0,0,0,4.0,
goodreads_sarah,book_1a93269597b88d81,work_4cfc9e9a3109557b,1,to_read,exposure_only,exposure,False,False,False,True,True,False,False,0,0,0,1,1,0,0,0.0,
goodreads_sarah,book_1ae55d71b7693ad8,work_ff1138732ee7ae8f,1,to_read,exposure_only,exposure,False,False,False,True,True,False,False,0,0,0,1,1,0,0,0.0,
goodreads_sarah,book_1af9b4f4231bd867,work_6e0803d1b35329f9,1,read,positive,strong,True,True,False,False,False,False,False,1,1,0,0,0,0,0,4.0,
goodreads_sarah,book_1b6e2ec46f71ac7f,work_f058cf07df1fa14f,1,to_read,exposure_only,exposure,False,False,False,True,True,False,False,0,0,0,1,1,0,0,0.0,
goodreads_sarah,book_1bdabc6c5058bfec,work_8ba665eab0dab10b,1,to_read,exposure_only,exposure,False,False,False,True,True,False,False,0,0,0,1,1,0,0,0.0,
goodreads_sarah,book_1be44524d64b3f43,work_97ed4057b4c8eac3,1,read,positive,strong,True,True,False,False,False,False,False,1,1,0,0,0,0,0,4.0,2024-11-01T00:00:00+00:00
goodreads_sarah,book_1be90325acb21bdd,work_af7d0d9a3b617b22,1,read,positive,strong,True,True,False,False,False,False,False,1,1,0,0,0,0,0,4.0,
goodreads_sarah,book_1bf5bc4ed442169b,work_a91fdb33e3696e06,1,to_read,exposure_only,exposure,False,False,False,True,True,False,False,0,0,0,1,1,0,0,0.0,
goodreads_sarah,book_1c37383ff17c7b04,work_f67602fa3a9eafa9,1,to_read,exposure_only,exposure,False,False,False,True,True,False,False,0,0,0,1,1,0,0,0.0,
goodreads_sarah,book_1c5012e9c08bbaab,work_715c8e629deba241,1,to_read,exposure_only,exposure,False,False,False,True,True,False,False,0,0,0,1,1,0,0,0.0,
goodreads_sarah,book_1c6ebfe79606f8f2,work_66512de1c73c2992,1,to_read,exposure_only,exposure,False,False,False,True,True,False,False,0,0,0,1,1,0,0,0.0,
goodreads_sarah,book_1c9be7c86e238907,work_7bb1e5f73435ff05,1,to_read,exposure_only,exposure,False,False,False,True,True,False,False,0,0,0,1,1,0,0,0.0,
goodreads_sarah,book_1cb366e017f89a89,work_97fe78ac88490445,1,read,positive,strong,True,True,False,False,False,False,False,1,1,0,0,0,0,0,4.0,2024-04-21T00:00:00+00:00
goodreads_sarah,book_1cc45ad032983a9d,work_a674b3024bfbb853,1,read,positive,strong,True,True,False,False,False,False,False,1,1,0,0,0,0,0,5.0,
goodreads_sarah,book_1cc5629f2e25bc53,work_1ee49f3a2bff9251,1,read,positive,strong,True,True,False,False,False,False,False,1,1,0,0,0,0,0,5.0,2026-03-31T00:00:00+00:00
goodreads_sarah,book_1ccbd8e7e8ccfa8c,work_06f202ac270e203c,1,to_read,exposure_only,exposure,False,False,False,True,True,False,False,0,0,0,1,1,0,0,0.0,
goodreads_sarah,book_1ccf7780331c92b3,work_1f5ea41df0eb5d3a,1,read,positive,strong,True,True,False,False,False,False,False,1,1,0,0,0,0,0,3.0,
goodreads_sarah,book_1d34d35f05a689d3,work_0890e8f08830f75e,1,read,positive,strong,True,True,False,False,False,False,False,1,1,0,0,0,0,0,5.0,
goodreads_sarah,book_1d82ce1d3113c812,work_2c1eff7314018c8e,1,to_read,exposure_only,exposure,False,False,False,True,True,False,False,0,0,0,1,1,0,0,0.0,
goodreads_sarah,book_1d890353fddbc2d8,work_6adbf5e59d1c218e,1,to_read,exposure_only,exposure,False,False,False,True,True,False,False,0,0,0,1,1,0,0,0.0,
goodreads_sarah,book_1da5c040393566d6,work_fa57c656084f2129,1,to_read,exposure_only,exposure,False,False,False,True,True,False,False,0,0,0,1,1,0,0,0.0,
goodreads_sarah,book_1de87e2ddb5cc056,work_126357b60fa5e37c,1,read,positive,strong,True,True,False,False,False,False,False,1,1,0,0,0,0,0,4.0,2026-03-22T00:00:00+00:00
goodreads_sarah,book_1e65d89909f8db41,work_dbe839c6c8aac35e,1,read,positive,strong,True,True,False,False,False,False,False,1,1,0,0,0,0,0,4.0,
goodreads_sarah,book_1f0490148e9685d6,work_c97013f8f5348071,1,read,positive,strong,True,True,False,False,False,False,False,1,1,0,0,0,0,0,4.0,
goodreads_sarah,book_1f07468dc519ab84,work_3260aa6ff01e6466,1,read,positive,strong,True,True,False,False,False,False,False,1,1,0,0,0,0,0,4.0,
goodreads_sarah,book_1f0f3cb30a0182e1,work_80bf303f0cce5949,1,to_read,exposure_only,exposure,False,False,False,True,True,False,False,0,0,0,1,1,0,0,0.0,
goodreads_sarah,book_1f2880bda1ff6031,work_a2e99f8a51227507,1,read,positive,strong,True,True,False,False,False,False,False,1,1,0,0,0,0,0,3.0,
goodreads_sarah,book_1f395a50d2968dcf,work_955e25370b61972f,1,to_read,exposure_only,exposure,False,False,False,True,True,False,False,0,0,0,1,1,0,0,0.0,
goodreads_sarah,book_1f68c620dbea3a86,work_682fe00b6ffecf72,1,read,positive,strong,True,True,False,False,False,False,False,1,1,0,0,0,0,0,4.0,2024-10-17T00:00:00+00:00
goodreads_sarah,book_1f6bb045256870cd,work_808becb3d99f4c76,1,to_read,exposure_only,exposure,False,False,False,True,True,False,False,0,0,0,1,1,0,0,0.0,
goodreads_sarah,book_1f6f1155a29dfe46,work_29ada91178e0ec41,1,read,positive,strong,True,True,False,False,False,False,False,1,1,0,0,0,0,0,5.0,
goodreads_sarah,book_1f9643edf659df5d,work_9c6bcd77d22e1e4c,1,to_read,exposure_only,exposure,False,False,False,True,True,False,False,0,0,0,1,1,0,0,0.0,
goodreads_sarah,book_1fe6d672f090ee76,work_21a9bcf1f0e2f00a,1,to_read,exposure_only,exposure,False,False,False,True,True,False,False,0,0,0,1,1,0,0,0.0,
goodreads_sarah,book_1ff97fe3041f78bb,work_da4c7636f61bc438,1,to_read,exposure_only,exposure,False,False,False,True,True,False,False,0,0,0,1,1,0,0,0.0,
goodreads_sarah,book_2010fb81f3a0d6b1,work_1f6b125885ea735d,1,to_read,exposure_only,exposure,False,False,False,True,True,False,False,0,0,0,1,1,0,0,0.0,
goodreads_sarah,book_205527c6c787b5c6,work_2d03d7d70ab71c50,1,to_read,exposure_only,exposure,False,False,False,True,True,False,False,0,0,0,1,1,0,0,0.0,
goodreads_sarah,book_205afbb25799c360,work_f203f9d90a8bd5ac,1,read,positive,strong,True,True,False,False,False,False,False,1,1,0,0,0,0,0,4.0,
goodreads_sarah,book_209408bc75ae44a6,work_b0fe201984fdfa35,1,to_read,exposure_only,exposure,False,False,False,True,True,False,False,0,0,0,1,1,0,0,0.0,
goodreads_sarah,book_20a72f6ad1475bc5,work_68f6df0458b12d11,1,to_read,exposure_only,exposure,False,False,False,True,True,False,False,0,0,0,1,1,0,0,0.0,
goodreads_sarah,book_216b5eb35c66c322,work_dbc3dce4781dbd93,1,to_read,exposure_only,exposure,False,False,False,True,True,False,False,0,0,0,1,1,0,0,0.0,
goodreads_sarah,book_21728dd022425a84,work_6213202b3e25ecbd,1,unknown,unknown,unknown,False,False,False,False,False,False,False,0,0,0,0,0,0,0,0.0,
goodreads_sarah,book_2175c9ec802ca131,work_b76f88ed144dde78,1,to_read,exposure_only,exposure,False,False,False,True,True,False,False,0,0,0,1,1,0,0,0.0,
goodreads_sarah,book_22166a0d579555e1,work_e1aa6a854726dc20,1,to_read,exposure_only,exposure,False,False,False,True,True,False,False,0,0,0,1,1,0,0,0.0,
goodreads_sarah,book_224387a10ae3a90e,work_32a44c6e32fd85be,1,read,positive,strong,True,True,False,False,False,False,False,1,1,0,0,0,0,0,5.0,2026-03-22T00:00:00+00:00
goodreads_sarah,book_22908bcf1bfc864a,work_1d0f4bc1debe110c,1,to_read,exposure_only,exposure,False,False,False,True,True,False,False,0,0,0,1,1,0,0,0.0,
goodreads_sarah,book_2295bc4efb989170,work_98f9b0528e336509,1,read,positive,strong,True,True,False,False,False,False,False,1,1,0,0,0,0,0,4.0,
goodreads_sarah,book_22f22936f870530f,work_a7206b492c4352d0,1,to_read,exposure_only,exposure,False,False,False,True,True,False,False,0,0,0,1,1,0,0,0.0,
goodreads_sarah,book_23074e3972a8f7d4,work_1e1948c416a4e8a3,1,to_read,exposure_only,exposure,False,False,False,True,True,False,False,0,0,0,1,1,0,0,0.0,
goodreads_sarah,book_23085680ac1623cc,work_1449389bbdc5b08f,1,to_read,exposure_only,exposure,False,False,False,True,True,False,False,0,0,0,1,1,0,0,0.0,
goodreads_sarah,book_2327128de9ebe3fc,work_7bbeccf33c423b0f,1,to_read,exposure_only,exposure,False,False,False,True,True,False,False,0,0,0,1,1,0,0,0.0,
goodreads_sarah,book_23742b508a791791,work_ee4c0452dbc223e7,1,read,positive,strong,True,True,False,False,False,False,False,1,1,0,0,0,0,0,4.0,
goodreads_sarah,book_23bcb5d4dde5a8d9,work_cae2c8ae399d4cd7,1,to_read,exposure_only,exposure,False,False,False,True,True,False,False,0,0,0,1,1,0,0,0.0,
goodreads_sarah,book_23f1745498f29312,work_5489105afa274cbe,1,to_read,exposure_only,exposure,False,False,False,True,True,False,False,0,0,0,1,1,0,0,0.0,
goodreads_sarah,book_23fa79638ec2b1d7,work_3bfac5a3f88c4075,1,to_read,exposure_only,exposure,False,False,False,True,True,False,False,0,0,0,1,1,0,0,0.0,
goodreads_sarah,book_243a86dfb4114095,work_28d1b89297bb9971,1,read,positive,strong,True,True,False,False,False,False,False,1,1,0,0,0,0,0,4.0,2021-01-16T00:00:00+00:00
goodreads_sarah,book_249620cd80434c3a,work_7f4d6cf516a0ca86,1,to_read,exposure_only,exposure,False,False,False,True,True,False,False,0,0,0,1,1,0,0,0.0,
goodreads_sarah,book_24a1a1b28ccf0c8f,work_b10f5dfc452de8c1,1,to_read,exposure_only,exposure,False,False,False,True,True,False,False,0,0,0,1,1,0,0,0.0,
goodreads_sarah,book_24baedd0c8dfecce,work_cee013d79baf108c,1,read,positive,strong,True,True,False,False,False,False,False,1,1,0,0,0,0,0,5.0,
goodreads_sarah,book_24d1b131aa5c8680,work_dddb8e5a2259bf47,1,read,positive,strong,True,True,False,False,False,False,False,1,1,0,0,0,0,0,5.0,2024-09-18T00:00:00+00:00
goodreads_sarah,book_24d2501e05599ccb,work_14e14d2ee3dbf175,1,read,positive,strong,True,True,False,False,False,False,False,1,1,0,0,0,0,0,4.0,
goodreads_sarah,book_24e54fdbe55ea4a2,work_9952771b5df2084f,1,read,positive,strong,True,True,False,False,False,False,False,1,1,0,0,0,0,0,4.0,
goodreads_sarah,book_2527cc1067caec28,work_3a5b615815ab951d,1,to_read,exposure_only,exposure,False,False,False,True,True,False,False,0,0,0,1,1,0,0,0.0,
goodreads_sarah,book_252be2df02f7915a,work_c376847e36fa24ba,1,to_read,exposure_only,exposure,False,False,False,True,True,False,False,0,0,0,1,1,0,0,0.0,
goodreads_sarah,book_253933d9d0ba1858,work_2ecff96b66286c8e,1,to_read,exposure_only,exposure,False,False,False,True,True,False,False,0,0,0,1,1,0,0,0.0,
goodreads_sarah,book_25597be2cf0a1398,work_1ca5191a08c20f7d,1,read,positive,strong,True,True,False,False,False,False,False,1,1,0,0,0,0,0,4.0,2025-02-08T00:00:00+00:00
goodreads_sarah,book_255adb0e23959454,work_33e2965a40d8f9e1,1,unknown,unknown,unknown,False,False,False,False,False,False,False,0,0,0,0,0,0,0,0.0,
goodreads_sarah,book_256e3d25d3666b02,work_a3da8963d2d05a31,2,to_read,exposure_only,exposure,False,False,False,True,True,False,False,0,0,0,2,2,0,0,0.0,
goodreads_sarah,book_25bc6899a7f004dc,work_d09d40071b9def01,1,to_read,exposure_only,exposure,False,False,False,True,True,False,False,0,0,0,1,1,0,0,0.0,
goodreads_sarah,book_2614b867856d06ce,work_756889f6da0e8367,1,to_read,exposure_only,exposure,False,False,False,True,True,False,False,0,0,0,1,1,0,0,0.0,
goodreads_sarah,book_262daf73d60c7824,work_a4b2a8890c457ece,1,to_read,exposure_only,exposure,False,False,False,True,True,False,False,0,0,0,1,1,0,0,0.0,
goodreads_sarah,book_271bff4671a9e00f,work_2d8a10c42b1cc291,1,read,positive,strong,True,True,False,False,False,False,False,1,1,0,0,0,0,0,4.0,
goodreads_sarah,book_2726170f3bc945ee,work_99a66d09cd3b484d,1,to_read,exposure_only,exposure,False,False,False,True,True,False,False,0,0,0,1,1,0,0,0.0,
goodreads_sarah,book_27607d7cb68ccfaf,work_9ffd1e53e1ea85e5,1,to_read,exposure_only,exposure,False,False,False,True,True,False,False,0,0,0,1,1,0,0,0.0,
goodreads_sarah,book_27631e70dcf7f429,work_9050fc05f57bb5aa,1,to_read,exposure_only,exposure,False,False,False,True,True,False,False,0,0,0,1,1,0,0,0.0,
goodreads_sarah,book_2796bba9f97c1893,work_5bf59cacf1f6f70f,1,unknown,unknown,unknown,False,False,False,False,False,False,False,0,0,0,0,0,0,0,0.0,
goodreads_sarah,book_280eda4e914bd8b4,work_0fd3951e2c10ce10,1,unknown,unknown,unknown,False,False,False,False,False,False,False,0,0,0,0,0,0,0,0.0,
goodreads_sarah,book_28423b9a6a96e81c,work_3ac2e8ee3e02d4ef,1,to_read,exposure_only,exposure,False,False,False,True,True,False,False,0,0,0,1,1,0,0,0.0,
goodreads_sarah,book_2842dcaa4717f838,work_8c00362c45f6d088,1,to_read,exposure_only,exposure,False,False,False,True,True,False,False,0,0,0,1,1,0,0,0.0,
goodreads_sarah,book_284ee8ed94e0e524,work_f82d8cad95462a97,1,read,positive,strong,True,True,False,False,False,False,False,1,1,0,0,0,0,0,4.0,2024-08-17T00:00:00+00:00
goodreads_sarah,book_289808986de1c8af,work_ee62df6a83e658e3,1,unknown,unknown,unknown,False,False,False,False,False,False,False,0,0,0,0,0,0,0,0.0,
goodreads_sarah,book_29264f6d55bc47ae,work_4570222d3cfc220a,1,read,positive,strong,True,True,False,False,False,False,False,1,1,0,0,0,0,0,4.0,2022-08-23T00:00:00+00:00
goodreads_sarah,book_294f23668da5e894,work_f404747faebe7cfe,1,to_read,exposure_only,exposure,False,False,False,True,True,False,False,0,0,0,1,1,0,0,0.0,
goodreads_sarah,book_2957c2dac0bca8d2,work_b68c02b2c8dce58b,1,to_read,exposure_only,exposure,False,False,False,True,True,False,False,0,0,0,1,1,0,0,0.0,
goodreads_sarah,book_2994c00b0bdbd8d5,work_2237cb1d0851065c,1,to_read,exposure_only,exposure,False,False,False,True,True,False,False,0,0,0,1,1,0,0,0.0,
goodreads_sarah,book_29beec21a08452c3,work_888ba318d0323b74,1,to_read,exposure_only,exposure,False,False,False,True,True,False,False,0,0,0,1,1,0,0,0.0,
goodreads_sarah,book_29d7d56e4678366c,work_1d10869ce90053c0,1,read,positive,strong,True,True,False,False,False,False,False,1,1,0,0,0,0,0,3.0,
goodreads_sarah,book_29fb0fcc6bdf0b1b,work_753830fa933412f3,1,read,positive,strong,True,True,False,False,False,False,False,1,1,0,0,0,0,0,3.0,
goodreads_sarah,book_2a14dc9014ef5cb5,work_ea956676d6c8a1ba,1,to_read,exposure_only,exposure,False,False,False,True,True,False,False,0,0,0,1,1,0,0,0.0,
goodreads_sarah,book_2a1f4e44075717b6,work_2934953c8dd37070,1,to_read,exposure_only,exposure,False,False,False,True,True,False,False,0,0,0,1,1,0,0,0.0,
goodreads_sarah,book_2a54735de63de2a5,work_efa1ec0aa8c1e8a3,1,to_read,exposure_only,exposure,False,False,False,True,True,False,False,0,0,0,1,1,0,0,0.0,
goodreads_sarah,book_2a6710a4eb186a0b,work_bf71703b91ce7006,1,read,positive,strong,True,True,False,False,False,False,False,1,1,0,0,0,0,0,4.0,2023-07-22T00:00:00+00:00
goodreads_sarah,book_2a6a8083e0ec3b87,work_a59c12230d983908,1,to_read,exposure_only,exposure,False,False,False,True,True,False,False,0,0,0,1,1,0,0,0.0,
goodreads_sarah,book_2a806d95e0260b9c,work_f9613319f3129242,1,to_read,exposure_only,exposure,False,False,False,True,True,False,False,0,0,0,1,1,0,0,0.0,
goodreads_sarah,book_2a873326601fa67c,work_9d1d5e654a2d138d,1,to_read,exposure_only,exposure,False,False,False,True,True,False,False,0,0,0,1,1,0,0,0.0,
goodreads_sarah,book_2acb17558c7aa339,work_522ae6bc232bcfe2,1,read,positive,strong,True,True,False,False,False,False,False,1,1,0,0,0,0,0,4.0,2021-03-10T00:00:00+00:00
goodreads_sarah,book_2accf402eae2ef45,work_b53ae83d28c7a658,1,to_read,exposure_only,exposure,False,False,False,True,True,False,False,0,0,0,1,1,0,0,0.0,
goodreads_sarah,book_2b0fe8a5d49dbb1c,work_37a75c194db51c00,1,to_read,exposure_only,exposure,False,False,False,True,True,False,False,0,0,0,1,1,0,0,0.0,
goodreads_sarah,book_2b35bb206996fc74,work_1508b4ae6fb6d14a,1,unknown,unknown,unknown,False,False,False,False,False,False,False,0,0,0,0,0,0,0,0.0,
goodreads_sarah,book_2b5b3c4e6920c1b5,work_0c230e2a7c57816f,1,read,positive,strong,True,True,False,False,False,False,False,1,1,0,0,0,0,0,4.0,2022-01-28T00:00:00+00:00
goodreads_sarah,book_2b7942c130c0848e,work_f3343f28b63517bd,1,to_read,exposure_only,exposure,False,False,False,True,True,False,False,0,0,0,1,1,0,0,0.0,
goodreads_sarah,book_2b8c06656979afd1,work_ee719650938b7719,1,to_read,exposure_only,exposure,False,False,False,True,True,False,False,0,0,0,1,1,0,0,0.0,
goodreads_sarah,book_2bae7a2f522efbb3,work_7b336eb2607b5154,1,to_read,exposure_only,exposure,False,False,False,True,True,False,False,0,0,0,1,1,0,0,0.0,
goodreads_sarah,book_2bc488dbcc5b6707,work_6d48676e06a4db1f,1,unknown,unknown,unknown,False,False,False,False,False,False,False,0,0,0,0,0,0,0,0.0,
goodreads_sarah,book_2be40990cef215ae,work_78eeeaf6aaca6663,1,to_read,exposure_only,exposure,False,False,False,True,True,False,False,0,0,0,1,1,0,0,0.0,
goodreads_sarah,book_2c4374a207bfbe88,work_a76d855bf815ff6d,1,read,positive,strong,True,True,False,False,False,False,False,1,1,0,0,0,0,0,3.0,
goodreads_sarah,book_2ca2b3fea53221d2,work_b43dfb9705b9cef8,1,to_read,exposure_only,exposure,False,False,False,True,True,False,False,0,0,0,1,1,0,0,0.0,
goodreads_sarah,book_2d01fdbc1284c44e,work_f988f092a1e096dc,1,read,positive,strong,True,True,False,False,False,False,False,1,1,0,0,0,0,0,3.0,2026-02-02T00:00:00+00:00
goodreads_sarah,book_2da9b5233570c458,work_42eb8dc061ff3203,1,read,positive,strong,True,True,False,False,False,False,False,1,1,0,0,0,0,0,3.0,
goodreads_sarah,book_2df3ca6d9da9ac03,work_b420f462022a54c8,1,read,negative,negative,True,False,True,False,False,False,False,1,0,1,0,0,0,0,2.0,
goodreads_sarah,book_2e084a8592c7cb6d,work_583fc3efee5dc6fe,1,to_read,exposure_only,exposure,False,False,False,True,True,False,False,0,0,0,1,1,0,0,0.0,
goodreads_sarah,book_2e1028b9f7e461fb,work_0786c91f65d70f8f,1,to_read,exposure_only,exposure,False,False,False,True,True,False,False,0,0,0,1,1,0,0,0.0,
goodreads_sarah,book_2e38f6c461923c9b,work_d6b01bdba87d565f,1,read,positive,strong,True,True,False,False,False,False,False,1,1,0,0,0,0,0,4.0,
goodreads_sarah,book_2e4ee8b8f6cbc934,work_957a04a377e862d9,1,to_read,exposure_only,exposure,False,False,False,True,True,False,False,0,0,0,1,1,0,0,0.0,
goodreads_sarah,book_2e6676f21f00a473,work_55af892db02ee2d0,1,to_read,exposure_only,exposure,False,False,False,True,True,False,False,0,0,0,1,1,0,0,0.0,
goodreads_sarah,book_2e79324a252db218,work_25df0d7e9ee22fcc,1,to_read,exposure_only,exposure,False,False,False,True,True,False,False,0,0,0,1,1,0,0,0.0,
goodreads_sarah,book_2e7d8405d3006675,work_dbc69b62b10bc1ef,1,unknown,unknown,unknown,False,False,False,False,False,False,False,0,0,0,0,0,0,0,0.0,
goodreads_sarah,book_2e7ef26e1344cc9e,work_faa2c6ba2b25ec06,1,to_read,exposure_only,exposure,False,False,False,True,True,False,False,0,0,0,1,1,0,0,0.0,
goodreads_sarah,book_2e85df8713ce128b,work_c9165561ada4b6b7,1,to_read,exposure_only,exposure,False,False,False,True,True,False,False,0,0,0,1,1,0,0,0.0,
goodreads_sarah,book_2ea4e9d6716e0eab,work_45566c4daa890eec,1,read,positive,strong,True,True,False,False,False,False,False,1,1,0,0,0,0,0,5.0,
goodreads_sarah,book_2eae75db9e37ec43,work_39ddd54610d1cf8c,1,to_read,exposure_only,exposure,False,False,False,True,True,False,False,0,0,0,1,1,0,0,0.0,
goodreads_sarah,book_2ec30bc1b36aa9e6,work_1d1288e42e07c346,1,to_read,exposure_only,exposure,False,False,False,True,True,False,False,0,0,0,1,1,0,0,0.0,
goodreads_sarah,book_2ed1f015451f3f1b,work_6e640ec61f4b53cc,1,to_read,exposure_only,exposure,False,False,False,True,True,False,False,0,0,0,1,1,0,0,0.0,
goodreads_sarah,book_2f03c2a95bca9ad8,work_80c5b436466d2d61,1,to_read,exposure_only,exposure,False,False,False,True,True,False,False,0,0,0,1,1,0,0,0.0,
goodreads_sarah,book_2f342c8bb9cd8d5d,work_23d35f849d126179,1,to_read,exposure_only,exposure,False,False,False,True,True,False,False,0,0,0,1,1,0,0,0.0,
goodreads_sarah,book_2f8740a12e2ca8f2,work_dff190af90fca470,1,read,positive,strong,True,True,False,False,False,False,False,1,1,0,0,0,0,0,3.0,
goodreads_sarah,book_2fc5965c1b4b65de,work_e159e88256a1f2de,2,to_read,exposure_only,exposure,False,False,False,True,True,False,False,0,0,0,2,2,0,0,0.0,
goodreads_sarah,book_303967d60e61d062,work_b4f6c9a45b51bc88,1,unknown,unknown,unknown,False,False,False,False,False,False,False,0,0,0,0,0,0,0,0.0,
goodreads_sarah,book_30c5ad39a1e77b5b,work_9c9c5fd916dae07f,1,read,positive,strong,True,True,False,False,False,False,False,1,1,0,0,0,0,0,5.0,2022-06-15T00:00:00+00:00
goodreads_sarah,book_30d0da4d4a150160,work_8576c8c4293199c4,1,to_read,exposure_only,exposure,False,False,False,True,True,False,False,0,0,0,1,1,0,0,0.0,
goodreads_sarah,book_310beec8f6618d70,work_8b64f2f7e016990c,1,unknown,unknown,unknown,False,False,False,False,False,False,False,0,0,0,0,0,0,0,0.0,
goodreads_sarah,book_312dd58cd2f0791a,work_1c655415583d4bc3,1,unknown,unknown,unknown,False,False,False,False,False,False,False,0,0,0,0,0,0,0,0.0,
goodreads_sarah,book_3137633f5c33aa11,work_9039b1130df48d2d,1,to_read,exposure_only,exposure,False,False,False,True,True,False,False,0,0,0,1,1,0,0,0.0,
goodreads_sarah,book_313e255ec78171f1,work_d491f4d1781f09f4,2,read,positive,strong,True,True,False,True,False,True,False,2,1,0,1,0,1,0,4.0,2026-04-20T00:00:00+00:00
goodreads_sarah,book_314f866c86eb6ff5,work_cccb13aa72725247,1,to_read,exposure_only,exposure,False,False,False,True,True,False,False,0,0,0,1,1,0,0,0.0,
goodreads_sarah,book_3186c8ea6252b1f6,work_06d13cb087843949,1,to_read,exposure_only,exposure,False,False,False,True,True,False,False,0,0,0,1,1,0,0,0.0,
goodreads_sarah,book_320652a8f9174970,work_4d3569757aa8d118,1,to_read,exposure_only,exposure,False,False,False,True,True,False,False,0,0,0,1,1,0,0,0.0,
goodreads_sarah,book_321ddecb5b1e9d28,work_06195a59390d0e4b,1,to_read,exposure_only,exposure,False,False,False,True,True,False,False,0,0,0,1,1,0,0,0.0,
goodreads_sarah,book_322395fab8585861,work_7363136919656ba8,1,to_read,exposure_only,exposure,False,False,False,True,True,False,False,0,0,0,1,1,0,0,0.0,
goodreads_sarah,book_323fbe737382c7a4,work_25851e619389bea5,1,to_read,exposure_only,exposure,False,False,False,True,True,False,False,0,0,0,1,1,0,0,0.0,
goodreads_sarah,book_32bcdf5e4015cc0d,work_a1ab6cf8ecb10e8b,1,to_read,exposure_only,exposure,False,False,False,True,True,False,False,0,0,0,1,1,0,0,0.0,
goodreads_sarah,book_32c732a9b3657eb5,work_35fc9447d8a3d5ab,1,read,positive,strong,True,True,False,False,False,False,False,1,1,0,0,0,0,0,5.0,2026-03-22T00:00:00+00:00
goodreads_sarah,book_32dec3dc9db65892,work_10d8cdb0119e4f92,1,to_read,exposure_only,exposure,False,False,False,True,True,False,False,0,0,0,1,1,0,0,0.0,
goodreads_sarah,book_32fc5161c2f4161d,work_087f3ea63aee7ca1,1,read,positive,strong,True,True,False,False,False,False,False,1,1,0,0,0,0,0,4.0,
goodreads_sarah,book_330f2c4480e7f940,work_efc643863a9f70b6,1,to_read,exposure_only,exposure,False,False,False,True,True,False,False,0,0,0,1,1,0,0,0.0,
goodreads_sarah,book_3317c05819e24082,work_ae73e6dec6ea6fd4,1,to_read,exposure_only,exposure,False,False,False,True,True,False,False,0,0,0,1,1,0,0,0.0,
goodreads_sarah,book_33316b2b317cde86,work_de47308178968ca5,1,to_read,exposure_only,exposure,False,False,False,True,True,False,False,0,0,0,1,1,0,0,0.0,
goodreads_sarah,book_334568c637c182e5,work_a212dd157256460f,1,to_read,exposure_only,exposure,False,False,False,True,True,False,False,0,0,0,1,1,0,0,0.0,
goodreads_sarah,book_33bb06865d229a46,work_4169dc7fa67411b4,1,read,positive,strong,True,True,False,False,False,False,False,1,1,0,0,0,0,0,4.0,
goodreads_sarah,book_33db1cb11beb60b6,work_923cf165e543ae0b,1,to_read,exposure_only,exposure,False,False,False,True,True,False,False,0,0,0,1,1,0,0,0.0,
goodreads_sarah,book_3434c415c75a7b17,work_bbc09dddca67cfde,1,read,positive,strong,True,True,False,False,False,False,False,1,1,0,0,0,0,0,5.0,
goodreads_sarah,book_347cdac300586160,work_e06ae7b309583ea0,1,read,positive,strong,True,True,False,False,False,False,False,1,1,0,0,0,0,0,5.0,2021-04-24T00:00:00+00:00
goodreads_sarah,book_348c386da8966512,work_03c61ce403e55f2b,1,to_read,exposure_only,exposure,False,False,False,True,True,False,False,0,0,0,1,1,0,0,0.0,
goodreads_sarah,book_351cbd34e72ad0e5,work_7c361888909904e4,1,to_read,exposure_only,exposure,False,False,False,True,True,False,False,0,0,0,1,1,0,0,0.0,
goodreads_sarah,book_352d290a65fa309b,work_25e57131dc360143,1,read,positive,strong,True,True,False,False,False,False,False,1,1,0,0,0,0,0,4.0,2022-08-27T00:00:00+00:00
goodreads_sarah,book_35cae359263a3c26,work_488d286ad86c2cd5,1,to_read,exposure_only,exposure,False,False,False,True,True,False,False,0,0,0,1,1,0,0,0.0,
goodreads_sarah,book_35d62544e6939ac2,work_5583a245096bc738,1,to_read,exposure_only,exposure,False,False,False,True,True,False,False,0,0,0,1,1,0,0,0.0,
goodreads_sarah,book_35d965bdaf5d096c,work_80879e9a385d2d2c,1,read,negative,negative,True,False,True,False,False,False,False,1,0,1,0,0,0,0,2.0,2021-02-16T00:00:00+00:00
goodreads_sarah,book_35fe748d40990054,work_d4a6f4a73685e9a1,1,read,positive,strong,True,True,False,False,False,False,False,1,1,0,0,0,0,0,4.0,2023-12-26T00:00:00+00:00
goodreads_sarah,book_36108f1ca6cca077,work_cef7f1e1427a68fd,1,to_read,exposure_only,exposure,False,False,False,True,True,False,False,0,0,0,1,1,0,0,0.0,
goodreads_sarah,book_367c290d793e436b,work_76f0213fcb55b6e0,1,to_read,exposure_only,exposure,False,False,False,True,True,False,False,0,0,0,1,1,0,0,0.0,
goodreads_sarah,book_36fd6b7e4dab2934,work_a7330f91203f0ecd,1,read,positive,strong,True,True,False,False,False,False,False,1,1,0,0,0,0,0,5.0,
goodreads_sarah,book_37074855fd74b3d6,work_a8d97fd70a123be1,1,read,positive,strong,True,True,False,False,False,False,False,1,1,0,0,0,0,0,5.0,2022-04-16T00:00:00+00:00
goodreads_sarah,book_37234c114420f783,work_83dee9bbb3676f7a,1,read,positive,strong,True,True,False,False,False,False,False,1,1,0,0,0,0,0,4.0,2023-07-19T00:00:00+00:00
goodreads_sarah,book_375f35f4785751e1,work_763b2d1c2e2b25f8,1,to_read,exposure_only,exposure,False,False,False,True,True,False,False,0,0,0,1,1,0,0,0.0,
goodreads_sarah,book_377fbb85b328e3f3,work_a312b41c78a84d4a,1,unknown,unknown,unknown,False,False,False,False,False,False,False,0,0,0,0,0,0,0,0.0,
goodreads_sarah,book_3788cabefdd15c40,work_51df85dfcd0e5821,1,read,positive,strong,True,True,False,False,False,False,False,1,1,0,0,0,0,0,3.0,
goodreads_sarah,book_37ef02260fcd458b,work_7e0dd59b64fcccf2,1,to_read,exposure_only,exposure,False,False,False,True,True,False,False,0,0,0,1,1,0,0,0.0,
goodreads_sarah,book_388a39e496485e0a,work_7fa4d805c61304ca,1,to_read,exposure_only,exposure,False,False,False,True,True,False,False,0,0,0,1,1,0,0,0.0,
goodreads_sarah,book_388ff4c482cb7063,work_7983332ec1e8ee76,1,read,positive,strong,True,True,False,False,False,False,False,1,1,0,0,0,0,0,4.0,
goodreads_sarah,book_38950f632bb3a959,work_31b7095f38ad5b2a,1,read,positive,strong,True,True,False,False,False,False,False,1,1,0,0,0,0,0,4.0,
goodreads_sarah,book_389ea7631ec0e34f,work_19835f984dd0a917,1,to_read,exposure_only,exposure,False,False,False,True,True,False,False,0,0,0,1,1,0,0,0.0,
goodreads_sarah,book_38e2f52721182c3e,work_b9385c6b789ad968,1,read,positive,strong,True,True,False,False,False,False,False,1,1,0,0,0,0,0,5.0,
goodreads_sarah,book_38ed79430286489f,work_3a799d19c11f29fd,1,to_read,exposure_only,exposure,False,False,False,True,True,False,False,0,0,0,1,1,0,0,0.0,
goodreads_sarah,book_3909f2d97055212b,work_0ffd764a05ee254c,1,to_read,exposure_only,exposure,False,False,False,True,True,False,False,0,0,0,1,1,0,0,0.0,
goodreads_sarah,book_39382e740b27f457,work_053cf904130d70d2,1,to_read,exposure_only,exposure,False,False,False,True,True,False,False,0,0,0,1,1,0,0,0.0,
goodreads_sarah,book_394274ac53905554,work_80f349834ad01225,1,to_read,exposure_only,exposure,False,False,False,True,True,False,False,0,0,0,1,1,0,0,0.0,
goodreads_sarah,book_394eb5da57f9cdd1,work_6c940b952d3d86a4,1,to_read,exposure_only,exposure,False,False,False,True,True,False,False,0,0,0,1,1,0,0,0.0,
goodreads_sarah,book_3971d200fb114494,work_15bd1d79ceef456a,1,to_read,exposure_only,exposure,False,False,False,True,True,False,False,0,0,0,1,1,0,0,0.0,
goodreads_sarah,book_39879aadb1b32cc2,work_678ccb007b93589d,1,to_read,exposure_only,exposure,False,False,False,True,True,False,False,0,0,0,1,1,0,0,0.0,
goodreads_sarah,book_39c136ea9bed1161,work_dce740722d0784ed,1,unknown,unknown,unknown,False,False,False,False,False,False,False,0,0,0,0,0,0,0,0.0,
goodreads_sarah,book_39fafab377553143,work_2b956d0728bc823a,1,to_read,exposure_only,exposure,False,False,False,True,True,False,False,0,0,0,1,1,0,0,0.0,
goodreads_sarah,book_3a4a8d9b85e941dc,work_d76d5dffe4334472,1,read,positive,strong,True,True,False,False,False,False,False,1,1,0,0,0,0,0,3.0,
goodreads_sarah,book_3ab79b0f52845be3,work_464eeebc7291562c,1,to_read,exposure_only,exposure,False,False,False,True,True,False,False,0,0,0,1,1,0,0,0.0,
goodreads_sarah,book_3acb716c90845f4d,work_2e9a295ea00e5937,1,to_read,exposure_only,exposure,False,False,False,True,True,False,False,0,0,0,1,1,0,0,0.0,
goodreads_sarah,book_3add8af5fd91c7c5,work_e5719ccab5b806db,1,unknown,unknown,unknown,False,False,False,False,False,False,False,0,0,0,0,0,0,0,0.0,
goodreads_sarah,book_3aeb42f30aad2b01,work_677ba3629928e78a,1,read,positive,strong,True,True,False,False,False,False,False,1,1,0,0,0,0,0,3.0,
goodreads_sarah,book_3aee30365937131c,work_f09995e5d3a51ca7,1,to_read,exposure_only,exposure,False,False,False,True,True,False,False,0,0,0,1,1,0,0,0.0,
goodreads_sarah,book_3af1d701481d74d7,work_42b86bbead0ed740,1,read,positive,strong,True,True,False,False,False,False,False,1,1,0,0,0,0,0,5.0,
goodreads_sarah,book_3b2e2bdf3c336ce1,work_2ad9564b135474de,1,to_read,exposure_only,exposure,False,False,False,True,True,False,False,0,0,0,1,1,0,0,0.0,
goodreads_sarah,book_3b509a0aa6212360,work_cc41131f711c03e0,1,to_read,exposure_only,exposure,False,False,False,True,True,False,False,0,0,0,1,1,0,0,0.0,
goodreads_sarah,book_3b94e82269556ff4,work_580d2d74187ac955,1,read,positive,strong,True,True,False,False,False,False,False,1,1,0,0,0,0,0,5.0,2025-10-26T00:00:00+00:00
goodreads_sarah,book_3bc67020ac12fabe,work_eac90d31a89c6929,1,read,negative,negative,True,False,True,False,False,False,False,1,0,1,0,0,0,0,2.0,
goodreads_sarah,book_3bcab5c928011a05,work_3b05d9d5d6accf99,1,to_read,exposure_only,exposure,False,False,False,True,True,False,False,0,0,0,1,1,0,0,0.0,
goodreads_sarah,book_3bd6d93e89ab72f6,work_8bfc7ef65661b9c1,1,read,positive,strong,True,True,False,False,False,False,False,1,1,0,0,0,0,0,4.0,
goodreads_sarah,book_3cdb9e4fd7c2955f,work_3501dfa6b86358db,1,to_read,exposure_only,exposure,False,False,False,True,True,False,False,0,0,0,1,1,0,0,0.0,
goodreads_sarah,book_3ce477e51486eb95,work_c3914c9204733c6b,1,read,positive,strong,True,True,False,False,False,False,False,1,1,0,0,0,0,0,3.0,2024-11-11T00:00:00+00:00
goodreads_sarah,book_3d0010515f10a6f3,work_b15c8372d561f57e,1,to_read,exposure_only,exposure,False,False,False,True,True,False,False,0,0,0,1,1,0,0,0.0,
goodreads_sarah,book_3d6950164ebe5205,work_4e1f30d01e61816c,1,unknown,unknown,unknown,False,False,False,False,False,False,False,0,0,0,0,0,0,0,0.0,
goodreads_sarah,book_3dc40e0dd790ab09,work_28dd1f3b53955e81,1,to_read,exposure_only,exposure,False,False,False,True,True,False,False,0,0,0,1,1,0,0,0.0,
goodreads_sarah,book_3dfcb144d6eb58dd,work_309edea8ece5f89a,1,to_read,exposure_only,exposure,False,False,False,True,True,False,False,0,0,0,1,1,0,0,0.0,
goodreads_sarah,book_3e00d5aeb8fa0f64,work_0231a6cd2c2687df,1,to_read,exposure_only,exposure,False,False,False,True,True,False,False,0,0,0,1,1,0,0,0.0,
goodreads_sarah,book_3e2ec577fea65f3c,work_c8bb533078e182a5,1,to_read,exposure_only,exposure,False,False,False,True,True,False,False,0,0,0,1,1,0,0,0.0,
goodreads_sarah,book_3e6962f28655d385,work_e8ad11b988eb5f43,1,unknown,unknown,unknown,False,False,False,False,False,False,False,0,0,0,0,0,0,0,0.0,
goodreads_sarah,book_3e796536590bf416,work_c6b420dbff6306a0,1,unknown,unknown,unknown,False,False,False,False,False,False,False,0,0,0,0,0,0,0,0.0,
goodreads_sarah,book_3e99da4f55b54487,work_347181ba6e5f493b,1,to_read,exposure_only,exposure,False,False,False,True,True,False,False,0,0,0,1,1,0,0,0.0,
goodreads_sarah,book_3edfd5bc3160896c,work_c7633990b14ce133,1,to_read,exposure_only,exposure,False,False,False,True,True,False,False,0,0,0,1,1,0,0,0.0,
goodreads_sarah,book_3efbeea54f8dcfc6,work_73e5e03a6fa43e0e,1,to_read,exposure_only,exposure,False,False,False,True,True,False,False,0,0,0,1,1,0,0,0.0,
goodreads_sarah,book_401d35df7160bb9b,work_2a5dd3432b90a09b,1,to_read,exposure_only,exposure,False,False,False,True,True,False,False,0,0,0,1,1,0,0,0.0,
goodreads_sarah,book_40307bb8f4234c6e,work_d94bcf6fe58a16fb,1,unknown,unknown,unknown,False,False,False,False,False,False,False,0,0,0,0,0,0,0,0.0,
goodreads_sarah,book_4047d748110b00ae,work_295135ce3322ac52,1,to_read,exposure_only,exposure,False,False,False,True,True,False,False,0,0,0,1,1,0,0,0.0,
goodreads_sarah,book_40c5d6341fb3eed3,work_374040ec139e1944,1,to_read,exposure_only,exposure,False,False,False,True,True,False,False,0,0,0,1,1,0,0,0.0,
goodreads_sarah,book_40c77c1a95cbeb78,work_6a21b028bbb0c22c,1,unknown,unknown,unknown,False,False,False,False,False,False,False,0,0,0,0,0,0,0,0.0,
goodreads_sarah,book_40d1eb3ae8370500,work_e54611a0cc89a877,1,to_read,exposure_only,exposure,False,False,False,True,True,False,False,0,0,0,1,1,0,0,0.0,
goodreads_sarah,book_40dafb324311372c,work_2fb9163c6366fef7,1,read,positive,strong,True,True,False,False,False,False,False,1,1,0,0,0,0,0,4.0,2021-10-18T00:00:00+00:00
goodreads_sarah,book_40f91dd7176be884,work_2ceb9e35f9126a98,1,to_read,exposure_only,exposure,False,False,False,True,True,False,False,0,0,0,1,1,0,0,0.0,
goodreads_sarah,book_410914c36fda7d8f,work_e77902732552575f,1,to_read,exposure_only,exposure,False,False,False,True,True,False,False,0,0,0,1,1,0,0,0.0,
goodreads_sarah,book_41178319f9d0bd21,work_8fc682cf00087fb9,1,to_read,exposure_only,exposure,False,False,False,True,True,False,False,0,0,0,1,1,0,0,0.0,
goodreads_sarah,book_413776b61cebc046,work_9eae722f5c5e6b7a,1,to_read,exposure_only,exposure,False,False,False,True,True,False,False,0,0,0,1,1,0,0,0.0,
goodreads_sarah,book_4142a69f0f10b15e,work_bd040d38127cc982,1,to_read,exposure_only,exposure,False,False,False,True,True,False,False,0,0,0,1,1,0,0,0.0,
goodreads_sarah,book_41552d7213aa4136,work_42fbe7ff3c074d8e,1,to_read,exposure_only,exposure,False,False,False,True,True,False,False,0,0,0,1,1,0,0,0.0,
goodreads_sarah,book_41704f7285ecbd1c,work_6466ede760747d92,1,to_read,exposure_only,exposure,False,False,False,True,True,False,False,0,0,0,1,1,0,0,0.0,
goodreads_sarah,book_4195b55c1ef80a1c,work_1e66656a9153af07,1,read,positive,strong,True,True,False,False,False,False,False,1,1,0,0,0,0,0,4.0,
goodreads_sarah,book_41a8258e3828bdce,work_df7e408388037507,1,to_read,exposure_only,exposure,False,False,False,True,True,False,False,0,0,0,1,1,0,0,0.0,
goodreads_sarah,book_41bb70e39e0ccb95,work_c2ae1c0e2619193b,1,read,positive,strong,True,True,False,False,False,False,False,1,1,0,0,0,0,0,4.0,
goodreads_sarah,book_41f81946dfb55100,work_64f99b39c9c3350a,1,read,positive,strong,True,True,False,False,False,False,False,1,1,0,0,0,0,0,3.0,
goodreads_sarah,book_42588cef940eeadf,work_078407db3172e155,1,to_read,exposure_only,exposure,False,False,False,True,True,False,False,0,0,0,1,1,0,0,0.0,
goodreads_sarah,book_42801930f431de0b,work_08d5c0282312a405,1,to_read,exposure_only,exposure,False,False,False,True,True,False,False,0,0,0,1,1,0,0,0.0,
goodreads_sarah,book_42989c16fad78c05,work_240867779e8f97aa,1,read,positive,strong,True,True,False,False,False,False,False,1,1,0,0,0,0,0,3.0,
goodreads_sarah,book_42a5a16a8abc153b,work_2a8382b0d496cd5c,1,to_read,exposure_only,exposure,False,False,False,True,True,False,False,0,0,0,1,1,0,0,0.0,
goodreads_sarah,book_42e9fa16f92dc650,work_c29fbecb4ba0f503,1,read,positive,strong,True,True,False,False,False,False,False,1,1,0,0,0,0,0,4.0,
goodreads_sarah,book_42f3e5275ce06bf0,work_73cc3440c46f55f0,1,to_read,exposure_only,exposure,False,False,False,True,True,False,False,0,0,0,1,1,0,0,0.0,
goodreads_sarah,book_4307ce4cbf3d1a4e,work_bebae377b849808b,1,unknown,unknown,unknown,False,False,False,False,False,False,False,0,0,0,0,0,0,0,0.0,
goodreads_sarah,book_4319c22130821ee1,work_f7ce9d94d2ec3bd1,1,to_read,exposure_only,exposure,False,False,False,True,True,False,False,0,0,0,1,1,0,0,0.0,
goodreads_sarah,book_436119d71542658f,work_84f9c007e8b9abb5,2,read,positive,strong,True,True,False,True,True,False,False,1,1,0,1,1,0,0,4.0,2026-03-22T00:00:00+00:00
goodreads_sarah,book_4367818f0e83429e,work_4baddf55749f8e2c,1,to_read,exposure_only,exposure,False,False,False,True,True,False,False,0,0,0,1,1,0,0,0.0,
goodreads_sarah,book_4387560b1141d752,work_3a37eb167d0038fd,1,read,positive,strong,True,True,False,False,False,False,False,1,1,0,0,0,0,0,5.0,2025-08-13T00:00:00+00:00
goodreads_sarah,book_43a029cc8de826d4,work_838590074ee60a37,1,read,positive,strong,True,True,False,False,False,False,False,1,1,0,0,0,0,0,4.0,
goodreads_sarah,book_43b585633af7e9d3,work_8d124463cfe22fe3,1,read,positive,strong,True,True,False,False,False,False,False,1,1,0,0,0,0,0,3.0,
goodreads_sarah,book_43d6274fcb406433,work_e5719ccab5b806db,1,unknown,unknown,unknown,False,False,False,False,False,False,False,0,0,0,0,0,0,0,0.0,
goodreads_sarah,book_4416fcf86aee3ddf,work_dc0b3d13786f599c,1,to_read,exposure_only,exposure,False,False,False,True,True,False,False,0,0,0,1,1,0,0,0.0,
goodreads_sarah,book_442b35fb712884ce,work_3ca5ca80de6c31f7,1,read,positive,strong,True,True,False,False,False,False,False,1,1,0,0,0,0,0,4.0,2022-10-24T00:00:00+00:00
goodreads_sarah,book_443bcf402a6e2970,work_582b488fd4aec61c,1,read,positive,strong,True,True,False,False,False,False,False,1,1,0,0,0,0,0,4.0,2022-07-17T00:00:00+00:00
goodreads_sarah,book_448807c9ba37cf29,work_7af887971a25535b,1,read,positive,strong,True,True,False,False,False,False,False,1,1,0,0,0,0,0,4.0,
goodreads_sarah,book_4493352eda3c1aab,work_59db2dda727f54eb,1,unknown,unknown,unknown,False,False,False,False,False,False,False,0,0,0,0,0,0,0,0.0,
goodreads_sarah,book_451e662caa463536,work_dc86ceb6ce748ff9,1,to_read,exposure_only,exposure,False,False,False,True,True,False,False,0,0,0,1,1,0,0,0.0,
goodreads_sarah,book_4533c98fc420b2db,work_4e61e9b823038bbe,1,to_read,exposure_only,exposure,False,False,False,True,True,False,False,0,0,0,1,1,0,0,0.0,
goodreads_sarah,book_4534e1b80a506725,work_c4c53746a561e0a3,1,to_read,exposure_only,exposure,False,False,False,True,True,False,False,0,0,0,1,1,0,0,0.0,
goodreads_sarah,book_45380546c885c94f,work_fdc9cf92298d0f0e,2,read,positive,strong,True,True,False,True,True,False,False,1,1,0,1,1,0,0,4.0,2022-12-31T00:00:00+00:00
goodreads_sarah,book_4539e07773c16c96,work_cad2ddb27cdb4d74,1,unknown,unknown,unknown,False,False,False,False,False,False,False,0,0,0,0,0,0,0,0.0,
goodreads_sarah,book_454dac63ff7f1b8c,work_a5666c2b00916ced,1,to_read,exposure_only,exposure,False,False,False,True,True,False,False,0,0,0,1,1,0,0,0.0,
goodreads_sarah,book_456656e13e6c716d,work_5b4a1ae892681dc8,1,read,positive,strong,True,True,False,False,False,False,False,1,1,0,0,0,0,0,3.0,2024-10-05T00:00:00+00:00
goodreads_sarah,book_4577a4c2cb34dcbb,work_a3f8163b4e427563,1,to_read,exposure_only,exposure,False,False,False,True,True,False,False,0,0,0,1,1,0,0,0.0,
goodreads_sarah,book_4598456962eb868f,work_f5669081c88c622b,1,read,positive,strong,True,True,False,False,False,False,False,1,1,0,0,0,0,0,3.0,
goodreads_sarah,book_45cab445efc79ecb,work_897aab416ff889a2,1,to_read,exposure_only,exposure,False,False,False,True,True,False,False,0,0,0,1,1,0,0,0.0,
goodreads_sarah,book_461d2f762627185c,work_e688b0de0ef136ed,1,to_read,exposure_only,exposure,False,False,False,True,True,False,False,0,0,0,1,1,0,0,0.0,
goodreads_sarah,book_4637fc852d23e89c,work_599432e6aaa8cac6,1,to_read,exposure_only,exposure,False,False,False,True,True,False,False,0,0,0,1,1,0,0,0.0,
goodreads_sarah,book_46ff1e51c98b9fe9,work_e465d0dbb16a2ac7,1,to_read,exposure_only,exposure,False,False,False,True,True,False,False,0,0,0,1,1,0,0,0.0,
goodreads_sarah,book_4716a973b0d73612,work_f43ae7d532647beb,1,to_read,exposure_only,exposure,False,False,False,True,True,False,False,0,0,0,1,1,0,0,0.0,
goodreads_sarah,book_47260db1082eaff6,work_c907f6e4dd12c162,1,read,positive,strong,True,True,False,False,False,False,False,1,1,0,0,0,0,0,4.0,
goodreads_sarah,book_472eb9123c8d469d,work_072cd73765773808,1,read,positive,strong,True,True,False,False,False,False,False,1,1,0,0,0,0,0,4.0,
goodreads_sarah,book_47568704677f12b2,work_42df1848924f73a7,1,unknown,unknown,unknown,False,False,False,False,False,False,False,0,0,0,0,0,0,0,0.0,
goodreads_sarah,book_47a492ed64de1e38,work_047dd511894489ce,1,to_read,exposure_only,exposure,False,False,False,True,True,False,False,0,0,0,1,1,0,0,0.0,
goodreads_sarah,book_47b17a2d36883545,work_0c65b5e7dc67e5d2,1,read,positive,strong,True,True,False,False,False,False,False,1,1,0,0,0,0,0,4.0,
goodreads_sarah,book_4870fdbce4215054,work_88d5836c35980b16,1,to_read,exposure_only,exposure,False,False,False,True,True,False,False,0,0,0,1,1,0,0,0.0,
goodreads_sarah,book_4885f1a6094be612,work_6fb823d5e36f23a4,1,read,positive,strong,True,True,False,False,False,False,False,1,1,0,0,0,0,0,4.0,2024-08-03T00:00:00+00:00
goodreads_sarah,book_49029e4039056a0d,work_fb79af4c7808cf36,1,to_read,exposure_only,exposure,False,False,False,True,True,False,False,0,0,0,1,1,0,0,0.0,
goodreads_sarah,book_49404c61b0af0004,work_fdf54f843c745c5d,1,to_read,exposure_only,exposure,False,False,False,True,True,False,False,0,0,0,1,1,0,0,0.0,
goodreads_sarah,book_495438fd8753efd6,work_5883fb469246a2cf,1,read,negative,negative,True,False,True,False,False,False,False,1,0,1,0,0,0,0,2.0,
goodreads_sarah,book_49a4118cc6fbf459,work_cae7663393335f7c,1,to_read,exposure_only,exposure,False,False,False,True,True,False,False,0,0,0,1,1,0,0,0.0,
goodreads_sarah,book_49e4f122a6ef63e6,work_727023d371298185,1,read,positive,strong,True,True,False,False,False,False,False,1,1,0,0,0,0,0,4.0,
goodreads_sarah,book_49e5e7c5f23fce91,work_e40842ac3bbb61b6,1,to_read,exposure_only,exposure,False,False,False,True,True,False,False,0,0,0,1,1,0,0,0.0,
goodreads_sarah,book_4ad41c104e676998,work_5b361fd2a4a88101,1,to_read,exposure_only,exposure,False,False,False,True,True,False,False,0,0,0,1,1,0,0,0.0,
goodreads_sarah,book_4ae21c63e114e762,work_b5b3b88b86903ea5,1,to_read,exposure_only,exposure,False,False,False,True,True,False,False,0,0,0,1,1,0,0,0.0,
goodreads_sarah,book_4b044cfe87fa8206,work_9622783c939f8eb5,1,read,positive,strong,True,True,False,False,False,False,False,1,1,0,0,0,0,0,4.0,2022-08-07T00:00:00+00:00
goodreads_sarah,book_4b264f99ba6c129b,work_0911fb6666b39512,1,read,positive,strong,True,True,False,False,False,False,False,1,1,0,0,0,0,0,4.0,
goodreads_sarah,book_4b2a62e58cd3086c,work_a3fd86367501f522,1,read,negative,negative,True,False,True,False,False,False,False,1,0,1,0,0,0,0,1.0,2022-01-30T00:00:00+00:00
goodreads_sarah,book_4b881073679822d8,work_f49f9d77ebf71503,1,to_read,exposure_only,exposure,False,False,False,True,True,False,False,0,0,0,1,1,0,0,0.0,
goodreads_sarah,book_4b8cb9e5ebf98dd5,work_c9037629e83fe491,1,read,positive,strong,True,True,False,False,False,False,False,1,1,0,0,0,0,0,3.0,
goodreads_sarah,book_4bfd56743b8acd42,work_4dff4658d5f86ded,1,to_read,exposure_only,exposure,False,False,False,True,True,False,False,0,0,0,1,1,0,0,0.0,
goodreads_sarah,book_4c021aa288de81b6,work_db57a133aaa6794a,1,read,positive,strong,True,True,False,False,False,False,False,1,1,0,0,0,0,0,5.0,
goodreads_sarah,book_4ca980ecda6d679b,work_145973cab5c3b8b6,1,read,positive,strong,True,True,False,False,False,False,False,1,1,0,0,0,0,0,3.0,
goodreads_sarah,book_4d0e8c0d4a4ff3ac,work_41f7e8ae4be64f13,1,read,negative,negative,True,False,True,False,False,False,False,1,0,1,0,0,0,0,2.0,2021-01-10T00:00:00+00:00
goodreads_sarah,book_4d8546112c587dee,work_2f2b90345e9c9407,1,read,positive,strong,True,True,False,False,False,False,False,1,1,0,0,0,0,0,4.0,2021-03-02T00:00:00+00:00
goodreads_sarah,book_4d9790fb97e78679,work_1f9b6f3b14d84c9a,1,to_read,exposure_only,exposure,False,False,False,True,True,False,False,0,0,0,1,1,0,0,0.0,
goodreads_sarah,book_4db9b394d649b9bb,work_30e72b8e7e5a1594,1,read,positive,strong,True,True,False,False,False,False,False,1,1,0,0,0,0,0,4.0,2024-10-25T00:00:00+00:00
goodreads_sarah,book_4ddd5ef6448c9f45,work_e4d56ed243fa72aa,1,unknown,unknown,unknown,False,False,False,False,False,False,False,0,0,0,0,0,0,0,0.0,
goodreads_sarah,book_4de4eec905f5cc04,work_9dabbe60c532b87a,1,to_read,exposure_only,exposure,False,False,False,True,True,False,False,0,0,0,1,1,0,0,0.0,
goodreads_sarah,book_4de649b97a3de65b,work_febbc29484f046b6,1,to_read,exposure_only,exposure,False,False,False,True,True,False,False,0,0,0,1,1,0,0,0.0,
goodreads_sarah,book_4deaefad985ece5a,work_28bc803590b5309a,1,to_read,exposure_only,exposure,False,False,False,True,True,False,False,0,0,0,1,1,0,0,0.0,
goodreads_sarah,book_4e4172376a5c1c1b,work_9d47d646fd926a09,1,to_read,exposure_only,exposure,False,False,False,True,True,False,False,0,0,0,1,1,0,0,0.0,
goodreads_sarah,book_4e57c84f72b55fa5,work_cc3e9b0002eb9d41,1,to_read,exposure_only,exposure,False,False,False,True,True,False,False,0,0,0,1,1,0,0,0.0,
goodreads_sarah,book_4eac6529c7bab249,work_bf0d6674648c5634,1,to_read,exposure_only,exposure,False,False,False,True,True,False,False,0,0,0,1,1,0,0,0.0,
goodreads_sarah,book_4ee48df99f0db5e2,work_7864be710665c935,1,read,positive,strong,True,True,False,False,False,False,False,1,1,0,0,0,0,0,3.0,
goodreads_sarah,book_4f08e3059191a03f,work_4b8dacb53f4887bf,1,to_read,exposure_only,exposure,False,False,False,True,True,False,False,0,0,0,1,1,0,0,0.0,
goodreads_sarah,book_4f72e2b52147d1e0,work_3cf5677b20fabe09,1,to_read,exposure_only,exposure,False,False,False,True,True,False,False,0,0,0,1,1,0,0,0.0,
goodreads_sarah,book_4fa8281a0014c8a4,work_f9e7513cb3c19540,1,read,positive,strong,True,True,False,False,False,False,False,1,1,0,0,0,0,0,4.0,2021-02-21T00:00:00+00:00
goodreads_sarah,book_4fb2a03f2c236bb1,work_e5783d6791f02630,1,to_read,exposure_only,exposure,False,False,False,True,True,False,False,0,0,0,1,1,0,0,0.0,
goodreads_sarah,book_500c94480470e327,work_3c26c2f296e59070,1,to_read,exposure_only,exposure,False,False,False,True,True,False,False,0,0,0,1,1,0,0,0.0,
goodreads_sarah,book_502964e2907b545b,work_22bd52184b9781eb,1,read,positive,strong,True,True,False,False,False,False,False,1,1,0,0,0,0,0,4.0,
goodreads_sarah,book_507c0840abdd16ca,work_1c25d32ebe465d73,1,read,positive,strong,True,True,False,False,False,False,False,1,1,0,0,0,0,0,4.0,
goodreads_sarah,book_50d34a0f559dfcae,work_5a1bc03956f6c2c1,2,to_read,exposure_only,exposure,False,False,False,True,True,False,False,0,0,0,1,1,0,0,0.0,
goodreads_sarah,book_50f2a3542f005a5a,work_347293b4f921c2ce,1,read,positive,strong,True,True,False,False,False,False,False,1,1,0,0,0,0,0,4.0,2024-04-03T00:00:00+00:00
goodreads_sarah,book_510b8dfb1255cf2f,work_9eea5ce6d3fdcbaa,1,to_read,exposure_only,exposure,False,False,False,True,True,False,False,0,0,0,1,1,0,0,0.0,
goodreads_sarah,book_51117bb7c3d1717e,work_30bb6448f54cc7b0,1,read,positive,strong,True,True,False,False,False,False,False,1,1,0,0,0,0,0,4.0,
goodreads_sarah,book_51def82bcde74f69,work_5d4833550e8cff35,1,to_read,exposure_only,exposure,False,False,False,True,True,False,False,0,0,0,1,1,0,0,0.0,
goodreads_sarah,book_51dfd2fa69135d1c,work_3d013e0971f9f764,1,read,positive,strong,True,True,False,False,False,False,False,1,1,0,0,0,0,0,3.0,2025-12-30T00:00:00+00:00
goodreads_sarah,book_5230a4f36947b214,work_c3f41ade08e927b7,1,unknown,unknown,unknown,False,False,False,False,False,False,False,0,0,0,0,0,0,0,0.0,
goodreads_sarah,book_5234077034da722f,work_f8e42b6295ea6318,1,to_read,exposure_only,exposure,False,False,False,True,True,False,False,0,0,0,1,1,0,0,0.0,
goodreads_sarah,book_52780274ffc656ff,work_0b2faaa6f9aeeb5c,1,to_read,exposure_only,exposure,False,False,False,True,True,False,False,0,0,0,1,1,0,0,0.0,
goodreads_sarah,book_52826a72234e257d,work_34481ed8eaabce08,1,read,positive,strong,True,True,False,False,False,False,False,1,1,0,0,0,0,0,4.0,2021-04-10T00:00:00+00:00
goodreads_sarah,book_52a6d3ebcc0c4539,work_b15c8372d561f57e,1,to_read,exposure_only,exposure,False,False,False,True,True,False,False,0,0,0,1,1,0,0,0.0,
goodreads_sarah,book_52b68813514c1aca,work_f77715ec2ec91894,1,read,positive,strong,True,True,False,False,False,False,False,1,1,0,0,0,0,0,4.0,2021-05-03T00:00:00+00:00
goodreads_sarah,book_52dbebf8ae240475,work_c417ff17718caaeb,1,to_read,exposure_only,exposure,False,False,False,True,True,False,False,0,0,0,1,1,0,0,0.0,
goodreads_sarah,book_52f867c1ef4db8fb,work_e4c8233f538e1b4a,1,to_read,exposure_only,exposure,False,False,False,True,True,False,False,0,0,0,1,1,0,0,0.0,
goodreads_sarah,book_53315d1640b872ec,work_0b9109aea3332e07,1,to_read,exposure_only,exposure,False,False,False,True,True,False,False,0,0,0,1,1,0,0,0.0,
goodreads_sarah,book_5333e9aeda6e9cd4,work_3b9c47f63808f949,1,unknown,unknown,unknown,False,False,False,False,False,False,False,0,0,0,0,0,0,0,0.0,
goodreads_sarah,book_53bb22ef2b579ea0,work_ba76de9a26d361e0,1,read,positive,strong,True,True,False,False,False,False,False,1,1,0,0,0,0,0,3.0,2021-03-11T00:00:00+00:00
goodreads_sarah,book_53cd5c3059c92621,work_4511523f353c1f53,1,read,positive,strong,True,True,False,False,False,False,False,1,1,0,0,0,0,0,4.0,
goodreads_sarah,book_53ef5ef7dda83780,work_8a6794c4c8195675,1,to_read,exposure_only,exposure,False,False,False,True,True,False,False,0,0,0,1,1,0,0,0.0,
goodreads_sarah,book_541f75961981ca0a,work_836d17cc0d630ad3,1,read,positive,strong,True,True,False,False,False,False,False,1,1,0,0,0,0,0,4.0,
goodreads_sarah,book_54270bcaf3497de8,work_025dc15cdb66a1e9,1,to_read,exposure_only,exposure,False,False,False,True,True,False,False,0,0,0,1,1,0,0,0.0,
goodreads_sarah,book_5449c9f901c42011,work_d48faa29aefb2f75,1,to_read,exposure_only,exposure,False,False,False,True,True,False,False,0,0,0,1,1,0,0,0.0,
goodreads_sarah,book_545c8b4ae0c38a83,work_31155aacb9d81c20,1,read,positive,strong,True,True,False,False,False,False,False,1,1,0,0,0,0,0,4.0,
goodreads_sarah,book_54b07a9eeb545052,work_2898710a2aa0067e,1,to_read,exposure_only,exposure,False,False,False,True,True,False,False,0,0,0,1,1,0,0,0.0,
goodreads_sarah,book_54eec033f6b37d74,work_99e6b40b1916d472,1,to_read,exposure_only,exposure,False,False,False,True,True,False,False,0,0,0,1,1,0,0,0.0,
goodreads_sarah,book_5510c8f3c45e9d20,work_4c3af54bf8b83d28,1,to_read,exposure_only,exposure,False,False,False,True,True,False,False,0,0,0,1,1,0,0,0.0,
goodreads_sarah,book_5547b9ccb64fd8c1,work_24824685e463da49,1,to_read,exposure_only,exposure,False,False,False,True,True,False,False,0,0,0,1,1,0,0,0.0,
goodreads_sarah,book_55770e641ffd1f21,work_fb8a69cff5c3d8b4,1,read,positive,strong,True,True,False,False,False,False,False,1,1,0,0,0,0,0,3.0,2021-09-17T00:00:00+00:00
goodreads_sarah,book_55de299ffcc5f87d,work_dcfa7895f7ec7eea,1,read,positive,strong,True,True,False,False,False,False,False,1,1,0,0,0,0,0,4.0,
goodreads_sarah,book_55de8ab736fb68e5,work_666812442ea2c131,1,to_read,exposure_only,exposure,False,False,False,True,True,False,False,0,0,0,1,1,0,0,0.0,
goodreads_sarah,book_55f80974a62002ad,work_b9d1f2ae3da6786c,1,to_read,exposure_only,exposure,False,False,False,True,True,False,False,0,0,0,1,1,0,0,0.0,
goodreads_sarah,book_560a466d1e4685e4,work_6048f981e39c43c6,1,read,positive,strong,True,True,False,False,False,False,False,1,1,0,0,0,0,0,4.0,
goodreads_sarah,book_569e68ae4ca4dad1,work_e62ec9d35e37da12,1,read,positive,strong,True,True,False,False,False,False,False,1,1,0,0,0,0,0,5.0,2026-03-22T00:00:00+00:00
goodreads_sarah,book_56dba7cddf529bb7,work_b87afb36e91519b3,1,to_read,exposure_only,exposure,False,False,False,True,True,False,False,0,0,0,1,1,0,0,0.0,
goodreads_sarah,book_57b5a39948aefc96,work_f25d29377aaa83b6,1,to_read,exposure_only,exposure,False,False,False,True,True,False,False,0,0,0,1,1,0,0,0.0,
goodreads_sarah,book_57bb14e942ec3c89,work_45756b6034eaaf2d,1,to_read,exposure_only,exposure,False,False,False,True,True,False,False,0,0,0,1,1,0,0,0.0,
goodreads_sarah,book_57f4c568df3e06ec,work_7c19065cc2bd414e,1,to_read,exposure_only,exposure,False,False,False,True,True,False,False,0,0,0,1,1,0,0,0.0,
goodreads_sarah,book_57fffa21c57ad600,work_9f68f1dac90259fd,1,to_read,exposure_only,exposure,False,False,False,True,True,False,False,0,0,0,1,1,0,0,0.0,
goodreads_sarah,book_58013e4869cfb19d,work_66512de1c73c2992,1,to_read,exposure_only,exposure,False,False,False,True,True,False,False,0,0,0,1,1,0,0,0.0,
goodreads_sarah,book_5814494cdcba111b,work_d7df0d9e34ecfb29,1,to_read,exposure_only,exposure,False,False,False,True,True,False,False,0,0,0,1,1,0,0,0.0,
goodreads_sarah,book_581c62254da62bb9,work_c0a0bd4adc9a3210,1,read,positive,strong,True,True,False,False,False,False,False,1,1,0,0,0,0,0,4.0,2021-04-13T00:00:00+00:00
goodreads_sarah,book_5840835c5989e0e7,work_077c388aab5cb2c0,1,to_read,exposure_only,exposure,False,False,False,True,True,False,False,0,0,0,1,1,0,0,0.0,
goodreads_sarah,book_58f509d353201296,work_95605c37adf8ea54,1,read,positive,strong,True,True,False,False,False,False,False,1,1,0,0,0,0,0,3.0,
goodreads_sarah,book_5949fdb3c2c395b9,work_504643dc54927d10,1,to_read,exposure_only,exposure,False,False,False,True,True,False,False,0,0,0,1,1,0,0,0.0,
goodreads_sarah,book_594bef015c89efef,work_d1da08170e8a8b51,1,unknown,unknown,unknown,False,False,False,False,False,False,False,0,0,0,0,0,0,0,0.0,
goodreads_sarah,book_59778951043f2781,work_aa6ba724f0859f9b,1,read,positive,strong,True,True,False,False,False,False,False,1,1,0,0,0,0,0,4.0,2024-10-28T00:00:00+00:00
goodreads_sarah,book_597f79682fe66aff,work_f3d218594c6504e7,1,to_read,exposure_only,exposure,False,False,False,True,True,False,False,0,0,0,1,1,0,0,0.0,
goodreads_sarah,book_59a5dec479b57229,work_bcf4b441fcd0f586,1,to_read,exposure_only,exposure,False,False,False,True,True,False,False,0,0,0,1,1,0,0,0.0,
goodreads_sarah,book_59c3740e3f80ac93,work_607a0dd0c73a0802,1,to_read,exposure_only,exposure,False,False,False,True,True,False,False,0,0,0,1,1,0,0,0.0,
goodreads_sarah,book_59ef467841ebf3e7,work_6876e82d48e7f405,1,to_read,exposure_only,exposure,False,False,False,True,True,False,False,0,0,0,1,1,0,0,0.0,
goodreads_sarah,book_59f2a5e0682ac79d,work_fff8ad1a1d2ae6a8,1,to_read,exposure_only,exposure,False,False,False,True,True,False,False,0,0,0,1,1,0,0,0.0,
goodreads_sarah,book_5a5bdc4966271f87,work_5264c75b29c2afc7,1,to_read,exposure_only,exposure,False,False,False,True,True,False,False,0,0,0,1,1,0,0,0.0,
goodreads_sarah,book_5a7adcf7176873a3,work_d98f2d34ad87cdda,1,to_read,exposure_only,exposure,False,False,False,True,True,False,False,0,0,0,1,1,0,0,0.0,
goodreads_sarah,book_5a85e7c20d6ec01f,work_ec7c67597b0f5112,1,read,positive,strong,True,True,False,False,False,False,False,1,1,0,0,0,0,0,3.0,
goodreads_sarah,book_5ab67e5da315ac6e,work_a5ebeffb1bef8ea2,1,read,positive,strong,True,True,False,False,False,False,False,1,1,0,0,0,0,0,4.0,
goodreads_sarah,book_5b358e098d30c085,work_202bef6e4c51af74,1,read,positive,strong,True,True,False,False,False,False,False,1,1,0,0,0,0,0,5.0,
goodreads_sarah,book_5b490bfb15c2f159,work_35d1509d0c49f44d,1,to_read,exposure_only,exposure,False,False,False,True,True,False,False,0,0,0,1,1,0,0,0.0,
goodreads_sarah,book_5b68d56b09376c3f,work_a864f8cad6edb576,1,to_read,exposure_only,exposure,False,False,False,True,True,False,False,0,0,0,1,1,0,0,0.0,
goodreads_sarah,book_5b8ba9fc41ca5fb8,work_3950190389756b8c,1,to_read,exposure_only,exposure,False,False,False,True,True,False,False,0,0,0,1,1,0,0,0.0,
goodreads_sarah,book_5b8cb7084a71ba8f,work_c7bad7026c45b162,1,to_read,exposure_only,exposure,False,False,False,True,True,False,False,0,0,0,1,1,0,0,0.0,
goodreads_sarah,book_5bd4e5da82326cfe,work_c25f7fee2090507e,1,to_read,exposure_only,exposure,False,False,False,True,True,False,False,0,0,0,1,1,0,0,0.0,
goodreads_sarah,book_5bd55f2ef3092e23,work_4425c3b12e67c927,1,to_read,exposure_only,exposure,False,False,False,True,True,False,False,0,0,0,1,1,0,0,0.0,
goodreads_sarah,book_5be2002124be2692,work_51e64ea2708ddb78,1,read,positive,strong,True,True,False,False,False,False,False,1,1,0,0,0,0,0,4.0,
goodreads_sarah,book_5befe6045b6a8096,work_f5f00d1dbe70b767,1,read,positive,strong,True,True,False,False,False,False,False,1,1,0,0,0,0,0,5.0,
goodreads_sarah,book_5bf69ebb07d83ac6,work_695c1d8945e18854,1,to_read,exposure_only,exposure,False,False,False,True,True,False,False,0,0,0,1,1,0,0,0.0,
goodreads_sarah,book_5c0d75d05da0a628,work_496dda6703a00e0d,1,unknown,unknown,unknown,False,False,False,False,False,False,False,0,0,0,0,0,0,0,0.0,
goodreads_sarah,book_5c18941587fa49e7,work_26e43b9c282fa819,1,to_read,exposure_only,exposure,False,False,False,True,True,False,False,0,0,0,1,1,0,0,0.0,
goodreads_sarah,book_5c385168fed3557b,work_db8d959010fd8f96,1,to_read,exposure_only,exposure,False,False,False,True,True,False,False,0,0,0,1,1,0,0,0.0,
goodreads_sarah,book_5c52663494ef94c7,work_5a5afea6c28db1ed,1,to_read,exposure_only,exposure,False,False,False,True,True,False,False,0,0,0,1,1,0,0,0.0,
goodreads_sarah,book_5c57da97775e05d9,work_56da99b73a9d81e8,1,to_read,exposure_only,exposure,False,False,False,True,True,False,False,0,0,0,1,1,0,0,0.0,
goodreads_sarah,book_5c5ff55210130cf2,work_1e983152a73571e1,1,read,positive,strong,True,True,False,False,False,False,False,1,1,0,0,0,0,0,4.0,2026-03-22T00:00:00+00:00
goodreads_sarah,book_5cbd15659b94f026,work_ddb13517e1b670b0,1,to_read,exposure_only,exposure,False,False,False,True,True,False,False,0,0,0,1,1,0,0,0.0,
goodreads_sarah,book_5cbd2acf7cc73c54,work_d73774a7fae4f177,1,to_read,exposure_only,exposure,False,False,False,True,True,False,False,0,0,0,1,1,0,0,0.0,
goodreads_sarah,book_5cca494f1de71804,work_0cb9e5b414947c7e,1,read,positive,strong,True,True,False,False,False,False,False,1,1,0,0,0,0,0,3.0,
goodreads_sarah,book_5d8c0711b98f13b3,work_dbca0a10ff3dde83,1,to_read,exposure_only,exposure,False,False,False,True,True,False,False,0,0,0,1,1,0,0,0.0,
goodreads_sarah,book_5d9863cecd2fa151,work_2d50cfd5ff905981,1,to_read,exposure_only,exposure,False,False,False,True,True,False,False,0,0,0,1,1,0,0,0.0,
goodreads_sarah,book_5da53cbb5e30efae,work_698545405f67050c,1,to_read,exposure_only,exposure,False,False,False,True,True,False,False,0,0,0,1,1,0,0,0.0,
goodreads_sarah,book_5db911923095da0f,work_7e7bccfc992a67ad,1,to_read,exposure_only,exposure,False,False,False,True,True,False,False,0,0,0,1,1,0,0,0.0,
goodreads_sarah,book_5dc6253c33231e91,work_67da234ea7bbc899,1,to_read,exposure_only,exposure,False,False,False,True,True,False,False,0,0,0,1,1,0,0,0.0,
goodreads_sarah,book_5dd7b27401165f4d,work_aa098332a5272900,1,to_read,exposure_only,exposure,False,False,False,True,True,False,False,0,0,0,1,1,0,0,0.0,
goodreads_sarah,book_5dde58c1d2cee90b,work_ba7a6df3b33c36bc,1,to_read,exposure_only,exposure,False,False,False,True,True,False,False,0,0,0,1,1,0,0,0.0,
goodreads_sarah,book_5df7a8bcf55889c0,work_f24e13f189834c13,1,to_read,exposure_only,exposure,False,False,False,True,True,False,False,0,0,0,1,1,0,0,0.0,
goodreads_sarah,book_5e411cc82155c36f,work_de0ab9c212d35dd1,1,read,positive,strong,True,True,False,False,False,False,False,1,1,0,0,0,0,0,5.0,
goodreads_sarah,book_5e80f32a92b85b9a,work_4c25905dec7e16a8,1,read,negative,negative,True,False,True,False,False,False,False,1,0,1,0,0,0,0,2.0,
goodreads_sarah,book_5faa12506898a1f1,work_619756bac158768f,1,to_read,exposure_only,exposure,False,False,False,True,True,False,False,0,0,0,1,1,0,0,0.0,
goodreads_sarah,book_5fbd1110ed4a7bc9,work_f95c8fc7f7f00b3f,1,to_read,exposure_only,exposure,False,False,False,True,True,False,False,0,0,0,1,1,0,0,0.0,
goodreads_sarah,book_5fdb4ed6b666e950,work_d7033aaaa9e2060b,1,to_read,exposure_only,exposure,False,False,False,True,True,False,False,0,0,0,1,1,0,0,0.0,
goodreads_sarah,book_604e2dd2dd0bbb99,work_9065dbbf69eafe59,1,to_read,exposure_only,exposure,False,False,False,True,True,False,False,0,0,0,1,1,0,0,0.0,
goodreads_sarah,book_604f687bae7009ad,work_b7c99dff4c384444,1,to_read,exposure_only,exposure,False,False,False,True,True,False,False,0,0,0,1,1,0,0,0.0,
goodreads_sarah,book_6068208081c05d53,work_73e55dc0d36ca348,1,to_read,exposure_only,exposure,False,False,False,True,True,False,False,0,0,0,1,1,0,0,0.0,
goodreads_sarah,book_6089d23a1155f29d,work_301483eb9dd1d714,1,to_read,exposure_only,exposure,False,False,False,True,True,False,False,0,0,0,1,1,0,0,0.0,
goodreads_sarah,book_608f61f97ccbd03f,work_cb004ef9dd03f7c3,2,to_read,exposure_only,exposure,False,False,False,True,True,False,False,0,0,0,2,2,0,0,0.0,
goodreads_sarah,book_60a22f190ca3757c,work_4fe3f720f9a166cd,1,to_read,exposure_only,exposure,False,False,False,True,True,False,False,0,0,0,1,1,0,0,0.0,
goodreads_sarah,book_613875c6662b4da5,work_e08c0fe03b5c6e79,1,read,positive,strong,True,True,False,False,False,False,False,1,1,0,0,0,0,0,4.0,
goodreads_sarah,book_6171000cb62c387c,work_97e92a03a11e4252,1,read,negative,negative,True,False,True,False,False,False,False,1,0,1,0,0,0,0,2.0,
goodreads_sarah,book_61816f99c1271912,work_ca108078b022f977,1,to_read,exposure_only,exposure,False,False,False,True,True,False,False,0,0,0,1,1,0,0,0.0,
goodreads_sarah,book_61a051e96123a8c3,work_2d8d0025e188c76f,1,to_read,exposure_only,exposure,False,False,False,True,True,False,False,0,0,0,1,1,0,0,0.0,
goodreads_sarah,book_61c60df03d32ec22,work_45bb29b1c57f974e,1,to_read,exposure_only,exposure,False,False,False,True,True,False,False,0,0,0,1,1,0,0,0.0,
goodreads_sarah,book_627e3599c6049c4e,work_691b6daee0ce804f,1,to_read,exposure_only,exposure,False,False,False,True,True,False,False,0,0,0,1,1,0,0,0.0,
goodreads_sarah,book_62be21d78fddea90,work_5453729f7bd4326b,1,to_read,exposure_only,exposure,False,False,False,True,True,False,False,0,0,0,1,1,0,0,0.0,
goodreads_sarah,book_6346bab9526052ef,work_ceb9004172aab21d,1,unknown,unknown,unknown,False,False,False,False,False,False,False,0,0,0,0,0,0,0,0.0,
goodreads_sarah,book_63a06456a1a01b64,work_d81b006fd3a6e66f,1,read,negative,negative,True,False,True,False,False,False,False,1,0,1,0,0,0,0,2.0,
goodreads_sarah,book_63b2cff0ab177dce,work_295b65d3117920d9,1,unknown,unknown,unknown,False,False,False,False,False,False,False,0,0,0,0,0,0,0,0.0,
goodreads_sarah,book_63e9141f75e6ef64,work_f4af87c7f80e9f9f,1,to_read,exposure_only,exposure,False,False,False,True,True,False,False,0,0,0,1,1,0,0,0.0,
goodreads_sarah,book_63ec0431094f3965,work_23b348b3e2f0b0a7,1,to_read,exposure_only,exposure,False,False,False,True,True,False,False,0,0,0,1,1,0,0,0.0,
goodreads_sarah,book_64232c7911838531,work_0fa2a8a951d233d8,1,to_read,exposure_only,exposure,False,False,False,True,True,False,False,0,0,0,1,1,0,0,0.0,
goodreads_sarah,book_6430b5caf994d377,work_616dbae6ae510603,1,unknown,unknown,unknown,False,False,False,False,False,False,False,0,0,0,0,0,0,0,0.0,
goodreads_sarah,book_64ac817a501869a5,work_86ea2b215abf8428,1,to_read,exposure_only,exposure,False,False,False,True,True,False,False,0,0,0,1,1,0,0,0.0,
goodreads_sarah,book_64b27235732e4047,work_5432e9c319a3602b,1,to_read,exposure_only,exposure,False,False,False,True,True,False,False,0,0,0,1,1,0,0,0.0,
goodreads_sarah,book_64babb7484bf4745,work_41591e26d8bbbbe4,1,read,positive,strong,True,True,False,False,False,False,False,1,1,0,0,0,0,0,4.0,
goodreads_sarah,book_64c182c387f2d0df,work_3c9ded4d3c90d47e,1,to_read,exposure_only,exposure,False,False,False,True,True,False,False,0,0,0,1,1,0,0,0.0,
goodreads_sarah,book_64e5d37515109a6c,work_793599b1887a81b8,2,read,positive,strong,True,True,False,True,True,False,False,1,1,0,1,1,0,0,4.0,2024-07-19T00:00:00+00:00
goodreads_sarah,book_64f8dd953cc9c2d2,work_11cb35ec0d2150eb,1,unknown,unknown,unknown,False,False,False,False,False,False,False,0,0,0,0,0,0,0,0.0,
goodreads_sarah,book_64fe8ba99bfd7074,work_4e72aa3592bc7337,2,to_read,exposure_only,exposure,False,False,False,True,True,False,False,0,0,0,2,2,0,0,0.0,
goodreads_sarah,book_6508dd725997129e,work_678a4b6b18f22e67,1,read,positive,strong,True,True,False,False,False,False,False,1,1,0,0,0,0,0,4.0,
goodreads_sarah,book_655aa9c9d5edd2eb,work_ed969923aac7be88,1,to_read,exposure_only,exposure,False,False,False,True,True,False,False,0,0,0,1,1,0,0,0.0,
goodreads_sarah,book_65bfd981f5ea2b84,work_959df1ecd359524f,1,read,positive,strong,True,True,False,False,False,False,False,1,1,0,0,0,0,0,4.0,2024-05-16T00:00:00+00:00
goodreads_sarah,book_65cfeb1406ffb07b,work_481e054033664223,1,to_read,exposure_only,exposure,False,False,False,True,True,False,False,0,0,0,1,1,0,0,0.0,
goodreads_sarah,book_65d27df0d693ebdf,work_4194f93e9063e39f,1,to_read,exposure_only,exposure,False,False,False,True,True,False,False,0,0,0,1,1,0,0,0.0,
goodreads_sarah,book_661868db2246c907,work_0f33289e407137a8,1,read,positive,strong,True,True,False,False,False,False,False,1,1,0,0,0,0,0,3.0,
goodreads_sarah,book_66311da453220001,work_b0726991e2a59734,1,read,positive,strong,True,True,False,False,False,False,False,1,1,0,0,0,0,0,4.0,
goodreads_sarah,book_66898b4cc15196dc,work_07f34ab84d9e1805,1,to_read,exposure_only,exposure,False,False,False,True,True,False,False,0,0,0,1,1,0,0,0.0,
goodreads_sarah,book_669a8236fe4c222f,work_00edd75d3b5e0f87,1,read,positive,strong,True,True,False,False,False,False,False,1,1,0,0,0,0,0,3.0,2024-08-15T00:00:00+00:00
goodreads_sarah,book_669af3df338fae1c,work_239c0b6be58f6d9f,1,unknown,unknown,unknown,False,False,False,False,False,False,False,0,0,0,0,0,0,0,0.0,
goodreads_sarah,book_66d244613b3a8091,work_107f01c7c44c5fb5,1,to_read,exposure_only,exposure,False,False,False,True,True,False,False,0,0,0,1,1,0,0,0.0,
goodreads_sarah,book_675a5a72df87930d,work_df42d2eb4c544956,1,unknown,unknown,unknown,False,False,False,False,False,False,False,0,0,0,0,0,0,0,0.0,
goodreads_sarah,book_675e7957520daa3b,work_870b9b4fec5038a8,1,unknown,unknown,unknown,False,False,False,False,False,False,False,0,0,0,0,0,0,0,0.0,
goodreads_sarah,book_67788defa5914b39,work_852e64f32a261ffe,1,to_read,exposure_only,exposure,False,False,False,True,True,False,False,0,0,0,1,1,0,0,0.0,
goodreads_sarah,book_67a4c89e5b329ae0,work_bc2532a5f12dde6f,1,read,positive,strong,True,True,False,False,False,False,False,1,1,0,0,0,0,0,4.0,2022-05-12T00:00:00+00:00
goodreads_sarah,book_67b1b67773cfa9a5,work_ba6e48617dc4435b,1,to_read,exposure_only,exposure,False,False,False,True,True,False,False,0,0,0,1,1,0,0,0.0,
goodreads_sarah,book_67c0843a7735e2c5,work_79db064cfc259566,1,to_read,exposure_only,exposure,False,False,False,True,True,False,False,0,0,0,1,1,0,0,0.0,
goodreads_sarah,book_67cfd1323c2cd59f,work_33b4975aaf370d82,1,to_read,exposure_only,exposure,False,False,False,True,True,False,False,0,0,0,1,1,0,0,0.0,
goodreads_sarah,book_680de888e0390199,work_1d65ccbd30558539,1,to_read,exposure_only,exposure,False,False,False,True,True,False,False,0,0,0,1,1,0,0,0.0,
goodreads_sarah,book_68c3b29b4cd0990a,work_aebc6080b4dfd8ec,1,unknown,unknown,unknown,False,False,False,False,False,False,False,0,0,0,0,0,0,0,0.0,
goodreads_sarah,book_68dcfde5226d2506,work_5afceb436f7ae298,1,read,positive,strong,True,True,False,False,False,False,False,1,1,0,0,0,0,0,4.0,2025-02-22T00:00:00+00:00
goodreads_sarah,book_6a3e2d4698192f32,work_04920f40be71764a,1,to_read,exposure_only,exposure,False,False,False,True,True,False,False,0,0,0,1,1,0,0,0.0,
goodreads_sarah,book_6aa5fe36fbc9619e,work_fdd59483d70733d6,1,read,positive,strong,True,True,False,False,False,False,False,1,1,0,0,0,0,0,3.0,2022-07-04T00:00:00+00:00
goodreads_sarah,book_6b65b7472fe15fa4,work_b67fc354945954f3,1,to_read,exposure_only,exposure,False,False,False,True,True,False,False,0,0,0,1,1,0,0,0.0,
goodreads_sarah,book_6b799f9004cca2e0,work_a128ed67224992d8,1,read,positive,strong,True,True,False,False,False,False,False,1,1,0,0,0,0,0,4.0,2024-12-25T00:00:00+00:00
goodreads_sarah,book_6bbbba9adf7966ee,work_556ce8508687e6c7,1,read,positive,strong,True,True,False,False,False,False,False,1,1,0,0,0,0,0,3.0,
goodreads_sarah,book_6bd1757f1f0c2896,work_dfd12b872d76c5ce,1,to_read,exposure_only,exposure,False,False,False,True,True,False,False,0,0,0,1,1,0,0,0.0,
goodreads_sarah,book_6bdb56f4ae7aa0ea,work_722f8267f177607b,1,to_read,exposure_only,exposure,False,False,False,True,True,False,False,0,0,0,1,1,0,0,0.0,
goodreads_sarah,book_6bed80053d450fb2,work_0df728b45e8e67b9,1,to_read,exposure_only,exposure,False,False,False,True,True,False,False,0,0,0,1,1,0,0,0.0,
goodreads_sarah,book_6c0a32ecb0247368,work_28c6d94febf0e800,1,to_read,exposure_only,exposure,False,False,False,True,True,False,False,0,0,0,1,1,0,0,0.0,
goodreads_sarah,book_6c16b39d3008b461,work_f9ea117daa5ea72b,1,to_read,exposure_only,exposure,False,False,False,True,True,False,False,0,0,0,1,1,0,0,0.0,
goodreads_sarah,book_6c54df5fbbf47f4d,work_2c68d9f9bcf9edb9,1,read,positive,strong,True,True,False,False,False,False,False,1,1,0,0,0,0,0,5.0,
goodreads_sarah,book_6c5888fb330184a0,work_c2770fd74d5920bd,1,read,positive,strong,True,True,False,False,False,False,False,1,1,0,0,0,0,0,4.0,
goodreads_sarah,book_6ce0fdb9aa35427f,work_e95a3a7615704a89,1,unknown,unknown,unknown,False,False,False,False,False,False,False,0,0,0,0,0,0,0,0.0,
goodreads_sarah,book_6d2b355684a8e310,work_9041125e59fbf680,1,to_read,exposure_only,exposure,False,False,False,True,True,False,False,0,0,0,1,1,0,0,0.0,
goodreads_sarah,book_6d93989d152d9a53,work_c64d8b1e9460e311,1,read,positive,strong,True,True,False,False,False,False,False,1,1,0,0,0,0,0,4.0,2022-08-08T00:00:00+00:00
goodreads_sarah,book_6e22d3748f8e1f39,work_0c645092197c173d,1,to_read,exposure_only,exposure,False,False,False,True,True,False,False,0,0,0,1,1,0,0,0.0,
goodreads_sarah,book_6e4e4aee548d61e2,work_66477323c875b3b0,1,to_read,exposure_only,exposure,False,False,False,True,True,False,False,0,0,0,1,1,0,0,0.0,
goodreads_sarah,book_707c4167bd2b638c,work_db0cbaa4ab725381,1,to_read,exposure_only,exposure,False,False,False,True,True,False,False,0,0,0,1,1,0,0,0.0,
goodreads_sarah,book_70838ec038816bfd,work_a3ecb5d5e00ed89d,1,to_read,exposure_only,exposure,False,False,False,True,True,False,False,0,0,0,1,1,0,0,0.0,
goodreads_sarah,book_7115e3ebf074e5cc,work_75d04754d8f1c16f,1,to_read,exposure_only,exposure,False,False,False,True,True,False,False,0,0,0,1,1,0,0,0.0,
goodreads_sarah,book_7148c24d63d32a91,work_7c8a85b431f1febc,1,read,positive,strong,True,True,False,False,False,False,False,1,1,0,0,0,0,0,5.0,2026-03-22T00:00:00+00:00
goodreads_sarah,book_716163e84bb9edbc,work_d094f7ef8c236d11,1,to_read,exposure_only,exposure,False,False,False,True,True,False,False,0,0,0,1,1,0,0,0.0,
goodreads_sarah,book_7171c8ecd58b78af,work_cff1ec01ad42a356,1,to_read,exposure_only,exposure,False,False,False,True,True,False,False,0,0,0,1,1,0,0,0.0,
goodreads_sarah,book_7182ce6089ccb10a,work_98f18619587bcd7d,1,to_read,exposure_only,exposure,False,False,False,True,True,False,False,0,0,0,1,1,0,0,0.0,
goodreads_sarah,book_71a1429097f7a125,work_d7d80fc93ffa700c,1,to_read,exposure_only,exposure,False,False,False,True,True,False,False,0,0,0,1,1,0,0,0.0,
goodreads_sarah,book_71c9ba869e79f4c4,work_8db3efdb86a27255,1,to_read,exposure_only,exposure,False,False,False,True,True,False,False,0,0,0,1,1,0,0,0.0,
goodreads_sarah,book_71ef049a203b81e9,work_61a9ff11ef3c31dc,1,to_read,exposure_only,exposure,False,False,False,True,True,False,False,0,0,0,1,1,0,0,0.0,
goodreads_sarah,book_7201ec1d3558b7ca,work_d9fcb38bb4d170e3,1,read,positive,strong,True,True,False,False,False,False,False,1,1,0,0,0,0,0,4.0,
goodreads_sarah,book_7227c6a1c30c8f8d,work_14df381534e0cf8a,1,to_read,exposure_only,exposure,False,False,False,True,True,False,False,0,0,0,1,1,0,0,0.0,
goodreads_sarah,book_726790147ebc30f3,work_9bb0ad88a3cddfc4,1,to_read,exposure_only,exposure,False,False,False,True,True,False,False,0,0,0,1,1,0,0,0.0,
goodreads_sarah,book_7286f5195cdbd85f,work_4fb142a640758a61,1,read,positive,strong,True,True,False,False,False,False,False,1,1,0,0,0,0,0,5.0,2022-01-28T00:00:00+00:00
goodreads_sarah,book_72c25c508fcf49e5,work_6cf49cc3bae09261,2,to_read,exposure_only,exposure,False,False,False,True,True,False,False,0,0,0,1,1,0,0,0.0,
goodreads_sarah,book_72d07b0281265de8,work_22d751d541e77809,1,to_read,exposure_only,exposure,False,False,False,True,True,False,False,0,0,0,1,1,0,0,0.0,
goodreads_sarah,book_7305e25cd7a9ba8d,work_97e9335ecf7460f3,1,read,positive,strong,True,True,False,False,False,False,False,1,1,0,0,0,0,0,5.0,2026-06-24T00:00:00+00:00
goodreads_sarah,book_7316031aaaa39661,work_37ee91b56409451f,1,to_read,exposure_only,exposure,False,False,False,True,True,False,False,0,0,0,1,1,0,0,0.0,
goodreads_sarah,book_7336b41b1c956ba0,work_792e9c6f4f4e3c25,1,to_read,exposure_only,exposure,False,False,False,True,True,False,False,0,0,0,1,1,0,0,0.0,
goodreads_sarah,book_7349d468da49ca6b,work_16f6edeb1a68884b,1,read,positive,strong,True,True,False,False,False,False,False,1,1,0,0,0,0,0,5.0,
goodreads_sarah,book_734a6d62eb95d92b,work_76a839f96c51c5fc,1,to_read,exposure_only,exposure,False,False,False,True,True,False,False,0,0,0,1,1,0,0,0.0,
goodreads_sarah,book_7352244c7d65a45e,work_c570c7689592d284,1,to_read,exposure_only,exposure,False,False,False,True,True,False,False,0,0,0,1,1,0,0,0.0,
goodreads_sarah,book_737fadad4913c668,work_0a800f16dd6001ac,1,read,negative,negative,True,False,True,False,False,False,False,1,0,1,0,0,0,0,2.0,
goodreads_sarah,book_73ac82937d2d7713,work_836c71156f890b8a,1,read,positive,strong,True,True,False,False,False,False,False,1,1,0,0,0,0,0,4.0,
goodreads_sarah,book_73dccb20f64af580,work_e0e36e30fc771895,1,read,positive,strong,True,True,False,False,False,False,False,1,1,0,0,0,0,0,4.0,2021-03-09T00:00:00+00:00
goodreads_sarah,book_74b6922b4507045c,work_8377ae8a362efb9a,1,to_read,exposure_only,exposure,False,False,False,True,True,False,False,0,0,0,1,1,0,0,0.0,
goodreads_sarah,book_75c4bd137c105d9e,work_64ea4664eec7390f,1,read,positive,strong,True,True,False,False,False,False,False,1,1,0,0,0,0,0,5.0,2026-03-22T00:00:00+00:00
goodreads_sarah,book_75dcbaaa596475f1,work_2692c7bb7787609e,2,to_read,exposure_only,exposure,False,False,False,True,True,False,False,0,0,0,2,2,0,0,0.0,
goodreads_sarah,book_76b0d17ebab05027,work_72da63dadc9d3f2e,1,to_read,exposure_only,exposure,False,False,False,True,True,False,False,0,0,0,1,1,0,0,0.0,
goodreads_sarah,book_76cf75b5c72cff31,work_a128066805db9d0b,1,to_read,exposure_only,exposure,False,False,False,True,True,False,False,0,0,0,1,1,0,0,0.0,
goodreads_sarah,book_76ff1bc55bbc441f,work_03f563c4bc154b81,1,to_read,exposure_only,exposure,False,False,False,True,True,False,False,0,0,0,1,1,0,0,0.0,
goodreads_sarah,book_77570ea2de58d4b0,work_c657b11ec95450c2,1,to_read,exposure_only,exposure,False,False,False,True,True,False,False,0,0,0,1,1,0,0,0.0,
goodreads_sarah,book_776254f2452f2b34,work_c3289216d6fc4f7d,1,to_read,exposure_only,exposure,False,False,False,True,True,False,False,0,0,0,1,1,0,0,0.0,
goodreads_sarah,book_77bdf22d5e1bd9b1,work_d388dd2b06136139,1,to_read,exposure_only,exposure,False,False,False,True,True,False,False,0,0,0,1,1,0,0,0.0,
goodreads_sarah,book_77efea1bc0690ac5,work_b86555324ed6fa2e,1,read,positive,strong,True,True,False,False,False,False,False,1,1,0,0,0,0,0,5.0,
goodreads_sarah,book_780364cfb1e7ea7a,work_37c2e5c857b791b2,1,read,positive,strong,True,True,False,False,False,False,False,1,1,0,0,0,0,0,4.0,2026-04-28T00:00:00+00:00
goodreads_sarah,book_78d594dff5ec5c7e,work_51bea3025df2db5b,1,to_read,exposure_only,exposure,False,False,False,True,True,False,False,0,0,0,1,1,0,0,0.0,
goodreads_sarah,book_78dc018f647e3d22,work_82d1020731c5712e,1,read,positive,strong,True,True,False,False,False,False,False,1,1,0,0,0,0,0,5.0,
goodreads_sarah,book_78f9698ad059050a,work_3ca6bb933a383b30,3,to_read,exposure_only,exposure,False,False,False,True,True,False,False,0,0,0,3,3,0,0,0.0,
goodreads_sarah,book_794669efa4a3cb73,work_4a1665cb24d19ff7,1,to_read,exposure_only,exposure,False,False,False,True,True,False,False,0,0,0,1,1,0,0,0.0,
goodreads_sarah,book_7972f2b30cec2ac0,work_597067caf19194b8,1,to_read,exposure_only,exposure,False,False,False,True,True,False,False,0,0,0,1,1,0,0,0.0,
goodreads_sarah,book_797463842ef30b9f,work_8f6f0ab87b1ca5e9,1,to_read,exposure_only,exposure,False,False,False,True,True,False,False,0,0,0,1,1,0,0,0.0,
goodreads_sarah,book_79a634990418f104,work_1378152c33e181fe,1,to_read,exposure_only,exposure,False,False,False,True,True,False,False,0,0,0,1,1,0,0,0.0,
goodreads_sarah,book_7a131c3418604dfe,work_e0662871981c25a1,1,to_read,exposure_only,exposure,False,False,False,True,True,False,False,0,0,0,1,1,0,0,0.0,
goodreads_sarah,book_7a3f13c4145276ba,work_2cf049f3b6e63c89,1,to_read,exposure_only,exposure,False,False,False,True,True,False,False,0,0,0,1,1,0,0,0.0,
goodreads_sarah,book_7a84f9d251835201,work_856929d336a98156,1,read,positive,strong,True,True,False,False,False,False,False,1,1,0,0,0,0,0,5.0,2024-08-11T00:00:00+00:00
goodreads_sarah,book_7a8ee2901b90bbbb,work_044aec7f92138695,1,read,positive,strong,True,True,False,False,False,False,False,1,1,0,0,0,0,0,3.0,
goodreads_sarah,book_7ae4cc5e2911e860,work_b9216fdc731dba2e,1,to_read,exposure_only,exposure,False,False,False,True,True,False,False,0,0,0,1,1,0,0,0.0,
goodreads_sarah,book_7b2e9d48d34a8c8f,work_35532481e668b2d9,1,to_read,exposure_only,exposure,False,False,False,True,True,False,False,0,0,0,1,1,0,0,0.0,
goodreads_sarah,book_7b53293351d8a1e5,work_1bbd24dd0ba73ed0,1,to_read,exposure_only,exposure,False,False,False,True,True,False,False,0,0,0,1,1,0,0,0.0,
goodreads_sarah,book_7b737e21bf13a4cb,work_8d743be4f789f28d,1,to_read,exposure_only,exposure,False,False,False,True,True,False,False,0,0,0,1,1,0,0,0.0,
goodreads_sarah,book_7b75703fff4160d0,work_e95a82bb2e87be60,1,read,positive,strong,True,True,False,False,False,False,False,1,1,0,0,0,0,0,3.0,
goodreads_sarah,book_7b8ffac10e130fb7,work_48f9baf5129eec57,1,read,positive,strong,True,True,False,False,False,False,False,1,1,0,0,0,0,0,4.0,
goodreads_sarah,book_7bfad565a7f3ca3c,work_a2aca16cd702db0c,1,to_read,exposure_only,exposure,False,False,False,True,True,False,False,0,0,0,1,1,0,0,0.0,
goodreads_sarah,book_7c49dfd5f57825b1,work_1c6b7dc56a126757,1,read,positive,strong,True,True,False,False,False,False,False,1,1,0,0,0,0,0,5.0,2026-03-22T00:00:00+00:00
goodreads_sarah,book_7c58e90519af1389,work_42da805e16f52895,2,to_read,exposure_only,exposure,False,False,False,True,True,False,False,0,0,0,2,2,0,0,0.0,
goodreads_sarah,book_7c80113e3c5dfaa2,work_829ac2a32d0b0050,1,to_read,exposure_only,exposure,False,False,False,True,True,False,False,0,0,0,1,1,0,0,0.0,
goodreads_sarah,book_7c9b52b904e5c47d,work_666131c00da762ed,1,to_read,exposure_only,exposure,False,False,False,True,True,False,False,0,0,0,1,1,0,0,0.0,
goodreads_sarah,book_7ca717b72ad43371,work_0e5f23c70f0ac575,1,read,positive,strong,True,True,False,False,False,False,False,1,1,0,0,0,0,0,5.0,
goodreads_sarah,book_7d267919ebd29db1,work_409f14e80b6a1da3,1,read,negative,negative,True,False,True,False,False,False,False,1,0,1,0,0,0,0,2.0,
goodreads_sarah,book_7d75c8b67357e984,work_48282ec352a3690c,1,to_read,exposure_only,exposure,False,False,False,True,True,False,False,0,0,0,1,1,0,0,0.0,
goodreads_sarah,book_7da391fc99b4f1da,work_1369479a8fa5c35e,1,to_read,exposure_only,exposure,False,False,False,True,True,False,False,0,0,0,1,1,0,0,0.0,
goodreads_sarah,book_7de3fdad0a526b4d,work_7d771399432b3c5b,1,to_read,exposure_only,exposure,False,False,False,True,True,False,False,0,0,0,1,1,0,0,0.0,
goodreads_sarah,book_7e12347da5d7c9ba,work_f7a1402bdf917696,1,read,positive,strong,True,True,False,False,False,False,False,1,1,0,0,0,0,0,4.0,
goodreads_sarah,book_7e6133b08aad1d5d,work_9a47525f9a61bf66,1,read,positive,strong,True,True,False,False,False,False,False,1,1,0,0,0,0,0,4.0,2021-08-30T00:00:00+00:00
goodreads_sarah,book_7e62ea8f72dbd86b,work_42e85488af683dad,1,read,positive,strong,True,True,False,False,False,False,False,1,1,0,0,0,0,0,5.0,
goodreads_sarah,book_7e82f5e126095f2a,work_6d55ca8983373e9c,1,to_read,exposure_only,exposure,False,False,False,True,True,False,False,0,0,0,1,1,0,0,0.0,
goodreads_sarah,book_7eed60f8a31974b5,work_32ec6406eb56abef,1,to_read,exposure_only,exposure,False,False,False,True,True,False,False,0,0,0,1,1,0,0,0.0,
goodreads_sarah,book_7ef417370b41b300,work_cf353bab3d63399d,1,to_read,exposure_only,exposure,False,False,False,True,True,False,False,0,0,0,1,1,0,0,0.0,
goodreads_sarah,book_7ef9093c602d57c9,work_6313c6ef7f913609,1,read,positive,strong,True,True,False,False,False,False,False,1,1,0,0,0,0,0,4.0,
goodreads_sarah,book_7f551fc60839d84a,work_c49650d34472b52e,1,to_read,exposure_only,exposure,False,False,False,True,True,False,False,0,0,0,1,1,0,0,0.0,
goodreads_sarah,book_7f8b0cc76746b685,work_b93ab8717bbba6db,1,unknown,unknown,unknown,False,False,False,False,False,False,False,0,0,0,0,0,0,0,0.0,
goodreads_sarah,book_7fc468cc8dd184f3,work_f3a6aa741345fc1f,1,to_read,exposure_only,exposure,False,False,False,True,True,False,False,0,0,0,1,1,0,0,0.0,
goodreads_sarah,book_7fefe4ce9f637d07,work_0d1dbaf65837e4a2,1,to_read,exposure_only,exposure,False,False,False,True,True,False,False,0,0,0,1,1,0,0,0.0,
goodreads_sarah,book_80097ffc45970b3f,work_f1ac23660cd225fc,1,to_read,exposure_only,exposure,False,False,False,True,True,False,False,0,0,0,1,1,0,0,0.0,
goodreads_sarah,book_803f7d0904e92f9c,work_8d1cafedd05387b3,1,unknown,unknown,unknown,False,False,False,False,False,False,False,0,0,0,0,0,0,0,0.0,
goodreads_sarah,book_804f4abaca4e1440,work_8691e12a8d0a7443,1,read,positive,strong,True,True,False,False,False,False,False,1,1,0,0,0,0,0,4.0,
goodreads_sarah,book_80805ee968005f1e,work_0fe62043deca57cb,1,read,positive,strong,True,True,False,False,False,False,False,1,1,0,0,0,0,0,3.0,
goodreads_sarah,book_808547d1138962e5,work_64b329579c211bde,1,to_read,exposure_only,exposure,False,False,False,True,True,False,False,0,0,0,1,1,0,0,0.0,
goodreads_sarah,book_80a27e319ea76a12,work_7ba892174df1dfcf,1,read,positive,strong,True,True,False,False,False,False,False,1,1,0,0,0,0,0,4.0,2021-05-09T00:00:00+00:00
goodreads_sarah,book_80c07dbf5526ff61,work_0e14a7cbd76cae12,1,to_read,exposure_only,exposure,False,False,False,True,True,False,False,0,0,0,1,1,0,0,0.0,
goodreads_sarah,book_80e52804ee53d804,work_9289ed348efccdab,1,to_read,exposure_only,exposure,False,False,False,True,True,False,False,0,0,0,1,1,0,0,0.0,
goodreads_sarah,book_80e72fa6357f3134,work_29717265c7514c07,1,to_read,exposure_only,exposure,False,False,False,True,True,False,False,0,0,0,1,1,0,0,0.0,
goodreads_sarah,book_8121f75479b6ea4e,work_07798726e9537d61,1,to_read,exposure_only,exposure,False,False,False,True,True,False,False,0,0,0,1,1,0,0,0.0,
goodreads_sarah,book_8148b4a4b59c4d07,work_c5ee360fa4d6e860,1,to_read,exposure_only,exposure,False,False,False,True,True,False,False,0,0,0,1,1,0,0,0.0,
goodreads_sarah,book_815c6ee733cc8629,work_73378c908c9a9ea0,1,read,positive,strong,True,True,False,False,False,False,False,1,1,0,0,0,0,0,3.0,2022-07-18T00:00:00+00:00
goodreads_sarah,book_815ea628a1e16eb7,work_c67682a563920a36,1,to_read,exposure_only,exposure,False,False,False,True,True,False,False,0,0,0,1,1,0,0,0.0,
goodreads_sarah,book_81643a1325201f4c,work_d68b42ebf0bc4a9d,1,to_read,exposure_only,exposure,False,False,False,True,True,False,False,0,0,0,1,1,0,0,0.0,
goodreads_sarah,book_81913a886361c725,work_67902608cfee6ca3,1,to_read,exposure_only,exposure,False,False,False,True,True,False,False,0,0,0,1,1,0,0,0.0,
goodreads_sarah,book_820e36ac735d1490,work_0fcd96b5e831b691,1,to_read,exposure_only,exposure,False,False,False,True,True,False,False,0,0,0,1,1,0,0,0.0,
goodreads_sarah,book_82360a678b9365fc,work_63bf8bcef18429f2,1,read,positive,strong,True,True,False,False,False,False,False,1,1,0,0,0,0,0,3.0,
goodreads_sarah,book_8257ba6272753268,work_8091cfd6a92e2ced,1,to_read,exposure_only,exposure,False,False,False,True,True,False,False,0,0,0,1,1,0,0,0.0,
goodreads_sarah,book_825ab0f0c97c2144,work_2b6fade91ef0065f,1,to_read,exposure_only,exposure,False,False,False,True,True,False,False,0,0,0,1,1,0,0,0.0,
goodreads_sarah,book_82a459a258ae4295,work_00bfb2fec083d47e,1,read,negative,negative,True,False,True,False,False,False,False,1,0,1,0,0,0,0,1.0,2024-10-12T00:00:00+00:00
goodreads_sarah,book_82b9249f8ca4e9e1,work_86bc2713cbe52d52,1,to_read,exposure_only,exposure,False,False,False,True,True,False,False,0,0,0,1,1,0,0,0.0,
goodreads_sarah,book_82d85e1dc9ef1fe8,work_f75c61faa6c2290b,1,read,positive,strong,True,True,False,False,False,False,False,1,1,0,0,0,0,0,4.0,2026-04-30T00:00:00+00:00
goodreads_sarah,book_82e39a4b616258d1,work_7152887178176821,1,read,positive,strong,True,True,False,False,False,False,False,1,1,0,0,0,0,0,4.0,
goodreads_sarah,book_82e6ab62ae5fe8d8,work_bc29e26fcdc6a8c3,1,to_read,exposure_only,exposure,False,False,False,True,True,False,False,0,0,0,1,1,0,0,0.0,
goodreads_sarah,book_82ffddd83b11c52d,work_19cc55b5707985c9,1,to_read,exposure_only,exposure,False,False,False,True,True,False,False,0,0,0,1,1,0,0,0.0,
goodreads_sarah,book_8307d3107d1e4bf1,work_cd26d502eda44123,1,to_read,exposure_only,exposure,False,False,False,True,True,False,False,0,0,0,1,1,0,0,0.0,
goodreads_sarah,book_833ac806de11eed7,work_9cbcc6b1bcd9bf5b,2,to_read,exposure_only,exposure,False,False,False,True,True,False,False,0,0,0,1,1,0,0,0.0,
goodreads_sarah,book_836862604adcd3af,work_8ffe69961871adf6,1,read,positive,strong,True,True,False,False,False,False,False,1,1,0,0,0,0,0,4.0,
goodreads_sarah,book_8396d7b1936adc0f,work_a52c94abd13d545b,1,to_read,exposure_only,exposure,False,False,False,True,True,False,False,0,0,0,1,1,0,0,0.0,
goodreads_sarah,book_83b23bdcdd716ca1,work_d6febb9162107741,1,to_read,exposure_only,exposure,False,False,False,True,True,False,False,0,0,0,1,1,0,0,0.0,
goodreads_sarah,book_83c121f91d89ddd6,work_81c55b7c177fb55c,1,read,positive,strong,True,True,False,False,False,False,False,1,1,0,0,0,0,0,4.0,2021-02-11T00:00:00+00:00
goodreads_sarah,book_83c8f21685a301a2,work_9f2a94c5ab3f4340,1,read,positive,strong,True,True,False,False,False,False,False,1,1,0,0,0,0,0,4.0,
goodreads_sarah,book_84bd7ae2eb9f9e76,work_d71d6c1d1dde6233,1,read,positive,strong,True,True,False,False,False,False,False,1,1,0,0,0,0,0,3.0,
goodreads_sarah,book_84e8db91eddcf76c,work_ea94047b02c9a254,1,to_read,exposure_only,exposure,False,False,False,True,True,False,False,0,0,0,1,1,0,0,0.0,
goodreads_sarah,book_85275292596a71db,work_15002753a8d885d8,1,read,positive,strong,True,True,False,False,False,False,False,1,1,0,0,0,0,0,4.0,
goodreads_sarah,book_857a2a8d94a60ac1,work_c7c9bccad39c3104,1,to_read,exposure_only,exposure,False,False,False,True,True,False,False,0,0,0,1,1,0,0,0.0,
goodreads_sarah,book_85893a56e077ab04,work_b3127b1fc5b78bbc,1,to_read,exposure_only,exposure,False,False,False,True,True,False,False,0,0,0,1,1,0,0,0.0,
goodreads_sarah,book_863b88c9872da6df,work_98ca0700239984ad,1,to_read,exposure_only,exposure,False,False,False,True,True,False,False,0,0,0,1,1,0,0,0.0,
goodreads_sarah,book_863bb0ffddf8daff,work_b7e407641be0a3d1,1,to_read,exposure_only,exposure,False,False,False,True,True,False,False,0,0,0,1,1,0,0,0.0,
goodreads_sarah,book_868b0b9fce8ddf56,work_9493a51964cfa409,1,to_read,exposure_only,exposure,False,False,False,True,True,False,False,0,0,0,1,1,0,0,0.0,
goodreads_sarah,book_8695d63e3883c94c,work_1293b610b09e5e93,1,to_read,exposure_only,exposure,False,False,False,True,True,False,False,0,0,0,1,1,0,0,0.0,
goodreads_sarah,book_86e5569534037756,work_42c8efecbb80f828,1,read,positive,strong,True,True,False,False,False,False,False,1,1,0,0,0,0,0,4.0,2026-03-22T00:00:00+00:00
goodreads_sarah,book_86f6b8eae4d90a30,work_12269ca54a035bcd,1,to_read,exposure_only,exposure,False,False,False,True,True,False,False,0,0,0,1,1,0,0,0.0,
goodreads_sarah,book_871f1a87e7c95a52,work_70ec6e0461d6f959,1,to_read,exposure_only,exposure,False,False,False,True,True,False,False,0,0,0,1,1,0,0,0.0,
goodreads_sarah,book_8736a801eb12e7f7,work_96c62cf754960e6d,1,read,positive,strong,True,True,False,False,False,False,False,1,1,0,0,0,0,0,4.0,2022-02-20T00:00:00+00:00
goodreads_sarah,book_87821c8e39f0b91e,work_cb4d0c7e56cb16a3,1,to_read,exposure_only,exposure,False,False,False,True,True,False,False,0,0,0,1,1,0,0,0.0,
goodreads_sarah,book_87a250643d9db5c7,work_193ec1d599e6db15,1,read,positive,strong,True,True,False,False,False,False,False,1,1,0,0,0,0,0,4.0,
goodreads_sarah,book_881ceb21d07852f8,work_c82171e13988631b,1,to_read,exposure_only,exposure,False,False,False,True,True,False,False,0,0,0,1,1,0,0,0.0,
goodreads_sarah,book_892d96197613fa8c,work_464d56c1f3a36ee1,1,unknown,unknown,unknown,False,False,False,False,False,False,False,0,0,0,0,0,0,0,0.0,
goodreads_sarah,book_896446388af9ee7e,work_7675b6e2f1552b0d,1,to_read,exposure_only,exposure,False,False,False,True,True,False,False,0,0,0,1,1,0,0,0.0,
goodreads_sarah,book_89aefc9e6d88ceb2,work_6fb5afbc94ce0472,1,to_read,exposure_only,exposure,False,False,False,True,True,False,False,0,0,0,1,1,0,0,0.0,
goodreads_sarah,book_89d49d2f04127e36,work_edd60e7dd4c444ea,1,to_read,exposure_only,exposure,False,False,False,True,True,False,False,0,0,0,1,1,0,0,0.0,
goodreads_sarah,book_89d945fe64f3d937,work_32f828b14fc1ee1d,1,to_read,exposure_only,exposure,False,False,False,True,True,False,False,0,0,0,1,1,0,0,0.0,
goodreads_sarah,book_89ddcbb3bcbc08d7,work_aa7a32f26f2a848a,1,to_read,exposure_only,exposure,False,False,False,True,True,False,False,0,0,0,1,1,0,0,0.0,
goodreads_sarah,book_89fb96b30a5389e4,work_d34b76ceefc773dd,1,read,positive,strong,True,True,False,False,False,False,False,1,1,0,0,0,0,0,5.0,
goodreads_sarah,book_8a5f464d06acf324,work_52040de3ddf9c103,1,read,positive,strong,True,True,False,False,False,False,False,1,1,0,0,0,0,0,5.0,2026-03-22T00:00:00+00:00
goodreads_sarah,book_8a7ad2c15296caba,work_2f501f94cc049650,1,read,positive,strong,True,True,False,False,False,False,False,1,1,0,0,0,0,0,4.0,
goodreads_sarah,book_8a8516d67ed362d5,work_97386e9d3e447f19,1,to_read,exposure_only,exposure,False,False,False,True,True,False,False,0,0,0,1,1,0,0,0.0,
goodreads_sarah,book_8a87ee264853e604,work_33478337534fd302,1,to_read,exposure_only,exposure,False,False,False,True,True,False,False,0,0,0,1,1,0,0,0.0,
goodreads_sarah,book_8aa1fb5250c8c079,work_4f00b1b347321142,1,to_read,exposure_only,exposure,False,False,False,True,True,False,False,0,0,0,1,1,0,0,0.0,
goodreads_sarah,book_8aef559824be403b,work_d02a789816a4ad5d,1,read,positive,strong,True,True,False,False,False,False,False,1,1,0,0,0,0,0,4.0,2022-11-06T00:00:00+00:00
goodreads_sarah,book_8b50cd13403d3990,work_f767ceac67382485,1,to_read,exposure_only,exposure,False,False,False,True,True,False,False,0,0,0,1,1,0,0,0.0,
goodreads_sarah,book_8ba7c2d21b7c4b22,work_947b54d7a8186632,1,read,negative,negative,True,False,True,False,False,False,False,1,0,1,0,0,0,0,1.0,2021-03-11T00:00:00+00:00
goodreads_sarah,book_8bce9304ca4c0c02,work_ca91bdb45cae14c3,1,to_read,exposure_only,exposure,False,False,False,True,True,False,False,0,0,0,1,1,0,0,0.0,
goodreads_sarah,book_8c356e6aadfcc5c4,work_e216fcfddded6aff,1,to_read,exposure_only,exposure,False,False,False,True,True,False,False,0,0,0,1,1,0,0,0.0,
goodreads_sarah,book_8cc6904f3fbd0204,work_93700d030c1d25a2,1,read,positive,strong,True,True,False,False,False,False,False,1,1,0,0,0,0,0,4.0,
goodreads_sarah,book_8cd66a23817b93b5,work_174194fd8a0a0c4f,1,unknown,unknown,unknown,False,False,False,False,False,False,False,0,0,0,0,0,0,0,0.0,
goodreads_sarah,book_8ce2046b0568ba10,work_ae0b4df1d6fb34e4,1,to_read,exposure_only,exposure,False,False,False,True,True,False,False,0,0,0,1,1,0,0,0.0,
goodreads_sarah,book_8d21d0ed0858b62a,work_45745ab4ef1d3af1,1,to_read,exposure_only,exposure,False,False,False,True,True,False,False,0,0,0,1,1,0,0,0.0,
goodreads_sarah,book_8d349d949e2a576c,work_790b9d5a4ac3906f,1,to_read,exposure_only,exposure,False,False,False,True,True,False,False,0,0,0,1,1,0,0,0.0,
goodreads_sarah,book_8d83d59cb398cb49,work_e0a256d256dfde15,1,unknown,unknown,unknown,False,False,False,False,False,False,False,0,0,0,0,0,0,0,0.0,
goodreads_sarah,book_8dbaddfd4ccb6dfe,work_6321e1f607643819,1,unknown,unknown,unknown,False,False,False,False,False,False,False,0,0,0,0,0,0,0,0.0,
goodreads_sarah,book_8dc6ae7fc7cbe0ce,work_178229475c5e398c,1,read,positive,strong,True,True,False,False,False,False,False,1,1,0,0,0,0,0,3.0,2021-03-13T00:00:00+00:00
goodreads_sarah,book_8dc9c3c3f46477fa,work_773bcd36a9b7608d,1,to_read,exposure_only,exposure,False,False,False,True,True,False,False,0,0,0,1,1,0,0,0.0,
goodreads_sarah,book_8dded944dc873872,work_19c9c03a8ad40682,1,unknown,unknown,unknown,False,False,False,False,False,False,False,0,0,0,0,0,0,0,0.0,
goodreads_sarah,book_8e5c6790cdf31e8e,work_062e1f8c71e80048,1,read,positive,strong,True,True,False,False,False,False,False,1,1,0,0,0,0,0,5.0,2023-01-31T00:00:00+00:00
goodreads_sarah,book_8e7a268429749153,work_3c02b4f9dac61b2c,1,to_read,exposure_only,exposure,False,False,False,True,True,False,False,0,0,0,1,1,0,0,0.0,
goodreads_sarah,book_8ebbdfdd004e0681,work_f15ca0eac1ac0542,1,to_read,exposure_only,exposure,False,False,False,True,True,False,False,0,0,0,1,1,0,0,0.0,
goodreads_sarah,book_8ef0803d4fc45178,work_2542e2d340303d0f,1,to_read,exposure_only,exposure,False,False,False,True,True,False,False,0,0,0,1,1,0,0,0.0,
goodreads_sarah,book_8eff28a2598841e0,work_3f97b9c17ba1d6e2,1,to_read,exposure_only,exposure,False,False,False,True,True,False,False,0,0,0,1,1,0,0,0.0,
goodreads_sarah,book_8f3ef8e052eb1f84,work_1b52ecea2011d64c,1,to_read,exposure_only,exposure,False,False,False,True,True,False,False,0,0,0,1,1,0,0,0.0,
goodreads_sarah,book_8f52b30f06193890,work_cb46a10392a49e42,1,read,positive,strong,True,True,False,False,False,False,False,1,1,0,0,0,0,0,5.0,
goodreads_sarah,book_8f709f59347d4b61,work_0fa46c573fe90e46,1,to_read,exposure_only,exposure,False,False,False,True,True,False,False,0,0,0,1,1,0,0,0.0,
goodreads_sarah,book_8fce320cce316590,work_5e9d83d9a581642c,1,unknown,unknown,unknown,False,False,False,False,False,False,False,0,0,0,0,0,0,0,0.0,
goodreads_sarah,book_90217cd73a6b185c,work_192f374192b0111a,1,to_read,exposure_only,exposure,False,False,False,True,True,False,False,0,0,0,1,1,0,0,0.0,
goodreads_sarah,book_9030bae794875865,work_753ecfab4c51b9c4,1,to_read,exposure_only,exposure,False,False,False,True,True,False,False,0,0,0,1,1,0,0,0.0,
goodreads_sarah,book_9036b0a449ea5c30,work_4eff22c59069e8aa,1,unknown,unknown,unknown,False,False,False,False,False,False,False,0,0,0,0,0,0,0,0.0,
goodreads_sarah,book_9040401a3518eab5,work_d3e76dc8f47abe3b,1,read,positive,strong,True,True,False,False,False,False,False,1,1,0,0,0,0,0,3.0,
goodreads_sarah,book_906095cf9503cebc,work_7b613aae84e93b94,1,read,positive,strong,True,True,False,False,False,False,False,1,1,0,0,0,0,0,4.0,
goodreads_sarah,book_90efe12f675ad2be,work_d3bbe54230cdfcdc,1,to_read,exposure_only,exposure,False,False,False,True,True,False,False,0,0,0,1,1,0,0,0.0,
goodreads_sarah,book_90f74c39e434fbfd,work_5af89ecc91ece161,1,read,positive,strong,True,True,False,False,False,False,False,1,1,0,0,0,0,0,4.0,
goodreads_sarah,book_90ff5dc85b05d5da,work_b5575d43b7be61ee,1,unknown,unknown,unknown,False,False,False,False,False,False,False,0,0,0,0,0,0,0,0.0,
goodreads_sarah,book_911e63d5e3088b83,work_b3a0bfc9ff831376,1,to_read,exposure_only,exposure,False,False,False,True,True,False,False,0,0,0,1,1,0,0,0.0,
goodreads_sarah,book_912b25f4eab17a2c,work_55f4b83d2d1b0466,1,to_read,exposure_only,exposure,False,False,False,True,True,False,False,0,0,0,1,1,0,0,0.0,
goodreads_sarah,book_91c0d7acf2923eee,work_733fa4fe9662e594,1,to_read,exposure_only,exposure,False,False,False,True,True,False,False,0,0,0,1,1,0,0,0.0,
goodreads_sarah,book_9230cd320cfa9d49,work_45980eee1a15cfe6,1,to_read,exposure_only,exposure,False,False,False,True,True,False,False,0,0,0,1,1,0,0,0.0,
goodreads_sarah,book_927d7cd2148b69e7,work_e0eb6b912460f282,1,to_read,exposure_only,exposure,False,False,False,True,True,False,False,0,0,0,1,1,0,0,0.0,
goodreads_sarah,book_92dddda66904de5c,work_2facc1361b2a03de,1,to_read,exposure_only,exposure,False,False,False,True,True,False,False,0,0,0,1,1,0,0,0.0,
goodreads_sarah,book_92f889c542c1f1ea,work_8608c34412189e95,1,to_read,exposure_only,exposure,False,False,False,True,True,False,False,0,0,0,1,1,0,0,0.0,
goodreads_sarah,book_9318dc8b341ffcfd,work_eb8b72748a450157,1,to_read,exposure_only,exposure,False,False,False,True,True,False,False,0,0,0,1,1,0,0,0.0,
goodreads_sarah,book_93593d34a4c5c28b,work_1966e809ac8b6ad7,1,to_read,exposure_only,exposure,False,False,False,True,True,False,False,0,0,0,1,1,0,0,0.0,
goodreads_sarah,book_9360c1ee0c7c01b1,work_889e0bf26ef37ebf,1,to_read,exposure_only,exposure,False,False,False,True,True,False,False,0,0,0,1,1,0,0,0.0,
goodreads_sarah,book_93a0c2905c8adfbd,work_ab4ef8196002b674,1,to_read,exposure_only,exposure,False,False,False,True,True,False,False,0,0,0,1,1,0,0,0.0,
goodreads_sarah,book_93f3c20a5f2a5396,work_017b060a0d857f14,1,read,positive,strong,True,True,False,False,False,False,False,1,1,0,0,0,0,0,4.0,
goodreads_sarah,book_94344f043a808520,work_22b4a87cffb6fca1,1,read,positive,strong,True,True,False,False,False,False,False,1,1,0,0,0,0,0,3.0,
goodreads_sarah,book_94a0e93f20c63d9f,work_5577332aa7e6bd23,1,unknown,unknown,unknown,False,False,False,False,False,False,False,0,0,0,0,0,0,0,0.0,
goodreads_sarah,book_94aa692f46c25b0c,work_87fe5df025675bf5,1,to_read,exposure_only,exposure,False,False,False,True,True,False,False,0,0,0,1,1,0,0,0.0,
goodreads_sarah,book_94b9ea8e1f88d164,work_b9154520f0b3532e,1,read,positive,strong,True,True,False,False,False,False,False,1,1,0,0,0,0,0,3.0,2026-01-10T00:00:00+00:00
goodreads_sarah,book_9511fd51c26d7b71,work_bead39545747f572,1,read,positive,strong,True,True,False,False,False,False,False,1,1,0,0,0,0,0,4.0,2021-01-21T00:00:00+00:00
goodreads_sarah,book_9516a73f9f0f735f,work_48277e83f10ad948,1,unknown,unknown,unknown,False,False,False,False,False,False,False,0,0,0,0,0,0,0,0.0,
goodreads_sarah,book_9519c4bfd29efab1,work_e6a087fb4b6ffe51,1,to_read,exposure_only,exposure,False,False,False,True,True,False,False,0,0,0,1,1,0,0,0.0,
goodreads_sarah,book_955b4cebdea5e0f1,work_e53574ec925e0e8e,1,read,positive,strong,True,True,False,False,False,False,False,1,1,0,0,0,0,0,4.0,
goodreads_sarah,book_95cda31cbbe0adb1,work_9a153fc02a205e0b,1,to_read,exposure_only,exposure,False,False,False,True,True,False,False,0,0,0,1,1,0,0,0.0,
goodreads_sarah,book_95f2f167752a1a8d,work_a8ba22edb8bb6442,1,to_read,exposure_only,exposure,False,False,False,True,True,False,False,0,0,0,1,1,0,0,0.0,
goodreads_sarah,book_961e7fa924c293b6,work_45663f53a336fb84,1,unknown,unknown,unknown,False,False,False,False,False,False,False,0,0,0,0,0,0,0,0.0,
goodreads_sarah,book_96215a009f856a75,work_bafde9363f4172a8,1,unknown,unknown,unknown,False,False,False,False,False,False,False,0,0,0,0,0,0,0,0.0,
goodreads_sarah,book_9648f08a0db5ae7d,work_f36a7513edc45640,1,to_read,exposure_only,exposure,False,False,False,True,True,False,False,0,0,0,1,1,0,0,0.0,
goodreads_sarah,book_96a785921037882a,work_6464ddd610498962,1,to_read,exposure_only,exposure,False,False,False,True,True,False,False,0,0,0,1,1,0,0,0.0,
goodreads_sarah,book_96d7ba6d7c5a61e7,work_5226fc35750d2373,1,to_read,exposure_only,exposure,False,False,False,True,True,False,False,0,0,0,1,1,0,0,0.0,
goodreads_sarah,book_96dc9709ba9ea2e6,work_cebd517ad8aa3127,1,to_read,exposure_only,exposure,False,False,False,True,True,False,False,0,0,0,1,1,0,0,0.0,
goodreads_sarah,book_96f13c6c6e024927,work_179f195570d778f0,1,to_read,exposure_only,exposure,False,False,False,True,True,False,False,0,0,0,1,1,0,0,0.0,
goodreads_sarah,book_976a1bef6b82402b,work_1560c902e1b1bb53,1,to_read,exposure_only,exposure,False,False,False,True,True,False,False,0,0,0,1,1,0,0,0.0,
goodreads_sarah,book_97d4b777ea75cd8a,work_b14256768343d14b,1,to_read,exposure_only,exposure,False,False,False,True,True,False,False,0,0,0,1,1,0,0,0.0,
goodreads_sarah,book_97f66ba297419ef8,work_6dca8a1b253cc9ad,1,read,positive,strong,True,True,False,False,False,False,False,1,1,0,0,0,0,0,4.0,
goodreads_sarah,book_980373bf48ab5c95,work_bac6dc0ac391a8a0,1,to_read,exposure_only,exposure,False,False,False,True,True,False,False,0,0,0,1,1,0,0,0.0,
goodreads_sarah,book_985be0978146ac3d,work_8f97f3a5e8b8718e,1,to_read,exposure_only,exposure,False,False,False,True,True,False,False,0,0,0,1,1,0,0,0.0,
goodreads_sarah,book_986bf493c3f4c169,work_14c52bcb0192d5b0,1,to_read,exposure_only,exposure,False,False,False,True,True,False,False,0,0,0,1,1,0,0,0.0,
goodreads_sarah,book_98d34e7e4b4355b5,work_6ef93ba195afa1d0,1,to_read,exposure_only,exposure,False,False,False,True,True,False,False,0,0,0,1,1,0,0,0.0,
goodreads_sarah,book_98f88d8d29a2ec83,work_82ef1774bae254dc,1,read,positive,strong,True,True,False,False,False,False,False,1,1,0,0,0,0,0,4.0,
goodreads_sarah,book_99001b014851dacc,work_ef6299a4d49f0fe3,1,read,positive,strong,True,True,False,False,False,False,False,1,1,0,0,0,0,0,3.0,
goodreads_sarah,book_993c8d94936a77b2,work_a25deebc032e3b97,1,to_read,exposure_only,exposure,False,False,False,True,True,False,False,0,0,0,1,1,0,0,0.0,
goodreads_sarah,book_99c07e8e017c2dfe,work_d57147a33961dc54,1,to_read,exposure_only,exposure,False,False,False,True,True,False,False,0,0,0,1,1,0,0,0.0,
goodreads_sarah,book_99cebc1df07c437d,work_e42d1ec2d4cb7e0d,1,read,positive,strong,True,True,False,False,False,False,False,1,1,0,0,0,0,0,3.0,2024-10-20T00:00:00+00:00
goodreads_sarah,book_99d721408b518b66,work_986d8ed27479ab36,1,to_read,exposure_only,exposure,False,False,False,True,True,False,False,0,0,0,1,1,0,0,0.0,
goodreads_sarah,book_99f539904edc0e74,work_37d958ca7c898476,1,read,positive,strong,True,True,False,False,False,False,False,1,1,0,0,0,0,0,3.0,
goodreads_sarah,book_99f833607884dd07,work_c913cebfff707b4b,1,to_read,exposure_only,exposure,False,False,False,True,True,False,False,0,0,0,1,1,0,0,0.0,
goodreads_sarah,book_9a0e4594f93d8450,work_9dcff12f90d82ee1,1,to_read,exposure_only,exposure,False,False,False,True,True,False,False,0,0,0,1,1,0,0,0.0,
goodreads_sarah,book_9a2117ff2beb230f,work_04224614134f896c,2,to_read,exposure_only,exposure,False,False,False,True,True,False,False,0,0,0,2,2,0,0,0.0,
goodreads_sarah,book_9a625977f5fdf333,work_2ae4ffea47017497,1,read,positive,strong,True,True,False,False,False,False,False,1,1,0,0,0,0,0,5.0,
goodreads_sarah,book_9a938467234009b8,work_3736dd31fd305ac8,1,to_read,exposure_only,exposure,False,False,False,True,True,False,False,0,0,0,1,1,0,0,0.0,
goodreads_sarah,book_9aa0175f8ef92aed,work_c270c11231a3bf0f,1,unknown,unknown,unknown,False,False,False,False,False,False,False,0,0,0,0,0,0,0,0.0,
goodreads_sarah,book_9ad8eb8077582a01,work_d4dbadb022fdfdaf,1,to_read,exposure_only,exposure,False,False,False,True,True,False,False,0,0,0,1,1,0,0,0.0,
goodreads_sarah,book_9aefd0657ab0c7fe,work_534bc92057eea90e,1,to_read,exposure_only,exposure,False,False,False,True,True,False,False,0,0,0,1,1,0,0,0.0,
goodreads_sarah,book_9b49b2879f5fac24,work_0940ff6afe3e7633,1,to_read,exposure_only,exposure,False,False,False,True,True,False,False,0,0,0,1,1,0,0,0.0,
goodreads_sarah,book_9b4b294571338fa8,work_89335ba5aa504dc8,1,to_read,exposure_only,exposure,False,False,False,True,True,False,False,0,0,0,1,1,0,0,0.0,
goodreads_sarah,book_9b57a3c443e5d43b,work_d761a54356de6d18,1,to_read,exposure_only,exposure,False,False,False,True,True,False,False,0,0,0,1,1,0,0,0.0,
goodreads_sarah,book_9b7b0454ff2279d0,work_013c3d184fab6d9c,1,to_read,exposure_only,exposure,False,False,False,True,True,False,False,0,0,0,1,1,0,0,0.0,
goodreads_sarah,book_9b7e9310c31df95b,work_dee9b21ab156c7dd,1,to_read,exposure_only,exposure,False,False,False,True,True,False,False,0,0,0,1,1,0,0,0.0,
goodreads_sarah,book_9b96a520d9f70821,work_06a0232404f7464e,1,to_read,exposure_only,exposure,False,False,False,True,True,False,False,0,0,0,1,1,0,0,0.0,
goodreads_sarah,book_9bb86703883fa386,work_dc52847c75c3e7d1,1,unknown,unknown,unknown,False,False,False,False,False,False,False,0,0,0,0,0,0,0,0.0,
goodreads_sarah,book_9bd61cb6a96f5020,work_c713b81ecf1db809,1,to_read,exposure_only,exposure,False,False,False,True,True,False,False,0,0,0,1,1,0,0,0.0,
goodreads_sarah,book_9c77c2dc89eba43d,work_fba752e89590500e,1,unknown,unknown,unknown,False,False,False,False,False,False,False,0,0,0,0,0,0,0,0.0,
goodreads_sarah,book_9c7becc494c1e7f8,work_6d3e2b53a7cdd258,1,read,positive,strong,True,True,False,False,False,False,False,1,1,0,0,0,0,0,4.0,
goodreads_sarah,book_9c924abd9fe443f0,work_5d4bde936849d0df,1,read,positive,strong,True,True,False,False,False,False,False,1,1,0,0,0,0,0,3.0,2024-09-30T00:00:00+00:00
goodreads_sarah,book_9c9f52e237e7c4e7,work_0a9196536e1a5bb2,1,unknown,unknown,unknown,False,False,False,False,False,False,False,0,0,0,0,0,0,0,0.0,
goodreads_sarah,book_9cf7d5dfd8b2f45b,work_ff18c7612accf73c,1,to_read,exposure_only,exposure,False,False,False,True,True,False,False,0,0,0,1,1,0,0,0.0,
goodreads_sarah,book_9d2a9d5411b435d4,work_f77c8667990ac026,1,to_read,exposure_only,exposure,False,False,False,True,True,False,False,0,0,0,1,1,0,0,0.0,
goodreads_sarah,book_9d6a34639355c0b5,work_e58fb65f37d7ea97,1,to_read,exposure_only,exposure,False,False,False,True,True,False,False,0,0,0,1,1,0,0,0.0,
goodreads_sarah,book_9d6c8082c7fac28e,work_4c4fba5219966ffd,1,to_read,exposure_only,exposure,False,False,False,True,True,False,False,0,0,0,1,1,0,0,0.0,
goodreads_sarah,book_9dcf0abc3b96629f,work_e06970ac1cf18543,1,to_read,exposure_only,exposure,False,False,False,True,True,False,False,0,0,0,1,1,0,0,0.0,
goodreads_sarah,book_9e19362a7e86827d,work_2dcf2422bb3b3567,1,read,positive,strong,True,True,False,False,False,False,False,1,1,0,0,0,0,0,4.0,2024-11-03T00:00:00+00:00
goodreads_sarah,book_9e1f57054e4968f3,work_eae170d1f42488ab,1,to_read,exposure_only,exposure,False,False,False,True,True,False,False,0,0,0,1,1,0,0,0.0,
goodreads_sarah,book_9ee9fff9dee2534b,work_0b6e75916e945f96,1,read,positive,strong,True,True,False,False,False,False,False,1,1,0,0,0,0,0,4.0,
goodreads_sarah,book_9f3efb87630fe2c3,work_d6b1772ab4b8e6a4,1,to_read,exposure_only,exposure,False,False,False,True,True,False,False,0,0,0,1,1,0,0,0.0,
goodreads_sarah,book_9f9802cf35cf13f9,work_118e1adc689f017f,1,to_read,exposure_only,exposure,False,False,False,True,True,False,False,0,0,0,1,1,0,0,0.0,
goodreads_sarah,book_9fba4aab8df63e7f,work_9f91b2a7a684a8a7,1,read,positive,strong,True,True,False,False,False,False,False,1,1,0,0,0,0,0,3.0,
goodreads_sarah,book_9fbfd52ea619da84,work_262cc738ddcf0718,1,to_read,exposure_only,exposure,False,False,False,True,True,False,False,0,0,0,1,1,0,0,0.0,
goodreads_sarah,book_9fdc42bce0266ddf,work_09e0c4d8f5efa03e,3,read,positive,strong,True,True,False,True,True,False,False,1,1,0,2,2,0,0,4.0,
goodreads_sarah,book_a025a88dfb3d0d2f,work_b1e0436bbf52d18a,1,read,positive,strong,True,True,False,False,False,False,False,1,1,0,0,0,0,0,3.0,
goodreads_sarah,book_a04b0534a8e4a18a,work_fdec87576c10dc64,1,read,positive,strong,True,True,False,False,False,False,False,1,1,0,0,0,0,0,4.0,
goodreads_sarah,book_a07f1e2b1bbf32e2,work_ad74c7252f784a44,2,read,positive,strong,True,True,False,True,True,False,False,1,1,0,1,1,0,0,4.0,
goodreads_sarah,book_a0b1124cc0ab54da,work_03b6f9990b9bc7d3,1,to_read,exposure_only,exposure,False,False,False,True,True,False,False,0,0,0,1,1,0,0,0.0,
goodreads_sarah,book_a0b6ef0920716eb3,work_ea61cd3eb9d8b3b1,1,to_read,exposure_only,exposure,False,False,False,True,True,False,False,0,0,0,1,1,0,0,0.0,
goodreads_sarah,book_a0c8979bd823baea,work_2da2edfe3b35f446,1,read,positive,strong,True,True,False,False,False,False,False,1,1,0,0,0,0,0,4.0,
goodreads_sarah,book_a0fc6f42baf5563a,work_2361faf99c05a108,1,read,positive,strong,True,True,False,False,False,False,False,1,1,0,0,0,0,0,3.0,
goodreads_sarah,book_a1029bd48f05855a,work_b8ae2049f1f32a22,1,unknown,unknown,unknown,False,False,False,False,False,False,False,0,0,0,0,0,0,0,0.0,
goodreads_sarah,book_a13ffeaa4d614392,work_2dbf84c33f6c4703,1,to_read,exposure_only,exposure,False,False,False,True,True,False,False,0,0,0,1,1,0,0,0.0,
goodreads_sarah,book_a16de6405c62e340,work_f61b77e88052c46b,1,to_read,exposure_only,exposure,False,False,False,True,True,False,False,0,0,0,1,1,0,0,0.0,
goodreads_sarah,book_a17216a32421ef86,work_0616b7ed9facb359,1,to_read,exposure_only,exposure,False,False,False,True,True,False,False,0,0,0,1,1,0,0,0.0,
goodreads_sarah,book_a1793dca2326aa46,work_8c546155d58c8f4f,1,read,positive,strong,True,True,False,False,False,False,False,1,1,0,0,0,0,0,4.0,
goodreads_sarah,book_a1b22147aafb09f5,work_a88bbb48bb66301c,1,to_read,exposure_only,exposure,False,False,False,True,True,False,False,0,0,0,1,1,0,0,0.0,
goodreads_sarah,book_a1b8ba78caf7097c,work_d7f944c46e50d324,1,to_read,exposure_only,exposure,False,False,False,True,True,False,False,0,0,0,1,1,0,0,0.0,
goodreads_sarah,book_a1f0cb32076f7ee5,work_84957e63de002542,1,to_read,exposure_only,exposure,False,False,False,True,True,False,False,0,0,0,1,1,0,0,0.0,
goodreads_sarah,book_a205bf5954f8c7aa,work_8ed85293a2b75c6f,1,unknown,unknown,unknown,False,False,False,False,False,False,False,0,0,0,0,0,0,0,0.0,
goodreads_sarah,book_a22dbb70e1669223,work_a56a7babf76b9e18,1,to_read,exposure_only,exposure,False,False,False,True,True,False,False,0,0,0,1,1,0,0,0.0,
goodreads_sarah,book_a302d28d8b3d5bc3,work_3ff0d18aa7fca69a,1,read,positive,strong,True,True,False,False,False,False,False,1,1,0,0,0,0,0,5.0,2026-05-24T00:00:00+00:00
goodreads_sarah,book_a32fc85e0e998981,work_f88bbd33570e169d,1,read,positive,strong,True,True,False,False,False,False,False,1,1,0,0,0,0,0,4.0,
goodreads_sarah,book_a33b74a4e983d43a,work_47f8c31b56c364ba,1,to_read,exposure_only,exposure,False,False,False,True,True,False,False,0,0,0,1,1,0,0,0.0,
goodreads_sarah,book_a34c3e84cf33b597,work_6065d05a7eede2e9,1,read,positive,strong,True,True,False,False,False,False,False,1,1,0,0,0,0,0,4.0,2025-04-08T00:00:00+00:00
goodreads_sarah,book_a377f5fa53a90106,work_433dfdececae9689,1,read,positive,strong,True,True,False,False,False,False,False,1,1,0,0,0,0,0,3.0,
goodreads_sarah,book_a3c0008074694555,work_30901a4192de432a,1,to_read,exposure_only,exposure,False,False,False,True,True,False,False,0,0,0,1,1,0,0,0.0,
goodreads_sarah,book_a3de175a53ff7796,work_1a274d1b2057fe67,1,to_read,exposure_only,exposure,False,False,False,True,True,False,False,0,0,0,1,1,0,0,0.0,
goodreads_sarah,book_a446dee8dcf12c5e,work_0797ff66739777c7,1,to_read,exposure_only,exposure,False,False,False,True,True,False,False,0,0,0,1,1,0,0,0.0,
goodreads_sarah,book_a549783a8f29f288,work_fe3a31e4cd3c187e,1,unknown,unknown,unknown,False,False,False,False,False,False,False,0,0,0,0,0,0,0,0.0,
goodreads_sarah,book_a55926951ea082d8,work_6fb31e2d3caa79d6,1,to_read,exposure_only,exposure,False,False,False,True,True,False,False,0,0,0,1,1,0,0,0.0,
goodreads_sarah,book_a56e2e94f8561e39,work_4861282a1420f4dd,1,to_read,exposure_only,exposure,False,False,False,True,True,False,False,0,0,0,1,1,0,0,0.0,
goodreads_sarah,book_a5b87917c334bd8f,work_c636ff5ff34a3110,1,to_read,exposure_only,exposure,False,False,False,True,True,False,False,0,0,0,1,1,0,0,0.0,
goodreads_sarah,book_a5cce1d7a3df6243,work_95e70a51c6cb10d8,1,to_read,exposure_only,exposure,False,False,False,True,True,False,False,0,0,0,1,1,0,0,0.0,
goodreads_sarah,book_a5dfb27632fa1bd8,work_e9e395098ee84e72,1,to_read,exposure_only,exposure,False,False,False,True,True,False,False,0,0,0,1,1,0,0,0.0,
goodreads_sarah,book_a609bab2be64cfb1,work_5d1e37805b36bffc,1,read,positive,strong,True,True,False,False,False,False,False,1,1,0,0,0,0,0,3.0,
goodreads_sarah,book_a6307b9ee863d610,work_b99d03b107000ee4,1,to_read,exposure_only,exposure,False,False,False,True,True,False,False,0,0,0,1,1,0,0,0.0,
goodreads_sarah,book_a65f5f2134174cc2,work_ae9a016444d76963,1,to_read,exposure_only,exposure,False,False,False,True,True,False,False,0,0,0,1,1,0,0,0.0,
goodreads_sarah,book_a693639d41d67bbc,work_efd2980eacf19aac,1,to_read,exposure_only,exposure,False,False,False,True,True,False,False,0,0,0,1,1,0,0,0.0,
goodreads_sarah,book_a6b35cdd0e762d3f,work_280228234159ca13,1,read,positive,strong,True,True,False,False,False,False,False,1,1,0,0,0,0,0,5.0,2022-01-13T00:00:00+00:00
goodreads_sarah,book_a6bee7b0862f61d1,work_d6f7d2e2b75509c2,1,to_read,exposure_only,exposure,False,False,False,True,True,False,False,0,0,0,1,1,0,0,0.0,
goodreads_sarah,book_a6d04dfaf0f9c750,work_df00a791a304c8ae,1,read,positive,strong,True,True,False,False,False,False,False,1,1,0,0,0,0,0,3.0,
goodreads_sarah,book_a6d20d893d5a6d69,work_360f5c2b234eb7d5,1,to_read,exposure_only,exposure,False,False,False,True,True,False,False,0,0,0,1,1,0,0,0.0,
goodreads_sarah,book_a6f19c1e66a608bb,work_2a703179f58aa5e6,1,to_read,exposure_only,exposure,False,False,False,True,True,False,False,0,0,0,1,1,0,0,0.0,
goodreads_sarah,book_a70586a76e64efd6,work_55eb7d5292bf02db,1,to_read,exposure_only,exposure,False,False,False,True,True,False,False,0,0,0,1,1,0,0,0.0,
goodreads_sarah,book_a73301cfe87e1a91,work_62600b3ed0b47670,1,read,positive,strong,True,True,False,False,False,False,False,1,1,0,0,0,0,0,5.0,2025-02-17T00:00:00+00:00
goodreads_sarah,book_a750d0048d0ad8fd,work_1a3b61095ff2e1b1,1,to_read,exposure_only,exposure,False,False,False,True,True,False,False,0,0,0,1,1,0,0,0.0,
goodreads_sarah,book_a7571e05e61fa38a,work_a66ca0bbf44aac95,1,read,positive,strong,True,True,False,False,False,False,False,1,1,0,0,0,0,0,4.0,2024-07-29T00:00:00+00:00
goodreads_sarah,book_a7759fecebd41322,work_9d2b533c8a53d43e,1,to_read,exposure_only,exposure,False,False,False,True,True,False,False,0,0,0,1,1,0,0,0.0,
goodreads_sarah,book_a77bec0bfb9c2ecc,work_2bebfc3c066a5377,1,to_read,exposure_only,exposure,False,False,False,True,True,False,False,0,0,0,1,1,0,0,0.0,
goodreads_sarah,book_a78a422837c2f4e1,work_2d0001d2d403acb2,1,unknown,unknown,unknown,False,False,False,False,False,False,False,0,0,0,0,0,0,0,0.0,
goodreads_sarah,book_a7a092cf0726994a,work_415534b2391f48c4,1,read,positive,strong,True,True,False,False,False,False,False,1,1,0,0,0,0,0,3.0,
goodreads_sarah,book_a7d3b13990f5d5d8,work_77e7fb280b409900,1,to_read,exposure_only,exposure,False,False,False,True,True,False,False,0,0,0,1,1,0,0,0.0,
goodreads_sarah,book_a7db060e2ef08553,work_a1822da022a682ac,1,read,positive,strong,True,True,False,False,False,False,False,1,1,0,0,0,0,0,4.0,
goodreads_sarah,book_a7eccb673a0e17d7,work_9ad2e104288840cf,1,to_read,exposure_only,exposure,False,False,False,True,True,False,False,0,0,0,1,1,0,0,0.0,
goodreads_sarah,book_a80ad5ed4abb1e3a,work_a1fed63e4d4197d2,1,read,positive,strong,True,True,False,False,False,False,False,1,1,0,0,0,0,0,4.0,
goodreads_sarah,book_a87b074f820b2c41,work_b0f41ee4dade4455,1,unknown,unknown,unknown,False,False,False,False,False,False,False,0,0,0,0,0,0,0,0.0,
goodreads_sarah,book_a8c841f74a073526,work_fe143f8f79fafb7b,1,unknown,unknown,unknown,False,False,False,False,False,False,False,0,0,0,0,0,0,0,0.0,
goodreads_sarah,book_a9acd1fad156e354,work_51e014dfcb0b5087,1,to_read,exposure_only,exposure,False,False,False,True,True,False,False,0,0,0,1,1,0,0,0.0,
goodreads_sarah,book_aa124b8d7e57f58d,work_b750d81e4ff285bb,1,to_read,exposure_only,exposure,False,False,False,True,True,False,False,0,0,0,1,1,0,0,0.0,
goodreads_sarah,book_aa44a0a63448a44c,work_c6217fff1c2b383d,1,to_read,exposure_only,exposure,False,False,False,True,True,False,False,0,0,0,1,1,0,0,0.0,
goodreads_sarah,book_aa51a17da965596d,work_96c62cf754960e6d,1,to_read,exposure_only,exposure,False,False,False,True,True,False,False,0,0,0,1,1,0,0,0.0,
goodreads_sarah,book_aaa9afd38c727437,work_f715edd81a6a266b,1,read,positive,strong,True,True,False,False,False,False,False,1,1,0,0,0,0,0,5.0,
goodreads_sarah,book_ab08141d3798b4f4,work_cc4a2fab084a49e0,1,read,positive,strong,True,True,False,False,False,False,False,1,1,0,0,0,0,0,4.0,
goodreads_sarah,book_ab6972351da3dc59,work_eb7184a6b727aaa6,1,to_read,exposure_only,exposure,False,False,False,True,True,False,False,0,0,0,1,1,0,0,0.0,
goodreads_sarah,book_ab8b7f61655a6b27,work_0af68283207d8ac5,1,to_read,exposure_only,exposure,False,False,False,True,True,False,False,0,0,0,1,1,0,0,0.0,
goodreads_sarah,book_ab9a7bcc96c33df5,work_2d5d74a15ced90fc,1,unknown,unknown,unknown,False,False,False,False,False,False,False,0,0,0,0,0,0,0,0.0,
goodreads_sarah,book_ab9c25e34f6def08,work_76de477bc9d69d9c,1,to_read,exposure_only,exposure,False,False,False,True,True,False,False,0,0,0,1,1,0,0,0.0,
goodreads_sarah,book_abaafbab189c5f03,work_9ce04fbb6fe277aa,1,unknown,unknown,unknown,False,False,False,False,False,False,False,0,0,0,0,0,0,0,0.0,
goodreads_sarah,book_abd265f49caf1681,work_cc4e68ecfe2beb8a,1,to_read,exposure_only,exposure,False,False,False,True,True,False,False,0,0,0,1,1,0,0,0.0,
goodreads_sarah,book_abeb0b53c0a0a709,work_9693ae0c4cad1d94,1,read,positive,strong,True,True,False,False,False,False,False,1,1,0,0,0,0,0,5.0,2026-03-22T00:00:00+00:00
goodreads_sarah,book_ac8acce500a56fdd,work_49c9925775ccda3d,1,unknown,unknown,unknown,False,False,False,False,False,False,False,0,0,0,0,0,0,0,0.0,
goodreads_sarah,book_ac8f7fec642d6e3f,work_0d5080da7e9701b7,1,to_read,exposure_only,exposure,False,False,False,True,True,False,False,0,0,0,1,1,0,0,0.0,
goodreads_sarah,book_acfcf7b9bc1da139,work_6950531966c8ad19,1,to_read,exposure_only,exposure,False,False,False,True,True,False,False,0,0,0,1,1,0,0,0.0,
goodreads_sarah,book_ad41d35ae6869fdc,work_4cda4ba5f36f640c,1,to_read,exposure_only,exposure,False,False,False,True,True,False,False,0,0,0,1,1,0,0,0.0,
goodreads_sarah,book_ad439eaafb501bce,work_f8abf5ee836cd6e6,1,to_read,exposure_only,exposure,False,False,False,True,True,False,False,0,0,0,1,1,0,0,0.0,
goodreads_sarah,book_ad932920e70dbb17,work_ef9b0b35b1309d50,1,read,positive,strong,True,True,False,False,False,False,False,1,1,0,0,0,0,0,4.0,2025-05-21T00:00:00+00:00
goodreads_sarah,book_adaa8790c39ab8cf,work_e834343dcc89c435,1,to_read,exposure_only,exposure,False,False,False,True,True,False,False,0,0,0,1,1,0,0,0.0,
goodreads_sarah,book_ae434a1bbdfe2624,work_48643a0ca79245cf,1,to_read,exposure_only,exposure,False,False,False,True,True,False,False,0,0,0,1,1,0,0,0.0,
goodreads_sarah,book_ae47cc708e4904a2,work_c409a0225e79017b,1,to_read,exposure_only,exposure,False,False,False,True,True,False,False,0,0,0,1,1,0,0,0.0,
goodreads_sarah,book_ae5e5a2a1e087eba,work_94aa05652a43153f,1,to_read,exposure_only,exposure,False,False,False,True,True,False,False,0,0,0,1,1,0,0,0.0,
goodreads_sarah,book_ae7dd465112f56dd,work_49545b5664e584e0,1,read,positive,strong,True,True,False,False,False,False,False,1,1,0,0,0,0,0,4.0,
goodreads_sarah,book_ae8f53869eafc368,work_6ab72c2905d42859,2,to_read,exposure_only,exposure,False,False,False,True,True,False,False,0,0,0,2,2,0,0,0.0,
goodreads_sarah,book_af9f3905f9a99b85,work_4cad767fffeb0da3,1,to_read,exposure_only,exposure,False,False,False,True,True,False,False,0,0,0,1,1,0,0,0.0,
goodreads_sarah,book_afc7f6b0489c27ec,work_4bc84398fed4cce9,1,to_read,exposure_only,exposure,False,False,False,True,True,False,False,0,0,0,1,1,0,0,0.0,
goodreads_sarah,book_afd400dfce4e3e28,work_45da9db7ed0b0f1f,1,read,positive,strong,True,True,False,False,False,False,False,1,1,0,0,0,0,0,5.0,2025-08-23T00:00:00+00:00
goodreads_sarah,book_b018df578e59974c,work_50c6102130ad90dd,1,read,positive,strong,True,True,False,False,False,False,False,1,1,0,0,0,0,0,4.0,2026-03-22T00:00:00+00:00
goodreads_sarah,book_b0591ee291c1f46f,work_d0317751f699cb09,1,read,positive,strong,True,True,False,False,False,False,False,1,1,0,0,0,0,0,5.0,2025-11-10T00:00:00+00:00
goodreads_sarah,book_b06fd19c81dfd563,work_0bdc0707a53cf1aa,1,to_read,exposure_only,exposure,False,False,False,True,True,False,False,0,0,0,1,1,0,0,0.0,
goodreads_sarah,book_b0745e9634742fcf,work_cb038304af9e9e92,1,read,positive,strong,True,True,False,False,False,False,False,1,1,0,0,0,0,0,3.0,
goodreads_sarah,book_b07b7953ee9c010a,work_58c3fa7b07dcc04f,1,to_read,exposure_only,exposure,False,False,False,True,True,False,False,0,0,0,1,1,0,0,0.0,
goodreads_sarah,book_b097565b2e342082,work_53895bd7f9e3b43f,2,read,positive,strong,True,True,False,True,True,False,False,1,1,0,1,1,0,0,4.0,
goodreads_sarah,book_b0c6419b11469d3c,work_9318711b1dd73ea3,1,to_read,exposure_only,exposure,False,False,False,True,True,False,False,0,0,0,1,1,0,0,0.0,
goodreads_sarah,book_b0e230ef80fd656f,work_9fa95f92e3017bd2,1,to_read,exposure_only,exposure,False,False,False,True,True,False,False,0,0,0,1,1,0,0,0.0,
goodreads_sarah,book_b0e8f8be41e93a5f,work_23d7bbfea5edd4ff,1,read,positive,strong,True,True,False,False,False,False,False,1,1,0,0,0,0,0,4.0,2025-06-15T00:00:00+00:00
goodreads_sarah,book_b0f951cf141a7605,work_b36ca43356bbd724,1,read,positive,strong,True,True,False,False,False,False,False,1,1,0,0,0,0,0,4.0,
goodreads_sarah,book_b110b70876dd6fe2,work_7476b17e4a77c580,1,unknown,unknown,unknown,False,False,False,False,False,False,False,0,0,0,0,0,0,0,0.0,
goodreads_sarah,book_b144ead279905f20,work_c1e6f01eb678405f,1,to_read,exposure_only,exposure,False,False,False,True,True,False,False,0,0,0,1,1,0,0,0.0,
goodreads_sarah,book_b1788e0828c83373,work_b0e9a10ad3dda9e8,1,to_read,exposure_only,exposure,False,False,False,True,True,False,False,0,0,0,1,1,0,0,0.0,
goodreads_sarah,book_b1a682f48de3c15d,work_85db2bf3e3ede214,1,to_read,exposure_only,exposure,False,False,False,True,True,False,False,0,0,0,1,1,0,0,0.0,
goodreads_sarah,book_b1b4ff165f8eca45,work_a19e330bd099f519,1,read,positive,strong,True,True,False,False,False,False,False,1,1,0,0,0,0,0,4.0,
goodreads_sarah,book_b1d996c1ec40af1c,work_d0b8246055d4251c,1,read,positive,strong,True,True,False,False,False,False,False,1,1,0,0,0,0,0,3.0,2026-05-10T00:00:00+00:00
goodreads_sarah,book_b1dad0dc15d7ebe9,work_af0699e5c66ef9f1,1,to_read,exposure_only,exposure,False,False,False,True,True,False,False,0,0,0,1,1,0,0,0.0,
goodreads_sarah,book_b1e4e4934a356bef,work_b5388c84b911c3f4,1,to_read,exposure_only,exposure,False,False,False,True,True,False,False,0,0,0,1,1,0,0,0.0,
goodreads_sarah,book_b2a90242404bbd00,work_8b575e93ce3bb809,1,to_read,exposure_only,exposure,False,False,False,True,True,False,False,0,0,0,1,1,0,0,0.0,
goodreads_sarah,book_b2f30d357bd91ac8,work_e41c45c768b7e5b8,1,read,positive,strong,True,True,False,False,False,False,False,1,1,0,0,0,0,0,3.0,2021-12-21T00:00:00+00:00
goodreads_sarah,book_b385ec19f58298c4,work_7e8fa994c3d3a0c3,1,to_read,exposure_only,exposure,False,False,False,True,True,False,False,0,0,0,1,1,0,0,0.0,
goodreads_sarah,book_b3b92ff92fefdd6e,work_f28d3d0460411ae6,1,to_read,exposure_only,exposure,False,False,False,True,True,False,False,0,0,0,1,1,0,0,0.0,
goodreads_sarah,book_b3ead7487fbd7543,work_d86d7e19ce0cdeb3,1,read,negative,negative,True,False,True,False,False,False,False,1,0,1,0,0,0,0,2.0,
goodreads_sarah,book_b3f26851fa81e957,work_11e764fb0faf91ea,1,read,positive,strong,True,True,False,False,False,False,False,1,1,0,0,0,0,0,5.0,2025-03-02T00:00:00+00:00
goodreads_sarah,book_b47e8c2a17c34fa8,work_dce0f26c673911ca,1,to_read,exposure_only,exposure,False,False,False,True,True,False,False,0,0,0,1,1,0,0,0.0,
goodreads_sarah,book_b4af5b8efbbccae8,work_7261eccb2ee7e7cb,1,to_read,exposure_only,exposure,False,False,False,True,True,False,False,0,0,0,1,1,0,0,0.0,
goodreads_sarah,book_b4dc9dcdd42513ec,work_31b20381c61c6244,1,read,positive,strong,True,True,False,False,False,False,False,1,1,0,0,0,0,0,4.0,
goodreads_sarah,book_b500439d29d53be2,work_d1a1cd19c414c7c9,1,read,positive,strong,True,True,False,False,False,False,False,1,1,0,0,0,0,0,5.0,2022-03-03T00:00:00+00:00
goodreads_sarah,book_b56d6d95ab2d8c0c,work_43f06f6f23b68f90,1,to_read,exposure_only,exposure,False,False,False,True,True,False,False,0,0,0,1,1,0,0,0.0,
goodreads_sarah,book_b5dc6be488a0d367,work_43080e125ab03028,1,unknown,unknown,unknown,False,False,False,False,False,False,False,0,0,0,0,0,0,0,0.0,
goodreads_sarah,book_b63e592030e0fb56,work_d404a20a840ace72,1,read,positive,strong,True,True,False,False,False,False,False,1,1,0,0,0,0,0,4.0,2025-12-28T00:00:00+00:00
goodreads_sarah,book_b65cee284ae90334,work_2d5d74a15ced90fc,1,read,positive,strong,True,True,False,False,False,False,False,1,1,0,0,0,0,0,5.0,
goodreads_sarah,book_b6794d8fbce16fed,work_ff54037827b44897,1,read,positive,strong,True,True,False,False,False,False,False,1,1,0,0,0,0,0,5.0,2022-05-12T00:00:00+00:00
goodreads_sarah,book_b68a2bb3f7902b6f,work_ae0b1732cd0926b2,1,to_read,exposure_only,exposure,False,False,False,True,True,False,False,0,0,0,1,1,0,0,0.0,
goodreads_sarah,book_b69dc10ca2f32a58,work_c4aebc92f30a199e,1,read,positive,strong,True,True,False,False,False,False,False,1,1,0,0,0,0,0,4.0,2026-03-30T00:00:00+00:00
goodreads_sarah,book_b6edf1af43688c46,work_9e58d2867ec18b51,1,to_read,exposure_only,exposure,False,False,False,True,True,False,False,0,0,0,1,1,0,0,0.0,
goodreads_sarah,book_b71fcb07c171ad3b,work_b081be972c8e5946,1,unknown,unknown,unknown,False,False,False,False,False,False,False,0,0,0,0,0,0,0,0.0,
goodreads_sarah,book_b720f0fa0d4528c0,work_f2eabf8a343a75ef,1,to_read,exposure_only,exposure,False,False,False,True,True,False,False,0,0,0,1,1,0,0,0.0,
goodreads_sarah,book_b724a6a1448c52ff,work_ed48728b54bae6f2,1,read,positive,strong,True,True,False,False,False,False,False,1,1,0,0,0,0,0,3.0,
goodreads_sarah,book_b7303e25efd4d619,work_34bb70800fe65f89,1,to_read,exposure_only,exposure,False,False,False,True,True,False,False,0,0,0,1,1,0,0,0.0,
goodreads_sarah,book_b7c765bfa01f5a30,work_df67de2fad4eaa82,1,to_read,exposure_only,exposure,False,False,False,True,True,False,False,0,0,0,1,1,0,0,0.0,
goodreads_sarah,book_b7e5b3dbcd05a978,work_34af88c40bb97494,1,read,positive,strong,True,True,False,False,False,False,False,1,1,0,0,0,0,0,5.0,2022-11-14T00:00:00+00:00
goodreads_sarah,book_b80b756ca2a215a7,work_b4f9e233aa31d8ff,1,to_read,exposure_only,exposure,False,False,False,True,True,False,False,0,0,0,1,1,0,0,0.0,
goodreads_sarah,book_b816a2a265f8ad88,work_dfc82dc12bc4f2a0,1,unknown,unknown,unknown,False,False,False,False,False,False,False,0,0,0,0,0,0,0,0.0,
goodreads_sarah,book_b823dccbf3ebcc9f,work_b6e836bce3c42293,1,read,negative,negative,True,False,True,False,False,False,False,1,0,1,0,0,0,0,1.0,
goodreads_sarah,book_b8375feee13373b3,work_5491703c3e7b2326,1,read,positive,strong,True,True,False,False,False,False,False,1,1,0,0,0,0,0,4.0,2026-03-22T00:00:00+00:00
goodreads_sarah,book_b83a1c85eaf7d151,work_8a387e5ec2f75844,1,unknown,unknown,unknown,False,False,False,False,False,False,False,0,0,0,0,0,0,0,0.0,
goodreads_sarah,book_b849e964391e0d36,work_cad81b42fd98c59a,1,to_read,exposure_only,exposure,False,False,False,True,True,False,False,0,0,0,1,1,0,0,0.0,
goodreads_sarah,book_b899d4ff431ccf7b,work_0fb865516411d9be,1,read,positive,strong,True,True,False,False,False,False,False,1,1,0,0,0,0,0,4.0,2021-03-18T00:00:00+00:00
goodreads_sarah,book_b8a69a870b880377,work_f609d7b3eea8cf94,1,read,negative,negative,True,False,True,False,False,False,False,1,0,1,0,0,0,0,2.0,
goodreads_sarah,book_b8b2bc244df4d1f3,work_d5e1486a1773683d,1,unknown,unknown,unknown,False,False,False,False,False,False,False,0,0,0,0,0,0,0,0.0,
goodreads_sarah,book_b8e31a8644b66b66,work_bd8439abfaf23291,1,unknown,unknown,unknown,False,False,False,False,False,False,False,0,0,0,0,0,0,0,0.0,
goodreads_sarah,book_b909fbf9a244f5d8,work_4e091150479f0883,1,to_read,exposure_only,exposure,False,False,False,True,True,False,False,0,0,0,1,1,0,0,0.0,
goodreads_sarah,book_b9674101bdabdef1,work_10e25baeda182993,1,unknown,unknown,unknown,False,False,False,False,False,False,False,0,0,0,0,0,0,0,0.0,
goodreads_sarah,book_b9783b9e98adb0ef,work_82fcb3b46527f786,1,to_read,exposure_only,exposure,False,False,False,True,True,False,False,0,0,0,1,1,0,0,0.0,
goodreads_sarah,book_b97b1bbc6085d2e3,work_8324d53fefe4233e,1,to_read,exposure_only,exposure,False,False,False,True,True,False,False,0,0,0,1,1,0,0,0.0,
goodreads_sarah,book_b98b8b7b5563f009,work_8ed85293a2b75c6f,1,to_read,exposure_only,exposure,False,False,False,True,True,False,False,0,0,0,1,1,0,0,0.0,
goodreads_sarah,book_ba7d14ed17818835,work_ea5c5f87a688503f,1,read,positive,strong,True,True,False,False,False,False,False,1,1,0,0,0,0,0,4.0,2021-04-10T00:00:00+00:00
goodreads_sarah,book_ba886f6551105c6f,work_249cc997d9eaae3d,1,read,positive,strong,True,True,False,False,False,False,False,1,1,0,0,0,0,0,3.0,
goodreads_sarah,book_ba9c989f04ca647e,work_a06044576c04a205,1,unknown,unknown,unknown,False,False,False,False,False,False,False,0,0,0,0,0,0,0,0.0,
goodreads_sarah,book_bb1041c072afe015,work_3b8d49821ede374a,1,read,positive,strong,True,True,False,False,False,False,False,1,1,0,0,0,0,0,3.0,
goodreads_sarah,book_bb11d9ac109bce9f,work_03f8a40b96eb464a,1,read,positive,strong,True,True,False,False,False,False,False,1,1,0,0,0,0,0,3.0,
goodreads_sarah,book_bb1dcdc0d4ac14ba,work_a51018c8a6e9fae3,1,to_read,exposure_only,exposure,False,False,False,True,True,False,False,0,0,0,1,1,0,0,0.0,
goodreads_sarah,book_bb3308be966e910b,work_48ec33843153b032,1,unknown,unknown,unknown,False,False,False,False,False,False,False,0,0,0,0,0,0,0,0.0,
goodreads_sarah,book_bb3528c38a3a239f,work_5317831ae9367107,1,to_read,exposure_only,exposure,False,False,False,True,True,False,False,0,0,0,1,1,0,0,0.0,
goodreads_sarah,book_bb8c2af3fe909fcc,work_a81be7e709cc1277,1,read,positive,strong,True,True,False,False,False,False,False,1,1,0,0,0,0,0,4.0,2021-06-18T00:00:00+00:00
goodreads_sarah,book_bb9fbda1409c8408,work_1f1130a2001273da,1,to_read,exposure_only,exposure,False,False,False,True,True,False,False,0,0,0,1,1,0,0,0.0,
goodreads_sarah,book_bbadbf82e6dd799d,work_ae4314be748b0eaa,1,to_read,exposure_only,exposure,False,False,False,True,True,False,False,0,0,0,1,1,0,0,0.0,
goodreads_sarah,book_bc448d617916ee61,work_35d137057c083eb5,1,to_read,exposure_only,exposure,False,False,False,True,True,False,False,0,0,0,1,1,0,0,0.0,
goodreads_sarah,book_bc60f4c65a672083,work_59ec5df65e63f8f6,1,read,positive,strong,True,True,False,False,False,False,False,1,1,0,0,0,0,0,5.0,2021-02-04T00:00:00+00:00
goodreads_sarah,book_bc825f2559421e5b,work_93be806a7269cf82,1,to_read,exposure_only,exposure,False,False,False,True,True,False,False,0,0,0,1,1,0,0,0.0,
goodreads_sarah,book_bcd656bcc7f8ca3d,work_73d6829f400e1fbe,1,read,positive,strong,True,True,False,False,False,False,False,1,1,0,0,0,0,0,5.0,
goodreads_sarah,book_bcef08a7e72cea51,work_74716abe4315c8b7,1,to_read,exposure_only,exposure,False,False,False,True,True,False,False,0,0,0,1,1,0,0,0.0,
goodreads_sarah,book_bd0571a357291ceb,work_d6cd5fa5b9dd7e9c,1,to_read,exposure_only,exposure,False,False,False,True,True,False,False,0,0,0,1,1,0,0,0.0,
goodreads_sarah,book_bd609160ac8344c6,work_1b81b2e2043cd304,1,read,positive,strong,True,True,False,False,False,False,False,1,1,0,0,0,0,0,3.0,2025-05-21T00:00:00+00:00
goodreads_sarah,book_bf2479173f87ffc9,work_b61366284a0a8046,1,read,positive,strong,True,True,False,False,False,False,False,1,1,0,0,0,0,0,4.0,
goodreads_sarah,book_bf4375f7b888ebb7,work_faa706c0514c9c0e,1,to_read,exposure_only,exposure,False,False,False,True,True,False,False,0,0,0,1,1,0,0,0.0,
goodreads_sarah,book_bf617849f65a2dc1,work_b012c8e4020921a3,1,to_read,exposure_only,exposure,False,False,False,True,True,False,False,0,0,0,1,1,0,0,0.0,
goodreads_sarah,book_bfa4944a5ad0ad3f,work_003fa6a2c549c581,1,to_read,exposure_only,exposure,False,False,False,True,True,False,False,0,0,0,1,1,0,0,0.0,
goodreads_sarah,book_c066592f80bac805,work_bc9359e8b3948385,1,to_read,exposure_only,exposure,False,False,False,True,True,False,False,0,0,0,1,1,0,0,0.0,
goodreads_sarah,book_c07d614ee6cdc0ec,work_d903c4d3df8843e3,1,read,positive,strong,True,True,False,False,False,False,False,1,1,0,0,0,0,0,3.0,2024-07-25T00:00:00+00:00
goodreads_sarah,book_c09f26cde5ac995d,work_3348d54031a2050b,1,to_read,exposure_only,exposure,False,False,False,True,True,False,False,0,0,0,1,1,0,0,0.0,
goodreads_sarah,book_c0b737084a7dcf3a,work_9201038df84b446a,1,to_read,exposure_only,exposure,False,False,False,True,True,False,False,0,0,0,1,1,0,0,0.0,
goodreads_sarah,book_c10d23fdb8d0bc42,work_16640f6d144b7ce9,1,to_read,exposure_only,exposure,False,False,False,True,True,False,False,0,0,0,1,1,0,0,0.0,
goodreads_sarah,book_c11df64bd14477d3,work_b55e6782310489d7,1,to_read,exposure_only,exposure,False,False,False,True,True,False,False,0,0,0,1,1,0,0,0.0,
goodreads_sarah,book_c256a679ea53805a,work_f1e3713c64feb272,1,to_read,exposure_only,exposure,False,False,False,True,True,False,False,0,0,0,1,1,0,0,0.0,
goodreads_sarah,book_c26e36ad07272ab3,work_f613c6bbd5b61b8b,2,to_read,exposure_only,exposure,False,False,False,True,True,False,False,0,0,0,2,2,0,0,0.0,
goodreads_sarah,book_c2bb2e082b4343a8,work_af00f20f1305e4c2,1,to_read,exposure_only,exposure,False,False,False,True,True,False,False,0,0,0,1,1,0,0,0.0,
goodreads_sarah,book_c2c0fc87aee2ac2e,work_52aa08ba8ef08b46,1,read,positive,strong,True,True,False,False,False,False,False,1,1,0,0,0,0,0,3.0,
goodreads_sarah,book_c2e1741f748908f1,work_8897d8bf31f1cd51,1,to_read,exposure_only,exposure,False,False,False,True,True,False,False,0,0,0,1,1,0,0,0.0,
goodreads_sarah,book_c2f67f099c04f8f8,work_df093e2c63ddd504,1,read,positive,strong,True,True,False,False,False,False,False,1,1,0,0,0,0,0,5.0,
goodreads_sarah,book_c36bd1946a5e773a,work_5cf4b27b23d8277d,1,to_read,exposure_only,exposure,False,False,False,True,True,False,False,0,0,0,1,1,0,0,0.0,
goodreads_sarah,book_c3980a31f55a2d4c,work_8f38bdc3c3036868,1,to_read,exposure_only,exposure,False,False,False,True,True,False,False,0,0,0,1,1,0,0,0.0,
goodreads_sarah,book_c3ea4f8216f7f7a7,work_542598a24ad4ab0f,1,unknown,unknown,unknown,False,False,False,False,False,False,False,0,0,0,0,0,0,0,0.0,
goodreads_sarah,book_c3f2e7c6e5ccc4ff,work_9d44feb1bb6b7d34,1,read,positive,strong,True,True,False,False,False,False,False,1,1,0,0,0,0,0,3.0,2021-10-03T00:00:00+00:00
goodreads_sarah,book_c57e409771a4c17c,work_fd369768c8c837b0,1,to_read,exposure_only,exposure,False,False,False,True,True,False,False,0,0,0,1,1,0,0,0.0,
goodreads_sarah,book_c59d17366ebbbfa3,work_cfb2580e06028a35,1,to_read,exposure_only,exposure,False,False,False,True,True,False,False,0,0,0,1,1,0,0,0.0,
goodreads_sarah,book_c5b3b9141f671e24,work_05abaf913a18e192,1,unknown,unknown,unknown,False,False,False,False,False,False,False,0,0,0,0,0,0,0,0.0,
goodreads_sarah,book_c5c70db47ae62467,work_b825ce58fdf01710,1,to_read,exposure_only,exposure,False,False,False,True,True,False,False,0,0,0,1,1,0,0,0.0,
goodreads_sarah,book_c5cbf77b122bee10,work_f359901158a00c60,1,read,positive,strong,True,True,False,False,False,False,False,1,1,0,0,0,0,0,4.0,
goodreads_sarah,book_c5e41e3cda0d59ee,work_560621db9bd32884,1,read,positive,strong,True,True,False,False,False,False,False,1,1,0,0,0,0,0,5.0,2021-04-29T00:00:00+00:00
goodreads_sarah,book_c60098184a7ba3d5,work_e2bd5a93a434b787,1,read,negative,negative,True,False,True,False,False,False,False,1,0,1,0,0,0,0,2.0,
goodreads_sarah,book_c6327b52b6bfdb14,work_da25962b630d66ae,1,to_read,exposure_only,exposure,False,False,False,True,True,False,False,0,0,0,1,1,0,0,0.0,
goodreads_sarah,book_c63be2406dd8629d,work_430f4b4bbc1f84e9,1,unknown,unknown,unknown,False,False,False,False,False,False,False,0,0,0,0,0,0,0,0.0,
goodreads_sarah,book_c6413906d5914371,work_4db8cbe180993221,1,to_read,exposure_only,exposure,False,False,False,True,True,False,False,0,0,0,1,1,0,0,0.0,
goodreads_sarah,book_c696ffcaf16cf1aa,work_3a4abfbb1bcf9c92,1,to_read,exposure_only,exposure,False,False,False,True,True,False,False,0,0,0,1,1,0,0,0.0,
goodreads_sarah,book_c6ddca729af26195,work_2b27855907514d73,1,to_read,exposure_only,exposure,False,False,False,True,True,False,False,0,0,0,1,1,0,0,0.0,
goodreads_sarah,book_c6f9b19d5024a03e,work_ede6a240469cc33c,1,to_read,exposure_only,exposure,False,False,False,True,True,False,False,0,0,0,1,1,0,0,0.0,
goodreads_sarah,book_c6feb09f3153d7d3,work_2002f144fb3f4135,1,read,positive,strong,True,True,False,False,False,False,False,1,1,0,0,0,0,0,3.0,
goodreads_sarah,book_c70227980b8dec46,work_0b1c8e791528a0d1,1,to_read,exposure_only,exposure,False,False,False,True,True,False,False,0,0,0,1,1,0,0,0.0,
goodreads_sarah,book_c7090fe2e9bc6237,work_77ade3c62836acc9,1,read,positive,strong,True,True,False,False,False,False,False,1,1,0,0,0,0,0,3.0,
goodreads_sarah,book_c725175cf152a8a1,work_a34502b1ff9ac5bb,1,to_read,exposure_only,exposure,False,False,False,True,True,False,False,0,0,0,1,1,0,0,0.0,
goodreads_sarah,book_c74ce30d1b06d1f3,work_8c429793f799ba22,1,to_read,exposure_only,exposure,False,False,False,True,True,False,False,0,0,0,1,1,0,0,0.0,
goodreads_sarah,book_c7648135a00dc34e,work_c0895ad249f5e804,1,to_read,exposure_only,exposure,False,False,False,True,True,False,False,0,0,0,1,1,0,0,0.0,
goodreads_sarah,book_c7a23ae55c0136bf,work_99037ba074905aab,1,to_read,exposure_only,exposure,False,False,False,True,True,False,False,0,0,0,1,1,0,0,0.0,
goodreads_sarah,book_c7bc715c8083bfd7,work_cd4cd0b0a1ba5d47,1,to_read,exposure_only,exposure,False,False,False,True,True,False,False,0,0,0,1,1,0,0,0.0,
goodreads_sarah,book_c8296ca4afee8591,work_4b47f1cd05e910a3,1,to_read,exposure_only,exposure,False,False,False,True,True,False,False,0,0,0,1,1,0,0,0.0,
goodreads_sarah,book_c8438888b82527fb,work_f25a60be80c6ee25,1,to_read,exposure_only,exposure,False,False,False,True,True,False,False,0,0,0,1,1,0,0,0.0,
goodreads_sarah,book_c87b10f5433deb47,work_803ee82e7e0b3d0c,1,read,positive,strong,True,True,False,False,False,False,False,1,1,0,0,0,0,0,4.0,
goodreads_sarah,book_c887798978a04e04,work_0f971953f4266911,1,read,positive,strong,True,True,False,False,False,False,False,1,1,0,0,0,0,0,3.0,2021-09-09T00:00:00+00:00
goodreads_sarah,book_c9679c60fed7df21,work_dfd9c5eb27170cc9,1,to_read,exposure_only,exposure,False,False,False,True,True,False,False,0,0,0,1,1,0,0,0.0,
goodreads_sarah,book_c96da0818dd7189c,work_32705db51c67b6bb,1,read,positive,strong,True,True,False,False,False,False,False,1,1,0,0,0,0,0,4.0,
goodreads_sarah,book_c9c13338a9ebce7a,work_810b83db2d86cfd9,1,to_read,exposure_only,exposure,False,False,False,True,True,False,False,0,0,0,1,1,0,0,0.0,
goodreads_sarah,book_ca0496cfbf0ee8ef,work_b6c32665228211a3,1,to_read,exposure_only,exposure,False,False,False,True,True,False,False,0,0,0,1,1,0,0,0.0,
goodreads_sarah,book_ca15ec7fdc415606,work_27102e4efdd999e0,1,to_read,exposure_only,exposure,False,False,False,True,True,False,False,0,0,0,1,1,0,0,0.0,
goodreads_sarah,book_caaaef70bcde8d65,work_156939c1bed18301,1,to_read,exposure_only,exposure,False,False,False,True,True,False,False,0,0,0,1,1,0,0,0.0,
goodreads_sarah,book_caf307818bfc30a9,work_d674848f92aa091d,1,to_read,exposure_only,exposure,False,False,False,True,True,False,False,0,0,0,1,1,0,0,0.0,
goodreads_sarah,book_caf8531c8f6ffb68,work_e719bef87b1bfb26,1,read,positive,strong,True,True,False,False,False,False,False,1,1,0,0,0,0,0,5.0,2024-10-20T00:00:00+00:00
goodreads_sarah,book_cb0d892320ebe783,work_9986de812b6c21f4,1,to_read,exposure_only,exposure,False,False,False,True,True,False,False,0,0,0,1,1,0,0,0.0,
goodreads_sarah,book_cb33995374c1c000,work_75a15f75dd84db44,1,read,positive,strong,True,True,False,False,False,False,False,1,1,0,0,0,0,0,3.0,
goodreads_sarah,book_cb3db40205e6bb85,work_dd9f4e0fc3760168,1,unknown,unknown,unknown,False,False,False,False,False,False,False,0,0,0,0,0,0,0,0.0,
goodreads_sarah,book_cb9cbb0691ec9a60,work_1e49e3ba1d061bcf,1,to_read,exposure_only,exposure,False,False,False,True,True,False,False,0,0,0,1,1,0,0,0.0,
goodreads_sarah,book_cba963a1168220da,work_06e13c17016dd15b,1,read,positive,strong,True,True,False,False,False,False,False,1,1,0,0,0,0,0,4.0,2025-12-24T00:00:00+00:00
goodreads_sarah,book_cbd179756d0c8953,work_1252c565f99eef57,1,to_read,exposure_only,exposure,False,False,False,True,True,False,False,0,0,0,1,1,0,0,0.0,
goodreads_sarah,book_cc1c1b5662fbf31f,work_4f76a2cab8520cfe,1,to_read,exposure_only,exposure,False,False,False,True,True,False,False,0,0,0,1,1,0,0,0.0,
goodreads_sarah,book_cc4a741f87709d7c,work_142bab2e9177108e,1,to_read,exposure_only,exposure,False,False,False,True,True,False,False,0,0,0,1,1,0,0,0.0,
goodreads_sarah,book_cc672e34c1a5a802,work_0f57ea78331a2512,1,read,positive,strong,True,True,False,False,False,False,False,1,1,0,0,0,0,0,4.0,2024-08-29T00:00:00+00:00
goodreads_sarah,book_ccb2aa051f965487,work_cc79e8f8aba6a71d,1,read,positive,strong,True,True,False,False,False,False,False,1,1,0,0,0,0,0,5.0,
goodreads_sarah,book_ccd537c151b13dfa,work_1e20bd71b5ff0bfd,1,to_read,exposure_only,exposure,False,False,False,True,True,False,False,0,0,0,1,1,0,0,0.0,
goodreads_sarah,book_cce2b5fa6ada479b,work_af1fb7c36538b48e,1,to_read,exposure_only,exposure,False,False,False,True,True,False,False,0,0,0,1,1,0,0,0.0,
goodreads_sarah,book_cda16e033e44f38f,work_8d5057a810bc7355,1,to_read,exposure_only,exposure,False,False,False,True,True,False,False,0,0,0,1,1,0,0,0.0,
goodreads_sarah,book_cda86aed74a0895a,work_8aa012eb2309584d,1,to_read,exposure_only,exposure,False,False,False,True,True,False,False,0,0,0,1,1,0,0,0.0,
goodreads_sarah,book_cde5c83c2a3c95f3,work_c3cd2ab0cc775281,1,to_read,exposure_only,exposure,False,False,False,True,True,False,False,0,0,0,1,1,0,0,0.0,
goodreads_sarah,book_cdfca47747b5a897,work_1f8fe4bf77f8d7e9,1,to_read,exposure_only,exposure,False,False,False,True,True,False,False,0,0,0,1,1,0,0,0.0,
goodreads_sarah,book_ce38b163b62aa525,work_84fecde870c6bace,1,to_read,exposure_only,exposure,False,False,False,True,True,False,False,0,0,0,1,1,0,0,0.0,
goodreads_sarah,book_ce5e6f84b054da31,work_4471924bef643051,1,to_read,exposure_only,exposure,False,False,False,True,True,False,False,0,0,0,1,1,0,0,0.0,
goodreads_sarah,book_ce7daaaf51708175,work_251277d44563323e,1,to_read,exposure_only,exposure,False,False,False,True,True,False,False,0,0,0,1,1,0,0,0.0,
goodreads_sarah,book_ce7ffc8ba1c5e658,work_4dc3ca09dbd25fbc,1,to_read,exposure_only,exposure,False,False,False,True,True,False,False,0,0,0,1,1,0,0,0.0,
goodreads_sarah,book_ce93b7b263f824c7,work_a4d2e2d42567fa6a,1,read,negative,negative,True,False,True,False,False,False,False,1,0,1,0,0,0,0,2.0,
goodreads_sarah,book_cebc8d8beb821dec,work_9fdeaade53a09d4e,1,to_read,exposure_only,exposure,False,False,False,True,True,False,False,0,0,0,1,1,0,0,0.0,
goodreads_sarah,book_cefabace4106b537,work_e23d99514b0adab2,1,unknown,unknown,unknown,False,False,False,False,False,False,False,0,0,0,0,0,0,0,0.0,
goodreads_sarah,book_cf2070bca1370aaf,work_6733e94daf29f040,1,read,positive,strong,True,True,False,False,False,False,False,1,1,0,0,0,0,0,4.0,2021-03-24T00:00:00+00:00
goodreads_sarah,book_cf27e0168a2d2dca,work_b8164f8c82fbda43,1,read,positive,strong,True,True,False,False,False,False,False,1,1,0,0,0,0,0,4.0,
goodreads_sarah,book_cf2b06d15b59c4cc,work_79568329f52e7eb9,1,to_read,exposure_only,exposure,False,False,False,True,True,False,False,0,0,0,1,1,0,0,0.0,
goodreads_sarah,book_cf47c1eb8a9df55b,work_9f62bbf6e86e3624,1,to_read,exposure_only,exposure,False,False,False,True,True,False,False,0,0,0,1,1,0,0,0.0,
goodreads_sarah,book_cf65050ca1c9df7a,work_51ff93f991684546,1,to_read,exposure_only,exposure,False,False,False,True,True,False,False,0,0,0,1,1,0,0,0.0,
goodreads_sarah,book_cf700be8f71ebf62,work_46e373e0979faf82,1,read,positive,strong,True,True,False,False,False,False,False,1,1,0,0,0,0,0,4.0,2021-10-03T00:00:00+00:00
goodreads_sarah,book_cfe8c2565b6d8d62,work_89f44d3359d9726e,1,unknown,unknown,unknown,False,False,False,False,False,False,False,0,0,0,0,0,0,0,0.0,
goodreads_sarah,book_cfff551f27b01133,work_e94c4f7fa8c2e94b,1,to_read,exposure_only,exposure,False,False,False,True,True,False,False,0,0,0,1,1,0,0,0.0,
goodreads_sarah,book_d00bf154c17dabab,work_3bce6ad109a5795c,1,to_read,exposure_only,exposure,False,False,False,True,True,False,False,0,0,0,1,1,0,0,0.0,
goodreads_sarah,book_d05bbb7f67825452,work_3f626e3f26890524,1,unknown,unknown,unknown,False,False,False,False,False,False,False,0,0,0,0,0,0,0,0.0,
goodreads_sarah,book_d05db943a81dfe81,work_9b3bcc4110afcecc,1,to_read,exposure_only,exposure,False,False,False,True,True,False,False,0,0,0,1,1,0,0,0.0,
goodreads_sarah,book_d0a8368f0cf2ecb5,work_a681bb73fc934c13,1,to_read,exposure_only,exposure,False,False,False,True,True,False,False,0,0,0,1,1,0,0,0.0,
goodreads_sarah,book_d0e97e0d6b493b93,work_4cb3fd14a5c762dd,1,to_read,exposure_only,exposure,False,False,False,True,True,False,False,0,0,0,1,1,0,0,0.0,
goodreads_sarah,book_d19cb17ee489858c,work_b0030b53b60f9fab,1,read,positive,strong,True,True,False,False,False,False,False,1,1,0,0,0,0,0,4.0,2026-02-08T00:00:00+00:00
goodreads_sarah,book_d21c4a7f182704fc,work_bbdc065dc1fd5ca9,1,to_read,exposure_only,exposure,False,False,False,True,True,False,False,0,0,0,1,1,0,0,0.0,
goodreads_sarah,book_d22ee3ab3ec3d96c,work_629cec3d3a4a98cd,1,to_read,exposure_only,exposure,False,False,False,True,True,False,False,0,0,0,1,1,0,0,0.0,
goodreads_sarah,book_d28c6680f8202cfe,work_ab4df587c34b9c42,1,read,positive,strong,True,True,False,False,False,False,False,1,1,0,0,0,0,0,4.0,
goodreads_sarah,book_d2a826ff681e1a5e,work_b0aefdcab5454c6c,1,to_read,exposure_only,exposure,False,False,False,True,True,False,False,0,0,0,1,1,0,0,0.0,
goodreads_sarah,book_d2b7960a88d5f4a2,work_2b334f1ac6ee1920,1,unknown,unknown,unknown,False,False,False,False,False,False,False,0,0,0,0,0,0,0,0.0,
goodreads_sarah,book_d2c49eb144afe170,work_f4fdab4ff1c22596,1,to_read,exposure_only,exposure,False,False,False,True,True,False,False,0,0,0,1,1,0,0,0.0,
goodreads_sarah,book_d333b201ac1a338c,work_941aba9bb561f3ae,1,to_read,exposure_only,exposure,False,False,False,True,True,False,False,0,0,0,1,1,0,0,0.0,
goodreads_sarah,book_d360e2aba3400279,work_a12795274846630a,1,read,positive,strong,True,True,False,False,False,False,False,1,1,0,0,0,0,0,4.0,2021-05-19T00:00:00+00:00
goodreads_sarah,book_d37486a5be195d5a,work_ada31c6e2bde8bf7,1,to_read,exposure_only,exposure,False,False,False,True,True,False,False,0,0,0,1,1,0,0,0.0,
goodreads_sarah,book_d485b6aeb7aac021,work_d2778131ce928231,1,to_read,exposure_only,exposure,False,False,False,True,True,False,False,0,0,0,1,1,0,0,0.0,
goodreads_sarah,book_d4ab4599dc92b98a,work_f93b1cbb8f29a4e7,1,to_read,exposure_only,exposure,False,False,False,True,True,False,False,0,0,0,1,1,0,0,0.0,
goodreads_sarah,book_d4b503899724e960,work_23aa3b42a43a1fb1,1,read,positive,strong,True,True,False,False,False,False,False,1,1,0,0,0,0,0,3.0,2022-02-09T00:00:00+00:00
goodreads_sarah,book_d52bfbb677db889d,work_20aebf7d94fec426,1,to_read,exposure_only,exposure,False,False,False,True,True,False,False,0,0,0,1,1,0,0,0.0,
goodreads_sarah,book_d53e17b1cac378fc,work_298f7b85ed30b67c,1,read,positive,strong,True,True,False,False,False,False,False,1,1,0,0,0,0,0,4.0,
goodreads_sarah,book_d5437db21e1076ee,work_37692658d1c5aaae,1,to_read,exposure_only,exposure,False,False,False,True,True,False,False,0,0,0,1,1,0,0,0.0,
goodreads_sarah,book_d57f5d600efd733f,work_0f41348d69bd8dd5,1,read,positive,strong,True,True,False,False,False,False,False,1,1,0,0,0,0,0,4.0,
goodreads_sarah,book_d5a763af96b3dc33,work_243b0c3fb7ac4505,1,to_read,exposure_only,exposure,False,False,False,True,True,False,False,0,0,0,1,1,0,0,0.0,
goodreads_sarah,book_d5dbf2b8941b1558,work_15013231979b4599,1,to_read,exposure_only,exposure,False,False,False,True,True,False,False,0,0,0,1,1,0,0,0.0,
goodreads_sarah,book_d5dcd4b1c795a476,work_f57679aa642c0385,1,read,positive,strong,True,True,False,False,False,False,False,1,1,0,0,0,0,0,4.0,2026-07-16T00:00:00+00:00
goodreads_sarah,book_d6a250bcdbcbf122,work_a3756bb674150696,1,to_read,exposure_only,exposure,False,False,False,True,True,False,False,0,0,0,1,1,0,0,0.0,
goodreads_sarah,book_d6c0c1bd829583c6,work_854eefe271838218,1,to_read,exposure_only,exposure,False,False,False,True,True,False,False,0,0,0,1,1,0,0,0.0,
goodreads_sarah,book_d6f2eb8349337bfd,work_82f2bb7d5b492185,1,read,positive,strong,True,True,False,False,False,False,False,1,1,0,0,0,0,0,4.0,
goodreads_sarah,book_d6f9554ae21e1460,work_0e9d1c8bd6235b7a,1,to_read,exposure_only,exposure,False,False,False,True,True,False,False,0,0,0,1,1,0,0,0.0,
goodreads_sarah,book_d6fa9840e8718ba9,work_9d82198db343b328,1,to_read,exposure_only,exposure,False,False,False,True,True,False,False,0,0,0,1,1,0,0,0.0,
goodreads_sarah,book_d7607be5169d3617,work_4480ed6cc76d7434,1,to_read,exposure_only,exposure,False,False,False,True,True,False,False,0,0,0,1,1,0,0,0.0,
goodreads_sarah,book_d8699cac34792145,work_3f2bcb6a28289eeb,1,to_read,exposure_only,exposure,False,False,False,True,True,False,False,0,0,0,1,1,0,0,0.0,
goodreads_sarah,book_d8ab2a3d2b4dd7b4,work_8f229a913970e1de,1,read,positive,strong,True,True,False,False,False,False,False,1,1,0,0,0,0,0,5.0,
goodreads_sarah,book_d8cf3f4d55577bff,work_bbf7a72453165035,2,to_read,exposure_only,exposure,False,False,False,True,True,False,False,0,0,0,2,2,0,0,0.0,
goodreads_sarah,book_d9200e750552c969,work_1ee5464bd1b154e3,1,to_read,exposure_only,exposure,False,False,False,True,True,False,False,0,0,0,1,1,0,0,0.0,
goodreads_sarah,book_d977698f6eb19287,work_16f369f1c7906b90,1,to_read,exposure_only,exposure,False,False,False,True,True,False,False,0,0,0,1,1,0,0,0.0,
goodreads_sarah,book_d9c8d14ad61ecd27,work_8f99b2359d34121d,1,to_read,exposure_only,exposure,False,False,False,True,True,False,False,0,0,0,1,1,0,0,0.0,
goodreads_sarah,book_d9d086628fb6fa55,work_59092b40436737cd,1,to_read,exposure_only,exposure,False,False,False,True,True,False,False,0,0,0,1,1,0,0,0.0,
goodreads_sarah,book_da063f32fa18c23f,work_9489fd15a872e421,1,to_read,exposure_only,exposure,False,False,False,True,True,False,False,0,0,0,1,1,0,0,0.0,
goodreads_sarah,book_db1d5a61d194d9f2,work_3418a0cbc1e7479b,1,to_read,exposure_only,exposure,False,False,False,True,True,False,False,0,0,0,1,1,0,0,0.0,
goodreads_sarah,book_dba6d30e51017af0,work_9935aad71263f62b,1,to_read,exposure_only,exposure,False,False,False,True,True,False,False,0,0,0,1,1,0,0,0.0,
goodreads_sarah,book_dbac3de2d2bfce8a,work_8100f28b5bae144d,1,to_read,exposure_only,exposure,False,False,False,True,True,False,False,0,0,0,1,1,0,0,0.0,
goodreads_sarah,book_dbc7db08edf053ad,work_c107b3d4b0cde221,1,read,positive,strong,True,True,False,False,False,False,False,1,1,0,0,0,0,0,4.0,
goodreads_sarah,book_dc220c2b7d8de677,work_a301092d52a679cf,1,read,positive,strong,True,True,False,False,False,False,False,1,1,0,0,0,0,0,3.0,
goodreads_sarah,book_dc327d938f24f0c5,work_b0eb64e62fadad24,1,to_read,exposure_only,exposure,False,False,False,True,True,False,False,0,0,0,1,1,0,0,0.0,
goodreads_sarah,book_dcbe595d08041b57,work_5cc9ed69e4a74979,1,read,positive,strong,True,True,False,False,False,False,False,1,1,0,0,0,0,0,4.0,
goodreads_sarah,book_dd04bc7a25d605b0,work_e7bcd8a4ac18c6df,1,read,positive,strong,True,True,False,False,False,False,False,1,1,0,0,0,0,0,5.0,2026-03-22T00:00:00+00:00
goodreads_sarah,book_dd3831fdc7ebee87,work_2c3a1b9751eb28db,1,read,positive,strong,True,True,False,False,False,False,False,1,1,0,0,0,0,0,4.0,2022-02-15T00:00:00+00:00
goodreads_sarah,book_dd70a67994f9b806,work_01e4a63ef9f70c04,1,to_read,exposure_only,exposure,False,False,False,True,True,False,False,0,0,0,1,1,0,0,0.0,
goodreads_sarah,book_dd8eaa03265dc21d,work_8504ab82cbda16b9,1,read,negative,negative,True,False,True,False,False,False,False,1,0,1,0,0,0,0,2.0,2021-02-04T00:00:00+00:00
goodreads_sarah,book_ddaaf18fe12ea389,work_a787b6fc0a5f5758,1,to_read,exposure_only,exposure,False,False,False,True,True,False,False,0,0,0,1,1,0,0,0.0,
goodreads_sarah,book_ddc400bb1e9af347,work_2f1e61dc240a88fe,1,read,positive,strong,True,True,False,False,False,False,False,1,1,0,0,0,0,0,3.0,2025-11-30T00:00:00+00:00
goodreads_sarah,book_ddd91a47fb5dd3bc,work_849087fd0e0bbf82,1,unknown,unknown,unknown,False,False,False,False,False,False,False,0,0,0,0,0,0,0,0.0,
goodreads_sarah,book_ddf7d9ee09f11608,work_c747446019cc648f,1,to_read,exposure_only,exposure,False,False,False,True,True,False,False,0,0,0,1,1,0,0,0.0,
goodreads_sarah,book_de11e6fc83a6dfaf,work_2953397514c249b4,1,unknown,unknown,unknown,False,False,False,False,False,False,False,0,0,0,0,0,0,0,0.0,
goodreads_sarah,book_de13cf56505c18ef,work_bec611b4185418c0,1,read,positive,strong,True,True,False,False,False,False,False,1,1,0,0,0,0,0,5.0,2021-03-23T00:00:00+00:00
goodreads_sarah,book_de1871ac7aaa5599,work_9eea5ce6d3fdcbaa,1,to_read,exposure_only,exposure,False,False,False,True,True,False,False,0,0,0,1,1,0,0,0.0,
goodreads_sarah,book_dea2e8ebf9e7ce35,work_986e1a831ece2280,1,to_read,exposure_only,exposure,False,False,False,True,True,False,False,0,0,0,1,1,0,0,0.0,
goodreads_sarah,book_deee7eb37807332a,work_f1f420281a0f669a,1,to_read,exposure_only,exposure,False,False,False,True,True,False,False,0,0,0,1,1,0,0,0.0,
goodreads_sarah,book_e0180bd0679d9aba,work_129e9f5ae345e1d6,1,unknown,unknown,unknown,False,False,False,False,False,False,False,0,0,0,0,0,0,0,0.0,
goodreads_sarah,book_e01e8c4f99c0d0db,work_c589e9712ff280b0,1,to_read,exposure_only,exposure,False,False,False,True,True,False,False,0,0,0,1,1,0,0,0.0,
goodreads_sarah,book_e0325dc4ed5d2a88,work_7f516ce9db3f1fdd,1,to_read,exposure_only,exposure,False,False,False,True,True,False,False,0,0,0,1,1,0,0,0.0,
goodreads_sarah,book_e03da3f8a43ef6b7,work_d87ee200fd8c7ddd,1,to_read,exposure_only,exposure,False,False,False,True,True,False,False,0,0,0,1,1,0,0,0.0,
goodreads_sarah,book_e05929c51d6fc23d,work_19fa022c1e3ce2c8,1,unknown,unknown,unknown,False,False,False,False,False,False,False,0,0,0,0,0,0,0,0.0,
goodreads_sarah,book_e0602cdbfdd6ce57,work_9ba37d776f5f2db0,1,to_read,exposure_only,exposure,False,False,False,True,True,False,False,0,0,0,1,1,0,0,0.0,
goodreads_sarah,book_e0b8407c4d142ab5,work_62bf33463e206c61,1,to_read,exposure_only,exposure,False,False,False,True,True,False,False,0,0,0,1,1,0,0,0.0,
goodreads_sarah,book_e0c41d8b2d8ac4f0,work_e3a67f712532a898,1,read,positive,strong,True,True,False,False,False,False,False,1,1,0,0,0,0,0,3.0,2025-11-28T00:00:00+00:00
goodreads_sarah,book_e0ea20b2b0425602,work_23995901d236c499,1,to_read,exposure_only,exposure,False,False,False,True,True,False,False,0,0,0,1,1,0,0,0.0,
goodreads_sarah,book_e0ffc837d17d19d5,work_3fa0110c5c953064,1,to_read,exposure_only,exposure,False,False,False,True,True,False,False,0,0,0,1,1,0,0,0.0,
goodreads_sarah,book_e100b4a22a1f9060,work_2832368d3a845cd4,1,unknown,unknown,unknown,False,False,False,False,False,False,False,0,0,0,0,0,0,0,0.0,
goodreads_sarah,book_e14c49d67129a4cf,work_4cb5bffb836d43ae,1,to_read,exposure_only,exposure,False,False,False,True,True,False,False,0,0,0,1,1,0,0,0.0,
goodreads_sarah,book_e1647d1e9038aff9,work_f497ff1ba2451a93,1,to_read,exposure_only,exposure,False,False,False,True,True,False,False,0,0,0,1,1,0,0,0.0,
goodreads_sarah,book_e17290233a86874b,work_f5ff287d07b5e8df,1,to_read,exposure_only,exposure,False,False,False,True,True,False,False,0,0,0,1,1,0,0,0.0,
goodreads_sarah,book_e18f690eb05b0872,work_b346b7090fa98fa2,1,read,positive,strong,True,True,False,False,False,False,False,1,1,0,0,0,0,0,3.0,2025-12-06T00:00:00+00:00
goodreads_sarah,book_e1eacd249d385cac,work_8fb6e70aac80ca75,1,read,positive,strong,True,True,False,False,False,False,False,1,1,0,0,0,0,0,5.0,
goodreads_sarah,book_e22a59e3bce8f5ab,work_6d5a81cee03a1bf3,1,read,negative,negative,True,False,True,False,False,False,False,1,0,1,0,0,0,0,1.0,
goodreads_sarah,book_e272ff38c4a3d4f4,work_8921272ab9edd804,1,read,negative,negative,True,False,True,False,False,False,False,1,0,1,0,0,0,0,2.0,2025-02-17T00:00:00+00:00
goodreads_sarah,book_e28e5b5bdc5d595b,work_a229b37b0c66a150,1,to_read,exposure_only,exposure,False,False,False,True,True,False,False,0,0,0,1,1,0,0,0.0,
goodreads_sarah,book_e28f06081f273baa,work_356e7912766f1c78,1,read,positive,strong,True,True,False,False,False,False,False,1,1,0,0,0,0,0,4.0,2024-09-09T00:00:00+00:00
goodreads_sarah,book_e2f6cdcdbf184eee,work_aadd419a415b39af,1,to_read,exposure_only,exposure,False,False,False,True,True,False,False,0,0,0,1,1,0,0,0.0,
goodreads_sarah,book_e2f9916ecc3798a3,work_44a8af77a776c0dc,1,to_read,exposure_only,exposure,False,False,False,True,True,False,False,0,0,0,1,1,0,0,0.0,
goodreads_sarah,book_e34340e914a23aaa,work_bb77833b38c36d95,1,to_read,exposure_only,exposure,False,False,False,True,True,False,False,0,0,0,1,1,0,0,0.0,
goodreads_sarah,book_e3474522bec9b168,work_ce12b27ba9d5af91,1,to_read,exposure_only,exposure,False,False,False,True,True,False,False,0,0,0,1,1,0,0,0.0,
goodreads_sarah,book_e347db1305016c94,work_fa1e2864751b9797,1,read,positive,strong,True,True,False,False,False,False,False,1,1,0,0,0,0,0,3.0,
goodreads_sarah,book_e36404b8079d6aa4,work_a6a433caa6f917f6,1,to_read,exposure_only,exposure,False,False,False,True,True,False,False,0,0,0,1,1,0,0,0.0,
goodreads_sarah,book_e43c16396a52a705,work_425139fab00a387d,1,currently_reading,exposure_only,exposure,False,False,False,True,False,True,False,0,0,0,1,0,1,0,0.0,
goodreads_sarah,book_e43eefd778c21f81,work_f3171b1e142e9923,1,to_read,exposure_only,exposure,False,False,False,True,True,False,False,0,0,0,1,1,0,0,0.0,
goodreads_sarah,book_e454b43cfb2355a0,work_8ecf48fd71aac36c,1,unknown,unknown,unknown,False,False,False,False,False,False,False,0,0,0,0,0,0,0,0.0,
goodreads_sarah,book_e4925f5d787d53b8,work_20081e3cbc5a3ec1,1,unknown,unknown,unknown,False,False,False,False,False,False,False,0,0,0,0,0,0,0,0.0,
goodreads_sarah,book_e4c097cb7156a269,work_1bbaa9528cb96576,1,to_read,exposure_only,exposure,False,False,False,True,True,False,False,0,0,0,1,1,0,0,0.0,
goodreads_sarah,book_e50e2d3e16d67444,work_79555131300acdba,1,to_read,exposure_only,exposure,False,False,False,True,True,False,False,0,0,0,1,1,0,0,0.0,
goodreads_sarah,book_e54284e6045de9d6,work_563fae731180b370,1,unknown,unknown,unknown,False,False,False,False,False,False,False,0,0,0,0,0,0,0,0.0,
goodreads_sarah,book_e546bb450abd8bf7,work_0d17d9e11fb97768,1,to_read,exposure_only,exposure,False,False,False,True,True,False,False,0,0,0,1,1,0,0,0.0,
goodreads_sarah,book_e59cd8b2290eefd7,work_c06746b324491f4e,1,read,positive,strong,True,True,False,False,False,False,False,1,1,0,0,0,0,0,4.0,
goodreads_sarah,book_e5b6d25d836ee7ca,work_5071e9e255f7fade,2,to_read,exposure_only,exposure,False,False,False,True,True,False,False,0,0,0,2,2,0,0,0.0,
goodreads_sarah,book_e5b9324e08d90f40,work_63776f6eb812d139,1,to_read,exposure_only,exposure,False,False,False,True,True,False,False,0,0,0,1,1,0,0,0.0,
goodreads_sarah,book_e5d1fe71e725ffe9,work_5ac2d4d1765457d4,1,read,positive,strong,True,True,False,False,False,False,False,1,1,0,0,0,0,0,4.0,
goodreads_sarah,book_e5ed67fd4e36755f,work_6dfcf71413990ebb,1,to_read,exposure_only,exposure,False,False,False,True,True,False,False,0,0,0,1,1,0,0,0.0,
goodreads_sarah,book_e5f6404f3269f696,work_192f6ab6339262ae,1,read,positive,strong,True,True,False,False,False,False,False,1,1,0,0,0,0,0,4.0,
goodreads_sarah,book_e616ca470a28c190,work_0e6c7d62d0dd6fdd,1,to_read,exposure_only,exposure,False,False,False,True,True,False,False,0,0,0,1,1,0,0,0.0,
goodreads_sarah,book_e6613388c8c4d0f3,work_ab165a83deb991bb,1,read,positive,strong,True,True,False,False,False,False,False,1,1,0,0,0,0,0,4.0,
goodreads_sarah,book_e66a911b25f09a42,work_577e07f6da68185b,1,unknown,unknown,unknown,False,False,False,False,False,False,False,0,0,0,0,0,0,0,0.0,
goodreads_sarah,book_e686f766e48d7fe5,work_37daf9633e769f08,1,read,positive,strong,True,True,False,False,False,False,False,1,1,0,0,0,0,0,5.0,2025-11-13T00:00:00+00:00
goodreads_sarah,book_e68c65a07cfb15b9,work_a612a1539744cbaa,1,to_read,exposure_only,exposure,False,False,False,True,True,False,False,0,0,0,1,1,0,0,0.0,
goodreads_sarah,book_e69ea3449294aa8f,work_cca0b8de05d2b66c,1,to_read,exposure_only,exposure,False,False,False,True,True,False,False,0,0,0,1,1,0,0,0.0,
goodreads_sarah,book_e6c1d3946f0ec563,work_4cb7d0c1e16ae20e,1,to_read,exposure_only,exposure,False,False,False,True,True,False,False,0,0,0,1,1,0,0,0.0,
goodreads_sarah,book_e6e63c9ed7d52da9,work_eb2a1c5f4936a97c,1,to_read,exposure_only,exposure,False,False,False,True,True,False,False,0,0,0,1,1,0,0,0.0,
goodreads_sarah,book_e756c454ae074905,work_f880f525a24efeb9,1,to_read,exposure_only,exposure,False,False,False,True,True,False,False,0,0,0,1,1,0,0,0.0,
goodreads_sarah,book_e7ca8e0ca871cc08,work_81a181e0ba9e1470,1,to_read,exposure_only,exposure,False,False,False,True,True,False,False,0,0,0,1,1,0,0,0.0,
goodreads_sarah,book_e812c9c8928eba25,work_098d9a9b090e9bac,1,read,positive,strong,True,True,False,False,False,False,False,1,1,0,0,0,0,0,5.0,
goodreads_sarah,book_e820691a65da2963,work_f2dae3c5d293afab,1,to_read,exposure_only,exposure,False,False,False,True,True,False,False,0,0,0,1,1,0,0,0.0,
goodreads_sarah,book_e82e4b9fb2caa807,work_a1e233b5f5e19f5d,1,to_read,exposure_only,exposure,False,False,False,True,True,False,False,0,0,0,1,1,0,0,0.0,
goodreads_sarah,book_e892defa4d4f76a2,work_2be45e390730ac43,1,to_read,exposure_only,exposure,False,False,False,True,True,False,False,0,0,0,1,1,0,0,0.0,
goodreads_sarah,book_e8a1b98c040067f4,work_fb749a5e5c25c9dc,1,unknown,unknown,unknown,False,False,False,False,False,False,False,0,0,0,0,0,0,0,0.0,
goodreads_sarah,book_e8abcfe37238520a,work_7c670ad8821c6d55,1,to_read,exposure_only,exposure,False,False,False,True,True,False,False,0,0,0,1,1,0,0,0.0,
goodreads_sarah,book_e8c961e5486ac042,work_cf3bba252434a1c8,1,unknown,unknown,unknown,False,False,False,False,False,False,False,0,0,0,0,0,0,0,0.0,
goodreads_sarah,book_e90a920296f179d4,work_0bb73feebfb5463d,1,to_read,exposure_only,exposure,False,False,False,True,True,False,False,0,0,0,1,1,0,0,0.0,
goodreads_sarah,book_e91676dc8f493d4a,work_6460c28dbc964ff9,1,read,positive,strong,True,True,False,False,False,False,False,1,1,0,0,0,0,0,3.0,
goodreads_sarah,book_e918951115bdd802,work_fa5366d22c55a10f,1,to_read,exposure_only,exposure,False,False,False,True,True,False,False,0,0,0,1,1,0,0,0.0,
goodreads_sarah,book_e920ab05b05105d8,work_cbf3cb34e2e5e850,1,unknown,unknown,unknown,False,False,False,False,False,False,False,0,0,0,0,0,0,0,0.0,
goodreads_sarah,book_e9a3bb4ddf5f9fff,work_594f6dacfa326c8c,1,to_read,exposure_only,exposure,False,False,False,True,True,False,False,0,0,0,1,1,0,0,0.0,
goodreads_sarah,book_e9affdd2593ddb4d,work_d2abee8efae29c71,1,to_read,exposure_only,exposure,False,False,False,True,True,False,False,0,0,0,1,1,0,0,0.0,
goodreads_sarah,book_e9efd9e2f9039150,work_26cf76104827e862,1,to_read,exposure_only,exposure,False,False,False,True,True,False,False,0,0,0,1,1,0,0,0.0,
goodreads_sarah,book_e9f3d63f42fa3f13,work_bd9eaa9e7e6673ea,1,unknown,unknown,unknown,False,False,False,False,False,False,False,0,0,0,0,0,0,0,0.0,
goodreads_sarah,book_ea176455b4000251,work_e3e1b61c5a2db437,1,to_read,exposure_only,exposure,False,False,False,True,True,False,False,0,0,0,1,1,0,0,0.0,
goodreads_sarah,book_ea1f1bdfc64951b9,work_4913cacac67b2519,1,read,positive,strong,True,True,False,False,False,False,False,1,1,0,0,0,0,0,4.0,
goodreads_sarah,book_ea9d5d77da172078,work_9adcd005fb0bbfe8,1,to_read,exposure_only,exposure,False,False,False,True,True,False,False,0,0,0,1,1,0,0,0.0,
goodreads_sarah,book_eb15076dc4dbb752,work_2283eb8599f88995,1,to_read,exposure_only,exposure,False,False,False,True,True,False,False,0,0,0,1,1,0,0,0.0,
goodreads_sarah,book_eb438be8c08eb531,work_5e4c7fab464376df,1,to_read,exposure_only,exposure,False,False,False,True,True,False,False,0,0,0,1,1,0,0,0.0,
goodreads_sarah,book_eb78942151c0c22f,work_2447b37c8e017ee4,1,to_read,exposure_only,exposure,False,False,False,True,True,False,False,0,0,0,1,1,0,0,0.0,
goodreads_sarah,book_ebb9c7ab3c185f7c,work_f86c1471cd9bf7ac,1,to_read,exposure_only,exposure,False,False,False,True,True,False,False,0,0,0,1,1,0,0,0.0,
goodreads_sarah,book_ec38d48b917611eb,work_20dbe5f0385cbcc7,1,unknown,unknown,unknown,False,False,False,False,False,False,False,0,0,0,0,0,0,0,0.0,
goodreads_sarah,book_ec6c34c40fd6b545,work_165037cd7c385b75,1,to_read,exposure_only,exposure,False,False,False,True,True,False,False,0,0,0,1,1,0,0,0.0,
goodreads_sarah,book_ecaaa85e47a64cf5,work_022a5baf9628fb29,1,to_read,exposure_only,exposure,False,False,False,True,True,False,False,0,0,0,1,1,0,0,0.0,
goodreads_sarah,book_ecd68c51f52b2939,work_9bd8ea21db3346d3,1,to_read,exposure_only,exposure,False,False,False,True,True,False,False,0,0,0,1,1,0,0,0.0,
goodreads_sarah,book_ed1b052cf6d75401,work_7fb226365f762df7,1,to_read,exposure_only,exposure,False,False,False,True,True,False,False,0,0,0,1,1,0,0,0.0,
goodreads_sarah,book_ed5316ae03a8e84f,work_d073002b7a8b83cc,1,to_read,exposure_only,exposure,False,False,False,True,True,False,False,0,0,0,1,1,0,0,0.0,
goodreads_sarah,book_ed9d5aab019c2743,work_f3394746559ae4f3,1,to_read,exposure_only,exposure,False,False,False,True,True,False,False,0,0,0,1,1,0,0,0.0,
goodreads_sarah,book_edbfd144bd2e9951,work_f4c7eb1999f0635b,1,to_read,exposure_only,exposure,False,False,False,True,True,False,False,0,0,0,1,1,0,0,0.0,
goodreads_sarah,book_edd5e8f970341c53,work_d0441b7fbce5f559,1,read,positive,strong,True,True,False,False,False,False,False,1,1,0,0,0,0,0,5.0,2026-02-04T00:00:00+00:00
goodreads_sarah,book_edd805819ffdc7cd,work_1058ec790c236d75,1,read,positive,strong,True,True,False,False,False,False,False,1,1,0,0,0,0,0,3.0,2022-01-30T00:00:00+00:00
goodreads_sarah,book_ede142e2a7ae7873,work_cc76cd47ac042074,1,to_read,exposure_only,exposure,False,False,False,True,True,False,False,0,0,0,1,1,0,0,0.0,
goodreads_sarah,book_ede617ea96d1a8d3,work_cec5f629b475a1bf,1,read,positive,strong,True,True,False,False,False,False,False,1,1,0,0,0,0,0,4.0,2023-02-17T00:00:00+00:00
goodreads_sarah,book_edf21ab963ec3e23,work_bd91160d94e78072,1,to_read,exposure_only,exposure,False,False,False,True,True,False,False,0,0,0,1,1,0,0,0.0,
goodreads_sarah,book_ee0deebbcb6444fa,work_3348a832c203c5f3,1,read,positive,strong,True,True,False,False,False,False,False,1,1,0,0,0,0,0,4.0,
goodreads_sarah,book_ee6c8b470512a55b,work_389be4cb7bafc32f,1,to_read,exposure_only,exposure,False,False,False,True,True,False,False,0,0,0,1,1,0,0,0.0,
goodreads_sarah,book_eed8045fcc4c7e82,work_bbfdefdc8fca492b,1,unknown,unknown,unknown,False,False,False,False,False,False,False,0,0,0,0,0,0,0,0.0,
goodreads_sarah,book_efbff85d3168e10b,work_25b2019e995637a6,1,to_read,exposure_only,exposure,False,False,False,True,True,False,False,0,0,0,1,1,0,0,0.0,
goodreads_sarah,book_f0be0366b0b01223,work_2f1815c7145d3c59,1,to_read,exposure_only,exposure,False,False,False,True,True,False,False,0,0,0,1,1,0,0,0.0,
goodreads_sarah,book_f0d9d9063001fefa,work_2152a833a2cf45bd,1,read,positive,strong,True,True,False,False,False,False,False,1,1,0,0,0,0,0,4.0,2024-08-09T00:00:00+00:00
goodreads_sarah,book_f1b7b5c2ff65bee3,work_14edb53de2a1598b,1,to_read,exposure_only,exposure,False,False,False,True,True,False,False,0,0,0,1,1,0,0,0.0,
goodreads_sarah,book_f1c2b4f93ea3359a,work_0836c7ab53c42479,1,to_read,exposure_only,exposure,False,False,False,True,True,False,False,0,0,0,1,1,0,0,0.0,
goodreads_sarah,book_f2105ddc5a25586e,work_7e4f4dc09b00dd6f,1,to_read,exposure_only,exposure,False,False,False,True,True,False,False,0,0,0,1,1,0,0,0.0,
goodreads_sarah,book_f21f130ee8190eb9,work_4736b26406ddc565,1,to_read,exposure_only,exposure,False,False,False,True,True,False,False,0,0,0,1,1,0,0,0.0,
goodreads_sarah,book_f2810b449d98f84f,work_6589b4e1881adec1,1,to_read,exposure_only,exposure,False,False,False,True,True,False,False,0,0,0,1,1,0,0,0.0,
goodreads_sarah,book_f2c819337e6b05b1,work_7e2ae7f20a7480e2,1,to_read,exposure_only,exposure,False,False,False,True,True,False,False,0,0,0,1,1,0,0,0.0,
goodreads_sarah,book_f306273d601a27c5,work_7e4c18e5f5ff4e3a,1,to_read,exposure_only,exposure,False,False,False,True,True,False,False,0,0,0,1,1,0,0,0.0,
goodreads_sarah,book_f314b1bf8461d2dc,work_589b7f7d6b8421c2,1,read,positive,strong,True,True,False,False,False,False,False,1,1,0,0,0,0,0,4.0,2026-04-22T00:00:00+00:00
goodreads_sarah,book_f32231b8f4ac368b,work_7ab748bb23437e58,1,to_read,exposure_only,exposure,False,False,False,True,True,False,False,0,0,0,1,1,0,0,0.0,
goodreads_sarah,book_f3487a59f28b7cda,work_5b5d8a5020d0f19d,1,to_read,exposure_only,exposure,False,False,False,True,True,False,False,0,0,0,1,1,0,0,0.0,
goodreads_sarah,book_f392483b7fdeea75,work_961ec1a078fdfe8f,1,read,positive,strong,True,True,False,False,False,False,False,1,1,0,0,0,0,0,4.0,
goodreads_sarah,book_f40d2e3155de713a,work_1d8df388055f9b14,1,to_read,exposure_only,exposure,False,False,False,True,True,False,False,0,0,0,1,1,0,0,0.0,
goodreads_sarah,book_f43451b1ba601b8c,work_83360f80c2a6eebe,1,read,positive,strong,True,True,False,False,False,False,False,1,1,0,0,0,0,0,4.0,2022-07-03T00:00:00+00:00
goodreads_sarah,book_f468b0b8534aa7dc,work_14cdbc8dab20a3be,1,read,positive,strong,True,True,False,False,False,False,False,1,1,0,0,0,0,0,4.0,
goodreads_sarah,book_f49f16a1874bb40b,work_cfa2e9b0a8ba4285,1,read,positive,strong,True,True,False,False,False,False,False,1,1,0,0,0,0,0,4.0,
goodreads_sarah,book_f4be2a64fdb39a36,work_9c4ea21dc70ed995,1,unknown,unknown,unknown,False,False,False,False,False,False,False,0,0,0,0,0,0,0,0.0,
goodreads_sarah,book_f4ff40368c7ecacc,work_bddce0e2c9d09573,1,read,positive,strong,True,True,False,False,False,False,False,1,1,0,0,0,0,0,4.0,2026-03-22T00:00:00+00:00
goodreads_sarah,book_f55db5a147b233a8,work_e4014e79163bfa8e,1,read,positive,strong,True,True,False,False,False,False,False,1,1,0,0,0,0,0,5.0,2026-03-22T00:00:00+00:00
goodreads_sarah,book_f56b9ba2e49abd2a,work_81bf5f4e78108179,1,to_read,exposure_only,exposure,False,False,False,True,True,False,False,0,0,0,1,1,0,0,0.0,
goodreads_sarah,book_f5721c38bf776f01,work_7d9752ec7a3d8ed4,2,read,positive,strong,True,True,False,False,False,False,False,2,2,0,0,0,0,0,3.0,2021-10-26T00:00:00+00:00
goodreads_sarah,book_f5bc199da523ff68,work_6b962bc90af4948b,1,read,positive,strong,True,True,False,False,False,False,False,1,1,0,0,0,0,0,4.0,
goodreads_sarah,book_f5d0d7d73a3099c9,work_8a34a8fe91f8bdff,1,read,positive,strong,True,True,False,False,False,False,False,1,1,0,0,0,0,0,4.0,
goodreads_sarah,book_f6535b69b1370ac8,work_4b21ef90496d950c,1,to_read,exposure_only,exposure,False,False,False,True,True,False,False,0,0,0,1,1,0,0,0.0,
goodreads_sarah,book_f68a9238e7989ed7,work_8429d01a4856a377,1,read,positive,strong,True,True,False,False,False,False,False,1,1,0,0,0,0,0,5.0,
goodreads_sarah,book_f6ae017d6af48351,work_50952e7fedf68e08,1,read,negative,negative,True,False,True,False,False,False,False,1,0,1,0,0,0,0,2.0,2022-03-05T00:00:00+00:00
goodreads_sarah,book_f6b1c3b484917a65,work_29ee0c9ac3a97121,1,to_read,exposure_only,exposure,False,False,False,True,True,False,False,0,0,0,1,1,0,0,0.0,
goodreads_sarah,book_f6dece964d7a5a74,work_7b628bc6ae6766dd,1,to_read,exposure_only,exposure,False,False,False,True,True,False,False,0,0,0,1,1,0,0,0.0,
goodreads_sarah,book_f6ee24c34f1d94da,work_aad9ca7f33caaacd,1,read,negative,negative,True,False,True,False,False,False,False,1,0,1,0,0,0,0,1.0,
goodreads_sarah,book_f71ad8a30439877b,work_fab20ef9350ef488,1,read,negative,negative,True,False,True,False,False,False,False,1,0,1,0,0,0,0,2.0,2024-09-25T00:00:00+00:00
goodreads_sarah,book_f746275f4002cbe7,work_8bae58832286e43e,1,to_read,exposure_only,exposure,False,False,False,True,True,False,False,0,0,0,1,1,0,0,0.0,
goodreads_sarah,book_f760e436b034cea3,work_ef03e2d3aaea3e2c,1,read,positive,strong,True,True,False,False,False,False,False,1,1,0,0,0,0,0,4.0,2026-03-22T00:00:00+00:00
goodreads_sarah,book_f7b4dc05d1ed6323,work_bda3793691d38e79,1,to_read,exposure_only,exposure,False,False,False,True,True,False,False,0,0,0,1,1,0,0,0.0,
goodreads_sarah,book_f7c824c6bac6b900,work_242d8214b98fcad4,1,to_read,exposure_only,exposure,False,False,False,True,True,False,False,0,0,0,1,1,0,0,0.0,
goodreads_sarah,book_f8202accb8ca0593,work_38afb648c3ceea0b,1,read,positive,strong,True,True,False,False,False,False,False,1,1,0,0,0,0,0,3.0,
goodreads_sarah,book_f86a91da104d9ae7,work_e94457e87181189a,1,unknown,unknown,unknown,False,False,False,False,False,False,False,0,0,0,0,0,0,0,0.0,
goodreads_sarah,book_f86fbeaad6ef66ab,work_bea453833a79a7f3,1,to_read,exposure_only,exposure,False,False,False,True,True,False,False,0,0,0,1,1,0,0,0.0,
goodreads_sarah,book_f877a775f63a4f26,work_08036b90716de79b,1,to_read,exposure_only,exposure,False,False,False,True,True,False,False,0,0,0,1,1,0,0,0.0,
goodreads_sarah,book_f8c9ee859f217224,work_7aa9f79b36e7476e,1,to_read,exposure_only,exposure,False,False,False,True,True,False,False,0,0,0,1,1,0,0,0.0,
goodreads_sarah,book_f8fd3d689bfc4465,work_f6163cc6f3f374b5,1,unknown,unknown,unknown,False,False,False,False,False,False,False,0,0,0,0,0,0,0,0.0,
goodreads_sarah,book_f902fec5672cd5bf,work_750e6a4112ccc441,1,read,positive,strong,True,True,False,False,False,False,False,1,1,0,0,0,0,0,5.0,
goodreads_sarah,book_f93759b6920f1b24,work_afb0cd257f7fde8f,1,unknown,unknown,unknown,False,False,False,False,False,False,False,0,0,0,0,0,0,0,0.0,
goodreads_sarah,book_f9381c5ea11f30cb,work_e9e40501461f1e90,1,unknown,unknown,unknown,False,False,False,False,False,False,False,0,0,0,0,0,0,0,0.0,
goodreads_sarah,book_f99782f659d14207,work_e22a60fa6b6ca3aa,1,to_read,exposure_only,exposure,False,False,False,True,True,False,False,0,0,0,1,1,0,0,0.0,
goodreads_sarah,book_f9df428d5c8fbdbe,work_9c8f297067880f78,1,read,positive,strong,True,True,False,False,False,False,False,1,1,0,0,0,0,0,4.0,2025-03-12T00:00:00+00:00
goodreads_sarah,book_f9f724503fae90ce,work_74b56303cd49d86d,1,read,positive,strong,True,True,False,False,False,False,False,1,1,0,0,0,0,0,3.0,2024-07-18T00:00:00+00:00
goodreads_sarah,book_fa8e3db3157b05cd,work_68a1ec7820bc785f,1,to_read,exposure_only,exposure,False,False,False,True,True,False,False,0,0,0,1,1,0,0,0.0,
goodreads_sarah,book_fad7a37700a40d7e,work_77f77056b7b1d6c1,1,to_read,exposure_only,exposure,False,False,False,True,True,False,False,0,0,0,1,1,0,0,0.0,
goodreads_sarah,book_fb030ca2d10f0bf8,work_0618dc1efadcebd0,1,to_read,exposure_only,exposure,False,False,False,True,True,False,False,0,0,0,1,1,0,0,0.0,
goodreads_sarah,book_fb4d52f514dc2fec,work_bbb9910e739acbf9,1,read,positive,strong,True,True,False,False,False,False,False,1,1,0,0,0,0,0,3.0,
goodreads_sarah,book_fb72466f64680a19,work_7f1f1ff9fe000a1a,1,read,positive,strong,True,True,False,False,False,False,False,1,1,0,0,0,0,0,3.0,2021-03-18T00:00:00+00:00
goodreads_sarah,book_fb884a94b470f9fe,work_afd0917ca41460de,1,read,positive,strong,True,True,False,False,False,False,False,1,1,0,0,0,0,0,3.0,2021-08-21T00:00:00+00:00
goodreads_sarah,book_fb8f6b8750793385,work_42dd47a1c01f49cb,1,to_read,exposure_only,exposure,False,False,False,True,True,False,False,0,0,0,1,1,0,0,0.0,
goodreads_sarah,book_fba354572fff5299,work_36c484bf089c7108,1,read,positive,strong,True,True,False,False,False,False,False,1,1,0,0,0,0,0,4.0,
goodreads_sarah,book_fbf77709caf9a856,work_6e4e4ceb8e59d686,1,to_read,exposure_only,exposure,False,False,False,True,True,False,False,0,0,0,1,1,0,0,0.0,
goodreads_sarah,book_fc1daee2cd2c00ac,work_218e965f4aaa2ea6,1,read,positive,strong,True,True,False,False,False,False,False,1,1,0,0,0,0,0,5.0,
goodreads_sarah,book_fc46472055a46ba8,work_55bcd0bca18e3ce2,1,read,positive,strong,True,True,False,False,False,False,False,1,1,0,0,0,0,0,5.0,
goodreads_sarah,book_fcb5009c9dbc9f48,work_6621aeb17f42cddb,1,to_read,exposure_only,exposure,False,False,False,True,True,False,False,0,0,0,1,1,0,0,0.0,
goodreads_sarah,book_fd070e3248eb0463,work_e3a4abf353793314,1,unknown,unknown,unknown,False,False,False,False,False,False,False,0,0,0,0,0,0,0,0.0,
goodreads_sarah,book_fd1c95f8ca792f62,work_808aaf2f327534e8,1,read,positive,strong,True,True,False,False,False,False,False,1,1,0,0,0,0,0,3.0,2021-09-12T00:00:00+00:00
goodreads_sarah,book_fd48e404e74c05e7,work_afe8d2d2161adcea,1,read,positive,strong,True,True,False,False,False,False,False,1,1,0,0,0,0,0,4.0,2025-06-06T00:00:00+00:00
goodreads_sarah,book_fd998cab9c734f7c,work_ef1db01626fd1b49,1,to_read,exposure_only,exposure,False,False,False,True,True,False,False,0,0,0,1,1,0,0,0.0,
goodreads_sarah,book_fda1d2544ec6fc66,work_9719a2735e4e2db7,1,to_read,exposure_only,exposure,False,False,False,True,True,False,False,0,0,0,1,1,0,0,0.0,
goodreads_sarah,book_fe1bd171a1b0bfce,work_dca576acac628762,1,to_read,exposure_only,exposure,False,False,False,True,True,False,False,0,0,0,1,1,0,0,0.0,
goodreads_sarah,book_fe23b12e80870181,work_92625e806682ed9d,1,read,negative,negative,True,False,True,False,False,False,False,1,0,1,0,0,0,0,2.0,
goodreads_sarah,book_fe29d627ab344e1e,work_3b3da35babb5058b,1,to_read,exposure_only,exposure,False,False,False,True,True,False,False,0,0,0,1,1,0,0,0.0,
goodreads_sarah,book_fe524b384b00ec6a,work_00abf9c4b9344cde,1,read,positive,strong,True,True,False,False,False,False,False,1,1,0,0,0,0,0,4.0,
goodreads_sarah,book_fe88df5ec0418631,work_0e9230d0be62aea6,1,read,positive,strong,True,True,False,False,False,False,False,1,1,0,0,0,0,0,4.0,2022-05-17T00:00:00+00:00
goodreads_sarah,book_ff08df7b422e7774,work_53248bdea8b0b1b1,1,to_read,exposure_only,exposure,False,False,False,True,True,False,False,0,0,0,1,1,0,0,0.0,
goodreads_sarah,book_ff0cdcc23d5a53ce,work_fb8465c507b30c25,1,to_read,exposure_only,exposure,False,False,False,True,True,False,False,0,0,0,1,1,0,0,0.0,
goodreads_sarah,book_ff602d33e490bb6b,work_0a47792acf29e4b2,1,to_read,exposure_only,exposure,False,False,False,True,True,False,False,0,0,0,1,1,0,0,0.0,
goodreads_sarah,book_ff7c0c0871d210ec,work_3ef0accc1c2cce90,1,to_read,exposure_only,exposure,False,False,False,True,True,False,False,0,0,0,1,1,0,0,0.0,
goodreads_sarah,book_ff8ba1f8044283d0,work_aacd3f53afb04bbe,1,to_read,exposure_only,exposure,False,False,False,True,True,False,False,0,0,0,1,1,0,0,0.0,
goodreads_sarah,book_ffb370a2c82c22ee,work_183345b900665265,1,to_read,exposure_only,exposure,False,False,False,True,True,False,False,0,0,0,1,1,0,0,0.0,
goodreads_sarah,book_fffcebdb7e40bd4d,work_c8cc535bb7021f0a,1,read,positive,strong,True,True,False,False,False,False,False,1,1,0,0,0,0,0,5.0,2025-06-30T00:00:00+00:00
goodreads_shannon,book_001f16b93b0fa10b,work_d6fac95a68007b82,1,to_read,exposure_only,exposure,False,False,False,True,True,False,False,0,0,0,1,1,0,0,0.0,
goodreads_shannon,book_002add2e0c664e70,work_a5d398cc007096ce,1,to_read,exposure_only,exposure,False,False,False,True,True,False,False,0,0,0,1,1,0,0,0.0,
goodreads_shannon,book_003521d750e29881,work_61e6597e96713910,1,to_read,exposure_only,exposure,False,False,False,True,True,False,False,0,0,0,1,1,0,0,0.0,
goodreads_shannon,book_00437c4b12f37c23,work_65fcfa54681fdee3,1,to_read,exposure_only,exposure,False,False,False,True,True,False,False,0,0,0,1,1,0,0,0.0,
goodreads_shannon,book_0059bff1b7638ad8,work_124b5d435de79131,1,to_read,exposure_only,exposure,False,False,False,True,True,False,False,0,0,0,1,1,0,0,0.0,
goodreads_shannon,book_005fb072981efd2c,work_5d363f1309228478,2,read,positive,strong,True,True,False,True,True,False,False,1,1,0,1,1,0,0,3.0,2023-10-26T00:00:00+00:00
goodreads_shannon,book_008c0bf252c84e31,work_0f10dbf3dea34cca,1,read,positive,strong,True,True,False,False,False,False,False,1,1,0,0,0,0,0,3.0,2024-09-14T00:00:00+00:00
goodreads_shannon,book_00d25c173334d674,work_9baab8f0982964e4,1,to_read,exposure_only,exposure,False,False,False,True,True,False,False,0,0,0,1,1,0,0,0.0,
goodreads_shannon,book_011e48a6f2661d89,work_17f2b4c037609a8c,1,to_read,exposure_only,exposure,False,False,False,True,True,False,False,0,0,0,1,1,0,0,0.0,
goodreads_shannon,book_012eb9e95a9a6a1d,work_75ae222f051cef7b,1,to_read,exposure_only,exposure,False,False,False,True,True,False,False,0,0,0,1,1,0,0,0.0,
goodreads_shannon,book_0152b8425ff0f80d,work_daacc3190496000e,1,read,positive,strong,True,True,False,False,False,False,False,1,1,0,0,0,0,0,4.0,2020-01-19T00:00:00+00:00
goodreads_shannon,book_01801f21535a2c30,work_d39af7378c1b3d73,1,to_read,exposure_only,exposure,False,False,False,True,True,False,False,0,0,0,1,1,0,0,0.0,
goodreads_shannon,book_01a46bb5540c12a6,work_586e11af6f161265,1,read,positive,strong,True,True,False,False,False,False,False,1,1,0,0,0,0,0,5.0,
goodreads_shannon,book_01bbe5b90ef29565,work_b6655599ffc9a1c0,1,to_read,exposure_only,exposure,False,False,False,True,True,False,False,0,0,0,1,1,0,0,0.0,
goodreads_shannon,book_01d42e96f67be109,work_71ebbcf81e232ee8,1,read,positive,strong,True,True,False,False,False,False,False,1,1,0,0,0,0,0,3.0,2019-09-02T00:00:00+00:00
goodreads_shannon,book_01e051cbac545caa,work_6455d83b700a74e1,1,to_read,exposure_only,exposure,False,False,False,True,True,False,False,0,0,0,1,1,0,0,0.0,
goodreads_shannon,book_01ef173004fa346e,work_83a6910ebbad6dc8,1,to_read,exposure_only,exposure,False,False,False,True,True,False,False,0,0,0,1,1,0,0,0.0,
goodreads_shannon,book_02140ddb2a801adf,work_83f196ffe243ef10,1,read,positive,strong,True,True,False,False,False,False,False,1,1,0,0,0,0,0,5.0,2024-07-23T00:00:00+00:00
goodreads_shannon,book_022faf014a3ed409,work_813fe29f00ceca99,1,read,positive,strong,True,True,False,False,False,False,False,1,1,0,0,0,0,0,4.0,
goodreads_shannon,book_023633bbf0117a08,work_ab9aad898e521e50,1,to_read,exposure_only,exposure,False,False,False,True,True,False,False,0,0,0,1,1,0,0,0.0,
goodreads_shannon,book_02448bcaa4573123,work_844ba7e77c537f5e,1,to_read,exposure_only,exposure,False,False,False,True,True,False,False,0,0,0,1,1,0,0,0.0,
goodreads_shannon,book_02468e6a5c0914be,work_e531bf39e4cd9afb,1,read,positive,strong,True,True,False,False,False,False,False,1,1,0,0,0,0,0,4.0,2022-06-14T00:00:00+00:00
goodreads_shannon,book_0249d0c40d66d21b,work_1c341e82bf04b799,1,to_read,exposure_only,exposure,False,False,False,True,True,False,False,0,0,0,1,1,0,0,0.0,
goodreads_shannon,book_024a68d5de139feb,work_a26c2fa15c1c2b1a,1,to_read,exposure_only,exposure,False,False,False,True,True,False,False,0,0,0,1,1,0,0,0.0,
goodreads_shannon,book_0252645051558904,work_c73ed2537b8f2b43,1,read,positive,strong,True,True,False,False,False,False,False,1,1,0,0,0,0,0,5.0,2021-09-05T00:00:00+00:00
goodreads_shannon,book_02544124cbfd0c36,work_dc7460423c9a687c,1,read,positive,strong,True,True,False,False,False,False,False,1,1,0,0,0,0,0,4.0,2024-07-08T00:00:00+00:00
goodreads_shannon,book_026bbc02242db839,work_c93836729a6e621e,1,to_read,exposure_only,exposure,False,False,False,True,True,False,False,0,0,0,1,1,0,0,0.0,
goodreads_shannon,book_0276561f683f071b,work_61fb62438f9cfde9,1,to_read,exposure_only,exposure,False,False,False,True,True,False,False,0,0,0,1,1,0,0,0.0,
goodreads_shannon,book_028a98cc0b0843d0,work_8f2743a6b73865f8,1,read,positive,strong,True,True,False,False,False,False,False,1,1,0,0,0,0,0,5.0,
goodreads_shannon,book_02b69ea099508c4c,work_5428df0422e73933,1,read,positive,strong,True,True,False,False,False,False,False,1,1,0,0,0,0,0,3.0,2019-10-27T00:00:00+00:00
goodreads_shannon,book_02c257a6025f82bd,work_49439babdfa0b097,1,read,positive,strong,True,True,False,False,False,False,False,1,1,0,0,0,0,0,4.0,2023-07-12T00:00:00+00:00
goodreads_shannon,book_031c58c4dd7380be,work_f23a265fdb827582,1,to_read,exposure_only,exposure,False,False,False,True,True,False,False,0,0,0,1,1,0,0,0.0,
goodreads_shannon,book_03288978add0d984,work_147ddd1dcba03545,1,to_read,exposure_only,exposure,False,False,False,True,True,False,False,0,0,0,1,1,0,0,0.0,
goodreads_shannon,book_0333f5b484e7c88c,work_ed86639fb50540a4,1,to_read,exposure_only,exposure,False,False,False,True,True,False,False,0,0,0,1,1,0,0,0.0,
goodreads_shannon,book_033de2b361578485,work_356c1f51594e2d9b,1,to_read,exposure_only,exposure,False,False,False,True,True,False,False,0,0,0,1,1,0,0,0.0,
goodreads_shannon,book_0341e75edd81937a,work_3da8046941ba00ca,1,read,positive,strong,True,True,False,False,False,False,False,1,1,0,0,0,0,0,4.0,2021-03-22T00:00:00+00:00
goodreads_shannon,book_038d4501ccda7dfd,work_55986f5e03c254bc,1,read,negative,negative,True,False,True,False,False,False,False,1,0,1,0,0,0,0,1.0,2019-03-21T00:00:00+00:00
goodreads_shannon,book_03a24514c4d41cd2,work_6e74527f6f3f2b94,1,to_read,exposure_only,exposure,False,False,False,True,True,False,False,0,0,0,1,1,0,0,0.0,
goodreads_shannon,book_03ab20b6aa4f4324,work_801873f0d3c9a2dd,1,to_read,exposure_only,exposure,False,False,False,True,True,False,False,0,0,0,1,1,0,0,0.0,
goodreads_shannon,book_03ad4d21be3c25c0,work_1414d711459ff83f,1,currently_reading,exposure_only,exposure,False,False,False,True,False,True,False,0,0,0,1,0,1,0,0.0,
goodreads_shannon,book_03ae6aa276d8a440,work_4237209ef8af1bd1,1,to_read,exposure_only,exposure,False,False,False,True,True,False,False,0,0,0,1,1,0,0,0.0,
goodreads_shannon,book_03eed6ed2ad01fe4,work_e8280d59ff63011c,1,to_read,exposure_only,exposure,False,False,False,True,True,False,False,0,0,0,1,1,0,0,0.0,
goodreads_shannon,book_03fddff55633b464,work_09b7468fe9d2b578,1,read,positive,strong,True,True,False,False,False,False,False,1,1,0,0,0,0,0,4.0,2021-10-27T00:00:00+00:00
goodreads_shannon,book_042909d328cbdb7c,work_5b67260f6789fd47,1,to_read,exposure_only,exposure,False,False,False,True,True,False,False,0,0,0,1,1,0,0,0.0,
goodreads_shannon,book_0488be4cab146d96,work_f1acad70a00dcdc4,1,to_read,exposure_only,exposure,False,False,False,True,True,False,False,0,0,0,1,1,0,0,0.0,
goodreads_shannon,book_049bbc4a7ce78b8f,work_bc397f54b8b53d50,1,read,positive,strong,True,True,False,False,False,False,False,1,1,0,0,0,0,0,5.0,2026-07-20T00:00:00+00:00
goodreads_shannon,book_04ab0e4ac5ecce81,work_54c7cacf90fba185,1,read,positive,strong,True,True,False,False,False,False,False,1,1,0,0,0,0,0,5.0,2023-11-19T00:00:00+00:00
goodreads_shannon,book_04ab9fbd1f5f5d08,work_c4a4bf677d5a9703,1,to_read,exposure_only,exposure,False,False,False,True,True,False,False,0,0,0,1,1,0,0,0.0,
goodreads_shannon,book_04d4d34c31bf24c1,work_79ba04e3977a807a,1,to_read,exposure_only,exposure,False,False,False,True,True,False,False,0,0,0,1,1,0,0,0.0,
goodreads_shannon,book_04ec36e97fab4dba,work_cf2cd20bb4e3d79a,1,to_read,exposure_only,exposure,False,False,False,True,True,False,False,0,0,0,1,1,0,0,0.0,
goodreads_shannon,book_04ee9d180631b5d6,work_7af36220b43a78fb,1,read,positive,strong,True,True,False,False,False,False,False,1,1,0,0,0,0,0,3.0,2021-02-06T00:00:00+00:00
goodreads_shannon,book_054117fdddf0765f,work_b72a6306af5137fb,1,to_read,exposure_only,exposure,False,False,False,True,True,False,False,0,0,0,1,1,0,0,0.0,
goodreads_shannon,book_054ee1ab88a65d67,work_f53eb51e13aee80f,1,read,positive,strong,True,True,False,False,False,False,False,1,1,0,0,0,0,0,3.0,2023-08-01T00:00:00+00:00
goodreads_shannon,book_0551d86019bd6d98,work_00467a6757e982a7,1,to_read,exposure_only,exposure,False,False,False,True,True,False,False,0,0,0,1,1,0,0,0.0,
goodreads_shannon,book_058faebc31b0108a,work_2992c80014893bf1,1,read,positive,strong,True,True,False,False,False,False,False,1,1,0,0,0,0,0,5.0,2020-12-19T00:00:00+00:00
goodreads_shannon,book_05b55836b298d72f,work_86b75df8f9a27887,1,to_read,exposure_only,exposure,False,False,False,True,True,False,False,0,0,0,1,1,0,0,0.0,
goodreads_shannon,book_05e181cc78668ee0,work_a0860301cee1150d,1,to_read,exposure_only,exposure,False,False,False,True,True,False,False,0,0,0,1,1,0,0,0.0,
goodreads_shannon,book_06071b65deed7f25,work_e5088b123a08915b,1,read,positive,strong,True,True,False,False,False,False,False,1,1,0,0,0,0,0,4.0,
goodreads_shannon,book_061e5435c4c88fe3,work_9a0349d32905885c,1,read,positive,strong,True,True,False,False,False,False,False,1,1,0,0,0,0,0,5.0,2013-01-04T00:00:00+00:00
goodreads_shannon,book_065a861ee1f51b5d,work_1342254644be4d37,1,to_read,exposure_only,exposure,False,False,False,True,True,False,False,0,0,0,1,1,0,0,0.0,
goodreads_shannon,book_0665b490291e48de,work_53ef16c9691fa324,1,read,positive,strong,True,True,False,False,False,False,False,1,1,0,0,0,0,0,4.0,2023-08-11T00:00:00+00:00
goodreads_shannon,book_06723628f5144598,work_35946352a305b02d,1,to_read,exposure_only,exposure,False,False,False,True,True,False,False,0,0,0,1,1,0,0,0.0,
goodreads_shannon,book_06a81e86fa569696,work_8e63b83abea4afc9,1,to_read,exposure_only,exposure,False,False,False,True,True,False,False,0,0,0,1,1,0,0,0.0,
goodreads_shannon,book_06dd60da2f086a71,work_7a46233922e106c7,1,to_read,exposure_only,exposure,False,False,False,True,True,False,False,0,0,0,1,1,0,0,0.0,
goodreads_shannon,book_06e60dae7d62a1cb,work_953d02713105baf4,1,read,positive,strong,True,True,False,False,False,False,False,1,1,0,0,0,0,0,4.0,2021-11-04T00:00:00+00:00
goodreads_shannon,book_06ea7c34963c40b2,work_1e301ff204fc6808,1,to_read,exposure_only,exposure,False,False,False,True,True,False,False,0,0,0,1,1,0,0,0.0,
goodreads_shannon,book_072bf2d881c2a018,work_21a6cd5eafc288ac,1,to_read,exposure_only,exposure,False,False,False,True,True,False,False,0,0,0,1,1,0,0,0.0,
goodreads_shannon,book_072d3c287a4c8628,work_d34cf0f15d89f32e,1,read,positive,strong,True,True,False,False,False,False,False,1,1,0,0,0,0,0,5.0,2013-01-06T00:00:00+00:00
goodreads_shannon,book_072f5210b166817f,work_4b8f8e2045a3e712,1,read,positive,strong,True,True,False,False,False,False,False,1,1,0,0,0,0,0,3.0,2020-07-05T00:00:00+00:00
goodreads_shannon,book_0790ab879e46e129,work_624ba6790f2df3af,1,to_read,exposure_only,exposure,False,False,False,True,True,False,False,0,0,0,1,1,0,0,0.0,
goodreads_shannon,book_07ad6185a64a8dd3,work_653e05807774dd42,1,to_read,exposure_only,exposure,False,False,False,True,True,False,False,0,0,0,1,1,0,0,0.0,
goodreads_shannon,book_080e8fe0ed0c7de5,work_986498b0d2caeea2,2,to_read,exposure_only,exposure,False,False,False,True,True,False,False,0,0,0,2,2,0,0,0.0,
goodreads_shannon,book_0876dfbe5bf1168a,work_9b5ef01d223884fa,1,to_read,exposure_only,exposure,False,False,False,True,True,False,False,0,0,0,1,1,0,0,0.0,
goodreads_shannon,book_089801556da8422b,work_34595edbb8ce3007,1,read,positive,strong,True,True,False,False,False,False,False,1,1,0,0,0,0,0,5.0,2020-04-22T00:00:00+00:00
goodreads_shannon,book_0898917b08bab36d,work_8f7a0938c33b5b96,1,read,positive,strong,True,True,False,False,False,False,False,1,1,0,0,0,0,0,5.0,2022-12-11T00:00:00+00:00
goodreads_shannon,book_08b260e73af784c1,work_1dad4916437df019,1,read,positive,strong,True,True,False,False,False,False,False,1,1,0,0,0,0,0,4.0,2023-10-26T00:00:00+00:00
goodreads_shannon,book_08db6a2461d7b8df,work_f7c8df4b5f29fc42,1,to_read,exposure_only,exposure,False,False,False,True,True,False,False,0,0,0,1,1,0,0,0.0,
goodreads_shannon,book_08f515783b166aac,work_995801bb7f8fe69d,1,to_read,exposure_only,exposure,False,False,False,True,True,False,False,0,0,0,1,1,0,0,0.0,
goodreads_shannon,book_093b1a73c5f6d9ab,work_827b972b2739e907,1,read,positive,strong,True,True,False,False,False,False,False,1,1,0,0,0,0,0,3.0,2024-07-21T00:00:00+00:00
goodreads_shannon,book_0947910e6e5a722c,work_665356a790606742,1,read,positive,strong,True,True,False,False,False,False,False,1,1,0,0,0,0,0,5.0,
goodreads_shannon,book_096cc409483ac0ff,work_4f11e37b8a2eaa25,1,read,positive,strong,True,True,False,False,False,False,False,1,1,0,0,0,0,0,3.0,2019-09-08T00:00:00+00:00
goodreads_shannon,book_09d040211418488e,work_5a007778ec7f873f,1,to_read,exposure_only,exposure,False,False,False,True,True,False,False,0,0,0,1,1,0,0,0.0,
goodreads_shannon,book_09fc58c30b900f70,work_237a97667aea984f,1,to_read,exposure_only,exposure,False,False,False,True,True,False,False,0,0,0,1,1,0,0,0.0,
goodreads_shannon,book_0a40d32abc117701,work_b0f170f1618335d3,1,read,positive,strong,True,True,False,False,False,False,False,1,1,0,0,0,0,0,4.0,2022-11-16T00:00:00+00:00
goodreads_shannon,book_0a6e9ad720f23118,work_b168eb4caae24215,1,to_read,exposure_only,exposure,False,False,False,True,True,False,False,0,0,0,1,1,0,0,0.0,
goodreads_shannon,book_0ac3cb08891b70df,work_35a0d57ad011b504,1,to_read,exposure_only,exposure,False,False,False,True,True,False,False,0,0,0,1,1,0,0,0.0,
goodreads_shannon,book_0af4b7e712fe5568,work_60ea55047d4e95e1,1,to_read,exposure_only,exposure,False,False,False,True,True,False,False,0,0,0,1,1,0,0,0.0,
goodreads_shannon,book_0af4c8bcc9a86c7c,work_a3b7687dc5c6c228,1,to_read,exposure_only,exposure,False,False,False,True,True,False,False,0,0,0,1,1,0,0,0.0,
goodreads_shannon,book_0b912917cca649de,work_390b8393a372eb33,1,to_read,exposure_only,exposure,False,False,False,True,True,False,False,0,0,0,1,1,0,0,0.0,
goodreads_shannon,book_0babf1eda1a6260b,work_1bfc78f8ccdedc11,1,to_read,exposure_only,exposure,False,False,False,True,True,False,False,0,0,0,1,1,0,0,0.0,
goodreads_shannon,book_0bb3d78bcc38b760,work_3e6fa3d5af150953,1,to_read,exposure_only,exposure,False,False,False,True,True,False,False,0,0,0,1,1,0,0,0.0,
goodreads_shannon,book_0bc11b8e0bdf6fdc,work_8415b8f7f9600dbf,1,to_read,exposure_only,exposure,False,False,False,True,True,False,False,0,0,0,1,1,0,0,0.0,
goodreads_shannon,book_0be22fef4961ddb9,work_753a148b1c356f01,1,to_read,exposure_only,exposure,False,False,False,True,True,False,False,0,0,0,1,1,0,0,0.0,
goodreads_shannon,book_0beb72076c1640af,work_569068143c4c61f0,1,read,positive,strong,True,True,False,False,False,False,False,1,1,0,0,0,0,0,4.0,2019-05-27T00:00:00+00:00
goodreads_shannon,book_0c20fe8192e43317,work_09a9b502a341174d,1,read,positive,strong,True,True,False,False,False,False,False,1,1,0,0,0,0,0,4.0,2023-11-01T00:00:00+00:00
goodreads_shannon,book_0c5332017a5ef7ef,work_e53ef01f8cf3c181,1,read,positive,strong,True,True,False,False,False,False,False,1,1,0,0,0,0,0,5.0,2023-01-25T00:00:00+00:00
goodreads_shannon,book_0c5b692006b8874f,work_f0a33d695f2bfca3,1,to_read,exposure_only,exposure,False,False,False,True,True,False,False,0,0,0,1,1,0,0,0.0,
goodreads_shannon,book_0c60b77ca831930c,work_a509768b97262c1d,1,to_read,exposure_only,exposure,False,False,False,True,True,False,False,0,0,0,1,1,0,0,0.0,
goodreads_shannon,book_0c9409137abbc0e5,work_abcf5cbe671db9e7,1,to_read,exposure_only,exposure,False,False,False,True,True,False,False,0,0,0,1,1,0,0,0.0,
goodreads_shannon,book_0ca4f90ff5ac92c7,work_2ada48584c5956bb,1,to_read,exposure_only,exposure,False,False,False,True,True,False,False,0,0,0,1,1,0,0,0.0,
goodreads_shannon,book_0d1428f07001e575,work_bee30af0e1669ead,1,to_read,exposure_only,exposure,False,False,False,True,True,False,False,0,0,0,1,1,0,0,0.0,
goodreads_shannon,book_0d2614f3033178a5,work_20e639be8a584ae0,1,to_read,exposure_only,exposure,False,False,False,True,True,False,False,0,0,0,1,1,0,0,0.0,
goodreads_shannon,book_0d382d0497d177d9,work_19564ebc2b1be830,1,to_read,exposure_only,exposure,False,False,False,True,True,False,False,0,0,0,1,1,0,0,0.0,
goodreads_shannon,book_0d6e8269113916e6,work_d3e811ec170a7c29,1,to_read,exposure_only,exposure,False,False,False,True,True,False,False,0,0,0,1,1,0,0,0.0,
goodreads_shannon,book_0da11b503c4b8e38,work_91642788d8a67916,1,to_read,exposure_only,exposure,False,False,False,True,True,False,False,0,0,0,1,1,0,0,0.0,
goodreads_shannon,book_0db4ef745ee5e46d,work_299ae60de929e30a,1,to_read,exposure_only,exposure,False,False,False,True,True,False,False,0,0,0,1,1,0,0,0.0,
goodreads_shannon,book_0e14ec2933cc9b52,work_66f3feec192c411c,1,to_read,exposure_only,exposure,False,False,False,True,True,False,False,0,0,0,1,1,0,0,0.0,
goodreads_shannon,book_0e5bf197508ab8d2,work_38e05159d3d72947,1,read,positive,strong,True,True,False,False,False,False,False,1,1,0,0,0,0,0,4.0,2026-03-11T00:00:00+00:00
goodreads_shannon,book_0e98799c5a0ca7d1,work_c769882bd47810cb,1,to_read,exposure_only,exposure,False,False,False,True,True,False,False,0,0,0,1,1,0,0,0.0,
goodreads_shannon,book_0ea514337b1250aa,work_7e78ea0d766cac9b,1,to_read,exposure_only,exposure,False,False,False,True,True,False,False,0,0,0,1,1,0,0,0.0,
goodreads_shannon,book_0eaf6d4c7281a4b8,work_ebcaf70f6666917a,1,read,positive,strong,True,True,False,False,False,False,False,1,1,0,0,0,0,0,4.0,2019-11-26T00:00:00+00:00
goodreads_shannon,book_0ebaea62e9db7e26,work_7283e0ea1c01d5bb,1,to_read,exposure_only,exposure,False,False,False,True,True,False,False,0,0,0,1,1,0,0,0.0,
goodreads_shannon,book_0ec2b0e25d6f98ca,work_3216dc3f7786b325,1,to_read,exposure_only,exposure,False,False,False,True,True,False,False,0,0,0,1,1,0,0,0.0,
goodreads_shannon,book_0ec5b4425537f879,work_54a6adff143b1978,1,to_read,exposure_only,exposure,False,False,False,True,True,False,False,0,0,0,1,1,0,0,0.0,
goodreads_shannon,book_0ed2f53b5091fe18,work_4a30930454fe11ce,1,read,positive,strong,True,True,False,False,False,False,False,1,1,0,0,0,0,0,3.0,2026-04-23T00:00:00+00:00
goodreads_shannon,book_0eef0ac2c74a0224,work_c9874c50c7bc20ed,1,to_read,exposure_only,exposure,False,False,False,True,True,False,False,0,0,0,1,1,0,0,0.0,
goodreads_shannon,book_0f1598cfb1e8af00,work_2b0749d1f17ab102,1,to_read,exposure_only,exposure,False,False,False,True,True,False,False,0,0,0,1,1,0,0,0.0,
goodreads_shannon,book_0f36c9517e09f034,work_cb22d3d19585e843,1,read,positive,strong,True,True,False,False,False,False,False,1,1,0,0,0,0,0,4.0,2026-08-22T00:00:00+00:00
goodreads_shannon,book_0f751c62baf1320e,work_05005ccc1768d0b5,1,to_read,exposure_only,exposure,False,False,False,True,True,False,False,0,0,0,1,1,0,0,0.0,
goodreads_shannon,book_0fab7aad8a91f9ee,work_832a59ec0bf041c1,1,read,positive,strong,True,True,False,False,False,False,False,1,1,0,0,0,0,0,4.0,2019-06-01T00:00:00+00:00
goodreads_shannon,book_100dfb324127f551,work_690d53d409944ed8,1,to_read,exposure_only,exposure,False,False,False,True,True,False,False,0,0,0,1,1,0,0,0.0,
goodreads_shannon,book_101dd86581828fcd,work_fbac51c89571bd24,1,to_read,exposure_only,exposure,False,False,False,True,True,False,False,0,0,0,1,1,0,0,0.0,
goodreads_shannon,book_1037a14d5f5e335b,work_d31dba3fb5a87b5f,1,read,positive,strong,True,True,False,False,False,False,False,1,1,0,0,0,0,0,4.0,2022-06-21T00:00:00+00:00
goodreads_shannon,book_107961fc84f23289,work_65d2455ae57432e2,1,to_read,exposure_only,exposure,False,False,False,True,True,False,False,0,0,0,1,1,0,0,0.0,
goodreads_shannon,book_108b801cce5390bc,work_cce04b7157837c3d,1,read,positive,strong,True,True,False,False,False,False,False,1,1,0,0,0,0,0,4.0,2024-07-29T00:00:00+00:00
goodreads_shannon,book_10b7c28b8bbd5228,work_40044466dbf6f7c1,1,to_read,exposure_only,exposure,False,False,False,True,True,False,False,0,0,0,1,1,0,0,0.0,
goodreads_shannon,book_10e8e8005c9e76f3,work_66f044b5f54ef1e4,1,read,positive,strong,True,True,False,False,False,False,False,1,1,0,0,0,0,0,4.0,
goodreads_shannon,book_111c8b40130c9ddc,work_6ab88cd44d4ed759,1,read,positive,strong,True,True,False,False,False,False,False,1,1,0,0,0,0,0,4.0,2022-04-01T00:00:00+00:00
goodreads_shannon,book_1120603d725ccb8d,work_101458da87ec42bc,1,to_read,exposure_only,exposure,False,False,False,True,True,False,False,0,0,0,1,1,0,0,0.0,
goodreads_shannon,book_1142ab33651d382a,work_ffd0d3934acdd82e,2,to_read,exposure_only,exposure,False,False,False,True,True,False,False,0,0,0,2,2,0,0,0.0,
goodreads_shannon,book_114bd7f68f56ef0e,work_312b1f28c802e30e,1,read,positive,strong,True,True,False,False,False,False,False,1,1,0,0,0,0,0,3.0,
goodreads_shannon,book_11cb5529815dc77f,work_1787bb5106766928,1,to_read,exposure_only,exposure,False,False,False,True,True,False,False,0,0,0,1,1,0,0,0.0,
goodreads_shannon,book_11fd0b8402c2118a,work_06ae0f18a5a319eb,1,to_read,exposure_only,exposure,False,False,False,True,True,False,False,0,0,0,1,1,0,0,0.0,
goodreads_shannon,book_1213cf9adc93e147,work_eac116f9e14786d1,1,to_read,exposure_only,exposure,False,False,False,True,True,False,False,0,0,0,1,1,0,0,0.0,
goodreads_shannon,book_122817454942e78e,work_0c01bed8e8744035,1,read,positive,strong,True,True,False,False,False,False,False,1,1,0,0,0,0,0,5.0,2022-06-20T00:00:00+00:00
goodreads_shannon,book_122fc01253d39777,work_bd48bf70ebfb4643,1,read,positive,strong,True,True,False,False,False,False,False,1,1,0,0,0,0,0,4.0,2013-06-18T00:00:00+00:00
goodreads_shannon,book_122ff1aa00ff06b4,work_5d6322617ead0089,1,to_read,exposure_only,exposure,False,False,False,True,True,False,False,0,0,0,1,1,0,0,0.0,
goodreads_shannon,book_123b989a199e2405,work_d9550ea9915e6aea,1,to_read,exposure_only,exposure,False,False,False,True,True,False,False,0,0,0,1,1,0,0,0.0,
goodreads_shannon,book_123deebbf63faff0,work_0f4a1fe6fec8b7f7,1,to_read,exposure_only,exposure,False,False,False,True,True,False,False,0,0,0,1,1,0,0,0.0,
goodreads_shannon,book_1244e216fed22593,work_8ca91d756209c21d,1,currently_reading,exposure_only,exposure,False,False,False,True,False,True,False,0,0,0,1,0,1,0,0.0,
goodreads_shannon,book_126ede1d21ab1ab0,work_9699d847a6c532fb,1,read,positive,strong,True,True,False,False,False,False,False,1,1,0,0,0,0,0,3.0,2026-07-29T00:00:00+00:00
goodreads_shannon,book_127409f62af6ae74,work_f8875f62c51af442,1,read,negative,negative,True,False,True,False,False,False,False,1,0,1,0,0,0,0,2.0,2020-12-09T00:00:00+00:00
goodreads_shannon,book_12750e8e69eabcf8,work_825178fae01bddcf,1,read,positive,strong,True,True,False,False,False,False,False,1,1,0,0,0,0,0,5.0,2022-01-01T00:00:00+00:00
goodreads_shannon,book_12985e93d8732efa,work_78ed1536e62f5ea0,1,read,positive,strong,True,True,False,False,False,False,False,1,1,0,0,0,0,0,3.0,2023-09-29T00:00:00+00:00
goodreads_shannon,book_12a5092f83f136ad,work_1f1e729aab723a1a,1,read,positive,strong,True,True,False,False,False,False,False,1,1,0,0,0,0,0,5.0,2026-04-30T00:00:00+00:00
goodreads_shannon,book_13207ce88b3525b7,work_02fe9c3df7c0259f,1,read,positive,strong,True,True,False,False,False,False,False,1,1,0,0,0,0,0,4.0,2023-09-06T00:00:00+00:00
goodreads_shannon,book_132c64e9681952cb,work_e4c8964c1830f8a2,1,to_read,exposure_only,exposure,False,False,False,True,True,False,False,0,0,0,1,1,0,0,0.0,
goodreads_shannon,book_132d1ac689e3d3b7,work_dda3c37065bfa39b,1,read,positive,strong,True,True,False,False,False,False,False,1,1,0,0,0,0,0,5.0,2019-06-29T00:00:00+00:00
goodreads_shannon,book_13615b9e62e2ba32,work_c9d53d985627b9b5,2,to_read,exposure_only,exposure,False,False,False,True,True,False,False,0,0,0,2,2,0,0,0.0,
goodreads_shannon,book_13c41692e9d2bce0,work_addddee29ff846bd,1,to_read,exposure_only,exposure,False,False,False,True,True,False,False,0,0,0,1,1,0,0,0.0,
goodreads_shannon,book_13c9967a8114c021,work_18f47e294e7e599e,1,read,positive,strong,True,True,False,False,False,False,False,1,1,0,0,0,0,0,4.0,2024-09-09T00:00:00+00:00
goodreads_shannon,book_13da1624c2c88cc5,work_4a781542597fa5d0,1,to_read,exposure_only,exposure,False,False,False,True,True,False,False,0,0,0,1,1,0,0,0.0,
goodreads_shannon,book_13fafb9586f3c357,work_4007251610983e1a,1,to_read,exposure_only,exposure,False,False,False,True,True,False,False,0,0,0,1,1,0,0,0.0,
goodreads_shannon,book_141eda1c3ac26b0b,work_f40e7db30d0a6eb9,1,to_read,exposure_only,exposure,False,False,False,True,True,False,False,0,0,0,1,1,0,0,0.0,
goodreads_shannon,book_14237994881b573b,work_edf5fc4adc1e1c8f,1,read,positive,strong,True,True,False,False,False,False,False,1,1,0,0,0,0,0,4.0,2022-02-02T00:00:00+00:00
goodreads_shannon,book_14d14fe2bf66d8e8,work_88b8431d2746293f,2,to_read,exposure_only,exposure,False,False,False,True,True,False,False,0,0,0,2,2,0,0,0.0,
goodreads_shannon,book_14d1c49c035ee1b1,work_8859cdffb02cac85,1,to_read,exposure_only,exposure,False,False,False,True,True,False,False,0,0,0,1,1,0,0,0.0,
goodreads_shannon,book_14df3cb15cc56ec5,work_68de4704d0fab790,1,read,negative,negative,True,False,True,False,False,False,False,1,0,1,0,0,0,0,2.0,2021-09-28T00:00:00+00:00
goodreads_shannon,book_14efb629372409c4,work_b66ef654a73cd2e0,1,to_read,exposure_only,exposure,False,False,False,True,True,False,False,0,0,0,1,1,0,0,0.0,
goodreads_shannon,book_150df1e99bc73021,work_d019354b03165a0f,1,read,positive,strong,True,True,False,False,False,False,False,1,1,0,0,0,0,0,4.0,2025-05-05T00:00:00+00:00
goodreads_shannon,book_15232cd598ed4e5e,work_2ca542316529266a,1,read,positive,strong,True,True,False,False,False,False,False,1,1,0,0,0,0,0,4.0,2021-03-22T00:00:00+00:00
goodreads_shannon,book_1558fd02b2eb826c,work_86c72acac7ae9b14,1,to_read,exposure_only,exposure,False,False,False,True,True,False,False,0,0,0,1,1,0,0,0.0,
goodreads_shannon,book_1570f91af68df341,work_d645918638a6f417,1,to_read,exposure_only,exposure,False,False,False,True,True,False,False,0,0,0,1,1,0,0,0.0,
goodreads_shannon,book_1602aa7aa0a0d523,work_7974dfe0e00000bc,1,to_read,exposure_only,exposure,False,False,False,True,True,False,False,0,0,0,1,1,0,0,0.0,
goodreads_shannon,book_1603e89892336d3b,work_8c6bbac74cc39c7e,1,to_read,exposure_only,exposure,False,False,False,True,True,False,False,0,0,0,1,1,0,0,0.0,
goodreads_shannon,book_16d62048152b5e42,work_29d285e762cce667,1,read,positive,strong,True,True,False,False,False,False,False,1,1,0,0,0,0,0,5.0,2026-02-09T00:00:00+00:00
goodreads_shannon,book_16edbc762a93e00f,work_96e91b057281d419,1,read,positive,strong,True,True,False,False,False,False,False,1,1,0,0,0,0,0,5.0,2024-01-25T00:00:00+00:00
goodreads_shannon,book_17316f07d9745b5d,work_535e3cebd5fc2905,1,to_read,exposure_only,exposure,False,False,False,True,True,False,False,0,0,0,1,1,0,0,0.0,
goodreads_shannon,book_174c88a5f5f6a6fa,work_3f1d1498af125cdb,1,to_read,exposure_only,exposure,False,False,False,True,True,False,False,0,0,0,1,1,0,0,0.0,
goodreads_shannon,book_174f4f9e54b0daa9,work_e23d19e6ce038ff5,1,read,positive,strong,True,True,False,False,False,False,False,1,1,0,0,0,0,0,3.0,
goodreads_shannon,book_178e1edb31c61e73,work_c1d903c84aafa3e0,1,to_read,exposure_only,exposure,False,False,False,True,True,False,False,0,0,0,1,1,0,0,0.0,
goodreads_shannon,book_179513d0a527a2d6,work_63daf70fe412a0ef,1,read,positive,strong,True,True,False,False,False,False,False,1,1,0,0,0,0,0,4.0,2018-06-14T00:00:00+00:00
goodreads_shannon,book_17ce3a678f1fce02,work_1c435fb4767e26da,1,read,positive,strong,True,True,False,False,False,False,False,1,1,0,0,0,0,0,3.0,2026-06-21T00:00:00+00:00
goodreads_shannon,book_17e4f5f43db025b5,work_ad4083c589dddb7d,1,to_read,exposure_only,exposure,False,False,False,True,True,False,False,0,0,0,1,1,0,0,0.0,
goodreads_shannon,book_17f852183a095600,work_341770a4054eb1f4,1,to_read,exposure_only,exposure,False,False,False,True,True,False,False,0,0,0,1,1,0,0,0.0,
goodreads_shannon,book_1828fccc4e39b9e7,work_610c9683517c393d,1,to_read,exposure_only,exposure,False,False,False,True,True,False,False,0,0,0,1,1,0,0,0.0,
goodreads_shannon,book_185a2909ed3965b6,work_57eeb168bf105b7f,1,read,positive,strong,True,True,False,False,False,False,False,1,1,0,0,0,0,0,3.0,2023-02-16T00:00:00+00:00
goodreads_shannon,book_18640e893c5d3557,work_9fd87a9a816b320c,1,read,positive,strong,True,True,False,False,False,False,False,1,1,0,0,0,0,0,5.0,2020-04-06T00:00:00+00:00
goodreads_shannon,book_18b6d80cc98093c1,work_9c8d7ddd2957ec81,1,to_read,exposure_only,exposure,False,False,False,True,True,False,False,0,0,0,1,1,0,0,0.0,
goodreads_shannon,book_18beef02f80851da,work_61e4ed2f02167873,1,to_read,exposure_only,exposure,False,False,False,True,True,False,False,0,0,0,1,1,0,0,0.0,
goodreads_shannon,book_18c7b92609b802ac,work_d1596a5fef77a320,1,read,positive,strong,True,True,False,False,False,False,False,1,1,0,0,0,0,0,3.0,2024-01-08T00:00:00+00:00
goodreads_shannon,book_18d0b42739bf9c8c,work_eea26b162997eb6c,1,to_read,exposure_only,exposure,False,False,False,True,True,False,False,0,0,0,1,1,0,0,0.0,
goodreads_shannon,book_18e2fd2e12b7793b,work_4b84556c8aeec5bd,1,to_read,exposure_only,exposure,False,False,False,True,True,False,False,0,0,0,1,1,0,0,0.0,
goodreads_shannon,book_18fa8253153173e6,work_0086dfcdf8c396b4,1,read,positive,strong,True,True,False,False,False,False,False,1,1,0,0,0,0,0,5.0,
goodreads_shannon,book_197af603865964d9,work_f979c03861c934a0,1,to_read,exposure_only,exposure,False,False,False,True,True,False,False,0,0,0,1,1,0,0,0.0,
goodreads_shannon,book_19a132f0196d3c2d,work_c0877ec597bf9f6b,1,to_read,exposure_only,exposure,False,False,False,True,True,False,False,0,0,0,1,1,0,0,0.0,
goodreads_shannon,book_19c621888f336ee6,work_adb0e83ff930e7a8,1,to_read,exposure_only,exposure,False,False,False,True,True,False,False,0,0,0,1,1,0,0,0.0,
goodreads_shannon,book_19dd863c0afbd875,work_d293bfd26a58f89d,1,to_read,exposure_only,exposure,False,False,False,True,True,False,False,0,0,0,1,1,0,0,0.0,
goodreads_shannon,book_19eaf0f1080d3153,work_f03a85d15f26ccb3,1,read,positive,strong,True,True,False,False,False,False,False,1,1,0,0,0,0,0,5.0,2021-10-01T00:00:00+00:00
goodreads_shannon,book_1a5d50c255dd4013,work_db83698c387fa15b,1,read,positive,strong,True,True,False,False,False,False,False,1,1,0,0,0,0,0,3.0,2022-09-19T00:00:00+00:00
goodreads_shannon,book_1a93f13983228597,work_d271edb8a43f3e8e,1,read,positive,strong,True,True,False,False,False,False,False,1,1,0,0,0,0,0,4.0,2020-09-28T00:00:00+00:00
goodreads_shannon,book_1ab53c622945e563,work_0579117bf68a4549,1,to_read,exposure_only,exposure,False,False,False,True,True,False,False,0,0,0,1,1,0,0,0.0,
goodreads_shannon,book_1ab9fe205b15befb,work_d66306cc19ba51c1,1,read,positive,strong,True,True,False,False,False,False,False,1,1,0,0,0,0,0,4.0,
goodreads_shannon,book_1ad3c52f4daadb07,work_146a70d622608a6b,1,to_read,exposure_only,exposure,False,False,False,True,True,False,False,0,0,0,1,1,0,0,0.0,
goodreads_shannon,book_1af28b390344df35,work_cbaf26a616d947e5,1,read,positive,strong,True,True,False,False,False,False,False,1,1,0,0,0,0,0,4.0,2017-01-09T00:00:00+00:00
goodreads_shannon,book_1b33a7726ae7062e,work_2a809c6039933036,1,to_read,exposure_only,exposure,False,False,False,True,True,False,False,0,0,0,1,1,0,0,0.0,
goodreads_shannon,book_1b4891d054508f0e,work_9699a9a77ce55132,1,to_read,exposure_only,exposure,False,False,False,True,True,False,False,0,0,0,1,1,0,0,0.0,
goodreads_shannon,book_1b7a3ba6e22eb2c1,work_431947bf8a514793,1,to_read,exposure_only,exposure,False,False,False,True,True,False,False,0,0,0,1,1,0,0,0.0,
goodreads_shannon,book_1bab8e5ee0e26434,work_818cdac5a8fc8e20,1,to_read,exposure_only,exposure,False,False,False,True,True,False,False,0,0,0,1,1,0,0,0.0,
goodreads_shannon,book_1beca72c2fb63974,work_306c91a3c367933a,1,read,positive,strong,True,True,False,False,False,False,False,1,1,0,0,0,0,0,4.0,2026-05-02T00:00:00+00:00
goodreads_shannon,book_1bf80273814d1d85,work_9b27cf2b51c36b22,1,to_read,exposure_only,exposure,False,False,False,True,True,False,False,0,0,0,1,1,0,0,0.0,
goodreads_shannon,book_1c5764d446982401,work_18be8e9c6ab0ff6d,1,to_read,exposure_only,exposure,False,False,False,True,True,False,False,0,0,0,1,1,0,0,0.0,
goodreads_shannon,book_1c7e7b767cf03ef8,work_75f7e5a5b5826fcf,1,to_read,exposure_only,exposure,False,False,False,True,True,False,False,0,0,0,1,1,0,0,0.0,
goodreads_shannon,book_1c885ff7ee24b506,work_3e6fca79bdc5aafb,1,read,positive,strong,True,True,False,False,False,False,False,1,1,0,0,0,0,0,4.0,
goodreads_shannon,book_1cc10df5d52f267a,work_0cdfa3687c2a19af,1,to_read,exposure_only,exposure,False,False,False,True,True,False,False,0,0,0,1,1,0,0,0.0,
goodreads_shannon,book_1cc31ada215773bd,work_21a378e1c67c79e4,1,to_read,exposure_only,exposure,False,False,False,True,True,False,False,0,0,0,1,1,0,0,0.0,
goodreads_shannon,book_1ce7c573a25ae2a4,work_5c2e8c64319c551a,1,read,positive,strong,True,True,False,False,False,False,False,1,1,0,0,0,0,0,4.0,2019-03-16T00:00:00+00:00
goodreads_shannon,book_1d02e012558eebb8,work_250b2a481e924c65,1,unknown,unknown,unknown,False,False,False,False,False,False,False,0,0,0,0,0,0,0,0.0,
goodreads_shannon,book_1d458c6948f18288,work_306b8312a65c15b9,1,to_read,exposure_only,exposure,False,False,False,True,True,False,False,0,0,0,1,1,0,0,0.0,
goodreads_shannon,book_1d4f3d4df5a7b5ae,work_1a199fd6b83b977a,1,read,positive,strong,True,True,False,False,False,False,False,1,1,0,0,0,0,0,5.0,2019-12-16T00:00:00+00:00
goodreads_shannon,book_1d5870d7baf098de,work_3c1a7d1c8340d3ed,1,read,positive,strong,True,True,False,False,False,False,False,1,1,0,0,0,0,0,3.0,2023-01-06T00:00:00+00:00
goodreads_shannon,book_1d75daec74527bde,work_8d47240caa209ac0,1,to_read,exposure_only,exposure,False,False,False,True,True,False,False,0,0,0,1,1,0,0,0.0,
goodreads_shannon,book_1d82ce1d3113c812,work_2c1eff7314018c8e,1,to_read,exposure_only,exposure,False,False,False,True,True,False,False,0,0,0,1,1,0,0,0.0,
goodreads_shannon,book_1da0ac8280b08779,work_f181ce8a250390bd,1,to_read,exposure_only,exposure,False,False,False,True,True,False,False,0,0,0,1,1,0,0,0.0,
goodreads_shannon,book_1de9809070bc6401,work_00aec755c071d811,1,to_read,exposure_only,exposure,False,False,False,True,True,False,False,0,0,0,1,1,0,0,0.0,
goodreads_shannon,book_1dede51e01276f01,work_294c1cfd29ffd7a8,1,read,positive,strong,True,True,False,False,False,False,False,1,1,0,0,0,0,0,4.0,2012-11-26T00:00:00+00:00
goodreads_shannon,book_1e173614d3b8111b,work_6608b1e3245dfc0b,1,to_read,exposure_only,exposure,False,False,False,True,True,False,False,0,0,0,1,1,0,0,0.0,
goodreads_shannon,book_1e1b52f743881e3d,work_73d6826feda74fcb,1,to_read,exposure_only,exposure,False,False,False,True,True,False,False,0,0,0,1,1,0,0,0.0,
goodreads_shannon,book_1e3dadfc027e8da2,work_9b4e792d00ed66fd,1,read,positive,strong,True,True,False,False,False,False,False,1,1,0,0,0,0,0,5.0,
goodreads_shannon,book_1e65d89909f8db41,work_dbe839c6c8aac35e,1,to_read,exposure_only,exposure,False,False,False,True,True,False,False,0,0,0,1,1,0,0,0.0,
goodreads_shannon,book_1e7ba0abbd937510,work_823052d198797cd9,1,to_read,exposure_only,exposure,False,False,False,True,True,False,False,0,0,0,1,1,0,0,0.0,
goodreads_shannon,book_1e83fbaafefe0906,work_7bd7388ec9d3891f,1,read,positive,strong,True,True,False,False,False,False,False,1,1,0,0,0,0,0,5.0,2023-11-14T00:00:00+00:00
goodreads_shannon,book_1e95ff167ba8ea18,work_f5b06fcc171dc353,1,to_read,exposure_only,exposure,False,False,False,True,True,False,False,0,0,0,1,1,0,0,0.0,
goodreads_shannon,book_1e9e486c31b30647,work_f4caa13cd1d99d49,1,read,positive,strong,True,True,False,False,False,False,False,1,1,0,0,0,0,0,4.0,2020-03-02T00:00:00+00:00
goodreads_shannon,book_1ea9d5fccef2e0c2,work_42f7dbeb6968e8df,1,to_read,exposure_only,exposure,False,False,False,True,True,False,False,0,0,0,1,1,0,0,0.0,
goodreads_shannon,book_1ef72dbad0bf0ab2,work_bb8b1b96b6acd302,1,read,positive,strong,True,True,False,False,False,False,False,1,1,0,0,0,0,0,3.0,2022-07-17T00:00:00+00:00
goodreads_shannon,book_1f2efc4ff33bfe59,work_036b25e1290a69d4,1,read,positive,strong,True,True,False,False,False,False,False,1,1,0,0,0,0,0,3.0,2026-03-30T00:00:00+00:00
goodreads_shannon,book_1f5055e590084dab,work_1b47cdaa1a5794b0,1,read,positive,strong,True,True,False,False,False,False,False,1,1,0,0,0,0,0,5.0,2020-05-15T00:00:00+00:00
goodreads_shannon,book_1f54efb2360640f3,work_c0c315688433d9f6,1,to_read,exposure_only,exposure,False,False,False,True,True,False,False,0,0,0,1,1,0,0,0.0,
goodreads_shannon,book_1f7b165c8e5986e2,work_1533eba7b007aef5,1,to_read,exposure_only,exposure,False,False,False,True,True,False,False,0,0,0,1,1,0,0,0.0,
goodreads_shannon,book_1f9e9d3b864bb738,work_6be5a7d3d70bf40b,1,read,positive,strong,True,True,False,False,False,False,False,1,1,0,0,0,0,0,3.0,
goodreads_shannon,book_1fd429b208cfb141,work_27bd947e95b64d97,1,read,positive,strong,True,True,False,False,False,False,False,1,1,0,0,0,0,0,4.0,2022-12-17T00:00:00+00:00
goodreads_shannon,book_1ff31ede7622cd73,work_4997c1b6d5222409,1,to_read,exposure_only,exposure,False,False,False,True,True,False,False,0,0,0,1,1,0,0,0.0,
goodreads_shannon,book_20602ecb11295cba,work_01a0ea6647e0aa65,1,read,positive,strong,True,True,False,False,False,False,False,1,1,0,0,0,0,0,3.0,2023-07-25T00:00:00+00:00
goodreads_shannon,book_207fff98031cbd6b,work_8c0207f9e85e711e,1,to_read,exposure_only,exposure,False,False,False,True,True,False,False,0,0,0,1,1,0,0,0.0,
goodreads_shannon,book_20c735cbc719eefd,work_7c68c26674fbf588,1,read,positive,strong,True,True,False,False,False,False,False,1,1,0,0,0,0,0,4.0,2023-09-17T00:00:00+00:00
goodreads_shannon,book_20d6d0bca8a46f6d,work_39b35d85af622bcd,1,to_read,exposure_only,exposure,False,False,False,True,True,False,False,0,0,0,1,1,0,0,0.0,
goodreads_shannon,book_20d96cf809caf4aa,work_456346f0d84afd94,1,read,positive,strong,True,True,False,False,False,False,False,1,1,0,0,0,0,0,4.0,2020-12-04T00:00:00+00:00
goodreads_shannon,book_20e18c1c19cea424,work_1f9bbe12d7d09f36,1,to_read,exposure_only,exposure,False,False,False,True,True,False,False,0,0,0,1,1,0,0,0.0,
goodreads_shannon,book_20ef35082871af9f,work_1d8f0e4d65b816bd,1,to_read,exposure_only,exposure,False,False,False,True,True,False,False,0,0,0,1,1,0,0,0.0,
goodreads_shannon,book_21274ef00cdf91e7,work_ba464953e4b9f412,1,read,negative,negative,True,False,True,False,False,False,False,1,0,1,0,0,0,0,2.0,2023-08-24T00:00:00+00:00
goodreads_shannon,book_214115f6e31899c0,work_e886151ba8543471,1,read,positive,strong,True,True,False,False,False,False,False,1,1,0,0,0,0,0,3.0,2019-12-27T00:00:00+00:00
goodreads_shannon,book_2161ccd9d4f3052d,work_f83e75fb7486da9e,1,to_read,exposure_only,exposure,False,False,False,True,True,False,False,0,0,0,1,1,0,0,0.0,
goodreads_shannon,book_21740098c4258ac7,work_3bf674a7723585cc,1,currently_reading,exposure_only,exposure,False,False,False,True,False,True,False,0,0,0,1,0,1,0,0.0,
goodreads_shannon,book_21d9877bb0e60449,work_b1a07560e8a5b5a8,1,to_read,exposure_only,exposure,False,False,False,True,True,False,False,0,0,0,1,1,0,0,0.0,
goodreads_shannon,book_224edae3b020f02e,work_7355ecbfb7170dd9,2,to_read,exposure_only,exposure,False,False,False,True,True,False,False,0,0,0,2,2,0,0,0.0,
goodreads_shannon,book_2295bc4efb989170,work_98f9b0528e336509,1,read,positive,strong,True,True,False,False,False,False,False,1,1,0,0,0,0,0,3.0,2025-01-05T00:00:00+00:00
goodreads_shannon,book_22a866d2f4924361,work_f20ec35207a04ff9,1,to_read,exposure_only,exposure,False,False,False,True,True,False,False,0,0,0,1,1,0,0,0.0,
goodreads_shannon,book_22b9a25d09334219,work_181ed8618935811a,1,read,positive,strong,True,True,False,False,False,False,False,1,1,0,0,0,0,0,5.0,2026-05-28T00:00:00+00:00
goodreads_shannon,book_22c3eba4aa7abdd8,work_809715f750791fd8,1,to_read,exposure_only,exposure,False,False,False,True,True,False,False,0,0,0,1,1,0,0,0.0,
goodreads_shannon,book_230868b59796b3d5,work_f669d73383bd556f,1,to_read,exposure_only,exposure,False,False,False,True,True,False,False,0,0,0,1,1,0,0,0.0,
goodreads_shannon,book_23175a72c30da6aa,work_fe8bfdd62028dd45,1,to_read,exposure_only,exposure,False,False,False,True,True,False,False,0,0,0,1,1,0,0,0.0,
goodreads_shannon,book_234acc7789066f26,work_718e1a352dbdd7e9,1,read,negative,negative,True,False,True,False,False,False,False,1,0,1,0,0,0,0,2.0,2019-03-22T00:00:00+00:00
goodreads_shannon,book_235af2e9d0698db2,work_f28d003513ce344a,1,to_read,exposure_only,exposure,False,False,False,True,True,False,False,0,0,0,1,1,0,0,0.0,
goodreads_shannon,book_237a351a52904079,work_5583c09b745e4d14,1,read,positive,strong,True,True,False,False,False,False,False,1,1,0,0,0,0,0,4.0,2022-09-11T00:00:00+00:00
goodreads_shannon,book_23b2b73eae7164e6,work_a35152c75577274e,1,read,positive,strong,True,True,False,False,False,False,False,1,1,0,0,0,0,0,5.0,
goodreads_shannon,book_24191ad9e7c2d485,work_bb0eab406958c8b0,1,read,positive,strong,True,True,False,False,False,False,False,1,1,0,0,0,0,0,4.0,2026-01-22T00:00:00+00:00
goodreads_shannon,book_242b0065d927a8b4,work_295de98d2b39ab1b,1,read,positive,strong,True,True,False,False,False,False,False,1,1,0,0,0,0,0,4.0,2020-10-16T00:00:00+00:00
goodreads_shannon,book_24910a48933d8980,work_39d85bac94533a3c,1,to_read,exposure_only,exposure,False,False,False,True,True,False,False,0,0,0,1,1,0,0,0.0,
goodreads_shannon,book_249b0743c7293dc3,work_819f72f32650856e,1,to_read,exposure_only,exposure,False,False,False,True,True,False,False,0,0,0,1,1,0,0,0.0,
goodreads_shannon,book_24d9239440916228,work_86251e601e440740,1,to_read,exposure_only,exposure,False,False,False,True,True,False,False,0,0,0,1,1,0,0,0.0,
goodreads_shannon,book_24e5d4eedb561524,work_6cef81770ce53ac0,1,to_read,exposure_only,exposure,False,False,False,True,True,False,False,0,0,0,1,1,0,0,0.0,
goodreads_shannon,book_2508381dbe151145,work_232872c6096cd5ba,1,to_read,exposure_only,exposure,False,False,False,True,True,False,False,0,0,0,1,1,0,0,0.0,
goodreads_shannon,book_252f53617bd2198f,work_0a29b5050f1741ee,1,read,positive,strong,True,True,False,False,False,False,False,1,1,0,0,0,0,0,4.0,
goodreads_shannon,book_2535a957e3291d41,work_194ee221715c5412,1,to_read,exposure_only,exposure,False,False,False,True,True,False,False,0,0,0,1,1,0,0,0.0,
goodreads_shannon,book_2558fb0e2cb80bab,work_1679b846d45edad2,1,to_read,exposure_only,exposure,False,False,False,True,True,False,False,0,0,0,1,1,0,0,0.0,
goodreads_shannon,book_255a1d3e00479766,work_6b4cc466b1cc493b,2,to_read,exposure_only,exposure,False,False,False,True,True,False,False,0,0,0,1,1,0,0,0.0,
goodreads_shannon,book_259c2f442d407dea,work_a9667db3c3f140da,1,read,positive,strong,True,True,False,False,False,False,False,1,1,0,0,0,0,0,5.0,2022-04-14T00:00:00+00:00
goodreads_shannon,book_259e1be37b7f9735,work_0a7e1747753a9b5d,1,read,positive,strong,True,True,False,False,False,False,False,1,1,0,0,0,0,0,3.0,2021-01-19T00:00:00+00:00
goodreads_shannon,book_25d86aa3b8dc6f17,work_356db6ce420b2354,1,to_read,exposure_only,exposure,False,False,False,True,True,False,False,0,0,0,1,1,0,0,0.0,
goodreads_shannon,book_25e23d1df6409a30,work_3d30bd9db7f0c935,1,read,positive,strong,True,True,False,False,False,False,False,1,1,0,0,0,0,0,3.0,2020-10-11T00:00:00+00:00
goodreads_shannon,book_25e481dd406dfc40,work_72d8af0e27ba8d78,1,read,positive,strong,True,True,False,False,False,False,False,1,1,0,0,0,0,0,3.0,2023-03-31T00:00:00+00:00
goodreads_shannon,book_26502e77d14e7e2e,work_a8fca475976fecb6,1,read,positive,strong,True,True,False,False,False,False,False,1,1,0,0,0,0,0,4.0,
goodreads_shannon,book_2681b9f01017a8ca,work_79266890a22be0c9,1,to_read,exposure_only,exposure,False,False,False,True,True,False,False,0,0,0,1,1,0,0,0.0,
goodreads_shannon,book_2695af1a0dcf613e,work_3a818e7daa339d76,1,read,positive,strong,True,True,False,False,False,False,False,1,1,0,0,0,0,0,3.0,2024-08-25T00:00:00+00:00
goodreads_shannon,book_26c45446d2b85ad8,work_7ca54e7fa339b5ba,1,read,positive,strong,True,True,False,False,False,False,False,1,1,0,0,0,0,0,5.0,2022-04-09T00:00:00+00:00
goodreads_shannon,book_26c5ed6e8badf46e,work_98585ab8181cbcb3,1,to_read,exposure_only,exposure,False,False,False,True,True,False,False,0,0,0,1,1,0,0,0.0,
goodreads_shannon,book_26f1e526553724c6,work_30be7206e43d2ef8,1,to_read,exposure_only,exposure,False,False,False,True,True,False,False,0,0,0,1,1,0,0,0.0,
goodreads_shannon,book_276f80d1a72dbdb7,work_cb9bc594cbfc7bf2,1,read,positive,strong,True,True,False,False,False,False,False,1,1,0,0,0,0,0,5.0,2026-06-03T00:00:00+00:00
goodreads_shannon,book_2794da8e46c683c1,work_0b8475939efe6bbd,1,to_read,exposure_only,exposure,False,False,False,True,True,False,False,0,0,0,1,1,0,0,0.0,
goodreads_shannon,book_27ae8daeaa85abd6,work_2b60e84d5f29e1b4,1,to_read,exposure_only,exposure,False,False,False,True,True,False,False,0,0,0,1,1,0,0,0.0,
goodreads_shannon,book_27b21b0cba586166,work_11d518587428c695,1,currently_reading,exposure_only,exposure,False,False,False,True,False,True,False,0,0,0,1,0,1,0,0.0,
goodreads_shannon,book_27e029c037312654,work_fcd91d9df1370185,1,to_read,exposure_only,exposure,False,False,False,True,True,False,False,0,0,0,1,1,0,0,0.0,
goodreads_shannon,book_27e3c2df4e175557,work_8674439d9ee93687,1,to_read,exposure_only,exposure,False,False,False,True,True,False,False,0,0,0,1,1,0,0,0.0,
goodreads_shannon,book_27ef128443f3f5c2,work_0621c8e0f67b0e0a,1,read,positive,strong,True,True,False,False,False,False,False,1,1,0,0,0,0,0,3.0,2024-10-27T00:00:00+00:00
goodreads_shannon,book_280739a452c7816e,work_67adc92e38012268,1,read,positive,strong,True,True,False,False,False,False,False,1,1,0,0,0,0,0,4.0,
goodreads_shannon,book_2818c8fc0e1fe050,work_92a517646f24fad0,2,to_read,exposure_only,exposure,False,False,False,True,True,False,False,0,0,0,2,2,0,0,0.0,
goodreads_shannon,book_281b55269ebcd41f,work_bacb95b62459b042,1,to_read,exposure_only,exposure,False,False,False,True,True,False,False,0,0,0,1,1,0,0,0.0,
goodreads_shannon,book_296127a471dbf25f,work_ea38aac72e6d4dc7,1,read,positive,strong,True,True,False,False,False,False,False,1,1,0,0,0,0,0,4.0,2020-10-15T00:00:00+00:00
goodreads_shannon,book_297380d3c522f0e9,work_8ca09952541fedbe,1,read,positive,strong,True,True,False,False,False,False,False,1,1,0,0,0,0,0,5.0,2024-03-04T00:00:00+00:00
goodreads_shannon,book_299e0e3cd4675cbf,work_b480ba0c22341ce5,1,to_read,exposure_only,exposure,False,False,False,True,True,False,False,0,0,0,1,1,0,0,0.0,
goodreads_shannon,book_29f970fb83114b8f,work_91a293bc12142f9d,1,to_read,exposure_only,exposure,False,False,False,True,True,False,False,0,0,0,1,1,0,0,0.0,
goodreads_shannon,book_2a32b26d35e0cf21,work_371737e329282366,1,to_read,exposure_only,exposure,False,False,False,True,True,False,False,0,0,0,1,1,0,0,0.0,
goodreads_shannon,book_2a61c423f7b6de3a,work_c3b33f149be1f9c9,1,to_read,exposure_only,exposure,False,False,False,True,True,False,False,0,0,0,1,1,0,0,0.0,
goodreads_shannon,book_2a6710a4eb186a0b,work_bf71703b91ce7006,1,to_read,exposure_only,exposure,False,False,False,True,True,False,False,0,0,0,1,1,0,0,0.0,
goodreads_shannon,book_2ad8cd134979eadc,work_c725169e2618ac06,1,to_read,exposure_only,exposure,False,False,False,True,True,False,False,0,0,0,1,1,0,0,0.0,
goodreads_shannon,book_2af18c631d83c973,work_c2918807b8b0b4d7,1,to_read,exposure_only,exposure,False,False,False,True,True,False,False,0,0,0,1,1,0,0,0.0,
goodreads_shannon,book_2b08fcaf062cc5c4,work_f78906a67d210119,1,to_read,exposure_only,exposure,False,False,False,True,True,False,False,0,0,0,1,1,0,0,0.0,
goodreads_shannon,book_2b09eb5d5744d362,work_17684e2f423c2ceb,1,read,positive,strong,True,True,False,False,False,False,False,1,1,0,0,0,0,0,3.0,2021-01-13T00:00:00+00:00
goodreads_shannon,book_2b281e6536de8beb,work_50a05d563eb9cc62,1,read,positive,strong,True,True,False,False,False,False,False,1,1,0,0,0,0,0,5.0,2026-09-15T00:00:00+00:00
goodreads_shannon,book_2b39f852daf04195,work_bc8bafdacbb53a9e,1,read,positive,strong,True,True,False,False,False,False,False,1,1,0,0,0,0,0,4.0,2023-01-10T00:00:00+00:00
goodreads_shannon,book_2b3c09667794edf5,work_8b3fec47b8343de6,1,to_read,exposure_only,exposure,False,False,False,True,True,False,False,0,0,0,1,1,0,0,0.0,
goodreads_shannon,book_2b44e7dd6dd0c700,work_fdc950918c2ff9eb,1,read,positive,strong,True,True,False,False,False,False,False,1,1,0,0,0,0,0,4.0,2020-03-29T00:00:00+00:00
goodreads_shannon,book_2b62706ebf5ba6d2,work_d039be2413541c3b,1,read,positive,strong,True,True,False,False,False,False,False,1,1,0,0,0,0,0,3.0,2024-03-20T00:00:00+00:00
goodreads_shannon,book_2b8a216b548ba818,work_58c358d115d06d8a,1,to_read,exposure_only,exposure,False,False,False,True,True,False,False,0,0,0,1,1,0,0,0.0,
goodreads_shannon,book_2b8c06656979afd1,work_ee719650938b7719,1,read,positive,strong,True,True,False,False,False,False,False,1,1,0,0,0,0,0,5.0,
goodreads_shannon,book_2bd5821dbecd5282,work_becbbf8dc81ac4d4,1,read,positive,strong,True,True,False,False,False,False,False,1,1,0,0,0,0,0,4.0,2020-10-07T00:00:00+00:00
goodreads_shannon,book_2be5f4f97fa30d3c,work_126c370f3f8bf02a,1,to_read,exposure_only,exposure,False,False,False,True,True,False,False,0,0,0,1,1,0,0,0.0,
goodreads_shannon,book_2c0227e5d9f1cbfb,work_0f253469c0da870c,1,read,positive,strong,True,True,False,False,False,False,False,1,1,0,0,0,0,0,4.0,
goodreads_shannon,book_2c1f3355bcde0958,work_a9c2f3a73d49e050,1,read,positive,strong,True,True,False,False,False,False,False,1,1,0,0,0,0,0,3.0,2021-08-21T00:00:00+00:00
goodreads_shannon,book_2c8f5e440aa42552,work_bef1191c3a7213d3,2,to_read,exposure_only,exposure,False,False,False,True,True,False,False,0,0,0,2,2,0,0,0.0,
goodreads_shannon,book_2caab99cf10ebdd3,work_c23c899bd88449d9,1,to_read,exposure_only,exposure,False,False,False,True,True,False,False,0,0,0,1,1,0,0,0.0,
goodreads_shannon,book_2cdea2a4554b6af7,work_76fe52e7bae42ee9,1,read,positive,strong,True,True,False,False,False,False,False,1,1,0,0,0,0,0,4.0,
goodreads_shannon,book_2d174aee86ff7cff,work_4c5dd5ca0b70f8c7,1,read,positive,strong,True,True,False,False,False,False,False,1,1,0,0,0,0,0,5.0,
goodreads_shannon,book_2d43691138a71668,work_383895fa0b10cbdc,1,to_read,exposure_only,exposure,False,False,False,True,True,False,False,0,0,0,1,1,0,0,0.0,
goodreads_shannon,book_2d5d62a9db021a48,work_2a878971219b72c1,1,to_read,exposure_only,exposure,False,False,False,True,True,False,False,0,0,0,1,1,0,0,0.0,
goodreads_shannon,book_2d5ff8b32ff102ae,work_99c9b5938a8c081b,1,read,positive,strong,True,True,False,False,False,False,False,1,1,0,0,0,0,0,4.0,2012-11-21T00:00:00+00:00
goodreads_shannon,book_2d94aaa59d031bf3,work_9bb753f219daa437,1,to_read,exposure_only,exposure,False,False,False,True,True,False,False,0,0,0,1,1,0,0,0.0,
goodreads_shannon,book_2da58e932c4981a0,work_955f50869e50e3f7,1,to_read,exposure_only,exposure,False,False,False,True,True,False,False,0,0,0,1,1,0,0,0.0,
goodreads_shannon,book_2ddcdf5f6d65be69,work_f73058b016118492,1,to_read,exposure_only,exposure,False,False,False,True,True,False,False,0,0,0,1,1,0,0,0.0,
goodreads_shannon,book_2ded543a2c17a9f3,work_05acc403775da42e,1,read,positive,strong,True,True,False,False,False,False,False,1,1,0,0,0,0,0,3.0,2019-11-24T00:00:00+00:00
goodreads_shannon,book_2e22e9aaf6ae14d0,work_8d21e4bab524a235,1,read,positive,strong,True,True,False,False,False,False,False,1,1,0,0,0,0,0,5.0,2021-03-24T00:00:00+00:00
goodreads_shannon,book_2e2e5efd217402bd,work_2d6d3972075be57c,1,to_read,exposure_only,exposure,False,False,False,True,True,False,False,0,0,0,1,1,0,0,0.0,
goodreads_shannon,book_2e30a8e5bcf22902,work_cdf3ba72325def72,1,read,positive,strong,True,True,False,False,False,False,False,1,1,0,0,0,0,0,4.0,2020-10-17T00:00:00+00:00
goodreads_shannon,book_2e4c819e0178e106,work_f8cd5918097df0e5,1,to_read,exposure_only,exposure,False,False,False,True,True,False,False,0,0,0,1,1,0,0,0.0,
goodreads_shannon,book_2ea5697fe1da1d22,work_bd1bf5fceba7bf73,1,read,positive,strong,True,True,False,False,False,False,False,1,1,0,0,0,0,0,4.0,2020-12-30T00:00:00+00:00
goodreads_shannon,book_2f090b5efed90b37,work_eaa32f1077c6ab16,1,to_read,exposure_only,exposure,False,False,False,True,True,False,False,0,0,0,1,1,0,0,0.0,
goodreads_shannon,book_2f510f3699b1b011,work_84f7fff0dc494ccb,1,read,positive,strong,True,True,False,False,False,False,False,1,1,0,0,0,0,0,3.0,
goodreads_shannon,book_2f563b725536a1d0,work_1eb0297c30bec4b0,1,to_read,exposure_only,exposure,False,False,False,True,True,False,False,0,0,0,1,1,0,0,0.0,
goodreads_shannon,book_2f6a6b2785a41886,work_daed374ff3ff0a3c,1,to_read,exposure_only,exposure,False,False,False,True,True,False,False,0,0,0,1,1,0,0,0.0,
goodreads_shannon,book_2f7bc2741b372686,work_5efa70e8b25aca23,1,to_read,exposure_only,exposure,False,False,False,True,True,False,False,0,0,0,1,1,0,0,0.0,
goodreads_shannon,book_2fe602575d776bd1,work_bac1d466c3254fbe,1,read,positive,strong,True,True,False,False,False,False,False,1,1,0,0,0,0,0,4.0,2013-04-04T00:00:00+00:00
goodreads_shannon,book_2fe96e65b976731c,work_ae83331e24609f5a,1,read,positive,strong,True,True,False,False,False,False,False,1,1,0,0,0,0,0,4.0,2021-10-29T00:00:00+00:00
goodreads_shannon,book_3005f77eeac70f38,work_530d395ce17ae51b,1,to_read,exposure_only,exposure,False,False,False,True,True,False,False,0,0,0,1,1,0,0,0.0,
goodreads_shannon,book_3029de6dfb6b76f2,work_01bb1b7d2d3d778e,1,to_read,exposure_only,exposure,False,False,False,True,True,False,False,0,0,0,1,1,0,0,0.0,
goodreads_shannon,book_306213f5f461d96a,work_bdc1d24fcfdb604e,1,to_read,exposure_only,exposure,False,False,False,True,True,False,False,0,0,0,1,1,0,0,0.0,
goodreads_shannon,book_306cd97215542f0e,work_a802accc2c7c76f7,1,to_read,exposure_only,exposure,False,False,False,True,True,False,False,0,0,0,1,1,0,0,0.0,
goodreads_shannon,book_30818ee2ec908551,work_a3f8163b4e427563,1,to_read,exposure_only,exposure,False,False,False,True,True,False,False,0,0,0,1,1,0,0,0.0,
goodreads_shannon,book_30ffb747837a5bc1,work_e414821981162d48,1,read,positive,strong,True,True,False,False,False,False,False,1,1,0,0,0,0,0,4.0,2019-06-12T00:00:00+00:00
goodreads_shannon,book_310a8964515e7114,work_1a84c003ada7dc04,2,to_read,exposure_only,exposure,False,False,False,True,True,False,False,0,0,0,2,2,0,0,0.0,
goodreads_shannon,book_313473c1d9eb6016,work_9495e8197444e9ac,1,read,positive,strong,True,True,False,False,False,False,False,1,1,0,0,0,0,0,4.0,2019-01-05T00:00:00+00:00
goodreads_shannon,book_316e2df0d8f83558,work_b1111dce5c0f3e29,1,to_read,exposure_only,exposure,False,False,False,True,True,False,False,0,0,0,1,1,0,0,0.0,
goodreads_shannon,book_3172e42c2becf80e,work_1a98e627f78d47e2,1,read,positive,strong,True,True,False,False,False,False,False,1,1,0,0,0,0,0,5.0,2023-02-11T00:00:00+00:00
goodreads_shannon,book_3190057ac1454e0f,work_d28d0cba6f5b7ee2,1,read,positive,strong,True,True,False,False,False,False,False,1,1,0,0,0,0,0,4.0,2026-04-05T00:00:00+00:00
goodreads_shannon,book_319ac53045cf6a55,work_8f081e3935514329,1,to_read,exposure_only,exposure,False,False,False,True,True,False,False,0,0,0,1,1,0,0,0.0,
goodreads_shannon,book_31d19e5ca6690757,work_0324143df521b206,1,read,positive,strong,True,True,False,False,False,False,False,1,1,0,0,0,0,0,4.0,2021-09-27T00:00:00+00:00
goodreads_shannon,book_323257187bed7cd9,work_90c5a90da016db82,1,read,positive,strong,True,True,False,False,False,False,False,1,1,0,0,0,0,0,3.0,2020-04-27T00:00:00+00:00
goodreads_shannon,book_325f6cab46aebde7,work_ba127c03d42b7077,1,to_read,exposure_only,exposure,False,False,False,True,True,False,False,0,0,0,1,1,0,0,0.0,
goodreads_shannon,book_327fa2d21626ccf5,work_7c0c8619b11b19e8,1,to_read,exposure_only,exposure,False,False,False,True,True,False,False,0,0,0,1,1,0,0,0.0,
goodreads_shannon,book_32a94c80c482dc0d,work_8facd026c64fa2b0,1,to_read,exposure_only,exposure,False,False,False,True,True,False,False,0,0,0,1,1,0,0,0.0,
goodreads_shannon,book_32d0e7ab7682f3c5,work_4538d9a1261ffeec,1,to_read,exposure_only,exposure,False,False,False,True,True,False,False,0,0,0,1,1,0,0,0.0,
goodreads_shannon,book_333598bc5b791afc,work_33ca0e4ac6707ab4,1,to_read,exposure_only,exposure,False,False,False,True,True,False,False,0,0,0,1,1,0,0,0.0,
goodreads_shannon,book_33361b3c0cc43132,work_cb91dead84b47316,1,to_read,exposure_only,exposure,False,False,False,True,True,False,False,0,0,0,1,1,0,0,0.0,
goodreads_shannon,book_3340d90721671f7a,work_ace10099ac7542e8,1,to_read,exposure_only,exposure,False,False,False,True,True,False,False,0,0,0,1,1,0,0,0.0,
goodreads_shannon,book_334c624d8e4e58f9,work_c02c222a3c306cb7,1,to_read,exposure_only,exposure,False,False,False,True,True,False,False,0,0,0,1,1,0,0,0.0,
goodreads_shannon,book_335156b12c245165,work_15cb8ee69aa40ef5,1,to_read,exposure_only,exposure,False,False,False,True,True,False,False,0,0,0,1,1,0,0,0.0,
goodreads_shannon,book_33627bd501d844fe,work_b306aff1eec9599a,1,to_read,exposure_only,exposure,False,False,False,True,True,False,False,0,0,0,1,1,0,0,0.0,
goodreads_shannon,book_33e52c18d954e936,work_b8bd10fb3f31aad7,1,to_read,exposure_only,exposure,False,False,False,True,True,False,False,0,0,0,1,1,0,0,0.0,
goodreads_shannon,book_343e0ae15a96f028,work_6238df09f7859a62,1,read,positive,strong,True,True,False,False,False,False,False,1,1,0,0,0,0,0,5.0,2024-09-06T00:00:00+00:00
goodreads_shannon,book_34474b5b5fe23552,work_d08ee536af9cb79e,1,to_read,exposure_only,exposure,False,False,False,True,True,False,False,0,0,0,1,1,0,0,0.0,
goodreads_shannon,book_34764fbf0a7c9710,work_77a27785c33acd45,1,read,positive,strong,True,True,False,False,False,False,False,1,1,0,0,0,0,0,3.0,2020-05-20T00:00:00+00:00
goodreads_shannon,book_3492c01e2832e41f,work_25f8f24b5b55036a,1,read,positive,strong,True,True,False,False,False,False,False,1,1,0,0,0,0,0,5.0,2026-02-09T00:00:00+00:00
goodreads_shannon,book_34eb3e177cdd3a62,work_932c6c64bdcc7904,1,to_read,exposure_only,exposure,False,False,False,True,True,False,False,0,0,0,1,1,0,0,0.0,
goodreads_shannon,book_350f2492671ced69,work_e09ee65c1cb1bf28,1,to_read,exposure_only,exposure,False,False,False,True,True,False,False,0,0,0,1,1,0,0,0.0,
goodreads_shannon,book_3529d4df04726f6a,work_e55dcdbb06dda673,1,read,positive,strong,True,True,False,False,False,False,False,1,1,0,0,0,0,0,4.0,
goodreads_shannon,book_3539fb2c630f614d,work_e596f8e37b6339d1,1,to_read,exposure_only,exposure,False,False,False,True,True,False,False,0,0,0,1,1,0,0,0.0,
goodreads_shannon,book_3548f41fa252c9a9,work_5bd546290c3eadba,1,read,positive,strong,True,True,False,False,False,False,False,1,1,0,0,0,0,0,3.0,2020-06-02T00:00:00+00:00
goodreads_shannon,book_35885fbe36601355,work_34aa10378b09b151,1,to_read,exposure_only,exposure,False,False,False,True,True,False,False,0,0,0,1,1,0,0,0.0,
goodreads_shannon,book_35a05ef1e0f0f516,work_98041e43d1b7549a,1,to_read,exposure_only,exposure,False,False,False,True,True,False,False,0,0,0,1,1,0,0,0.0,
goodreads_shannon,book_35a4441dd3f59a5c,work_70f05477b66272ca,1,read,positive,strong,True,True,False,False,False,False,False,1,1,0,0,0,0,0,4.0,2026-08-30T00:00:00+00:00
goodreads_shannon,book_35b4f3b254145739,work_609b6f34405608fb,1,to_read,exposure_only,exposure,False,False,False,True,True,False,False,0,0,0,1,1,0,0,0.0,
goodreads_shannon,book_35bdc4c268ea025f,work_6141e15f67e403d4,1,read,positive,strong,True,True,False,False,False,False,False,1,1,0,0,0,0,0,3.0,2019-12-21T00:00:00+00:00
goodreads_shannon,book_361f25875eac3e89,work_6cd43f298cf0b8eb,1,read,positive,strong,True,True,False,False,False,False,False,1,1,0,0,0,0,0,4.0,2026-07-16T00:00:00+00:00
goodreads_shannon,book_363c635707b395e3,work_b018c7fbd0ba537b,1,to_read,exposure_only,exposure,False,False,False,True,True,False,False,0,0,0,1,1,0,0,0.0,
goodreads_shannon,book_364fc77bae8fad5b,work_fd4d45c8af9e4041,1,to_read,exposure_only,exposure,False,False,False,True,True,False,False,0,0,0,1,1,0,0,0.0,
goodreads_shannon,book_365ccb62a480b41f,work_173a1f9815532660,1,to_read,exposure_only,exposure,False,False,False,True,True,False,False,0,0,0,1,1,0,0,0.0,
goodreads_shannon,book_3670577207adfb26,work_84d772f993835a4a,1,read,positive,strong,True,True,False,False,False,False,False,1,1,0,0,0,0,0,4.0,2022-12-05T00:00:00+00:00
goodreads_shannon,book_367fd81dbd1ef806,work_cc8ba1a67f81c427,1,to_read,exposure_only,exposure,False,False,False,True,True,False,False,0,0,0,1,1,0,0,0.0,
goodreads_shannon,book_36c9fecbaf0161bc,work_3cd57a92a6194384,1,to_read,exposure_only,exposure,False,False,False,True,True,False,False,0,0,0,1,1,0,0,0.0,
goodreads_shannon,book_37234c114420f783,work_83dee9bbb3676f7a,1,read,positive,strong,True,True,False,False,False,False,False,1,1,0,0,0,0,0,4.0,2024-01-06T00:00:00+00:00
goodreads_shannon,book_37b8b5536832ec39,work_d03a975a91849374,1,to_read,exposure_only,exposure,False,False,False,True,True,False,False,0,0,0,1,1,0,0,0.0,
goodreads_shannon,book_37bf93b400349dfb,work_33439ea1737d0b32,1,to_read,exposure_only,exposure,False,False,False,True,True,False,False,0,0,0,1,1,0,0,0.0,
goodreads_shannon,book_37c8dd85158350a3,work_7f5546e205d47f1f,1,read,positive,strong,True,True,False,False,False,False,False,1,1,0,0,0,0,0,5.0,2023-01-02T00:00:00+00:00
goodreads_shannon,book_37cd66ed055a7f47,work_f12c49a010ba5955,1,unknown,unknown,unknown,False,False,False,False,False,False,False,0,0,0,0,0,0,0,0.0,
goodreads_shannon,book_3811d0a2d0451572,work_9e663a29611b901f,1,to_read,exposure_only,exposure,False,False,False,True,True,False,False,0,0,0,1,1,0,0,0.0,
goodreads_shannon,book_3836b20511dc573b,work_5b9afad1dadf2abe,1,read,positive,strong,True,True,False,False,False,False,False,1,1,0,0,0,0,0,5.0,2026-06-24T00:00:00+00:00
goodreads_shannon,book_3848ba68a88a803b,work_a01e3daafc1a888b,1,to_read,exposure_only,exposure,False,False,False,True,True,False,False,0,0,0,1,1,0,0,0.0,
goodreads_shannon,book_3862a45159220639,work_e419e723dfe6437c,1,to_read,exposure_only,exposure,False,False,False,True,True,False,False,0,0,0,1,1,0,0,0.0,
goodreads_shannon,book_386ae17bd9c095e7,work_60030da2b6bba7c5,1,to_read,exposure_only,exposure,False,False,False,True,True,False,False,0,0,0,1,1,0,0,0.0,
goodreads_shannon,book_387921e4718a1f82,work_84044eb05136f93d,1,to_read,exposure_only,exposure,False,False,False,True,True,False,False,0,0,0,1,1,0,0,0.0,
goodreads_shannon,book_38a3e1cf4b1e6ee7,work_a8a26a96d166c7f0,1,read,positive,strong,True,True,False,False,False,False,False,1,1,0,0,0,0,0,3.0,2026-07-29T00:00:00+00:00
goodreads_shannon,book_38d2c6fd89cfa7ed,work_8c375fc8458fba0f,1,read,positive,strong,True,True,False,False,False,False,False,1,1,0,0,0,0,0,5.0,2022-04-16T00:00:00+00:00
goodreads_shannon,book_38ecbe16184bb21b,work_a0e3ef177a1f0162,1,read,positive,strong,True,True,False,False,False,False,False,1,1,0,0,0,0,0,3.0,2021-01-25T00:00:00+00:00
goodreads_shannon,book_38f364cde5a19e30,work_ee0808ab226d0056,1,read,positive,strong,True,True,False,False,False,False,False,1,1,0,0,0,0,0,3.0,2023-10-21T00:00:00+00:00
goodreads_shannon,book_38f47ad2ebb82bdf,work_8db9d49af7cbeb6e,1,to_read,exposure_only,exposure,False,False,False,True,True,False,False,0,0,0,1,1,0,0,0.0,
goodreads_shannon,book_390c0088844d1aa0,work_5f58d1dc1c49a2a7,1,to_read,exposure_only,exposure,False,False,False,True,True,False,False,0,0,0,1,1,0,0,0.0,
goodreads_shannon,book_39c320bc9d7f0b1c,work_cb40cef20ee50c41,1,read,positive,strong,True,True,False,False,False,False,False,1,1,0,0,0,0,0,4.0,2017-03-09T00:00:00+00:00
goodreads_shannon,book_39d2c529cd84b739,work_0eaf5f9160682f10,1,to_read,exposure_only,exposure,False,False,False,True,True,False,False,0,0,0,1,1,0,0,0.0,
goodreads_shannon,book_39dc64e8e80693b6,work_d9e476e80d977b57,1,read,positive,strong,True,True,False,False,False,False,False,1,1,0,0,0,0,0,3.0,2013-09-08T00:00:00+00:00
goodreads_shannon,book_39dd6436fe42909e,work_8b91f3301034fe39,1,to_read,exposure_only,exposure,False,False,False,True,True,False,False,0,0,0,1,1,0,0,0.0,
goodreads_shannon,book_39ddfc470e5dab35,work_1d0e589dc1fa21fd,1,read,positive,strong,True,True,False,False,False,False,False,1,1,0,0,0,0,0,5.0,
goodreads_shannon,book_39e0b0e099e8da46,work_bc6c30233958e79c,1,to_read,exposure_only,exposure,False,False,False,True,True,False,False,0,0,0,1,1,0,0,0.0,
goodreads_shannon,book_3a1c90aafc72319a,work_93f3323c2e97af56,1,to_read,exposure_only,exposure,False,False,False,True,True,False,False,0,0,0,1,1,0,0,0.0,
goodreads_shannon,book_3ac815ab8f2e8255,work_47a06e752cb4999c,1,to_read,exposure_only,exposure,False,False,False,True,True,False,False,0,0,0,1,1,0,0,0.0,
goodreads_shannon,book_3ae2dbda7e35969a,work_3940875b97d24c8d,1,to_read,exposure_only,exposure,False,False,False,True,True,False,False,0,0,0,1,1,0,0,0.0,
goodreads_shannon,book_3aecf037a9f714d0,work_e0393f5da817323d,1,read,positive,strong,True,True,False,False,False,False,False,1,1,0,0,0,0,0,5.0,2023-07-06T00:00:00+00:00
goodreads_shannon,book_3aed8d4020aefaa2,work_07017449bfa0418d,1,read,positive,strong,True,True,False,False,False,False,False,1,1,0,0,0,0,0,5.0,2022-10-08T00:00:00+00:00
goodreads_shannon,book_3b59290be3f8f620,work_0cd489ed072485e2,1,to_read,exposure_only,exposure,False,False,False,True,True,False,False,0,0,0,1,1,0,0,0.0,
goodreads_shannon,book_3b6b04637304e63a,work_97d3c332764d0d4c,1,to_read,exposure_only,exposure,False,False,False,True,True,False,False,0,0,0,1,1,0,0,0.0,
goodreads_shannon,book_3b834342ee620dec,work_81aeaa8180860ff7,1,read,positive,strong,True,True,False,False,False,False,False,1,1,0,0,0,0,0,5.0,2026-08-30T00:00:00+00:00
goodreads_shannon,book_3b881b02d259bafa,work_d098b7db80a1524a,1,to_read,exposure_only,exposure,False,False,False,True,True,False,False,0,0,0,1,1,0,0,0.0,
goodreads_shannon,book_3b8e0d2a26cd5781,work_202976ce98163dcf,1,to_read,exposure_only,exposure,False,False,False,True,True,False,False,0,0,0,1,1,0,0,0.0,
goodreads_shannon,book_3bae106c638fb57e,work_c3ddfae1bc8d2349,1,read,negative,negative,True,False,True,False,False,False,False,1,0,1,0,0,0,0,2.0,2020-02-02T00:00:00+00:00
goodreads_shannon,book_3bc279e326540e45,work_9a6e8efb115ebf7b,1,read,positive,strong,True,True,False,False,False,False,False,1,1,0,0,0,0,0,5.0,2026-02-27T00:00:00+00:00
goodreads_shannon,book_3bc4ce08c160b6cb,work_97891fb39cd259de,1,read,positive,strong,True,True,False,False,False,False,False,1,1,0,0,0,0,0,4.0,2021-03-13T00:00:00+00:00
goodreads_shannon,book_3be03efd82399a00,work_6354028758497876,1,read,positive,strong,True,True,False,False,False,False,False,1,1,0,0,0,0,0,4.0,2019-03-13T00:00:00+00:00
goodreads_shannon,book_3c2aba99b2637e68,work_e0f2351708f259e3,1,to_read,exposure_only,exposure,False,False,False,True,True,False,False,0,0,0,1,1,0,0,0.0,
goodreads_shannon,book_3c3b9540a5e5a5e9,work_6ef3660b73826e30,1,to_read,exposure_only,exposure,False,False,False,True,True,False,False,0,0,0,1,1,0,0,0.0,
goodreads_shannon,book_3c49e965eb2eba86,work_14de28bcd82dc327,1,to_read,exposure_only,exposure,False,False,False,True,True,False,False,0,0,0,1,1,0,0,0.0,
goodreads_shannon,book_3c5c4136c2fc84cc,work_1d5f2c4ec8c12f08,1,to_read,exposure_only,exposure,False,False,False,True,True,False,False,0,0,0,1,1,0,0,0.0,
goodreads_shannon,book_3c93a95e0ca4ece3,work_ad925cba67ede48c,1,to_read,exposure_only,exposure,False,False,False,True,True,False,False,0,0,0,1,1,0,0,0.0,
goodreads_shannon,book_3cac88a61662d3fa,work_b454dd83939dfc14,1,to_read,exposure_only,exposure,False,False,False,True,True,False,False,0,0,0,1,1,0,0,0.0,
goodreads_shannon,book_3cf8a011486b59f1,work_fdb76babdc0da3a8,1,to_read,exposure_only,exposure,False,False,False,True,True,False,False,0,0,0,1,1,0,0,0.0,
goodreads_shannon,book_3cf9450a2ba464dd,work_e860c53e6eb76a38,1,to_read,exposure_only,exposure,False,False,False,True,True,False,False,0,0,0,1,1,0,0,0.0,
goodreads_shannon,book_3d052b7d67b9b79e,work_46170d8182ac6dec,1,to_read,exposure_only,exposure,False,False,False,True,True,False,False,0,0,0,1,1,0,0,0.0,
goodreads_shannon,book_3d2716b5c9534846,work_e8ca76eab7dab60d,1,to_read,exposure_only,exposure,False,False,False,True,True,False,False,0,0,0,1,1,0,0,0.0,
goodreads_shannon,book_3d3c94b18a1df7bf,work_880ced79d678d36d,1,to_read,exposure_only,exposure,False,False,False,True,True,False,False,0,0,0,1,1,0,0,0.0,
goodreads_shannon,book_3d41a0feca8f4043,work_6db472e35f15645e,1,to_read,exposure_only,exposure,False,False,False,True,True,False,False,0,0,0,1,1,0,0,0.0,
goodreads_shannon,book_3d54503e81f48cbe,work_295a740796f5aa80,1,to_read,exposure_only,exposure,False,False,False,True,True,False,False,0,0,0,1,1,0,0,0.0,
goodreads_shannon,book_3d768b2a24cd3283,work_affa33d4dfde9713,1,read,positive,strong,True,True,False,False,False,False,False,1,1,0,0,0,0,0,4.0,2021-03-23T00:00:00+00:00
goodreads_shannon,book_3d8e6eb218b9edf8,work_ccd57639aa9bfe5b,1,to_read,exposure_only,exposure,False,False,False,True,True,False,False,0,0,0,1,1,0,0,0.0,
goodreads_shannon,book_3dce0b2821ff9c91,work_4321231684b0a6b8,1,read,positive,strong,True,True,False,False,False,False,False,1,1,0,0,0,0,0,4.0,2020-06-02T00:00:00+00:00
goodreads_shannon,book_3ddb4b7c79478670,work_4c4156a29d9e4429,1,to_read,exposure_only,exposure,False,False,False,True,True,False,False,0,0,0,1,1,0,0,0.0,
goodreads_shannon,book_3df6374880e49464,work_0ddd24c275791db0,1,to_read,exposure_only,exposure,False,False,False,True,True,False,False,0,0,0,1,1,0,0,0.0,
goodreads_shannon,book_3e00d5aeb8fa0f64,work_0231a6cd2c2687df,1,to_read,exposure_only,exposure,False,False,False,True,True,False,False,0,0,0,1,1,0,0,0.0,
goodreads_shannon,book_3e0519735898005a,work_b91e71317c13a905,1,read,positive,strong,True,True,False,False,False,False,False,1,1,0,0,0,0,0,4.0,2022-11-29T00:00:00+00:00
goodreads_shannon,book_3e2f88f6b84d723e,work_dc2847301e9ee792,1,read,positive,strong,True,True,False,False,False,False,False,1,1,0,0,0,0,0,5.0,2026-08-30T00:00:00+00:00
goodreads_shannon,book_3e4d36c2dbcdf58d,work_2794e2b45a2ce98a,1,read,positive,strong,True,True,False,False,False,False,False,1,1,0,0,0,0,0,4.0,2024-01-03T00:00:00+00:00
goodreads_shannon,book_3e503f0c7a508749,work_6eb8b03172b9c024,1,to_read,exposure_only,exposure,False,False,False,True,True,False,False,0,0,0,1,1,0,0,0.0,
goodreads_shannon,book_3e5480df3ace311b,work_7b391d5a28026bbd,1,to_read,exposure_only,exposure,False,False,False,True,True,False,False,0,0,0,1,1,0,0,0.0,
goodreads_shannon,book_3e70257e874fafe1,work_89873b93e6e15676,1,to_read,exposure_only,exposure,False,False,False,True,True,False,False,0,0,0,1,1,0,0,0.0,
goodreads_shannon,book_3e8c7714c1e9f4fb,work_63707081db7ec530,1,read,positive,strong,True,True,False,False,False,False,False,1,1,0,0,0,0,0,3.0,2025-01-20T00:00:00+00:00
goodreads_shannon,book_3eb5f1f04e5a35e3,work_27c4a46a336581e4,1,to_read,exposure_only,exposure,False,False,False,True,True,False,False,0,0,0,1,1,0,0,0.0,
goodreads_shannon,book_3edf054a871bb041,work_7563daefd738f090,1,read,positive,strong,True,True,False,False,False,False,False,1,1,0,0,0,0,0,4.0,2022-06-04T00:00:00+00:00
goodreads_shannon,book_3f484f2ee9101727,work_39c37cfedd643fa3,1,to_read,exposure_only,exposure,False,False,False,True,True,False,False,0,0,0,1,1,0,0,0.0,
goodreads_shannon,book_3f7b389fe8dfba97,work_be78a22b005cc76b,1,read,positive,strong,True,True,False,False,False,False,False,1,1,0,0,0,0,0,5.0,2026-07-26T00:00:00+00:00
goodreads_shannon,book_3f89b75ec37a98f9,work_374a59308326c577,1,read,positive,strong,True,True,False,False,False,False,False,1,1,0,0,0,0,0,3.0,
goodreads_shannon,book_3f8bf5d8d168d820,work_ab24a7d9557b9520,1,read,positive,strong,True,True,False,False,False,False,False,1,1,0,0,0,0,0,5.0,2023-06-18T00:00:00+00:00
goodreads_shannon,book_3fb5a9b70ff12d96,work_0217d4f3ef7592de,1,to_read,exposure_only,exposure,False,False,False,True,True,False,False,0,0,0,1,1,0,0,0.0,
goodreads_shannon,book_3fc41efd36d45d71,work_6d16f1cb807576e5,1,read,positive,strong,True,True,False,False,False,False,False,1,1,0,0,0,0,0,5.0,2023-04-23T00:00:00+00:00
goodreads_shannon,book_4019451fcf2f69df,work_1f6908e730723454,1,to_read,exposure_only,exposure,False,False,False,True,True,False,False,0,0,0,1,1,0,0,0.0,
goodreads_shannon,book_4040f524a7fe31f6,work_13c932e99dfd8d84,1,to_read,exposure_only,exposure,False,False,False,True,True,False,False,0,0,0,1,1,0,0,0.0,
goodreads_shannon,book_4046578250123cc3,work_53304194ae8426c7,1,to_read,exposure_only,exposure,False,False,False,True,True,False,False,0,0,0,1,1,0,0,0.0,
goodreads_shannon,book_40477888d71f7e63,work_612f67cfef353959,1,to_read,exposure_only,exposure,False,False,False,True,True,False,False,0,0,0,1,1,0,0,0.0,
goodreads_shannon,book_4055ab3235bce00b,work_0e05e8db0ee94686,1,to_read,exposure_only,exposure,False,False,False,True,True,False,False,0,0,0,1,1,0,0,0.0,
goodreads_shannon,book_406cdeadb48650cc,work_1e95c17a6165a627,1,to_read,exposure_only,exposure,False,False,False,True,True,False,False,0,0,0,1,1,0,0,0.0,
goodreads_shannon,book_408696c4e96d28d8,work_0d5af801b9bb4597,1,to_read,exposure_only,exposure,False,False,False,True,True,False,False,0,0,0,1,1,0,0,0.0,
goodreads_shannon,book_4087ce255ff7f83a,work_e7ab4ce081a6e985,1,read,positive,strong,True,True,False,False,False,False,False,1,1,0,0,0,0,0,3.0,2023-12-01T00:00:00+00:00
goodreads_shannon,book_40c50d3705a03137,work_296b4d0609acb663,1,to_read,exposure_only,exposure,False,False,False,True,True,False,False,0,0,0,1,1,0,0,0.0,
goodreads_shannon,book_40dafb324311372c,work_2fb9163c6366fef7,1,read,positive,strong,True,True,False,False,False,False,False,1,1,0,0,0,0,0,4.0,2022-05-02T00:00:00+00:00
goodreads_shannon,book_413a2f5d4080d1e8,work_a59319ef9075b306,1,to_read,exposure_only,exposure,False,False,False,True,True,False,False,0,0,0,1,1,0,0,0.0,
goodreads_shannon,book_413ff28238e880c0,work_09e8229a233094df,1,to_read,exposure_only,exposure,False,False,False,True,True,False,False,0,0,0,1,1,0,0,0.0,
goodreads_shannon,book_4147c9b86a6ac473,work_8a7d75f3812f27b8,1,read,positive,strong,True,True,False,False,False,False,False,1,1,0,0,0,0,0,4.0,
goodreads_shannon,book_414d7af98d622b94,work_21363019ed51e62e,1,to_read,exposure_only,exposure,False,False,False,True,True,False,False,0,0,0,1,1,0,0,0.0,
goodreads_shannon,book_41a621d43f484a67,work_151585841bb1361e,1,to_read,exposure_only,exposure,False,False,False,True,True,False,False,0,0,0,1,1,0,0,0.0,
goodreads_shannon,book_41c10bddf89a7c1c,work_edfeb385b770b30f,1,read,positive,strong,True,True,False,False,False,False,False,1,1,0,0,0,0,0,4.0,2022-12-20T00:00:00+00:00
goodreads_shannon,book_41c6a337e59b2158,work_7bb3a81f8517c8af,1,to_read,exposure_only,exposure,False,False,False,True,True,False,False,0,0,0,1,1,0,0,0.0,
goodreads_shannon,book_41cf45f077591a93,work_870402fcf1885077,1,to_read,exposure_only,exposure,False,False,False,True,True,False,False,0,0,0,1,1,0,0,0.0,
goodreads_shannon,book_41f81946dfb55100,work_64f99b39c9c3350a,1,read,positive,strong,True,True,False,False,False,False,False,1,1,0,0,0,0,0,5.0,
goodreads_shannon,book_42209cf853c5ca9b,work_0e6907b606f5d704,1,to_read,exposure_only,exposure,False,False,False,True,True,False,False,0,0,0,1,1,0,0,0.0,
goodreads_shannon,book_42ce1f5ea7706106,work_c68da43bbe895970,1,read,positive,strong,True,True,False,False,False,False,False,1,1,0,0,0,0,0,4.0,2020-05-24T00:00:00+00:00
goodreads_shannon,book_42ed24ca5ec98679,work_14338b79248ffd74,1,read,positive,strong,True,True,False,False,False,False,False,1,1,0,0,0,0,0,4.0,2024-06-01T00:00:00+00:00
goodreads_shannon,book_430955cb9f40d54a,work_5bafdb86bc37130a,1,to_read,exposure_only,exposure,False,False,False,True,True,False,False,0,0,0,1,1,0,0,0.0,
goodreads_shannon,book_431be797b1627c46,work_b02655dae1e39a66,1,to_read,exposure_only,exposure,False,False,False,True,True,False,False,0,0,0,1,1,0,0,0.0,
goodreads_shannon,book_43216df63238c1a1,work_8c826cbea1bbe15c,1,read,positive,strong,True,True,False,False,False,False,False,1,1,0,0,0,0,0,4.0,2026-09-15T00:00:00+00:00
goodreads_shannon,book_434bab2cc080d5b1,work_34d7346b7b48bade,1,read,positive,strong,True,True,False,False,False,False,False,1,1,0,0,0,0,0,4.0,2021-06-22T00:00:00+00:00
goodreads_shannon,book_4353ed8acd57d1a9,work_68a24be0b4dce19c,1,to_read,exposure_only,exposure,False,False,False,True,True,False,False,0,0,0,1,1,0,0,0.0,
goodreads_shannon,book_4363f9ce2567ec45,work_75ccf2b5494e9df6,1,to_read,exposure_only,exposure,False,False,False,True,True,False,False,0,0,0,1,1,0,0,0.0,
goodreads_shannon,book_4387560b1141d752,work_3a37eb167d0038fd,1,read,positive,strong,True,True,False,False,False,False,False,1,1,0,0,0,0,0,5.0,2026-09-08T00:00:00+00:00
goodreads_shannon,book_43a2cd51f4d9df51,work_baca864c32c6fecd,1,read,negative,negative,True,False,True,False,False,False,False,1,0,1,0,0,0,0,2.0,2020-03-26T00:00:00+00:00
goodreads_shannon,book_43b3bf7032efabaf,work_7549833b55aab7e8,1,to_read,exposure_only,exposure,False,False,False,True,True,False,False,0,0,0,1,1,0,0,0.0,
goodreads_shannon,book_43d6a936179e0c54,work_37988f02c276a7b2,1,read,positive,strong,True,True,False,False,False,False,False,1,1,0,0,0,0,0,5.0,2024-04-02T00:00:00+00:00
goodreads_shannon,book_43e729e95e070145,work_2fcecaa9866fc822,1,to_read,exposure_only,exposure,False,False,False,True,True,False,False,0,0,0,1,1,0,0,0.0,
goodreads_shannon,book_44522e1c914dd280,work_35b3778fff42862b,1,to_read,exposure_only,exposure,False,False,False,True,True,False,False,0,0,0,1,1,0,0,0.0,
goodreads_shannon,book_446a414264c8ad2f,work_b64c56873e4a69fe,1,read,positive,strong,True,True,False,False,False,False,False,1,1,0,0,0,0,0,3.0,2022-10-23T00:00:00+00:00
goodreads_shannon,book_446d4ffe3f6cc487,work_924039d44c7d3625,1,read,positive,strong,True,True,False,False,False,False,False,1,1,0,0,0,0,0,3.0,2023-10-10T00:00:00+00:00
goodreads_shannon,book_446e0a3dca00ba1f,work_37efbb3ab5b039d1,1,to_read,exposure_only,exposure,False,False,False,True,True,False,False,0,0,0,1,1,0,0,0.0,
goodreads_shannon,book_447ce4a5925dc2c8,work_ec760f674c4d76b1,1,read,positive,strong,True,True,False,False,False,False,False,1,1,0,0,0,0,0,3.0,2021-10-04T00:00:00+00:00
goodreads_shannon,book_449afbaa2fe43727,work_c34682245f973a6e,1,read,positive,strong,True,True,False,False,False,False,False,1,1,0,0,0,0,0,5.0,2023-12-30T00:00:00+00:00
goodreads_shannon,book_45311bc5c48f171f,work_71d6ec9c8626be4f,1,read,positive,strong,True,True,False,False,False,False,False,1,1,0,0,0,0,0,4.0,2021-07-04T00:00:00+00:00
goodreads_shannon,book_45380546c885c94f,work_fdc9cf92298d0f0e,1,to_read,exposure_only,exposure,False,False,False,True,True,False,False,0,0,0,1,1,0,0,0.0,
goodreads_shannon,book_454f146c813b3481,work_316b70ccc5d322f6,1,to_read,exposure_only,exposure,False,False,False,True,True,False,False,0,0,0,1,1,0,0,0.0,
goodreads_shannon,book_455cd3c3a9e5869a,work_5c4034032f3c0ede,2,read,positive,strong,True,True,False,True,True,False,False,1,1,0,1,1,0,0,5.0,2023-06-15T00:00:00+00:00
goodreads_shannon,book_456ad37ae38b93e8,work_4b0e3a8ef12212b6,1,to_read,exposure_only,exposure,False,False,False,True,True,False,False,0,0,0,1,1,0,0,0.0,
goodreads_shannon,book_456bb558668b0fd4,work_433fb8802101cf86,1,to_read,exposure_only,exposure,False,False,False,True,True,False,False,0,0,0,1,1,0,0,0.0,
goodreads_shannon,book_45708e0da52d981d,work_455b97c749b9caae,1,to_read,exposure_only,exposure,False,False,False,True,True,False,False,0,0,0,1,1,0,0,0.0,
goodreads_shannon,book_457a5721c0f61428,work_bff74fa44bc2d725,1,to_read,exposure_only,exposure,False,False,False,True,True,False,False,0,0,0,1,1,0,0,0.0,
goodreads_shannon,book_4580312c030a84f4,work_f7ab870d02ca53f6,1,read,positive,strong,True,True,False,False,False,False,False,1,1,0,0,0,0,0,4.0,
goodreads_shannon,book_4591ba7a95fa21ba,work_57ef88c702291347,1,to_read,exposure_only,exposure,False,False,False,True,True,False,False,0,0,0,1,1,0,0,0.0,
goodreads_shannon,book_4596c034194a3f1e,work_81950388a3f149c3,1,to_read,exposure_only,exposure,False,False,False,True,True,False,False,0,0,0,1,1,0,0,0.0,
goodreads_shannon,book_4598456962eb868f,work_f5669081c88c622b,1,read,positive,strong,True,True,False,False,False,False,False,1,1,0,0,0,0,0,5.0,
goodreads_shannon,book_45ba3cd6d5ec869f,work_00263aca591c2091,1,read,positive,strong,True,True,False,False,False,False,False,1,1,0,0,0,0,0,4.0,2013-03-03T00:00:00+00:00
goodreads_shannon,book_45bb92a4cd968975,work_9e54e363ef1ef267,1,read,positive,strong,True,True,False,False,False,False,False,1,1,0,0,0,0,0,4.0,
goodreads_shannon,book_45cab445efc79ecb,work_897aab416ff889a2,1,to_read,exposure_only,exposure,False,False,False,True,True,False,False,0,0,0,1,1,0,0,0.0,
goodreads_shannon,book_45e80edc94d9ee4d,work_2d4e141c0d3e6614,1,read,positive,strong,True,True,False,False,False,False,False,1,1,0,0,0,0,0,5.0,2021-12-31T00:00:00+00:00
goodreads_shannon,book_45febfddaacdbca9,work_81855c939342eb50,1,to_read,exposure_only,exposure,False,False,False,True,True,False,False,0,0,0,1,1,0,0,0.0,
goodreads_shannon,book_4625bd3a03631663,work_e965bff6be2970bd,1,read,positive,strong,True,True,False,False,False,False,False,1,1,0,0,0,0,0,4.0,2022-10-28T00:00:00+00:00
goodreads_shannon,book_4668e03b9ddc0564,work_a80283391f441680,1,to_read,exposure_only,exposure,False,False,False,True,True,False,False,0,0,0,1,1,0,0,0.0,
goodreads_shannon,book_46736ead33d8d980,work_6d143dee13eec9a3,1,read,positive,strong,True,True,False,False,False,False,False,1,1,0,0,0,0,0,5.0,2023-03-15T00:00:00+00:00
goodreads_shannon,book_46985b7f91fcc80b,work_24a9c0a03d9b3660,1,to_read,exposure_only,exposure,False,False,False,True,True,False,False,0,0,0,1,1,0,0,0.0,
goodreads_shannon,book_472eb9123c8d469d,work_072cd73765773808,1,read,positive,strong,True,True,False,False,False,False,False,1,1,0,0,0,0,0,4.0,2013-03-13T00:00:00+00:00
goodreads_shannon,book_475437c23206020a,work_51b8d2524951de16,1,read,positive,strong,True,True,False,False,False,False,False,1,1,0,0,0,0,0,3.0,2020-11-06T00:00:00+00:00
goodreads_shannon,book_47a0e22b2125f54d,work_34dd45ef4c5d48a8,1,read,positive,strong,True,True,False,False,False,False,False,1,1,0,0,0,0,0,4.0,2020-06-07T00:00:00+00:00
goodreads_shannon,book_47b0aabbaf162b53,work_f60a05dd328c1fb6,1,read,positive,strong,True,True,False,False,False,False,False,1,1,0,0,0,0,0,5.0,2025-03-24T00:00:00+00:00
goodreads_shannon,book_47cf1278c1af8db8,work_972f0985c8c9ad5c,1,to_read,exposure_only,exposure,False,False,False,True,True,False,False,0,0,0,1,1,0,0,0.0,
goodreads_shannon,book_47d99884e4d87c4c,work_548199d8454a694f,1,read,positive,strong,True,True,False,False,False,False,False,1,1,0,0,0,0,0,5.0,2020-11-11T00:00:00+00:00
goodreads_shannon,book_47e56a188b222b5b,work_83544f04232630be,1,to_read,exposure_only,exposure,False,False,False,True,True,False,False,0,0,0,1,1,0,0,0.0,
goodreads_shannon,book_4810b011401f52b4,work_5b660880e44abdd6,1,read,positive,strong,True,True,False,False,False,False,False,1,1,0,0,0,0,0,3.0,2019-04-06T00:00:00+00:00
goodreads_shannon,book_483a3a73747df180,work_dd262507c14425ef,1,to_read,exposure_only,exposure,False,False,False,True,True,False,False,0,0,0,1,1,0,0,0.0,
goodreads_shannon,book_484712ecbda85454,work_5e32503420de8f54,1,read,positive,strong,True,True,False,False,False,False,False,1,1,0,0,0,0,0,3.0,2024-03-28T00:00:00+00:00
goodreads_shannon,book_484f7a6d41d76e95,work_a69acf7efb77a5c5,2,read,positive,strong,True,True,False,True,True,False,False,1,1,0,1,1,0,0,3.0,2020-12-21T00:00:00+00:00
goodreads_shannon,book_4860f2b48e4f6935,work_6b5b0e15eb304108,1,to_read,exposure_only,exposure,False,False,False,True,True,False,False,0,0,0,1,1,0,0,0.0,
goodreads_shannon,book_48667f62c102bb9d,work_cf538bf1229345aa,1,read,positive,strong,True,True,False,False,False,False,False,1,1,0,0,0,0,0,5.0,
goodreads_shannon,book_4870fdbce4215054,work_88d5836c35980b16,1,read,positive,strong,True,True,False,False,False,False,False,1,1,0,0,0,0,0,5.0,2026-04-29T00:00:00+00:00
goodreads_shannon,book_493e62d1377f4027,work_2a8ba0260775a054,1,to_read,exposure_only,exposure,False,False,False,True,True,False,False,0,0,0,1,1,0,0,0.0,
goodreads_shannon,book_4957e25f2a7869e7,work_ea7f8ed91e0b82b9,1,did_not_finish,negative,negative,False,False,True,False,False,False,True,0,0,1,0,0,0,1,0.0,
goodreads_shannon,book_4973918d04cfeee6,work_a1a1747d16a1abdd,1,to_read,exposure_only,exposure,False,False,False,True,True,False,False,0,0,0,1,1,0,0,0.0,
goodreads_shannon,book_4978443da9aa7ed0,work_454db571dfd3913e,1,to_read,exposure_only,exposure,False,False,False,True,True,False,False,0,0,0,1,1,0,0,0.0,
goodreads_shannon,book_4988638eb1cdc64c,work_c517a55b3ba27380,1,to_read,exposure_only,exposure,False,False,False,True,True,False,False,0,0,0,1,1,0,0,0.0,
goodreads_shannon,book_49da0fbc8904e2f5,work_b1212dcb22ccc1ac,1,to_read,exposure_only,exposure,False,False,False,True,True,False,False,0,0,0,1,1,0,0,0.0,
goodreads_shannon,book_49e3bbdb47032c02,work_79bc6f09f6b6b04c,1,read,positive,strong,True,True,False,False,False,False,False,1,1,0,0,0,0,0,4.0,2025-02-08T00:00:00+00:00
goodreads_shannon,book_49f1ee41cd8905c7,work_b45fe3d4e8978f24,1,read,positive,strong,True,True,False,False,False,False,False,1,1,0,0,0,0,0,3.0,2023-06-22T00:00:00+00:00
goodreads_shannon,book_4a09172ab1b8983f,work_609a84b17b741a46,2,read,positive,strong,True,True,False,False,False,False,False,2,1,0,0,0,0,0,4.0,2021-02-09T00:00:00+00:00
goodreads_shannon,book_4a0d725d3c3163f4,work_adf739567a5f2eb7,1,read,positive,strong,True,True,False,False,False,False,False,1,1,0,0,0,0,0,5.0,2022-02-21T00:00:00+00:00
goodreads_shannon,book_4a5f2963c6d14bfb,work_4ecfd90f2e3f6777,1,read,positive,strong,True,True,False,False,False,False,False,1,1,0,0,0,0,0,5.0,2023-12-27T00:00:00+00:00
goodreads_shannon,book_4a8af154ab3bea4e,work_8dddc276c0803eb0,1,to_read,exposure_only,exposure,False,False,False,True,True,False,False,0,0,0,1,1,0,0,0.0,
goodreads_shannon,book_4a8e2fb4149b5666,work_cef80d4ef7c8370e,1,read,positive,strong,True,True,False,False,False,False,False,1,1,0,0,0,0,0,3.0,2020-03-29T00:00:00+00:00
goodreads_shannon,book_4a91ca646221d723,work_d3d4b293e047228d,1,to_read,exposure_only,exposure,False,False,False,True,True,False,False,0,0,0,1,1,0,0,0.0,
goodreads_shannon,book_4ac2dea86ecf0e8c,work_6f1637a57ddc0226,1,to_read,exposure_only,exposure,False,False,False,True,True,False,False,0,0,0,1,1,0,0,0.0,
goodreads_shannon,book_4b3b801bd67f24e4,work_41fcfa9d68564d8b,1,to_read,exposure_only,exposure,False,False,False,True,True,False,False,0,0,0,1,1,0,0,0.0,
goodreads_shannon,book_4b58f479677ddcd7,work_2d71d82d85b71af2,1,to_read,exposure_only,exposure,False,False,False,True,True,False,False,0,0,0,1,1,0,0,0.0,
goodreads_shannon,book_4b5d959dd62d6fc0,work_a0e42f4cfb78c66b,1,to_read,exposure_only,exposure,False,False,False,True,True,False,False,0,0,0,1,1,0,0,0.0,
goodreads_shannon,book_4b64c3749b1200f8,work_07b5d8571c2a596e,1,read,positive,strong,True,True,False,False,False,False,False,1,1,0,0,0,0,0,3.0,2013-01-19T00:00:00+00:00
goodreads_shannon,book_4b6610b1810f80d7,work_2b4ff232156c3095,1,to_read,exposure_only,exposure,False,False,False,True,True,False,False,0,0,0,1,1,0,0,0.0,
goodreads_shannon,book_4b84bba2fa3c97e5,work_6e2c7a37400164e7,1,to_read,exposure_only,exposure,False,False,False,True,True,False,False,0,0,0,1,1,0,0,0.0,
goodreads_shannon,book_4bce980111d660ef,work_225e86385946a19a,1,to_read,exposure_only,exposure,False,False,False,True,True,False,False,0,0,0,1,1,0,0,0.0,
goodreads_shannon,book_4bd987941a206820,work_170c9aeb483ea353,1,to_read,exposure_only,exposure,False,False,False,True,True,False,False,0,0,0,1,1,0,0,0.0,
goodreads_shannon,book_4be62b1c1cc544f4,work_c17d03c804e661c9,1,to_read,exposure_only,exposure,False,False,False,True,True,False,False,0,0,0,1,1,0,0,0.0,
goodreads_shannon,book_4ccf81d120d3e2dd,work_f478573cb6e26fb1,1,to_read,exposure_only,exposure,False,False,False,True,True,False,False,0,0,0,1,1,0,0,0.0,
goodreads_shannon,book_4cecab4b994ab40d,work_7bea020ddb456a9d,1,to_read,exposure_only,exposure,False,False,False,True,True,False,False,0,0,0,1,1,0,0,0.0,
goodreads_shannon,book_4d1960f48469935a,work_6f3f07110217031c,1,to_read,exposure_only,exposure,False,False,False,True,True,False,False,0,0,0,1,1,0,0,0.0,
goodreads_shannon,book_4d753b2ba02d5415,work_755e32a09d4975a3,1,read,positive,strong,True,True,False,False,False,False,False,1,1,0,0,0,0,0,3.0,2020-09-22T00:00:00+00:00
goodreads_shannon,book_4d8acd3c8bec90c7,work_1efbf9d7215ee80e,1,read,positive,strong,True,True,False,False,False,False,False,1,1,0,0,0,0,0,4.0,2022-11-27T00:00:00+00:00
goodreads_shannon,book_4d8bcfaf58f69d53,work_92fc5ec2aeab2c99,1,read,positive,strong,True,True,False,False,False,False,False,1,1,0,0,0,0,0,4.0,2021-03-16T00:00:00+00:00
goodreads_shannon,book_4da22e63c78b0ac0,work_6c1243fc9a9ec334,1,to_read,exposure_only,exposure,False,False,False,True,True,False,False,0,0,0,1,1,0,0,0.0,
goodreads_shannon,book_4db00808848d28c3,work_02b443456ee1847f,1,read,positive,strong,True,True,False,False,False,False,False,1,1,0,0,0,0,0,5.0,2026-06-21T00:00:00+00:00
goodreads_shannon,book_4dc73f96322a5d40,work_931f2b0440e4ec07,1,read,positive,strong,True,True,False,False,False,False,False,1,1,0,0,0,0,0,4.0,2021-02-23T00:00:00+00:00
goodreads_shannon,book_4e1fd318c067d5a0,work_b24336507dd2bcfb,1,to_read,exposure_only,exposure,False,False,False,True,True,False,False,0,0,0,1,1,0,0,0.0,
goodreads_shannon,book_4e4a2c2ceb91bf59,work_64b77226fd51562c,1,to_read,exposure_only,exposure,False,False,False,True,True,False,False,0,0,0,1,1,0,0,0.0,
goodreads_shannon,book_4e4a901fbdad5cfd,work_88699a8ecddb1400,2,to_read,exposure_only,exposure,False,False,False,True,True,False,False,0,0,0,2,2,0,0,0.0,
goodreads_shannon,book_4e8c6865b7664b18,work_2786a287b80779bd,1,to_read,exposure_only,exposure,False,False,False,True,True,False,False,0,0,0,1,1,0,0,0.0,
goodreads_shannon,book_4e96b3a2c3164154,work_be1b1210d22a1b10,1,to_read,exposure_only,exposure,False,False,False,True,True,False,False,0,0,0,1,1,0,0,0.0,
goodreads_shannon,book_4eae0b7983b5413e,work_f4c2eeab1b72cd3c,1,to_read,exposure_only,exposure,False,False,False,True,True,False,False,0,0,0,1,1,0,0,0.0,
goodreads_shannon,book_4ed5f8050538c69c,work_393165a2367a0d52,1,read,positive,strong,True,True,False,False,False,False,False,1,1,0,0,0,0,0,3.0,2022-08-07T00:00:00+00:00
goodreads_shannon,book_4ee48df99f0db5e2,work_7864be710665c935,1,to_read,exposure_only,exposure,False,False,False,True,True,False,False,0,0,0,1,1,0,0,0.0,
goodreads_shannon,book_4efa4ea21f3706fe,work_7efb42dc493afb32,1,to_read,exposure_only,exposure,False,False,False,True,True,False,False,0,0,0,1,1,0,0,0.0,
goodreads_shannon,book_4efaee975d6e3309,work_89ad4e2689415382,1,to_read,exposure_only,exposure,False,False,False,True,True,False,False,0,0,0,1,1,0,0,0.0,
goodreads_shannon,book_4f12353a733dbe22,work_3e0fbf8dabd4f862,1,read,positive,strong,True,True,False,False,False,False,False,1,1,0,0,0,0,0,5.0,2026-06-26T00:00:00+00:00
goodreads_shannon,book_4f201ed0949bfc28,work_f68d7d456e2725ac,1,read,positive,strong,True,True,False,False,False,False,False,1,1,0,0,0,0,0,3.0,2017-04-09T00:00:00+00:00
goodreads_shannon,book_4f333a1e46a3cd68,work_989efec6c84599ab,2,read,positive,strong,True,True,False,True,True,False,False,1,1,0,1,1,0,0,5.0,2021-08-08T00:00:00+00:00
goodreads_shannon,book_4f44bdc30f1e2b9a,work_ad55856525594078,1,to_read,exposure_only,exposure,False,False,False,True,True,False,False,0,0,0,1,1,0,0,0.0,
goodreads_shannon,book_4f8c0d246fec07ca,work_a5aaa4bb04d3fae4,1,to_read,exposure_only,exposure,False,False,False,True,True,False,False,0,0,0,1,1,0,0,0.0,
goodreads_shannon,book_4fb4deb1952c90c9,work_1749c4259f0c4559,1,to_read,exposure_only,exposure,False,False,False,True,True,False,False,0,0,0,1,1,0,0,0.0,
goodreads_shannon,book_500425e5c0c507df,work_77a4bd3eed163af7,1,to_read,exposure_only,exposure,False,False,False,True,True,False,False,0,0,0,1,1,0,0,0.0,
goodreads_shannon,book_502bd7950f428739,work_604069a6d9583eb2,1,to_read,exposure_only,exposure,False,False,False,True,True,False,False,0,0,0,1,1,0,0,0.0,
goodreads_shannon,book_5059af8ff3ffaa35,work_83ce31aa47432036,1,to_read,exposure_only,exposure,False,False,False,True,True,False,False,0,0,0,1,1,0,0,0.0,
goodreads_shannon,book_505c3129f1045310,work_02fc25aa86b389da,1,to_read,exposure_only,exposure,False,False,False,True,True,False,False,0,0,0,1,1,0,0,0.0,
goodreads_shannon,book_506bb4093d6b84fd,work_254355ca27a0f083,1,to_read,exposure_only,exposure,False,False,False,True,True,False,False,0,0,0,1,1,0,0,0.0,
goodreads_shannon,book_506cdd63ecad4592,work_4c278318dd1e2999,1,read,positive,strong,True,True,False,False,False,False,False,1,1,0,0,0,0,0,5.0,2020-04-24T00:00:00+00:00
goodreads_shannon,book_50ab96e56b9c8f03,work_e383ca24482a0e45,1,to_read,exposure_only,exposure,False,False,False,True,True,False,False,0,0,0,1,1,0,0,0.0,
goodreads_shannon,book_50f342764813d9c5,work_643d911f60da79c7,1,read,positive,strong,True,True,False,False,False,False,False,1,1,0,0,0,0,0,4.0,2024-08-25T00:00:00+00:00
goodreads_shannon,book_51018dcb95091df1,work_7027a552d42ac35c,1,to_read,exposure_only,exposure,False,False,False,True,True,False,False,0,0,0,1,1,0,0,0.0,
goodreads_shannon,book_5110c3c876c9730b,work_9fb1849f745e1f9b,1,to_read,exposure_only,exposure,False,False,False,True,True,False,False,0,0,0,1,1,0,0,0.0,
goodreads_shannon,book_511744b040b709fd,work_6fda7764dcb1dd33,1,to_read,exposure_only,exposure,False,False,False,True,True,False,False,0,0,0,1,1,0,0,0.0,
goodreads_shannon,book_512eec1f0e386c41,work_a620eeef1666939d,1,read,positive,strong,True,True,False,False,False,False,False,1,1,0,0,0,0,0,4.0,2013-01-21T00:00:00+00:00
goodreads_shannon,book_513103c9f6b97f96,work_9402daeaacd29703,1,read,positive,strong,True,True,False,False,False,False,False,1,1,0,0,0,0,0,5.0,
goodreads_shannon,book_5160afa8ad3e14c0,work_753b7ca70a8e36a0,1,to_read,exposure_only,exposure,False,False,False,True,True,False,False,0,0,0,1,1,0,0,0.0,
goodreads_shannon,book_516cffd2db2ae6c6,work_adce89b40dd0476b,1,to_read,exposure_only,exposure,False,False,False,True,True,False,False,0,0,0,1,1,0,0,0.0,
goodreads_shannon,book_51769dad7b5a9de0,work_ae408e9e6a052c00,1,to_read,exposure_only,exposure,False,False,False,True,True,False,False,0,0,0,1,1,0,0,0.0,
goodreads_shannon,book_51864dca842ad84e,work_8aec4ce65568bf2b,1,to_read,exposure_only,exposure,False,False,False,True,True,False,False,0,0,0,1,1,0,0,0.0,
goodreads_shannon,book_5206aab3425d320f,work_9e489e0445d3943c,1,to_read,exposure_only,exposure,False,False,False,True,True,False,False,0,0,0,1,1,0,0,0.0,
goodreads_shannon,book_524626107835f021,work_fc243ce89a696fbd,1,to_read,exposure_only,exposure,False,False,False,True,True,False,False,0,0,0,1,1,0,0,0.0,
goodreads_shannon,book_525c844973e55d4e,work_c6b1b74b9f149148,1,to_read,exposure_only,exposure,False,False,False,True,True,False,False,0,0,0,1,1,0,0,0.0,
goodreads_shannon,book_526cbdc44a6e939f,work_b3befe5d2a0bc445,1,to_read,exposure_only,exposure,False,False,False,True,True,False,False,0,0,0,1,1,0,0,0.0,
goodreads_shannon,book_529397abc82bf5f6,work_4c9d85e1dbefb63f,1,read,positive,strong,True,True,False,False,False,False,False,1,1,0,0,0,0,0,3.0,2022-11-14T00:00:00+00:00
goodreads_shannon,book_52b0f885d0e45ed8,work_986cba18084c3e3b,2,to_read,exposure_only,exposure,False,False,False,True,True,False,False,0,0,0,2,2,0,0,0.0,
goodreads_shannon,book_52bb0babfeca0700,work_0dc28acb26b94509,1,to_read,exposure_only,exposure,False,False,False,True,True,False,False,0,0,0,1,1,0,0,0.0,
goodreads_shannon,book_52df238548290730,work_7fe990645471f224,1,to_read,exposure_only,exposure,False,False,False,True,True,False,False,0,0,0,1,1,0,0,0.0,
goodreads_shannon,book_52e61f52c3b4fec7,work_3da055c04eb9c5c8,1,read,positive,strong,True,True,False,False,False,False,False,1,1,0,0,0,0,0,5.0,2013-01-30T00:00:00+00:00
goodreads_shannon,book_5337a14e57121b96,work_1607af7d34e8e92e,1,to_read,exposure_only,exposure,False,False,False,True,True,False,False,0,0,0,1,1,0,0,0.0,
goodreads_shannon,book_53692b4014a3945f,work_3b7ab60ae574ef43,1,read,positive,strong,True,True,False,False,False,False,False,1,1,0,0,0,0,0,4.0,2021-10-13T00:00:00+00:00
goodreads_shannon,book_537f347e747f8129,work_0506a0ad3ac8f79b,1,to_read,exposure_only,exposure,False,False,False,True,True,False,False,0,0,0,1,1,0,0,0.0,
goodreads_shannon,book_53c7cf60fc6dedb9,work_6551b28736f8552a,1,to_read,exposure_only,exposure,False,False,False,True,True,False,False,0,0,0,1,1,0,0,0.0,
goodreads_shannon,book_53eaad48e0395380,work_dc3d62989d5340ca,1,read,positive,strong,True,True,False,False,False,False,False,1,1,0,0,0,0,0,3.0,2022-04-19T00:00:00+00:00
goodreads_shannon,book_53fa1505c618c13e,work_113d4c23bed390dc,1,to_read,exposure_only,exposure,False,False,False,True,True,False,False,0,0,0,1,1,0,0,0.0,
goodreads_shannon,book_541f75961981ca0a,work_836d17cc0d630ad3,1,read,positive,strong,True,True,False,False,False,False,False,1,1,0,0,0,0,0,4.0,2024-09-29T00:00:00+00:00
goodreads_shannon,book_5468f4ba2496aa1a,work_71460da050242cb2,1,to_read,exposure_only,exposure,False,False,False,True,True,False,False,0,0,0,1,1,0,0,0.0,
goodreads_shannon,book_547a7abefe611fa7,work_4633f3b469fd6f07,1,read,positive,strong,True,True,False,False,False,False,False,1,1,0,0,0,0,0,3.0,
goodreads_shannon,book_547b04f2aee0a93b,work_ce0bca05891d8318,1,read,positive,strong,True,True,False,False,False,False,False,1,1,0,0,0,0,0,4.0,2021-01-27T00:00:00+00:00
goodreads_shannon,book_54b07a9eeb545052,work_2898710a2aa0067e,1,read,positive,strong,True,True,False,False,False,False,False,1,1,0,0,0,0,0,4.0,2024-01-29T00:00:00+00:00
goodreads_shannon,book_54d1b45f9d97b907,work_901479c8f82c1b56,1,read,positive,strong,True,True,False,False,False,False,False,1,1,0,0,0,0,0,3.0,2020-12-26T00:00:00+00:00
goodreads_shannon,book_54d6cbffec3e0c98,work_a576f22ea5d13e9f,1,to_read,exposure_only,exposure,False,False,False,True,True,False,False,0,0,0,1,1,0,0,0.0,
goodreads_shannon,book_54db20d784c20e50,work_0b260949c7610a00,1,to_read,exposure_only,exposure,False,False,False,True,True,False,False,0,0,0,1,1,0,0,0.0,
goodreads_shannon,book_54f7aa5cf40f46ba,work_15a0c0f0c323eef3,1,to_read,exposure_only,exposure,False,False,False,True,True,False,False,0,0,0,1,1,0,0,0.0,
goodreads_shannon,book_55147fc0ab62d6a2,work_07a05f585771b9f0,1,to_read,exposure_only,exposure,False,False,False,True,True,False,False,0,0,0,1,1,0,0,0.0,
goodreads_shannon,book_55212d080ced95d2,work_954a593f5465c2c3,1,to_read,exposure_only,exposure,False,False,False,True,True,False,False,0,0,0,1,1,0,0,0.0,
goodreads_shannon,book_554580dd150007cf,work_bbe59699b1d45840,1,read,positive,strong,True,True,False,False,False,False,False,1,1,0,0,0,0,0,5.0,2026-03-10T00:00:00+00:00
goodreads_shannon,book_554ffb3c35345290,work_9943d6d5a2eb902a,1,to_read,exposure_only,exposure,False,False,False,True,True,False,False,0,0,0,1,1,0,0,0.0,
goodreads_shannon,book_558fcd603f7b19c1,work_45605a2842d606d4,1,read,positive,strong,True,True,False,False,False,False,False,1,1,0,0,0,0,0,4.0,2022-07-17T00:00:00+00:00
goodreads_shannon,book_559d949fd3989478,work_cc761ffee68f3b47,1,to_read,exposure_only,exposure,False,False,False,True,True,False,False,0,0,0,1,1,0,0,0.0,
goodreads_shannon,book_55ba9778dd1fd126,work_bc611c7167660ca7,1,read,positive,strong,True,True,False,False,False,False,False,1,1,0,0,0,0,0,3.0,2019-09-27T00:00:00+00:00
goodreads_shannon,book_55bb5f2f2122cd2d,work_c335d2ef50d850d9,1,to_read,exposure_only,exposure,False,False,False,True,True,False,False,0,0,0,1,1,0,0,0.0,
goodreads_shannon,book_55c446a0764f85c8,work_5ee0587df57a602f,1,read,positive,strong,True,True,False,False,False,False,False,1,1,0,0,0,0,0,4.0,
goodreads_shannon,book_55cc04e85ddebc89,work_12c2616045a2bedc,1,read,read_without_preference,moderate,True,False,False,False,False,False,False,1,0,0,0,0,0,0,0.0,2020-12-12T00:00:00+00:00
goodreads_shannon,book_5636100ba1d5592c,work_af77c10ba949ecd9,1,read,positive,strong,True,True,False,False,False,False,False,1,1,0,0,0,0,0,4.0,
goodreads_shannon,book_5636b59b0e8bc1b2,work_aed37de7ac421bf9,1,to_read,exposure_only,exposure,False,False,False,True,True,False,False,0,0,0,1,1,0,0,0.0,
goodreads_shannon,book_5674f09d40cc731a,work_8d71d7aef0acb02e,1,to_read,exposure_only,exposure,False,False,False,True,True,False,False,0,0,0,1,1,0,0,0.0,
goodreads_shannon,book_5693b1571b97d401,work_b78b4b0a4b7d88c6,1,read,positive,strong,True,True,False,False,False,False,False,1,1,0,0,0,0,0,3.0,2023-03-24T00:00:00+00:00
goodreads_shannon,book_56a8522d218e30cb,work_a635a692764d317c,1,read,positive,strong,True,True,False,False,False,False,False,1,1,0,0,0,0,0,4.0,2023-12-14T00:00:00+00:00
goodreads_shannon,book_56c2b08123f7c568,work_fc53250bcc582a45,1,to_read,exposure_only,exposure,False,False,False,True,True,False,False,0,0,0,1,1,0,0,0.0,
goodreads_shannon,book_56c6c413208db859,work_991d5fa197973c6f,1,to_read,exposure_only,exposure,False,False,False,True,True,False,False,0,0,0,1,1,0,0,0.0,
goodreads_shannon,book_56e682f2c5eefd93,work_22a463b52a5590fe,1,to_read,exposure_only,exposure,False,False,False,True,True,False,False,0,0,0,1,1,0,0,0.0,
goodreads_shannon,book_57039a914dc44a2d,work_da4136050519ecd7,1,to_read,exposure_only,exposure,False,False,False,True,True,False,False,0,0,0,1,1,0,0,0.0,
goodreads_shannon,book_570413ab74290689,work_7bf71e07e5485bad,1,to_read,exposure_only,exposure,False,False,False,True,True,False,False,0,0,0,1,1,0,0,0.0,
goodreads_shannon,book_572526a8a30ad4a1,work_405f307e5dca88eb,1,read,positive,strong,True,True,False,False,False,False,False,1,1,0,0,0,0,0,4.0,2023-09-03T00:00:00+00:00
goodreads_shannon,book_57a5d8b3a1a9f3ee,work_f2183acb3f52e9b6,1,read,positive,strong,True,True,False,False,False,False,False,1,1,0,0,0,0,0,4.0,2022-09-23T00:00:00+00:00
goodreads_shannon,book_57b183d7da9f11fd,work_2ff18189b561d061,1,to_read,exposure_only,exposure,False,False,False,True,True,False,False,0,0,0,1,1,0,0,0.0,
goodreads_shannon,book_580831ba53df2d7a,work_a9f82e9ddb3c3df1,1,to_read,exposure_only,exposure,False,False,False,True,True,False,False,0,0,0,1,1,0,0,0.0,
goodreads_shannon,book_5808695eed7a9ef2,work_4daea6a1d09d636a,1,read,positive,strong,True,True,False,False,False,False,False,1,1,0,0,0,0,0,3.0,
goodreads_shannon,book_583a38de49f7ed15,work_65f0cab595ac665d,1,to_read,exposure_only,exposure,False,False,False,True,True,False,False,0,0,0,1,1,0,0,0.0,
goodreads_shannon,book_5859f30ac0898d11,work_1e68a8a98b8acb52,1,to_read,exposure_only,exposure,False,False,False,True,True,False,False,0,0,0,1,1,0,0,0.0,
goodreads_shannon,book_586a3c22aeccfb63,work_dd2f82255aae8a86,1,read,positive,strong,True,True,False,False,False,False,False,1,1,0,0,0,0,0,4.0,2023-08-19T00:00:00+00:00
goodreads_shannon,book_589285e23fc764a7,work_7cba18c6b9714ede,1,to_read,exposure_only,exposure,False,False,False,True,True,False,False,0,0,0,1,1,0,0,0.0,
goodreads_shannon,book_58e9daa4f114364d,work_be9ec709bc8a0f32,1,read,positive,strong,True,True,False,False,False,False,False,1,1,0,0,0,0,0,4.0,2020-04-07T00:00:00+00:00
goodreads_shannon,book_593e7588610527e1,work_7e46722a953feef9,1,read,positive,strong,True,True,False,False,False,False,False,1,1,0,0,0,0,0,5.0,2022-05-08T00:00:00+00:00
goodreads_shannon,book_594ccbcba498d3c7,work_0c44e4a8b1f0c302,1,read,positive,strong,True,True,False,False,False,False,False,1,1,0,0,0,0,0,4.0,2019-06-17T00:00:00+00:00
goodreads_shannon,book_59d3bc0d06794ee2,work_3916468150763785,1,to_read,exposure_only,exposure,False,False,False,True,True,False,False,0,0,0,1,1,0,0,0.0,
goodreads_shannon,book_59eafa28cf33152f,work_24abdb632e6814c2,1,read,read_without_preference,moderate,True,False,False,False,False,False,False,1,0,0,0,0,0,0,0.0,2021-09-24T00:00:00+00:00
goodreads_shannon,book_5a1ca29306c9631f,work_0f68f11d890523ff,1,to_read,exposure_only,exposure,False,False,False,True,True,False,False,0,0,0,1,1,0,0,0.0,
goodreads_shannon,book_5a1dbea53d87d13c,work_3e81ea05e00d59f3,1,read,positive,strong,True,True,False,False,False,False,False,1,1,0,0,0,0,0,5.0,2022-08-18T00:00:00+00:00
goodreads_shannon,book_5a495262e1a17b82,work_9e6c14f32ae23e8a,1,to_read,exposure_only,exposure,False,False,False,True,True,False,False,0,0,0,1,1,0,0,0.0,
goodreads_shannon,book_5a6705f27622677a,work_0881971a786a24f3,1,read,positive,strong,True,True,False,False,False,False,False,1,1,0,0,0,0,0,4.0,2025-02-13T00:00:00+00:00
goodreads_shannon,book_5a8245e5656af3a6,work_47cc99cbaa3736e0,1,to_read,exposure_only,exposure,False,False,False,True,True,False,False,0,0,0,1,1,0,0,0.0,
goodreads_shannon,book_5aaf6f234799251f,work_d8ec27f074118304,1,to_read,exposure_only,exposure,False,False,False,True,True,False,False,0,0,0,1,1,0,0,0.0,
goodreads_shannon,book_5ad53355364b953a,work_b424acc34f82f4b6,1,to_read,exposure_only,exposure,False,False,False,True,True,False,False,0,0,0,1,1,0,0,0.0,
goodreads_shannon,book_5ae42495039cd476,work_ea53eab8375f60ab,1,read,positive,strong,True,True,False,False,False,False,False,1,1,0,0,0,0,0,4.0,
goodreads_shannon,book_5b08f64fc3c44393,work_064f41bda1e89969,1,to_read,exposure_only,exposure,False,False,False,True,True,False,False,0,0,0,1,1,0,0,0.0,
goodreads_shannon,book_5b15af71387ef612,work_d72ad06649bf9837,1,to_read,exposure_only,exposure,False,False,False,True,True,False,False,0,0,0,1,1,0,0,0.0,
goodreads_shannon,book_5b8dd3d6a40646c2,work_72bbdfaaab80e910,1,read,positive,strong,True,True,False,False,False,False,False,1,1,0,0,0,0,0,5.0,2022-12-28T00:00:00+00:00
goodreads_shannon,book_5b970d30f3b1baf9,work_0dc60cceff63f978,1,to_read,exposure_only,exposure,False,False,False,True,True,False,False,0,0,0,1,1,0,0,0.0,
goodreads_shannon,book_5be2dd804e234dc7,work_c2f8020710c72d88,1,to_read,exposure_only,exposure,False,False,False,True,True,False,False,0,0,0,1,1,0,0,0.0,
goodreads_shannon,book_5c32469954e35d56,work_7005bbed59d089af,1,read,positive,strong,True,True,False,False,False,False,False,1,1,0,0,0,0,0,4.0,2019-03-25T00:00:00+00:00
goodreads_shannon,book_5c4cbe12dd26ae39,work_df38e135e28550a3,1,to_read,exposure_only,exposure,False,False,False,True,True,False,False,0,0,0,1,1,0,0,0.0,
goodreads_shannon,book_5c5a7d28f79cca4c,work_05e666733d395d73,1,read,positive,strong,True,True,False,False,False,False,False,1,1,0,0,0,0,0,5.0,2024-11-10T00:00:00+00:00
goodreads_shannon,book_5c74bdc35b224aba,work_0dba8609e03eb54f,1,read,positive,strong,True,True,False,False,False,False,False,1,1,0,0,0,0,0,3.0,2021-02-28T00:00:00+00:00
goodreads_shannon,book_5c88f89e84ba5ade,work_346ab623bff9fe93,1,to_read,exposure_only,exposure,False,False,False,True,True,False,False,0,0,0,1,1,0,0,0.0,
goodreads_shannon,book_5cbd2acf7cc73c54,work_d73774a7fae4f177,1,to_read,exposure_only,exposure,False,False,False,True,True,False,False,0,0,0,1,1,0,0,0.0,
goodreads_shannon,book_5cca494f1de71804,work_0cb9e5b414947c7e,1,to_read,exposure_only,exposure,False,False,False,True,True,False,False,0,0,0,1,1,0,0,0.0,
goodreads_shannon,book_5cfbb0eb79594734,work_a076d7eadc217a05,1,to_read,exposure_only,exposure,False,False,False,True,True,False,False,0,0,0,1,1,0,0,0.0,
goodreads_shannon,book_5cfffc2f8db92dcf,work_916cd9833071fc48,1,to_read,exposure_only,exposure,False,False,False,True,True,False,False,0,0,0,1,1,0,0,0.0,
goodreads_shannon,book_5d06a6fb9e07d424,work_0a281b4508170ef5,1,to_read,exposure_only,exposure,False,False,False,True,True,False,False,0,0,0,1,1,0,0,0.0,
goodreads_shannon,book_5d359352a996d178,work_cafdde645f30507a,1,to_read,exposure_only,exposure,False,False,False,True,True,False,False,0,0,0,1,1,0,0,0.0,
goodreads_shannon,book_5d5d180d6803bfad,work_211792c8d5c63fe6,1,read,positive,strong,True,True,False,False,False,False,False,1,1,0,0,0,0,0,5.0,2022-08-22T00:00:00+00:00
goodreads_shannon,book_5d639b11c056a044,work_688f056d1268093a,1,to_read,exposure_only,exposure,False,False,False,True,True,False,False,0,0,0,1,1,0,0,0.0,
goodreads_shannon,book_5dab139d35a25826,work_23e4b4f6ede12547,1,to_read,exposure_only,exposure,False,False,False,True,True,False,False,0,0,0,1,1,0,0,0.0,
goodreads_shannon,book_5db0bbda3343b61e,work_8e3aa0e0553f4b63,1,to_read,exposure_only,exposure,False,False,False,True,True,False,False,0,0,0,1,1,0,0,0.0,
goodreads_shannon,book_5db911923095da0f,work_7e7bccfc992a67ad,1,to_read,exposure_only,exposure,False,False,False,True,True,False,False,0,0,0,1,1,0,0,0.0,
goodreads_shannon,book_5dbbe152d8c33929,work_6e4f650a81db0103,1,to_read,exposure_only,exposure,False,False,False,True,True,False,False,0,0,0,1,1,0,0,0.0,
goodreads_shannon,book_5dd112fea21839f5,work_2f6d7481298d4761,1,to_read,exposure_only,exposure,False,False,False,True,True,False,False,0,0,0,1,1,0,0,0.0,
goodreads_shannon,book_5dde8c95f2ac6122,work_bbb48ac38695f3bd,1,to_read,exposure_only,exposure,False,False,False,True,True,False,False,0,0,0,1,1,0,0,0.0,
goodreads_shannon,book_5df2a34017c511b4,work_2b93fce5e13367e9,1,to_read,exposure_only,exposure,False,False,False,True,True,False,False,0,0,0,1,1,0,0,0.0,
goodreads_shannon,book_5e1a69ef1e2247c2,work_79e7e3b28da8f4c4,1,to_read,exposure_only,exposure,False,False,False,True,True,False,False,0,0,0,1,1,0,0,0.0,
goodreads_shannon,book_5e2751b38c7bbbeb,work_c376c109a73fe0e5,1,read,positive,strong,True,True,False,False,False,False,False,1,1,0,0,0,0,0,3.0,2023-06-12T00:00:00+00:00
goodreads_shannon,book_5e2aebdc3b24c966,work_79a471fd32a29967,1,to_read,exposure_only,exposure,False,False,False,True,True,False,False,0,0,0,1,1,0,0,0.0,
goodreads_shannon,book_5ea3d1fef51dcb72,work_0e5d8c76a629b0ea,1,to_read,exposure_only,exposure,False,False,False,True,True,False,False,0,0,0,1,1,0,0,0.0,
goodreads_shannon,book_5edcb78abdf17356,work_46344ffe2e944c53,1,to_read,exposure_only,exposure,False,False,False,True,True,False,False,0,0,0,1,1,0,0,0.0,
goodreads_shannon,book_5f28859ea5f3c66a,work_defacdba00c877f2,1,to_read,exposure_only,exposure,False,False,False,True,True,False,False,0,0,0,1,1,0,0,0.0,
goodreads_shannon,book_5f66b229ede68a95,work_d0bdb48ee1c24279,1,read,positive,strong,True,True,False,False,False,False,False,1,1,0,0,0,0,0,3.0,2022-06-18T00:00:00+00:00
goodreads_shannon,book_5f70e4d5c6266973,work_2a6c48371ce0cd91,1,to_read,exposure_only,exposure,False,False,False,True,True,False,False,0,0,0,1,1,0,0,0.0,
goodreads_shannon,book_5f7122f5b574d275,work_1538321ef197ff36,1,read,positive,strong,True,True,False,False,False,False,False,1,1,0,0,0,0,0,4.0,2013-01-19T00:00:00+00:00
goodreads_shannon,book_5f9fbaeda94ac12f,work_7b4d4168cd748023,1,to_read,exposure_only,exposure,False,False,False,True,True,False,False,0,0,0,1,1,0,0,0.0,
goodreads_shannon,book_5fb86f1d0bcf0496,work_a41f7e2958e9fe1f,1,to_read,exposure_only,exposure,False,False,False,True,True,False,False,0,0,0,1,1,0,0,0.0,
goodreads_shannon,book_5fdb4ed6b666e950,work_d7033aaaa9e2060b,1,read,positive,strong,True,True,False,False,False,False,False,1,1,0,0,0,0,0,3.0,2024-07-08T00:00:00+00:00
goodreads_shannon,book_5fe1fe2398331939,work_83a31bf7e0bdd3ef,2,read,positive,strong,True,True,False,True,True,False,False,1,1,0,1,1,0,0,3.0,2024-01-18T00:00:00+00:00
goodreads_shannon,book_5ff89313e48c95e1,work_3ff41eecb4804ffe,1,to_read,exposure_only,exposure,False,False,False,True,True,False,False,0,0,0,1,1,0,0,0.0,
goodreads_shannon,book_604a71caa561f0a3,work_7feb5538539211fc,1,to_read,exposure_only,exposure,False,False,False,True,True,False,False,0,0,0,1,1,0,0,0.0,
goodreads_shannon,book_6061470e278fac0a,work_093e430d3751e28d,1,unknown,unknown,unknown,False,False,False,False,False,False,False,0,0,0,0,0,0,0,0.0,
goodreads_shannon,book_6063e9ee26936d29,work_da823e8a5c212426,1,to_read,exposure_only,exposure,False,False,False,True,True,False,False,0,0,0,1,1,0,0,0.0,
goodreads_shannon,book_6073ae4342c006a0,work_c92689945d1d4051,1,to_read,exposure_only,exposure,False,False,False,True,True,False,False,0,0,0,1,1,0,0,0.0,
goodreads_shannon,book_60c34104a1621021,work_50896549975737f3,1,read,positive,strong,True,True,False,False,False,False,False,1,1,0,0,0,0,0,3.0,2021-10-10T00:00:00+00:00
goodreads_shannon,book_60d284ae20c0dda4,work_26dabcf18bb166e7,1,read,positive,strong,True,True,False,False,False,False,False,1,1,0,0,0,0,0,5.0,
goodreads_shannon,book_60f30f070cec95a0,work_24fa96df23cc2879,1,to_read,exposure_only,exposure,False,False,False,True,True,False,False,0,0,0,1,1,0,0,0.0,
goodreads_shannon,book_610c310023e99b9e,work_c5d5ce0543995c92,1,to_read,exposure_only,exposure,False,False,False,True,True,False,False,0,0,0,1,1,0,0,0.0,
goodreads_shannon,book_61432455a91737ee,work_45daf233493521c4,1,to_read,exposure_only,exposure,False,False,False,True,True,False,False,0,0,0,1,1,0,0,0.0,
goodreads_shannon,book_61af6903939e5922,work_62add38b346cacab,1,read,positive,strong,True,True,False,False,False,False,False,1,1,0,0,0,0,0,5.0,2026-09-15T00:00:00+00:00
goodreads_shannon,book_61f445969a15cfaa,work_0dfb6cd6d8cf1db6,1,to_read,exposure_only,exposure,False,False,False,True,True,False,False,0,0,0,1,1,0,0,0.0,
goodreads_shannon,book_61f4edce0fe7bbca,work_4a05bc2d4e1ef0f3,1,read,positive,strong,True,True,False,False,False,False,False,1,1,0,0,0,0,0,5.0,2022-02-07T00:00:00+00:00
goodreads_shannon,book_62005339c5ba5fdf,work_9124b76fd17d4be5,1,read,positive,strong,True,True,False,False,False,False,False,1,1,0,0,0,0,0,4.0,2020-11-15T00:00:00+00:00
goodreads_shannon,book_6246954c7a37371f,work_c8fdb2ba24d66d05,1,to_read,exposure_only,exposure,False,False,False,True,True,False,False,0,0,0,1,1,0,0,0.0,
goodreads_shannon,book_625fc09be7686385,work_6e74feb8a76431f2,1,to_read,exposure_only,exposure,False,False,False,True,True,False,False,0,0,0,1,1,0,0,0.0,
goodreads_shannon,book_6270ccb60e7176bc,work_4581f99b065b29b4,1,to_read,exposure_only,exposure,False,False,False,True,True,False,False,0,0,0,1,1,0,0,0.0,
goodreads_shannon,book_627f68eef92fc125,work_39bc95bf0e5a7d1b,1,read,positive,strong,True,True,False,False,False,False,False,1,1,0,0,0,0,0,4.0,2022-08-14T00:00:00+00:00
goodreads_shannon,book_62cfa074ade4adaf,work_41c0ad6de4f770bc,1,read,positive,strong,True,True,False,False,False,False,False,1,1,0,0,0,0,0,3.0,2013-03-11T00:00:00+00:00
goodreads_shannon,book_631ea4957281d5cd,work_f08b0cf50faf2397,1,to_read,exposure_only,exposure,False,False,False,True,True,False,False,0,0,0,1,1,0,0,0.0,
goodreads_shannon,book_632d0537ea3cae52,work_b053a4e46eb64554,1,unknown,unknown,unknown,False,False,False,False,False,False,False,0,0,0,0,0,0,0,0.0,
goodreads_shannon,book_63424720a2a0d281,work_85884e626273c248,1,to_read,exposure_only,exposure,False,False,False,True,True,False,False,0,0,0,1,1,0,0,0.0,
goodreads_shannon,book_634c7bebacbc0d6c,work_02a54e5ef126aa92,1,read,positive,strong,True,True,False,False,False,False,False,1,1,0,0,0,0,0,3.0,2024-03-11T00:00:00+00:00
goodreads_shannon,book_634e3668ca988ea6,work_bb56c8afb8b74584,1,to_read,exposure_only,exposure,False,False,False,True,True,False,False,0,0,0,1,1,0,0,0.0,
goodreads_shannon,book_634fc9189e75dbda,work_9b27f4451c6287ee,1,to_read,exposure_only,exposure,False,False,False,True,True,False,False,0,0,0,1,1,0,0,0.0,
goodreads_shannon,book_637646d7a31ed744,work_79b906fa2f23b346,1,to_read,exposure_only,exposure,False,False,False,True,True,False,False,0,0,0,1,1,0,0,0.0,
goodreads_shannon,book_63a06456a1a01b64,work_d81b006fd3a6e66f,1,read,positive,strong,True,True,False,False,False,False,False,1,1,0,0,0,0,0,5.0,
goodreads_shannon,book_63c667a7c12c618a,work_9229e77f0c4cab9b,1,read,positive,strong,True,True,False,False,False,False,False,1,1,0,0,0,0,0,3.0,2022-12-15T00:00:00+00:00
goodreads_shannon,book_63c820252ea7829e,work_230db123c35eb010,1,to_read,exposure_only,exposure,False,False,False,True,True,False,False,0,0,0,1,1,0,0,0.0,
goodreads_shannon,book_63d665daca3cb17e,work_6dd6b92f521dee5a,1,read,positive,strong,True,True,False,False,False,False,False,1,1,0,0,0,0,0,4.0,2023-06-27T00:00:00+00:00
goodreads_shannon,book_63e3514c8a67f140,work_37ea9faf7c4a953a,1,read,positive,strong,True,True,False,False,False,False,False,1,1,0,0,0,0,0,4.0,2023-01-18T00:00:00+00:00
goodreads_shannon,book_63ec0431094f3965,work_23b348b3e2f0b0a7,1,read,positive,strong,True,True,False,False,False,False,False,1,1,0,0,0,0,0,4.0,2026-05-20T00:00:00+00:00
goodreads_shannon,book_63f5e4f23ec1f90d,work_9ac187ac5c6b42b3,1,to_read,exposure_only,exposure,False,False,False,True,True,False,False,0,0,0,1,1,0,0,0.0,
goodreads_shannon,book_63f8d073507dc097,work_580ed5331e5f4b08,1,read,positive,strong,True,True,False,False,False,False,False,1,1,0,0,0,0,0,4.0,2021-12-20T00:00:00+00:00
goodreads_shannon,book_64160eacd6cde831,work_a859e96def34392f,1,read,positive,strong,True,True,False,False,False,False,False,1,1,0,0,0,0,0,4.0,2019-11-10T00:00:00+00:00
goodreads_shannon,book_6440c5340fac28b6,work_7c78ae8745f63f0a,1,to_read,exposure_only,exposure,False,False,False,True,True,False,False,0,0,0,1,1,0,0,0.0,
goodreads_shannon,book_6461d960ce500f76,work_e05225db7bb379e5,1,to_read,exposure_only,exposure,False,False,False,True,True,False,False,0,0,0,1,1,0,0,0.0,
goodreads_shannon,book_64af63a84b336db9,work_da45404bd0e466db,1,read,positive,strong,True,True,False,False,False,False,False,1,1,0,0,0,0,0,5.0,2023-05-10T00:00:00+00:00
goodreads_shannon,book_64e5e45e9c3a6087,work_5f8175877cc79ac3,1,to_read,exposure_only,exposure,False,False,False,True,True,False,False,0,0,0,1,1,0,0,0.0,
goodreads_shannon,book_64fe8ba99bfd7074,work_4e72aa3592bc7337,1,to_read,exposure_only,exposure,False,False,False,True,True,False,False,0,0,0,1,1,0,0,0.0,
goodreads_shannon,book_64fedcfdd32a0aa5,work_ecff6a07155d90c4,2,to_read,exposure_only,exposure,False,False,False,True,True,False,False,0,0,0,2,2,0,0,0.0,
goodreads_shannon,book_650414052a773938,work_a65a02edc751697a,1,read,positive,strong,True,True,False,False,False,False,False,1,1,0,0,0,0,0,5.0,2023-12-14T00:00:00+00:00
goodreads_shannon,book_653a7c95dc59ffde,work_d0ab0456ae17751c,1,read,positive,strong,True,True,False,False,False,False,False,1,1,0,0,0,0,0,4.0,2021-06-03T00:00:00+00:00
goodreads_shannon,book_656250581e1b5dd6,work_308b218a6e714489,1,to_read,exposure_only,exposure,False,False,False,True,True,False,False,0,0,0,1,1,0,0,0.0,
goodreads_shannon,book_657d4349401329e6,work_fb256b8d8e2326d9,1,to_read,exposure_only,exposure,False,False,False,True,True,False,False,0,0,0,1,1,0,0,0.0,
goodreads_shannon,book_6617dfc02389e689,work_7b65482ad6f97951,1,read,positive,strong,True,True,False,False,False,False,False,1,1,0,0,0,0,0,4.0,
goodreads_shannon,book_6644721e059b726d,work_d1ed4bd415dd2c27,1,to_read,exposure_only,exposure,False,False,False,True,True,False,False,0,0,0,1,1,0,0,0.0,
goodreads_shannon,book_665e36c1670ded5f,work_b7d7e20a6b601700,1,read,positive,strong,True,True,False,False,False,False,False,1,1,0,0,0,0,0,3.0,2021-12-28T00:00:00+00:00
goodreads_shannon,book_6695e425d3431f8a,work_d89ff6efe85cc613,1,read,positive,strong,True,True,False,False,False,False,False,1,1,0,0,0,0,0,5.0,
goodreads_shannon,book_66b9f29cd0553800,work_af3fadc327c74a95,1,to_read,exposure_only,exposure,False,False,False,True,True,False,False,0,0,0,1,1,0,0,0.0,
goodreads_shannon,book_66d174e91ca66612,work_00dfe6fe8593a2fc,1,to_read,exposure_only,exposure,False,False,False,True,True,False,False,0,0,0,1,1,0,0,0.0,
goodreads_shannon,book_66ede69908a40283,work_85c18ef6c504e292,1,to_read,exposure_only,exposure,False,False,False,True,True,False,False,0,0,0,1,1,0,0,0.0,
goodreads_shannon,book_67232b2e579d8c83,work_01bb7a4e7445966c,1,read,positive,strong,True,True,False,False,False,False,False,1,1,0,0,0,0,0,3.0,2019-11-07T00:00:00+00:00
goodreads_shannon,book_675ed817bca562a9,work_ff79d5b891cc0a3e,1,read,positive,strong,True,True,False,False,False,False,False,1,1,0,0,0,0,0,3.0,2020-06-21T00:00:00+00:00
goodreads_shannon,book_676a5835c6ae39ce,work_e1f79b851e440773,1,read,positive,strong,True,True,False,False,False,False,False,1,1,0,0,0,0,0,4.0,2026-06-10T00:00:00+00:00
goodreads_shannon,book_6773d275de6ed914,work_2db8cf25f8848b21,1,to_read,exposure_only,exposure,False,False,False,True,True,False,False,0,0,0,1,1,0,0,0.0,
goodreads_shannon,book_6798de89a9ca842e,work_33d5e18294137bb9,3,to_read,exposure_only,exposure,False,False,False,True,True,False,False,0,0,0,3,3,0,0,0.0,
goodreads_shannon,book_679a0963574fd057,work_a5eab70c05d5848c,1,to_read,exposure_only,exposure,False,False,False,True,True,False,False,0,0,0,1,1,0,0,0.0,
goodreads_shannon,book_67a89244f38e28c1,work_e27579df0643999d,1,to_read,exposure_only,exposure,False,False,False,True,True,False,False,0,0,0,1,1,0,0,0.0,
goodreads_shannon,book_67b16a2802d09493,work_df7061c779f751ce,1,read,negative,negative,True,False,True,False,False,False,False,1,0,1,0,0,0,0,2.0,2020-10-30T00:00:00+00:00
goodreads_shannon,book_67dca3b56f47f09d,work_366ee89a4fc7cc37,1,to_read,exposure_only,exposure,False,False,False,True,True,False,False,0,0,0,1,1,0,0,0.0,
goodreads_shannon,book_67df15f5ec8d3e98,work_59d179b5f9dd6286,1,to_read,exposure_only,exposure,False,False,False,True,True,False,False,0,0,0,1,1,0,0,0.0,
goodreads_shannon,book_67f19ef6f1fde697,work_4ba0dca9227703d3,1,to_read,exposure_only,exposure,False,False,False,True,True,False,False,0,0,0,1,1,0,0,0.0,
goodreads_shannon,book_67f6cc9b38c110b6,work_fa9e2b0185efb342,1,read,positive,strong,True,True,False,False,False,False,False,1,1,0,0,0,0,0,3.0,2023-03-11T00:00:00+00:00
goodreads_shannon,book_6825f26499202e53,work_95c82c4fe557b660,1,read,positive,strong,True,True,False,False,False,False,False,1,1,0,0,0,0,0,4.0,2022-02-12T00:00:00+00:00
goodreads_shannon,book_6839fcb0d28b1029,work_5994d0c78503ed25,1,to_read,exposure_only,exposure,False,False,False,True,True,False,False,0,0,0,1,1,0,0,0.0,
goodreads_shannon,book_686223032243a23c,work_4f3a8f3b8bef5f04,1,read,negative,negative,True,False,True,False,False,False,False,1,0,1,0,0,0,0,2.0,2020-11-29T00:00:00+00:00
goodreads_shannon,book_68b65e0c139ab878,work_a429f964261b6801,1,read,positive,strong,True,True,False,False,False,False,False,1,1,0,0,0,0,0,4.0,2024-08-10T00:00:00+00:00
goodreads_shannon,book_68e30d4a5794fbe7,work_25eed7dc219faf99,1,read,positive,strong,True,True,False,False,False,False,False,1,1,0,0,0,0,0,3.0,
goodreads_shannon,book_692e341230a22e04,work_b39d75e7ac862da1,1,read,positive,strong,True,True,False,False,False,False,False,1,1,0,0,0,0,0,4.0,2021-12-21T00:00:00+00:00
goodreads_shannon,book_694a80dcf9134ab5,work_c39af4bc2d7bb91b,1,read,positive,strong,True,True,False,False,False,False,False,1,1,0,0,0,0,0,4.0,2026-03-13T00:00:00+00:00
goodreads_shannon,book_698b8d6fd06b08e9,work_845c31b67c5e6831,1,read,positive,strong,True,True,False,False,False,False,False,1,1,0,0,0,0,0,3.0,2018-01-14T00:00:00+00:00
goodreads_shannon,book_698d475628782539,work_57d0d9670912bb3f,1,to_read,exposure_only,exposure,False,False,False,True,True,False,False,0,0,0,1,1,0,0,0.0,
goodreads_shannon,book_69a304f59764de38,work_bc4ac509c007a369,1,to_read,exposure_only,exposure,False,False,False,True,True,False,False,0,0,0,1,1,0,0,0.0,
goodreads_shannon,book_69c51b5177aebe57,work_e35a7f94556a28b6,1,to_read,exposure_only,exposure,False,False,False,True,True,False,False,0,0,0,1,1,0,0,0.0,
goodreads_shannon,book_69d148397907b790,work_1581bf3c702f6a06,1,read,positive,strong,True,True,False,False,False,False,False,1,1,0,0,0,0,0,3.0,2022-08-21T00:00:00+00:00
goodreads_shannon,book_69e68790db83b35b,work_2561091bed086985,1,to_read,exposure_only,exposure,False,False,False,True,True,False,False,0,0,0,1,1,0,0,0.0,
goodreads_shannon,book_6a1f5196e2c5a706,work_d5c169d1f6216cab,1,to_read,exposure_only,exposure,False,False,False,True,True,False,False,0,0,0,1,1,0,0,0.0,
goodreads_shannon,book_6a5231c729d2ebbe,work_e37b0aabec30664e,1,read,positive,strong,True,True,False,False,False,False,False,1,1,0,0,0,0,0,4.0,2022-06-13T00:00:00+00:00
goodreads_shannon,book_6a5f0e089cd4438d,work_f9f4ab09d9ca3310,1,read,positive,strong,True,True,False,False,False,False,False,1,1,0,0,0,0,0,4.0,2020-06-19T00:00:00+00:00
goodreads_shannon,book_6a83b99b660e323a,work_b340e31a037be7aa,1,to_read,exposure_only,exposure,False,False,False,True,True,False,False,0,0,0,1,1,0,0,0.0,
goodreads_shannon,book_6a8a0ca90ebe4218,work_1c9bf411d9b90608,1,to_read,exposure_only,exposure,False,False,False,True,True,False,False,0,0,0,1,1,0,0,0.0,
goodreads_shannon,book_6ad645f8ce64043b,work_e882174d07f0443a,1,read,positive,strong,True,True,False,False,False,False,False,1,1,0,0,0,0,0,4.0,
goodreads_shannon,book_6aef027d248e2c3a,work_96f2023d3d4c9280,1,read,positive,strong,True,True,False,False,False,False,False,1,1,0,0,0,0,0,4.0,2020-11-21T00:00:00+00:00
goodreads_shannon,book_6b51c8012ea4c369,work_8341688ffd687c30,1,read,positive,strong,True,True,False,False,False,False,False,1,1,0,0,0,0,0,3.0,2013-03-06T00:00:00+00:00
goodreads_shannon,book_6b91fc55958fe403,work_b12cec6bf38c2cf8,1,to_read,exposure_only,exposure,False,False,False,True,True,False,False,0,0,0,1,1,0,0,0.0,
goodreads_shannon,book_6ba4841b0f160788,work_193076b96a4d22f4,1,to_read,exposure_only,exposure,False,False,False,True,True,False,False,0,0,0,1,1,0,0,0.0,
goodreads_shannon,book_6bbc0bc6892825b5,work_c7b3ff2ba84e4a36,1,read,positive,strong,True,True,False,False,False,False,False,1,1,0,0,0,0,0,3.0,2024-07-14T00:00:00+00:00
goodreads_shannon,book_6be4a5739fe89c66,work_3c6f3076fd828b0c,1,read,positive,strong,True,True,False,False,False,False,False,1,1,0,0,0,0,0,5.0,2025-03-08T00:00:00+00:00
goodreads_shannon,book_6c18f37581058942,work_ec03031c6dba8326,1,to_read,exposure_only,exposure,False,False,False,True,True,False,False,0,0,0,1,1,0,0,0.0,
goodreads_shannon,book_6c53b9f802282b79,work_9ddebff670ce6c97,1,read,positive,strong,True,True,False,False,False,False,False,1,1,0,0,0,0,0,5.0,
goodreads_shannon,book_6c92346844f69cfa,work_16ec4fa76c3c011b,1,read,negative,negative,True,False,True,False,False,False,False,1,0,1,0,0,0,0,2.0,2019-04-01T00:00:00+00:00
goodreads_shannon,book_6cc2a63015c8751e,work_66b95fc6b75b315a,1,to_read,exposure_only,exposure,False,False,False,True,True,False,False,0,0,0,1,1,0,0,0.0,
goodreads_shannon,book_6cc62b5d8c8b61bc,work_ee7c1c0647d99356,1,read,positive,strong,True,True,False,False,False,False,False,1,1,0,0,0,0,0,5.0,2022-07-21T00:00:00+00:00
goodreads_shannon,book_6cd8100e38db8d3b,work_281c8b35a3a2043b,1,read,positive,strong,True,True,False,False,False,False,False,1,1,0,0,0,0,0,4.0,2022-11-22T00:00:00+00:00
goodreads_shannon,book_6cdb01ac201063be,work_cd052fe256086a70,1,to_read,exposure_only,exposure,False,False,False,True,True,False,False,0,0,0,1,1,0,0,0.0,
goodreads_shannon,book_6cdd8c5823634977,work_6ebe8912577f63a9,1,read,negative,negative,True,False,True,False,False,False,False,1,0,1,0,0,0,0,2.0,2026-04-24T00:00:00+00:00
goodreads_shannon,book_6cedac86b0102aaf,work_3d53e7829a9d098b,1,to_read,exposure_only,exposure,False,False,False,True,True,False,False,0,0,0,1,1,0,0,0.0,
goodreads_shannon,book_6d156c0345ab6456,work_6dacbb13b0deb606,1,read,positive,strong,True,True,False,False,False,False,False,1,1,0,0,0,0,0,4.0,2023-03-12T00:00:00+00:00
goodreads_shannon,book_6d333ee6fa4397ef,work_cceba6390570cb00,1,to_read,exposure_only,exposure,False,False,False,True,True,False,False,0,0,0,1,1,0,0,0.0,
goodreads_shannon,book_6d3e91c4a8782b04,work_a0ba7dad677c413a,1,to_read,exposure_only,exposure,False,False,False,True,True,False,False,0,0,0,1,1,0,0,0.0,
goodreads_shannon,book_6d43c6e264e988d4,work_3201e56be92f53e4,1,read,positive,strong,True,True,False,False,False,False,False,1,1,0,0,0,0,0,3.0,2024-07-16T00:00:00+00:00
goodreads_shannon,book_6d5c43efc4655b71,work_6ada65e949382e6c,1,to_read,exposure_only,exposure,False,False,False,True,True,False,False,0,0,0,1,1,0,0,0.0,
goodreads_shannon,book_6dc67f1d6e28b655,work_3f7f690d7fc36d30,1,to_read,exposure_only,exposure,False,False,False,True,True,False,False,0,0,0,1,1,0,0,0.0,
goodreads_shannon,book_6dcd59b111f01249,work_598f309d338d2515,1,read,positive,strong,True,True,False,False,False,False,False,1,1,0,0,0,0,0,3.0,2024-02-02T00:00:00+00:00
goodreads_shannon,book_6dcf5965cbb875ae,work_0f0c3ecfcb9a70e9,1,to_read,exposure_only,exposure,False,False,False,True,True,False,False,0,0,0,1,1,0,0,0.0,
goodreads_shannon,book_6df4c74a9c785e39,work_a7ee13c84d91d8bf,1,to_read,exposure_only,exposure,False,False,False,True,True,False,False,0,0,0,1,1,0,0,0.0,
goodreads_shannon,book_6df6f34514dd248e,work_5e8b7ce9516fd0b0,1,to_read,exposure_only,exposure,False,False,False,True,True,False,False,0,0,0,1,1,0,0,0.0,
goodreads_shannon,book_6df75b173f41bf7a,work_fdf1ec97d5ffaa3e,1,to_read,exposure_only,exposure,False,False,False,True,True,False,False,0,0,0,1,1,0,0,0.0,
goodreads_shannon,book_6e63c2e2d6328f84,work_1eb9efc6e73aade7,1,to_read,exposure_only,exposure,False,False,False,True,True,False,False,0,0,0,1,1,0,0,0.0,
goodreads_shannon,book_6e94a2603e0c34c3,work_9fd5a8596d33044e,1,to_read,exposure_only,exposure,False,False,False,True,True,False,False,0,0,0,1,1,0,0,0.0,
goodreads_shannon,book_6e9a0709ba81c695,work_1d1ef446e5417180,1,to_read,exposure_only,exposure,False,False,False,True,True,False,False,0,0,0,1,1,0,0,0.0,
goodreads_shannon,book_6ea146780024a12e,work_99691c095da482f6,1,read,positive,strong,True,True,False,False,False,False,False,1,1,0,0,0,0,0,3.0,
goodreads_shannon,book_6ee0cf37d916c97c,work_3bf336eac01bf5a8,1,read,positive,strong,True,True,False,False,False,False,False,1,1,0,0,0,0,0,5.0,2025-10-27T00:00:00+00:00
goodreads_shannon,book_6f2083d3d5a2ae49,work_5223187e9aa1e18f,1,to_read,exposure_only,exposure,False,False,False,True,True,False,False,0,0,0,1,1,0,0,0.0,
goodreads_shannon,book_6f41ea819fccd82a,work_6824254c13e3eb72,1,read,positive,strong,True,True,False,False,False,False,False,1,1,0,0,0,0,0,3.0,2024-06-19T00:00:00+00:00
goodreads_shannon,book_6f79f81b0c9ec1fc,work_cc30be47d059ab45,1,to_read,exposure_only,exposure,False,False,False,True,True,False,False,0,0,0,1,1,0,0,0.0,
goodreads_shannon,book_6f8bdc27012823cd,work_f610b07021bbf575,1,to_read,exposure_only,exposure,False,False,False,True,True,False,False,0,0,0,1,1,0,0,0.0,
goodreads_shannon,book_6f94a325e334845b,work_ea2056dbec434bf2,1,read,positive,strong,True,True,False,False,False,False,False,1,1,0,0,0,0,0,5.0,2026-02-15T00:00:00+00:00
goodreads_shannon,book_6fa1ed81be1df2fe,work_3e5f63908b36487a,1,to_read,exposure_only,exposure,False,False,False,True,True,False,False,0,0,0,1,1,0,0,0.0,
goodreads_shannon,book_6fa777bab09be79a,work_658504d8a929c34f,1,to_read,exposure_only,exposure,False,False,False,True,True,False,False,0,0,0,1,1,0,0,0.0,
goodreads_shannon,book_6fc392a15d12b736,work_fb6a8e862a986756,1,currently_reading,exposure_only,exposure,False,False,False,True,False,True,False,0,0,0,1,0,1,0,0.0,
goodreads_shannon,book_6fef5e1082ea9698,work_3bb0fb35a711f85b,1,read,positive,strong,True,True,False,False,False,False,False,1,1,0,0,0,0,0,5.0,2022-01-23T00:00:00+00:00
goodreads_shannon,book_7026172660494b1f,work_909b6873bda192b9,1,to_read,exposure_only,exposure,False,False,False,True,True,False,False,0,0,0,1,1,0,0,0.0,
goodreads_shannon,book_705ed2a03f98ebfe,work_8a75275ebee253f1,1,read,positive,strong,True,True,False,False,False,False,False,1,1,0,0,0,0,0,4.0,2020-04-07T00:00:00+00:00
goodreads_shannon,book_7068958dcb7b8075,work_e9cf3a2435539c4c,1,to_read,exposure_only,exposure,False,False,False,True,True,False,False,0,0,0,1,1,0,0,0.0,
goodreads_shannon,book_70aa19c23062b63d,work_ef6611b015174c1b,1,to_read,exposure_only,exposure,False,False,False,True,True,False,False,0,0,0,1,1,0,0,0.0,
goodreads_shannon,book_70b8f66db57290d3,work_e126d2d7690623f4,1,to_read,exposure_only,exposure,False,False,False,True,True,False,False,0,0,0,1,1,0,0,0.0,
goodreads_shannon,book_70d1c8fe058296cd,work_26a213fdae5b78dc,1,to_read,exposure_only,exposure,False,False,False,True,True,False,False,0,0,0,1,1,0,0,0.0,
goodreads_shannon,book_70d538a082856169,work_db66aa701fe6b68c,1,to_read,exposure_only,exposure,False,False,False,True,True,False,False,0,0,0,1,1,0,0,0.0,
goodreads_shannon,book_7102a7567a5ae73f,work_135a39bd52af5a51,1,to_read,exposure_only,exposure,False,False,False,True,True,False,False,0,0,0,1,1,0,0,0.0,
goodreads_shannon,book_7104ffea2ed3ab2d,work_c352974c0b1c4c16,1,to_read,exposure_only,exposure,False,False,False,True,True,False,False,0,0,0,1,1,0,0,0.0,
goodreads_shannon,book_7182ce6089ccb10a,work_98f18619587bcd7d,1,read,positive,strong,True,True,False,False,False,False,False,1,1,0,0,0,0,0,3.0,2023-02-23T00:00:00+00:00
goodreads_shannon,book_7197edfdfb686718,work_92af246d6b7008c1,1,to_read,exposure_only,exposure,False,False,False,True,True,False,False,0,0,0,1,1,0,0,0.0,
goodreads_shannon,book_719c88f8b9e8c3f4,work_58299c14c6d36467,1,read,negative,negative,True,False,True,False,False,False,False,1,0,1,0,0,0,0,2.0,2018-03-09T00:00:00+00:00
goodreads_shannon,book_71b55a056ef7352e,work_008c6e8a9575acf9,1,read,positive,strong,True,True,False,False,False,False,False,1,1,0,0,0,0,0,4.0,
goodreads_shannon,book_71cf15544f15f039,work_52b1f245e4a926ef,1,read,positive,strong,True,True,False,False,False,False,False,1,1,0,0,0,0,0,3.0,2024-04-16T00:00:00+00:00
goodreads_shannon,book_7202030fe25625cc,work_9f9ec30e1c4877b8,1,read,positive,strong,True,True,False,False,False,False,False,1,1,0,0,0,0,0,3.0,2021-01-22T00:00:00+00:00
goodreads_shannon,book_72321c203b960457,work_8a4cce533a48120b,1,to_read,exposure_only,exposure,False,False,False,True,True,False,False,0,0,0,1,1,0,0,0.0,
goodreads_shannon,book_7246d79761aa6cf7,work_ec41c61e301c800a,1,read,positive,strong,True,True,False,False,False,False,False,1,1,0,0,0,0,0,4.0,2022-06-18T00:00:00+00:00
goodreads_shannon,book_72b102a4f23c12f6,work_5b92e228c04c1f42,1,to_read,exposure_only,exposure,False,False,False,True,True,False,False,0,0,0,1,1,0,0,0.0,
goodreads_shannon,book_72f168e3968268e4,work_4f5795ee98e19d65,1,to_read,exposure_only,exposure,False,False,False,True,True,False,False,0,0,0,1,1,0,0,0.0,
goodreads_shannon,book_72f3ef793feca2da,work_df59379909b21ad8,1,to_read,exposure_only,exposure,False,False,False,True,True,False,False,0,0,0,1,1,0,0,0.0,
goodreads_shannon,book_72fdf3162ded1470,work_ff6c6a164a242401,1,read,negative,negative,True,False,True,False,False,False,False,1,0,1,0,0,0,0,2.0,2022-04-21T00:00:00+00:00
goodreads_shannon,book_7333aa93472dd5fc,work_ab8e7db945b8e5e0,1,read,positive,strong,True,True,False,False,False,False,False,1,1,0,0,0,0,0,4.0,
goodreads_shannon,book_733f93c4319ef102,work_a5226c999e97eae2,1,to_read,exposure_only,exposure,False,False,False,True,True,False,False,0,0,0,1,1,0,0,0.0,
goodreads_shannon,book_73ab86967081ada2,work_b7f93fa51b909638,1,to_read,exposure_only,exposure,False,False,False,True,True,False,False,0,0,0,1,1,0,0,0.0,
goodreads_shannon,book_73d6d675ebca1036,work_59c1847c7394c575,1,to_read,exposure_only,exposure,False,False,False,True,True,False,False,0,0,0,1,1,0,0,0.0,
goodreads_shannon,book_73e75377ead422ad,work_de0a40dbe9fb3eee,1,to_read,exposure_only,exposure,False,False,False,True,True,False,False,0,0,0,1,1,0,0,0.0,
goodreads_shannon,book_73f8afc91af668f8,work_f81bb9fc7b66e53b,2,to_read,exposure_only,exposure,False,False,False,True,True,False,False,0,0,0,2,2,0,0,0.0,
goodreads_shannon,book_74710ad65559bd4a,work_27f54995e507aad4,1,read,positive,strong,True,True,False,False,False,False,False,1,1,0,0,0,0,0,4.0,2019-12-30T00:00:00+00:00
goodreads_shannon,book_74796b8ad3c6d9ad,work_31c37196aca878e0,1,to_read,exposure_only,exposure,False,False,False,True,True,False,False,0,0,0,1,1,0,0,0.0,
goodreads_shannon,book_7483ef41901ba401,work_2db3d4f019c51795,1,read,positive,strong,True,True,False,False,False,False,False,1,1,0,0,0,0,0,5.0,2026-02-09T00:00:00+00:00
goodreads_shannon,book_7496475d16b288b0,work_9a63682a5336577c,1,to_read,exposure_only,exposure,False,False,False,True,True,False,False,0,0,0,1,1,0,0,0.0,
goodreads_shannon,book_7514bda0653bc7f2,work_be887dd56d7edf10,1,to_read,exposure_only,exposure,False,False,False,True,True,False,False,0,0,0,1,1,0,0,0.0,
goodreads_shannon,book_75a569ebe561a817,work_397fb262d270d883,1,to_read,exposure_only,exposure,False,False,False,True,True,False,False,0,0,0,1,1,0,0,0.0,
goodreads_shannon,book_75b4460a2721eff7,work_d2b20058f63dbb4a,1,to_read,exposure_only,exposure,False,False,False,True,True,False,False,0,0,0,1,1,0,0,0.0,
goodreads_shannon,book_75e23dda3aadb680,work_60906e17f73bda6b,1,read,positive,strong,True,True,False,False,False,False,False,1,1,0,0,0,0,0,3.0,2023-01-12T00:00:00+00:00
goodreads_shannon,book_75e49d72c5597eac,work_21d3cc432c81cd71,1,read,positive,strong,True,True,False,False,False,False,False,1,1,0,0,0,0,0,5.0,2025-02-28T00:00:00+00:00
goodreads_shannon,book_75ef2a0367af39a7,work_310639f85dd145f4,1,read,positive,strong,True,True,False,False,False,False,False,1,1,0,0,0,0,0,4.0,2017-05-09T00:00:00+00:00
goodreads_shannon,book_75f8e8860e240679,work_a01aaa5469ae178f,1,to_read,exposure_only,exposure,False,False,False,True,True,False,False,0,0,0,1,1,0,0,0.0,
goodreads_shannon,book_764e4764c7f2ca18,work_c47ef37d33838d02,1,to_read,exposure_only,exposure,False,False,False,True,True,False,False,0,0,0,1,1,0,0,0.0,
goodreads_shannon,book_7658436dccc2a74e,work_da976399537efdde,1,to_read,exposure_only,exposure,False,False,False,True,True,False,False,0,0,0,1,1,0,0,0.0,
goodreads_shannon,book_7677e5d9e7c30aa8,work_baa0763c06292df7,1,read,positive,strong,True,True,False,False,False,False,False,1,1,0,0,0,0,0,4.0,
goodreads_shannon,book_76788e1d5dea5a3f,work_286bf69b15cd3766,1,to_read,exposure_only,exposure,False,False,False,True,True,False,False,0,0,0,1,1,0,0,0.0,
goodreads_shannon,book_76a5c47a5fecc8cc,work_14845b003948e1ef,1,to_read,exposure_only,exposure,False,False,False,True,True,False,False,0,0,0,1,1,0,0,0.0,
goodreads_shannon,book_76c9f3e8a8d9bb93,work_fc0bfe11dc407553,1,read,positive,strong,True,True,False,False,False,False,False,1,1,0,0,0,0,0,4.0,2020-06-09T00:00:00+00:00
goodreads_shannon,book_76d4a9e31e1b0516,work_746435f631a08428,1,read,positive,strong,True,True,False,False,False,False,False,1,1,0,0,0,0,0,4.0,2020-10-12T00:00:00+00:00
goodreads_shannon,book_76ff1bc55bbc441f,work_03f563c4bc154b81,1,to_read,exposure_only,exposure,False,False,False,True,True,False,False,0,0,0,1,1,0,0,0.0,
goodreads_shannon,book_778f10eac956cf7e,work_39135451f9cb67e4,1,to_read,exposure_only,exposure,False,False,False,True,True,False,False,0,0,0,1,1,0,0,0.0,
goodreads_shannon,book_77fcb95bf37de72c,work_597dba71224610f6,1,read,positive,strong,True,True,False,False,False,False,False,1,1,0,0,0,0,0,4.0,2020-05-30T00:00:00+00:00
goodreads_shannon,book_783f48093134cf43,work_de46eb7131b20ab6,1,to_read,exposure_only,exposure,False,False,False,True,True,False,False,0,0,0,1,1,0,0,0.0,
goodreads_shannon,book_78b0adddbc9b9950,work_2ed61c4f05c138dd,1,to_read,exposure_only,exposure,False,False,False,True,True,False,False,0,0,0,1,1,0,0,0.0,
goodreads_shannon,book_78f9698ad059050a,work_3ca6bb933a383b30,1,read,positive,strong,True,True,False,False,False,False,False,1,1,0,0,0,0,0,3.0,2021-01-14T00:00:00+00:00
goodreads_shannon,book_79002dfc8cae8304,work_37b50d3ade92bfbd,1,to_read,exposure_only,exposure,False,False,False,True,True,False,False,0,0,0,1,1,0,0,0.0,
goodreads_shannon,book_796eee0f049f8458,work_69c2766f088c99a5,2,to_read,exposure_only,exposure,False,False,False,True,True,False,False,0,0,0,2,2,0,0,0.0,
goodreads_shannon,book_7972f2b30cec2ac0,work_597067caf19194b8,1,read,positive,strong,True,True,False,False,False,False,False,1,1,0,0,0,0,0,4.0,2022-01-29T00:00:00+00:00
goodreads_shannon,book_79c55e6c8467395a,work_6d4723bd0c0e48fc,1,read,positive,strong,True,True,False,False,False,False,False,1,1,0,0,0,0,0,4.0,2019-03-14T00:00:00+00:00
goodreads_shannon,book_79e0004998728910,work_efc2ae129252f8d7,1,to_read,exposure_only,exposure,False,False,False,True,True,False,False,0,0,0,1,1,0,0,0.0,
goodreads_shannon,book_79e3d1e233616728,work_8d45cb54ab6a9119,1,to_read,exposure_only,exposure,False,False,False,True,True,False,False,0,0,0,1,1,0,0,0.0,
goodreads_shannon,book_79f14827fc8707db,work_cde73a3158089752,1,to_read,exposure_only,exposure,False,False,False,True,True,False,False,0,0,0,1,1,0,0,0.0,
goodreads_shannon,book_7a0323d22d27677c,work_fdea78a52e6aa8aa,1,read,positive,strong,True,True,False,False,False,False,False,1,1,0,0,0,0,0,3.0,2019-05-12T00:00:00+00:00
goodreads_shannon,book_7a2e6bdd09e76de6,work_222ff9da7291698b,2,to_read,exposure_only,exposure,False,False,False,True,True,False,False,0,0,0,2,2,0,0,0.0,
goodreads_shannon,book_7a5ef27f84d5fc59,work_d0c2a0b2ed28fb63,1,to_read,exposure_only,exposure,False,False,False,True,True,False,False,0,0,0,1,1,0,0,0.0,
goodreads_shannon,book_7af3eafe912d27a7,work_001345008093a33e,1,to_read,exposure_only,exposure,False,False,False,True,True,False,False,0,0,0,1,1,0,0,0.0,
goodreads_shannon,book_7b1f8abb4c237fe0,work_c7c33f98fdcaa328,1,read,positive,strong,True,True,False,False,False,False,False,1,1,0,0,0,0,0,3.0,2020-06-15T00:00:00+00:00
goodreads_shannon,book_7b291dfca5230715,work_8a3a566bcb867192,1,to_read,exposure_only,exposure,False,False,False,True,True,False,False,0,0,0,1,1,0,0,0.0,
goodreads_shannon,book_7bb1566654b490ea,work_bc25cb70e2edf2dd,1,to_read,exposure_only,exposure,False,False,False,True,True,False,False,0,0,0,1,1,0,0,0.0,
goodreads_shannon,book_7bba6c1b19cbd412,work_632008de2c1ac04c,1,read,positive,strong,True,True,False,False,False,False,False,1,1,0,0,0,0,0,4.0,2023-01-15T00:00:00+00:00
goodreads_shannon,book_7bc3e9b34974c07d,work_76e90c9408f6d73f,1,read,positive,strong,True,True,False,False,False,False,False,1,1,0,0,0,0,0,5.0,2026-03-31T00:00:00+00:00
goodreads_shannon,book_7bc513c797654467,work_2bfa1d7ce93966b1,1,to_read,exposure_only,exposure,False,False,False,True,True,False,False,0,0,0,1,1,0,0,0.0,
goodreads_shannon,book_7bd1aa8c968ea8ad,work_79603df5e91f9796,1,to_read,exposure_only,exposure,False,False,False,True,True,False,False,0,0,0,1,1,0,0,0.0,
goodreads_shannon,book_7bf33cd34eccd7b7,work_81d87b300cde3822,1,to_read,exposure_only,exposure,False,False,False,True,True,False,False,0,0,0,1,1,0,0,0.0,
goodreads_shannon,book_7c0a38814bdc57f8,work_4c9a329f91a6772b,1,to_read,exposure_only,exposure,False,False,False,True,True,False,False,0,0,0,1,1,0,0,0.0,
goodreads_shannon,book_7c1b70860dfe3ea7,work_7a846e52557f0b72,1,to_read,exposure_only,exposure,False,False,False,True,True,False,False,0,0,0,1,1,0,0,0.0,
goodreads_shannon,book_7c3a2ae9816fb572,work_de75356ff15d3cee,1,to_read,exposure_only,exposure,False,False,False,True,True,False,False,0,0,0,1,1,0,0,0.0,
goodreads_shannon,book_7c9d1f4279bc3229,work_22ca760c3e5cd6dd,1,read,positive,strong,True,True,False,False,False,False,False,1,1,0,0,0,0,0,3.0,2020-04-26T00:00:00+00:00
goodreads_shannon,book_7cb1b48825ff7bf8,work_d9e8bf8cb76e21bb,1,to_read,exposure_only,exposure,False,False,False,True,True,False,False,0,0,0,1,1,0,0,0.0,
goodreads_shannon,book_7cd4f38a0c4fe770,work_8e4b95911d26956c,1,to_read,exposure_only,exposure,False,False,False,True,True,False,False,0,0,0,1,1,0,0,0.0,
goodreads_shannon,book_7ceee845960f28e3,work_badab7184e5d6ddf,1,to_read,exposure_only,exposure,False,False,False,True,True,False,False,0,0,0,1,1,0,0,0.0,
goodreads_shannon,book_7d0896ad4a99a0b7,work_a672db2b9a3e064a,1,to_read,exposure_only,exposure,False,False,False,True,True,False,False,0,0,0,1,1,0,0,0.0,
goodreads_shannon,book_7db21b147d2cc5ad,work_8ccbee920e8170b1,1,read,positive,strong,True,True,False,False,False,False,False,1,1,0,0,0,0,0,4.0,2022-10-24T00:00:00+00:00
goodreads_shannon,book_7e06fcf0c1fd24e5,work_9ff63c74e82ba417,1,to_read,exposure_only,exposure,False,False,False,True,True,False,False,0,0,0,1,1,0,0,0.0,
goodreads_shannon,book_7e18787acc393d94,work_8bc60a911987603a,1,to_read,exposure_only,exposure,False,False,False,True,True,False,False,0,0,0,1,1,0,0,0.0,
goodreads_shannon,book_7e2ce714f60f7338,work_b137b23dad89405a,1,read,positive,strong,True,True,False,False,False,False,False,1,1,0,0,0,0,0,4.0,2020-03-25T00:00:00+00:00
goodreads_shannon,book_7e75fbf87683973b,work_e84b1f170ed2731a,1,read,positive,strong,True,True,False,False,False,False,False,1,1,0,0,0,0,0,4.0,2021-02-11T00:00:00+00:00
goodreads_shannon,book_7e8a6f18592625e1,work_d93c5a2fe864716a,1,read,positive,strong,True,True,False,False,False,False,False,1,1,0,0,0,0,0,5.0,2026-06-10T00:00:00+00:00
goodreads_shannon,book_7eb55c577338abfc,work_03f43d9c5b9f2654,1,to_read,exposure_only,exposure,False,False,False,True,True,False,False,0,0,0,1,1,0,0,0.0,
goodreads_shannon,book_7ebf8e90ee93181f,work_b51ca542bc989dd2,1,to_read,exposure_only,exposure,False,False,False,True,True,False,False,0,0,0,1,1,0,0,0.0,
goodreads_shannon,book_7ed949e1303d684b,work_143d61da42d39d87,1,to_read,exposure_only,exposure,False,False,False,True,True,False,False,0,0,0,1,1,0,0,0.0,
goodreads_shannon,book_7eee1559126b33f6,work_bf0aa0885f634878,1,to_read,exposure_only,exposure,False,False,False,True,True,False,False,0,0,0,1,1,0,0,0.0,
goodreads_shannon,book_7ef65b1f5a518be6,work_9ce0a15268e2d7ef,1,to_read,exposure_only,exposure,False,False,False,True,True,False,False,0,0,0,1,1,0,0,0.0,
goodreads_shannon,book_7f0415bb13fb2a5e,work_c9e219f397834729,1,read,positive,strong,True,True,False,False,False,False,False,1,1,0,0,0,0,0,4.0,2021-12-29T00:00:00+00:00
goodreads_shannon,book_7f6f8b014bef221b,work_4612ea0472d62d22,1,to_read,exposure_only,exposure,False,False,False,True,True,False,False,0,0,0,1,1,0,0,0.0,
goodreads_shannon,book_7f73cd74468b7419,work_0c5942e21bd663f3,1,read,positive,strong,True,True,False,False,False,False,False,1,1,0,0,0,0,0,3.0,2022-10-20T00:00:00+00:00
goodreads_shannon,book_800712e3d2d3032e,work_c777c84eef34598a,1,read,positive,strong,True,True,False,False,False,False,False,1,1,0,0,0,0,0,4.0,
goodreads_shannon,book_8046deb277fb8802,work_de7f3e71d66f33b4,1,to_read,exposure_only,exposure,False,False,False,True,True,False,False,0,0,0,1,1,0,0,0.0,
goodreads_shannon,book_804f4abaca4e1440,work_8691e12a8d0a7443,1,read,positive,strong,True,True,False,False,False,False,False,1,1,0,0,0,0,0,5.0,2020-07-01T00:00:00+00:00
goodreads_shannon,book_809e6ceb0dda967d,work_f48099db61377214,1,to_read,exposure_only,exposure,False,False,False,True,True,False,False,0,0,0,1,1,0,0,0.0,
goodreads_shannon,book_80a27e319ea76a12,work_7ba892174df1dfcf,1,to_read,exposure_only,exposure,False,False,False,True,True,False,False,0,0,0,1,1,0,0,0.0,
goodreads_shannon,book_80c24c4f0eb93b29,work_b65b8d437d25bff0,1,to_read,exposure_only,exposure,False,False,False,True,True,False,False,0,0,0,1,1,0,0,0.0,
goodreads_shannon,book_80ebc8f563abe2d1,work_ee28ccf4b25f65b8,1,to_read,exposure_only,exposure,False,False,False,True,True,False,False,0,0,0,1,1,0,0,0.0,
goodreads_shannon,book_811ba701366c2577,work_0943070774878d27,1,to_read,exposure_only,exposure,False,False,False,True,True,False,False,0,0,0,1,1,0,0,0.0,
goodreads_shannon,book_813d00ded207eea4,work_a5cbb20a95d60d18,1,read,positive,strong,True,True,False,False,False,False,False,1,1,0,0,0,0,0,4.0,2020-12-28T00:00:00+00:00
goodreads_shannon,book_8142663f477fb64b,work_1476bec46c9af8d4,1,to_read,exposure_only,exposure,False,False,False,True,True,False,False,0,0,0,1,1,0,0,0.0,
goodreads_shannon,book_81802f6e9cee31f2,work_6da0c2f40d56f88b,1,to_read,exposure_only,exposure,False,False,False,True,True,False,False,0,0,0,1,1,0,0,0.0,
goodreads_shannon,book_81ba4eef78ece9a5,work_095ca98f9547c6d1,1,read,positive,strong,True,True,False,False,False,False,False,1,1,0,0,0,0,0,5.0,2023-02-24T00:00:00+00:00
goodreads_shannon,book_81fbdd9094f9c284,work_80ffcf2d92b72304,1,to_read,exposure_only,exposure,False,False,False,True,True,False,False,0,0,0,1,1,0,0,0.0,
goodreads_shannon,book_820e22d6f9a07c74,work_6443ed344f373188,1,to_read,exposure_only,exposure,False,False,False,True,True,False,False,0,0,0,1,1,0,0,0.0,
goodreads_shannon,book_822736ec14e393ec,work_5d72fc0535a48b0b,1,to_read,exposure_only,exposure,False,False,False,True,True,False,False,0,0,0,1,1,0,0,0.0,
goodreads_shannon,book_8243293051137db6,work_eeec47443933bb9b,1,read,positive,strong,True,True,False,False,False,False,False,1,1,0,0,0,0,0,4.0,2025-02-27T00:00:00+00:00
goodreads_shannon,book_82522556ca573522,work_8b278eb342187a85,1,to_read,exposure_only,exposure,False,False,False,True,True,False,False,0,0,0,1,1,0,0,0.0,
goodreads_shannon,book_8257ba6272753268,work_8091cfd6a92e2ced,1,read,positive,strong,True,True,False,False,False,False,False,1,1,0,0,0,0,0,3.0,2024-12-03T00:00:00+00:00
goodreads_shannon,book_825dc872f9aa3f7e,work_cf8ba083ea94e4dd,1,to_read,exposure_only,exposure,False,False,False,True,True,False,False,0,0,0,1,1,0,0,0.0,
goodreads_shannon,book_82601fb7da0f0600,work_146248cba1598b6e,1,read,positive,strong,True,True,False,False,False,False,False,1,1,0,0,0,0,0,5.0,2013-02-20T00:00:00+00:00
goodreads_shannon,book_82731717156118d0,work_3c8c458af7e63916,1,read,positive,strong,True,True,False,False,False,False,False,1,1,0,0,0,0,0,4.0,2026-03-04T00:00:00+00:00
goodreads_shannon,book_8290de3b13b90157,work_8e89df4b5be3f1e6,1,read,positive,strong,True,True,False,False,False,False,False,1,1,0,0,0,0,0,5.0,2022-11-23T00:00:00+00:00
goodreads_shannon,book_8296a46007f60554,work_9ae72f8b4256685f,1,read,positive,strong,True,True,False,False,False,False,False,1,1,0,0,0,0,0,5.0,2022-08-15T00:00:00+00:00
goodreads_shannon,book_829af2ae52b90aaa,work_04b83d9b60967320,1,to_read,exposure_only,exposure,False,False,False,True,True,False,False,0,0,0,1,1,0,0,0.0,
goodreads_shannon,book_829d954319fdc405,work_446c8415db43e965,1,to_read,exposure_only,exposure,False,False,False,True,True,False,False,0,0,0,1,1,0,0,0.0,
goodreads_shannon,book_82b2c31c5d142dfe,work_29f13d7d7561c615,2,to_read,exposure_only,exposure,False,False,False,True,True,False,False,0,0,0,2,2,0,0,0.0,
goodreads_shannon,book_82c5a4242a2b3647,work_189ac18e43eaf4b1,1,to_read,exposure_only,exposure,False,False,False,True,True,False,False,0,0,0,1,1,0,0,0.0,
goodreads_shannon,book_82d3c45d1bb03754,work_3accfb99db3b4b80,1,to_read,exposure_only,exposure,False,False,False,True,True,False,False,0,0,0,1,1,0,0,0.0,
goodreads_shannon,book_82f7566c33246359,work_a5bb2499e02dc185,1,to_read,exposure_only,exposure,False,False,False,True,True,False,False,0,0,0,1,1,0,0,0.0,
goodreads_shannon,book_83004fcb8b6f69c6,work_20dd397f8a725982,1,to_read,exposure_only,exposure,False,False,False,True,True,False,False,0,0,0,1,1,0,0,0.0,
goodreads_shannon,book_830dc1d74fde34f9,work_b787684146e2301c,1,read,positive,strong,True,True,False,False,False,False,False,1,1,0,0,0,0,0,3.0,2020-05-17T00:00:00+00:00
goodreads_shannon,book_835850f43a91cc5e,work_64d5e99f27060e78,1,to_read,exposure_only,exposure,False,False,False,True,True,False,False,0,0,0,1,1,0,0,0.0,
goodreads_shannon,book_836ee4449dd2e0c2,work_5dd61a68e6276d09,1,read,positive,strong,True,True,False,False,False,False,False,1,1,0,0,0,0,0,4.0,2020-12-23T00:00:00+00:00
goodreads_shannon,book_838ac6dedb736105,work_3d325e81508eca2c,2,read,positive,strong,True,True,False,True,True,False,False,1,1,0,1,1,0,0,3.0,
goodreads_shannon,book_83b1e87f038e24c5,work_00e319cf23a91ef4,1,to_read,exposure_only,exposure,False,False,False,True,True,False,False,0,0,0,1,1,0,0,0.0,
goodreads_shannon,book_83bf078804402d3c,work_60d4ee570e0ec9b8,1,to_read,exposure_only,exposure,False,False,False,True,True,False,False,0,0,0,1,1,0,0,0.0,
goodreads_shannon,book_83fc312ccbfda6ba,work_d02fd972fca87065,1,to_read,exposure_only,exposure,False,False,False,True,True,False,False,0,0,0,1,1,0,0,0.0,
goodreads_shannon,book_841d93dae7e69f59,work_675914e07837554e,1,read,positive,strong,True,True,False,False,False,False,False,1,1,0,0,0,0,0,4.0,2026-04-20T00:00:00+00:00
goodreads_shannon,book_842c3aecb4c93d6d,work_71eb61116af56b79,1,read,positive,strong,True,True,False,False,False,False,False,1,1,0,0,0,0,0,3.0,2021-06-18T00:00:00+00:00
goodreads_shannon,book_842d448f537c60b1,work_f05ac69c4b96f0f3,1,to_read,exposure_only,exposure,False,False,False,True,True,False,False,0,0,0,1,1,0,0,0.0,
goodreads_shannon,book_8456776921a87b32,work_39292ed82c25d673,1,read,positive,strong,True,True,False,False,False,False,False,1,1,0,0,0,0,0,4.0,2025-01-14T00:00:00+00:00
goodreads_shannon,book_845fc5606c3fddd1,work_611e242d8887c533,1,read,positive,strong,True,True,False,False,False,False,False,1,1,0,0,0,0,0,3.0,2023-12-07T00:00:00+00:00
goodreads_shannon,book_846b28a4278afcfe,work_1f8f6de47e4351ac,2,read,positive,strong,True,True,False,True,True,False,False,1,1,0,1,1,0,0,5.0,2024-01-06T00:00:00+00:00
goodreads_shannon,book_84b5c533832a14ce,work_cd09ab1b0a5d4967,1,read,positive,strong,True,True,False,False,False,False,False,1,1,0,0,0,0,0,5.0,2022-07-01T00:00:00+00:00
goodreads_shannon,book_84bef5ab7aabcd5c,work_e27579df0643999d,1,to_read,exposure_only,exposure,False,False,False,True,True,False,False,0,0,0,1,1,0,0,0.0,
goodreads_shannon,book_84ccb10c89487871,work_2cb783ebe9383f59,1,read,positive,strong,True,True,False,False,False,False,False,1,1,0,0,0,0,0,3.0,2020-10-25T00:00:00+00:00
goodreads_shannon,book_84e3ce4b91bb7f05,work_3be5ca4add1c4a5b,1,read,positive,strong,True,True,False,False,False,False,False,1,1,0,0,0,0,0,4.0,2024-11-06T00:00:00+00:00
goodreads_shannon,book_84e4d0fa56f9f1d7,work_df30d52c10159b7f,1,to_read,exposure_only,exposure,False,False,False,True,True,False,False,0,0,0,1,1,0,0,0.0,
goodreads_shannon,book_8503bc239427304f,work_2c8902a66c02c535,1,to_read,exposure_only,exposure,False,False,False,True,True,False,False,0,0,0,1,1,0,0,0.0,
goodreads_shannon,book_850a1e299b7e2c14,work_d2f88bc67c5c2a00,1,unknown,unknown,unknown,False,False,False,False,False,False,False,0,0,0,0,0,0,0,0.0,
goodreads_shannon,book_851a66772a96cb7f,work_ee7330a7e8b8a8bd,1,to_read,exposure_only,exposure,False,False,False,True,True,False,False,0,0,0,1,1,0,0,0.0,
goodreads_shannon,book_8526c391c4af233f,work_4014cf442ea60bea,1,to_read,exposure_only,exposure,False,False,False,True,True,False,False,0,0,0,1,1,0,0,0.0,
goodreads_shannon,book_85432fa7984e3ba7,work_035540bf422245d2,1,read,negative,negative,True,False,True,False,False,False,False,1,0,1,0,0,0,0,2.0,2019-06-15T00:00:00+00:00
goodreads_shannon,book_85795e8574b4888b,work_4b74637698876fd9,1,to_read,exposure_only,exposure,False,False,False,True,True,False,False,0,0,0,1,1,0,0,0.0,
goodreads_shannon,book_85893a56e077ab04,work_b3127b1fc5b78bbc,1,to_read,exposure_only,exposure,False,False,False,True,True,False,False,0,0,0,1,1,0,0,0.0,
goodreads_shannon,book_858b1fe94073a27d,work_f35ba77aea182726,1,to_read,exposure_only,exposure,False,False,False,True,True,False,False,0,0,0,1,1,0,0,0.0,
goodreads_shannon,book_85a81e97e52f8c5b,work_518492f304bd0dd9,1,to_read,exposure_only,exposure,False,False,False,True,True,False,False,0,0,0,1,1,0,0,0.0,
goodreads_shannon,book_85f38adf93ae2639,work_0226808847c85978,1,to_read,exposure_only,exposure,False,False,False,True,True,False,False,0,0,0,1,1,0,0,0.0,
goodreads_shannon,book_85f785b9f2c1c2fb,work_69ac1fbe97546c1f,1,read,positive,strong,True,True,False,False,False,False,False,1,1,0,0,0,0,0,4.0,2022-11-03T00:00:00+00:00
goodreads_shannon,book_85fd645a6326ab04,work_1647ac42663816bf,1,read,positive,strong,True,True,False,False,False,False,False,1,1,0,0,0,0,0,4.0,2020-10-14T00:00:00+00:00
goodreads_shannon,book_863b88c9872da6df,work_98ca0700239984ad,1,to_read,exposure_only,exposure,False,False,False,True,True,False,False,0,0,0,1,1,0,0,0.0,
goodreads_shannon,book_86570061a9a82245,work_fb559771bbb6d497,1,to_read,exposure_only,exposure,False,False,False,True,True,False,False,0,0,0,1,1,0,0,0.0,
goodreads_shannon,book_8669ce2550c837b7,work_7f021851310c1d9c,2,read,positive,strong,True,True,False,True,True,False,False,1,1,0,1,1,0,0,3.0,2023-10-21T00:00:00+00:00
goodreads_shannon,book_867a188078acbd1b,work_f7f6ac9af7edeb72,1,to_read,exposure_only,exposure,False,False,False,True,True,False,False,0,0,0,1,1,0,0,0.0,
goodreads_shannon,book_86a9e70f0352c161,work_229dbc8bebf3480a,1,to_read,exposure_only,exposure,False,False,False,True,True,False,False,0,0,0,1,1,0,0,0.0,
goodreads_shannon,book_86aad5f15222fdc7,work_59d47111f9d06fce,1,to_read,exposure_only,exposure,False,False,False,True,True,False,False,0,0,0,1,1,0,0,0.0,
goodreads_shannon,book_86d5abaaa5f7a199,work_72cd0e12bd834657,1,to_read,exposure_only,exposure,False,False,False,True,True,False,False,0,0,0,1,1,0,0,0.0,
goodreads_shannon,book_86e6bdd4e345b02f,work_87501f618e49dd75,1,read,positive,strong,True,True,False,False,False,False,False,1,1,0,0,0,0,0,4.0,2019-06-27T00:00:00+00:00
goodreads_shannon,book_8734baf9bfe6f9fa,work_18c8e57443265bcb,1,to_read,exposure_only,exposure,False,False,False,True,True,False,False,0,0,0,1,1,0,0,0.0,
goodreads_shannon,book_8767402b526f89f6,work_f12c155c84e5aa05,1,to_read,exposure_only,exposure,False,False,False,True,True,False,False,0,0,0,1,1,0,0,0.0,
goodreads_shannon,book_878286004aaedf50,work_995f63d7eebbf24a,1,read,positive,strong,True,True,False,False,False,False,False,1,1,0,0,0,0,0,3.0,2023-06-19T00:00:00+00:00
goodreads_shannon,book_878a140c5b9ba41f,work_8653d5ddd306e092,1,read,read_without_preference,moderate,True,False,False,False,False,False,False,1,0,0,0,0,0,0,0.0,2019-10-10T00:00:00+00:00
goodreads_shannon,book_878d1e18eb6e600f,work_24b87b1afa25a880,1,to_read,exposure_only,exposure,False,False,False,True,True,False,False,0,0,0,1,1,0,0,0.0,
goodreads_shannon,book_87db0c75b3c43357,work_fa47f4e96d537692,1,read,positive,strong,True,True,False,False,False,False,False,1,1,0,0,0,0,0,3.0,2022-03-02T00:00:00+00:00
goodreads_shannon,book_883f837586d4f1ec,work_a3cdce767b2a13ae,1,to_read,exposure_only,exposure,False,False,False,True,True,False,False,0,0,0,1,1,0,0,0.0,
goodreads_shannon,book_884bc5bac5d9e244,work_e54ef76dc8eaedf9,1,read,negative,negative,True,False,True,False,False,False,False,1,0,1,0,0,0,0,2.0,2020-04-26T00:00:00+00:00
goodreads_shannon,book_88571ac2c41f8889,work_59b211d22ed37ba5,1,read,positive,strong,True,True,False,False,False,False,False,1,1,0,0,0,0,0,5.0,2024-01-16T00:00:00+00:00
goodreads_shannon,book_885f6f27caddf8ad,work_e556024245cf8be0,1,to_read,exposure_only,exposure,False,False,False,True,True,False,False,0,0,0,1,1,0,0,0.0,
goodreads_shannon,book_88bf025bcb749cdb,work_4f9e04ead4f90320,1,to_read,exposure_only,exposure,False,False,False,True,True,False,False,0,0,0,1,1,0,0,0.0,
goodreads_shannon,book_88d34bdb86f0dd6d,work_c1cc16d26c74eaf1,1,to_read,exposure_only,exposure,False,False,False,True,True,False,False,0,0,0,1,1,0,0,0.0,
goodreads_shannon,book_88f5e1adba56bc82,work_576a6f955fc64598,1,to_read,exposure_only,exposure,False,False,False,True,True,False,False,0,0,0,1,1,0,0,0.0,
goodreads_shannon,book_88f6488ced0babe9,work_214cab22582993f2,1,read,positive,strong,True,True,False,False,False,False,False,1,1,0,0,0,0,0,3.0,
goodreads_shannon,book_8909c2513af52fce,work_381dc358d0a87b52,1,to_read,exposure_only,exposure,False,False,False,True,True,False,False,0,0,0,1,1,0,0,0.0,
goodreads_shannon,book_8915a24b0617e72a,work_79b65e769041782b,1,to_read,exposure_only,exposure,False,False,False,True,True,False,False,0,0,0,1,1,0,0,0.0,
goodreads_shannon,book_8926c58d22f6dd29,work_a5721e01ce08939b,1,to_read,exposure_only,exposure,False,False,False,True,True,False,False,0,0,0,1,1,0,0,0.0,
goodreads_shannon,book_894775cd22e5ae56,work_18a402e91a99b076,1,to_read,exposure_only,exposure,False,False,False,True,True,False,False,0,0,0,1,1,0,0,0.0,
goodreads_shannon,book_8949d69210aae96a,work_d3dfe6cdd4a4db1a,1,read,positive,strong,True,True,False,False,False,False,False,1,1,0,0,0,0,0,5.0,
goodreads_shannon,book_89657ac8eab369ee,work_df964b21f0603fcf,1,to_read,exposure_only,exposure,False,False,False,True,True,False,False,0,0,0,1,1,0,0,0.0,
goodreads_shannon,book_8969b538af1e9eea,work_bf6513305cc3aa57,1,read,positive,strong,True,True,False,False,False,False,False,1,1,0,0,0,0,0,4.0,
goodreads_shannon,book_897304c6071a156f,work_b57ca247ba089c74,1,to_read,exposure_only,exposure,False,False,False,True,True,False,False,0,0,0,1,1,0,0,0.0,
goodreads_shannon,book_898e42b642159e5e,work_20f6815776b83cc6,1,to_read,exposure_only,exposure,False,False,False,True,True,False,False,0,0,0,1,1,0,0,0.0,
goodreads_shannon,book_89b0ad89086289ea,work_8bad385d262aa9bc,1,to_read,exposure_only,exposure,False,False,False,True,True,False,False,0,0,0,1,1,0,0,0.0,
goodreads_shannon,book_89b89b87254fab70,work_1a10c41f203cd6e3,1,to_read,exposure_only,exposure,False,False,False,True,True,False,False,0,0,0,1,1,0,0,0.0,
goodreads_shannon,book_89d49d2f04127e36,work_edd60e7dd4c444ea,1,read,positive,strong,True,True,False,False,False,False,False,1,1,0,0,0,0,0,5.0,2024-09-30T00:00:00+00:00
goodreads_shannon,book_89fb96b30a5389e4,work_d34b76ceefc773dd,1,read,positive,strong,True,True,False,False,False,False,False,1,1,0,0,0,0,0,4.0,2023-11-28T00:00:00+00:00
goodreads_shannon,book_89fcb89b164a3f25,work_f2800de68ab9f621,1,to_read,exposure_only,exposure,False,False,False,True,True,False,False,0,0,0,1,1,0,0,0.0,
goodreads_shannon,book_89fdfe6c9dddd07b,work_2ad0c24ca7e1a2be,1,to_read,exposure_only,exposure,False,False,False,True,True,False,False,0,0,0,1,1,0,0,0.0,
goodreads_shannon,book_8a38ee0463c96cc8,work_8a274ba938325c51,1,read,positive,strong,True,True,False,False,False,False,False,1,1,0,0,0,0,0,3.0,2020-07-01T00:00:00+00:00
goodreads_shannon,book_8a43d3824995be9b,work_e1355273b1380f87,1,read,positive,strong,True,True,False,False,False,False,False,1,1,0,0,0,0,0,4.0,2019-05-21T00:00:00+00:00
goodreads_shannon,book_8a6c6ed7fab04c9c,work_1f1807a8e681ead4,1,to_read,exposure_only,exposure,False,False,False,True,True,False,False,0,0,0,1,1,0,0,0.0,
goodreads_shannon,book_8aba30b727ebbaf3,work_3c422133655df476,1,to_read,exposure_only,exposure,False,False,False,True,True,False,False,0,0,0,1,1,0,0,0.0,
goodreads_shannon,book_8abd28a70892350b,work_a7eae087b0c2bbb8,1,to_read,exposure_only,exposure,False,False,False,True,True,False,False,0,0,0,1,1,0,0,0.0,
goodreads_shannon,book_8ae43cf8fd4d10de,work_8904ee742ddb62e1,1,read,positive,strong,True,True,False,False,False,False,False,1,1,0,0,0,0,0,4.0,2022-02-21T00:00:00+00:00
goodreads_shannon,book_8af02659a8dbce5d,work_ddfb5809d76afb6d,1,read,positive,strong,True,True,False,False,False,False,False,1,1,0,0,0,0,0,4.0,2023-03-23T00:00:00+00:00
goodreads_shannon,book_8af844980f2def3c,work_f0f5adbfdd17f44a,1,read,positive,strong,True,True,False,False,False,False,False,1,1,0,0,0,0,0,5.0,2022-03-07T00:00:00+00:00
goodreads_shannon,book_8b4a017325b704d5,work_d5eff364187e8a7f,1,read,positive,strong,True,True,False,False,False,False,False,1,1,0,0,0,0,0,4.0,2024-03-20T00:00:00+00:00
goodreads_shannon,book_8b59c3692d5405f5,work_4e916498ea3d5f40,1,read,positive,strong,True,True,False,False,False,False,False,1,1,0,0,0,0,0,4.0,2026-03-17T00:00:00+00:00
goodreads_shannon,book_8ba5903487725291,work_e8663980154d0edc,1,read,positive,strong,True,True,False,False,False,False,False,1,1,0,0,0,0,0,4.0,2026-01-14T00:00:00+00:00
goodreads_shannon,book_8ba73e70518b48b5,work_fc40354f4716c4b6,1,read,positive,strong,True,True,False,False,False,False,False,1,1,0,0,0,0,0,3.0,2023-07-29T00:00:00+00:00
goodreads_shannon,book_8bd125acc507594e,work_4d0fb667dc118b33,1,to_read,exposure_only,exposure,False,False,False,True,True,False,False,0,0,0,1,1,0,0,0.0,
goodreads_shannon,book_8c16485da6185c3a,work_51ab8d8d34607320,1,to_read,exposure_only,exposure,False,False,False,True,True,False,False,0,0,0,1,1,0,0,0.0,
goodreads_shannon,book_8c43a6ebade53ee0,work_c118913b1895e285,1,to_read,exposure_only,exposure,False,False,False,True,True,False,False,0,0,0,1,1,0,0,0.0,
goodreads_shannon,book_8c5322a3e6440153,work_b9e6a7993869ab16,1,read,positive,strong,True,True,False,False,False,False,False,1,1,0,0,0,0,0,5.0,2026-04-02T00:00:00+00:00
goodreads_shannon,book_8c55c0484dfd6f11,work_1fcf1d636fc2b26c,1,read,positive,strong,True,True,False,False,False,False,False,1,1,0,0,0,0,0,4.0,2019-04-10T00:00:00+00:00
goodreads_shannon,book_8c5afcc9c8904844,work_8065f0a8fa2478c9,1,read,positive,strong,True,True,False,False,False,False,False,1,1,0,0,0,0,0,4.0,
goodreads_shannon,book_8cdd162ae78dfc1f,work_4299411feba3a4be,1,read,negative,negative,True,False,True,False,False,False,False,1,0,1,0,0,0,0,2.0,2020-04-04T00:00:00+00:00
goodreads_shannon,book_8cf56b09caff88cd,work_b0d91e05f33caba0,1,read,positive,strong,True,True,False,False,False,False,False,1,1,0,0,0,0,0,4.0,2023-04-01T00:00:00+00:00
goodreads_shannon,book_8d0d9be5e18b4c71,work_1e26b97213f7a788,1,to_read,exposure_only,exposure,False,False,False,True,True,False,False,0,0,0,1,1,0,0,0.0,
goodreads_shannon,book_8d44d05cd4e1a622,work_15aeec684545acf2,1,read,positive,strong,True,True,False,False,False,False,False,1,1,0,0,0,0,0,3.0,2019-07-07T00:00:00+00:00
goodreads_shannon,book_8d65b2e4a0f52c2f,work_a91bf1d443f9f113,1,to_read,exposure_only,exposure,False,False,False,True,True,False,False,0,0,0,1,1,0,0,0.0,
goodreads_shannon,book_8dccd0279eadc6e2,work_e34c82bac37fa83b,1,read,positive,strong,True,True,False,False,False,False,False,1,1,0,0,0,0,0,5.0,2022-07-10T00:00:00+00:00
goodreads_shannon,book_8ddb0bec5787ddc7,work_9e749ac33457e96d,1,read,positive,strong,True,True,False,False,False,False,False,1,1,0,0,0,0,0,4.0,
goodreads_shannon,book_8ddcf0d8007a949e,work_70eb3ce858d82f03,1,read,positive,strong,True,True,False,False,False,False,False,1,1,0,0,0,0,0,5.0,2026-07-04T00:00:00+00:00
goodreads_shannon,book_8de80053253a6e1e,work_33e86b6c03f743be,1,read,positive,strong,True,True,False,False,False,False,False,1,1,0,0,0,0,0,3.0,
goodreads_shannon,book_8e28bb790fbe1431,work_65fe1a0d881763b0,1,to_read,exposure_only,exposure,False,False,False,True,True,False,False,0,0,0,1,1,0,0,0.0,
goodreads_shannon,book_8e3391e3f47a273b,work_2612b9c2fca7c5ea,1,to_read,exposure_only,exposure,False,False,False,True,True,False,False,0,0,0,1,1,0,0,0.0,
goodreads_shannon,book_8e4bc13b4bba07ea,work_23aa517b9cee36ba,1,to_read,exposure_only,exposure,False,False,False,True,True,False,False,0,0,0,1,1,0,0,0.0,
goodreads_shannon,book_8e501d3943c4b467,work_b3a98796360bd369,1,to_read,exposure_only,exposure,False,False,False,True,True,False,False,0,0,0,1,1,0,0,0.0,
goodreads_shannon,book_8e8e20c0e97ccded,work_a52d2932f7164758,1,to_read,exposure_only,exposure,False,False,False,True,True,False,False,0,0,0,1,1,0,0,0.0,
goodreads_shannon,book_8e9750570c25c554,work_2c8512f4fea5c4a3,1,read,positive,strong,True,True,False,False,False,False,False,1,1,0,0,0,0,0,5.0,2022-07-07T00:00:00+00:00
goodreads_shannon,book_8e97a818fbf990f0,work_4cbb622222f8a260,1,to_read,exposure_only,exposure,False,False,False,True,True,False,False,0,0,0,1,1,0,0,0.0,
goodreads_shannon,book_8ea8e56947e679fc,work_39e61b71f366f5ea,1,to_read,exposure_only,exposure,False,False,False,True,True,False,False,0,0,0,1,1,0,0,0.0,
goodreads_shannon,book_8eabb35d112f77a2,work_5f6d98d027d7b43b,1,to_read,exposure_only,exposure,False,False,False,True,True,False,False,0,0,0,1,1,0,0,0.0,
goodreads_shannon,book_8eb86852e3b1b768,work_b6bc3864ab5f0c6a,1,to_read,exposure_only,exposure,False,False,False,True,True,False,False,0,0,0,1,1,0,0,0.0,
goodreads_shannon,book_8ec1d6b38787dfe7,work_6cca53373b957f52,1,to_read,exposure_only,exposure,False,False,False,True,True,False,False,0,0,0,1,1,0,0,0.0,
goodreads_shannon,book_8ef3c2acdd5ec365,work_b704e5891f25ce82,1,read,positive,strong,True,True,False,False,False,False,False,1,1,0,0,0,0,0,3.0,2024-02-12T00:00:00+00:00
goodreads_shannon,book_8f17572f8654c5dc,work_027be54cae9f9462,1,read,positive,strong,True,True,False,False,False,False,False,1,1,0,0,0,0,0,4.0,2021-05-22T00:00:00+00:00
goodreads_shannon,book_8f31a6915f490c54,work_f2e8610068d047f2,1,read,positive,strong,True,True,False,False,False,False,False,1,1,0,0,0,0,0,4.0,
goodreads_shannon,book_8f4c841459b9008b,work_f3c6d9d74416e37b,1,to_read,exposure_only,exposure,False,False,False,True,True,False,False,0,0,0,1,1,0,0,0.0,
goodreads_shannon,book_8f7e9d87f5c0783e,work_d1eb54a7fcc65eee,1,to_read,exposure_only,exposure,False,False,False,True,True,False,False,0,0,0,1,1,0,0,0.0,
goodreads_shannon,book_8f84c16913e41252,work_ae00972bcc416be9,1,to_read,exposure_only,exposure,False,False,False,True,True,False,False,0,0,0,1,1,0,0,0.0,
goodreads_shannon,book_8f87d1de11de024e,work_141e0d5b43825b25,1,read,positive,strong,True,True,False,False,False,False,False,1,1,0,0,0,0,0,3.0,
goodreads_shannon,book_8f8f9cf81c5f9914,work_c845952a7feb85a3,1,read,positive,strong,True,True,False,False,False,False,False,1,1,0,0,0,0,0,5.0,2020-07-14T00:00:00+00:00
goodreads_shannon,book_8fab89d43e275cd1,work_c4512c26734b5aaa,1,read,positive,strong,True,True,False,False,False,False,False,1,1,0,0,0,0,0,4.0,2026-09-08T00:00:00+00:00
goodreads_shannon,book_8fb10b3438eb4f32,work_e6581f6339767836,1,to_read,exposure_only,exposure,False,False,False,True,True,False,False,0,0,0,1,1,0,0,0.0,
goodreads_shannon,book_8fb873168c5abad4,work_e0abc0e5be82e572,1,read,positive,strong,True,True,False,False,False,False,False,1,1,0,0,0,0,0,4.0,2022-09-08T00:00:00+00:00
goodreads_shannon,book_8fc652e0c51378f5,work_f779776a8c0e6701,1,to_read,exposure_only,exposure,False,False,False,True,True,False,False,0,0,0,1,1,0,0,0.0,
goodreads_shannon,book_8fd91dff71750617,work_942b4934e771b6f5,1,to_read,exposure_only,exposure,False,False,False,True,True,False,False,0,0,0,1,1,0,0,0.0,
goodreads_shannon,book_8fef1561d6bf4748,work_9b9023a853c82e5f,1,to_read,exposure_only,exposure,False,False,False,True,True,False,False,0,0,0,1,1,0,0,0.0,
goodreads_shannon,book_9009ec7479100590,work_abdf70d22579c264,1,read,positive,strong,True,True,False,False,False,False,False,1,1,0,0,0,0,0,4.0,2019-06-24T00:00:00+00:00
goodreads_shannon,book_901e37199446dcfd,work_faa2e5602007448d,1,to_read,exposure_only,exposure,False,False,False,True,True,False,False,0,0,0,1,1,0,0,0.0,
goodreads_shannon,book_90543efd22863a95,work_fc62d977918f9851,1,to_read,exposure_only,exposure,False,False,False,True,True,False,False,0,0,0,1,1,0,0,0.0,
goodreads_shannon,book_909105c0e0598420,work_506cfecee44f1a13,1,read,positive,strong,True,True,False,False,False,False,False,1,1,0,0,0,0,0,5.0,2020-05-11T00:00:00+00:00
goodreads_shannon,book_909b369cad2d7d01,work_d71f877be5e087f0,1,to_read,exposure_only,exposure,False,False,False,True,True,False,False,0,0,0,1,1,0,0,0.0,
goodreads_shannon,book_90bf2823e300094e,work_bbd892201b77591b,1,read,positive,strong,True,True,False,False,False,False,False,1,1,0,0,0,0,0,5.0,
goodreads_shannon,book_90c5b294dcafb63e,work_ee88ad1c2bb2a0db,1,to_read,exposure_only,exposure,False,False,False,True,True,False,False,0,0,0,1,1,0,0,0.0,
goodreads_shannon,book_90cb29199ca12459,work_26426118e8c5e4c1,1,to_read,exposure_only,exposure,False,False,False,True,True,False,False,0,0,0,1,1,0,0,0.0,
goodreads_shannon,book_90d00acaf5fe8cc2,work_6a0be65f9e4b994e,2,to_read,exposure_only,exposure,False,False,False,True,True,False,False,0,0,0,2,2,0,0,0.0,
goodreads_shannon,book_90da3c62d299e4e2,work_fe03a3701b108cd2,1,to_read,exposure_only,exposure,False,False,False,True,True,False,False,0,0,0,1,1,0,0,0.0,
goodreads_shannon,book_913a32046124b80c,work_a184bed252c3a819,1,to_read,exposure_only,exposure,False,False,False,True,True,False,False,0,0,0,1,1,0,0,0.0,
goodreads_shannon,book_919899e11b563b54,work_374fea957f1b1386,1,read,positive,strong,True,True,False,False,False,False,False,1,1,0,0,0,0,0,4.0,
goodreads_shannon,book_91b8e162bd99937a,work_2d590ca9bf222170,1,read,positive,strong,True,True,False,False,False,False,False,1,1,0,0,0,0,0,3.0,2022-11-20T00:00:00+00:00
goodreads_shannon,book_91c259c25f6f29e1,work_f7c17551d6d8ec51,1,to_read,exposure_only,exposure,False,False,False,True,True,False,False,0,0,0,1,1,0,0,0.0,
goodreads_shannon,book_91c2e938d4b6cbd2,work_9864867e6e882459,1,read,positive,strong,True,True,False,False,False,False,False,1,1,0,0,0,0,0,5.0,2026-02-09T00:00:00+00:00
goodreads_shannon,book_91c3af20efb85409,work_1d0149a030edb419,1,read,positive,strong,True,True,False,False,False,False,False,1,1,0,0,0,0,0,4.0,
goodreads_shannon,book_91fc0600d96c9afb,work_e57072ca3e92634f,1,read,positive,strong,True,True,False,False,False,False,False,1,1,0,0,0,0,0,5.0,2020-11-23T00:00:00+00:00
goodreads_shannon,book_92112e0dea9ab645,work_c76a4a2031ffa221,1,to_read,exposure_only,exposure,False,False,False,True,True,False,False,0,0,0,1,1,0,0,0.0,
goodreads_shannon,book_926fb4c2a8932013,work_76d5ccb9fc6b4ff0,1,read,positive,strong,True,True,False,False,False,False,False,1,1,0,0,0,0,0,4.0,2021-08-15T00:00:00+00:00
goodreads_shannon,book_929b6cda26a5abe7,work_ba744233f04edd8b,1,to_read,exposure_only,exposure,False,False,False,True,True,False,False,0,0,0,1,1,0,0,0.0,
goodreads_shannon,book_92a26032fbb9d0cd,work_0f16ea8c678f7519,1,to_read,exposure_only,exposure,False,False,False,True,True,False,False,0,0,0,1,1,0,0,0.0,
goodreads_shannon,book_92be5fb6385ec4c9,work_e6adf2561fc26c89,1,to_read,exposure_only,exposure,False,False,False,True,True,False,False,0,0,0,1,1,0,0,0.0,
goodreads_shannon,book_92ce408b7dc8320b,work_1ae24f486581dd99,1,to_read,exposure_only,exposure,False,False,False,True,True,False,False,0,0,0,1,1,0,0,0.0,
goodreads_shannon,book_930edc45ad7eb32f,work_b39e15fa981ba6e3,1,to_read,exposure_only,exposure,False,False,False,True,True,False,False,0,0,0,1,1,0,0,0.0,
goodreads_shannon,book_9320bb84890527ec,work_01fe676854c5ceb0,1,read,positive,strong,True,True,False,False,False,False,False,1,1,0,0,0,0,0,4.0,2025-03-18T00:00:00+00:00
goodreads_shannon,book_934ab355136da004,work_1e9f16b06c17a864,1,to_read,exposure_only,exposure,False,False,False,True,True,False,False,0,0,0,1,1,0,0,0.0,
goodreads_shannon,book_9360c1ee0c7c01b1,work_889e0bf26ef37ebf,1,read,positive,strong,True,True,False,False,False,False,False,1,1,0,0,0,0,0,4.0,2026-04-30T00:00:00+00:00
goodreads_shannon,book_94208db07dc97af8,work_c4780296cd481f50,1,to_read,exposure_only,exposure,False,False,False,True,True,False,False,0,0,0,1,1,0,0,0.0,
goodreads_shannon,book_944f245dd00da5d8,work_62cbaa6092087b73,1,to_read,exposure_only,exposure,False,False,False,True,True,False,False,0,0,0,1,1,0,0,0.0,
goodreads_shannon,book_948b032759cb6838,work_6a1f377d369da731,1,to_read,exposure_only,exposure,False,False,False,True,True,False,False,0,0,0,1,1,0,0,0.0,
goodreads_shannon,book_949c190140cfc492,work_d1d67040c1409ab5,1,read,positive,strong,True,True,False,False,False,False,False,1,1,0,0,0,0,0,3.0,2020-02-17T00:00:00+00:00
goodreads_shannon,book_94ea75d87f1f15f0,work_d56c3a19cda0ef2d,1,to_read,exposure_only,exposure,False,False,False,True,True,False,False,0,0,0,1,1,0,0,0.0,
goodreads_shannon,book_950124bc5a2cbf74,work_810c125f47c212ac,1,to_read,exposure_only,exposure,False,False,False,True,True,False,False,0,0,0,1,1,0,0,0.0,
goodreads_shannon,book_9506000e0df6cc9e,work_b0c882e2ce0922fe,1,to_read,exposure_only,exposure,False,False,False,True,True,False,False,0,0,0,1,1,0,0,0.0,
goodreads_shannon,book_95384776c596ba5f,work_968713c0bdb0f95d,1,read,positive,strong,True,True,False,False,False,False,False,1,1,0,0,0,0,0,3.0,2024-12-18T00:00:00+00:00
goodreads_shannon,book_956a3c1030019a76,work_c0c7583cbc1ffdb8,1,to_read,exposure_only,exposure,False,False,False,True,True,False,False,0,0,0,1,1,0,0,0.0,
goodreads_shannon,book_958a9a6d62b94dee,work_dd67f3e7d4801609,1,to_read,exposure_only,exposure,False,False,False,True,True,False,False,0,0,0,1,1,0,0,0.0,
goodreads_shannon,book_95aee72ad1019841,work_ffc430c4d664f21f,1,to_read,exposure_only,exposure,False,False,False,True,True,False,False,0,0,0,1,1,0,0,0.0,
goodreads_shannon,book_95e5263ab3c31468,work_2c4c5790f619c6c7,1,to_read,exposure_only,exposure,False,False,False,True,True,False,False,0,0,0,1,1,0,0,0.0,
goodreads_shannon,book_9679257178ab8162,work_7376ac7fbb9001ec,1,to_read,exposure_only,exposure,False,False,False,True,True,False,False,0,0,0,1,1,0,0,0.0,
goodreads_shannon,book_9693de12e3315294,work_0c47db6269379878,1,read,positive,strong,True,True,False,False,False,False,False,1,1,0,0,0,0,0,4.0,2026-02-09T00:00:00+00:00
goodreads_shannon,book_96967236c0a53967,work_a290ca236ec83fec,1,to_read,exposure_only,exposure,False,False,False,True,True,False,False,0,0,0,1,1,0,0,0.0,
goodreads_shannon,book_96d57d2fcf03c87b,work_97f81be944127762,1,to_read,exposure_only,exposure,False,False,False,True,True,False,False,0,0,0,1,1,0,0,0.0,
goodreads_shannon,book_976a1bef6b82402b,work_1560c902e1b1bb53,1,to_read,exposure_only,exposure,False,False,False,True,True,False,False,0,0,0,1,1,0,0,0.0,
goodreads_shannon,book_97a6798c9022f4a7,work_f24dfadca86665e1,1,read,positive,strong,True,True,False,False,False,False,False,1,1,0,0,0,0,0,4.0,2024-12-16T00:00:00+00:00
goodreads_shannon,book_97b74d3d4369aaa0,work_b23d9c4d68cd336f,1,read,positive,strong,True,True,False,False,False,False,False,1,1,0,0,0,0,0,3.0,2023-09-01T00:00:00+00:00
goodreads_shannon,book_981900b1155541d6,work_88c3fedfd5c87837,1,read,positive,strong,True,True,False,False,False,False,False,1,1,0,0,0,0,0,3.0,2024-02-06T00:00:00+00:00
goodreads_shannon,book_985fce3257f48e37,work_c683c6d6dd786f5c,1,to_read,exposure_only,exposure,False,False,False,True,True,False,False,0,0,0,1,1,0,0,0.0,
goodreads_shannon,book_98715b26ab3414e3,work_45dd20508d24d853,1,to_read,exposure_only,exposure,False,False,False,True,True,False,False,0,0,0,1,1,0,0,0.0,
goodreads_shannon,book_98ccc00821e12be8,work_accf8c8ae7ff2bb2,1,to_read,exposure_only,exposure,False,False,False,True,True,False,False,0,0,0,1,1,0,0,0.0,
goodreads_shannon,book_9910e91c663f9e37,work_8b92c0a49fc4430c,1,to_read,exposure_only,exposure,False,False,False,True,True,False,False,0,0,0,1,1,0,0,0.0,
goodreads_shannon,book_991c6be8a1810ae4,work_53f2ef18cabe2ebd,1,read,positive,strong,True,True,False,False,False,False,False,1,1,0,0,0,0,0,4.0,2020-07-06T00:00:00+00:00
goodreads_shannon,book_993702c0e3ae7db2,work_fd2d9de72a9c4e62,1,read,positive,strong,True,True,False,False,False,False,False,1,1,0,0,0,0,0,3.0,2023-12-20T00:00:00+00:00
goodreads_shannon,book_995635953404fbb3,work_34e22c156c66243d,1,read,positive,strong,True,True,False,False,False,False,False,1,1,0,0,0,0,0,3.0,2026-08-22T00:00:00+00:00
goodreads_shannon,book_99688c70dd9e2bf5,work_04c520ca595b794a,1,read,positive,strong,True,True,False,False,False,False,False,1,1,0,0,0,0,0,4.0,2021-02-25T00:00:00+00:00
goodreads_shannon,book_99a83db4490a904e,work_5ac2807bfcd57249,1,to_read,exposure_only,exposure,False,False,False,True,True,False,False,0,0,0,1,1,0,0,0.0,
goodreads_shannon,book_99ac952e52d3a47e,work_d5be99d53fa3e44a,1,to_read,exposure_only,exposure,False,False,False,True,True,False,False,0,0,0,1,1,0,0,0.0,
goodreads_shannon,book_99d2929c824dc27a,work_63ed0076b0e01084,1,read,positive,strong,True,True,False,False,False,False,False,1,1,0,0,0,0,0,4.0,2023-04-16T00:00:00+00:00
goodreads_shannon,book_99d721408b518b66,work_986d8ed27479ab36,1,to_read,exposure_only,exposure,False,False,False,True,True,False,False,0,0,0,1,1,0,0,0.0,
goodreads_shannon,book_99f3ac09b8620811,work_9f6636f861a11f5d,1,to_read,exposure_only,exposure,False,False,False,True,True,False,False,0,0,0,1,1,0,0,0.0,
goodreads_shannon,book_99f833607884dd07,work_c913cebfff707b4b,1,read,positive,strong,True,True,False,False,False,False,False,1,1,0,0,0,0,0,4.0,2020-02-09T00:00:00+00:00
goodreads_shannon,book_9a2a5bf395b90251,work_8ab9521f57c54d24,1,read,positive,strong,True,True,False,False,False,False,False,1,1,0,0,0,0,0,4.0,2012-11-09T00:00:00+00:00
goodreads_shannon,book_9a401d4eb8d099bd,work_c1dae4653b236e16,1,read,positive,strong,True,True,False,False,False,False,False,1,1,0,0,0,0,0,4.0,2021-09-19T00:00:00+00:00
goodreads_shannon,book_9a52357fc8c608ab,work_24b2c73fd5448249,1,to_read,exposure_only,exposure,False,False,False,True,True,False,False,0,0,0,1,1,0,0,0.0,
goodreads_shannon,book_9a7cdd250745ac52,work_cd50ab16e8e98746,1,read,positive,strong,True,True,False,False,False,False,False,1,1,0,0,0,0,0,4.0,2022-03-15T00:00:00+00:00
goodreads_shannon,book_9ab2eb517df83274,work_9877ac0800f8628b,1,read,positive,strong,True,True,False,False,False,False,False,1,1,0,0,0,0,0,4.0,2022-10-25T00:00:00+00:00
goodreads_shannon,book_9ad173179409d165,work_fda95bbd84189ba1,1,to_read,exposure_only,exposure,False,False,False,True,True,False,False,0,0,0,1,1,0,0,0.0,
goodreads_shannon,book_9b171fa952d15886,work_5d457faee16a7ebc,1,to_read,exposure_only,exposure,False,False,False,True,True,False,False,0,0,0,1,1,0,0,0.0,
goodreads_shannon,book_9b7e9310c31df95b,work_dee9b21ab156c7dd,1,read,positive,strong,True,True,False,False,False,False,False,1,1,0,0,0,0,0,4.0,2023-03-24T00:00:00+00:00
goodreads_shannon,book_9b7fad698748e653,work_ff10016fd02e003a,1,to_read,exposure_only,exposure,False,False,False,True,True,False,False,0,0,0,1,1,0,0,0.0,
goodreads_shannon,book_9b94e53de3761d64,work_75bf1945bd79e36c,1,to_read,exposure_only,exposure,False,False,False,True,True,False,False,0,0,0,1,1,0,0,0.0,
goodreads_shannon,book_9ba5aba766752683,work_001161ffae2e302b,1,to_read,exposure_only,exposure,False,False,False,True,True,False,False,0,0,0,1,1,0,0,0.0,
goodreads_shannon,book_9bb33b22aae8faad,work_3ee6017c453e0023,1,to_read,exposure_only,exposure,False,False,False,True,True,False,False,0,0,0,1,1,0,0,0.0,
goodreads_shannon,book_9bd3db1a322ba8ee,work_49de6f93e3362843,1,to_read,exposure_only,exposure,False,False,False,True,True,False,False,0,0,0,1,1,0,0,0.0,
goodreads_shannon,book_9c04a179d6945420,work_f180cbb10f0ab4ae,1,to_read,exposure_only,exposure,False,False,False,True,True,False,False,0,0,0,1,1,0,0,0.0,
goodreads_shannon,book_9c3e6f6985ed05ac,work_f32cce2a1f7d9406,1,to_read,exposure_only,exposure,False,False,False,True,True,False,False,0,0,0,1,1,0,0,0.0,
goodreads_shannon,book_9c47a5a5442ed69e,work_e065d24602c4fc8c,1,read,positive,strong,True,True,False,False,False,False,False,1,1,0,0,0,0,0,4.0,2023-12-30T00:00:00+00:00
goodreads_shannon,book_9c6413b10e481136,work_1bcf5d67435d0c78,1,read,positive,strong,True,True,False,False,False,False,False,1,1,0,0,0,0,0,4.0,
goodreads_shannon,book_9d0bfa474427fc2c,work_d3ce5ab239745848,1,to_read,exposure_only,exposure,False,False,False,True,True,False,False,0,0,0,1,1,0,0,0.0,
goodreads_shannon,book_9d2d77fe869ca454,work_34bdb87cd3086e55,1,currently_reading,exposure_only,exposure,False,False,False,True,False,True,False,0,0,0,1,0,1,0,0.0,
goodreads_shannon,book_9d35703f92c6e1a2,work_f7a770bd47c745d3,1,to_read,exposure_only,exposure,False,False,False,True,True,False,False,0,0,0,1,1,0,0,0.0,
goodreads_shannon,book_9d60f706fe109d60,work_a6154180b5155532,1,to_read,exposure_only,exposure,False,False,False,True,True,False,False,0,0,0,1,1,0,0,0.0,
goodreads_shannon,book_9d6d16de8e130e7b,work_7e28e3107b8baf90,1,to_read,exposure_only,exposure,False,False,False,True,True,False,False,0,0,0,1,1,0,0,0.0,
goodreads_shannon,book_9d6f30d2ba8a9a0e,work_7a7c3fb6b943e9d9,1,to_read,exposure_only,exposure,False,False,False,True,True,False,False,0,0,0,1,1,0,0,0.0,
goodreads_shannon,book_9d73753a8044d9dd,work_ca5315e20935b154,1,to_read,exposure_only,exposure,False,False,False,True,True,False,False,0,0,0,1,1,0,0,0.0,
goodreads_shannon,book_9da76ce6e4a654e1,work_bfa135fc95a6a91e,1,read,positive,strong,True,True,False,False,False,False,False,1,1,0,0,0,0,0,5.0,2019-03-24T00:00:00+00:00
goodreads_shannon,book_9dd86109918aa04d,work_49bb1349ea948119,1,read,positive,strong,True,True,False,False,False,False,False,1,1,0,0,0,0,0,3.0,2024-06-03T00:00:00+00:00
goodreads_shannon,book_9de35140d86bf93e,work_df2e235aa668593a,1,to_read,exposure_only,exposure,False,False,False,True,True,False,False,0,0,0,1,1,0,0,0.0,
goodreads_shannon,book_9e05c4944b4eb4ca,work_16668245c61a1665,1,to_read,exposure_only,exposure,False,False,False,True,True,False,False,0,0,0,1,1,0,0,0.0,
goodreads_shannon,book_9e43ab240ad9f663,work_d0f0284bd41ac841,1,to_read,exposure_only,exposure,False,False,False,True,True,False,False,0,0,0,1,1,0,0,0.0,
goodreads_shannon,book_9e8408ba49c24241,work_3e56615eadf6694b,1,to_read,exposure_only,exposure,False,False,False,True,True,False,False,0,0,0,1,1,0,0,0.0,
goodreads_shannon,book_9ec7b5df00283f40,work_28d79fa63b3c7aeb,1,to_read,exposure_only,exposure,False,False,False,True,True,False,False,0,0,0,1,1,0,0,0.0,
goodreads_shannon,book_9f0ff68367f777c7,work_0a666ec1e32aaabd,1,to_read,exposure_only,exposure,False,False,False,True,True,False,False,0,0,0,1,1,0,0,0.0,
goodreads_shannon,book_9f5b3dd5f87ff44e,work_c3d9157062844d38,1,to_read,exposure_only,exposure,False,False,False,True,True,False,False,0,0,0,1,1,0,0,0.0,
goodreads_shannon,book_9f6fdafc6ff55778,work_e41a01a158a69a4b,1,to_read,exposure_only,exposure,False,False,False,True,True,False,False,0,0,0,1,1,0,0,0.0,
goodreads_shannon,book_9fbfd52ea619da84,work_262cc738ddcf0718,1,read,positive,strong,True,True,False,False,False,False,False,1,1,0,0,0,0,0,4.0,2022-05-09T00:00:00+00:00
goodreads_shannon,book_9fe946cfd39f19dc,work_2c90aa76513fa431,1,read,positive,strong,True,True,False,False,False,False,False,1,1,0,0,0,0,0,3.0,2020-06-03T00:00:00+00:00
goodreads_shannon,book_9ff6a4ffded5b3c7,work_74ff0580cb36e427,1,read,positive,strong,True,True,False,False,False,False,False,1,1,0,0,0,0,0,4.0,2013-05-19T00:00:00+00:00
goodreads_shannon,book_a0102ee39cb43e2c,work_62381bc01730c4eb,1,read,positive,strong,True,True,False,False,False,False,False,1,1,0,0,0,0,0,4.0,2022-06-27T00:00:00+00:00
goodreads_shannon,book_a01301b5b1a8df38,work_fdd6e9798dbb77b3,1,read,positive,strong,True,True,False,False,False,False,False,1,1,0,0,0,0,0,5.0,2024-11-09T00:00:00+00:00
goodreads_shannon,book_a01835a0008c14bb,work_7ebc3d5edcc8dc00,1,to_read,exposure_only,exposure,False,False,False,True,True,False,False,0,0,0,1,1,0,0,0.0,
goodreads_shannon,book_a033a7f8707be628,work_4c6003448e260952,1,read,positive,strong,True,True,False,False,False,False,False,1,1,0,0,0,0,0,4.0,2026-05-24T00:00:00+00:00
goodreads_shannon,book_a07f1e2b1bbf32e2,work_ad74c7252f784a44,1,read,positive,strong,True,True,False,False,False,False,False,1,1,0,0,0,0,0,4.0,2021-02-07T00:00:00+00:00
goodreads_shannon,book_a0bce06bc01287a6,work_5b161cf529383f50,2,read,positive,strong,True,True,False,True,True,False,False,1,1,0,1,1,0,0,4.0,2024-05-15T00:00:00+00:00
goodreads_shannon,book_a0be2fda5bf2562c,work_35df25ee0fa6faee,1,to_read,exposure_only,exposure,False,False,False,True,True,False,False,0,0,0,1,1,0,0,0.0,
goodreads_shannon,book_a0c8979bd823baea,work_2da2edfe3b35f446,1,read,positive,strong,True,True,False,False,False,False,False,1,1,0,0,0,0,0,4.0,
goodreads_shannon,book_a0d42388b4947fe8,work_ddf2e22be7e0ce35,1,to_read,exposure_only,exposure,False,False,False,True,True,False,False,0,0,0,1,1,0,0,0.0,
goodreads_shannon,book_a0d90a61b51d17c4,work_4c063156b2f4e234,1,read,positive,strong,True,True,False,False,False,False,False,1,1,0,0,0,0,0,3.0,2019-09-12T00:00:00+00:00
goodreads_shannon,book_a0f566639d71ccd4,work_27e146be34f3acce,1,to_read,exposure_only,exposure,False,False,False,True,True,False,False,0,0,0,1,1,0,0,0.0,
goodreads_shannon,book_a1239e85e0fd3c42,work_60f88fb854e1294a,1,to_read,exposure_only,exposure,False,False,False,True,True,False,False,0,0,0,1,1,0,0,0.0,
goodreads_shannon,book_a13ffeaa4d614392,work_2dbf84c33f6c4703,1,to_read,exposure_only,exposure,False,False,False,True,True,False,False,0,0,0,1,1,0,0,0.0,
goodreads_shannon,book_a147327db41b3e06,work_7260dc2c68259310,1,to_read,exposure_only,exposure,False,False,False,True,True,False,False,0,0,0,1,1,0,0,0.0,
goodreads_shannon,book_a16bd39cb6316990,work_5a83f2ab4ffcd224,1,to_read,exposure_only,exposure,False,False,False,True,True,False,False,0,0,0,1,1,0,0,0.0,
goodreads_shannon,book_a16de6405c62e340,work_f61b77e88052c46b,1,read,positive,strong,True,True,False,False,False,False,False,1,1,0,0,0,0,0,5.0,2020-08-10T00:00:00+00:00
goodreads_shannon,book_a1793dca2326aa46,work_8c546155d58c8f4f,1,read,positive,strong,True,True,False,False,False,False,False,1,1,0,0,0,0,0,5.0,
goodreads_shannon,book_a19eeaef57e92875,work_193c4c2ee64b67b2,1,to_read,exposure_only,exposure,False,False,False,True,True,False,False,0,0,0,1,1,0,0,0.0,
goodreads_shannon,book_a1a05227d06c75c3,work_54307e6d95d7f1c0,1,to_read,exposure_only,exposure,False,False,False,True,True,False,False,0,0,0,1,1,0,0,0.0,
goodreads_shannon,book_a1b59c603f064ee5,work_579430b1b74f9a02,1,to_read,exposure_only,exposure,False,False,False,True,True,False,False,0,0,0,1,1,0,0,0.0,
goodreads_shannon,book_a1eaae754bb14076,work_cd08b2ce0d512216,1,to_read,exposure_only,exposure,False,False,False,True,True,False,False,0,0,0,1,1,0,0,0.0,
goodreads_shannon,book_a210773b1799d99d,work_34aa2bcddd34ca55,1,to_read,exposure_only,exposure,False,False,False,True,True,False,False,0,0,0,1,1,0,0,0.0,
goodreads_shannon,book_a21a00fd4cc1b678,work_f14346fb96687152,1,read,positive,strong,True,True,False,False,False,False,False,1,1,0,0,0,0,0,5.0,2022-07-31T00:00:00+00:00
goodreads_shannon,book_a24fb5f8a3ba05ae,work_4be511132a48c05d,1,to_read,exposure_only,exposure,False,False,False,True,True,False,False,0,0,0,1,1,0,0,0.0,
goodreads_shannon,book_a29929e83cfb67ba,work_9e4e96440d5b1d83,1,read,positive,strong,True,True,False,False,False,False,False,1,1,0,0,0,0,0,5.0,2022-08-09T00:00:00+00:00
goodreads_shannon,book_a2a75a98f2c8f635,work_d9ec5bfe3af320be,1,read,read_without_preference,moderate,True,False,False,False,False,False,False,1,0,0,0,0,0,0,0.0,2026-08-23T00:00:00+00:00
goodreads_shannon,book_a2d0212c70b88020,work_9ee3ea44d7bbec01,1,read,positive,strong,True,True,False,False,False,False,False,1,1,0,0,0,0,0,5.0,2022-07-08T00:00:00+00:00
goodreads_shannon,book_a2d172c2e5c85164,work_0da6eff5d197ca5b,1,read,positive,strong,True,True,False,False,False,False,False,1,1,0,0,0,0,0,5.0,
goodreads_shannon,book_a2d532462076f4ff,work_de6b470b7a18c38c,1,read,positive,strong,True,True,False,False,False,False,False,1,1,0,0,0,0,0,3.0,2021-03-29T00:00:00+00:00
goodreads_shannon,book_a2e256abcd126921,work_aa4805219016228f,1,read,positive,strong,True,True,False,False,False,False,False,1,1,0,0,0,0,0,3.0,2021-03-25T00:00:00+00:00
goodreads_shannon,book_a2e7bc42f04c9b6d,work_7e066895d7557f38,1,to_read,exposure_only,exposure,False,False,False,True,True,False,False,0,0,0,1,1,0,0,0.0,
goodreads_shannon,book_a3140c53bdb7f5ab,work_db90e80f83847e25,1,read,positive,strong,True,True,False,False,False,False,False,1,1,0,0,0,0,0,5.0,2026-07-19T00:00:00+00:00
goodreads_shannon,book_a351be1f4b2f8180,work_1ba7f9b610d98338,1,to_read,exposure_only,exposure,False,False,False,True,True,False,False,0,0,0,1,1,0,0,0.0,
goodreads_shannon,book_a37cae3235a3bd6d,work_611d292e103ce127,1,to_read,exposure_only,exposure,False,False,False,True,True,False,False,0,0,0,1,1,0,0,0.0,
goodreads_shannon,book_a38f6d53eed20e53,work_f1aba845522386a5,1,to_read,exposure_only,exposure,False,False,False,True,True,False,False,0,0,0,1,1,0,0,0.0,
goodreads_shannon,book_a3aac880b14c8777,work_90566bceca6e1a61,1,read,positive,strong,True,True,False,False,False,False,False,1,1,0,0,0,0,0,4.0,
goodreads_shannon,book_a3bcd318afeeec36,work_2ab80763bdf65a72,1,to_read,exposure_only,exposure,False,False,False,True,True,False,False,0,0,0,1,1,0,0,0.0,
goodreads_shannon,book_a3c0008074694555,work_30901a4192de432a,1,read,positive,strong,True,True,False,False,False,False,False,1,1,0,0,0,0,0,3.0,2023-10-10T00:00:00+00:00
goodreads_shannon,book_a3db1ddcafcaf9c1,work_48512328b2b42304,1,to_read,exposure_only,exposure,False,False,False,True,True,False,False,0,0,0,1,1,0,0,0.0,
goodreads_shannon,book_a3ff797fa19e20a7,work_2d2f9cadfd3347e2,1,to_read,exposure_only,exposure,False,False,False,True,True,False,False,0,0,0,1,1,0,0,0.0,
goodreads_shannon,book_a41a1612d40c379f,work_b3bac25d6d9f9cf2,1,to_read,exposure_only,exposure,False,False,False,True,True,False,False,0,0,0,1,1,0,0,0.0,
goodreads_shannon,book_a466aa2e7c3ad194,work_93cae87403a514d3,1,read,positive,strong,True,True,False,False,False,False,False,1,1,0,0,0,0,0,5.0,2021-11-29T00:00:00+00:00
goodreads_shannon,book_a48969874d75eb36,work_888de4f4a20fe5f3,1,to_read,exposure_only,exposure,False,False,False,True,True,False,False,0,0,0,1,1,0,0,0.0,
goodreads_shannon,book_a4a192ffd7d75bce,work_833609c51472a41b,1,read,positive,strong,True,True,False,False,False,False,False,1,1,0,0,0,0,0,5.0,2023-02-15T00:00:00+00:00
goodreads_shannon,book_a5408339679b0a5b,work_4089cefa6cc11410,1,read,positive,strong,True,True,False,False,False,False,False,1,1,0,0,0,0,0,4.0,
goodreads_shannon,book_a573a49b4236f617,work_fd4450bc2930c129,1,to_read,exposure_only,exposure,False,False,False,True,True,False,False,0,0,0,1,1,0,0,0.0,
goodreads_shannon,book_a5ad4ec28837a6c8,work_83578e505723bcd1,1,to_read,exposure_only,exposure,False,False,False,True,True,False,False,0,0,0,1,1,0,0,0.0,
goodreads_shannon,book_a5addff4af533f10,work_04a071705dab5a7a,1,to_read,exposure_only,exposure,False,False,False,True,True,False,False,0,0,0,1,1,0,0,0.0,
goodreads_shannon,book_a5b04806f3c199c4,work_0b3acd1ef4b42e74,1,read,positive,strong,True,True,False,False,False,False,False,1,1,0,0,0,0,0,3.0,2020-07-13T00:00:00+00:00
goodreads_shannon,book_a5ffb1a34b6a292f,work_5bde5d8d9f6e3804,1,read,positive,strong,True,True,False,False,False,False,False,1,1,0,0,0,0,0,4.0,2026-07-16T00:00:00+00:00
goodreads_shannon,book_a60fefb106ffabd8,work_56a84298cd90fb4d,1,read,positive,strong,True,True,False,False,False,False,False,1,1,0,0,0,0,0,5.0,2020-11-21T00:00:00+00:00
goodreads_shannon,book_a61a32425f6c0e5c,work_a27e69a78e040040,1,to_read,exposure_only,exposure,False,False,False,True,True,False,False,0,0,0,1,1,0,0,0.0,
goodreads_shannon,book_a64c5e55edcfabab,work_62d25e028361785f,1,to_read,exposure_only,exposure,False,False,False,True,True,False,False,0,0,0,1,1,0,0,0.0,
goodreads_shannon,book_a6ea7ab1e699fbe7,work_534139c1e2f11309,1,to_read,exposure_only,exposure,False,False,False,True,True,False,False,0,0,0,1,1,0,0,0.0,
goodreads_shannon,book_a6eb9becc204fddd,work_978ba1e2c4805510,1,read,positive,strong,True,True,False,False,False,False,False,1,1,0,0,0,0,0,4.0,2026-06-11T00:00:00+00:00
goodreads_shannon,book_a6f2e51e4936979c,work_e63ae1d38ebd8d22,1,to_read,exposure_only,exposure,False,False,False,True,True,False,False,0,0,0,1,1,0,0,0.0,
goodreads_shannon,book_a7571008628c8969,work_bbe25aabee2817b3,1,to_read,exposure_only,exposure,False,False,False,True,True,False,False,0,0,0,1,1,0,0,0.0,
goodreads_shannon,book_a7574ec64ef70377,work_29d904bdbe80309c,1,read,read_without_preference,moderate,True,False,False,False,False,False,False,1,0,0,0,0,0,0,0.0,2020-01-26T00:00:00+00:00
goodreads_shannon,book_a75a02b7a1012b7b,work_61ed5e8dea678cf8,1,to_read,exposure_only,exposure,False,False,False,True,True,False,False,0,0,0,1,1,0,0,0.0,
goodreads_shannon,book_a76700e695508b07,work_388a31ec992da8f9,1,to_read,exposure_only,exposure,False,False,False,True,True,False,False,0,0,0,1,1,0,0,0.0,
goodreads_shannon,book_a79e17f4a19dade7,work_396e9ffbd26608d8,1,to_read,exposure_only,exposure,False,False,False,True,True,False,False,0,0,0,1,1,0,0,0.0,
goodreads_shannon,book_a7c3c2f49118ba7a,work_87a913e31026db2c,1,to_read,exposure_only,exposure,False,False,False,True,True,False,False,0,0,0,1,1,0,0,0.0,
goodreads_shannon,book_a7c810c95423b962,work_cb8a687ceb2273fb,1,to_read,exposure_only,exposure,False,False,False,True,True,False,False,0,0,0,1,1,0,0,0.0,
goodreads_shannon,book_a7e38b786db0aba5,work_8fdb183923e44dc3,1,to_read,exposure_only,exposure,False,False,False,True,True,False,False,0,0,0,1,1,0,0,0.0,
goodreads_shannon,book_a7f2d89fa8898377,work_448772ed845880c3,1,read,positive,strong,True,True,False,False,False,False,False,1,1,0,0,0,0,0,3.0,2019-12-22T00:00:00+00:00
goodreads_shannon,book_a7f980171142f6cb,work_4cfdd7e7e6fb7521,1,read,positive,strong,True,True,False,False,False,False,False,1,1,0,0,0,0,0,3.0,2013-02-11T00:00:00+00:00
goodreads_shannon,book_a8018ab220848c7c,work_206f072d3a6f6994,1,read,positive,strong,True,True,False,False,False,False,False,1,1,0,0,0,0,0,5.0,2021-03-24T00:00:00+00:00
goodreads_shannon,book_a8034497ca510c68,work_19fd04a7851a6bdc,1,to_read,exposure_only,exposure,False,False,False,True,True,False,False,0,0,0,1,1,0,0,0.0,
goodreads_shannon,book_a8035bfb338aa018,work_0269bb46e765dcb6,1,read,negative,negative,True,False,True,False,False,False,False,1,0,1,0,0,0,0,2.0,2022-12-25T00:00:00+00:00
goodreads_shannon,book_a82de4d44acb5509,work_a6cd8cf91081fbce,1,read,positive,strong,True,True,False,False,False,False,False,1,1,0,0,0,0,0,4.0,2022-07-06T00:00:00+00:00
goodreads_shannon,book_a85b2f1cfb5cfcbb,work_81ff8151eb159046,1,read,positive,strong,True,True,False,False,False,False,False,1,1,0,0,0,0,0,4.0,2024-05-20T00:00:00+00:00
goodreads_shannon,book_a86a2843ebaca5ea,work_629ff4a0a2b02632,1,to_read,exposure_only,exposure,False,False,False,True,True,False,False,0,0,0,1,1,0,0,0.0,
goodreads_shannon,book_a8b36ed703e81703,work_e08b5c098c0f2e1f,1,read,positive,strong,True,True,False,False,False,False,False,1,1,0,0,0,0,0,4.0,2024-08-13T00:00:00+00:00
goodreads_shannon,book_a8b89b58b89a74da,work_191e090cba814fb7,1,to_read,exposure_only,exposure,False,False,False,True,True,False,False,0,0,0,1,1,0,0,0.0,
goodreads_shannon,book_a8c35aa887b45f19,work_d9ac12a390015a4f,1,to_read,exposure_only,exposure,False,False,False,True,True,False,False,0,0,0,1,1,0,0,0.0,
goodreads_shannon,book_a90f54ec03024f24,work_f74ce1b6ef513b94,1,to_read,exposure_only,exposure,False,False,False,True,True,False,False,0,0,0,1,1,0,0,0.0,
goodreads_shannon,book_a9208496f884162a,work_72be8a0826da1e1d,1,read,positive,strong,True,True,False,False,False,False,False,1,1,0,0,0,0,0,3.0,2022-11-11T00:00:00+00:00
goodreads_shannon,book_a93be37430ebe86d,work_ed8f2b289691dd4e,1,to_read,exposure_only,exposure,False,False,False,True,True,False,False,0,0,0,1,1,0,0,0.0,
goodreads_shannon,book_a9545dbfd0947c98,work_edb15042eba5643b,1,read,positive,strong,True,True,False,False,False,False,False,1,1,0,0,0,0,0,4.0,2025-11-02T00:00:00+00:00
goodreads_shannon,book_a9a5cf54d893873d,work_e91b5226006f7033,1,read,positive,strong,True,True,False,False,False,False,False,1,1,0,0,0,0,0,3.0,
goodreads_shannon,book_aa0301a9a5bfa4de,work_5afec08ba5f12068,1,to_read,exposure_only,exposure,False,False,False,True,True,False,False,0,0,0,1,1,0,0,0.0,
goodreads_shannon,book_aa64f4c59da9b11c,work_29c03bc1eef29f5a,1,unknown,unknown,unknown,False,False,False,False,False,False,False,0,0,0,0,0,0,0,0.0,
goodreads_shannon,book_aaa7bd4fec9ad664,work_e01ade995e7ca8cd,1,to_read,exposure_only,exposure,False,False,False,True,True,False,False,0,0,0,1,1,0,0,0.0,
goodreads_shannon,book_ab081edc95856428,work_7c5533ef0ad15073,1,to_read,exposure_only,exposure,False,False,False,True,True,False,False,0,0,0,1,1,0,0,0.0,
goodreads_shannon,book_ab85794261128469,work_e3f6286f167247a8,1,read,positive,strong,True,True,False,False,False,False,False,1,1,0,0,0,0,0,5.0,
goodreads_shannon,book_abbdbeb3e66a9dd5,work_480c3d5dd4eb9f00,1,to_read,exposure_only,exposure,False,False,False,True,True,False,False,0,0,0,1,1,0,0,0.0,
goodreads_shannon,book_abc06b7ea02c24f9,work_2b07420cb3eeff95,1,to_read,exposure_only,exposure,False,False,False,True,True,False,False,0,0,0,1,1,0,0,0.0,
goodreads_shannon,book_ac177d5451a532b7,work_0495e51c13ca89a8,1,read,positive,strong,True,True,False,False,False,False,False,1,1,0,0,0,0,0,4.0,2024-01-20T00:00:00+00:00
goodreads_shannon,book_ac62a8b976291a6a,work_3f8fa6f8ba59075d,1,to_read,exposure_only,exposure,False,False,False,True,True,False,False,0,0,0,1,1,0,0,0.0,
goodreads_shannon,book_ac6491c4242e37b3,work_59f4a1917b421666,1,read,positive,strong,True,True,False,False,False,False,False,1,1,0,0,0,0,0,4.0,2026-02-17T00:00:00+00:00
goodreads_shannon,book_ac681b8993aa637f,work_287f93118ef0fba0,1,read,negative,negative,True,False,True,False,False,False,False,1,0,1,0,0,0,0,2.0,
goodreads_shannon,book_ac8a6ae3a8c214fb,work_8ab2ea1866522546,2,read,positive,strong,True,True,False,False,False,False,False,2,2,0,0,0,0,0,4.0,2018-02-15T00:00:00+00:00
goodreads_shannon,book_acc971c8dfc6e069,work_634a997f84db3e44,1,read,positive,strong,True,True,False,False,False,False,False,1,1,0,0,0,0,0,4.0,
goodreads_shannon,book_accaee5cb1be6d81,work_da5a6eb3c2f61aee,1,read,positive,strong,True,True,False,False,False,False,False,1,1,0,0,0,0,0,5.0,
goodreads_shannon,book_ace6863ffa630ab0,work_7a809b7ef9d93236,2,to_read,exposure_only,exposure,False,False,False,True,True,False,False,0,0,0,2,2,0,0,0.0,
goodreads_shannon,book_ace878d971368d4e,work_57f682fa6738eeb2,1,read,positive,strong,True,True,False,False,False,False,False,1,1,0,0,0,0,0,3.0,
goodreads_shannon,book_ace9b6920a621f05,work_5b4af0126fdafc40,1,to_read,exposure_only,exposure,False,False,False,True,True,False,False,0,0,0,1,1,0,0,0.0,
goodreads_shannon,book_ad00b02220a9475f,work_4b7c5d974e07e077,1,to_read,exposure_only,exposure,False,False,False,True,True,False,False,0,0,0,1,1,0,0,0.0,
goodreads_shannon,book_ad1ce5209171b04f,work_06f45b16d09a1065,1,read,negative,negative,True,False,True,False,False,False,False,1,0,1,0,0,0,0,2.0,2020-12-15T00:00:00+00:00
goodreads_shannon,book_ad2646388f6263ed,work_37d0d56ddd52c58f,1,read,positive,strong,True,True,False,False,False,False,False,1,1,0,0,0,0,0,4.0,2020-04-13T00:00:00+00:00
goodreads_shannon,book_ad3a26e1c3ea2314,work_62bfc61503dadb93,1,to_read,exposure_only,exposure,False,False,False,True,True,False,False,0,0,0,1,1,0,0,0.0,
goodreads_shannon,book_ad3ea3e5d0acb641,work_7bd4fbe7043e53a7,1,to_read,exposure_only,exposure,False,False,False,True,True,False,False,0,0,0,1,1,0,0,0.0,
goodreads_shannon,book_ad8e074a1b78286f,work_3bdb54cf2718cf37,1,to_read,exposure_only,exposure,False,False,False,True,True,False,False,0,0,0,1,1,0,0,0.0,
goodreads_shannon,book_adb9cf8363816f42,work_b1e4c37d4037b60a,1,to_read,exposure_only,exposure,False,False,False,True,True,False,False,0,0,0,1,1,0,0,0.0,
goodreads_shannon,book_adfc9a4e32eb15df,work_9912f3c71eaf3c5a,1,to_read,exposure_only,exposure,False,False,False,True,True,False,False,0,0,0,1,1,0,0,0.0,
goodreads_shannon,book_ae041aee30b0d8ee,work_b0751218aa010769,1,to_read,exposure_only,exposure,False,False,False,True,True,False,False,0,0,0,1,1,0,0,0.0,
goodreads_shannon,book_ae0ae277e31f9a7d,work_19cf92828f39538a,1,to_read,exposure_only,exposure,False,False,False,True,True,False,False,0,0,0,1,1,0,0,0.0,
goodreads_shannon,book_ae2e903a589e6eb2,work_9f7b1d77b8dfb5a1,1,read,negative,negative,True,False,True,False,False,False,False,1,0,1,0,0,0,0,2.0,2021-02-07T00:00:00+00:00
goodreads_shannon,book_ae31cddaa8daa9ef,work_cd69c75ccbb37eb5,1,read,positive,strong,True,True,False,False,False,False,False,1,1,0,0,0,0,0,3.0,2013-01-17T00:00:00+00:00
goodreads_shannon,book_ae34973af72effdb,work_c9fe8a6b678e5432,1,to_read,exposure_only,exposure,False,False,False,True,True,False,False,0,0,0,1,1,0,0,0.0,
goodreads_shannon,book_ae434a1bbdfe2624,work_48643a0ca79245cf,1,read,positive,strong,True,True,False,False,False,False,False,1,1,0,0,0,0,0,3.0,2024-02-12T00:00:00+00:00
goodreads_shannon,book_aed1941875fe2d73,work_48a970a9494247ab,2,to_read,exposure_only,exposure,False,False,False,True,True,False,False,0,0,0,2,2,0,0,0.0,
goodreads_shannon,book_aee4bbedba90ef72,work_9129f24c7deeee9b,1,read,positive,strong,True,True,False,False,False,False,False,1,1,0,0,0,0,0,5.0,2021-02-25T00:00:00+00:00
goodreads_shannon,book_aef157c719d74a3f,work_430f00c29d324ed2,1,read,positive,strong,True,True,False,False,False,False,False,1,1,0,0,0,0,0,4.0,2026-06-18T00:00:00+00:00
goodreads_shannon,book_af20230127f42cab,work_86d6a98fc025f146,1,to_read,exposure_only,exposure,False,False,False,True,True,False,False,0,0,0,1,1,0,0,0.0,
goodreads_shannon,book_af3a34fb368d9d85,work_e8dad63591c0fed8,1,read,positive,strong,True,True,False,False,False,False,False,1,1,0,0,0,0,0,5.0,2026-01-23T00:00:00+00:00
goodreads_shannon,book_af63d48610cdcad6,work_23eba12de6303a3c,1,to_read,exposure_only,exposure,False,False,False,True,True,False,False,0,0,0,1,1,0,0,0.0,
goodreads_shannon,book_afa369258766c505,work_b5a18d3ceea16c46,1,to_read,exposure_only,exposure,False,False,False,True,True,False,False,0,0,0,1,1,0,0,0.0,
goodreads_shannon,book_afacc585f51fa8b9,work_0751215dcf2e23cf,1,to_read,exposure_only,exposure,False,False,False,True,True,False,False,0,0,0,1,1,0,0,0.0,
goodreads_shannon,book_afbe539d4ff37e09,work_bacf3831ab45e9a3,1,did_not_finish,negative,negative,False,False,True,False,False,False,True,0,0,1,0,0,0,1,0.0,
goodreads_shannon,book_afbf894740d55420,work_1cde10c1457ced12,1,to_read,exposure_only,exposure,False,False,False,True,True,False,False,0,0,0,1,1,0,0,0.0,
goodreads_shannon,book_afcb2ef8eb452a98,work_e30aacbb1ba5610b,1,to_read,exposure_only,exposure,False,False,False,True,True,False,False,0,0,0,1,1,0,0,0.0,
goodreads_shannon,book_afd84ecb720928e9,work_f9160c39c0c56b87,1,to_read,exposure_only,exposure,False,False,False,True,True,False,False,0,0,0,1,1,0,0,0.0,
goodreads_shannon,book_b0242686b1a2b9b9,work_8a67186eab90a29b,1,read,positive,strong,True,True,False,False,False,False,False,1,1,0,0,0,0,0,4.0,2023-01-08T00:00:00+00:00
goodreads_shannon,book_b030ee08eb3ab6bb,work_0e27a6512558105c,1,read,positive,strong,True,True,False,False,False,False,False,1,1,0,0,0,0,0,4.0,2026-07-29T00:00:00+00:00
goodreads_shannon,book_b0653a55f9063c2d,work_97abd583a7b5c6a5,1,read,positive,strong,True,True,False,False,False,False,False,1,1,0,0,0,0,0,4.0,2020-12-12T00:00:00+00:00
goodreads_shannon,book_b067afc70b415035,work_b4634eed8736324d,1,read,positive,strong,True,True,False,False,False,False,False,1,1,0,0,0,0,0,5.0,
goodreads_shannon,book_b07b7953ee9c010a,work_58c3fa7b07dcc04f,1,read,positive,strong,True,True,False,False,False,False,False,1,1,0,0,0,0,0,4.0,2020-04-27T00:00:00+00:00
goodreads_shannon,book_b09d75567f2b493f,work_0a53e187c28a79f4,1,read,positive,strong,True,True,False,False,False,False,False,1,1,0,0,0,0,0,4.0,2020-05-09T00:00:00+00:00
goodreads_shannon,book_b0bdb38142df7c39,work_1c04d646bfbec116,1,read,positive,strong,True,True,False,False,False,False,False,1,1,0,0,0,0,0,3.0,2021-11-07T00:00:00+00:00
goodreads_shannon,book_b0db17d0ad20ddef,work_10b85a183c68d8c8,1,read,positive,strong,True,True,False,False,False,False,False,1,1,0,0,0,0,0,4.0,
goodreads_shannon,book_b0e23795da8b56d3,work_e172a4ae49a36be5,1,read,positive,strong,True,True,False,False,False,False,False,1,1,0,0,0,0,0,5.0,2026-02-20T00:00:00+00:00
goodreads_shannon,book_b0e9f80761817736,work_598011672b2954c1,1,to_read,exposure_only,exposure,False,False,False,True,True,False,False,0,0,0,1,1,0,0,0.0,
goodreads_shannon,book_b122a1cbe5e1ed0a,work_c017d1255f487785,1,to_read,exposure_only,exposure,False,False,False,True,True,False,False,0,0,0,1,1,0,0,0.0,
goodreads_shannon,book_b12a4844e3b177f7,work_cef2a797662cfb37,1,to_read,exposure_only,exposure,False,False,False,True,True,False,False,0,0,0,1,1,0,0,0.0,
goodreads_shannon,book_b1495f07c2f87d3e,work_eaa28948fec1c989,1,to_read,exposure_only,exposure,False,False,False,True,True,False,False,0,0,0,1,1,0,0,0.0,
goodreads_shannon,book_b151dd6b645fd0c0,work_f1d0d5a6ba75d88c,1,to_read,exposure_only,exposure,False,False,False,True,True,False,False,0,0,0,1,1,0,0,0.0,
goodreads_shannon,book_b1810edb5bf340c4,work_4cdd527480e1f0bf,1,read,negative,negative,True,False,True,False,False,False,False,1,0,1,0,0,0,0,1.0,2020-01-21T00:00:00+00:00
goodreads_shannon,book_b18e1118e391e87e,work_8734f4bc8f769f20,1,to_read,exposure_only,exposure,False,False,False,True,True,False,False,0,0,0,1,1,0,0,0.0,
goodreads_shannon,book_b1ae8bb7086d9a09,work_afc82dcda8277aa2,1,read,positive,strong,True,True,False,False,False,False,False,1,1,0,0,0,0,0,3.0,2020-05-25T00:00:00+00:00
goodreads_shannon,book_b1f2c5ab55a81142,work_afcaf83aa350d388,1,read,positive,strong,True,True,False,False,False,False,False,1,1,0,0,0,0,0,4.0,2026-05-20T00:00:00+00:00
goodreads_shannon,book_b2093ded8e908f84,work_864f31b95f80ec61,1,to_read,exposure_only,exposure,False,False,False,True,True,False,False,0,0,0,1,1,0,0,0.0,
goodreads_shannon,book_b20983a21f2bc7d9,work_0574b640d3c6e7eb,1,read,positive,strong,True,True,False,False,False,False,False,1,1,0,0,0,0,0,4.0,2025-01-20T00:00:00+00:00
goodreads_shannon,book_b2100584562025b8,work_62386160a2885129,1,read,positive,strong,True,True,False,False,False,False,False,1,1,0,0,0,0,0,4.0,2024-01-09T00:00:00+00:00
goodreads_shannon,book_b21a0b2204c69985,work_84655d466c6b25c9,1,to_read,exposure_only,exposure,False,False,False,True,True,False,False,0,0,0,1,1,0,0,0.0,
goodreads_shannon,book_b2262ebf4b57de85,work_502b24e5e7f46029,1,read,positive,strong,True,True,False,False,False,False,False,1,1,0,0,0,0,0,3.0,2023-05-30T00:00:00+00:00
goodreads_shannon,book_b23cc711122471c8,work_f8d111b607f2be7c,1,read,positive,strong,True,True,False,False,False,False,False,1,1,0,0,0,0,0,4.0,2025-02-04T00:00:00+00:00
goodreads_shannon,book_b260ea08c0177911,work_e24d3c2257d5ef90,1,read,negative,negative,True,False,True,False,False,False,False,1,0,1,0,0,0,0,2.0,2020-04-14T00:00:00+00:00
goodreads_shannon,book_b261d07dedc29bf5,work_6a524fa69e0466ec,1,to_read,exposure_only,exposure,False,False,False,True,True,False,False,0,0,0,1,1,0,0,0.0,
goodreads_shannon,book_b2c0ca75d9715b27,work_4a7670137916de66,1,read,positive,strong,True,True,False,False,False,False,False,1,1,0,0,0,0,0,3.0,2024-01-08T00:00:00+00:00
goodreads_shannon,book_b2da66b517d2e8be,work_4b745fba603f48bf,1,to_read,exposure_only,exposure,False,False,False,True,True,False,False,0,0,0,1,1,0,0,0.0,
goodreads_shannon,book_b2e4b5b4b7568d46,work_037f783f70e22004,1,to_read,exposure_only,exposure,False,False,False,True,True,False,False,0,0,0,1,1,0,0,0.0,
goodreads_shannon,book_b300e488f70c2c57,work_b2f20acc475f9fca,1,to_read,exposure_only,exposure,False,False,False,True,True,False,False,0,0,0,1,1,0,0,0.0,
goodreads_shannon,book_b307461b4eb7e958,work_8f3357997c12b4a0,1,read,positive,strong,True,True,False,False,False,False,False,1,1,0,0,0,0,0,3.0,2021-11-07T00:00:00+00:00
goodreads_shannon,book_b308ad45015f58bb,work_7832133a1b20c1aa,1,to_read,exposure_only,exposure,False,False,False,True,True,False,False,0,0,0,1,1,0,0,0.0,
goodreads_shannon,book_b38c61f8fbec8ae7,work_34c2b640ff311f08,1,to_read,exposure_only,exposure,False,False,False,True,True,False,False,0,0,0,1,1,0,0,0.0,
goodreads_shannon,book_b3e1da8d9d809148,work_e3ae2b8f7cfc82d1,1,read,positive,strong,True,True,False,False,False,False,False,1,1,0,0,0,0,0,4.0,2026-04-13T00:00:00+00:00
goodreads_shannon,book_b3e5a2b532422a18,work_9fc788c33c0c0e23,1,to_read,exposure_only,exposure,False,False,False,True,True,False,False,0,0,0,1,1,0,0,0.0,
goodreads_shannon,book_b3f7ef5ec4bf9498,work_02e6b998cecd49ed,1,read,positive,strong,True,True,False,False,False,False,False,1,1,0,0,0,0,0,4.0,2021-10-06T00:00:00+00:00
goodreads_shannon,book_b3fd94da1f5c99f4,work_c64a4c8bfd16e216,1,read,positive,strong,True,True,False,False,False,False,False,1,1,0,0,0,0,0,5.0,2026-08-22T00:00:00+00:00
goodreads_shannon,book_b449c0c373d2d6b8,work_54cacc221e828450,1,read,positive,strong,True,True,False,False,False,False,False,1,1,0,0,0,0,0,4.0,2025-02-11T00:00:00+00:00
goodreads_shannon,book_b4621b5dee590de2,work_d7f944c46e50d324,1,read,positive,strong,True,True,False,False,False,False,False,1,1,0,0,0,0,0,5.0,2021-03-22T00:00:00+00:00
goodreads_shannon,book_b4707bf1a5ff6ea0,work_301909a214ef2b8e,1,read,positive,strong,True,True,False,False,False,False,False,1,1,0,0,0,0,0,4.0,
goodreads_shannon,book_b47e8c2a17c34fa8,work_dce0f26c673911ca,2,read,positive,strong,True,True,False,True,True,False,False,1,1,0,1,1,0,0,5.0,2023-08-29T00:00:00+00:00
goodreads_shannon,book_b4a8932f935f3315,work_f541667c77f2d587,1,to_read,exposure_only,exposure,False,False,False,True,True,False,False,0,0,0,1,1,0,0,0.0,
goodreads_shannon,book_b4c3bb23346390c9,work_0e83b16b7acb7870,1,to_read,exposure_only,exposure,False,False,False,True,True,False,False,0,0,0,1,1,0,0,0.0,
goodreads_shannon,book_b4d00d9687991afa,work_2ee7d2b91a83ffe4,1,read,positive,strong,True,True,False,False,False,False,False,1,1,0,0,0,0,0,3.0,2020-04-28T00:00:00+00:00
goodreads_shannon,book_b4dc9dcdd42513ec,work_31b20381c61c6244,1,to_read,exposure_only,exposure,False,False,False,True,True,False,False,0,0,0,1,1,0,0,0.0,
goodreads_shannon,book_b4ef03393c16b15f,work_41e843eebabc8b7e,1,to_read,exposure_only,exposure,False,False,False,True,True,False,False,0,0,0,1,1,0,0,0.0,
goodreads_shannon,book_b500439d29d53be2,work_d1a1cd19c414c7c9,1,to_read,exposure_only,exposure,False,False,False,True,True,False,False,0,0,0,1,1,0,0,0.0,
goodreads_shannon,book_b51cefeb80503731,work_2549d3f320100461,1,read,positive,strong,True,True,False,False,False,False,False,1,1,0,0,0,0,0,4.0,2020-03-27T00:00:00+00:00
goodreads_shannon,book_b52fe3cded0dbb25,work_cef4e63b7cb1a64e,1,read,positive,strong,True,True,False,False,False,False,False,1,1,0,0,0,0,0,4.0,2019-12-23T00:00:00+00:00
goodreads_shannon,book_b53408bec6d7069b,work_8b5d2ff80b34e3d7,1,read,positive,strong,True,True,False,False,False,False,False,1,1,0,0,0,0,0,3.0,2021-05-08T00:00:00+00:00
goodreads_shannon,book_b539c9373c0fe4ce,work_9e74973e5fc32ad9,1,to_read,exposure_only,exposure,False,False,False,True,True,False,False,0,0,0,1,1,0,0,0.0,
goodreads_shannon,book_b57564050b4a3fd6,work_272bc893607950b2,1,to_read,exposure_only,exposure,False,False,False,True,True,False,False,0,0,0,1,1,0,0,0.0,
goodreads_shannon,book_b5b2ef1a5f91d82f,work_b7c130d88dddd27f,1,to_read,exposure_only,exposure,False,False,False,True,True,False,False,0,0,0,1,1,0,0,0.0,
goodreads_shannon,book_b5e723eed4e514dd,work_015b63de323272f5,1,to_read,exposure_only,exposure,False,False,False,True,True,False,False,0,0,0,1,1,0,0,0.0,
goodreads_shannon,book_b62b2604ca228b4d,work_f397ac7c9afcfc3f,1,to_read,exposure_only,exposure,False,False,False,True,True,False,False,0,0,0,1,1,0,0,0.0,
goodreads_shannon,book_b666fb9d65abcf56,work_fe2fa814274c55d2,1,read,positive,strong,True,True,False,False,False,False,False,1,1,0,0,0,0,0,3.0,
goodreads_shannon,book_b67413228b9a849d,work_5f5e77fa5209657f,1,read,positive,strong,True,True,False,False,False,False,False,1,1,0,0,0,0,0,4.0,2024-03-04T00:00:00+00:00
goodreads_shannon,book_b6790c8185e40c7c,work_d21568650d402d67,1,to_read,exposure_only,exposure,False,False,False,True,True,False,False,0,0,0,1,1,0,0,0.0,
goodreads_shannon,book_b68a2bb3f7902b6f,work_ae0b1732cd0926b2,1,to_read,exposure_only,exposure,False,False,False,True,True,False,False,0,0,0,1,1,0,0,0.0,
goodreads_shannon,book_b69d830a302dfcde,work_412c906f9525c624,1,to_read,exposure_only,exposure,False,False,False,True,True,False,False,0,0,0,1,1,0,0,0.0,
goodreads_shannon,book_b6bbfc587c5c47fa,work_ac9682907f041344,1,to_read,exposure_only,exposure,False,False,False,True,True,False,False,0,0,0,1,1,0,0,0.0,
goodreads_shannon,book_b700dae844a2efa0,work_fdd015c900e28658,1,to_read,exposure_only,exposure,False,False,False,True,True,False,False,0,0,0,1,1,0,0,0.0,
goodreads_shannon,book_b71cfcb3fecc304d,work_5a1fd577e00920b2,1,to_read,exposure_only,exposure,False,False,False,True,True,False,False,0,0,0,1,1,0,0,0.0,
goodreads_shannon,book_b72cf05d80f26884,work_c6bb1c19b8f07d89,1,to_read,exposure_only,exposure,False,False,False,True,True,False,False,0,0,0,1,1,0,0,0.0,
goodreads_shannon,book_b73b2421f9ca4aa6,work_a2ea6dce15f15383,1,read,positive,strong,True,True,False,False,False,False,False,1,1,0,0,0,0,0,4.0,2022-09-17T00:00:00+00:00
goodreads_shannon,book_b759bfac128a055f,work_1f05c86b72862af2,1,read,positive,strong,True,True,False,False,False,False,False,1,1,0,0,0,0,0,4.0,2024-05-29T00:00:00+00:00
goodreads_shannon,book_b75f59cf5d9c88e1,work_96e6bdf1261d1539,1,read,positive,strong,True,True,False,False,False,False,False,1,1,0,0,0,0,0,4.0,2020-10-03T00:00:00+00:00
goodreads_shannon,book_b763832fe2e7854c,work_94efa150653ac36d,1,to_read,exposure_only,exposure,False,False,False,True,True,False,False,0,0,0,1,1,0,0,0.0,
goodreads_shannon,book_b7a71044a4981c4a,work_3963aaefae2144f5,1,read,positive,strong,True,True,False,False,False,False,False,1,1,0,0,0,0,0,4.0,2017-05-09T00:00:00+00:00
goodreads_shannon,book_b7bfbd9a0b3185bd,work_7e734add5976f4f3,1,to_read,exposure_only,exposure,False,False,False,True,True,False,False,0,0,0,1,1,0,0,0.0,
goodreads_shannon,book_b7d7f4a22225c80e,work_2ad3c47e3ade6ef7,1,to_read,exposure_only,exposure,False,False,False,True,True,False,False,0,0,0,1,1,0,0,0.0,
goodreads_shannon,book_b823dccbf3ebcc9f,work_b6e836bce3c42293,1,read,positive,strong,True,True,False,False,False,False,False,1,1,0,0,0,0,0,4.0,
goodreads_shannon,book_b8358a3a0251230e,work_e5c5d11b9a10088f,1,read,positive,strong,True,True,False,False,False,False,False,1,1,0,0,0,0,0,4.0,2024-03-13T00:00:00+00:00
goodreads_shannon,book_b86b6f2bba9da350,work_8d1da98630aff706,1,read,positive,strong,True,True,False,False,False,False,False,1,1,0,0,0,0,0,4.0,2019-06-03T00:00:00+00:00
goodreads_shannon,book_b88d65e859d79b9c,work_8628b8ebc61999ef,1,to_read,exposure_only,exposure,False,False,False,True,True,False,False,0,0,0,1,1,0,0,0.0,
goodreads_shannon,book_b8a69a870b880377,work_f609d7b3eea8cf94,1,read,positive,strong,True,True,False,False,False,False,False,1,1,0,0,0,0,0,5.0,2026-05-20T00:00:00+00:00
goodreads_shannon,book_b91787cd563916de,work_80489c78d5f7c018,1,read,positive,strong,True,True,False,False,False,False,False,1,1,0,0,0,0,0,4.0,
goodreads_shannon,book_b9357ffbdcc17939,work_3d917ebc0ef855a0,1,read,positive,strong,True,True,False,False,False,False,False,1,1,0,0,0,0,0,4.0,2025-12-13T00:00:00+00:00
goodreads_shannon,book_b95ca48c01cde98a,work_35a578671dcfe708,1,to_read,exposure_only,exposure,False,False,False,True,True,False,False,0,0,0,1,1,0,0,0.0,
goodreads_shannon,book_b9b3fb26d78770fc,work_e939f3baa516d82b,1,to_read,exposure_only,exposure,False,False,False,True,True,False,False,0,0,0,1,1,0,0,0.0,
goodreads_shannon,book_ba01b3bcfca792ce,work_4f707d4422da9c42,1,to_read,exposure_only,exposure,False,False,False,True,True,False,False,0,0,0,1,1,0,0,0.0,
goodreads_shannon,book_ba56405d43d46a31,work_29369a0f2e978085,1,read,positive,strong,True,True,False,False,False,False,False,1,1,0,0,0,0,0,3.0,2020-05-27T00:00:00+00:00
goodreads_shannon,book_ba61a743e7235a66,work_6023983966940c16,2,read,positive,strong,True,True,False,True,True,False,False,1,1,0,1,1,0,0,4.0,
goodreads_shannon,book_ba61f63e16a3f77a,work_a93bd75e9e1ae5d8,1,to_read,exposure_only,exposure,False,False,False,True,True,False,False,0,0,0,1,1,0,0,0.0,
goodreads_shannon,book_ba6604fc58f79e7c,work_53ac120b4b04a133,1,to_read,exposure_only,exposure,False,False,False,True,True,False,False,0,0,0,1,1,0,0,0.0,
goodreads_shannon,book_bab3e01fa6f4640f,work_34f8e48d7884eb7a,1,to_read,exposure_only,exposure,False,False,False,True,True,False,False,0,0,0,1,1,0,0,0.0,
goodreads_shannon,book_bacbfb5d45a15e21,work_ac3997edada15b43,1,to_read,exposure_only,exposure,False,False,False,True,True,False,False,0,0,0,1,1,0,0,0.0,
goodreads_shannon,book_baea3e8a1a1bd353,work_0e5883395417b89d,1,to_read,exposure_only,exposure,False,False,False,True,True,False,False,0,0,0,1,1,0,0,0.0,
goodreads_shannon,book_bafc56bd289596c2,work_6d51d90ddbe5f377,1,read,positive,strong,True,True,False,False,False,False,False,1,1,0,0,0,0,0,5.0,2026-03-27T00:00:00+00:00
goodreads_shannon,book_bb0d59603e755f0a,work_95b5f306d7812b6a,1,to_read,exposure_only,exposure,False,False,False,True,True,False,False,0,0,0,1,1,0,0,0.0,
goodreads_shannon,book_bb14945c8475c27d,work_2828696736160afb,1,to_read,exposure_only,exposure,False,False,False,True,True,False,False,0,0,0,1,1,0,0,0.0,
goodreads_shannon,book_bb29412804190aad,work_4ba305ac1b766689,1,read,positive,strong,True,True,False,False,False,False,False,1,1,0,0,0,0,0,4.0,
goodreads_shannon,book_bba47f0f3f7c98bc,work_d3bf6a045f5760ec,1,unknown,unknown,unknown,False,False,False,False,False,False,False,0,0,0,0,0,0,0,0.0,
goodreads_shannon,book_bbce498e452ce064,work_4e023aeec1aab097,1,read,positive,strong,True,True,False,False,False,False,False,1,1,0,0,0,0,0,3.0,2019-01-13T00:00:00+00:00
goodreads_shannon,book_bbd6313a1d54d287,work_72d705b0cfcc8891,1,to_read,exposure_only,exposure,False,False,False,True,True,False,False,0,0,0,1,1,0,0,0.0,
goodreads_shannon,book_bbe1c72f9c8d5eb0,work_27f0fbd503d440bf,1,to_read,exposure_only,exposure,False,False,False,True,True,False,False,0,0,0,1,1,0,0,0.0,
goodreads_shannon,book_bc01bc9df4ed0c71,work_54672abb8e6beb24,1,read,positive,strong,True,True,False,False,False,False,False,1,1,0,0,0,0,0,3.0,2024-05-06T00:00:00+00:00
goodreads_shannon,book_bc31172fda8cb3c7,work_4f8f93bc7f5ef2ae,1,read,positive,strong,True,True,False,False,False,False,False,1,1,0,0,0,0,0,4.0,2024-04-02T00:00:00+00:00
goodreads_shannon,book_bc47ec6809004b99,work_0efc9e9a05ca7395,1,to_read,exposure_only,exposure,False,False,False,True,True,False,False,0,0,0,1,1,0,0,0.0,
goodreads_shannon,book_bc6385d43758beec,work_64c8ed2ce0d70179,1,read,positive,strong,True,True,False,False,False,False,False,1,1,0,0,0,0,0,4.0,
goodreads_shannon,book_bcd79656b290ffa9,work_f2f2566a0c4f880d,1,to_read,exposure_only,exposure,False,False,False,True,True,False,False,0,0,0,1,1,0,0,0.0,
goodreads_shannon,book_bcf1879b5f3c5b49,work_a41fb43566a84fc7,1,to_read,exposure_only,exposure,False,False,False,True,True,False,False,0,0,0,1,1,0,0,0.0,
goodreads_shannon,book_bcfc87903ceffb87,work_691e823d51f43a37,1,to_read,exposure_only,exposure,False,False,False,True,True,False,False,0,0,0,1,1,0,0,0.0,
goodreads_shannon,book_bd0a6d6f205ad80a,work_feca749e4e87be13,1,read,positive,strong,True,True,False,False,False,False,False,1,1,0,0,0,0,0,4.0,2026-02-10T00:00:00+00:00
goodreads_shannon,book_bd5e56dec0c22b06,work_b76bfd3ab856a35c,1,to_read,exposure_only,exposure,False,False,False,True,True,False,False,0,0,0,1,1,0,0,0.0,
goodreads_shannon,book_bd7b05f51d82c3c6,work_85247554501bca14,1,to_read,exposure_only,exposure,False,False,False,True,True,False,False,0,0,0,1,1,0,0,0.0,
goodreads_shannon,book_bde91e2003075cf0,work_9e9476abf1bc1ccc,1,to_read,exposure_only,exposure,False,False,False,True,True,False,False,0,0,0,1,1,0,0,0.0,
goodreads_shannon,book_be14474819652384,work_a18f34398c05a0e0,1,to_read,exposure_only,exposure,False,False,False,True,True,False,False,0,0,0,1,1,0,0,0.0,
goodreads_shannon,book_be2b6ff3d285f6fb,work_631f74885d19bf17,1,to_read,exposure_only,exposure,False,False,False,True,True,False,False,0,0,0,1,1,0,0,0.0,
goodreads_shannon,book_be99e5b72908e75f,work_8764fa8dd9de538a,1,to_read,exposure_only,exposure,False,False,False,True,True,False,False,0,0,0,1,1,0,0,0.0,
goodreads_shannon,book_bf008aff1fadee61,work_f11e886790ee97c2,1,to_read,exposure_only,exposure,False,False,False,True,True,False,False,0,0,0,1,1,0,0,0.0,
goodreads_shannon,book_bf0990c3d92b37ad,work_59570272f2bf1e52,1,to_read,exposure_only,exposure,False,False,False,True,True,False,False,0,0,0,1,1,0,0,0.0,
goodreads_shannon,book_bf28660468813a4e,work_07038ff1cdbe71a3,1,read,positive,strong,True,True,False,False,False,False,False,1,1,0,0,0,0,0,4.0,2019-07-06T00:00:00+00:00
goodreads_shannon,book_bfc195ee2f46386b,work_ffba21bde36e1b78,1,to_read,exposure_only,exposure,False,False,False,True,True,False,False,0,0,0,1,1,0,0,0.0,
goodreads_shannon,book_bfccf5a736e5072e,work_646507453c725a72,1,to_read,exposure_only,exposure,False,False,False,True,True,False,False,0,0,0,1,1,0,0,0.0,
goodreads_shannon,book_bfd7093e27949c95,work_dc08a14bb7a3b210,1,to_read,exposure_only,exposure,False,False,False,True,True,False,False,0,0,0,1,1,0,0,0.0,
goodreads_shannon,book_bfdec8f415d7bdd2,work_c262529816eb454e,1,read,positive,strong,True,True,False,False,False,False,False,1,1,0,0,0,0,0,3.0,
goodreads_shannon,book_bfe79cef217e1b4c,work_92b79e1d9775498e,1,to_read,exposure_only,exposure,False,False,False,True,True,False,False,0,0,0,1,1,0,0,0.0,
goodreads_shannon,book_bff57051a620f941,work_62c289438a06c60a,1,to_read,exposure_only,exposure,False,False,False,True,True,False,False,0,0,0,1,1,0,0,0.0,
goodreads_shannon,book_bffcf26d4969eac8,work_4337a8bdfcdc6ae2,1,read,positive,strong,True,True,False,False,False,False,False,1,1,0,0,0,0,0,4.0,2021-09-11T00:00:00+00:00
goodreads_shannon,book_c04bb890b01cd9b5,work_4b874651fa1105d6,1,read,positive,strong,True,True,False,False,False,False,False,1,1,0,0,0,0,0,4.0,2023-03-30T00:00:00+00:00
goodreads_shannon,book_c0679b9a42d099d3,work_eb6ced6a76eef9cb,1,to_read,exposure_only,exposure,False,False,False,True,True,False,False,0,0,0,1,1,0,0,0.0,
goodreads_shannon,book_c0994e264c619822,work_5dd4466d6aef7f9d,1,read,positive,strong,True,True,False,False,False,False,False,1,1,0,0,0,0,0,4.0,2013-02-14T00:00:00+00:00
goodreads_shannon,book_c0bd800f78e65105,work_ef05ee96e29c7b7f,1,read,positive,strong,True,True,False,False,False,False,False,1,1,0,0,0,0,0,4.0,2019-11-17T00:00:00+00:00
goodreads_shannon,book_c0e8fbcea2562b47,work_e238bf9685da831b,1,read,positive,strong,True,True,False,False,False,False,False,1,1,0,0,0,0,0,3.0,2021-01-31T00:00:00+00:00
goodreads_shannon,book_c0ec829b897d9d32,work_2dc3f83ca53b1997,1,read,positive,strong,True,True,False,False,False,False,False,1,1,0,0,0,0,0,5.0,
goodreads_shannon,book_c0ff09472d554f7f,work_2323c4e25869b61c,1,to_read,exposure_only,exposure,False,False,False,True,True,False,False,0,0,0,1,1,0,0,0.0,
goodreads_shannon,book_c158f71fd676a676,work_79657307c17e3d3e,1,to_read,exposure_only,exposure,False,False,False,True,True,False,False,0,0,0,1,1,0,0,0.0,
goodreads_shannon,book_c18986625e06386b,work_8b071678432e9078,1,to_read,exposure_only,exposure,False,False,False,True,True,False,False,0,0,0,1,1,0,0,0.0,
goodreads_shannon,book_c1ab772560bab2c6,work_9cf563744fe5945a,1,read,positive,strong,True,True,False,False,False,False,False,1,1,0,0,0,0,0,5.0,2023-04-22T00:00:00+00:00
goodreads_shannon,book_c1eff8de37cfcd5d,work_8e451a686c4afecd,1,to_read,exposure_only,exposure,False,False,False,True,True,False,False,0,0,0,1,1,0,0,0.0,
goodreads_shannon,book_c2034dc6505bd729,work_4cd8a0fdd52ae8a0,1,to_read,exposure_only,exposure,False,False,False,True,True,False,False,0,0,0,1,1,0,0,0.0,
goodreads_shannon,book_c223c6f17f364762,work_12a504ad8bd0077e,1,read,positive,strong,True,True,False,False,False,False,False,1,1,0,0,0,0,0,4.0,2023-08-13T00:00:00+00:00
goodreads_shannon,book_c23472fa9187623d,work_9a5f1b9f535f4647,1,currently_reading,exposure_only,exposure,False,False,False,True,False,True,False,0,0,0,1,0,1,0,0.0,
goodreads_shannon,book_c23baa5215bbd90f,work_f7d3a2fbd5aadc66,1,to_read,exposure_only,exposure,False,False,False,True,True,False,False,0,0,0,1,1,0,0,0.0,
goodreads_shannon,book_c242c56a70aab2aa,work_9ef4ddfb0cbaadb2,1,read,positive,strong,True,True,False,False,False,False,False,1,1,0,0,0,0,0,4.0,2026-06-11T00:00:00+00:00
goodreads_shannon,book_c25ab56921082f8d,work_44ff9081379302ca,1,to_read,exposure_only,exposure,False,False,False,True,True,False,False,0,0,0,1,1,0,0,0.0,
goodreads_shannon,book_c268a26f8e60f455,work_3a9a209c788ec69d,1,read,positive,strong,True,True,False,False,False,False,False,1,1,0,0,0,0,0,3.0,2020-04-01T00:00:00+00:00
goodreads_shannon,book_c26e36ad07272ab3,work_f613c6bbd5b61b8b,1,read,positive,strong,True,True,False,False,False,False,False,1,1,0,0,0,0,0,5.0,2022-03-26T00:00:00+00:00
goodreads_shannon,book_c2bcf5586e94678d,work_e0bf7060d4fe6231,1,read,positive,strong,True,True,False,False,False,False,False,1,1,0,0,0,0,0,5.0,2022-10-06T00:00:00+00:00
goodreads_shannon,book_c3127dd590a3020d,work_78d2edc8aab7893e,1,to_read,exposure_only,exposure,False,False,False,True,True,False,False,0,0,0,1,1,0,0,0.0,
goodreads_shannon,book_c3189d11f55f992c,work_50bb3a3289ec8244,1,read,positive,strong,True,True,False,False,False,False,False,1,1,0,0,0,0,0,4.0,2019-09-14T00:00:00+00:00
goodreads_shannon,book_c36ce9494ceca90e,work_c958ac98806e47da,1,to_read,exposure_only,exposure,False,False,False,True,True,False,False,0,0,0,1,1,0,0,0.0,
goodreads_shannon,book_c38608a4f22a2ad1,work_4ebb1a64ce1efae1,1,to_read,exposure_only,exposure,False,False,False,True,True,False,False,0,0,0,1,1,0,0,0.0,
goodreads_shannon,book_c39954913a720698,work_e84d81afd8dda3b1,1,to_read,exposure_only,exposure,False,False,False,True,True,False,False,0,0,0,1,1,0,0,0.0,
goodreads_shannon,book_c3c1370009c23418,work_7066bd4b8d8ce84b,1,read,positive,strong,True,True,False,False,False,False,False,1,1,0,0,0,0,0,5.0,2022-07-12T00:00:00+00:00
goodreads_shannon,book_c408d89d9941d63c,work_fb581e73b95c6bb1,1,read,positive,strong,True,True,False,False,False,False,False,1,1,0,0,0,0,0,4.0,2022-04-06T00:00:00+00:00
goodreads_shannon,book_c417fae0cff721d1,work_f67a17e46db05f66,1,to_read,exposure_only,exposure,False,False,False,True,True,False,False,0,0,0,1,1,0,0,0.0,
goodreads_shannon,book_c41f800ee93f2a40,work_392d8dd4b389149f,1,to_read,exposure_only,exposure,False,False,False,True,True,False,False,0,0,0,1,1,0,0,0.0,
goodreads_shannon,book_c4c36f99b0cfb519,work_6db9e6b89ff3cf5f,1,to_read,exposure_only,exposure,False,False,False,True,True,False,False,0,0,0,1,1,0,0,0.0,
goodreads_shannon,book_c4d3faecea3e6d92,work_f04118688494405a,1,to_read,exposure_only,exposure,False,False,False,True,True,False,False,0,0,0,1,1,0,0,0.0,
goodreads_shannon,book_c5391e944ee53f80,work_990b1640f83c6ce5,1,to_read,exposure_only,exposure,False,False,False,True,True,False,False,0,0,0,1,1,0,0,0.0,
goodreads_shannon,book_c57faa6af308a0d8,work_d8fca623cad2ab9c,1,read,positive,strong,True,True,False,False,False,False,False,1,1,0,0,0,0,0,3.0,
goodreads_shannon,book_c58a1a7cdd232626,work_f124997214f45674,1,to_read,exposure_only,exposure,False,False,False,True,True,False,False,0,0,0,1,1,0,0,0.0,
goodreads_shannon,book_c597561cfe311bf9,work_039693a0fd12e3ae,1,read,positive,strong,True,True,False,False,False,False,False,1,1,0,0,0,0,0,3.0,2020-05-25T00:00:00+00:00
goodreads_shannon,book_c5a05db853030309,work_e41f0342030330e5,1,to_read,exposure_only,exposure,False,False,False,True,True,False,False,0,0,0,1,1,0,0,0.0,
goodreads_shannon,book_c5bd0490a00c1ff8,work_57d92bcdc83061e0,1,to_read,exposure_only,exposure,False,False,False,True,True,False,False,0,0,0,1,1,0,0,0.0,
goodreads_shannon,book_c5c1472dc99b8dc8,work_95cdf50ae6deb0fc,1,to_read,exposure_only,exposure,False,False,False,True,True,False,False,0,0,0,1,1,0,0,0.0,
goodreads_shannon,book_c5c70db47ae62467,work_b825ce58fdf01710,1,read,positive,strong,True,True,False,False,False,False,False,1,1,0,0,0,0,0,5.0,2022-08-01T00:00:00+00:00
goodreads_shannon,book_c5ccda1909d75297,work_56f6cc34b48f39a1,1,to_read,exposure_only,exposure,False,False,False,True,True,False,False,0,0,0,1,1,0,0,0.0,
goodreads_shannon,book_c60a88924e5e949c,work_b43a1d50e09d784d,1,to_read,exposure_only,exposure,False,False,False,True,True,False,False,0,0,0,1,1,0,0,0.0,
goodreads_shannon,book_c64ce0af8ab5871f,work_e41d48ccafa3bdcc,1,read,positive,strong,True,True,False,False,False,False,False,1,1,0,0,0,0,0,4.0,2022-01-08T00:00:00+00:00
goodreads_shannon,book_c672924955fe7c3f,work_6ab661e1be305dc6,1,to_read,exposure_only,exposure,False,False,False,True,True,False,False,0,0,0,1,1,0,0,0.0,
goodreads_shannon,book_c71a74e59c69e32a,work_45040037a34c0c8e,1,to_read,exposure_only,exposure,False,False,False,True,True,False,False,0,0,0,1,1,0,0,0.0,
goodreads_shannon,book_c72ce0baac667948,work_924305d0a0446561,1,to_read,exposure_only,exposure,False,False,False,True,True,False,False,0,0,0,1,1,0,0,0.0,
goodreads_shannon,book_c7359e5991c94638,work_6fb823d5e36f23a4,1,read,positive,strong,True,True,False,False,False,False,False,1,1,0,0,0,0,0,5.0,2020-11-14T00:00:00+00:00
goodreads_shannon,book_c73ef238e24d84c8,work_1d01bf7d6131c7bc,1,to_read,exposure_only,exposure,False,False,False,True,True,False,False,0,0,0,1,1,0,0,0.0,
goodreads_shannon,book_c7529aa8b4aae276,work_199138da4b2ef2a2,1,read,positive,strong,True,True,False,False,False,False,False,1,1,0,0,0,0,0,4.0,2021-10-23T00:00:00+00:00
goodreads_shannon,book_c76028f759aa18e2,work_0a281b4508170ef5,1,to_read,exposure_only,exposure,False,False,False,True,True,False,False,0,0,0,1,1,0,0,0.0,
goodreads_shannon,book_c79ba70bfbff8d96,work_6d3f4df514a69f37,1,to_read,exposure_only,exposure,False,False,False,True,True,False,False,0,0,0,1,1,0,0,0.0,
goodreads_shannon,book_c7a3ee5bd34e6aa5,work_8cc6afe005513d3e,1,to_read,exposure_only,exposure,False,False,False,True,True,False,False,0,0,0,1,1,0,0,0.0,
goodreads_shannon,book_c7ceceaecfdca739,work_d1feb7c4e906865b,1,read,positive,strong,True,True,False,False,False,False,False,1,1,0,0,0,0,0,4.0,2023-11-08T00:00:00+00:00
goodreads_shannon,book_c7fc7bee8d8dace3,work_1952a78b8f4011f1,1,to_read,exposure_only,exposure,False,False,False,True,True,False,False,0,0,0,1,1,0,0,0.0,
goodreads_shannon,book_c8066bc74df5c811,work_df3af5f8b71679a3,1,to_read,exposure_only,exposure,False,False,False,True,True,False,False,0,0,0,1,1,0,0,0.0,
goodreads_shannon,book_c8297daa459aadad,work_84b4aa4c748bd256,1,to_read,exposure_only,exposure,False,False,False,True,True,False,False,0,0,0,1,1,0,0,0.0,
goodreads_shannon,book_c855c7f8a96ef1b1,work_df7412e4b5f74bec,1,to_read,exposure_only,exposure,False,False,False,True,True,False,False,0,0,0,1,1,0,0,0.0,
goodreads_shannon,book_c8a2cec522bb9bfe,work_51152ff4eb31351b,1,read,positive,strong,True,True,False,False,False,False,False,1,1,0,0,0,0,0,3.0,2024-10-08T00:00:00+00:00
goodreads_shannon,book_c8a50f2a811100ef,work_08dc180d03482760,1,to_read,exposure_only,exposure,False,False,False,True,True,False,False,0,0,0,1,1,0,0,0.0,
goodreads_shannon,book_c8cfb45bd74a42ce,work_aa76784cef504a52,1,read,positive,strong,True,True,False,False,False,False,False,1,1,0,0,0,0,0,4.0,2024-05-06T00:00:00+00:00
goodreads_shannon,book_c96d239a6f234b60,work_5e40f546b005f10e,1,to_read,exposure_only,exposure,False,False,False,True,True,False,False,0,0,0,1,1,0,0,0.0,
goodreads_shannon,book_c986a3512e5ba181,work_042caaffc6d58059,1,read,positive,strong,True,True,False,False,False,False,False,1,1,0,0,0,0,0,4.0,2019-06-09T00:00:00+00:00
goodreads_shannon,book_c9906f00fcf94809,work_e30abf372395409a,1,read,positive,strong,True,True,False,False,False,False,False,1,1,0,0,0,0,0,3.0,2020-10-26T00:00:00+00:00
goodreads_shannon,book_c9a1e04e92ffcde6,work_03039c27c4e60d71,1,to_read,exposure_only,exposure,False,False,False,True,True,False,False,0,0,0,1,1,0,0,0.0,
goodreads_shannon,book_c9ab29ced30f9cbd,work_8a1143459fa263ec,1,to_read,exposure_only,exposure,False,False,False,True,True,False,False,0,0,0,1,1,0,0,0.0,
goodreads_shannon,book_c9e5ecfa4bbd651e,work_46ffe6d9bec1e119,1,to_read,exposure_only,exposure,False,False,False,True,True,False,False,0,0,0,1,1,0,0,0.0,
goodreads_shannon,book_c9f48ac1422d5bf3,work_f279f1540250a2ec,1,to_read,exposure_only,exposure,False,False,False,True,True,False,False,0,0,0,1,1,0,0,0.0,
goodreads_shannon,book_ca02bbaf41c1336c,work_55f5b555223b8cd3,1,read,positive,strong,True,True,False,False,False,False,False,1,1,0,0,0,0,0,3.0,2020-07-30T00:00:00+00:00
goodreads_shannon,book_ca02cfcdef5ec766,work_8c3b213a7d8118da,1,to_read,exposure_only,exposure,False,False,False,True,True,False,False,0,0,0,1,1,0,0,0.0,
goodreads_shannon,book_ca15ec7fdc415606,work_27102e4efdd999e0,1,to_read,exposure_only,exposure,False,False,False,True,True,False,False,0,0,0,1,1,0,0,0.0,
goodreads_shannon,book_ca2cc65af2900ec4,work_440028df448b17e6,1,to_read,exposure_only,exposure,False,False,False,True,True,False,False,0,0,0,1,1,0,0,0.0,
goodreads_shannon,book_ca32ad130908b22a,work_11b7cc27c419fc1a,1,read,positive,strong,True,True,False,False,False,False,False,1,1,0,0,0,0,0,4.0,2020-12-29T00:00:00+00:00
goodreads_shannon,book_ca655cae204e6054,work_2f82a1fc605643c0,1,read,positive,strong,True,True,False,False,False,False,False,1,1,0,0,0,0,0,3.0,2021-11-18T00:00:00+00:00
goodreads_shannon,book_ca6b2e6973e825e5,work_db7408e1cde6e814,1,to_read,exposure_only,exposure,False,False,False,True,True,False,False,0,0,0,1,1,0,0,0.0,
goodreads_shannon,book_caa04db30fdca072,work_049a29583eb4e4b2,1,read,positive,strong,True,True,False,False,False,False,False,1,1,0,0,0,0,0,4.0,2020-09-30T00:00:00+00:00
goodreads_shannon,book_cab6680dbc2115b4,work_6f4490ad0990f72f,1,to_read,exposure_only,exposure,False,False,False,True,True,False,False,0,0,0,1,1,0,0,0.0,
goodreads_shannon,book_cad89cc10ca03163,work_a595e7d1e5ab2d1f,1,to_read,exposure_only,exposure,False,False,False,True,True,False,False,0,0,0,1,1,0,0,0.0,
goodreads_shannon,book_cadbec15ea961dea,work_fb54cec11140c40c,1,to_read,exposure_only,exposure,False,False,False,True,True,False,False,0,0,0,1,1,0,0,0.0,
goodreads_shannon,book_cb118b7644830ffc,work_4545125e32e0530c,1,to_read,exposure_only,exposure,False,False,False,True,True,False,False,0,0,0,1,1,0,0,0.0,
goodreads_shannon,book_cb146614bdb01b48,work_35c18d932353ea9e,1,read,positive,strong,True,True,False,False,False,False,False,1,1,0,0,0,0,0,4.0,2018-02-28T00:00:00+00:00
goodreads_shannon,book_cb14ff4039308659,work_1679b846d45edad2,1,to_read,exposure_only,exposure,False,False,False,True,True,False,False,0,0,0,1,1,0,0,0.0,
goodreads_shannon,book_cb241db4b5c5be25,work_7cf551d8fe7cf655,1,read,positive,strong,True,True,False,False,False,False,False,1,1,0,0,0,0,0,5.0,2022-06-12T00:00:00+00:00
goodreads_shannon,book_cb2dfb0a978e5e57,work_88d5836c35980b16,1,to_read,exposure_only,exposure,False,False,False,True,True,False,False,0,0,0,1,1,0,0,0.0,
goodreads_shannon,book_cb70b48c446a1a31,work_64981bc42c3cfa67,1,read,positive,strong,True,True,False,False,False,False,False,1,1,0,0,0,0,0,3.0,2022-10-17T00:00:00+00:00
goodreads_shannon,book_cb74dfa1dd314d53,work_91dfe632a04e493e,1,to_read,exposure_only,exposure,False,False,False,True,True,False,False,0,0,0,1,1,0,0,0.0,
goodreads_shannon,book_cb7518178f3ec5b4,work_9c3013b6eea383e9,1,to_read,exposure_only,exposure,False,False,False,True,True,False,False,0,0,0,1,1,0,0,0.0,
goodreads_shannon,book_cb76eb4a3b26452e,work_e19272c120d2267f,1,to_read,exposure_only,exposure,False,False,False,True,True,False,False,0,0,0,1,1,0,0,0.0,
goodreads_shannon,book_cba963a1168220da,work_06e13c17016dd15b,1,read,positive,strong,True,True,False,False,False,False,False,1,1,0,0,0,0,0,4.0,2023-12-26T00:00:00+00:00
goodreads_shannon,book_cbe9ae09a8289ee4,work_d191f844e16c6fb1,1,read,positive,strong,True,True,False,False,False,False,False,1,1,0,0,0,0,0,5.0,2024-04-10T00:00:00+00:00
goodreads_shannon,book_cc3cee3548f7da6a,work_ec82f27f87ce7014,1,to_read,exposure_only,exposure,False,False,False,True,True,False,False,0,0,0,1,1,0,0,0.0,
goodreads_shannon,book_cc4a741f87709d7c,work_142bab2e9177108e,1,read,positive,strong,True,True,False,False,False,False,False,1,1,0,0,0,0,0,5.0,2022-06-23T00:00:00+00:00
goodreads_shannon,book_cc8ae049ba937799,work_ea7e8723f8dd3b95,1,read,positive,strong,True,True,False,False,False,False,False,1,1,0,0,0,0,0,3.0,2023-09-23T00:00:00+00:00
goodreads_shannon,book_ccd8698693662b9d,work_a5a54948b5ba518f,1,read,positive,strong,True,True,False,False,False,False,False,1,1,0,0,0,0,0,5.0,2022-03-29T00:00:00+00:00
goodreads_shannon,book_cce6022177b286f7,work_bd1c3b481c679509,1,read,positive,strong,True,True,False,False,False,False,False,1,1,0,0,0,0,0,3.0,2018-02-25T00:00:00+00:00
goodreads_shannon,book_ccff397016ef1e90,work_368abd317dbc2a60,1,to_read,exposure_only,exposure,False,False,False,True,True,False,False,0,0,0,1,1,0,0,0.0,
goodreads_shannon,book_cd0f1ca4bd54350d,work_a97708fd42b2392e,1,to_read,exposure_only,exposure,False,False,False,True,True,False,False,0,0,0,1,1,0,0,0.0,
goodreads_shannon,book_cd132493d651c3a5,work_ae8449e224854f6b,1,to_read,exposure_only,exposure,False,False,False,True,True,False,False,0,0,0,1,1,0,0,0.0,
goodreads_shannon,book_cd2781f2142dd723,work_9f60be3d80a17845,1,read,positive,strong,True,True,False,False,False,False,False,1,1,0,0,0,0,0,4.0,2020-05-16T00:00:00+00:00
goodreads_shannon,book_cd3c7f537f0a5625,work_b16d899aaa5e2976,1,unknown,unknown,unknown,False,False,False,False,False,False,False,0,0,0,0,0,0,0,0.0,
goodreads_shannon,book_cd90df31a8782d11,work_edbda291eac967be,1,to_read,exposure_only,exposure,False,False,False,True,True,False,False,0,0,0,1,1,0,0,0.0,
goodreads_shannon,book_cd9271f74976242c,work_5ccafe6326ed58bc,1,read,positive,strong,True,True,False,False,False,False,False,1,1,0,0,0,0,0,4.0,2022-10-03T00:00:00+00:00
goodreads_shannon,book_cd96303a5671c9f8,work_1db66c81316e96d5,1,to_read,exposure_only,exposure,False,False,False,True,True,False,False,0,0,0,1,1,0,0,0.0,
goodreads_shannon,book_cda6eaad13b40dac,work_667be4863acce4e7,1,read,positive,strong,True,True,False,False,False,False,False,1,1,0,0,0,0,0,4.0,
goodreads_shannon,book_cda86aed74a0895a,work_8aa012eb2309584d,1,to_read,exposure_only,exposure,False,False,False,True,True,False,False,0,0,0,1,1,0,0,0.0,
goodreads_shannon,book_cdb8ba569d7c4463,work_bc2777f9ae2d5196,1,to_read,exposure_only,exposure,False,False,False,True,True,False,False,0,0,0,1,1,0,0,0.0,
goodreads_shannon,book_cdde612f95d413b3,work_1d2f44c291fc81ab,1,read,positive,strong,True,True,False,False,False,False,False,1,1,0,0,0,0,0,4.0,2025-01-31T00:00:00+00:00
goodreads_shannon,book_cde11f3b4e61d9ef,work_c469790db70468d0,1,read,positive,strong,True,True,False,False,False,False,False,1,1,0,0,0,0,0,4.0,
goodreads_shannon,book_ce0d0053a7255b3e,work_20b1c11166ed8eb6,1,read,positive,strong,True,True,False,False,False,False,False,1,1,0,0,0,0,0,4.0,2023-09-14T00:00:00+00:00
goodreads_shannon,book_ce2b088a381bc183,work_68c03723c58d6eed,1,to_read,exposure_only,exposure,False,False,False,True,True,False,False,0,0,0,1,1,0,0,0.0,
goodreads_shannon,book_ce58923445136e8b,work_373a5172f0f64cb4,1,to_read,exposure_only,exposure,False,False,False,True,True,False,False,0,0,0,1,1,0,0,0.0,
goodreads_shannon,book_ce5f2d926826b734,work_adae393f7a425f6d,1,read,positive,strong,True,True,False,False,False,False,False,1,1,0,0,0,0,0,4.0,2026-04-30T00:00:00+00:00
goodreads_shannon,book_ce689980abf5f7a3,work_8bba33bf60dd9109,1,to_read,exposure_only,exposure,False,False,False,True,True,False,False,0,0,0,1,1,0,0,0.0,
goodreads_shannon,book_ce6bb0606f4cfffe,work_fa186c8563acc389,1,read,positive,strong,True,True,False,False,False,False,False,1,1,0,0,0,0,0,5.0,2026-02-26T00:00:00+00:00
goodreads_shannon,book_ce9d1beb4dc9c1b1,work_fb622b5d06c18029,1,to_read,exposure_only,exposure,False,False,False,True,True,False,False,0,0,0,1,1,0,0,0.0,
goodreads_shannon,book_cf52e8b89f0fac50,work_cec46700c0725623,1,to_read,exposure_only,exposure,False,False,False,True,True,False,False,0,0,0,1,1,0,0,0.0,
goodreads_shannon,book_cf86758cacffa75e,work_62f96319ba40d08c,1,to_read,exposure_only,exposure,False,False,False,True,True,False,False,0,0,0,1,1,0,0,0.0,
goodreads_shannon,book_cf9c53c53d06ca7f,work_6c8637407954734e,1,to_read,exposure_only,exposure,False,False,False,True,True,False,False,0,0,0,1,1,0,0,0.0,
goodreads_shannon,book_cfd6e12dd0c4d64a,work_d733b2cf99f56a4a,1,read,positive,strong,True,True,False,False,False,False,False,1,1,0,0,0,0,0,5.0,2019-12-13T00:00:00+00:00
goodreads_shannon,book_cff9a8328372b017,work_790a0d701fb38823,1,to_read,exposure_only,exposure,False,False,False,True,True,False,False,0,0,0,1,1,0,0,0.0,
goodreads_shannon,book_d0596a18fe3ad688,work_3e62b7492c68adf1,1,read,positive,strong,True,True,False,False,False,False,False,1,1,0,0,0,0,0,4.0,2021-11-16T00:00:00+00:00
goodreads_shannon,book_d05ac0381a4a4c5e,work_0d6eb2a52a8e8cce,1,to_read,exposure_only,exposure,False,False,False,True,True,False,False,0,0,0,1,1,0,0,0.0,
goodreads_shannon,book_d0d3e1635cba1226,work_488793c16afb7566,1,to_read,exposure_only,exposure,False,False,False,True,True,False,False,0,0,0,1,1,0,0,0.0,
goodreads_shannon,book_d1197d1000cc3a4d,work_076772e5f4fd3785,1,read,negative,negative,True,False,True,False,False,False,False,1,0,1,0,0,0,0,2.0,2021-01-31T00:00:00+00:00
goodreads_shannon,book_d12d1d0173b8eaa4,work_9e7fccbd0fb42d7f,1,read,positive,strong,True,True,False,False,False,False,False,1,1,0,0,0,0,0,5.0,2022-11-27T00:00:00+00:00
goodreads_shannon,book_d136ab82f3fc87da,work_3ec1d1183fce8eb3,1,to_read,exposure_only,exposure,False,False,False,True,True,False,False,0,0,0,1,1,0,0,0.0,
goodreads_shannon,book_d17cdafabe923db7,work_09e6ce1825c49f35,1,to_read,exposure_only,exposure,False,False,False,True,True,False,False,0,0,0,1,1,0,0,0.0,
goodreads_shannon,book_d1848751e2284983,work_a4c89a44af9ca15b,1,read,positive,strong,True,True,False,False,False,False,False,1,1,0,0,0,0,0,4.0,
goodreads_shannon,book_d1ca1e362ac53853,work_d1b39732acb1b3b8,1,to_read,exposure_only,exposure,False,False,False,True,True,False,False,0,0,0,1,1,0,0,0.0,
goodreads_shannon,book_d1d95bfca070d2d0,work_8c208e39747b646f,1,to_read,exposure_only,exposure,False,False,False,True,True,False,False,0,0,0,1,1,0,0,0.0,
goodreads_shannon,book_d1ffa00031b23598,work_a26dd903e734fdcc,1,read,positive,strong,True,True,False,False,False,False,False,1,1,0,0,0,0,0,4.0,2024-05-30T00:00:00+00:00
goodreads_shannon,book_d22e9d5b9ed29dd0,work_fab76a1da8bde2c6,1,to_read,exposure_only,exposure,False,False,False,True,True,False,False,0,0,0,1,1,0,0,0.0,
goodreads_shannon,book_d24478a72e8fa265,work_6d98455f55703503,1,read,positive,strong,True,True,False,False,False,False,False,1,1,0,0,0,0,0,3.0,2024-08-25T00:00:00+00:00
goodreads_shannon,book_d27ae750681caae4,work_85f03d4740c88fee,1,to_read,exposure_only,exposure,False,False,False,True,True,False,False,0,0,0,1,1,0,0,0.0,
goodreads_shannon,book_d27e6843475b0947,work_276fe5bb646c8df6,1,to_read,exposure_only,exposure,False,False,False,True,True,False,False,0,0,0,1,1,0,0,0.0,
goodreads_shannon,book_d2907cd524361566,work_b6ede226a0de8d18,1,to_read,exposure_only,exposure,False,False,False,True,True,False,False,0,0,0,1,1,0,0,0.0,
goodreads_shannon,book_d29ea07cc209cb6e,work_fda429656e0f9004,1,to_read,exposure_only,exposure,False,False,False,True,True,False,False,0,0,0,1,1,0,0,0.0,
goodreads_shannon,book_d2ee32066d9a8531,work_a8b414d59779e64a,1,read,positive,strong,True,True,False,False,False,False,False,1,1,0,0,0,0,0,4.0,2020-10-16T00:00:00+00:00
goodreads_shannon,book_d2f8529725bce4a2,work_f2d95f10444a7950,1,to_read,exposure_only,exposure,False,False,False,True,True,False,False,0,0,0,1,1,0,0,0.0,
goodreads_shannon,book_d3367699602afe1b,work_353b95aa5d42ec01,1,to_read,exposure_only,exposure,False,False,False,True,True,False,False,0,0,0,1,1,0,0,0.0,
goodreads_shannon,book_d370e2f9eadcba7b,work_e0c2a71cad126e74,1,to_read,exposure_only,exposure,False,False,False,True,True,False,False,0,0,0,1,1,0,0,0.0,
goodreads_shannon,book_d371bceea5def4d9,work_52e5fd8d5e924779,1,read,positive,strong,True,True,False,False,False,False,False,1,1,0,0,0,0,0,4.0,2017-05-09T00:00:00+00:00
goodreads_shannon,book_d382ad6c48466842,work_5f7057d724b81735,1,to_read,exposure_only,exposure,False,False,False,True,True,False,False,0,0,0,1,1,0,0,0.0,
goodreads_shannon,book_d38d194983b9c1d3,work_fded5e98a06b6930,1,read,positive,strong,True,True,False,False,False,False,False,1,1,0,0,0,0,0,4.0,2026-03-29T00:00:00+00:00
goodreads_shannon,book_d3d1188b21bfa1cf,work_a74ce5c2fc5548f1,1,to_read,exposure_only,exposure,False,False,False,True,True,False,False,0,0,0,1,1,0,0,0.0,
goodreads_shannon,book_d3dc267128735d78,work_13bdc139d382c1b0,1,read,positive,strong,True,True,False,False,False,False,False,1,1,0,0,0,0,0,3.0,2020-03-29T00:00:00+00:00
goodreads_shannon,book_d434cac0612f23f6,work_92b34480f2f01dfb,1,read,positive,strong,True,True,False,False,False,False,False,1,1,0,0,0,0,0,5.0,2026-06-28T00:00:00+00:00
goodreads_shannon,book_d442ff5b90043a53,work_3c622c9906103c4f,1,read,positive,strong,True,True,False,False,False,False,False,1,1,0,0,0,0,0,4.0,2019-04-20T00:00:00+00:00
goodreads_shannon,book_d4b74e5a731787fa,work_0d1fefc18259571c,1,read,positive,strong,True,True,False,False,False,False,False,1,1,0,0,0,0,0,4.0,2023-07-18T00:00:00+00:00
goodreads_shannon,book_d4be31edf722a4d5,work_9abe2b1fb0a8ffcb,1,to_read,exposure_only,exposure,False,False,False,True,True,False,False,0,0,0,1,1,0,0,0.0,
goodreads_shannon,book_d4e3903a082c64be,work_286bfd11df1a7951,1,to_read,exposure_only,exposure,False,False,False,True,True,False,False,0,0,0,1,1,0,0,0.0,
goodreads_shannon,book_d51dc9c33931a36a,work_dffd4326c86e6117,1,to_read,exposure_only,exposure,False,False,False,True,True,False,False,0,0,0,1,1,0,0,0.0,
goodreads_shannon,book_d589099aa2f605e8,work_1dafc7d96b9b74aa,1,to_read,exposure_only,exposure,False,False,False,True,True,False,False,0,0,0,1,1,0,0,0.0,
goodreads_shannon,book_d5af4479b4b0ea34,work_43a2f93baa80ba67,1,to_read,exposure_only,exposure,False,False,False,True,True,False,False,0,0,0,1,1,0,0,0.0,
goodreads_shannon,book_d5cbcb54d4b96b9b,work_4fde835188ebbb93,1,to_read,exposure_only,exposure,False,False,False,True,True,False,False,0,0,0,1,1,0,0,0.0,
goodreads_shannon,book_d60c5b3ea4323cee,work_880246dfd324653a,1,read,positive,strong,True,True,False,False,False,False,False,1,1,0,0,0,0,0,4.0,2020-10-24T00:00:00+00:00
goodreads_shannon,book_d6187153151b1008,work_1b4c42b61d3b26fe,1,read,positive,strong,True,True,False,False,False,False,False,1,1,0,0,0,0,0,3.0,2022-11-06T00:00:00+00:00
goodreads_shannon,book_d65c04bbf887b688,work_50d70c814d37d71d,1,to_read,exposure_only,exposure,False,False,False,True,True,False,False,0,0,0,1,1,0,0,0.0,
goodreads_shannon,book_d65eebfc4e94b8ce,work_3c6d3cb1f6c0d477,1,unknown,unknown,unknown,False,False,False,False,False,False,False,0,0,0,0,0,0,0,0.0,
goodreads_shannon,book_d6f82c96b4ea73d4,work_464bfa60e06be3f0,1,read,positive,strong,True,True,False,False,False,False,False,1,1,0,0,0,0,0,3.0,2019-07-14T00:00:00+00:00
goodreads_shannon,book_d731e3ed01325b5a,work_23ae695d3fa9581a,1,to_read,exposure_only,exposure,False,False,False,True,True,False,False,0,0,0,1,1,0,0,0.0,
goodreads_shannon,book_d7890a6c31d48ece,work_30673188f90ffbdc,1,read,positive,strong,True,True,False,False,False,False,False,1,1,0,0,0,0,0,4.0,2024-02-26T00:00:00+00:00
goodreads_shannon,book_d7da049fde6481d2,work_8e8abe49e6a63d49,1,to_read,exposure_only,exposure,False,False,False,True,True,False,False,0,0,0,1,1,0,0,0.0,
goodreads_shannon,book_d7e97d2767073e92,work_8069140489974dd5,1,read,positive,strong,True,True,False,False,False,False,False,1,1,0,0,0,0,0,3.0,2020-05-18T00:00:00+00:00
goodreads_shannon,book_d86edb469e401db9,work_78e107e9b924ed8e,1,to_read,exposure_only,exposure,False,False,False,True,True,False,False,0,0,0,1,1,0,0,0.0,
goodreads_shannon,book_d8823e42758966f9,work_34054498a486ec2a,1,to_read,exposure_only,exposure,False,False,False,True,True,False,False,0,0,0,1,1,0,0,0.0,
goodreads_shannon,book_d8be47df975948fc,work_03180fc1816a6190,1,read,positive,strong,True,True,False,False,False,False,False,1,1,0,0,0,0,0,5.0,2026-07-26T00:00:00+00:00
goodreads_shannon,book_d8d5bd7cc1733fc6,work_b6206f0404db6585,1,read,positive,strong,True,True,False,False,False,False,False,1,1,0,0,0,0,0,4.0,2026-06-15T00:00:00+00:00
goodreads_shannon,book_d8e3e94af3cfadb6,work_b6cb676592fa6f3e,1,to_read,exposure_only,exposure,False,False,False,True,True,False,False,0,0,0,1,1,0,0,0.0,
goodreads_shannon,book_d8e9d01af17557a1,work_a12a88cf81adffa5,1,to_read,exposure_only,exposure,False,False,False,True,True,False,False,0,0,0,1,1,0,0,0.0,
goodreads_shannon,book_d8eba6dbf7c4e4f1,work_a3e7530ed6a7b6d3,1,read,positive,strong,True,True,False,False,False,False,False,1,1,0,0,0,0,0,3.0,2022-07-27T00:00:00+00:00
goodreads_shannon,book_d91c48a638bc1b8c,work_681153816a78ebe4,1,read,positive,strong,True,True,False,False,False,False,False,1,1,0,0,0,0,0,5.0,2024-03-09T00:00:00+00:00
goodreads_shannon,book_d9421cd81f3f2a9e,work_4d5271c6ff81f489,1,to_read,exposure_only,exposure,False,False,False,True,True,False,False,0,0,0,1,1,0,0,0.0,
goodreads_shannon,book_d98053cb6c6b6b18,work_09db8d8b250bb267,1,to_read,exposure_only,exposure,False,False,False,True,True,False,False,0,0,0,1,1,0,0,0.0,
goodreads_shannon,book_d9a1913205dc49bd,work_13cda6e1b9f209d7,1,read,positive,strong,True,True,False,False,False,False,False,1,1,0,0,0,0,0,3.0,2021-02-14T00:00:00+00:00
goodreads_shannon,book_d9cf06341ef63ef2,work_e25863e34e29a3fb,1,read,positive,strong,True,True,False,False,False,False,False,1,1,0,0,0,0,0,4.0,
goodreads_shannon,book_d9d1662530c8695f,work_d6f6a2c0555ae462,1,read,positive,strong,True,True,False,False,False,False,False,1,1,0,0,0,0,0,4.0,2020-06-10T00:00:00+00:00
goodreads_shannon,book_d9df6c4e03dc7ca5,work_da7bf9f05e96ad27,1,read,positive,strong,True,True,False,False,False,False,False,1,1,0,0,0,0,0,4.0,2022-06-01T00:00:00+00:00
goodreads_shannon,book_d9e42d23693fe9d5,work_0cad778e45f47fcc,1,to_read,exposure_only,exposure,False,False,False,True,True,False,False,0,0,0,1,1,0,0,0.0,
goodreads_shannon,book_da1c559d61090844,work_c12220486390ee37,1,read,positive,strong,True,True,False,False,False,False,False,1,1,0,0,0,0,0,4.0,2026-01-22T00:00:00+00:00
goodreads_shannon,book_daa62057c05a3384,work_f7d898934eba50cf,1,read,positive,strong,True,True,False,False,False,False,False,1,1,0,0,0,0,0,4.0,2024-11-01T00:00:00+00:00
goodreads_shannon,book_dae8e1ead6858a28,work_894d46ac9203b9c8,1,to_read,exposure_only,exposure,False,False,False,True,True,False,False,0,0,0,1,1,0,0,0.0,
goodreads_shannon,book_db110714912ae653,work_23f198b5d6a20611,1,to_read,exposure_only,exposure,False,False,False,True,True,False,False,0,0,0,1,1,0,0,0.0,
goodreads_shannon,book_db68bab15660423e,work_ecb20525dcb40234,1,read,negative,negative,True,False,True,False,False,False,False,1,0,1,0,0,0,0,2.0,2012-11-16T00:00:00+00:00
goodreads_shannon,book_db9eafa88fc526ed,work_dc9cf55525ce8e03,1,to_read,exposure_only,exposure,False,False,False,True,True,False,False,0,0,0,1,1,0,0,0.0,
goodreads_shannon,book_dc319c95ecffee4f,work_8ee2834c4a970285,1,read,positive,strong,True,True,False,False,False,False,False,1,1,0,0,0,0,0,4.0,2019-10-30T00:00:00+00:00
goodreads_shannon,book_dc5739a96d24c33a,work_5123d6f7a72b1bae,1,read,positive,strong,True,True,False,False,False,False,False,1,1,0,0,0,0,0,4.0,
goodreads_shannon,book_dc7df1365a56e239,work_6baa7bd3339e31ce,1,to_read,exposure_only,exposure,False,False,False,True,True,False,False,0,0,0,1,1,0,0,0.0,
goodreads_shannon,book_dcf8b38a3b781565,work_b6ede1d2048f4cf0,1,to_read,exposure_only,exposure,False,False,False,True,True,False,False,0,0,0,1,1,0,0,0.0,
goodreads_shannon,book_dd173f4b9f9e8515,work_476dd6c1d52aa587,1,to_read,exposure_only,exposure,False,False,False,True,True,False,False,0,0,0,1,1,0,0,0.0,
goodreads_shannon,book_dd255d5ed900b5d3,work_e2d68c7e213bdffe,1,to_read,exposure_only,exposure,False,False,False,True,True,False,False,0,0,0,1,1,0,0,0.0,
goodreads_shannon,book_dda2b564001d267a,work_da72ec95f9bcbeaf,1,to_read,exposure_only,exposure,False,False,False,True,True,False,False,0,0,0,1,1,0,0,0.0,
goodreads_shannon,book_dda419af41970ff2,work_9f5e1e768c26822e,1,to_read,exposure_only,exposure,False,False,False,True,True,False,False,0,0,0,1,1,0,0,0.0,
goodreads_shannon,book_ddb12ffcd416b21a,work_ec38c3931c1537b0,1,to_read,exposure_only,exposure,False,False,False,True,True,False,False,0,0,0,1,1,0,0,0.0,
goodreads_shannon,book_ddc0634f3e3a054b,work_ca715aa2bd515e18,1,to_read,exposure_only,exposure,False,False,False,True,True,False,False,0,0,0,1,1,0,0,0.0,
goodreads_shannon,book_ddcefac22de7dc07,work_8724a1d7f99f53ed,1,to_read,exposure_only,exposure,False,False,False,True,True,False,False,0,0,0,1,1,0,0,0.0,
goodreads_shannon,book_dddc9de05f68e984,work_924dab6f2e6eff02,1,to_read,exposure_only,exposure,False,False,False,True,True,False,False,0,0,0,1,1,0,0,0.0,
goodreads_shannon,book_de36a17839288769,work_5608cf91f0f1ca22,1,read,positive,strong,True,True,False,False,False,False,False,1,1,0,0,0,0,0,3.0,2013-01-29T00:00:00+00:00
goodreads_shannon,book_de433063c121bc45,work_65478f5d00eb0fad,1,read,negative,negative,True,False,True,False,False,False,False,1,0,1,0,0,0,0,2.0,2019-09-21T00:00:00+00:00
goodreads_shannon,book_de59911f1869ee46,work_12be049370ee62c8,1,read,positive,strong,True,True,False,False,False,False,False,1,1,0,0,0,0,0,5.0,2026-06-01T00:00:00+00:00
goodreads_shannon,book_de5efa2b40a6f85e,work_aee47ffef3992b66,1,read,positive,strong,True,True,False,False,False,False,False,1,1,0,0,0,0,0,4.0,
goodreads_shannon,book_de78ebde01fa03ab,work_cfec4ed0b3b65b18,1,read,positive,strong,True,True,False,False,False,False,False,1,1,0,0,0,0,0,3.0,2022-03-06T00:00:00+00:00
goodreads_shannon,book_de90497bc93cdbf6,work_327cacd9dfb662df,1,to_read,exposure_only,exposure,False,False,False,True,True,False,False,0,0,0,1,1,0,0,0.0,
goodreads_shannon,book_dea2e8ebf9e7ce35,work_986e1a831ece2280,1,to_read,exposure_only,exposure,False,False,False,True,True,False,False,0,0,0,1,1,0,0,0.0,
goodreads_shannon,book_dea8727b345fdd67,work_f20ac3cba81f47a3,1,to_read,exposure_only,exposure,False,False,False,True,True,False,False,0,0,0,1,1,0,0,0.0,
goodreads_shannon,book_df0fc1e33e1c76b4,work_9b5462d1f2bb6756,1,to_read,exposure_only,exposure,False,False,False,True,True,False,False,0,0,0,1,1,0,0,0.0,
goodreads_shannon,book_df1bcaf064fb6c91,work_5b9287e3d64d1097,1,read,positive,strong,True,True,False,False,False,False,False,1,1,0,0,0,0,0,4.0,2022-07-07T00:00:00+00:00
goodreads_shannon,book_df7d8dbe2fb3fbec,work_88b63553d1dc3b91,1,to_read,exposure_only,exposure,False,False,False,True,True,False,False,0,0,0,1,1,0,0,0.0,
goodreads_shannon,book_df97b3a4ad2d4cfa,work_0036923315dd4b8d,1,to_read,exposure_only,exposure,False,False,False,True,True,False,False,0,0,0,1,1,0,0,0.0,
goodreads_shannon,book_dfa0e1e9e5a42eeb,work_3f76544537ec03c0,1,read,positive,strong,True,True,False,False,False,False,False,1,1,0,0,0,0,0,3.0,2024-01-15T00:00:00+00:00
goodreads_shannon,book_dfb6576ee8401505,work_bc7f03438dba1f9e,1,read,positive,strong,True,True,False,False,False,False,False,1,1,0,0,0,0,0,3.0,2019-07-01T00:00:00+00:00
goodreads_shannon,book_dfd2f743da999b35,work_727dee6cdc7b60bb,1,read,positive,strong,True,True,False,False,False,False,False,1,1,0,0,0,0,0,4.0,2023-03-12T00:00:00+00:00
goodreads_shannon,book_dfe2150946984e0c,work_778c46fdc4d52890,1,to_read,exposure_only,exposure,False,False,False,True,True,False,False,0,0,0,1,1,0,0,0.0,
goodreads_shannon,book_e00e4560f32c0e15,work_b8236f2b7925536f,1,read,positive,strong,True,True,False,False,False,False,False,1,1,0,0,0,0,0,3.0,2017-11-25T00:00:00+00:00
goodreads_shannon,book_e01818d7005576b5,work_63fa085f03ebc3cf,1,read,positive,strong,True,True,False,False,False,False,False,1,1,0,0,0,0,0,5.0,2022-07-23T00:00:00+00:00
goodreads_shannon,book_e0399b8c2bdc9a57,work_bbb3b5ba32c3933f,1,read,positive,strong,True,True,False,False,False,False,False,1,1,0,0,0,0,0,3.0,2021-12-25T00:00:00+00:00
goodreads_shannon,book_e07562728e678696,work_6456c565ca0a1f3b,1,read,positive,strong,True,True,False,False,False,False,False,1,1,0,0,0,0,0,3.0,2023-04-12T00:00:00+00:00
goodreads_shannon,book_e08e86f0d7225aae,work_a451d15ba5436a23,1,to_read,exposure_only,exposure,False,False,False,True,True,False,False,0,0,0,1,1,0,0,0.0,
goodreads_shannon,book_e0b713e1e05049fa,work_9af13e5d84bca309,1,read,positive,strong,True,True,False,False,False,False,False,1,1,0,0,0,0,0,3.0,2020-06-12T00:00:00+00:00
goodreads_shannon,book_e0e15004f903d727,work_9b1ecb042b03bc92,1,read,positive,strong,True,True,False,False,False,False,False,1,1,0,0,0,0,0,3.0,2024-09-06T00:00:00+00:00
goodreads_shannon,book_e102548d67cc72b7,work_22ca95442b122a48,1,to_read,exposure_only,exposure,False,False,False,True,True,False,False,0,0,0,1,1,0,0,0.0,
goodreads_shannon,book_e10d9a1b78d16d10,work_ab834e4eab6a47c4,1,read,positive,strong,True,True,False,False,False,False,False,1,1,0,0,0,0,0,3.0,2021-03-10T00:00:00+00:00
goodreads_shannon,book_e10ddabee7463825,work_8bfab27ae13ddaa7,1,read,negative,negative,True,False,True,False,False,False,False,1,0,1,0,0,0,0,2.0,2021-01-10T00:00:00+00:00
goodreads_shannon,book_e166b7affa9975cc,work_788c56cb7ba718a5,1,to_read,exposure_only,exposure,False,False,False,True,True,False,False,0,0,0,1,1,0,0,0.0,
goodreads_shannon,book_e18526f8fa324fa8,work_813121a6d1a23bce,1,to_read,exposure_only,exposure,False,False,False,True,True,False,False,0,0,0,1,1,0,0,0.0,
goodreads_shannon,book_e1bbe589cd6b29b6,work_95ffd28a23ef5559,1,to_read,exposure_only,exposure,False,False,False,True,True,False,False,0,0,0,1,1,0,0,0.0,
goodreads_shannon,book_e1bf4c3add088700,work_4b97bf3cffd1e5bf,1,to_read,exposure_only,exposure,False,False,False,True,True,False,False,0,0,0,1,1,0,0,0.0,
goodreads_shannon,book_e1d27fde0fd341a2,work_14cf782d1df83504,1,read,positive,strong,True,True,False,False,False,False,False,1,1,0,0,0,0,0,4.0,
goodreads_shannon,book_e2167083ff2ad4d4,work_be8e5b8df5abd11c,1,to_read,exposure_only,exposure,False,False,False,True,True,False,False,0,0,0,1,1,0,0,0.0,
goodreads_shannon,book_e216f70e6a8c1cd8,work_a683503478d7cc8f,1,to_read,exposure_only,exposure,False,False,False,True,True,False,False,0,0,0,1,1,0,0,0.0,
goodreads_shannon,book_e226487ff4b75760,work_6272faf36cbefb0f,1,to_read,exposure_only,exposure,False,False,False,True,True,False,False,0,0,0,1,1,0,0,0.0,
goodreads_shannon,book_e22cd7eb195e896d,work_7f554398cc6bf622,1,read,positive,strong,True,True,False,False,False,False,False,1,1,0,0,0,0,0,4.0,2013-07-11T00:00:00+00:00
goodreads_shannon,book_e233ba19b110aeb7,work_b50d2bd94ddd87d4,1,read,positive,strong,True,True,False,False,False,False,False,1,1,0,0,0,0,0,4.0,
goodreads_shannon,book_e29a068c975bdbbb,work_548af14ec318cd77,1,to_read,exposure_only,exposure,False,False,False,True,True,False,False,0,0,0,1,1,0,0,0.0,
goodreads_shannon,book_e2e2b859080cce03,work_ded2cdabbb22d4b2,1,read,positive,strong,True,True,False,False,False,False,False,1,1,0,0,0,0,0,3.0,
goodreads_shannon,book_e3003222d71d3fe0,work_153eba28ef7c29f5,1,to_read,exposure_only,exposure,False,False,False,True,True,False,False,0,0,0,1,1,0,0,0.0,
goodreads_shannon,book_e302330cd8aa3330,work_22f15187dcff4484,1,to_read,exposure_only,exposure,False,False,False,True,True,False,False,0,0,0,1,1,0,0,0.0,
goodreads_shannon,book_e30373e7c3b53b9f,work_31c417d346968d8c,1,to_read,exposure_only,exposure,False,False,False,True,True,False,False,0,0,0,1,1,0,0,0.0,
goodreads_shannon,book_e3066a2c9c12ec49,work_83a3cce97adda420,1,to_read,exposure_only,exposure,False,False,False,True,True,False,False,0,0,0,1,1,0,0,0.0,
goodreads_shannon,book_e32f47e52333577e,work_d52204f86547d33d,1,read,positive,strong,True,True,False,False,False,False,False,1,1,0,0,0,0,0,3.0,2026-06-16T00:00:00+00:00
goodreads_shannon,book_e3a433799c34bab5,work_f26c652d92cd9259,1,read,positive,strong,True,True,False,False,False,False,False,1,1,0,0,0,0,0,4.0,2020-02-13T00:00:00+00:00
goodreads_shannon,book_e43c16396a52a705,work_425139fab00a387d,1,read,positive,strong,True,True,False,False,False,False,False,1,1,0,0,0,0,0,5.0,2023-02-09T00:00:00+00:00
goodreads_shannon,book_e44bde338eb5097e,work_a70bc547495fc742,1,read,positive,strong,True,True,False,False,False,False,False,1,1,0,0,0,0,0,3.0,2019-07-08T00:00:00+00:00
goodreads_shannon,book_e456959f52bdc554,work_0f0c2a57f5ccacb9,1,to_read,exposure_only,exposure,False,False,False,True,True,False,False,0,0,0,1,1,0,0,0.0,
goodreads_shannon,book_e4d54f81ddbc1546,work_672d00552e905fd3,1,to_read,exposure_only,exposure,False,False,False,True,True,False,False,0,0,0,1,1,0,0,0.0,
goodreads_shannon,book_e53232017d86b13f,work_4e8a9c765e3ca55a,1,to_read,exposure_only,exposure,False,False,False,True,True,False,False,0,0,0,1,1,0,0,0.0,
goodreads_shannon,book_e53569300a136823,work_ab4ea57703adb3d6,1,to_read,exposure_only,exposure,False,False,False,True,True,False,False,0,0,0,1,1,0,0,0.0,
goodreads_shannon,book_e57254b8ac3101c8,work_30681d7fc7fe22d4,1,to_read,exposure_only,exposure,False,False,False,True,True,False,False,0,0,0,1,1,0,0,0.0,
goodreads_shannon,book_e583d3ecbd0ef12d,work_16c0826aa23098b1,1,read,positive,strong,True,True,False,False,False,False,False,1,1,0,0,0,0,0,4.0,2013-01-03T00:00:00+00:00
goodreads_shannon,book_e58549f13ea9b917,work_4d4da08eb88e4970,1,read,positive,strong,True,True,False,False,False,False,False,1,1,0,0,0,0,0,5.0,2022-07-18T00:00:00+00:00
goodreads_shannon,book_e58ae62fc26d7eb8,work_ab0c9a2453bc80cd,1,to_read,exposure_only,exposure,False,False,False,True,True,False,False,0,0,0,1,1,0,0,0.0,
goodreads_shannon,book_e5c7ae6c7336a6d0,work_332eb76479b88481,1,to_read,exposure_only,exposure,False,False,False,True,True,False,False,0,0,0,1,1,0,0,0.0,
goodreads_shannon,book_e5cab8813ef3d1eb,work_5e9f3de5d313b749,1,to_read,exposure_only,exposure,False,False,False,True,True,False,False,0,0,0,1,1,0,0,0.0,
goodreads_shannon,book_e5e58383fa41fa2e,work_1c4c0bd0fca65aa4,1,read,negative,negative,True,False,True,False,False,False,False,1,0,1,0,0,0,0,2.0,2021-01-10T00:00:00+00:00
goodreads_shannon,book_e5ed67fd4e36755f,work_6dfcf71413990ebb,1,to_read,exposure_only,exposure,False,False,False,True,True,False,False,0,0,0,1,1,0,0,0.0,
goodreads_shannon,book_e5efe3be97475860,work_efe8991bda533996,1,read,positive,strong,True,True,False,False,False,False,False,1,1,0,0,0,0,0,3.0,
goodreads_shannon,book_e66679ed2b4a457e,work_de99381588d35eb8,1,read,positive,strong,True,True,False,False,False,False,False,1,1,0,0,0,0,0,3.0,2017-05-06T00:00:00+00:00
goodreads_shannon,book_e668a465e6adac61,work_978dd103776c3dd5,1,to_read,exposure_only,exposure,False,False,False,True,True,False,False,0,0,0,1,1,0,0,0.0,
goodreads_shannon,book_e680d734bb3968b9,work_3b01b05d877a6a10,1,read,positive,strong,True,True,False,False,False,False,False,1,1,0,0,0,0,0,4.0,
goodreads_shannon,book_e69a289b4a3c3db4,work_fb7a169c911fc921,1,to_read,exposure_only,exposure,False,False,False,True,True,False,False,0,0,0,1,1,0,0,0.0,
goodreads_shannon,book_e69ea3449294aa8f,work_cca0b8de05d2b66c,1,read,positive,strong,True,True,False,False,False,False,False,1,1,0,0,0,0,0,5.0,2026-04-05T00:00:00+00:00
goodreads_shannon,book_e6d97bc49ca40404,work_e2390fa626a599fd,1,to_read,exposure_only,exposure,False,False,False,True,True,False,False,0,0,0,1,1,0,0,0.0,
goodreads_shannon,book_e702f5548161961d,work_e5154e2ea4981e94,1,read,positive,strong,True,True,False,False,False,False,False,1,1,0,0,0,0,0,5.0,2023-01-30T00:00:00+00:00
goodreads_shannon,book_e72b04553876bd79,work_7089d26c0b77315b,1,read,positive,strong,True,True,False,False,False,False,False,1,1,0,0,0,0,0,5.0,2022-11-14T00:00:00+00:00
goodreads_shannon,book_e730775214f17553,work_2ea609ba27afc9ec,1,read,positive,strong,True,True,False,False,False,False,False,1,1,0,0,0,0,0,5.0,2026-04-21T00:00:00+00:00
goodreads_shannon,book_e7739ea5a280601d,work_2feb75e86198df4a,1,read,positive,strong,True,True,False,False,False,False,False,1,1,0,0,0,0,0,4.0,2020-12-12T00:00:00+00:00
goodreads_shannon,book_e773cf4d036e831a,work_6a8681f17a9003da,1,to_read,exposure_only,exposure,False,False,False,True,True,False,False,0,0,0,1,1,0,0,0.0,
goodreads_shannon,book_e785047463a1a403,work_b8f8a561559ab58b,1,read,positive,strong,True,True,False,False,False,False,False,1,1,0,0,0,0,0,4.0,2026-04-05T00:00:00+00:00
goodreads_shannon,book_e7b020cd138dd2ab,work_49a887a496c67602,1,to_read,exposure_only,exposure,False,False,False,True,True,False,False,0,0,0,1,1,0,0,0.0,
goodreads_shannon,book_e7ddb4b57c3944df,work_f17018190c3f3d74,1,to_read,exposure_only,exposure,False,False,False,True,True,False,False,0,0,0,1,1,0,0,0.0,
goodreads_shannon,book_e8034184ef3feb24,work_19057120758eaaf3,1,to_read,exposure_only,exposure,False,False,False,True,True,False,False,0,0,0,1,1,0,0,0.0,
goodreads_shannon,book_e8059b596c504154,work_ca615d27870fb7fd,1,read,positive,strong,True,True,False,False,False,False,False,1,1,0,0,0,0,0,3.0,2019-04-13T00:00:00+00:00
goodreads_shannon,book_e82085e3a3a060af,work_63f3366f01636134,1,to_read,exposure_only,exposure,False,False,False,True,True,False,False,0,0,0,1,1,0,0,0.0,
goodreads_shannon,book_e83287e1c6db8e97,work_7dc958564b1a4ab4,1,to_read,exposure_only,exposure,False,False,False,True,True,False,False,0,0,0,1,1,0,0,0.0,
goodreads_shannon,book_e8459726cf1d2f72,work_08dc180d03482760,1,to_read,exposure_only,exposure,False,False,False,True,True,False,False,0,0,0,1,1,0,0,0.0,
goodreads_shannon,book_e859471190ce3b19,work_b0f6631adfa33db7,1,to_read,exposure_only,exposure,False,False,False,True,True,False,False,0,0,0,1,1,0,0,0.0,
goodreads_shannon,book_e870a76bb2dc8a2b,work_17790095822f8534,1,to_read,exposure_only,exposure,False,False,False,True,True,False,False,0,0,0,1,1,0,0,0.0,
goodreads_shannon,book_e8c9ebddc7c180c8,work_694c8c1f643f65c2,1,read,positive,strong,True,True,False,False,False,False,False,1,1,0,0,0,0,0,5.0,2025-03-29T00:00:00+00:00
goodreads_shannon,book_e8d949a30accfc0e,work_853ea45521505b4f,1,to_read,exposure_only,exposure,False,False,False,True,True,False,False,0,0,0,1,1,0,0,0.0,
goodreads_shannon,book_e8fc1cbae15c45b9,work_6b6c289cceba0369,1,to_read,exposure_only,exposure,False,False,False,True,True,False,False,0,0,0,1,1,0,0,0.0,
goodreads_shannon,book_e9000221e09fa62e,work_91c38e73da4bae0d,1,to_read,exposure_only,exposure,False,False,False,True,True,False,False,0,0,0,1,1,0,0,0.0,
goodreads_shannon,book_e91676dc8f493d4a,work_6460c28dbc964ff9,1,read,positive,strong,True,True,False,False,False,False,False,1,1,0,0,0,0,0,5.0,
goodreads_shannon,book_e91f637dee368551,work_b9cc1c596f2cecb7,1,to_read,exposure_only,exposure,False,False,False,True,True,False,False,0,0,0,1,1,0,0,0.0,
goodreads_shannon,book_e937bb19cb4bcd80,work_aaa5b928cca8bdcb,1,to_read,exposure_only,exposure,False,False,False,True,True,False,False,0,0,0,1,1,0,0,0.0,
goodreads_shannon,book_e94e07f1c7e2f9d0,work_edf40cbbfecc05a7,1,read,positive,strong,True,True,False,False,False,False,False,1,1,0,0,0,0,0,5.0,2026-04-06T00:00:00+00:00
goodreads_shannon,book_e9666bc759562e78,work_38101ada543e0f3a,1,to_read,exposure_only,exposure,False,False,False,True,True,False,False,0,0,0,1,1,0,0,0.0,
goodreads_shannon,book_e970d0594472ee8c,work_689c652046da7779,1,read,positive,strong,True,True,False,False,False,False,False,1,1,0,0,0,0,0,5.0,
goodreads_shannon,book_e97e2457641e76ef,work_d52f768216d9d165,1,read,positive,strong,True,True,False,False,False,False,False,1,1,0,0,0,0,0,4.0,2025-01-26T00:00:00+00:00
goodreads_shannon,book_e9ec2d79fa27c15d,work_efd090d49900f830,1,to_read,exposure_only,exposure,False,False,False,True,True,False,False,0,0,0,1,1,0,0,0.0,
goodreads_shannon,book_ea176455b4000251,work_e3e1b61c5a2db437,1,to_read,exposure_only,exposure,False,False,False,True,True,False,False,0,0,0,1,1,0,0,0.0,
goodreads_shannon,book_ea541de338d8f4ad,work_1858d6a1fbdfd8c0,1,read,positive,strong,True,True,False,False,False,False,False,1,1,0,0,0,0,0,3.0,2026-04-06T00:00:00+00:00
goodreads_shannon,book_eaa08f6c027ba446,work_0bbffa87d56aa186,1,read,positive,strong,True,True,False,False,False,False,False,1,1,0,0,0,0,0,5.0,2024-06-19T00:00:00+00:00
goodreads_shannon,book_eab0bdfa208f006b,work_6c46160a26f3e338,1,to_read,exposure_only,exposure,False,False,False,True,True,False,False,0,0,0,1,1,0,0,0.0,
goodreads_shannon,book_eabb96180484d51a,work_27a90034202ba5fa,1,read,positive,strong,True,True,False,False,False,False,False,1,1,0,0,0,0,0,4.0,2021-04-09T00:00:00+00:00
goodreads_shannon,book_eac5f98bcf6dd4f8,work_f24db388a5628e64,1,read,positive,strong,True,True,False,False,False,False,False,1,1,0,0,0,0,0,4.0,2026-04-23T00:00:00+00:00
goodreads_shannon,book_ead04decd82c67a9,work_8978c711194aba28,1,to_read,exposure_only,exposure,False,False,False,True,True,False,False,0,0,0,1,1,0,0,0.0,
goodreads_shannon,book_ead09587acad8e48,work_dcdb3d0fb0021db6,1,to_read,exposure_only,exposure,False,False,False,True,True,False,False,0,0,0,1,1,0,0,0.0,
goodreads_shannon,book_eadf02081d632d68,work_767250725e831c50,1,read,positive,strong,True,True,False,False,False,False,False,1,1,0,0,0,0,0,4.0,2020-02-25T00:00:00+00:00
goodreads_shannon,book_eafd8fdac61b599f,work_7c0a6e38c4951744,1,to_read,exposure_only,exposure,False,False,False,True,True,False,False,0,0,0,1,1,0,0,0.0,
goodreads_shannon,book_eafe630a9e3a2234,work_5c8c0e0b40f4bfdb,1,read,positive,strong,True,True,False,False,False,False,False,1,1,0,0,0,0,0,5.0,2013-03-28T00:00:00+00:00
goodreads_shannon,book_eb2ef3384ac32906,work_aa09b931b2f0ade8,1,read,positive,strong,True,True,False,False,False,False,False,1,1,0,0,0,0,0,3.0,2022-01-18T00:00:00+00:00
goodreads_shannon,book_eb363b17458a3728,work_73d85162bd1f45a3,1,to_read,exposure_only,exposure,False,False,False,True,True,False,False,0,0,0,1,1,0,0,0.0,
goodreads_shannon,book_eb486fafa7414c63,work_3ac4250891fc64a6,1,to_read,exposure_only,exposure,False,False,False,True,True,False,False,0,0,0,1,1,0,0,0.0,
goodreads_shannon,book_eb8493e9ac6bc400,work_98f37196ab4be54a,1,read,positive,strong,True,True,False,False,False,False,False,1,1,0,0,0,0,0,3.0,2021-11-18T00:00:00+00:00
goodreads_shannon,book_ebb9c7ab3c185f7c,work_f86c1471cd9bf7ac,1,read,positive,strong,True,True,False,False,False,False,False,1,1,0,0,0,0,0,5.0,2023-04-18T00:00:00+00:00
goodreads_shannon,book_ebf560b2a59cde0b,work_1cade34e42c34c50,1,to_read,exposure_only,exposure,False,False,False,True,True,False,False,0,0,0,1,1,0,0,0.0,
goodreads_shannon,book_ec76e4364269629d,work_0bc61c5b1de79221,1,read,positive,strong,True,True,False,False,False,False,False,1,1,0,0,0,0,0,5.0,2026-06-10T00:00:00+00:00
goodreads_shannon,book_ec87fe2749cb03ad,work_67da20e7e0f88228,1,to_read,exposure_only,exposure,False,False,False,True,True,False,False,0,0,0,1,1,0,0,0.0,
goodreads_shannon,book_ed0ba1b8012f7a5d,work_f63f88603bb6f269,1,to_read,exposure_only,exposure,False,False,False,True,True,False,False,0,0,0,1,1,0,0,0.0,
goodreads_shannon,book_ed5316ae03a8e84f,work_d073002b7a8b83cc,1,to_read,exposure_only,exposure,False,False,False,True,True,False,False,0,0,0,1,1,0,0,0.0,
goodreads_shannon,book_ed69a4cba0d2a939,work_fd7c3407717083c7,1,read,positive,strong,True,True,False,False,False,False,False,1,1,0,0,0,0,0,4.0,2026-01-14T00:00:00+00:00
goodreads_shannon,book_ed784f9c7ca9e5c3,work_1d1e8224792d4208,1,to_read,exposure_only,exposure,False,False,False,True,True,False,False,0,0,0,1,1,0,0,0.0,
goodreads_shannon,book_ede22ab7b51551cc,work_413aa993aeb68b8e,1,read,positive,strong,True,True,False,False,False,False,False,1,1,0,0,0,0,0,3.0,2023-09-11T00:00:00+00:00
goodreads_shannon,book_ede8e1fa528e3214,work_8ef6ce05f1a37d0a,1,to_read,exposure_only,exposure,False,False,False,True,True,False,False,0,0,0,1,1,0,0,0.0,
goodreads_shannon,book_ee0b21a7abb0d8ac,work_1a0828150605bcd1,1,read,positive,strong,True,True,False,False,False,False,False,1,1,0,0,0,0,0,4.0,2023-08-11T00:00:00+00:00
goodreads_shannon,book_ee5be9afe3aa3eaf,work_2e42318b4efbb488,1,to_read,exposure_only,exposure,False,False,False,True,True,False,False,0,0,0,1,1,0,0,0.0,
goodreads_shannon,book_ee6908cee7ec4dc6,work_fb8c2023d8207e33,1,read,positive,strong,True,True,False,False,False,False,False,1,1,0,0,0,0,0,4.0,
goodreads_shannon,book_ee8dfe9e3c093e66,work_4d0287de211d7129,1,to_read,exposure_only,exposure,False,False,False,True,True,False,False,0,0,0,1,1,0,0,0.0,
goodreads_shannon,book_eeaf886405b5bddd,work_991ee40258ebe0a2,2,to_read,exposure_only,exposure,False,False,False,True,True,False,False,0,0,0,2,2,0,0,0.0,
goodreads_shannon,book_eebb4391c5e51788,work_3e0e846ccc7b6e6c,1,to_read,exposure_only,exposure,False,False,False,True,True,False,False,0,0,0,1,1,0,0,0.0,
goodreads_shannon,book_eef5d992d45497bf,work_4c142c12e1d9826f,1,read,positive,strong,True,True,False,False,False,False,False,1,1,0,0,0,0,0,4.0,2019-06-13T00:00:00+00:00
goodreads_shannon,book_ef04153d7fcb13d1,work_584ea0c0a0671aa1,1,to_read,exposure_only,exposure,False,False,False,True,True,False,False,0,0,0,1,1,0,0,0.0,
goodreads_shannon,book_ef26133a83315541,work_0ea930977da7dec6,1,to_read,exposure_only,exposure,False,False,False,True,True,False,False,0,0,0,1,1,0,0,0.0,
goodreads_shannon,book_ef3bc70accc76eb0,work_62f769f40d080eb4,1,to_read,exposure_only,exposure,False,False,False,True,True,False,False,0,0,0,1,1,0,0,0.0,
goodreads_shannon,book_ef56323542aa4d79,work_db764991652ce4e9,1,to_read,exposure_only,exposure,False,False,False,True,True,False,False,0,0,0,1,1,0,0,0.0,
goodreads_shannon,book_ef5a872a5314925c,work_71d821f8d5ce8933,1,to_read,exposure_only,exposure,False,False,False,True,True,False,False,0,0,0,1,1,0,0,0.0,
goodreads_shannon,book_f019b5a8f2dc5000,work_f9dfae9537cb759d,1,to_read,exposure_only,exposure,False,False,False,True,True,False,False,0,0,0,1,1,0,0,0.0,
goodreads_shannon,book_f0477bb0ac8e5b1d,work_ae3e0a00f3a192ad,1,to_read,exposure_only,exposure,False,False,False,True,True,False,False,0,0,0,1,1,0,0,0.0,
goodreads_shannon,book_f06704cf7122d8de,work_d70c893290a17f83,1,currently_reading,exposure_only,exposure,False,False,False,True,False,True,False,0,0,0,1,0,1,0,0.0,
goodreads_shannon,book_f086e53fdf6787e2,work_f1db8338e79607fa,1,read,positive,strong,True,True,False,False,False,False,False,1,1,0,0,0,0,0,4.0,2021-02-02T00:00:00+00:00
goodreads_shannon,book_f09fb9fe28a27e9b,work_8a459139d9a06385,1,to_read,exposure_only,exposure,False,False,False,True,True,False,False,0,0,0,1,1,0,0,0.0,
goodreads_shannon,book_f0de1cfd0214c828,work_4f67724ded25b748,1,unknown,unknown,unknown,False,False,False,False,False,False,False,0,0,0,0,0,0,0,0.0,
goodreads_shannon,book_f1369ddf028f6d5d,work_1d977315472a62ac,1,to_read,exposure_only,exposure,False,False,False,True,True,False,False,0,0,0,1,1,0,0,0.0,
goodreads_shannon,book_f158b21ebb8f78cc,work_21f987048c9b4d7e,1,to_read,exposure_only,exposure,False,False,False,True,True,False,False,0,0,0,1,1,0,0,0.0,
goodreads_shannon,book_f1a6c60e1d0b3b65,work_78a593636dc1a4dd,2,read,positive,strong,True,True,False,True,True,False,False,1,1,0,1,1,0,0,4.0,
goodreads_shannon,book_f1da284e4dead2fa,work_1aa0301aa76147c8,1,read,positive,strong,True,True,False,False,False,False,False,1,1,0,0,0,0,0,3.0,2021-01-19T00:00:00+00:00
goodreads_shannon,book_f1df472a5988e0c1,work_47321c041321f390,1,to_read,exposure_only,exposure,False,False,False,True,True,False,False,0,0,0,1,1,0,0,0.0,
goodreads_shannon,book_f1ee29eab263444a,work_74f6b88aad1ac78c,1,to_read,exposure_only,exposure,False,False,False,True,True,False,False,0,0,0,1,1,0,0,0.0,
goodreads_shannon,book_f22661af0a24c4c7,work_6c59e0ed775beefc,1,to_read,exposure_only,exposure,False,False,False,True,True,False,False,0,0,0,1,1,0,0,0.0,
goodreads_shannon,book_f234d2b75be4c772,work_e7d4748a064f48b7,1,to_read,exposure_only,exposure,False,False,False,True,True,False,False,0,0,0,1,1,0,0,0.0,
goodreads_shannon,book_f2403c233b7c383e,work_fb9fce9386f9b2b2,1,read,positive,strong,True,True,False,False,False,False,False,1,1,0,0,0,0,0,4.0,2017-02-01T00:00:00+00:00
goodreads_shannon,book_f25634320043a99a,work_10ab250db76d79be,1,read,positive,strong,True,True,False,False,False,False,False,1,1,0,0,0,0,0,3.0,2021-12-28T00:00:00+00:00
goodreads_shannon,book_f2674b76fac3f6aa,work_be883011c9cfc88a,1,read,positive,strong,True,True,False,False,False,False,False,1,1,0,0,0,0,0,5.0,2022-06-26T00:00:00+00:00
goodreads_shannon,book_f2826a519130c1b8,work_b8982c64b6985fce,1,read,positive,strong,True,True,False,False,False,False,False,1,1,0,0,0,0,0,3.0,
goodreads_shannon,book_f29a994e1351ac0e,work_0d53e13110b9097c,1,to_read,exposure_only,exposure,False,False,False,True,True,False,False,0,0,0,1,1,0,0,0.0,
goodreads_shannon,book_f30d0fed3ed4a116,work_0af6ed9a92a7a3bc,1,read,positive,strong,True,True,False,False,False,False,False,1,1,0,0,0,0,0,3.0,2026-06-25T00:00:00+00:00
goodreads_shannon,book_f3875c6986a801da,work_36aa2dbd55fb5327,1,read,positive,strong,True,True,False,False,False,False,False,1,1,0,0,0,0,0,4.0,2020-12-30T00:00:00+00:00
goodreads_shannon,book_f391df8d8f0a31a6,work_b9a83637a103a153,1,read,positive,strong,True,True,False,False,False,False,False,1,1,0,0,0,0,0,4.0,2021-01-24T00:00:00+00:00
goodreads_shannon,book_f3e91a197be6b062,work_5daeba07c111f556,1,to_read,exposure_only,exposure,False,False,False,True,True,False,False,0,0,0,1,1,0,0,0.0,
goodreads_shannon,book_f40fadff8540702a,work_f546ba091c51a079,1,to_read,exposure_only,exposure,False,False,False,True,True,False,False,0,0,0,1,1,0,0,0.0,
goodreads_shannon,book_f4165215fa77363e,work_8fcaec7d7745587c,1,to_read,exposure_only,exposure,False,False,False,True,True,False,False,0,0,0,1,1,0,0,0.0,
goodreads_shannon,book_f418838e0c9ad310,work_da08044f16d123c4,1,read,positive,strong,True,True,False,False,False,False,False,1,1,0,0,0,0,0,4.0,2024-10-27T00:00:00+00:00
goodreads_shannon,book_f45f7d9cd2d199b9,work_349873c1bbf079ff,1,to_read,exposure_only,exposure,False,False,False,True,True,False,False,0,0,0,1,1,0,0,0.0,
goodreads_shannon,book_f4f6712b99eeb434,work_f7d3d1d4720584b6,1,to_read,exposure_only,exposure,False,False,False,True,True,False,False,0,0,0,1,1,0,0,0.0,
goodreads_shannon,book_f5947a784ae514ed,work_713a21d609ac5168,1,to_read,exposure_only,exposure,False,False,False,True,True,False,False,0,0,0,1,1,0,0,0.0,
goodreads_shannon,book_f5bf07227b55c47e,work_5bac7136ffbd0d67,1,to_read,exposure_only,exposure,False,False,False,True,True,False,False,0,0,0,1,1,0,0,0.0,
goodreads_shannon,book_f5efeebf3ef34eeb,work_74afac9177583c2d,1,read,positive,strong,True,True,False,False,False,False,False,1,1,0,0,0,0,0,5.0,2021-08-23T00:00:00+00:00
goodreads_shannon,book_f60814c7f7032c0a,work_d2b9ce315ead17c2,1,to_read,exposure_only,exposure,False,False,False,True,True,False,False,0,0,0,1,1,0,0,0.0,
goodreads_shannon,book_f61996ef36d3d8bd,work_49528a452dea1251,1,to_read,exposure_only,exposure,False,False,False,True,True,False,False,0,0,0,1,1,0,0,0.0,
goodreads_shannon,book_f6303fd73545c6bc,work_f92a28b40f01e353,1,to_read,exposure_only,exposure,False,False,False,True,True,False,False,0,0,0,1,1,0,0,0.0,
goodreads_shannon,book_f63b3bb364e06d60,work_6b032e49ad3143a3,1,read,positive,strong,True,True,False,False,False,False,False,1,1,0,0,0,0,0,3.0,
goodreads_shannon,book_f64e4639504bcc35,work_2b429b01e50b96e0,1,to_read,exposure_only,exposure,False,False,False,True,True,False,False,0,0,0,1,1,0,0,0.0,
goodreads_shannon,book_f67e5c5188b87271,work_e1f0dc03296177c7,1,to_read,exposure_only,exposure,False,False,False,True,True,False,False,0,0,0,1,1,0,0,0.0,
goodreads_shannon,book_f68a9238e7989ed7,work_8429d01a4856a377,1,read,positive,strong,True,True,False,False,False,False,False,1,1,0,0,0,0,0,3.0,2020-05-13T00:00:00+00:00
goodreads_shannon,book_f69d4cf9d33827e4,work_c42781b66219591b,1,read,positive,strong,True,True,False,False,False,False,False,1,1,0,0,0,0,0,4.0,2013-03-24T00:00:00+00:00
goodreads_shannon,book_f6ab898547df100a,work_24f23a46bec5ea7d,1,read,positive,strong,True,True,False,False,False,False,False,1,1,0,0,0,0,0,4.0,2021-07-08T00:00:00+00:00
goodreads_shannon,book_f6c84f5838fa2eec,work_019a0c015082fee6,1,to_read,exposure_only,exposure,False,False,False,True,True,False,False,0,0,0,1,1,0,0,0.0,
goodreads_shannon,book_f6cf3d3622edda31,work_c87c0fd7b4efa03d,1,read,positive,strong,True,True,False,False,False,False,False,1,1,0,0,0,0,0,4.0,
goodreads_shannon,book_f6dece964d7a5a74,work_7b628bc6ae6766dd,1,to_read,exposure_only,exposure,False,False,False,True,True,False,False,0,0,0,1,1,0,0,0.0,
goodreads_shannon,book_f71ad8a30439877b,work_fab20ef9350ef488,1,read,positive,strong,True,True,False,False,False,False,False,1,1,0,0,0,0,0,3.0,2023-02-18T00:00:00+00:00
goodreads_shannon,book_f740d22b222a22a8,work_a5d3a6bee492c49c,1,to_read,exposure_only,exposure,False,False,False,True,True,False,False,0,0,0,1,1,0,0,0.0,
goodreads_shannon,book_f75950c8305ba28d,work_899661a1c133a3d5,1,to_read,exposure_only,exposure,False,False,False,True,True,False,False,0,0,0,1,1,0,0,0.0,
goodreads_shannon,book_f790893d86d975f8,work_d7033aaaa9e2060b,1,to_read,exposure_only,exposure,False,False,False,True,True,False,False,0,0,0,1,1,0,0,0.0,
goodreads_shannon,book_f7b3e44f2c2103dd,work_6ecb3598b4106f6c,1,to_read,exposure_only,exposure,False,False,False,True,True,False,False,0,0,0,1,1,0,0,0.0,
goodreads_shannon,book_f7d4e2d7a5bd0475,work_719622f9565685eb,1,read,positive,strong,True,True,False,False,False,False,False,1,1,0,0,0,0,0,4.0,2026-06-21T00:00:00+00:00
goodreads_shannon,book_f7e2b65224308d1a,work_bd4ae8e063b5c6e5,1,currently_reading,exposure_only,exposure,False,False,False,True,False,True,False,0,0,0,1,0,1,0,0.0,
goodreads_shannon,book_f7e7f3153e978eae,work_d02acc733c769b04,1,to_read,exposure_only,exposure,False,False,False,True,True,False,False,0,0,0,1,1,0,0,0.0,
goodreads_shannon,book_f854ebbcfd3935ff,work_ee6a930254c95b35,2,to_read,exposure_only,exposure,False,False,False,True,True,False,False,0,0,0,2,2,0,0,0.0,
goodreads_shannon,book_f8b6c484877542a0,work_799829846b487c24,1,to_read,exposure_only,exposure,False,False,False,True,True,False,False,0,0,0,1,1,0,0,0.0,
goodreads_shannon,book_f8d468347d423dab,work_c94d2910d2196f0a,1,read,positive,strong,True,True,False,False,False,False,False,1,1,0,0,0,0,0,5.0,2024-03-04T00:00:00+00:00
goodreads_shannon,book_f8fc3b67f194563e,work_c38a5111ba67c210,1,read,positive,strong,True,True,False,False,False,False,False,1,1,0,0,0,0,0,4.0,
goodreads_shannon,book_f9083a7752bc829a,work_c928b27b14f537fb,1,to_read,exposure_only,exposure,False,False,False,True,True,False,False,0,0,0,1,1,0,0,0.0,
goodreads_shannon,book_f92f3dc3928db010,work_5ca8812308b47061,1,read,positive,strong,True,True,False,False,False,False,False,1,1,0,0,0,0,0,4.0,
goodreads_shannon,book_f93ad6a2b69a0311,work_2323c4e25869b61c,1,to_read,exposure_only,exposure,False,False,False,True,True,False,False,0,0,0,1,1,0,0,0.0,
goodreads_shannon,book_f9760a34800b46e5,work_462e6ec87590cc6e,1,to_read,exposure_only,exposure,False,False,False,True,True,False,False,0,0,0,1,1,0,0,0.0,
goodreads_shannon,book_f99782f659d14207,work_e22a60fa6b6ca3aa,1,to_read,exposure_only,exposure,False,False,False,True,True,False,False,0,0,0,1,1,0,0,0.0,
goodreads_shannon,book_f9c7ec2b227b9815,work_b8936c212d5a56f9,1,to_read,exposure_only,exposure,False,False,False,True,True,False,False,0,0,0,1,1,0,0,0.0,
goodreads_shannon,book_f9ed757ac0d99f54,work_3faed7bac41c8639,1,to_read,exposure_only,exposure,False,False,False,True,True,False,False,0,0,0,1,1,0,0,0.0,
goodreads_shannon,book_f9f21651aa297603,work_57af4077d35925dd,1,to_read,exposure_only,exposure,False,False,False,True,True,False,False,0,0,0,1,1,0,0,0.0,
goodreads_shannon,book_fa3abd3c14b72314,work_d27ea83e3497b7aa,1,to_read,exposure_only,exposure,False,False,False,True,True,False,False,0,0,0,1,1,0,0,0.0,
goodreads_shannon,book_fa902efcf5146cc5,work_178d8f0c3dfd21fb,1,to_read,exposure_only,exposure,False,False,False,True,True,False,False,0,0,0,1,1,0,0,0.0,
goodreads_shannon,book_facf1968013aacc2,work_3c8b465231043044,1,read,positive,strong,True,True,False,False,False,False,False,1,1,0,0,0,0,0,4.0,2023-05-26T00:00:00+00:00
goodreads_shannon,book_facfe03acb171219,work_a1fc8ad5bbec3daa,1,unknown,unknown,unknown,False,False,False,False,False,False,False,0,0,0,0,0,0,0,0.0,
goodreads_shannon,book_fb4d52f514dc2fec,work_bbb9910e739acbf9,1,read,positive,strong,True,True,False,False,False,False,False,1,1,0,0,0,0,0,5.0,2013-03-17T00:00:00+00:00
goodreads_shannon,book_fb5594adfb531bd9,work_283cf02143440dd7,1,to_read,exposure_only,exposure,False,False,False,True,True,False,False,0,0,0,1,1,0,0,0.0,
goodreads_shannon,book_fbac83e321e3a835,work_9775e712a420e8a8,1,to_read,exposure_only,exposure,False,False,False,True,True,False,False,0,0,0,1,1,0,0,0.0,
goodreads_shannon,book_fbb3122b8820f84d,work_80a2ade7d79f3ced,1,read,positive,strong,True,True,False,False,False,False,False,1,1,0,0,0,0,0,3.0,2020-03-18T00:00:00+00:00
goodreads_shannon,book_fbc15cc29f20135a,work_12839ddce3c9d5d9,1,to_read,exposure_only,exposure,False,False,False,True,True,False,False,0,0,0,1,1,0,0,0.0,
goodreads_shannon,book_fc0087a491ac9770,work_494c2d9f76bd46ca,1,to_read,exposure_only,exposure,False,False,False,True,True,False,False,0,0,0,1,1,0,0,0.0,
goodreads_shannon,book_fc073a3ba62202c8,work_02f26be4db3cc8df,1,to_read,exposure_only,exposure,False,False,False,True,True,False,False,0,0,0,1,1,0,0,0.0,
goodreads_shannon,book_fc376fc50de68fa3,work_a68713f266fa5a7e,1,to_read,exposure_only,exposure,False,False,False,True,True,False,False,0,0,0,1,1,0,0,0.0,
goodreads_shannon,book_fc6cae61b7d4aa6d,work_420715354921f773,1,to_read,exposure_only,exposure,False,False,False,True,True,False,False,0,0,0,1,1,0,0,0.0,
goodreads_shannon,book_fc733c471cd80711,work_a757cbc4423946da,1,to_read,exposure_only,exposure,False,False,False,True,True,False,False,0,0,0,1,1,0,0,0.0,
goodreads_shannon,book_fcbda62072229724,work_7dfc18d4c5e4fa80,1,to_read,exposure_only,exposure,False,False,False,True,True,False,False,0,0,0,1,1,0,0,0.0,
goodreads_shannon,book_fcd7efe8a11d30ca,work_d72198bb77c84c2b,1,to_read,exposure_only,exposure,False,False,False,True,True,False,False,0,0,0,1,1,0,0,0.0,
goodreads_shannon,book_fce228a5dfac64f9,work_3fe2c0b2c03ad0af,1,read,positive,strong,True,True,False,False,False,False,False,1,1,0,0,0,0,0,4.0,2024-08-10T00:00:00+00:00
goodreads_shannon,book_fcefba4f3f4ef78f,work_ae29d9b2e3a2a5a3,1,read,positive,strong,True,True,False,False,False,False,False,1,1,0,0,0,0,0,5.0,2023-12-21T00:00:00+00:00
goodreads_shannon,book_fd01f7a5f06030e1,work_da68e6124cd1d65d,1,to_read,exposure_only,exposure,False,False,False,True,True,False,False,0,0,0,1,1,0,0,0.0,
goodreads_shannon,book_fd4e9ffd662f4f01,work_dba8afa6dccfb425,1,read,positive,strong,True,True,False,False,False,False,False,1,1,0,0,0,0,0,4.0,2021-12-28T00:00:00+00:00
goodreads_shannon,book_fd6b777973e5b65f,work_f1d92738210082d1,1,to_read,exposure_only,exposure,False,False,False,True,True,False,False,0,0,0,1,1,0,0,0.0,
goodreads_shannon,book_fd85fd77ef6c61d9,work_bfcbc3d0f92affda,1,read,positive,strong,True,True,False,False,False,False,False,1,1,0,0,0,0,0,5.0,2023-02-03T00:00:00+00:00
goodreads_shannon,book_fd97e118bee83341,work_1a382003a35ad2b2,1,to_read,exposure_only,exposure,False,False,False,True,True,False,False,0,0,0,1,1,0,0,0.0,
goodreads_shannon,book_fda68e2a2611d41c,work_520d574e2a099a55,1,read,positive,strong,True,True,False,False,False,False,False,1,1,0,0,0,0,0,3.0,2019-06-14T00:00:00+00:00
goodreads_shannon,book_fe0444d6bb43a582,work_ec9b3083b41a442a,1,to_read,exposure_only,exposure,False,False,False,True,True,False,False,0,0,0,1,1,0,0,0.0,
goodreads_shannon,book_fe23b12e80870181,work_92625e806682ed9d,1,read,positive,strong,True,True,False,False,False,False,False,1,1,0,0,0,0,0,4.0,
goodreads_shannon,book_fe271002e712c165,work_28b4291d986589b6,1,to_read,exposure_only,exposure,False,False,False,True,True,False,False,0,0,0,1,1,0,0,0.0,
goodreads_shannon,book_fe524b384b00ec6a,work_00abf9c4b9344cde,1,read,positive,strong,True,True,False,False,False,False,False,1,1,0,0,0,0,0,5.0,
goodreads_shannon,book_fe59826cb86b5599,work_6b161ed5f721be3e,1,to_read,exposure_only,exposure,False,False,False,True,True,False,False,0,0,0,1,1,0,0,0.0,
goodreads_shannon,book_fe60fc916dec7731,work_130e27956a3839a9,1,read,positive,strong,True,True,False,False,False,False,False,1,1,0,0,0,0,0,4.0,2020-09-27T00:00:00+00:00
goodreads_shannon,book_fe865f6a654b1b8f,work_3d951e6616b4c56f,1,to_read,exposure_only,exposure,False,False,False,True,True,False,False,0,0,0,1,1,0,0,0.0,
goodreads_shannon,book_fe9f9d1439d45180,work_dd5a2db96f5d4a9d,1,read,positive,strong,True,True,False,False,False,False,False,1,1,0,0,0,0,0,3.0,2023-06-08T00:00:00+00:00
goodreads_shannon,book_ff019b50cb15978f,work_c4e5e70cf6eb60ca,1,to_read,exposure_only,exposure,False,False,False,True,True,False,False,0,0,0,1,1,0,0,0.0,
goodreads_shannon,book_ff2f12d3c5064742,work_3af38d1eca0360dd,1,to_read,exposure_only,exposure,False,False,False,True,True,False,False,0,0,0,1,1,0,0,0.0,
goodreads_shannon,book_ff48557ac4e563c5,work_ce5389e594fcea25,1,to_read,exposure_only,exposure,False,False,False,True,True,False,False,0,0,0,1,1,0,0,0.0,
goodreads_shannon,book_ff676584e235bf78,work_b57e4f5d53467ef2,1,read,positive,strong,True,True,False,False,False,False,False,1,1,0,0,0,0,0,4.0,2023-03-12T00:00:00+00:00
goodreads_shannon,book_ff6daf75d7c7a01e,work_f236d41029c1f1be,1,read,positive,strong,True,True,False,False,False,False,False,1,1,0,0,0,0,0,5.0,2013-04-01T00:00:00+00:00
goodreads_shannon,book_ffab2db1886b00a9,work_e1618c8ecfdd1613,1,to_read,exposure_only,exposure,False,False,False,True,True,False,False,0,0,0,1,1,0,0,0.0,
goodreads_shannon,book_ffb3cae407478e01,work_8c4ed4047bded888,1,read,positive,strong,True,True,False,False,False,False,False,1,1,0,0,0,0,0,3.0,2022-08-31T00:00:00+00:00
goodreads_shannon,book_ffc5119949119f68,work_c81c5ecce56d23e4,1,to_read,exposure_only,exposure,False,False,False,True,True,False,False,0,0,0,1,1,0,0,0.0,
goodreads_shannon,book_ffc60b591048015e,work_fc22ba0b79059d1a,1,to_read,exposure_only,exposure,False,False,False,True,True,False,False,0,0,0,1,1,0,0,0.0,
goodreads_shannon,book_ffcecf6a1c1fc10c,work_9138d06ec54e2096,1,to_read,exposure_only,exposure,False,False,False,True,True,False,False,0,0,0,1,1,0,0,0.0,
goodreads_shannon,book_fff58dce5e8a3f88,work_5776f489187d4e51,1,read,positive,strong,True,True,False,False,False,False,False,1,1,0,0,0,0,0,4.0,2026-06-30T00:00:00+00:00
goodreads_you,book_0083038ea9439c43,work_9f7cf252930cc820,1,read,negative,negative,True,False,True,False,False,False,False,1,0,1,0,0,0,0,2.0,
goodreads_you,book_0121428eee7aaf8d,work_b3ca9859cfbaa0e2,1,read,positive,strong,True,True,False,False,False,False,False,1,1,0,0,0,0,0,5.0,2020-04-24T00:00:00+00:00
goodreads_you,book_01f9f25ee59f3fa2,work_6be4149d1e5f69b0,1,to_read,exposure_only,exposure,False,False,False,True,True,False,False,0,0,0,1,1,0,0,0.0,
goodreads_you,book_01fafad9722e5eef,work_44aa22dae914535a,1,to_read,exposure_only,exposure,False,False,False,True,True,False,False,0,0,0,1,1,0,0,0.0,
goodreads_you,book_0225afe291da9adf,work_ac7e58b2e3054fc1,1,to_read,exposure_only,exposure,False,False,False,True,True,False,False,0,0,0,1,1,0,0,0.0,
goodreads_you,book_03a0bf98fe8633bf,work_e9b3a41778750fc7,1,to_read,exposure_only,exposure,False,False,False,True,True,False,False,0,0,0,1,1,0,0,0.0,
goodreads_you,book_03c5201fae64c170,work_818a2905adbe80c4,1,to_read,exposure_only,exposure,False,False,False,True,True,False,False,0,0,0,1,1,0,0,0.0,
goodreads_you,book_047a77e05b6cbac7,work_c5216d57c32e8045,1,unknown,unknown,unknown,False,False,False,False,False,False,False,0,0,0,0,0,0,0,0.0,
goodreads_you,book_050cf7cd4e6203ee,work_c1d9f2580b650a38,1,to_read,exposure_only,exposure,False,False,False,True,True,False,False,0,0,0,1,1,0,0,0.0,
goodreads_you,book_053b5acf8eab333b,work_1ee78d2352fbaa88,1,to_read,exposure_only,exposure,False,False,False,True,True,False,False,0,0,0,1,1,0,0,0.0,
goodreads_you,book_05613c1c9d04a4f7,work_2582a809277e4ea3,1,to_read,exposure_only,exposure,False,False,False,True,True,False,False,0,0,0,1,1,0,0,0.0,
goodreads_you,book_0617cd8f1d32e8f7,work_a727ae66bc3cc9bb,1,unknown,unknown,unknown,False,False,False,False,False,False,False,0,0,0,0,0,0,0,0.0,
goodreads_you,book_06ebe0d942dd7129,work_5adf9a12b43809a9,1,to_read,exposure_only,exposure,False,False,False,True,True,False,False,0,0,0,1,1,0,0,0.0,
goodreads_you,book_086c04687d83ce24,work_9cd607b598476362,1,to_read,exposure_only,exposure,False,False,False,True,True,False,False,0,0,0,1,1,0,0,0.0,
goodreads_you,book_087c8b03e42e70aa,work_ce8f3e5827da8166,1,to_read,exposure_only,exposure,False,False,False,True,True,False,False,0,0,0,1,1,0,0,0.0,
goodreads_you,book_08ba5238bd7c4ab2,work_faa9fcd3e3c1aa25,1,read,positive,strong,True,True,False,False,False,False,False,1,1,0,0,0,0,0,5.0,2026-07-05T00:00:00+00:00
goodreads_you,book_08ca8d05f74d3a3d,work_516985b3e8110c51,1,to_read,exposure_only,exposure,False,False,False,True,True,False,False,0,0,0,1,1,0,0,0.0,
goodreads_you,book_08edf7c3c2cfa011,work_65fe8bd8a6bb0177,1,to_read,exposure_only,exposure,False,False,False,True,True,False,False,0,0,0,1,1,0,0,0.0,
goodreads_you,book_098a9ac7a3fd1933,work_45fcb0899608b49b,1,to_read,exposure_only,exposure,False,False,False,True,True,False,False,0,0,0,1,1,0,0,0.0,
goodreads_you,book_09f35d249b806538,work_005e30e3d077d378,1,to_read,exposure_only,exposure,False,False,False,True,True,False,False,0,0,0,1,1,0,0,0.0,
goodreads_you,book_0a92c6fc8bd5b5ab,work_2450c6d742eb3503,1,to_read,exposure_only,exposure,False,False,False,True,True,False,False,0,0,0,1,1,0,0,0.0,
goodreads_you,book_0b88ac2b9391b47b,work_f7ad9645466cafa2,1,read,positive,strong,True,True,False,False,False,False,False,1,1,0,0,0,0,0,5.0,2020-02-25T00:00:00+00:00
goodreads_you,book_0b912917cca649de,work_390b8393a372eb33,1,to_read,exposure_only,exposure,False,False,False,True,True,False,False,0,0,0,1,1,0,0,0.0,
goodreads_you,book_0c5332017a5ef7ef,work_e53ef01f8cf3c181,1,read,positive,strong,True,True,False,False,False,False,False,1,1,0,0,0,0,0,5.0,2026-03-13T00:00:00+00:00
goodreads_you,book_0cc858cd618e0ee3,work_676fc4aa49146fd2,1,to_read,exposure_only,exposure,False,False,False,True,True,False,False,0,0,0,1,1,0,0,0.0,
goodreads_you,book_0ce63e39ba857457,work_f0e973b0241030de,1,read,positive,strong,True,True,False,False,False,False,False,1,1,0,0,0,0,0,4.0,
goodreads_you,book_0d297a7510cce2ab,work_d77882a2182b7de4,1,read,read_without_preference,moderate,True,False,False,False,False,False,False,1,0,0,0,0,0,0,0.0,2026-02-17T00:00:00+00:00
goodreads_you,book_0e6b9c5b22406186,work_1b2fa95403a66a61,1,read,positive,strong,True,True,False,False,False,False,False,1,1,0,0,0,0,0,5.0,2026-09-19T00:00:00+00:00
goodreads_you,book_105b4bde5891ddbb,work_673120d3304aa341,1,unknown,unknown,unknown,False,False,False,False,False,False,False,0,0,0,0,0,0,0,0.0,
goodreads_you,book_11b715f44c6fccb5,work_c9acf4e5548276e6,1,to_read,exposure_only,exposure,False,False,False,True,True,False,False,0,0,0,1,1,0,0,0.0,
goodreads_you,book_129506c075304529,work_6926d1c06721795e,1,currently_reading,exposure_only,exposure,False,False,False,True,False,True,False,0,0,0,1,0,1,0,0.0,
goodreads_you,book_1435f6dccccd2c5e,work_ddc49878671c5701,1,to_read,exposure_only,exposure,False,False,False,True,True,False,False,0,0,0,1,1,0,0,0.0,
goodreads_you,book_152d10ac8c644286,work_2f53e342d9fceec2,1,to_read,exposure_only,exposure,False,False,False,True,True,False,False,0,0,0,1,1,0,0,0.0,
goodreads_you,book_1603e89892336d3b,work_8c6bbac74cc39c7e,1,read,positive,strong,True,True,False,False,False,False,False,1,1,0,0,0,0,0,5.0,2026-06-14T00:00:00+00:00
goodreads_you,book_163abc1efd43912d,work_71df34d08d5c5cc3,1,to_read,exposure_only,exposure,False,False,False,True,True,False,False,0,0,0,1,1,0,0,0.0,
goodreads_you,book_1690de62fd268917,work_4467cfee4feda311,1,read,positive,strong,True,True,False,False,False,False,False,1,1,0,0,0,0,0,5.0,2020-07-23T00:00:00+00:00
goodreads_you,book_17da90a18cb2fa52,work_aa09b9e017083fff,1,to_read,exposure_only,exposure,False,False,False,True,True,False,False,0,0,0,1,1,0,0,0.0,
goodreads_you,book_180491689f6c4bed,work_11084477506507d4,1,read,positive,strong,True,True,False,False,False,False,False,1,1,0,0,0,0,0,5.0,2026-03-08T00:00:00+00:00
goodreads_you,book_188a66fc9eb0cc2a,work_98a595f2140d5edf,1,read,positive,strong,True,True,False,False,False,False,False,1,1,0,0,0,0,0,4.0,2017-07-30T00:00:00+00:00
goodreads_you,book_188b9d311be68ff9,work_9de81727c022fa77,1,unknown,unknown,unknown,False,False,False,False,False,False,False,0,0,0,0,0,0,0,0.0,
goodreads_you,book_19b6911ed6b7d479,work_d2f38a7b9bdcd5e6,1,to_read,exposure_only,exposure,False,False,False,True,True,False,False,0,0,0,1,1,0,0,0.0,
goodreads_you,book_19f1548b73261976,work_edf9acef3fd92179,1,read,positive,strong,True,True,False,False,False,False,False,1,1,0,0,0,0,0,5.0,2026-01-08T00:00:00+00:00
goodreads_you,book_1a49b38f34588e14,work_4144daf022189b4c,1,to_read,exposure_only,exposure,False,False,False,True,True,False,False,0,0,0,1,1,0,0,0.0,
goodreads_you,book_1a7081a7b1ddbdf6,work_bd4197709e9ed9fb,1,to_read,exposure_only,exposure,False,False,False,True,True,False,False,0,0,0,1,1,0,0,0.0,
goodreads_you,book_1af9b4f4231bd867,work_6e0803d1b35329f9,1,read,positive,strong,True,True,False,False,False,False,False,1,1,0,0,0,0,0,4.0,2026-04-24T00:00:00+00:00
goodreads_you,book_1c170ff2c52adf3e,work_210ffe77db0f3fdc,1,currently_reading,exposure_only,exposure,False,False,False,True,False,True,False,0,0,0,1,0,1,0,0.0,
goodreads_you,book_1cc45ad032983a9d,work_a674b3024bfbb853,1,read,positive,strong,True,True,False,False,False,False,False,1,1,0,0,0,0,0,4.0,
goodreads_you,book_1d17186c4b14edf2,work_3a10f7bcb553604e,1,to_read,exposure_only,exposure,False,False,False,True,True,False,False,0,0,0,1,1,0,0,0.0,
goodreads_you,book_1d43a7ce036090da,work_e246f5568c7ae05e,1,to_read,exposure_only,exposure,False,False,False,True,True,False,False,0,0,0,1,1,0,0,0.0,
goodreads_you,book_1e50df67b34fe212,work_548d07d061b6d72a,1,to_read,exposure_only,exposure,False,False,False,True,True,False,False,0,0,0,1,1,0,0,0.0,
goodreads_you,book_2161ccd9d4f3052d,work_f83e75fb7486da9e,1,read,positive,strong,True,True,False,False,False,False,False,1,1,0,0,0,0,0,4.0,2026-07-05T00:00:00+00:00
goodreads_you,book_2191ceb877f0b5c5,work_11d524bde16c3190,1,read,positive,strong,True,True,False,False,False,False,False,1,1,0,0,0,0,0,4.0,
goodreads_you,book_219d93d4142f9fec,work_0a147be0187e60fd,1,to_read,exposure_only,exposure,False,False,False,True,True,False,False,0,0,0,1,1,0,0,0.0,
goodreads_you,book_21ab90abac59090d,work_cae2967a68825f96,1,read,positive,strong,True,True,False,False,False,False,False,1,1,0,0,0,0,0,5.0,2026-01-02T00:00:00+00:00
goodreads_you,book_220c6dbf3c162961,work_7479fe4a3721e6d3,1,to_read,exposure_only,exposure,False,False,False,True,True,False,False,0,0,0,1,1,0,0,0.0,
goodreads_you,book_227782382b6f7ccd,work_3938639d48d38aa8,1,to_read,exposure_only,exposure,False,False,False,True,True,False,False,0,0,0,1,1,0,0,0.0,
goodreads_you,book_2284d8be6bfbac6b,work_897cd29938d986c7,1,to_read,exposure_only,exposure,False,False,False,True,True,False,False,0,0,0,1,1,0,0,0.0,
goodreads_you,book_23085680ac1623cc,work_1449389bbdc5b08f,1,to_read,exposure_only,exposure,False,False,False,True,True,False,False,0,0,0,1,1,0,0,0.0,
goodreads_you,book_235474e993c58ff0,work_0074bfa3035902c1,1,to_read,exposure_only,exposure,False,False,False,True,True,False,False,0,0,0,1,1,0,0,0.0,
goodreads_you,book_23f40b964a7ef9a5,work_78a4d01a900003cd,1,to_read,exposure_only,exposure,False,False,False,True,True,False,False,0,0,0,1,1,0,0,0.0,
goodreads_you,book_2443abf4c9f8694f,work_5c1f38db62e9976a,1,read,positive,strong,True,True,False,False,False,False,False,1,1,0,0,0,0,0,5.0,2020-09-30T00:00:00+00:00
goodreads_you,book_2549d96f7ce851e1,work_fe2133082ac89a5b,1,read,positive,strong,True,True,False,False,False,False,False,1,1,0,0,0,0,0,5.0,2020-12-01T00:00:00+00:00
goodreads_you,book_255a1d3e00479766,work_6b4cc466b1cc493b,1,read,positive,strong,True,True,False,False,False,False,False,1,1,0,0,0,0,0,4.0,2026-07-25T00:00:00+00:00
goodreads_you,book_25ae26dbf140e69f,work_afe4e5c8465d3ee6,1,to_read,exposure_only,exposure,False,False,False,True,True,False,False,0,0,0,1,1,0,0,0.0,
goodreads_you,book_263e7b448168fc94,work_992a6157f07386e2,1,read,positive,strong,True,True,False,False,False,False,False,1,1,0,0,0,0,0,4.0,
goodreads_you,book_265354e89b986aeb,work_65e79c4bf902359d,1,read,positive,strong,True,True,False,False,False,False,False,1,1,0,0,0,0,0,5.0,2026-07-25T00:00:00+00:00
goodreads_you,book_26e80534825c9600,work_b7077f905195cf63,1,to_read,exposure_only,exposure,False,False,False,True,True,False,False,0,0,0,1,1,0,0,0.0,
goodreads_you,book_2797846a6b575416,work_af94e439d8105717,1,to_read,exposure_only,exposure,False,False,False,True,True,False,False,0,0,0,1,1,0,0,0.0,
goodreads_you,book_298d4b8d70daf3a1,work_28a3cf1e8c969e52,1,read,positive,strong,True,True,False,False,False,False,False,1,1,0,0,0,0,0,5.0,2026-08-15T00:00:00+00:00
goodreads_you,book_2a61c423f7b6de3a,work_c3b33f149be1f9c9,1,read,positive,strong,True,True,False,False,False,False,False,1,1,0,0,0,0,0,4.0,2017-03-21T00:00:00+00:00
goodreads_you,book_2a9c2841365db29b,work_068f89967ab4f762,1,to_read,exposure_only,exposure,False,False,False,True,True,False,False,0,0,0,1,1,0,0,0.0,
goodreads_you,book_2b8c06656979afd1,work_ee719650938b7719,1,read,positive,strong,True,True,False,False,False,False,False,1,1,0,0,0,0,0,4.0,
goodreads_you,book_2d8315ae1726c5d4,work_f0abacb7c337d397,1,to_read,exposure_only,exposure,False,False,False,True,True,False,False,0,0,0,1,1,0,0,0.0,
goodreads_you,book_2f4cd50d1d638bcc,work_2403fe85a410e663,1,to_read,exposure_only,exposure,False,False,False,True,True,False,False,0,0,0,1,1,0,0,0.0,
goodreads_you,book_313e255ec78171f1,work_d491f4d1781f09f4,1,read,positive,strong,True,True,False,False,False,False,False,1,1,0,0,0,0,0,4.0,2026-04-07T00:00:00+00:00
goodreads_you,book_3190057ac1454e0f,work_d28d0cba6f5b7ee2,1,to_read,exposure_only,exposure,False,False,False,True,True,False,False,0,0,0,1,1,0,0,0.0,
goodreads_you,book_322e577fc5e5f968,work_fbad18e7f9287845,1,to_read,exposure_only,exposure,False,False,False,True,True,False,False,0,0,0,1,1,0,0,0.0,
goodreads_you,book_3327dd975a204ad1,work_9f0e0eb0c36fec29,1,to_read,exposure_only,exposure,False,False,False,True,True,False,False,0,0,0,1,1,0,0,0.0,
goodreads_you,book_337d90c0c27f24b0,work_c3729698c87b7c3c,1,read,positive,strong,True,True,False,False,False,False,False,1,1,0,0,0,0,0,3.0,2017-06-28T00:00:00+00:00
goodreads_you,book_348c386da8966512,work_03c61ce403e55f2b,1,to_read,exposure_only,exposure,False,False,False,True,True,False,False,0,0,0,1,1,0,0,0.0,
goodreads_you,book_35cae359263a3c26,work_488d286ad86c2cd5,1,to_read,exposure_only,exposure,False,False,False,True,True,False,False,0,0,0,1,1,0,0,0.0,
goodreads_you,book_37f8be203061b51f,work_2f3b0debd3b230b3,1,to_read,exposure_only,exposure,False,False,False,True,True,False,False,0,0,0,1,1,0,0,0.0,
goodreads_you,book_3932f1d19815287c,work_d4a28a26c61296bb,1,read,read_without_preference,moderate,True,False,False,False,False,False,False,1,0,0,0,0,0,0,0.0,2020-09-08T00:00:00+00:00
goodreads_you,book_3bc4ce08c160b6cb,work_97891fb39cd259de,1,read,positive,strong,True,True,False,False,False,False,False,1,1,0,0,0,0,0,3.0,2022-01-07T00:00:00+00:00
goodreads_you,book_3c713f7ce8209844,work_a3dfe93c1b656ff9,1,read,positive,strong,True,True,False,False,False,False,False,1,1,0,0,0,0,0,5.0,2026-06-06T00:00:00+00:00
goodreads_you,book_3d616906a5477496,work_2c5103f1061bec0c,1,to_read,exposure_only,exposure,False,False,False,True,True,False,False,0,0,0,1,1,0,0,0.0,
goodreads_you,book_3e31ef193d231bc9,work_a1adde2456b1a66b,1,to_read,exposure_only,exposure,False,False,False,True,True,False,False,0,0,0,1,1,0,0,0.0,
goodreads_you,book_3f8bf5d8d168d820,work_ab24a7d9557b9520,1,read,positive,strong,True,True,False,False,False,False,False,1,1,0,0,0,0,0,5.0,2026-01-31T00:00:00+00:00
goodreads_you,book_40dafb324311372c,work_2fb9163c6366fef7,1,to_read,exposure_only,exposure,False,False,False,True,True,False,False,0,0,0,1,1,0,0,0.0,
goodreads_you,book_413eb2dcdad44192,work_d9e3dbbc3fc61bd3,1,to_read,exposure_only,exposure,False,False,False,True,True,False,False,0,0,0,1,1,0,0,0.0,
goodreads_you,book_41a8258e3828bdce,work_df7e408388037507,1,read,positive,strong,True,True,False,False,False,False,False,1,1,0,0,0,0,0,5.0,2026-09-23T00:00:00+00:00
goodreads_you,book_41b73577d65202e1,work_0d5088e753d2749d,1,to_read,exposure_only,exposure,False,False,False,True,True,False,False,0,0,0,1,1,0,0,0.0,
goodreads_you,book_436119d71542658f,work_84f9c007e8b9abb5,1,unknown,unknown,unknown,False,False,False,False,False,False,False,0,0,0,0,0,0,0,0.0,
goodreads_you,book_4387560b1141d752,work_3a37eb167d0038fd,1,to_read,exposure_only,exposure,False,False,False,True,True,False,False,0,0,0,1,1,0,0,0.0,
goodreads_you,book_43d6a936179e0c54,work_37988f02c276a7b2,1,to_read,exposure_only,exposure,False,False,False,True,True,False,False,0,0,0,1,1,0,0,0.0,
goodreads_you,book_4659accefe58aa14,work_76ea9d72aeabb753,1,to_read,exposure_only,exposure,False,False,False,True,True,False,False,0,0,0,1,1,0,0,0.0,
goodreads_you,book_46736ead33d8d980,work_6d143dee13eec9a3,1,read,read_without_preference,moderate,True,False,False,False,False,False,False,1,0,0,0,0,0,0,0.0,2026-07-17T00:00:00+00:00
goodreads_you,book_47a6b994ec41014c,work_2a032f69b26f56b8,1,to_read,exposure_only,exposure,False,False,False,True,True,False,False,0,0,0,1,1,0,0,0.0,
goodreads_you,book_47c06284d50da265,work_9837de8d2bba493c,1,to_read,exposure_only,exposure,False,False,False,True,True,False,False,0,0,0,1,1,0,0,0.0,
goodreads_you,book_49300cd36dca9581,work_d385b19c72a0dbd1,1,to_read,exposure_only,exposure,False,False,False,True,True,False,False,0,0,0,1,1,0,0,0.0,
goodreads_you,book_4947be7238bdb5d8,work_4dedf113b94a4dd4,1,to_read,exposure_only,exposure,False,False,False,True,True,False,False,0,0,0,1,1,0,0,0.0,
goodreads_you,book_49a34c489e1ddc67,work_e3e7eb784740a450,1,to_read,exposure_only,exposure,False,False,False,True,True,False,False,0,0,0,1,1,0,0,0.0,
goodreads_you,book_4a09172ab1b8983f,work_609a84b17b741a46,2,read,positive,strong,True,True,False,False,False,False,False,2,1,0,0,0,0,0,5.0,2020-09-08T00:00:00+00:00
goodreads_you,book_4a8048eda9f18660,work_5417f7542111ec9b,1,unknown,unknown,unknown,False,False,False,False,False,False,False,0,0,0,0,0,0,0,0.0,
goodreads_you,book_4b06783b0dc84876,work_b353bdab50cd62b9,1,read,positive,strong,True,True,False,False,False,False,False,1,1,0,0,0,0,0,4.0,2026-09-11T00:00:00+00:00
goodreads_you,book_4d0e8c0d4a4ff3ac,work_41f7e8ae4be64f13,1,read,positive,strong,True,True,False,False,False,False,False,1,1,0,0,0,0,0,5.0,2020-12-24T00:00:00+00:00
goodreads_you,book_4df37b1bdce2e151,work_66c8f5a281fb88ca,1,read,positive,strong,True,True,False,False,False,False,False,1,1,0,0,0,0,0,4.0,2026-08-23T00:00:00+00:00
goodreads_you,book_4e25d4da833f55d4,work_a88e8f9a028819a4,1,to_read,exposure_only,exposure,False,False,False,True,True,False,False,0,0,0,1,1,0,0,0.0,
goodreads_you,book_4e2a8cd7ba583f0e,work_1efc074705f76aa2,1,read,positive,strong,True,True,False,False,False,False,False,1,1,0,0,0,0,0,4.0,2026-06-02T00:00:00+00:00
goodreads_you,book_4eaa815d54e94b05,work_6bc915d7b510d9be,1,to_read,exposure_only,exposure,False,False,False,True,True,False,False,0,0,0,1,1,0,0,0.0,
goodreads_you,book_4f9ea999bd5d3324,work_ab1a4e072753ccab,1,to_read,exposure_only,exposure,False,False,False,True,True,False,False,0,0,0,1,1,0,0,0.0,
goodreads_you,book_502bd7950f428739,work_604069a6d9583eb2,1,to_read,exposure_only,exposure,False,False,False,True,True,False,False,0,0,0,1,1,0,0,0.0,
goodreads_you,book_509879d935a4db51,work_a016d50d53417b21,1,read,positive,strong,True,True,False,False,False,False,False,1,1,0,0,0,0,0,3.0,2026-03-02T00:00:00+00:00
goodreads_you,book_512eec1f0e386c41,work_a620eeef1666939d,1,unknown,unknown,unknown,False,False,False,False,False,False,False,0,0,0,0,0,0,0,0.0,
goodreads_you,book_53cd5c3059c92621,work_4511523f353c1f53,1,read,positive,strong,True,True,False,False,False,False,False,1,1,0,0,0,0,0,4.0,
goodreads_you,book_55dd786dad7c83fe,work_beded73afbc036e3,1,to_read,exposure_only,exposure,False,False,False,True,True,False,False,0,0,0,1,1,0,0,0.0,
goodreads_you,book_5b358e098d30c085,work_202bef6e4c51af74,1,to_read,exposure_only,exposure,False,False,False,True,True,False,False,0,0,0,1,1,0,0,0.0,
goodreads_you,book_5babbfc3bf6fcf62,work_b01af9e9e3e95549,1,to_read,exposure_only,exposure,False,False,False,True,True,False,False,0,0,0,1,1,0,0,0.0,
goodreads_you,book_5bbefa0ae5151761,work_41d55cefb73d4c95,1,unknown,unknown,unknown,False,False,False,False,False,False,False,0,0,0,0,0,0,0,0.0,
goodreads_you,book_5d28f23ea5e6f131,work_631e8e62618ca472,1,currently_reading,exposure_only,exposure,False,False,False,True,False,True,False,0,0,0,1,0,1,0,0.0,
goodreads_you,book_5d7c8bd1237ea3ca,work_084454cb879133c7,1,read,positive,strong,True,True,False,False,False,False,False,1,1,0,0,0,0,0,4.0,
goodreads_you,book_5dde58c1d2cee90b,work_ba7a6df3b33c36bc,1,read,positive,strong,True,True,False,False,False,False,False,1,1,0,0,0,0,0,5.0,2026-05-18T00:00:00+00:00
goodreads_you,book_5e00cf45e77cbc9e,work_23f6d0f1d5301c35,1,to_read,exposure_only,exposure,False,False,False,True,True,False,False,0,0,0,1,1,0,0,0.0,
goodreads_you,book_5e1af1ccdc0108ef,work_bfe047ffc23e5653,1,to_read,exposure_only,exposure,False,False,False,True,True,False,False,0,0,0,1,1,0,0,0.0,
goodreads_you,book_5e68ca77d73918c9,work_432d3f417b43926f,1,to_read,exposure_only,exposure,False,False,False,True,True,False,False,0,0,0,1,1,0,0,0.0,
goodreads_you,book_5e6c21be18e193ed,work_3bb5c52c6224602c,1,read,positive,strong,True,True,False,False,False,False,False,1,1,0,0,0,0,0,4.0,2017-02-04T00:00:00+00:00
goodreads_you,book_5eca8dd8fdde1f2d,work_5428a72e777f5387,1,read,positive,strong,True,True,False,False,False,False,False,1,1,0,0,0,0,0,5.0,2017-03-24T00:00:00+00:00
goodreads_you,book_604baa7d79c8ca6b,work_68618b5eb5c9e427,1,unknown,unknown,unknown,False,False,False,False,False,False,False,0,0,0,0,0,0,0,0.0,
goodreads_you,book_61e30a4eca8bf6af,work_7a1c7cb21684aeb7,1,to_read,exposure_only,exposure,False,False,False,True,True,False,False,0,0,0,1,1,0,0,0.0,
goodreads_you,book_620da205f9b1590b,work_0db2eb0ef3c2c9bd,1,currently_reading,exposure_only,exposure,False,False,False,True,False,True,False,0,0,0,1,0,1,0,0.0,
goodreads_you,book_628d6b0094e26533,work_5124316f57c94354,1,read,positive,strong,True,True,False,False,False,False,False,1,1,0,0,0,0,0,3.0,2020-12-19T00:00:00+00:00
goodreads_you,book_63b0136726dc7eef,work_2e73a7f1552233d0,1,unknown,unknown,unknown,False,False,False,False,False,False,False,0,0,0,0,0,0,0,0.0,
goodreads_you,book_63cd4d4351e2539b,work_a47724f785fc31bc,1,to_read,exposure_only,exposure,False,False,False,True,True,False,False,0,0,0,1,1,0,0,0.0,
goodreads_you,book_65bd52721c185a7b,work_28397c1162cb6da1,1,to_read,exposure_only,exposure,False,False,False,True,True,False,False,0,0,0,1,1,0,0,0.0,
goodreads_you,book_66898b4cc15196dc,work_07f34ab84d9e1805,1,to_read,exposure_only,exposure,False,False,False,True,True,False,False,0,0,0,1,1,0,0,0.0,
goodreads_you,book_67d53299feaeb106,work_d361934bbd077ea4,1,read,positive,strong,True,True,False,False,False,False,False,1,1,0,0,0,0,0,5.0,2026-08-24T00:00:00+00:00
goodreads_you,book_6822efd68ae9430a,work_49b14984732d8907,1,currently_reading,exposure_only,exposure,False,False,False,True,False,True,False,0,0,0,1,0,1,0,0.0,
goodreads_you,book_68b57d9ef533db6e,work_05874a8ae503a7ef,1,read,positive,strong,True,True,False,False,False,False,False,1,1,0,0,0,0,0,3.0,
goodreads_you,book_68e30d4a5794fbe7,work_25eed7dc219faf99,1,unknown,unknown,unknown,False,False,False,False,False,False,False,0,0,0,0,0,0,0,0.0,
goodreads_you,book_6ad2d658c8c96c8d,work_be6e257d29f8cb3b,1,read,positive,strong,True,True,False,False,False,False,False,1,1,0,0,0,0,0,3.0,2026-03-31T00:00:00+00:00
goodreads_you,book_6af3543a827d0cf8,work_4f1ecd3200ae60dd,1,to_read,exposure_only,exposure,False,False,False,True,True,False,False,0,0,0,1,1,0,0,0.0,
goodreads_you,book_6b172b4561ad78ff,work_5e21fbcad8cc1211,1,to_read,exposure_only,exposure,False,False,False,True,True,False,False,0,0,0,1,1,0,0,0.0,
goodreads_you,book_6ec6a712be10ab89,work_79949d7a1df0752f,1,to_read,exposure_only,exposure,False,False,False,True,True,False,False,0,0,0,1,1,0,0,0.0,
goodreads_you,book_6f6be0f5c759c646,work_5f6df56428c2edf3,1,read,positive,strong,True,True,False,False,False,False,False,1,1,0,0,0,0,0,4.0,2026-08-30T00:00:00+00:00
goodreads_you,book_70d9e0ba6444d066,work_a48ca98078ad9172,1,to_read,exposure_only,exposure,False,False,False,True,True,False,False,0,0,0,1,1,0,0,0.0,
goodreads_you,book_70fe20aed247128e,work_faa84418f472b599,1,to_read,exposure_only,exposure,False,False,False,True,True,False,False,0,0,0,1,1,0,0,0.0,
goodreads_you,book_711d90ab7c47b439,work_18a2573605788a0d,1,to_read,exposure_only,exposure,False,False,False,True,True,False,False,0,0,0,1,1,0,0,0.0,
goodreads_you,book_7162f5988c8f71b3,work_617b4b7544d25dc2,1,to_read,exposure_only,exposure,False,False,False,True,True,False,False,0,0,0,1,1,0,0,0.0,
goodreads_you,book_7197edfdfb686718,work_92af246d6b7008c1,1,read,positive,strong,True,True,False,False,False,False,False,1,1,0,0,0,0,0,5.0,2017-08-04T00:00:00+00:00
goodreads_you,book_71ef049a203b81e9,work_61a9ff11ef3c31dc,1,read,positive,strong,True,True,False,False,False,False,False,1,1,0,0,0,0,0,4.0,2026-06-06T00:00:00+00:00
goodreads_you,book_7224837f12d1492e,work_f4c8488adc5c5a78,1,read,positive,strong,True,True,False,False,False,False,False,1,1,0,0,0,0,0,5.0,2026-07-08T00:00:00+00:00
goodreads_you,book_72a1ed24c8435d32,work_0980dc057ff6ccfc,1,to_read,exposure_only,exposure,False,False,False,True,True,False,False,0,0,0,1,1,0,0,0.0,
goodreads_you,book_7305e25cd7a9ba8d,work_97e9335ecf7460f3,1,read,read_without_preference,moderate,True,False,False,False,False,False,False,1,0,0,0,0,0,0,0.0,2026-05-11T00:00:00+00:00
goodreads_you,book_7405085f44c50587,work_668b99ccb0c7eec7,1,to_read,exposure_only,exposure,False,False,False,True,True,False,False,0,0,0,1,1,0,0,0.0,
goodreads_you,book_76771628360ec535,work_8a06282e0053bf80,1,to_read,exposure_only,exposure,False,False,False,True,True,False,False,0,0,0,1,1,0,0,0.0,
goodreads_you,book_77284fd53074afb6,work_827980c37856cf71,1,to_read,exposure_only,exposure,False,False,False,True,True,False,False,0,0,0,1,1,0,0,0.0,
goodreads_you,book_779195f7189ab47f,work_2b88bc910bc3495a,1,to_read,exposure_only,exposure,False,False,False,True,True,False,False,0,0,0,1,1,0,0,0.0,
goodreads_you,book_77bdf22d5e1bd9b1,work_d388dd2b06136139,1,read,positive,strong,True,True,False,False,False,False,False,1,1,0,0,0,0,0,5.0,2026-05-12T00:00:00+00:00
goodreads_you,book_77d176cc90c0bc53,work_b3cc48c7bb1ea01a,1,to_read,exposure_only,exposure,False,False,False,True,True,False,False,0,0,0,1,1,0,0,0.0,
goodreads_you,book_77efea1bc0690ac5,work_b86555324ed6fa2e,1,read,positive,strong,True,True,False,False,False,False,False,1,1,0,0,0,0,0,5.0,
goodreads_you,book_78475b642d873df3,work_2fb0658399774080,1,to_read,exposure_only,exposure,False,False,False,True,True,False,False,0,0,0,1,1,0,0,0.0,
goodreads_you,book_784ee0abc758ea4a,work_d3271ad3cb2eb354,1,to_read,exposure_only,exposure,False,False,False,True,True,False,False,0,0,0,1,1,0,0,0.0,
goodreads_you,book_78f9698ad059050a,work_3ca6bb933a383b30,1,read,positive,strong,True,True,False,False,False,False,False,1,1,0,0,0,0,0,5.0,
goodreads_you,book_79a380ff5b4cc846,work_d4cf6414beeb4b2c,1,to_read,exposure_only,exposure,False,False,False,True,True,False,False,0,0,0,1,1,0,0,0.0,
goodreads_you,book_79e0004998728910,work_efc2ae129252f8d7,1,to_read,exposure_only,exposure,False,False,False,True,True,False,False,0,0,0,1,1,0,0,0.0,
goodreads_you,book_7a457d5b2a87ed0c,work_a10a26ba6956644c,1,to_read,exposure_only,exposure,False,False,False,True,True,False,False,0,0,0,1,1,0,0,0.0,
goodreads_you,book_7b53293351d8a1e5,work_1bbd24dd0ba73ed0,1,to_read,exposure_only,exposure,False,False,False,True,True,False,False,0,0,0,1,1,0,0,0.0,
goodreads_you,book_7bc06b58e51df9f6,work_b00bdfe7840dc65f,1,read,positive,strong,True,True,False,False,False,False,False,1,1,0,0,0,0,0,4.0,2017-05-16T00:00:00+00:00
goodreads_you,book_7c9d1f4279bc3229,work_22ca760c3e5cd6dd,1,read,positive,strong,True,True,False,False,False,False,False,1,1,0,0,0,0,0,4.0,
goodreads_you,book_7debde1993d76224,work_472026623a3606b5,1,to_read,exposure_only,exposure,False,False,False,True,True,False,False,0,0,0,1,1,0,0,0.0,
goodreads_you,book_7e43f906dc531695,work_588e0fb25c74af9b,1,to_read,exposure_only,exposure,False,False,False,True,True,False,False,0,0,0,1,1,0,0,0.0,
goodreads_you,book_7f347537331fdefe,work_149a17d381626c2c,1,to_read,exposure_only,exposure,False,False,False,True,True,False,False,0,0,0,1,1,0,0,0.0,
goodreads_you,book_80e8c1db6da5ebbd,work_ff2c8726670905ad,1,read,positive,strong,True,True,False,False,False,False,False,1,1,0,0,0,0,0,5.0,2026-07-25T00:00:00+00:00
goodreads_you,book_81044819e64ccd02,work_03c90ada660c0467,1,to_read,exposure_only,exposure,False,False,False,True,True,False,False,0,0,0,1,1,0,0,0.0,
goodreads_you,book_8121f75479b6ea4e,work_07798726e9537d61,1,to_read,exposure_only,exposure,False,False,False,True,True,False,False,0,0,0,1,1,0,0,0.0,
goodreads_you,book_82f50051ad389b36,work_12a1b3b860faf295,1,read,positive,strong,True,True,False,False,False,False,False,1,1,0,0,0,0,0,5.0,
goodreads_you,book_833ac806de11eed7,work_9cbcc6b1bcd9bf5b,1,to_read,exposure_only,exposure,False,False,False,True,True,False,False,0,0,0,1,1,0,0,0.0,
goodreads_you,book_85492c05de7c62b3,work_41ecce9ef0518275,1,to_read,exposure_only,exposure,False,False,False,True,True,False,False,0,0,0,1,1,0,0,0.0,
goodreads_you,book_874aa6745537d33f,work_cedb16bbe13742bd,1,read,positive,strong,True,True,False,False,False,False,False,1,1,0,0,0,0,0,4.0,2026-03-31T00:00:00+00:00
goodreads_you,book_879a9bf1007aaddb,work_845352a19948fec7,1,unknown,unknown,unknown,False,False,False,False,False,False,False,0,0,0,0,0,0,0,0.0,
goodreads_you,book_88321317b4aeb354,work_ebea371bfcc50f7e,1,to_read,exposure_only,exposure,False,False,False,True,True,False,False,0,0,0,1,1,0,0,0.0,
goodreads_you,book_897304c6071a156f,work_b57ca247ba089c74,1,to_read,exposure_only,exposure,False,False,False,True,True,False,False,0,0,0,1,1,0,0,0.0,
goodreads_you,book_89d945fe64f3d937,work_32f828b14fc1ee1d,1,read,positive,strong,True,True,False,False,False,False,False,1,1,0,0,0,0,0,5.0,2026-05-24T00:00:00+00:00
goodreads_you,book_89fb96b30a5389e4,work_d34b76ceefc773dd,1,read,positive,strong,True,True,False,False,False,False,False,1,1,0,0,0,0,0,5.0,2026-02-02T00:00:00+00:00
goodreads_you,book_8a5f464d06acf324,work_52040de3ddf9c103,1,unknown,unknown,unknown,False,False,False,False,False,False,False,0,0,0,0,0,0,0,0.0,
goodreads_you,book_8a6d199715e0c78a,work_6a60eb186792c347,1,read,positive,strong,True,True,False,False,False,False,False,1,1,0,0,0,0,0,5.0,2026-05-31T00:00:00+00:00
goodreads_you,book_8ac4a57d2ae9dfca,work_b0aca5306f7a1eda,1,to_read,exposure_only,exposure,False,False,False,True,True,False,False,0,0,0,1,1,0,0,0.0,
goodreads_you,book_8af02659a8dbce5d,work_ddfb5809d76afb6d,1,read,positive,strong,True,True,False,False,False,False,False,1,1,0,0,0,0,0,5.0,2026-07-17T00:00:00+00:00
goodreads_you,book_8af39c8f41ee0de1,work_76f1a4e6807de128,1,read,positive,strong,True,True,False,False,False,False,False,1,1,0,0,0,0,0,5.0,2026-06-04T00:00:00+00:00
goodreads_you,book_8cc6904f3fbd0204,work_93700d030c1d25a2,1,read,positive,strong,True,True,False,False,False,False,False,1,1,0,0,0,0,0,5.0,
goodreads_you,book_8e7a268429749153,work_3c02b4f9dac61b2c,1,read,positive,strong,True,True,False,False,False,False,False,1,1,0,0,0,0,0,4.0,2026-01-31T00:00:00+00:00
goodreads_you,book_8e90476e8a5a5b58,work_8a9fd719f0a5fb40,1,to_read,exposure_only,exposure,False,False,False,True,True,False,False,0,0,0,1,1,0,0,0.0,
goodreads_you,book_8ea0c37192317a9c,work_e47034b49e2963e1,1,to_read,exposure_only,exposure,False,False,False,True,True,False,False,0,0,0,1,1,0,0,0.0,
goodreads_you,book_8f31a6915f490c54,work_f2e8610068d047f2,1,to_read,exposure_only,exposure,False,False,False,True,True,False,False,0,0,0,1,1,0,0,0.0,
goodreads_you,book_8ff956ac6c74726e,work_69990eb328b0f86f,1,to_read,exposure_only,exposure,False,False,False,True,True,False,False,0,0,0,1,1,0,0,0.0,
goodreads_you,book_90f4824e2b24783c,work_8e6d05e384d7ee50,1,to_read,exposure_only,exposure,False,False,False,True,True,False,False,0,0,0,1,1,0,0,0.0,
goodreads_you,book_9154a34d1fc15343,work_392f56c36cc48edb,1,read,positive,strong,True,True,False,False,False,False,False,1,1,0,0,0,0,0,5.0,2020-10-24T00:00:00+00:00
goodreads_you,book_91c2e938d4b6cbd2,work_9864867e6e882459,1,to_read,exposure_only,exposure,False,False,False,True,True,False,False,0,0,0,1,1,0,0,0.0,
goodreads_you,book_91e44bb0177c5997,work_579fd08a1d21b700,1,to_read,exposure_only,exposure,False,False,False,True,True,False,False,0,0,0,1,1,0,0,0.0,
goodreads_you,book_91fdb4c138f76850,work_041503aff897dae6,1,to_read,exposure_only,exposure,False,False,False,True,True,False,False,0,0,0,1,1,0,0,0.0,
goodreads_you,book_9277307114ca36ab,work_ed894967c24a9a64,1,to_read,exposure_only,exposure,False,False,False,True,True,False,False,0,0,0,1,1,0,0,0.0,
goodreads_you,book_92a0dc085495b6dc,work_393345978f274af9,1,unknown,unknown,unknown,False,False,False,False,False,False,False,0,0,0,0,0,0,0,0.0,
goodreads_you,book_93593d34a4c5c28b,work_1966e809ac8b6ad7,1,to_read,exposure_only,exposure,False,False,False,True,True,False,False,0,0,0,1,1,0,0,0.0,
goodreads_you,book_9425f40f3ed52a0d,work_a282d57512284058,1,to_read,exposure_only,exposure,False,False,False,True,True,False,False,0,0,0,1,1,0,0,0.0,
goodreads_you,book_9549d11ab01e88d8,work_ca9928fe2629cc19,1,read,negative,negative,True,False,True,False,False,False,False,1,0,1,0,0,0,0,2.0,2026-07-14T00:00:00+00:00
goodreads_you,book_954b6240d1198588,work_836e4223a701474a,1,to_read,exposure_only,exposure,False,False,False,True,True,False,False,0,0,0,1,1,0,0,0.0,
goodreads_you,book_955bacdb82a7e521,work_09d3190d95fbc15d,1,to_read,exposure_only,exposure,False,False,False,True,True,False,False,0,0,0,1,1,0,0,0.0,
goodreads_you,book_95c3f48ac760a9fd,work_c9e554bae4ce7df0,1,read,positive,strong,True,True,False,False,False,False,False,1,1,0,0,0,0,0,5.0,2017-09-09T00:00:00+00:00
goodreads_you,book_9626d50157537ac7,work_6184cf239e864473,1,to_read,exposure_only,exposure,False,False,False,True,True,False,False,0,0,0,1,1,0,0,0.0,
goodreads_you,book_963922ba71c3cdca,work_6382334bc4e35105,1,to_read,exposure_only,exposure,False,False,False,True,True,False,False,0,0,0,1,1,0,0,0.0,
goodreads_you,book_977c9a4ec61a44bd,work_923191b74a4541a0,1,read,positive,strong,True,True,False,False,False,False,False,1,1,0,0,0,0,0,4.0,
goodreads_you,book_97cb34d4c326268e,work_40e7625c265406a2,1,unknown,unknown,unknown,False,False,False,False,False,False,False,0,0,0,0,0,0,0,0.0,
goodreads_you,book_989353140568bae3,work_451416e9ac9d0004,1,to_read,exposure_only,exposure,False,False,False,True,True,False,False,0,0,0,1,1,0,0,0.0,
goodreads_you,book_9a02cb5f643c45df,work_1fdfba495e8e0427,1,read,positive,strong,True,True,False,False,False,False,False,1,1,0,0,0,0,0,4.0,2017-04-17T00:00:00+00:00
goodreads_you,book_9a6e3f97384a91ca,work_8163a388fb1560e1,1,read,positive,strong,True,True,False,False,False,False,False,1,1,0,0,0,0,0,5.0,2026-08-05T00:00:00+00:00
goodreads_you,book_9af09e7d1785b5cd,work_0fa29a009da95fa2,1,to_read,exposure_only,exposure,False,False,False,True,True,False,False,0,0,0,1,1,0,0,0.0,
goodreads_you,book_9b7e9310c31df95b,work_dee9b21ab156c7dd,1,read,positive,strong,True,True,False,False,False,False,False,1,1,0,0,0,0,0,5.0,2026-03-20T00:00:00+00:00
goodreads_you,book_9ba69a443c7383a4,work_71a4ac92ef1fe460,1,read,positive,strong,True,True,False,False,False,False,False,1,1,0,0,0,0,0,5.0,2026-09-11T00:00:00+00:00
goodreads_you,book_9c3563e3625c39ee,work_c6729fb705a033b2,1,to_read,exposure_only,exposure,False,False,False,True,True,False,False,0,0,0,1,1,0,0,0.0,
goodreads_you,book_9dbce02985a942b7,work_15b7b597cedcb375,1,to_read,exposure_only,exposure,False,False,False,True,True,False,False,0,0,0,1,1,0,0,0.0,
goodreads_you,book_9e37408b82798f63,work_0389abc61e8c9388,1,to_read,exposure_only,exposure,False,False,False,True,True,False,False,0,0,0,1,1,0,0,0.0,
goodreads_you,book_9f87db2940019435,work_d1ad91d3e949d317,1,to_read,exposure_only,exposure,False,False,False,True,True,False,False,0,0,0,1,1,0,0,0.0,
goodreads_you,book_9fbfd52ea619da84,work_262cc738ddcf0718,1,read,positive,strong,True,True,False,False,False,False,False,1,1,0,0,0,0,0,5.0,
goodreads_you,book_9fc94f30401d6055,work_8680079d6a79324a,1,to_read,exposure_only,exposure,False,False,False,True,True,False,False,0,0,0,1,1,0,0,0.0,
goodreads_you,book_a00b62a951332064,work_90197a5be5a4530a,1,to_read,exposure_only,exposure,False,False,False,True,True,False,False,0,0,0,1,1,0,0,0.0,
goodreads_you,book_a16de6405c62e340,work_f61b77e88052c46b,1,to_read,exposure_only,exposure,False,False,False,True,True,False,False,0,0,0,1,1,0,0,0.0,
goodreads_you,book_a182ab6c4b0fc5df,work_cb1be954d9ebe8ee,1,to_read,exposure_only,exposure,False,False,False,True,True,False,False,0,0,0,1,1,0,0,0.0,
goodreads_you,book_a210090a90df2ac7,work_56e0b4679f7b07e6,1,to_read,exposure_only,exposure,False,False,False,True,True,False,False,0,0,0,1,1,0,0,0.0,
goodreads_you,book_a302d28d8b3d5bc3,work_3ff0d18aa7fca69a,1,read,positive,strong,True,True,False,False,False,False,False,1,1,0,0,0,0,0,4.0,2026-04-24T00:00:00+00:00
goodreads_you,book_a55e83d5dc277dc1,work_aa182339173ec036,1,to_read,exposure_only,exposure,False,False,False,True,True,False,False,0,0,0,1,1,0,0,0.0,
goodreads_you,book_a5af3329593d0e1f,work_000ea8c1b671724e,1,to_read,exposure_only,exposure,False,False,False,True,True,False,False,0,0,0,1,1,0,0,0.0,
goodreads_you,book_a6142314f8d9b631,work_aee485922b86c9c7,1,to_read,exposure_only,exposure,False,False,False,True,True,False,False,0,0,0,1,1,0,0,0.0,
goodreads_you,book_a6b1b8a75d6e0a64,work_6b3cf7420fe9e7d0,1,to_read,exposure_only,exposure,False,False,False,True,True,False,False,0,0,0,1,1,0,0,0.0,
goodreads_you,book_a7558fd8c799dfb5,work_21d8c13249a966cf,1,to_read,exposure_only,exposure,False,False,False,True,True,False,False,0,0,0,1,1,0,0,0.0,
goodreads_you,book_a7767e1adf07d916,work_ee0ea42615ae395a,1,read,positive,strong,True,True,False,False,False,False,False,1,1,0,0,0,0,0,5.0,2026-08-24T00:00:00+00:00
goodreads_you,book_a79db0c0411f5859,work_5464dcd4f21176c9,1,read,positive,strong,True,True,False,False,False,False,False,1,1,0,0,0,0,0,5.0,
goodreads_you,book_a8f16e48461f58b6,work_10b911be74982e86,1,to_read,exposure_only,exposure,False,False,False,True,True,False,False,0,0,0,1,1,0,0,0.0,
goodreads_you,book_ac62a8b976291a6a,work_3f8fa6f8ba59075d,1,to_read,exposure_only,exposure,False,False,False,True,True,False,False,0,0,0,1,1,0,0,0.0,
goodreads_you,book_ac6e20ca08e53ba2,work_c1e8c1404dc164bd,1,read,positive,strong,True,True,False,False,False,False,False,1,1,0,0,0,0,0,4.0,2026-02-13T00:00:00+00:00
goodreads_you,book_ad3e317705b33981,work_183625ee623554da,1,to_read,exposure_only,exposure,False,False,False,True,True,False,False,0,0,0,1,1,0,0,0.0,
goodreads_you,book_ad6bf828c126ed15,work_d751d3cf48f24fef,1,to_read,exposure_only,exposure,False,False,False,True,True,False,False,0,0,0,1,1,0,0,0.0,
goodreads_you,book_ae523b4955c369f7,work_25739b4e27c73e25,1,read,positive,strong,True,True,False,False,False,False,False,1,1,0,0,0,0,0,4.0,2020-05-01T00:00:00+00:00
goodreads_you,book_aeea12a5073462e4,work_d88be2271ef7f515,1,to_read,exposure_only,exposure,False,False,False,True,True,False,False,0,0,0,1,1,0,0,0.0,
goodreads_you,book_b3a81164a91d26cd,work_ce8723fa7a28cd31,1,to_read,exposure_only,exposure,False,False,False,True,True,False,False,0,0,0,1,1,0,0,0.0,
goodreads_you,book_b45b6664e0c12db2,work_3723e35a3a1f0648,1,read,positive,strong,True,True,False,False,False,False,False,1,1,0,0,0,0,0,5.0,2026-02-01T00:00:00+00:00
goodreads_you,book_b46bfd143e982f62,work_39b97e0edee0eaca,1,currently_reading,exposure_only,exposure,False,False,False,True,False,True,False,0,0,0,1,0,1,0,0.0,
goodreads_you,book_b52ee3a0dc9985c2,work_cf76aa45c406da53,1,to_read,exposure_only,exposure,False,False,False,True,True,False,False,0,0,0,1,1,0,0,0.0,
goodreads_you,book_b534066e96b7ead0,work_64050b56257e7f95,1,to_read,exposure_only,exposure,False,False,False,True,True,False,False,0,0,0,1,1,0,0,0.0,
goodreads_you,book_b5c3f75ef28965fb,work_440e3d132a1162cd,1,read,positive,strong,True,True,False,False,False,False,False,1,1,0,0,0,0,0,5.0,
goodreads_you,book_b5efd02a62ce5fa3,work_ffcdb58b3d9e5e3f,1,to_read,exposure_only,exposure,False,False,False,True,True,False,False,0,0,0,1,1,0,0,0.0,
goodreads_you,book_b5f311e829de6747,work_b91c53dcbe087189,1,unknown,unknown,unknown,False,False,False,False,False,False,False,0,0,0,0,0,0,0,0.0,
goodreads_you,book_b6211d915da6d6d8,work_da83d5e66842ef9a,1,to_read,exposure_only,exposure,False,False,False,True,True,False,False,0,0,0,1,1,0,0,0.0,
goodreads_you,book_b6392dc0f4d4f0f8,work_3116a44df2b73df4,1,read,negative,negative,True,False,True,False,False,False,False,1,0,1,0,0,0,0,2.0,
goodreads_you,book_b69dc10ca2f32a58,work_c4aebc92f30a199e,1,read,positive,strong,True,True,False,False,False,False,False,1,1,0,0,0,0,0,5.0,2026-02-08T00:00:00+00:00
goodreads_you,book_ba5271d17778ba06,work_145c74af62374f2f,1,to_read,exposure_only,exposure,False,False,False,True,True,False,False,0,0,0,1,1,0,0,0.0,
goodreads_you,book_bab6a2968202172b,work_56a1f99549a7b476,1,read,positive,strong,True,True,False,False,False,False,False,1,1,0,0,0,0,0,5.0,2026-03-05T00:00:00+00:00
goodreads_you,book_bbfbd0973119b896,work_b3f2756bf151f37b,1,to_read,exposure_only,exposure,False,False,False,True,True,False,False,0,0,0,1,1,0,0,0.0,
goodreads_you,book_bd443409a79d5a70,work_cc16eaaa4d2b2efe,1,read,positive,strong,True,True,False,False,False,False,False,1,1,0,0,0,0,0,4.0,2020-11-02T00:00:00+00:00
goodreads_you,book_be18f83a9c029246,work_88e51dc6964fd903,1,read,positive,strong,True,True,False,False,False,False,False,1,1,0,0,0,0,0,5.0,2017-01-20T00:00:00+00:00
goodreads_you,book_be51f1878d5a85b7,work_5a0c4d3db286e38a,1,to_read,exposure_only,exposure,False,False,False,True,True,False,False,0,0,0,1,1,0,0,0.0,
goodreads_you,book_c07037c791d5e0ea,work_38d3cba2c3277c82,1,to_read,exposure_only,exposure,False,False,False,True,True,False,False,0,0,0,1,1,0,0,0.0,
goodreads_you,book_c1d585ca6bcc4480,work_75fc9be18c98e591,1,to_read,exposure_only,exposure,False,False,False,True,True,False,False,0,0,0,1,1,0,0,0.0,
goodreads_you,book_c26e36ad07272ab3,work_f613c6bbd5b61b8b,1,read,positive,strong,True,True,False,False,False,False,False,1,1,0,0,0,0,0,5.0,
goodreads_you,book_c296d401243db765,work_bd66b2fa1c147e0d,1,read,positive,strong,True,True,False,False,False,False,False,1,1,0,0,0,0,0,5.0,2026-08-05T00:00:00+00:00
goodreads_you,book_c2a11b11718ed85e,work_e9e5f88fc64e660a,1,to_read,exposure_only,exposure,False,False,False,True,True,False,False,0,0,0,1,1,0,0,0.0,
goodreads_you,book_c2f67f099c04f8f8,work_df093e2c63ddd504,1,read,positive,strong,True,True,False,False,False,False,False,1,1,0,0,0,0,0,5.0,2026-04-14T00:00:00+00:00
goodreads_you,book_c33785a071acac50,work_077bf0545318d761,1,to_read,exposure_only,exposure,False,False,False,True,True,False,False,0,0,0,1,1,0,0,0.0,
goodreads_you,book_c33ec4db42f2af1b,work_b0238a3aab757462,1,to_read,exposure_only,exposure,False,False,False,True,True,False,False,0,0,0,1,1,0,0,0.0,
goodreads_you,book_c5244cb08c811908,work_0fa4184f351cfe35,1,to_read,exposure_only,exposure,False,False,False,True,True,False,False,0,0,0,1,1,0,0,0.0,
goodreads_you,book_c567ed2866508aad,work_53e564a6ebb5da2c,1,read,positive,strong,True,True,False,False,False,False,False,1,1,0,0,0,0,0,3.0,
goodreads_you,book_c5fd0142da05181c,work_4786ac9f9cc98f35,1,read,positive,strong,True,True,False,False,False,False,False,1,1,0,0,0,0,0,5.0,2020-03-28T00:00:00+00:00
goodreads_you,book_c755289b79be6865,work_6d785d6c45bd2aa3,1,to_read,exposure_only,exposure,False,False,False,True,True,False,False,0,0,0,1,1,0,0,0.0,
goodreads_you,book_c7fedf99648299b9,work_0819f94cffb42677,1,read,positive,strong,True,True,False,False,False,False,False,1,1,0,0,0,0,0,5.0,2020-08-01T00:00:00+00:00
goodreads_you,book_c84fccadf76f5d15,work_cdf06d77ff750e77,1,to_read,exposure_only,exposure,False,False,False,True,True,False,False,0,0,0,1,1,0,0,0.0,
goodreads_you,book_c93460e7401f98f4,work_90fbe697c28c5fa9,1,to_read,exposure_only,exposure,False,False,False,True,True,False,False,0,0,0,1,1,0,0,0.0,
goodreads_you,book_ca5c4a4fd8bc3895,work_5cc9725d38d65d0f,1,to_read,exposure_only,exposure,False,False,False,True,True,False,False,0,0,0,1,1,0,0,0.0,
goodreads_you,book_ca6482d46f0e7b10,work_1dee46530e6a90ce,1,unknown,unknown,unknown,False,False,False,False,False,False,False,0,0,0,0,0,0,0,0.0,
goodreads_you,book_cc4d0bb38988c178,work_1457af897b179132,1,to_read,exposure_only,exposure,False,False,False,True,True,False,False,0,0,0,1,1,0,0,0.0,
goodreads_you,book_cc9c07d0da4d0d09,work_791dd401db5ab0dc,1,to_read,exposure_only,exposure,False,False,False,True,True,False,False,0,0,0,1,1,0,0,0.0,
goodreads_you,book_ce15914a8b560382,work_50a1de9dc3ffeaba,1,to_read,exposure_only,exposure,False,False,False,True,True,False,False,0,0,0,1,1,0,0,0.0,
goodreads_you,book_ce21a668fb994a22,work_d4b51da9d08279ba,1,to_read,exposure_only,exposure,False,False,False,True,True,False,False,0,0,0,1,1,0,0,0.0,
goodreads_you,book_ce5b1dacb41ccf4e,work_985c0bdef4af1788,1,to_read,exposure_only,exposure,False,False,False,True,True,False,False,0,0,0,1,1,0,0,0.0,
goodreads_you,book_cedb20c2b9dd31ee,work_6bf500cbd9993728,1,to_read,exposure_only,exposure,False,False,False,True,True,False,False,0,0,0,1,1,0,0,0.0,
goodreads_you,book_cf59f0d729dc577c,work_dec34e0d09d026e2,1,to_read,exposure_only,exposure,False,False,False,True,True,False,False,0,0,0,1,1,0,0,0.0,
goodreads_you,book_cf7de9679c46c62e,work_dbdba3f5039e7f51,1,to_read,exposure_only,exposure,False,False,False,True,True,False,False,0,0,0,1,1,0,0,0.0,
goodreads_you,book_cfb529df7418b7c9,work_482bb9c4ee68388a,1,to_read,exposure_only,exposure,False,False,False,True,True,False,False,0,0,0,1,1,0,0,0.0,
goodreads_you,book_d0a25ed0805c817b,work_e56c69bbd645a83b,1,read,positive,strong,True,True,False,False,False,False,False,1,1,0,0,0,0,0,4.0,2026-04-11T00:00:00+00:00
goodreads_you,book_d14fa6eafac0a260,work_cc0cdeb74ef9339c,1,to_read,exposure_only,exposure,False,False,False,True,True,False,False,0,0,0,1,1,0,0,0.0,
goodreads_you,book_d19cb17ee489858c,work_b0030b53b60f9fab,1,to_read,exposure_only,exposure,False,False,False,True,True,False,False,0,0,0,1,1,0,0,0.0,
goodreads_you,book_d1b4d9be0ddef234,work_bcae89cdac43a58a,1,to_read,exposure_only,exposure,False,False,False,True,True,False,False,0,0,0,1,1,0,0,0.0,
goodreads_you,book_d1ca1e362ac53853,work_d1b39732acb1b3b8,1,to_read,exposure_only,exposure,False,False,False,True,True,False,False,0,0,0,1,1,0,0,0.0,
goodreads_you,book_d23aac60fe2565c9,work_b774350acbeba6f0,1,to_read,exposure_only,exposure,False,False,False,True,True,False,False,0,0,0,1,1,0,0,0.0,
goodreads_you,book_d3ffc76867e34f9f,work_4f4fce3c94ab6ef2,1,to_read,exposure_only,exposure,False,False,False,True,True,False,False,0,0,0,1,1,0,0,0.0,
goodreads_you,book_d423bf6007e061df,work_48652b0b66c57cc9,1,to_read,exposure_only,exposure,False,False,False,True,True,False,False,0,0,0,1,1,0,0,0.0,
goodreads_you,book_d452ad414f412707,work_0c99a32cb6674328,1,to_read,exposure_only,exposure,False,False,False,True,True,False,False,0,0,0,1,1,0,0,0.0,
goodreads_you,book_d561215712081648,work_5054ac49706e0a3e,1,to_read,exposure_only,exposure,False,False,False,True,True,False,False,0,0,0,1,1,0,0,0.0,
goodreads_you,book_d5def60f5f30f6b6,work_6b249aadfcc15d6a,1,to_read,exposure_only,exposure,False,False,False,True,True,False,False,0,0,0,1,1,0,0,0.0,
goodreads_you,book_d617495db1e5b7f9,work_d03cd90bd5e883c8,1,to_read,exposure_only,exposure,False,False,False,True,True,False,False,0,0,0,1,1,0,0,0.0,
goodreads_you,book_d69a9d4b2ba39371,work_c3137b1248ac3bb9,1,to_read,exposure_only,exposure,False,False,False,True,True,False,False,0,0,0,1,1,0,0,0.0,
goodreads_you,book_d6d0c925d5d8d17c,work_3c99f4358d43ace0,1,read,positive,strong,True,True,False,False,False,False,False,1,1,0,0,0,0,0,5.0,2026-07-01T00:00:00+00:00
goodreads_you,book_d738a5470034d4c8,work_36805bad987a7be9,1,unknown,unknown,unknown,False,False,False,False,False,False,False,0,0,0,0,0,0,0,0.0,
goodreads_you,book_d742f7a26d4c72d9,work_d760e21b3d09b7cf,1,unknown,unknown,unknown,False,False,False,False,False,False,False,0,0,0,0,0,0,0,0.0,
goodreads_you,book_d77ca18c138bb848,work_31979f5739e1edac,1,read,positive,strong,True,True,False,False,False,False,False,1,1,0,0,0,0,0,5.0,2026-05-26T00:00:00+00:00
goodreads_you,book_d8234f7cd8bd0504,work_ed0b42837e531ccd,1,to_read,exposure_only,exposure,False,False,False,True,True,False,False,0,0,0,1,1,0,0,0.0,
goodreads_you,book_d89052e4e6544ad3,work_0e2720e1e11d6fb9,1,to_read,exposure_only,exposure,False,False,False,True,True,False,False,0,0,0,1,1,0,0,0.0,
goodreads_you,book_d8b346d31467ad19,work_ae46e69e8b019648,1,read,positive,strong,True,True,False,False,False,False,False,1,1,0,0,0,0,0,4.0,2026-08-28T00:00:00+00:00
goodreads_you,book_d8cf3f4d55577bff,work_bbf7a72453165035,1,read,positive,strong,True,True,False,False,False,False,False,1,1,0,0,0,0,0,4.0,2026-07-01T00:00:00+00:00
goodreads_you,book_d8ea1bb7f535a4e8,work_372bd9a9dd0bbb0b,1,to_read,exposure_only,exposure,False,False,False,True,True,False,False,0,0,0,1,1,0,0,0.0,
goodreads_you,book_d932d7fe8140c685,work_46f500270b5afa3b,1,unknown,unknown,unknown,False,False,False,False,False,False,False,0,0,0,0,0,0,0,0.0,
goodreads_you,book_d9be51a80aac9769,work_8f3adaf26622a1af,1,to_read,exposure_only,exposure,False,False,False,True,True,False,False,0,0,0,1,1,0,0,0.0,
goodreads_you,book_db35d68f55a0a0e3,work_1ed0cd1d1fe827c9,1,to_read,exposure_only,exposure,False,False,False,True,True,False,False,0,0,0,1,1,0,0,0.0,
goodreads_you,book_db91a09cc9ae6ccc,work_2ea357c3b0f7245c,1,to_read,exposure_only,exposure,False,False,False,True,True,False,False,0,0,0,1,1,0,0,0.0,
goodreads_you,book_db9d523f74f9abe4,work_741bd13428501c37,1,to_read,exposure_only,exposure,False,False,False,True,True,False,False,0,0,0,1,1,0,0,0.0,
goodreads_you,book_dc319c95ecffee4f,work_8ee2834c4a970285,1,read,positive,strong,True,True,False,False,False,False,False,1,1,0,0,0,0,0,5.0,2020-03-29T00:00:00+00:00
goodreads_you,book_dd16b1826bde30e0,work_b7b6e6dc43a5cd5b,1,to_read,exposure_only,exposure,False,False,False,True,True,False,False,0,0,0,1,1,0,0,0.0,
goodreads_you,book_df4a1a11fe04f0ff,work_0c6b0bc98c988dcb,1,read,positive,strong,True,True,False,False,False,False,False,1,1,0,0,0,0,0,4.0,2026-06-23T00:00:00+00:00
goodreads_you,book_e145e68c5ae69265,work_67f73df4012bc237,1,to_read,exposure_only,exposure,False,False,False,True,True,False,False,0,0,0,1,1,0,0,0.0,
goodreads_you,book_e1d27fde0fd341a2,work_14cf782d1df83504,1,read,positive,strong,True,True,False,False,False,False,False,1,1,0,0,0,0,0,3.0,
goodreads_you,book_e1fe0b8eb66641aa,work_4a89cbf305b0e54d,1,to_read,exposure_only,exposure,False,False,False,True,True,False,False,0,0,0,1,1,0,0,0.0,
goodreads_you,book_e43c16396a52a705,work_425139fab00a387d,1,read,positive,strong,True,True,False,False,False,False,False,1,1,0,0,0,0,0,5.0,2026-03-16T00:00:00+00:00
goodreads_you,book_e442b4d390aa7bef,work_0299b6de4f74e818,1,to_read,exposure_only,exposure,False,False,False,True,True,False,False,0,0,0,1,1,0,0,0.0,
goodreads_you,book_e4d42e9f6736dbab,work_823182439de60023,1,to_read,exposure_only,exposure,False,False,False,True,True,False,False,0,0,0,1,1,0,0,0.0,
goodreads_you,book_e58c019b58688058,work_7a89e09f82e59651,1,to_read,exposure_only,exposure,False,False,False,True,True,False,False,0,0,0,1,1,0,0,0.0,
goodreads_you,book_e5e9f21197460267,work_b3361e0cc007c06f,1,to_read,exposure_only,exposure,False,False,False,True,True,False,False,0,0,0,1,1,0,0,0.0,
goodreads_you,book_e5ed67fd4e36755f,work_6dfcf71413990ebb,1,unknown,unknown,unknown,False,False,False,False,False,False,False,0,0,0,0,0,0,0,0.0,
goodreads_you,book_e70db38fca5ab4e2,work_56ff81b3e79243e0,1,to_read,exposure_only,exposure,False,False,False,True,True,False,False,0,0,0,1,1,0,0,0.0,
goodreads_you,book_e8cc4bdba13bdcc7,work_4b0e013af1b84466,1,unknown,unknown,unknown,False,False,False,False,False,False,False,0,0,0,0,0,0,0,0.0,
goodreads_you,book_ea9d5d77da172078,work_9adcd005fb0bbfe8,1,read,positive,strong,True,True,False,False,False,False,False,1,1,0,0,0,0,0,4.0,2020-10-06T00:00:00+00:00
goodreads_you,book_ebb9c7ab3c185f7c,work_f86c1471cd9bf7ac,1,unknown,unknown,unknown,False,False,False,False,False,False,False,0,0,0,0,0,0,0,0.0,
goodreads_you,book_ed5fdede20ba6f28,work_974281f6c864b33b,1,to_read,exposure_only,exposure,False,False,False,True,True,False,False,0,0,0,1,1,0,0,0.0,
goodreads_you,book_ed64709bdc8c63d0,work_6cec3a5af0fbd438,1,to_read,exposure_only,exposure,False,False,False,True,True,False,False,0,0,0,1,1,0,0,0.0,
goodreads_you,book_eed3b5c68b994acf,work_856c134a3a7233de,1,to_read,exposure_only,exposure,False,False,False,True,True,False,False,0,0,0,1,1,0,0,0.0,
goodreads_you,book_f09e45c488ca960a,work_c973e0ce6c8a68d9,1,to_read,exposure_only,exposure,False,False,False,True,True,False,False,0,0,0,1,1,0,0,0.0,
goodreads_you,book_f1102e42f55fe09e,work_3e9a56ae6e0c13d2,1,to_read,exposure_only,exposure,False,False,False,True,True,False,False,0,0,0,1,1,0,0,0.0,
goodreads_you,book_f1369ddf028f6d5d,work_1d977315472a62ac,1,to_read,exposure_only,exposure,False,False,False,True,True,False,False,0,0,0,1,1,0,0,0.0,
goodreads_you,book_f172d3e1964b147c,work_d93a240acff5912a,1,to_read,exposure_only,exposure,False,False,False,True,True,False,False,0,0,0,1,1,0,0,0.0,
goodreads_you,book_f1753f3e0054240f,work_eceb79324126af21,1,read,positive,strong,True,True,False,False,False,False,False,1,1,0,0,0,0,0,4.0,2020-09-26T00:00:00+00:00
goodreads_you,book_f1bfdde3019adf62,work_9acd63e3bdcec8cc,1,to_read,exposure_only,exposure,False,False,False,True,True,False,False,0,0,0,1,1,0,0,0.0,
goodreads_you,book_f1ed9e0ef1ce5866,work_344a50f157ef4dc3,1,read,negative,negative,True,False,True,False,False,False,False,1,0,1,0,0,0,0,2.0,
goodreads_you,book_f27c6e2e5c7634e5,work_e70f561c75deab0f,1,to_read,exposure_only,exposure,False,False,False,True,True,False,False,0,0,0,1,1,0,0,0.0,
goodreads_you,book_f295b355f2ad1087,work_d4699be72ce4e02e,1,to_read,exposure_only,exposure,False,False,False,True,True,False,False,0,0,0,1,1,0,0,0.0,
goodreads_you,book_f5958642d0c2e766,work_8b86d8be99bd2dd0,1,to_read,exposure_only,exposure,False,False,False,True,True,False,False,0,0,0,1,1,0,0,0.0,
goodreads_you,book_f5d842809a480176,work_8ed8e725bce579a6,1,read,positive,strong,True,True,False,False,False,False,False,1,1,0,0,0,0,0,4.0,2026-06-02T00:00:00+00:00
goodreads_you,book_f6181fba14fa40bc,work_731b745b5f510528,1,to_read,exposure_only,exposure,False,False,False,True,True,False,False,0,0,0,1,1,0,0,0.0,
goodreads_you,book_f76857abea816ee7,work_9b182f449d89ede9,1,to_read,exposure_only,exposure,False,False,False,True,True,False,False,0,0,0,1,1,0,0,0.0,
goodreads_you,book_f7cc03d4fc683c55,work_19462a1b08fd4055,1,read,positive,strong,True,True,False,False,False,False,False,1,1,0,0,0,0,0,5.0,2026-08-30T00:00:00+00:00
goodreads_you,book_fa8918a506603e50,work_d938ba2d1926b810,1,to_read,exposure_only,exposure,False,False,False,True,True,False,False,0,0,0,1,1,0,0,0.0,
goodreads_you,book_fabd28b25298febf,work_d61e55ee5c107e81,1,to_read,exposure_only,exposure,False,False,False,True,True,False,False,0,0,0,1,1,0,0,0.0,
goodreads_you,book_facbb33c3a110022,work_fdf32abbcf6645c0,1,to_read,exposure_only,exposure,False,False,False,True,True,False,False,0,0,0,1,1,0,0,0.0,
goodreads_you,book_fb030ca2d10f0bf8,work_0618dc1efadcebd0,1,read,read_without_preference,moderate,True,False,False,False,False,False,False,1,0,0,0,0,0,0,0.0,2019-01-25T00:00:00+00:00
goodreads_you,book_fc46472055a46ba8,work_55bcd0bca18e3ce2,1,read,positive,strong,True,True,False,False,False,False,False,1,1,0,0,0,0,0,5.0,
goodreads_you,book_fd18c4282c414b34,work_7c19857e30ae4525,1,to_read,exposure_only,exposure,False,False,False,True,True,False,False,0,0,0,1,1,0,0,0.0,
goodreads_you,book_fd31f3b781fd685b,work_7dcd0e300c3d3285,1,to_read,exposure_only,exposure,False,False,False,True,True,False,False,0,0,0,1,1,0,0,0.0,
goodreads_you,book_fd5bc50874463491,work_fa9b0eea22c54cb3,1,read,positive,strong,True,True,False,False,False,False,False,1,1,0,0,0,0,0,4.0,2026-08-15T00:00:00+00:00
goodreads_you,book_fdd4f7fcf294e508,work_55eb796e8b1470cc,1,to_read,exposure_only,exposure,False,False,False,True,True,False,False,0,0,0,1,1,0,0,0.0,
goodreads_you,book_feb10b5221403492,work_e09267ee8fa529e8,1,read,positive,strong,True,True,False,False,False,False,False,1,1,0,0,0,0,0,5.0,2020-08-13T00:00:00+00:00
goodreads_you,book_fedcd58f6884e72e,work_4c80fd92b3926a56,1,read,positive,strong,True,True,False,False,False,False,False,1,1,0,0,0,0,0,5.0,2026-07-01T00:00:00+00:00
goodreads_you,book_ff57e2bc4276469a,work_e1ba109cff16de22,1,read,positive,strong,True,True,False,False,False,False,False,1,1,0,0,0,0,0,5.0,2026-02-22T00:00:00+00:00
