canonical_book_id,neighbor_count,mean_similarity,median_similarity,min_similarity,max_similarity
book_001f16b93b0fa10b,20,0.5258451789617539,0.5226129293441772,0.5102306604385376,0.569585919380188
book_002add2e0c664e70,20,0.5523950845003128,0.5481346547603607,0.5286222696304321,0.5976066589355469
book_002e301b35d9dcba,20,0.49912488609552386,0.47854872047901154,0.46394383907318115,0.6627621650695801
book_003521d750e29881,20,0.5706337958574295,0.5664616525173187,0.5505165457725525,0.6504313945770264
book_0038ef028214a6f0,20,0.6727187693119049,0.6618211567401886,0.622747540473938,0.7390848398208618
book_00437c4b12f37c23,20,0.5844232320785523,0.5806131064891815,0.5577902793884277,0.6240135431289673
book_0059bff1b7638ad8,20,0.5082371383905411,0.4945024102926254,0.44311386346817017,0.8036052584648132
book_005fb072981efd2c,20,0.5321321308612823,0.5203125774860382,0.5132371783256531,0.5916346907615662
book_008279540fb4fa3b,20,0.7511509656906128,0.7490553259849548,0.7264156341552734,0.7904646992683411
book_0083038ea9439c43,20,0.4521598324179649,0.4308522790670395,0.4083334803581238,0.8873245716094971
book_008c0bf252c84e31,20,0.5229768753051758,0.5192866325378418,0.5090113282203674,0.5652244091033936
book_00b2dac10bc9f48d,20,0.41062252819538114,0.40634869039058685,0.39231014251708984,0.44095396995544434
book_00b8b03058987a1f,20,0.5499261349439621,0.5406228005886078,0.5226085186004639,0.6071353554725647
book_00d25c173334d674,20,0.5650684028863907,0.5522729456424713,0.5322582721710205,0.8306415677070618
book_00f7f811a105ee56,20,0.7412901490926742,0.7395184636116028,0.7212609052658081,0.7914783954620361
book_011e48a6f2661d89,20,0.5052905887365341,0.49729764461517334,0.4822484850883484,0.5812637805938721
book_0121428eee7aaf8d,20,0.5352903693914414,0.5206375122070312,0.4992493987083435,0.7369012832641602
book_012eb9e95a9a6a1d,20,0.47821000814437864,0.47259102761745453,0.42773348093032837,0.5992962121963501
book_01438f6289e7f597,20,0.5615170329809189,0.5516915321350098,0.530200719833374,0.639584481716156
book_014ded78530b83d3,20,0.49778252094984055,0.49397851526737213,0.4832822382450104,0.5420339703559875
book_0152b8425ff0f80d,20,0.5643683344125747,0.5565430223941803,0.5408850908279419,0.6170681715011597
book_01801f21535a2c30,20,0.5198198586702347,0.5071389377117157,0.49710485339164734,0.6270601153373718
book_01a46bb5540c12a6,20,0.5021912723779678,0.49390746653079987,0.48255783319473267,0.5419146418571472
book_01bbe5b90ef29565,20,0.5580479204654694,0.550462543964386,0.5413451194763184,0.6005907654762268
book_01d42e96f67be109,20,0.49217105507850645,0.4729699641466141,0.4468103051185608,0.6803454160690308
book_01e051cbac545caa,20,0.6209190040826797,0.616442859172821,0.599644660949707,0.6603487730026245
book_01ef173004fa346e,20,0.2839503616094589,0.2809266000986099,0.260634183883667,0.3436184525489807
book_01f9f25ee59f3fa2,20,0.46980458199977876,0.46273142099380493,0.4502664804458618,0.49757111072540283
book_01fa0b676b74c7cd,20,0.542691120505333,0.5376825928688049,0.5253831148147583,0.6054494976997375
book_01fafad9722e5eef,20,0.543031632900238,0.5337672233581543,0.5119104385375977,0.623539924621582
book_020f80cc0fca5a0a,20,0.71074398458004,0.7054457366466522,0.6819150447845459,0.7627774477005005
book_021117c13480afef,20,0.43129042387008665,0.4296880066394806,0.3973887860774994,0.481639564037323
book_02140ddb2a801adf,20,0.5473066166043281,0.5246275067329407,0.4837743043899536,0.7189458608627319
book_0225afe291da9adf,20,0.5142928376793862,0.5039805471897125,0.4927777349948883,0.6124463677406311
book_02294b896e03bdd1,20,0.5046374082565308,0.46810896694660187,0.44955992698669434,0.6836686730384827
book_022faf014a3ed409,20,0.5108616486191749,0.5023061335086823,0.4878271222114563,0.5654951333999634
book_023633bbf0117a08,20,0.535054138302803,0.5287093222141266,0.517336368560791,0.5948135852813721
book_02448bcaa4573123,20,0.5883531421422958,0.5825247168540955,0.5648329257965088,0.6370971202850342
book_02468e6a5c0914be,20,0.49528914988040923,0.49107563495635986,0.4759312570095062,0.5269690752029419
book_0249d0c40d66d21b,20,0.5144292324781418,0.5076903700828552,0.49751949310302734,0.5628170967102051
book_024a68d5de139feb,20,0.5269802361726761,0.512781023979187,0.49216413497924805,0.8213295340538025
book_024b5ae49dbc3c5a,20,0.5766422152519226,0.5702753067016602,0.5584516525268555,0.6669883131980896
book_0252645051558904,20,0.585127106308937,0.5722522139549255,0.5605632066726685,0.6394665837287903
book_02544124cbfd0c36,20,0.5883423298597336,0.5835403800010681,0.562777042388916,0.6551947593688965
book_026710c4443fc6d5,20,0.5936165928840638,0.5873696506023407,0.5766940116882324,0.6324809789657593
book_026bbc02242db839,20,0.542978048324585,0.5310136377811432,0.5098322629928589,0.6065093278884888
book_026ca13b42208817,20,0.39720706194639205,0.38694286346435547,0.369259238243103,0.4632204473018646
book_027329fe29d467d6,20,0.45651990324258807,0.4372948557138443,0.41905099153518677,0.5441411733627319
book_0276561f683f071b,20,0.5534830272197724,0.5520224869251251,0.5220715403556824,0.5995450019836426
book_028a98cc0b0843d0,20,0.5689690619707107,0.5455453097820282,0.51627516746521,0.7222568988800049
book_02a95fac341d226b,20,0.5340064883232116,0.5334254801273346,0.5082496404647827,0.5677201747894287
book_02b36f8d4b23c34e,20,0.5713898122310639,0.5643517673015594,0.5401774048805237,0.632424533367157
book_02b69ea099508c4c,20,0.47858033180236814,0.47366170585155487,0.4588901400566101,0.5165547132492065
book_02c257a6025f82bd,20,0.5862001180648804,0.5660609900951385,0.5472625494003296,0.7080080509185791
book_02d6f3707770fd7f,20,0.5281890749931335,0.5214462876319885,0.5068203806877136,0.5970896482467651
book_02efe01f42dceb56,20,0.5717352479696274,0.565852552652359,0.5547928214073181,0.6145884394645691
book_031c58c4dd7380be,20,0.5296854645013809,0.5210550427436829,0.5114319920539856,0.5796216726303101
book_03273fe3bd9a1c0c,20,0.49909763783216476,0.49390755593776703,0.4564226269721985,0.6055410504341125
book_03288978add0d984,20,0.5337646543979645,0.5261592864990234,0.508825421333313,0.5951242446899414
book_0333f5b484e7c88c,20,0.4876332446932793,0.4847175180912018,0.4753214716911316,0.5245295763015747
book_033de2b361578485,20,0.5559254378080368,0.5439200401306152,0.5221918821334839,0.6389493346214294
book_0341e75edd81937a,20,0.5424691200256347,0.5418548882007599,0.519492506980896,0.5808877944946289
book_0353a6acdff51433,20,0.5006876900792122,0.49578697979450226,0.45521223545074463,0.55768883228302
book_03554c77b6161d17,20,0.4557181030511856,0.44218070805072784,0.42235255241394043,0.5955897569656372
book_03571b8ba158bee8,20,0.7116860806941986,0.6961618065834045,0.6737789511680603,0.8445721864700317
book_0360c3365af0a7e3,20,0.5297234416007995,0.5243659019470215,0.5034204125404358,0.6172270774841309
book_036a5f8705d8c0a3,20,0.48457984924316405,0.462857186794281,0.4432121813297272,0.643512487411499
book_038d4501ccda7dfd,20,0.48146054297685625,0.4762403964996338,0.4597741365432739,0.5688855648040771
book_038f8a8eb4613df6,20,0.4736226797103882,0.4696803689002991,0.46109238266944885,0.5109395980834961
book_03a0bf98fe8633bf,20,0.5069333240389824,0.49351832270622253,0.4820065498352051,0.6089823246002197
book_03a24514c4d41cd2,20,0.5145926669239997,0.5125118792057037,0.49581533670425415,0.5367569327354431
book_03ab20b6aa4f4324,20,0.5412359088659286,0.5352781713008881,0.49936187267303467,0.6238740682601929
book_03ad4d21be3c25c0,20,0.4908203691244125,0.4864400327205658,0.4672519266605377,0.5445209741592407
book_03ae6aa276d8a440,20,0.4625289276242256,0.4553699493408203,0.4269910752773285,0.5252971649169922
book_03c5201fae64c170,20,0.5043000489473343,0.5033589154481888,0.4812387228012085,0.5367092490196228
book_03ea3d6b54d2c40a,20,0.5192418277263642,0.5128796696662903,0.49513524770736694,0.5530097484588623
book_03eed6ed2ad01fe4,20,0.4928707733750343,0.4879634380340576,0.4758276343345642,0.531619668006897
book_03fddff55633b464,20,0.5439593017101287,0.5331473350524902,0.5228592157363892,0.5968459248542786
book_0428482618a35b50,20,0.5106710091233253,0.4986390471458435,0.48727211356163025,0.6173384189605713
book_042909d328cbdb7c,20,0.41372461915016173,0.40948744118213654,0.39680641889572144,0.4538014531135559
book_04314c457ac17307,20,0.4287764340639114,0.4294379949569702,0.4100663661956787,0.44941115379333496
book_045daf1b352e4893,20,0.409879332780838,0.4041808396577835,0.3876926302909851,0.4437567889690399
book_04764d4825d6b646,20,0.5474051296710968,0.5443724393844604,0.5197579860687256,0.5954742431640625
book_047a77e05b6cbac7,20,0.48949926942586897,0.4818652421236038,0.4675852358341217,0.551972508430481
book_0488be4cab146d96,20,0.560405969619751,0.5581890046596527,0.5409376621246338,0.5933841466903687
book_049bbc4a7ce78b8f,20,0.5837128430604934,0.5856665968894958,0.5592974424362183,0.6175330877304077
book_04ab0e4ac5ecce81,20,0.5668556302785873,0.559184193611145,0.5504366159439087,0.6065382957458496
book_04ab9fbd1f5f5d08,20,0.5764688581228257,0.5698091089725494,0.5509181022644043,0.6166082620620728
book_04d4d34c31bf24c1,20,0.4538873672485352,0.4428865313529968,0.43022027611732483,0.5109269618988037
book_04ec36e97fab4dba,20,0.5143530488014221,0.5135748088359833,0.4933023452758789,0.5340439677238464
book_04ee9d180631b5d6,20,0.4865364506840706,0.48174501955509186,0.45597076416015625,0.5426837801933289
book_050cf7cd4e6203ee,20,0.5863768786191941,0.5768912136554718,0.5529399514198303,0.6434130668640137
book_053b5acf8eab333b,20,0.4685706332325935,0.46314141154289246,0.44685620069503784,0.5188204050064087
book_054117fdddf0765f,20,0.40905202329158785,0.40512728691101074,0.38897931575775146,0.459805965423584
book_054ee1ab88a65d67,20,0.6193906873464584,0.6080399453639984,0.5931564569473267,0.6914283037185669
book_0551d86019bd6d98,20,0.5085347518324852,0.503463089466095,0.4921174645423889,0.5417964458465576
book_05613c1c9d04a4f7,20,0.4916236221790314,0.4828711301088333,0.47519397735595703,0.5311563611030579
book_05697fabaa75dc64,20,0.39236823171377183,0.3865917921066284,0.37115445733070374,0.43513378500938416
book_058faebc31b0108a,20,0.39963581711053847,0.370121568441391,0.35911616683006287,0.6776145696640015
book_05a06f064da9ebb4,20,0.4792179256677628,0.47585688531398773,0.4561244547367096,0.5253162384033203
book_05b55836b298d72f,20,0.5445467174053192,0.5400185585021973,0.5244920253753662,0.6054675579071045
book_05bfaffd4abad231,20,0.5326610952615738,0.5267559289932251,0.507692813873291,0.5826079845428467
book_05e181cc78668ee0,20,0.4936184212565422,0.4871559739112854,0.4747046232223511,0.545732855796814
book_06071b65deed7f25,20,0.582322409749031,0.5831117331981659,0.558506429195404,0.6165466904640198
book_060f9af46ec83488,20,0.759878733754158,0.75384521484375,0.7406655550003052,0.7931744456291199
book_0610aaec503a12a6,20,0.7532564550638199,0.7542048096656799,0.7297639846801758,0.7782918214797974
book_0617cd8f1d32e8f7,20,0.48256492167711257,0.47849297523498535,0.4662790894508362,0.5177608728408813
book_061e5435c4c88fe3,20,0.5425652205944062,0.5364965200424194,0.5219811201095581,0.5735551118850708
book_062916d5c9f62ec3,20,0.5982244729995727,0.5929925441741943,0.575555682182312,0.6542551517486572
book_064f2771f6387370,20,0.5072919845581054,0.4770333021879196,0.4419976472854614,0.6902937889099121
book_065a861ee1f51b5d,20,0.5408119350671768,0.5390416383743286,0.5260319113731384,0.560889720916748
book_0665b490291e48de,20,0.4779214307665825,0.47203342616558075,0.45304572582244873,0.5463264584541321
book_06723628f5144598,20,0.4458504065871239,0.43235188722610474,0.42013582587242126,0.6299775838851929
book_06a81e86fa569696,20,0.5786036133766175,0.5699803829193115,0.5532623529434204,0.679904580116272
book_06dd60da2f086a71,20,0.5624338120222092,0.5615388751029968,0.5344194173812866,0.6223015785217285
book_06e60dae7d62a1cb,20,0.5180815577507019,0.5160868167877197,0.4943707585334778,0.5687696933746338
book_06ea7c34963c40b2,20,0.6061923116445541,0.5768299698829651,0.5575867891311646,0.8268511295318604
book_06ebe0d942dd7129,20,0.5186985790729522,0.5137196183204651,0.5035091638565063,0.560214638710022
book_07214450b8326da4,20,0.5525231927633285,0.541820615530014,0.5246660709381104,0.623695969581604
book_072bf2d881c2a018,20,0.5485594928264618,0.5423806309700012,0.5137776136398315,0.6561987400054932
book_072d3c287a4c8628,20,0.47302608340978625,0.4617602676153183,0.44491130113601685,0.577003002166748
book_072f5210b166817f,20,0.5546013385057449,0.5355875492095947,0.5213098526000977,0.7898390293121338
book_0790ab879e46e129,20,0.45149012804031374,0.44018930196762085,0.42484259605407715,0.5422928333282471
book_07ad6185a64a8dd3,20,0.4288186371326447,0.42780187726020813,0.3885718584060669,0.5162369012832642
book_0806dac446e5455f,20,0.5407770305871964,0.5313538908958435,0.5125548243522644,0.6163334846496582
book_080e8fe0ed0c7de5,20,0.47415346205234526,0.46506722271442413,0.44846057891845703,0.5512295961380005
book_086c04687d83ce24,20,0.5542677938938141,0.5475927293300629,0.5362182855606079,0.59620600938797
book_0876dfbe5bf1168a,20,0.5842209845781327,0.5794765651226044,0.5634275674819946,0.6335948705673218
book_087c8b03e42e70aa,20,0.5141192436218261,0.5058002471923828,0.4812549948692322,0.5999970436096191
book_089801556da8422b,20,0.4899663791060448,0.4685877114534378,0.4589881896972656,0.5769054293632507
book_0898917b08bab36d,20,0.42532873898744583,0.41721540689468384,0.4056748151779175,0.4744555950164795
book_08a76271249bbe20,20,0.4270279735326767,0.42198026180267334,0.38029199838638306,0.5815495252609253
book_08b260e73af784c1,20,0.5084657087922096,0.4993288516998291,0.48072904348373413,0.5693576335906982
book_08b7bfbf3c345369,20,0.3782835230231285,0.37113991379737854,0.34760260581970215,0.4357506036758423
book_08ba5238bd7c4ab2,20,0.579374548792839,0.5718523263931274,0.551317572593689,0.7123961448669434
book_08ca8d05f74d3a3d,20,0.5630131095647812,0.5584627687931061,0.5398911237716675,0.6029735803604126
book_08db6a2461d7b8df,20,0.4619506224989891,0.4541786313056946,0.43678656220436096,0.5278462171554565
book_08e5f9b933c84eb0,20,0.5903437107801437,0.5873006284236908,0.5426415801048279,0.6594602465629578
book_08edf7c3c2cfa011,20,0.542857626080513,0.5348949730396271,0.5153427124023438,0.613368034362793
book_08f515783b166aac,20,0.4565550580620766,0.4489564001560211,0.4185686707496643,0.5679671168327332
book_093b1a73c5f6d9ab,20,0.538969087600708,0.53488889336586,0.5197058916091919,0.5813891291618347
book_0947910e6e5a722c,20,0.4348187670111656,0.4315350353717804,0.4180527925491333,0.46535199880599976
book_096cc409483ac0ff,20,0.6045342653989791,0.599584549665451,0.5856516361236572,0.6546283960342407
book_098583d375418b17,20,0.5050025403499603,0.4975006878376007,0.48186448216438293,0.5382003784179688
book_098a9ac7a3fd1933,20,0.45559509098529816,0.44788770377635956,0.43317127227783203,0.5565876364707947
book_09d040211418488e,20,0.5265039309859276,0.5186600685119629,0.49701017141342163,0.6284035444259644
book_09f35d249b806538,20,0.4395050346851349,0.42891255021095276,0.4178563356399536,0.5044562220573425
book_09fc58c30b900f70,20,0.33616496026515963,0.3310423791408539,0.31477779150009155,0.39999818801879883
book_0a15f503b683903c,20,0.550725394487381,0.5469801723957062,0.5279366970062256,0.6045330762863159
book_0a2ea9e04a77cd09,20,0.49398706257343294,0.49131523072719574,0.4656843841075897,0.5493589043617249
book_0a3fee4f55f69e68,20,0.5647591114044189,0.5542357265949249,0.5399291515350342,0.6163167357444763
book_0a40d32abc117701,20,0.5213003903627396,0.510001540184021,0.4896661639213562,0.5818556547164917
book_0a6e9ad720f23118,20,0.5163361713290214,0.506435751914978,0.48978346586227417,0.6195617914199829
book_0a8ae00d02c02591,20,0.553485569357872,0.5427969098091125,0.5176472067832947,0.6105631589889526
book_0a92c6fc8bd5b5ab,20,0.5355105698108673,0.5261705219745636,0.5085141062736511,0.6268643140792847
book_0ac3cb08891b70df,20,0.5236160323023796,0.5196278989315033,0.49876680970191956,0.5814914107322693
book_0af4b7e712fe5568,20,0.4625912055373192,0.44454599916934967,0.41687291860580444,0.5718249082565308
book_0af4c8bcc9a86c7c,20,0.564806804060936,0.5580202341079712,0.5295870900154114,0.6293105483055115
book_0b05eab50a0f887e,20,0.4588752120733261,0.44670918583869934,0.434842586517334,0.5173766613006592
book_0b88ac2b9391b47b,20,0.5020865425467491,0.49789266288280487,0.47558486461639404,0.5693504810333252
book_0b912917cca649de,20,0.44936197996139526,0.43895693123340607,0.42214199900627136,0.5324192643165588
book_0babf1eda1a6260b,20,0.5584463119506836,0.5440492630004883,0.5272932052612305,0.7865737080574036
book_0bb3d78bcc38b760,20,0.4915896624326706,0.482857346534729,0.46643853187561035,0.5354495048522949
book_0bc11b8e0bdf6fdc,20,0.568419560790062,0.5634883046150208,0.54660564661026,0.5973352789878845
book_0be22fef4961ddb9,20,0.5636448323726654,0.5587096810340881,0.5422291159629822,0.6244732141494751
book_0beb72076c1640af,20,0.594460791349411,0.589778870344162,0.567012369632721,0.6309579610824585
book_0c20fe8192e43317,20,0.515720383822918,0.5110029876232147,0.4995447099208832,0.5489969253540039
book_0c41c1beb241b5b7,20,0.6043069571256637,0.5995023548603058,0.5915465354919434,0.6418222188949585
book_0c5332017a5ef7ef,20,0.6232930511236191,0.5987855792045593,0.5577728152275085,0.8087015151977539
book_0c5b692006b8874f,20,0.5188108056783676,0.5182290375232697,0.5001124143600464,0.5478065013885498
book_0c60b77ca831930c,20,0.4806105449795723,0.47294552624225616,0.45543771982192993,0.5505022406578064
book_0c67a32920033261,20,0.4612930566072464,0.4380153566598892,0.41824591159820557,0.5432018041610718
book_0c9409137abbc0e5,20,0.46043159514665605,0.4478878080844879,0.43692177534103394,0.5917214155197144
book_0ca4f90ff5ac92c7,20,0.46117106080055237,0.4602060914039612,0.44362837076187134,0.5053483247756958
book_0cbb419d661f6ea5,20,0.5479688614606857,0.5392800271511078,0.5256402492523193,0.5886330604553223
book_0cc858cd618e0ee3,20,0.5288239628076553,0.5262942016124725,0.5139573812484741,0.5632867813110352
book_0ce63e39ba857457,20,0.4835095375776291,0.47542786598205566,0.45940646529197693,0.6094801425933838
book_0d1428f07001e575,20,0.5456685841083526,0.5370534062385559,0.5158162117004395,0.6275136470794678
book_0d1d8a2d1ac388bf,20,0.7408329516649246,0.7319657802581787,0.7076423168182373,0.7989436984062195
book_0d22634f2c2343b3,20,0.556465607881546,0.5558855533599854,0.5420541763305664,0.5807527303695679
book_0d2614f3033178a5,20,0.5657346338033676,0.5594100952148438,0.5288758277893066,0.7320696115493774
book_0d297a7510cce2ab,20,0.5505283772945404,0.5253449082374573,0.5034335255622864,0.7825851440429688
book_0d2feebbe9ed3f5f,20,0.43192344903945923,0.417481392621994,0.39731961488723755,0.5542582869529724
book_0d382d0497d177d9,20,0.5768809348344803,0.5742287635803223,0.5491256713867188,0.6202553510665894
book_0d3ca5f0890b8ee8,20,0.4951296761631966,0.49306225776672363,0.4754824638366699,0.5835766196250916
book_0d41c021e48530d2,20,0.3964928463101387,0.3629723787307739,0.32929420471191406,0.6084703803062439
book_0d4cc0e7aa24f4ba,20,0.5546389847993851,0.5480621457099915,0.5149860382080078,0.6319877505302429
book_0d6e8269113916e6,20,0.5653043180704117,0.5649147629737854,0.5523771643638611,0.5835442543029785
book_0da11b503c4b8e38,20,0.5103009343147278,0.506579726934433,0.4979082942008972,0.5598440170288086
book_0db4ef745ee5e46d,20,0.5733630359172821,0.5722869038581848,0.5568259358406067,0.6033194065093994
book_0e14ec2933cc9b52,20,0.5484431624412537,0.5417374968528748,0.5002045631408691,0.6471549272537231
book_0e2f8e2a899cca1e,20,0.6679657369852066,0.6504542827606201,0.6232503652572632,0.7573025226593018
book_0e58e94bebe3f2ec,20,0.4979413703083992,0.4885520488023758,0.46884721517562866,0.5864059925079346
book_0e5bf197508ab8d2,20,0.5561658084392548,0.5550762414932251,0.5438876152038574,0.5765014886856079
book_0e6b9c5b22406186,20,0.5485025078058243,0.540173202753067,0.5230813026428223,0.6027425527572632
book_0e6e664e0c4b4b0b,20,0.49061684459447863,0.48481884598731995,0.4746440649032593,0.5261446237564087
book_0e6f1b03d07c74eb,20,0.5599178165197373,0.5047473311424255,0.4562605023384094,0.8932206630706787
book_0e925dc0e460325b,20,0.6920439660549164,0.6876253187656403,0.6726679801940918,0.7367649078369141
book_0e98799c5a0ca7d1,20,0.5511998742818832,0.5434279441833496,0.520811915397644,0.5964446663856506
book_0ea2507848cf6d7f,20,0.5396434098482132,0.5247005224227905,0.5054178833961487,0.6168637275695801
book_0ea514337b1250aa,20,0.5457665681838989,0.5439004600048065,0.5220214128494263,0.5979580283164978
book_0eaf1d7084fe2bfa,20,0.5409334480762482,0.5340395569801331,0.5230697989463806,0.6180683374404907
book_0eaf6d4c7281a4b8,20,0.5860485792160034,0.582504004240036,0.5640251636505127,0.6298258304595947
book_0ebaea62e9db7e26,20,0.4721744850277901,0.46704475581645966,0.4545379877090454,0.5292827486991882
book_0ec2b0e25d6f98ca,20,0.4678536206483841,0.4607653170824051,0.44380831718444824,0.5397763848304749
book_0ec5834290ba2a13,20,0.4822066694498062,0.4846346974372864,0.4117036461830139,0.5752813816070557
book_0ec5b4425537f879,20,0.5376086592674255,0.5360973477363586,0.5231737494468689,0.5556937456130981
book_0ed2f53b5091fe18,20,0.5560206532478332,0.5483733713626862,0.538936197757721,0.6342965364456177
book_0eee64735fefecf1,20,0.49961109459400177,0.4924536198377609,0.48234105110168457,0.5493654012680054
book_0eef0ac2c74a0224,20,0.5727018147706986,0.5545611381530762,0.5048697590827942,0.7273447513580322
book_0f1598cfb1e8af00,20,0.5777392625808716,0.5577607750892639,0.5404995679855347,0.763690710067749
book_0f36c9517e09f034,20,0.5015315666794777,0.49317196011543274,0.4763033390045166,0.5520279407501221
book_0f751c62baf1320e,20,0.5281171053647995,0.5235549807548523,0.504501223564148,0.5796048641204834
book_0fa9e8aeed28d398,20,0.4838788405060768,0.47927193343639374,0.46983274817466736,0.5235083699226379
book_0fab7aad8a91f9ee,20,0.6035687386989593,0.5665658712387085,0.5487436056137085,0.803613543510437
book_0fb7b804a7311bce,20,0.5124166548252106,0.5072150826454163,0.4822767972946167,0.5507976412773132
book_0fe94597b9a11507,20,0.34590942561626437,0.3348625600337982,0.30465710163116455,0.4640483856201172
book_100dfb324127f551,20,0.5657881259918213,0.5561642646789551,0.5375739932060242,0.6607416868209839
book_101b6947378a4ebb,20,0.49118437618017197,0.4929804801940918,0.46181291341781616,0.5230287909507751
book_101bed7655530eb8,20,0.462511932849884,0.45699524879455566,0.4366337060928345,0.5694793462753296
book_101dd86581828fcd,20,0.47690570503473284,0.47329890727996826,0.4537608027458191,0.5293238759040833
book_1027e9ecde360e02,20,0.5734475731849671,0.5700426995754242,0.5408883094787598,0.6249264478683472
book_10333cc80afd1596,20,0.545224717259407,0.539139449596405,0.5209219455718994,0.6104822754859924
book_1037a14d5f5e335b,20,0.5155248641967773,0.5115906894207001,0.5047945976257324,0.5396313667297363
book_104094744d52340e,20,0.5182674705982209,0.4887331873178482,0.4547383785247803,0.7808868885040283
book_105b4bde5891ddbb,20,0.44314530938863755,0.39922022819519043,0.385788232088089,0.7449302673339844
book_106cbb5415fe887b,20,0.6015393435955048,0.5932474732398987,0.5758880376815796,0.6971138715744019
book_107961fc84f23289,20,0.5325264066457749,0.5249798893928528,0.505868673324585,0.6034570336341858
book_107bcbdc2ca9789a,20,0.7087539285421371,0.7051384150981903,0.6820861101150513,0.7520368695259094
book_107c419faf705a8e,20,0.5445467621088028,0.5433604419231415,0.5215997099876404,0.5928665995597839
book_108b801cce5390bc,20,0.5585438311100006,0.5505751073360443,0.5401930809020996,0.6193081140518188
book_10b7c28b8bbd5228,20,0.4145719736814499,0.41173385083675385,0.393656849861145,0.46631020307540894
book_10d18597cb73d513,20,0.5343208819627762,0.5238078534603119,0.5139044523239136,0.665444016456604
book_10e8e8005c9e76f3,20,0.4853604003787041,0.4748593270778656,0.4686738848686218,0.57181715965271
book_10eb11b3822ace4b,20,0.47442789524793627,0.45341506600379944,0.4319094121456146,0.5774454474449158
book_111c8b40130c9ddc,20,0.5428770482540131,0.5399563014507294,0.5259699821472168,0.5798918008804321
book_1120603d725ccb8d,20,0.5936270624399185,0.5777312219142914,0.5607192516326904,0.8094800710678101
book_1142ab33651d382a,20,0.5577200829982758,0.556736409664154,0.5367318987846375,0.5927138924598694
book_114395ae2ec57a85,20,0.5539160311222077,0.5464172661304474,0.5356032848358154,0.6191890239715576
book_114bd7f68f56ef0e,20,0.5104465916752815,0.5027551054954529,0.48892953991889954,0.5758941769599915
book_11b715f44c6fccb5,20,0.507823683321476,0.4996534585952759,0.4871395230293274,0.5597705841064453
book_11cb5529815dc77f,20,0.5275912314653397,0.5228969752788544,0.5086063742637634,0.5679996013641357
book_11d14aa2472ae51a,20,0.446143738925457,0.43033428490161896,0.4169347286224365,0.5552359819412231
book_11fd0b8402c2118a,20,0.5418825894594193,0.5348466038703918,0.5232009291648865,0.6035858988761902
book_1213cf9adc93e147,20,0.5835439175367355,0.5746325254440308,0.5636720657348633,0.6316477656364441
book_122817454942e78e,20,0.5442127794027328,0.537468284368515,0.5224621891975403,0.6074469089508057
book_122fc01253d39777,20,0.5437893390655517,0.5327522158622742,0.5093663930892944,0.6767534017562866
book_122ff1aa00ff06b4,20,0.4233221262693405,0.4139467924833298,0.4036179780960083,0.46788090467453003
book_123b989a199e2405,20,0.5696435153484345,0.5652801096439362,0.5518113374710083,0.6067739725112915
book_123deebbf63faff0,20,0.47850842475891114,0.4754578769207001,0.4570040702819824,0.5292123556137085
book_1244e216fed22593,20,0.49346931725740434,0.49603599309921265,0.4703502953052521,0.5200058817863464
book_1249b9c1c1075c81,20,0.48089873045682907,0.4672371745109558,0.45625561475753784,0.6098296642303467
book_12651585aed92e97,20,0.5286085173487663,0.5131416022777557,0.49888744950294495,0.6120179891586304
book_126ede1d21ab1ab0,20,0.49581430703401563,0.48882123827934265,0.47255343198776245,0.5562427639961243
book_127409f62af6ae74,20,0.5734106630086899,0.5720379948616028,0.5573400259017944,0.6042580604553223
book_12750e8e69eabcf8,20,0.49801401793956757,0.48378443717956543,0.4701816141605377,0.5876678228378296
book_129506c075304529,20,0.4716386556625366,0.46268975734710693,0.41384947299957275,0.6277073621749878
book_12985e93d8732efa,20,0.6141895413398742,0.609163373708725,0.5821478366851807,0.6755058765411377
book_12a5092f83f136ad,20,0.5331792563199997,0.5297133326530457,0.5110701322555542,0.5640861988067627
book_12bde776c64a1565,20,0.459857240319252,0.4529467225074768,0.4254109859466553,0.5259933471679688
book_12e0f667a2ddd23e,20,0.5288922756910324,0.524563729763031,0.5043607950210571,0.5790399312973022
book_13207ce88b3525b7,20,0.49072290658950807,0.48939457535743713,0.4649489223957062,0.5277047157287598
book_132c64e9681952cb,20,0.5445801943540574,0.5400177538394928,0.5237981677055359,0.5872014760971069
book_132d1ac689e3d3b7,20,0.49465271532535554,0.4794127941131592,0.45953303575515747,0.5770705938339233
book_13615b9e62e2ba32,20,0.5673055171966552,0.5620728135108948,0.5444515943527222,0.603142261505127
book_136b90e3dec2b9fc,20,0.46343419700860977,0.4565252214670181,0.4408054053783417,0.5110896825790405
book_1396c10befb75fd8,20,0.4702800542116165,0.46988455951213837,0.4433489739894867,0.5117365121841431
book_13c41692e9d2bce0,20,0.4923102602362633,0.47760674357414246,0.45390230417251587,0.6312202215194702
book_13c9967a8114c021,20,0.562693402171135,0.5531690716743469,0.531348705291748,0.6861847639083862
book_13da1624c2c88cc5,20,0.6098494112491608,0.6043983697891235,0.5867602825164795,0.6464039087295532
book_13fafb9586f3c357,20,0.5828733503818512,0.5780933797359467,0.5670692324638367,0.6630858778953552
book_14106732d17fa2e8,20,0.4754623919725418,0.4716598689556122,0.45392921566963196,0.5240361094474792
book_141eda1c3ac26b0b,20,0.6024390161037445,0.599553108215332,0.5583858489990234,0.7242780327796936
book_14237994881b573b,20,0.6166593998670578,0.6076765060424805,0.5899521112442017,0.6938443183898926
book_14258d8adfac52a9,20,0.5440115362405777,0.5322079360485077,0.5220707654953003,0.6160221695899963
book_1435f6dccccd2c5e,20,0.5731434762477875,0.5734080672264099,0.5344637632369995,0.6208726763725281
book_14d14fe2bf66d8e8,20,0.4659876853227615,0.45718879997730255,0.44544997811317444,0.5130711793899536
book_14d1c49c035ee1b1,20,0.5546710550785064,0.5492992699146271,0.5338366031646729,0.6035844087600708
book_14df3cb15cc56ec5,20,0.5665625661611557,0.5499812066555023,0.5335066318511963,0.7373625636100769
book_14efb629372409c4,20,0.5779937177896499,0.5778294205665588,0.5624909996986389,0.6061722040176392
book_150df1e99bc73021,20,0.5824012279510498,0.5748492181301117,0.5627128481864929,0.6521127223968506
book_15232cd598ed4e5e,20,0.5191696628928184,0.5049389898777008,0.4869283437728882,0.6423121690750122
book_152d10ac8c644286,20,0.5250519454479218,0.5233876705169678,0.5101111531257629,0.5458152890205383
book_154212779718d315,20,0.5101298615336418,0.5030091404914856,0.4929015338420868,0.5431910753250122
book_1558fd02b2eb826c,20,0.5413730263710022,0.5352382957935333,0.530940055847168,0.5980452299118042
book_15682e7e2eff58de,20,0.553169560432434,0.5401927828788757,0.5106661915779114,0.665107011795044
book_1570f91af68df341,20,0.5717484265565872,0.5674745142459869,0.5454471111297607,0.615491509437561
book_15c4707452ab6399,20,0.5754129558801651,0.5715078711509705,0.5623769760131836,0.640125572681427
book_15c6e45ab5de2f3c,20,0.775881239771843,0.7736902832984924,0.7611316442489624,0.8000446557998657
book_15e009980a37bfaf,20,0.5068269774317742,0.5035668909549713,0.47662338614463806,0.565934956073761
book_15f7bcdbedf1bf31,20,0.466639244556427,0.4630504548549652,0.43947747349739075,0.5496512651443481
book_1602aa7aa0a0d523,20,0.5662482261657715,0.5658200681209564,0.544783353805542,0.6378687620162964
book_1603e89892336d3b,20,0.6100519150495529,0.5889810919761658,0.5640799403190613,0.7275885343551636
book_162853f328f0803c,20,0.5230370789766312,0.5170064866542816,0.49484875798225403,0.5889610052108765
book_1635c3d4b962367a,20,0.513642655313015,0.5016241669654846,0.4754098355770111,0.6062024831771851
book_163abc1efd43912d,20,0.5052368491888046,0.4969552457332611,0.47930067777633667,0.5603033304214478
book_1690de62fd268917,20,0.3575516417622566,0.35367316007614136,0.32650575041770935,0.4302354156970978
book_16c796ea78276e4e,20,0.5136418297886849,0.5071364045143127,0.4836820363998413,0.6233181357383728
book_16d62048152b5e42,20,0.56786849796772,0.5605385899543762,0.5350556969642639,0.6458780765533447
book_16edbc762a93e00f,20,0.5576644003391266,0.5474573969841003,0.5309325456619263,0.6366610527038574
book_171b8d19d754de64,20,0.40377671271562576,0.3822995126247406,0.34485843777656555,0.585151195526123
book_1727b8e289c3f5bb,20,0.5651374906301498,0.5575322508811951,0.5376222729682922,0.6534178256988525
book_17316f07d9745b5d,20,0.6086694777011872,0.604930967092514,0.5811537504196167,0.661612331867218
book_173aa4e0e1b20e55,20,0.6202467918395996,0.6161015033721924,0.6053587198257446,0.6576405763626099
book_174a5261fa0ec0ee,20,0.5609750747680664,0.5428425073623657,0.521240234375,0.6567878723144531
book_174c88a5f5f6a6fa,20,0.5562303960323334,0.5345306694507599,0.5210896730422974,0.722807765007019
book_174f4f9e54b0daa9,20,0.5108798012137413,0.5025287866592407,0.47456592321395874,0.5671228170394897
book_17538432ef226920,20,0.6903974562883377,0.6885109841823578,0.6661766767501831,0.7204282283782959
book_178041fc6dbf5a14,20,0.5151338309049607,0.5087321996688843,0.4985029697418213,0.5513156056404114
book_178e1edb31c61e73,20,0.6284641802310944,0.6233362257480621,0.6046442985534668,0.6799898743629456
book_179513d0a527a2d6,20,0.5480700433254242,0.5350845456123352,0.521610677242279,0.6347095966339111
book_17ce3a678f1fce02,20,0.6187476426362991,0.6156989336013794,0.6047823429107666,0.6767492294311523
book_17da90a18cb2fa52,20,0.49172663539648054,0.48769015073776245,0.46888846158981323,0.5395894050598145
book_17e4f5f43db025b5,20,0.541340959072113,0.532575786113739,0.5222954750061035,0.5937525629997253
book_17f852183a095600,20,0.5635960727930069,0.5586578249931335,0.5464234352111816,0.5996717810630798
book_180491689f6c4bed,20,0.5816067010164261,0.5719538033008575,0.5382582545280457,0.6863676309585571
book_181b17a845410a93,20,0.520877194404602,0.5129165947437286,0.4996163845062256,0.5635323524475098
book_1828fccc4e39b9e7,20,0.45730185359716413,0.4542357921600342,0.4418930411338806,0.516025722026825
book_185a2909ed3965b6,20,0.5359128475189209,0.5323240458965302,0.5170829892158508,0.5775647759437561
book_18640e893c5d3557,20,0.5267042070627213,0.5112692713737488,0.4956732392311096,0.7865737080574036
book_186cc4cfbccd92a1,20,0.786366319656372,0.7775397002696991,0.7608966827392578,0.8346580266952515
book_1870e72e3a43eb2d,20,0.481004036962986,0.4736716002225876,0.44979655742645264,0.5600340366363525
book_187ad33dc4740bce,20,0.5640265852212906,0.5595382452011108,0.5502588152885437,0.5851430892944336
book_188a66fc9eb0cc2a,20,0.38365085124969484,0.3778461664915085,0.3613964319229126,0.4330786466598511
book_188b9d311be68ff9,20,0.5479249387979508,0.5373250544071198,0.5126625299453735,0.6215500831604004
book_18a907b95cbac817,20,0.5100286021828652,0.4969634711742401,0.4571635127067566,0.6100367307662964
book_18af4e0c63fc5e5a,20,0.3503894373774529,0.34412792325019836,0.3269398510456085,0.38943201303482056
book_18b6d80cc98093c1,20,0.5655868619680404,0.5579523742198944,0.5461774468421936,0.6214689016342163
book_18beef02f80851da,20,0.5401987314224244,0.5315777063369751,0.5128610134124756,0.6589999198913574
book_18c7b92609b802ac,20,0.5423914968967438,0.5402036309242249,0.5280774831771851,0.5679118037223816
book_18d0b42739bf9c8c,20,0.5357224315404892,0.5350880324840546,0.4998624920845032,0.5789111256599426
book_18e2fd2e12b7793b,20,0.47168757021427155,0.45149439573287964,0.4408331513404846,0.6784597635269165
book_18e34f2efbd66cfe,20,0.46683127880096437,0.4499199539422989,0.4354456067085266,0.5822449922561646
book_18fa8253153173e6,20,0.6116867363452911,0.5945547819137573,0.5776589512825012,0.8143861293792725
book_191f7524aca5213e,20,0.7493861675262451,0.7431147992610931,0.7262110710144043,0.7945749759674072
book_197af603865964d9,20,0.3652189403772354,0.35344110429286957,0.3402101397514343,0.4336904287338257
book_19a132f0196d3c2d,20,0.4578550964593887,0.44900286197662354,0.4367109537124634,0.5228671431541443
book_19b1045f28c26571,20,0.500217342376709,0.49671123921871185,0.47666123509407043,0.5686002373695374
book_19b15bc8b33988eb,20,0.5153766885399819,0.508419930934906,0.47001785039901733,0.6248763799667358
book_19b6911ed6b7d479,20,0.5628788232803345,0.5624417960643768,0.5396767854690552,0.6154110431671143
book_19c621888f336ee6,20,0.556192210316658,0.5499270260334015,0.5378883481025696,0.5942115783691406
book_19d4bc24c7cea90d,20,0.536108934879303,0.5403617322444916,0.5132632851600647,0.5562567710876465
book_19dd863c0afbd875,20,0.5300283700227737,0.5294778943061829,0.5044134259223938,0.5675641298294067
book_19eaf0f1080d3153,20,0.5751627951860427,0.5752458274364471,0.5488741397857666,0.6158532500267029
book_19f1548b73261976,20,0.5851077049970627,0.5708214044570923,0.5540614128112793,0.6677926778793335
book_19f42dbc0faec7f1,20,0.5353054225444793,0.529012143611908,0.5083727836608887,0.6029581427574158
book_1a17476ef9783c07,20,0.565410727262497,0.5388380289077759,0.5098978281021118,1.0
book_1a280bb275bf85ad,20,0.4978735789656639,0.4962809085845947,0.4808977246284485,0.5219928622245789
book_1a49b38f34588e14,20,0.4983469158411026,0.4743647426366806,0.46221011877059937,0.753947377204895
book_1a5a4a13f767b114,20,0.5454134285449982,0.5384266972541809,0.5186973810195923,0.6028470396995544
book_1a5d50c255dd4013,20,0.4914587765932083,0.484947606921196,0.47031930088996887,0.5279789566993713
book_1a67103d3f37baf9,20,0.6102009922266006,0.6074119508266449,0.5882903337478638,0.6798418164253235
book_1a7081a7b1ddbdf6,20,0.5832466214895249,0.5819236040115356,0.55879807472229,0.6603487730026245
book_1a73677bda3e2210,20,0.42756701856851576,0.4207543283700943,0.39538806676864624,0.5137780904769897
book_1a8aa51e8320c069,20,0.5319031476974487,0.5236784815788269,0.508461594581604,0.6306376457214355
book_1a93269597b88d81,20,0.4931689858436584,0.4877772778272629,0.4788430631160736,0.5366024971008301
book_1a93f13983228597,20,0.5771961092948914,0.5696834921836853,0.5576232671737671,0.6506673097610474
book_1ab53c622945e563,20,0.5516641706228256,0.5454951226711273,0.5337589979171753,0.6093801856040955
book_1ab9fe205b15befb,20,0.5025199100375175,0.4785753935575485,0.4639434814453125,0.810174822807312
book_1ad3c52f4daadb07,20,0.49963644295930865,0.4966893494129181,0.4653376340866089,0.5795167684555054
book_1ae55d71b7693ad8,20,0.6162728041410446,0.6086401343345642,0.5872519016265869,0.6930249333381653
book_1af28b390344df35,20,0.5664268791675567,0.5587961077690125,0.5473150014877319,0.6431617736816406
book_1af9b4f4231bd867,20,0.6228579267859459,0.5729370713233948,0.4859462082386017,0.8136546611785889
book_1b33a7726ae7062e,20,0.5339129060506821,0.5232471227645874,0.4966787099838257,0.590700626373291
book_1b4891d054508f0e,20,0.5126194506883621,0.5061791837215424,0.49582457542419434,0.5456355810165405
book_1b6e2ec46f71ac7f,20,0.5034608915448189,0.49737322330474854,0.47997868061065674,0.5381454825401306
book_1b7a3ba6e22eb2c1,20,0.556170329451561,0.5490743815898895,0.5279673337936401,0.6858154535293579
book_1bab8e5ee0e26434,20,0.5894628316164017,0.5829008519649506,0.5601553320884705,0.630677342414856
book_1bdabc6c5058bfec,20,0.5202961757779121,0.5158831179141998,0.48443201184272766,0.6468797326087952
book_1be44524d64b3f43,20,0.5239048689603806,0.5210562944412231,0.5032398104667664,0.5645589828491211
book_1be90325acb21bdd,20,0.5429052263498306,0.5377640724182129,0.5106567144393921,0.631207287311554
book_1beca72c2fb63974,20,0.45837136954069135,0.4578997641801834,0.44426584243774414,0.4798956513404846
book_1bf5bc4ed442169b,20,0.42743988186120985,0.42611974477767944,0.37080177664756775,0.5284818410873413
book_1bf80273814d1d85,20,0.5517036721110344,0.5307983160018921,0.4967283010482788,0.7273447513580322
book_1c170ff2c52adf3e,20,0.5201391860842705,0.5075197815895081,0.4966370463371277,0.5744500756263733
book_1c37383ff17c7b04,20,0.5575103878974914,0.5499263107776642,0.539415717124939,0.6074895858764648
book_1c5012e9c08bbaab,20,0.44327048808336256,0.4359748810529709,0.41203364729881287,0.5092639923095703
book_1c5764d446982401,20,0.5803218424320221,0.575921356678009,0.560486376285553,0.6356914639472961
book_1c6ebfe79606f8f2,20,0.47738943099975584,0.43978002667427063,0.40683430433273315,1.000000238418579
book_1c7e7b767cf03ef8,20,0.43645157366991044,0.43018217384815216,0.3974347412586212,0.5324192643165588
book_1c885ff7ee24b506,20,0.5394650250673294,0.5317913293838501,0.5203558206558228,0.6019586324691772
book_1c9be7c86e238907,20,0.5794817417860031,0.5776233375072479,0.5678235292434692,0.5987348556518555
book_1cb366e017f89a89,20,0.5305188208818435,0.5324711501598358,0.5052468180656433,0.5890744924545288
book_1cc10df5d52f267a,20,0.439300474524498,0.4350287616252899,0.4203137457370758,0.4624916911125183
book_1cc31ada215773bd,20,0.6052884727716445,0.5759508609771729,0.5571988821029663,0.8268511295318604
book_1cc45ad032983a9d,20,0.41519263982772825,0.3733505606651306,0.3429363965988159,0.6781910061836243
book_1cc5629f2e25bc53,20,0.47822167724370956,0.4606979191303253,0.44625186920166016,0.5582066774368286
book_1ccbd8e7e8ccfa8c,20,0.4978203341364861,0.4747190475463867,0.45505815744400024,0.6471549272537231
book_1ccf7780331c92b3,20,0.46400034576654436,0.45766158401966095,0.44039610028266907,0.49999475479125977
book_1ce7c573a25ae2a4,20,0.5361192345619201,0.5247523784637451,0.5121193528175354,0.5959959626197815
book_1d02e012558eebb8,20,0.4661284193396568,0.45775948464870453,0.44030892848968506,0.5165911912918091
book_1d17186c4b14edf2,20,0.46575106829404833,0.45824193954467773,0.42996206879615784,0.5706853866577148
book_1d34d35f05a689d3,20,0.5210360661149025,0.5053381323814392,0.47774720191955566,0.6827600002288818
book_1d43a7ce036090da,20,0.5236408889293671,0.5228326320648193,0.5100215673446655,0.5487248301506042
book_1d458c6948f18288,20,0.5434156894683838,0.5356943309307098,0.5170053839683533,0.589870035648346
book_1d4f3d4df5a7b5ae,20,0.5915496528148652,0.5828791856765747,0.5696002244949341,0.6668093204498291
book_1d5870d7baf098de,20,0.5514215141534805,0.5504840612411499,0.5316439867019653,0.5878846645355225
book_1d75daec74527bde,20,0.5395874500274658,0.5324453413486481,0.5178698301315308,0.590394914150238
book_1d82ce1d3113c812,20,0.5413738638162613,0.5244279503822327,0.503226637840271,0.6095729470252991
book_1d890353fddbc2d8,20,0.5236911296844482,0.5203641057014465,0.49067404866218567,0.590728759765625
book_1da0ac8280b08779,20,0.5772724032402039,0.5705946683883667,0.5592467784881592,0.6349514722824097
book_1da5c040393566d6,20,0.38802967220544815,0.38735778629779816,0.3596958518028259,0.4808182120323181
book_1de87e2ddb5cc056,20,0.5244272381067276,0.5050622522830963,0.4827508330345154,0.6393910646438599
book_1de9809070bc6401,20,0.5058754563331604,0.495748907327652,0.48963019251823425,0.5737854242324829
book_1dede51e01276f01,20,0.5442055106163025,0.5362501740455627,0.5266414284706116,0.5878318548202515
book_1e173614d3b8111b,20,0.5404808491468429,0.5390626490116119,0.5216478705406189,0.5673993825912476
book_1e1b52f743881e3d,20,0.5371134608983994,0.5272893607616425,0.5191828012466431,0.5887410044670105
book_1e3dadfc027e8da2,20,0.5712538823485375,0.5147042274475098,0.49765142798423767,0.9049205780029297
book_1e50df67b34fe212,20,0.4374493420124054,0.40393775701522827,0.3834885060787201,0.7847372889518738
book_1e65d89909f8db41,20,0.5906602442264557,0.5808799564838409,0.5664151906967163,0.6533212661743164
book_1e7ba0abbd937510,20,0.5343747168779374,0.5316288769245148,0.5155157446861267,0.5711849927902222
book_1e83fbaafefe0906,20,0.5889912039041519,0.5802585780620575,0.5609159469604492,0.6409740447998047
book_1e95ff167ba8ea18,20,0.580885398387909,0.5791793763637543,0.5575373768806458,0.685218870639801
book_1e9e486c31b30647,20,0.5587350130081177,0.5523116290569305,0.5366553664207458,0.5935837626457214
book_1ea9d5fccef2e0c2,20,0.5789592266082764,0.5708989500999451,0.5608670711517334,0.6234472990036011
book_1ef72dbad0bf0ab2,20,0.5090784758329392,0.5078122615814209,0.3975251615047455,0.6628374457359314
book_1f0490148e9685d6,20,0.48743665516376494,0.4792512506246567,0.4689286947250366,0.5390734672546387
book_1f07468dc519ab84,20,0.5925859913229943,0.534122496843338,0.4518674910068512,0.8161314725875854
book_1f0f3cb30a0182e1,20,0.5093403905630112,0.4995909333229065,0.4843599796295166,0.6351131796836853
book_1f2880bda1ff6031,20,0.43394635915756224,0.4125995486974716,0.3873315453529358,0.8033185005187988
book_1f2efc4ff33bfe59,20,0.510339829325676,0.5067754983901978,0.4834524393081665,0.6040723323822021
book_1f395a50d2968dcf,20,0.5189482480287552,0.5071563124656677,0.4741446077823639,0.5940977334976196
book_1f5055e590084dab,20,0.3531270310282707,0.3512013703584671,0.33488374948501587,0.41934582591056824
book_1f54efb2360640f3,20,0.6050248920917511,0.5952750444412231,0.5713988542556763,0.7054281234741211
book_1f68c620dbea3a86,20,0.5432528346776963,0.5341110229492188,0.5059263110160828,0.6430304050445557
book_1f6bb045256870cd,20,0.5521752059459686,0.5504478216171265,0.5375368595123291,0.5845397114753723
book_1f6f1155a29dfe46,20,0.49931944757699964,0.4704006016254425,0.4492882490158081,0.9635884761810303
book_1f7b165c8e5986e2,20,0.5197604954242706,0.49592213332653046,0.467820942401886,0.8094800710678101
book_1f9643edf659df5d,20,0.521226878464222,0.5094012916088104,0.4953724145889282,0.5798022747039795
book_1f9e9d3b864bb738,20,0.5507754743099212,0.545186311006546,0.5278276801109314,0.6004214286804199
book_1fd429b208cfb141,20,0.5380772292613983,0.5317201614379883,0.5112922191619873,0.622931718826294
book_1fe6d672f090ee76,20,0.44836297780275347,0.4189630150794983,0.4004783630371094,0.9059795141220093
book_1ff31ede7622cd73,20,0.5440383136272431,0.5370369553565979,0.5247260928153992,0.5823256969451904
book_1ff97fe3041f78bb,20,0.506342539191246,0.5038680732250214,0.481460303068161,0.5609096884727478
book_2010fb81f3a0d6b1,20,0.365432134270668,0.35267648100852966,0.34300655126571655,0.4440951347351074
book_205527c6c787b5c6,20,0.49128139317035674,0.4808168560266495,0.460360586643219,0.5556386709213257
book_205afbb25799c360,20,0.8055291056632996,0.80255526304245,0.7846458554267883,0.8392651081085205
book_20602ecb11295cba,20,0.5420172333717346,0.5391523838043213,0.5191867351531982,0.5920628309249878
book_207fff98031cbd6b,20,0.5371816158294678,0.5292197167873383,0.5133850574493408,0.6086443662643433
book_209408bc75ae44a6,20,0.526497158408165,0.5232042372226715,0.5098360180854797,0.5635961294174194
book_20a72f6ad1475bc5,20,0.5421799719333649,0.5411350727081299,0.5257981419563293,0.571442186832428
book_20c735cbc719eefd,20,0.5377687752246857,0.5258982181549072,0.5110210180282593,0.6208075284957886
book_20d6d0bca8a46f6d,20,0.481430122256279,0.47654929757118225,0.4459597170352936,0.5304563641548157
book_20d96cf809caf4aa,20,0.5275718063116074,0.5234570503234863,0.5044949054718018,0.5762131214141846
book_20e18c1c19cea424,20,0.5776623815298081,0.5765551328659058,0.5523793697357178,0.6113888025283813
book_20ef35082871af9f,20,0.5220835909247399,0.4765705317258835,0.45371413230895996,0.8800187110900879
book_21274ef00cdf91e7,20,0.5254976958036423,0.5238417685031891,0.5113742351531982,0.5424909591674805
book_214115f6e31899c0,20,0.5382366180419922,0.5216372311115265,0.4998047351837158,0.6641324758529663
book_2161ccd9d4f3052d,20,0.5369279474020004,0.5218116044998169,0.5029379725456238,0.7268599271774292
book_216b5eb35c66c322,20,0.5667681127786637,0.5483353137969971,0.5366460680961609,0.6307544708251953
book_21728dd022425a84,20,0.7496410131454467,0.739985316991806,0.7142124176025391,0.883989155292511
book_21740098c4258ac7,20,0.5374943643808365,0.5296714305877686,0.5191685557365417,0.5948493480682373
book_2175c9ec802ca131,20,0.5442941427230835,0.5455248355865479,0.5223576426506042,0.6161330342292786
book_2191ceb877f0b5c5,20,0.4429799884557724,0.43577784299850464,0.4195358157157898,0.4935590624809265
book_219d93d4142f9fec,20,0.4720471352338791,0.467015340924263,0.4291086196899414,0.5450174808502197
book_21ab90abac59090d,20,0.5767325639724732,0.5793710649013519,0.5503243207931519,0.6289136409759521
book_21d9877bb0e60449,20,0.5289342194795609,0.5222765803337097,0.5108696222305298,0.5734243392944336
book_220c6dbf3c162961,20,0.6681347787380219,0.6525839865207672,0.5415256023406982,0.8094937801361084
book_22166a0d579555e1,20,0.5463797628879548,0.5368469953536987,0.5263990163803101,0.6057469844818115
book_224387a10ae3a90e,20,0.390212407708168,0.37303318083286285,0.3525739312171936,0.4847731292247772
book_224edae3b020f02e,20,0.591053906083107,0.5810921788215637,0.5709264874458313,0.6514700651168823
book_227782382b6f7ccd,20,0.5477022305130959,0.5382730662822723,0.49624988436698914,0.6747609972953796
book_2284d8be6bfbac6b,20,0.5287526488304138,0.5164380073547363,0.4832800030708313,0.6228781938552856
book_22908bcf1bfc864a,20,0.5378223448991776,0.5361065864562988,0.5204063653945923,0.5731452703475952
book_2295bc4efb989170,20,0.4888479307293892,0.4791722297668457,0.45845213532447815,0.6130021810531616
book_22a866d2f4924361,20,0.5305348724126816,0.5203476846218109,0.5035254955291748,0.6241215467453003
book_22b9a25d09334219,20,0.6047742456197739,0.5988091230392456,0.5858678817749023,0.6537470817565918
book_22c3eba4aa7abdd8,20,0.5922222763299942,0.5930816233158112,0.5633813142776489,0.6396467685699463
book_22f22936f870530f,20,0.4293097212910652,0.42231765389442444,0.4032002389431,0.5067551136016846
book_23074e3972a8f7d4,20,0.527282389998436,0.5057078301906586,0.48544424772262573,0.8311157822608948
book_23085680ac1623cc,20,0.5388936281204224,0.5282461941242218,0.5104135274887085,0.5903414487838745
book_230868b59796b3d5,20,0.5555835545063019,0.5531186759471893,0.539721667766571,0.6032963991165161
book_23175a72c30da6aa,20,0.5253429740667344,0.51791051030159,0.5073617696762085,0.5669370889663696
book_2327128de9ebe3fc,20,0.5952475547790528,0.592981368303299,0.5707700252532959,0.6521127223968506
book_234acc7789066f26,20,0.4943375468254089,0.48823752999305725,0.47934460639953613,0.5351085662841797
book_235474e993c58ff0,20,0.5646468073129653,0.5526141822338104,0.5223677754402161,0.7634289860725403
book_235af2e9d0698db2,20,0.450529021024704,0.4445357024669647,0.4262925684452057,0.5097424983978271
book_23742b508a791791,20,0.5181173831224442,0.5091050565242767,0.48912614583969116,0.6230363845825195
book_237a351a52904079,20,0.5274622738361359,0.5215828120708466,0.5025953650474548,0.5988342761993408
book_23b2b73eae7164e6,20,0.5257714122533799,0.5077660381793976,0.4833838939666748,0.7189458608627319
book_23bcb5d4dde5a8d9,20,0.45547346472740174,0.4490659236907959,0.4298723340034485,0.529841423034668
book_23f1745498f29312,20,0.5419223427772522,0.5364530980587006,0.5219905376434326,0.6122846603393555
book_23f40b964a7ef9a5,20,0.5401364922523498,0.5274441838264465,0.5152648687362671,0.5807048678398132
book_23fa79638ec2b1d7,20,0.40576079338788984,0.4032805860042572,0.3868601322174072,0.4312393069267273
book_24191ad9e7c2d485,20,0.5094245657324791,0.5054869949817657,0.49237388372421265,0.553807258605957
book_242b0065d927a8b4,20,0.6127725720405579,0.5943231880664825,0.5631781816482544,0.784927487373352
book_243a86dfb4114095,20,0.5764388769865036,0.5716086328029633,0.5506927967071533,0.6513586044311523
book_2443abf4c9f8694f,20,0.48474053889513014,0.47875234484672546,0.46902817487716675,0.5423226952552795
book_24910a48933d8980,20,0.4550151377916336,0.4512946903705597,0.44376999139785767,0.48334789276123047
book_249620cd80434c3a,20,0.5197317644953727,0.5151665210723877,0.48114627599716187,0.6004301905632019
book_249b0743c7293dc3,20,0.4165286675095558,0.41141679883003235,0.3987084925174713,0.4517652690410614
book_24a1a1b28ccf0c8f,20,0.4501050725579262,0.4385134428739548,0.4300535321235657,0.5146610736846924
book_24baedd0c8dfecce,20,0.4579776614904404,0.4493807256221771,0.4375312924385071,0.5229648947715759
book_24d1b131aa5c8680,20,0.5515148788690567,0.5433195531368256,0.5280774831771851,0.5902054309844971
book_24d2501e05599ccb,20,0.6392948240041733,0.5904318690299988,0.5550611019134521,0.8132323026657104
book_24d9239440916228,20,0.5846028029918671,0.5766972601413727,0.5615179538726807,0.6411564350128174
book_24e54fdbe55ea4a2,20,0.45676865577697756,0.45254865288734436,0.43959665298461914,0.5112922191619873
book_24e5d4eedb561524,20,0.5120816484093667,0.5078893303871155,0.4951823949813843,0.564287543296814
book_2508381dbe151145,20,0.45172340869903566,0.43781523406505585,0.4225863516330719,0.5520638227462769
book_2527cc1067caec28,20,0.48228750824928285,0.48361989855766296,0.4512225091457367,0.5260111093521118
book_252be2df02f7915a,20,0.5044618427753449,0.49979566037654877,0.48085087537765503,0.5548293590545654
book_252f53617bd2198f,20,0.5643645048141479,0.5548380613327026,0.5351235866546631,0.6559311151504517
book_2535a957e3291d41,20,0.5936476588249207,0.5947040915489197,0.5823633670806885,0.6117004752159119
book_253933d9d0ba1858,20,0.461579418182373,0.4537563621997833,0.4396199882030487,0.514633297920227
book_2549d96f7ce851e1,20,0.5500836253166199,0.549826055765152,0.5312158465385437,0.5886998176574707
book_2558fb0e2cb80bab,20,0.5693783313035965,0.5453027188777924,0.527695894241333,0.9722040891647339
book_25597be2cf0a1398,20,0.5033493027091026,0.49732112884521484,0.46492767333984375,0.5981448888778687
book_255a1d3e00479766,20,0.5538055002689362,0.5415163636207581,0.5060278177261353,0.7176793813705444
book_255adb0e23959454,20,0.7365068137645722,0.7310545444488525,0.7181738615036011,0.7661174535751343
book_256e3d25d3666b02,20,0.49737091511487963,0.4860994517803192,0.4641452431678772,0.5737341642379761
book_259c2f442d407dea,20,0.5997060984373093,0.5943454504013062,0.5687986016273499,0.67725670337677
book_259e1be37b7f9735,20,0.41895139813423155,0.4137437045574188,0.39518725872039795,0.465149849653244
book_25ae26dbf140e69f,20,0.4827981859445572,0.4757288992404938,0.46500450372695923,0.5369968414306641
book_25bc6899a7f004dc,20,0.700607854127884,0.6994408071041107,0.5285179018974304,0.9088560342788696
book_25d86aa3b8dc6f17,20,0.5521659195423126,0.5445671677589417,0.5346533060073853,0.5856472849845886
book_25e23d1df6409a30,20,0.5706378906965256,0.5590623021125793,0.5415199995040894,0.7562569975852966
book_25e481dd406dfc40,20,0.4746601566672325,0.45972055196762085,0.4127349257469177,0.5989295840263367
book_2614b867856d06ce,20,0.5737539231777191,0.5593580603599548,0.5462349057197571,0.6497198939323425
book_262daf73d60c7824,20,0.4616766571998596,0.45280635356903076,0.4174368977546692,0.5284818410873413
book_263e7b448168fc94,20,0.4904629185795784,0.48317907750606537,0.46493250131607056,0.5290842056274414
book_26502e77d14e7e2e,20,0.5482421964406967,0.537765234708786,0.5211688876152039,0.6127088069915771
book_265354e89b986aeb,20,0.5603516578674317,0.5535750687122345,0.5367031097412109,0.6169180870056152
book_2681b9f01017a8ca,20,0.5793633043766022,0.5718914866447449,0.5566843748092651,0.6486536860466003
book_2695af1a0dcf613e,20,0.5243865460157394,0.5160085260868073,0.4986470341682434,0.5733491778373718
book_26c45446d2b85ad8,20,0.6056128293275833,0.5928963422775269,0.5737461447715759,0.6871515512466431
book_26c5ed6e8badf46e,20,0.5155735805630683,0.5091846585273743,0.49027687311172485,0.5779862403869629
book_26e80534825c9600,20,0.5512082040309906,0.5381162464618683,0.5202555656433105,0.6423808336257935
book_26f1e526553724c6,20,0.5444409668445587,0.5404582023620605,0.5266658663749695,0.5846220850944519
book_271bff4671a9e00f,20,0.48740561604499816,0.47107329964637756,0.46410322189331055,0.6651610732078552
book_2726170f3bc945ee,20,0.4526399940252304,0.44455447793006897,0.43122637271881104,0.5592967867851257
book_27607d7cb68ccfaf,20,0.5727527350187301,0.5642417967319489,0.5418708324432373,0.6483301520347595
book_27631e70dcf7f429,20,0.5691924959421157,0.5604166090488434,0.5500280857086182,0.6232104301452637
book_276f80d1a72dbdb7,20,0.6458175182342529,0.6440825462341309,0.6053119897842407,0.7285287380218506
book_2794da8e46c683c1,20,0.476909251511097,0.4720582216978073,0.45464134216308594,0.5163119435310364
book_2796bba9f97c1893,20,0.7452026605606079,0.7366098165512085,0.7092373371124268,0.8137660026550293
book_2797846a6b575416,20,0.4922237128019333,0.4775908291339874,0.45545580983161926,0.5654443502426147
book_27ae8daeaa85abd6,20,0.47313383370637896,0.46325044333934784,0.4477884769439697,0.5892959833145142
book_27b21b0cba586166,20,0.62141532599926,0.6136536300182343,0.5950162410736084,0.7298691868782043
book_27e029c037312654,20,0.4598169445991516,0.4586223363876343,0.4440888464450836,0.4865599572658539
book_27e3c2df4e175557,20,0.5141934469342232,0.5074013471603394,0.49178314208984375,0.6091372966766357
book_27ef128443f3f5c2,20,0.5775453299283981,0.5687596499919891,0.5391440391540527,0.685218870639801
book_280739a452c7816e,20,0.5506230354309082,0.4943709671497345,0.4633060097694397,0.8460903167724609
book_280eda4e914bd8b4,20,0.7263624906539917,0.727415144443512,0.6838206648826599,0.7805640697479248
book_2818c8fc0e1fe050,20,0.5466417044401168,0.5390048921108246,0.5288240909576416,0.6210411787033081
book_281b55269ebcd41f,20,0.5534436613321304,0.5427966415882111,0.5274425745010376,0.6178861856460571
book_28423b9a6a96e81c,20,0.5155462890863418,0.507946789264679,0.5009083151817322,0.5622377395629883
book_2842dcaa4717f838,20,0.4924658462405205,0.4847048819065094,0.46821659803390503,0.5659503936767578
book_284ee8ed94e0e524,20,0.5057712435722351,0.5016192644834518,0.46242910623550415,0.5763615369796753
book_289808986de1c8af,20,0.7097709238529205,0.7068372666835785,0.693274736404419,0.7452538013458252
book_29264f6d55bc47ae,20,0.5145396590232849,0.49558882415294647,0.4824675917625427,0.6479084491729736
book_294f23668da5e894,20,0.5298075318336487,0.5206218957901001,0.49736475944519043,0.5897845029830933
book_2957c2dac0bca8d2,20,0.5098311141133308,0.5052899122238159,0.48882609605789185,0.5935270190238953
book_296127a471dbf25f,20,0.5579155385494232,0.5555829405784607,0.5383697748184204,0.5907434225082397
book_297380d3c522f0e9,20,0.5925245016813279,0.5872781276702881,0.5696873664855957,0.6718237400054932
book_298d4b8d70daf3a1,20,0.5810907512903214,0.5480697154998779,0.5323261022567749,0.7896445989608765
book_2994c00b0bdbd8d5,20,0.4698194280266762,0.46349845826625824,0.4470635652542114,0.5069279670715332
book_299e0e3cd4675cbf,20,0.4994647726416588,0.4927210062742233,0.47035518288612366,0.5802721977233887
book_29beec21a08452c3,20,0.5555636048316955,0.552161455154419,0.5327590703964233,0.5907430648803711
book_29d7d56e4678366c,20,0.519478440284729,0.5136123299598694,0.49536052346229553,0.5725342035293579
book_29f970fb83114b8f,20,0.5634593814611435,0.5610255599021912,0.5388271808624268,0.6099835634231567
book_29fb0fcc6bdf0b1b,20,0.4474790781736374,0.43653400242328644,0.421172559261322,0.5318020582199097
book_2a14dc9014ef5cb5,20,0.4635301440954208,0.45112869143486023,0.4326184093952179,0.5596402883529663
book_2a1f4e44075717b6,20,0.5264535322785378,0.5140281319618225,0.49339866638183594,0.6042793989181519
book_2a32b26d35e0cf21,20,0.5246350198984147,0.5226516723632812,0.5030784606933594,0.5798515677452087
book_2a54735de63de2a5,20,0.42950964272022246,0.4232446551322937,0.3945072889328003,0.5049501061439514
book_2a61c423f7b6de3a,20,0.546010622382164,0.5342435836791992,0.5193151235580444,0.6275136470794678
book_2a6710a4eb186a0b,20,0.5003989920020103,0.49541522562503815,0.4773997664451599,0.5455648899078369
book_2a6a8083e0ec3b87,20,0.48461477309465406,0.4833160936832428,0.4596049189567566,0.5375240445137024
book_2a806d95e0260b9c,20,0.5257288455963135,0.5155594050884247,0.5015857815742493,0.6091372966766357
book_2a873326601fa67c,20,0.5033793151378632,0.49407391250133514,0.47933655977249146,0.5539963245391846
book_2a9c2841365db29b,20,0.4828529879450798,0.48437024652957916,0.4615609049797058,0.515146017074585
book_2acb17558c7aa339,20,0.5468674540519715,0.534918338060379,0.5191659927368164,0.6437485218048096
book_2accf402eae2ef45,20,0.4738053917884827,0.4692978113889694,0.4606262743473053,0.5071409940719604
book_2ad8cd134979eadc,20,0.5315721452236175,0.5216371417045593,0.5053132772445679,0.6536230444908142
book_2af18c631d83c973,20,0.433405265212059,0.4328787624835968,0.4065191447734833,0.5049737691879272
book_2b08fcaf062cc5c4,20,0.5318467140197753,0.5263242423534393,0.5108280181884766,0.5661953687667847
book_2b09eb5d5744d362,20,0.5451201587915421,0.5380745828151703,0.5247207880020142,0.5775863528251648
book_2b0fe8a5d49dbb1c,20,0.5787201434373855,0.569820761680603,0.5549103021621704,0.6531753540039062
book_2b281e6536de8beb,20,0.5287884116172791,0.5189489424228668,0.5036178827285767,0.5855086445808411
book_2b35bb206996fc74,20,0.7545906931161881,0.7506212592124939,0.7391684651374817,0.7946776151657104
book_2b39f852daf04195,20,0.4696238249540329,0.4663023501634598,0.44467824697494507,0.5058553814888
book_2b3c09667794edf5,20,0.5942995607852936,0.5941738486289978,0.5701195001602173,0.6531753540039062
book_2b44e7dd6dd0c700,20,0.5149088233709336,0.501969575881958,0.48030179738998413,0.6155996322631836
book_2b5b3c4e6920c1b5,20,0.5304463118314743,0.5255413055419922,0.5054631233215332,0.5660388469696045
book_2b62706ebf5ba6d2,20,0.4466236516833305,0.41727349162101746,0.38118088245391846,0.5798655152320862
book_2b7942c130c0848e,20,0.5429047495126724,0.5351735353469849,0.5174863338470459,0.6517118811607361
book_2b8a216b548ba818,20,0.54461490213871,0.5393661260604858,0.5201147794723511,0.5865713953971863
book_2b8c06656979afd1,20,0.46788700968027114,0.46106499433517456,0.4303244650363922,0.558393120765686
book_2bae7a2f522efbb3,20,0.5544211268424988,0.549388200044632,0.5407092571258545,0.5873763561248779
book_2bc488dbcc5b6707,20,0.6982726752758026,0.692797839641571,0.6695144772529602,0.7582128047943115
book_2bd5821dbecd5282,20,0.5366736352443695,0.5243987143039703,0.49588602781295776,0.7562569975852966
book_2be40990cef215ae,20,0.5188648015260696,0.5138764977455139,0.5049611330032349,0.5518332719802856
book_2be5f4f97fa30d3c,20,0.4944504752755165,0.49555566906929016,0.4747052490711212,0.5353601574897766
book_2c0227e5d9f1cbfb,20,0.6081777364015579,0.5949001908302307,0.5761488676071167,0.694190502166748
book_2c1f3355bcde0958,20,0.5922245025634766,0.5839641988277435,0.5709641575813293,0.6707245111465454
book_2c4374a207bfbe88,20,0.49936938732862474,0.4715832620859146,0.45623868703842163,0.7705096006393433
book_2c8f5e440aa42552,20,0.56246158182621,0.5432225465774536,0.5315841436386108,0.6802047491073608
book_2ca2b3fea53221d2,20,0.5455637574195862,0.5319742560386658,0.5169954895973206,0.6954391002655029
book_2caab99cf10ebdd3,20,0.5346298187971115,0.5294854640960693,0.5079518556594849,0.5837123394012451
book_2cdea2a4554b6af7,20,0.5922830879688263,0.5820524096488953,0.5758190155029297,0.6347581148147583
book_2d01fdbc1284c44e,20,0.5691924840211868,0.5642016232013702,0.5350008606910706,0.6440039873123169
book_2d174aee86ff7cff,20,0.5018692344427109,0.49575410783290863,0.4741826355457306,0.5723419189453125
book_2d43691138a71668,20,0.5333505630493164,0.5245510339736938,0.5083736181259155,0.6058106422424316
book_2d5d62a9db021a48,20,0.4674996182322502,0.46155110001564026,0.42393410205841064,0.5382582545280457
book_2d5ff8b32ff102ae,20,0.5509157776832581,0.47939272224903107,0.46218669414520264,0.8699287176132202
book_2d8315ae1726c5d4,20,0.5359771221876144,0.5256252586841583,0.50276780128479,0.5969667434692383
book_2d94aaa59d031bf3,20,0.49809380918741225,0.48946651816368103,0.4750211834907532,0.5937666296958923
book_2da58e932c4981a0,20,0.6125507593154907,0.6096303164958954,0.5915625095367432,0.6584116220474243
book_2da9b5233570c458,20,0.5613530874252319,0.5456619262695312,0.5328061580657959,0.6630252599716187
book_2ddcdf5f6d65be69,20,0.4796697378158569,0.4699731171131134,0.4475441575050354,0.5225721597671509
book_2ded543a2c17a9f3,20,0.5536597490310669,0.5485028624534607,0.5322659015655518,0.5941715240478516
book_2df3ca6d9da9ac03,20,0.47373989075422285,0.46879518032073975,0.4502255320549011,0.5169668197631836
book_2e084a8592c7cb6d,20,0.5450668513774872,0.539402961730957,0.5265721678733826,0.6127088069915771
book_2e1028b9f7e461fb,20,0.5010700777173043,0.48950253427028656,0.4811246991157532,0.5716952085494995
book_2e22e9aaf6ae14d0,20,0.5012589529156685,0.48816949129104614,0.4702467918395996,0.5870612859725952
book_2e2e5efd217402bd,20,0.5153098985552788,0.5100854933261871,0.49776017665863037,0.5632269978523254
book_2e30a8e5bcf22902,20,0.5269871190190315,0.5155453383922577,0.4799211621284485,0.6663177609443665
book_2e38f6c461923c9b,20,0.501121012866497,0.49622976779937744,0.474432110786438,0.6400994062423706
book_2e4c819e0178e106,20,0.5886076718568802,0.5765697956085205,0.5609148144721985,0.6413099765777588
book_2e4ee8b8f6cbc934,20,0.5359127759933472,0.516563206911087,0.49161797761917114,0.7739739418029785
book_2e6676f21f00a473,20,0.5651950538158417,0.5329376757144928,0.5149100422859192,0.7633633613586426
book_2e79324a252db218,20,0.4830606818199158,0.4757315218448639,0.4629119634628296,0.5355780720710754
book_2e7d8405d3006675,20,0.6875958353281021,0.6773543059825897,0.6661689281463623,0.726107120513916
book_2e7ef26e1344cc9e,20,0.46880843192338945,0.461004376411438,0.44923338294029236,0.513658881187439
book_2e85df8713ce128b,20,0.52556491792202,0.5241674482822418,0.5041969418525696,0.5662350654602051
book_2ea4e9d6716e0eab,20,0.4689487636089325,0.46225206553936005,0.45211130380630493,0.5359122157096863
book_2ea5697fe1da1d22,20,0.5421319663524627,0.5355108380317688,0.5253239870071411,0.5749728679656982
book_2eae75db9e37ec43,20,0.5077991485595703,0.49829915165901184,0.48004665970802307,0.5525041818618774
book_2ec30bc1b36aa9e6,20,0.5254159182310104,0.5130977928638458,0.5004568099975586,0.5827044248580933
book_2ed1f015451f3f1b,20,0.6098335981369019,0.6069095432758331,0.573032796382904,0.6762782335281372
book_2f03c2a95bca9ad8,20,0.5370503276586532,0.523092657327652,0.5106792449951172,0.6934275031089783
book_2f090b5efed90b37,20,0.4956653222441673,0.48707130551338196,0.47501248121261597,0.563987135887146
book_2f342c8bb9cd8d5d,20,0.582474622130394,0.5756552219390869,0.5565996766090393,0.6406899690628052
book_2f4cd50d1d638bcc,20,0.30155165791511535,0.27637894451618195,0.25681209564208984,0.6034658551216125
book_2f510f3699b1b011,20,0.5446875542402267,0.5301418602466583,0.5085230469703674,0.6277451515197754
book_2f563b725536a1d0,20,0.5742693394422531,0.5693202614784241,0.5539765357971191,0.6043027639389038
book_2f6a6b2785a41886,20,0.5114780679345131,0.5077276825904846,0.4946870505809784,0.5794206857681274
book_2f7bc2741b372686,20,0.5683949619531632,0.566246747970581,0.5517323613166809,0.6003223657608032
book_2f8740a12e2ca8f2,20,0.45131201297044754,0.42786888778209686,0.398470401763916,0.6547285318374634
book_2fc5965c1b4b65de,20,0.446789787709713,0.43781808018684387,0.39181387424468994,0.5469903945922852
book_2fe602575d776bd1,20,0.5259394019842147,0.5145132541656494,0.5046557784080505,0.6429723501205444
book_2fe96e65b976731c,20,0.5118165284395217,0.509723573923111,0.4863649010658264,0.5751210451126099
book_3005f77eeac70f38,20,0.5117880433797837,0.5103448927402496,0.49201273918151855,0.5421091914176941
book_3029de6dfb6b76f2,20,0.5274924546480179,0.5248536169528961,0.5101913213729858,0.5567874908447266
book_303967d60e61d062,20,0.7647885918617249,0.7618595361709595,0.741442859172821,0.8045506477355957
book_306213f5f461d96a,20,0.46821866780519483,0.45174863934516907,0.43833816051483154,0.530150294303894
book_306cd97215542f0e,20,0.43868919610977175,0.43327416479587555,0.41389164328575134,0.5298008322715759
book_30818ee2ec908551,20,0.5106378421187401,0.478101909160614,0.4637354612350464,0.9896722435951233
book_30c5ad39a1e77b5b,20,0.504698146879673,0.49965792894363403,0.48485180735588074,0.5466301441192627
book_30d0da4d4a150160,20,0.5143977001309394,0.5045326054096222,0.4907582104206085,0.5867854356765747
book_30ffb747837a5bc1,20,0.5579008400440216,0.5228925347328186,0.4988408088684082,0.8099249005317688
book_310a8964515e7114,20,0.5506657987833024,0.5361585915088654,0.5270724296569824,0.6461948156356812
book_310beec8f6618d70,20,0.7551978439092636,0.7458650469779968,0.7246674299240112,0.8190027475357056
book_312dd58cd2f0791a,20,0.7905466169118881,0.7857720851898193,0.7612471580505371,0.8858879804611206
book_313473c1d9eb6016,20,0.5770045489072799,0.5743139684200287,0.5593438744544983,0.6078345775604248
book_3137633f5c33aa11,20,0.5410999119281769,0.5264155268669128,0.5069995522499084,0.6239136457443237
book_313e255ec78171f1,20,0.6672028243541718,0.6285527646541595,0.5332923531532288,0.8436380624771118
book_314f866c86eb6ff5,20,0.494786673784256,0.49083299934864044,0.4762726128101349,0.541557252407074
book_316e2df0d8f83558,20,0.6026313364505768,0.5893709659576416,0.5736143589019775,0.6902937889099121
book_3172e42c2becf80e,20,0.38471718579530717,0.3834664970636368,0.354711651802063,0.4599429666996002
book_3186c8ea6252b1f6,20,0.5024730816483498,0.4897787570953369,0.4765656292438507,0.5926700830459595
book_3190057ac1454e0f,20,0.509399363398552,0.5066698789596558,0.48817142844200134,0.5367838740348816
book_319ac53045cf6a55,20,0.5099490851163864,0.5150983929634094,0.4859653115272522,0.5307567119598389
book_31d19e5ca6690757,20,0.5404429137706757,0.5299386978149414,0.5081636905670166,0.7373625636100769
book_320652a8f9174970,20,0.5473502546548843,0.5412633717060089,0.5279222726821899,0.6009892225265503
book_321ddecb5b1e9d28,20,0.5521284103393554,0.5476021468639374,0.5388232469558716,0.5837059020996094
book_322395fab8585861,20,0.5631447583436966,0.5579326748847961,0.5435124635696411,0.6109647750854492
book_322e577fc5e5f968,20,0.46138306260108947,0.4560457766056061,0.44195687770843506,0.5206215977668762
book_323257187bed7cd9,20,0.482750304043293,0.4636905938386917,0.43966689705848694,0.6066330075263977
book_323fbe737382c7a4,20,0.5404143184423447,0.5317636728286743,0.514870822429657,0.6077263355255127
book_325f6cab46aebde7,20,0.555006068944931,0.5515752732753754,0.5332434773445129,0.6087102890014648
book_327fa2d21626ccf5,20,0.5094751998782158,0.5059919357299805,0.49213656783103943,0.5383535623550415
book_32a94c80c482dc0d,20,0.567722761631012,0.5628710389137268,0.5518258213996887,0.6114872097969055
book_32bcdf5e4015cc0d,20,0.5284410715103149,0.5246990025043488,0.50657057762146,0.5723289251327515
book_32c732a9b3657eb5,20,0.3307201281189919,0.3058336675167084,0.2862246036529541,0.44787049293518066
book_32d0e7ab7682f3c5,20,0.5688556164503098,0.5694771111011505,0.5468946695327759,0.6088382005691528
book_32dec3dc9db65892,20,0.537703949213028,0.532699465751648,0.5178672075271606,0.5857361555099487
book_32fc5161c2f4161d,20,0.5904982209205627,0.5940864682197571,0.4665257930755615,0.7026994228363037
book_330f2c4480e7f940,20,0.41879850178956984,0.4038499742746353,0.3881928324699402,0.49935510754585266
book_3317c05819e24082,20,0.4880322843790054,0.48895663022994995,0.4550926685333252,0.5571478605270386
book_3327dd975a204ad1,20,0.48509489744901657,0.480504646897316,0.4599902033805847,0.5421781539916992
book_33316b2b317cde86,20,0.5068778276443482,0.49361445009708405,0.4833114743232727,0.6220648288726807
book_333598bc5b791afc,20,0.5377850711345673,0.5343984365463257,0.5168624520301819,0.5887929201126099
book_33361b3c0cc43132,20,0.5124011516571045,0.506424754858017,0.4860764145851135,0.5694819688796997
book_3340d90721671f7a,20,0.394538177549839,0.3804945945739746,0.36097288131713867,0.5207796096801758
book_334568c637c182e5,20,0.5650787383317948,0.55982506275177,0.5459482669830322,0.6337352991104126
book_334c624d8e4e58f9,20,0.5569955825805664,0.5480448305606842,0.5344341993331909,0.6067960262298584
book_335156b12c245165,20,0.5648788690567017,0.5529718995094299,0.5357904434204102,0.722807765007019
book_33627bd501d844fe,20,0.5811769872903824,0.5809296369552612,0.5614977478981018,0.6054048538208008
book_337d90c0c27f24b0,20,0.5682043135166168,0.5600031316280365,0.5412884950637817,0.6726148128509521
book_33bb06865d229a46,20,0.5204841315746307,0.5110150873661041,0.4924282133579254,0.5806980133056641
book_33db1cb11beb60b6,20,0.4957562029361725,0.48731476068496704,0.470363974571228,0.5463429689407349
book_33e52c18d954e936,20,0.5181670933961868,0.5027852952480316,0.4833891987800598,0.6078258752822876
book_3434c415c75a7b17,20,0.4506297677755356,0.4495418965816498,0.4198141396045685,0.5005333423614502
book_343e0ae15a96f028,20,0.5658485621213913,0.5620121955871582,0.5517590045928955,0.6267884969711304
book_34474b5b5fe23552,20,0.5620765298604965,0.5538875758647919,0.5394870042800903,0.5981782078742981
book_34764fbf0a7c9710,20,0.6025733411312103,0.5980806052684784,0.5764267444610596,0.6570851802825928
book_347cdac300586160,20,0.5573275476694107,0.5526506900787354,0.5309977531433105,0.5954932570457458
book_348c386da8966512,20,0.5449305504560471,0.5373194813728333,0.5203176736831665,0.6303587555885315
book_3492c01e2832e41f,20,0.5646422743797302,0.5552327334880829,0.5390896797180176,0.6396301984786987
book_34eb3e177cdd3a62,20,0.5317525416612625,0.5286368429660797,0.5185245871543884,0.5609208941459656
book_350f2492671ced69,20,0.5208071351051331,0.5164166986942291,0.48938798904418945,0.548917293548584
book_351cbd34e72ad0e5,20,0.43663855344057084,0.4284486472606659,0.4147321283817291,0.530336856842041
book_3529d4df04726f6a,20,0.5843442767858505,0.5654900372028351,0.5376313924789429,0.6782029867172241
book_352d290a65fa309b,20,0.549130591750145,0.5431714355945587,0.5247424244880676,0.5941793918609619
book_3539fb2c630f614d,20,0.49843361526727675,0.4933338910341263,0.46845102310180664,0.5415241718292236
book_3548f41fa252c9a9,20,0.5691301107406617,0.5553974211215973,0.5357283353805542,0.7872722744941711
book_35885fbe36601355,20,0.4991134911775589,0.4924798905849457,0.4743363559246063,0.5545769929885864
book_35a05ef1e0f0f516,20,0.4911655426025391,0.47844386100769043,0.45177632570266724,0.6698623895645142
book_35a4441dd3f59a5c,20,0.5029796347022056,0.5005729347467422,0.48439398407936096,0.5293990969657898
book_35b4f3b254145739,20,0.5697092801332474,0.5706336796283722,0.5556812286376953,0.5903866291046143
book_35bdc4c268ea025f,20,0.5316659957170486,0.5257490575313568,0.510854959487915,0.5690364837646484
book_35cae359263a3c26,20,0.5207592770457268,0.4894694834947586,0.4796045422554016,0.753947377204895
book_35d62544e6939ac2,20,0.47976258099079133,0.4724908769130707,0.4337049722671509,0.5936139225959778
book_35d965bdaf5d096c,20,0.5329782992601395,0.5193088352680206,0.49278712272644043,0.6107923984527588
book_35fe748d40990054,20,0.4217561438679695,0.41446471214294434,0.3998490273952484,0.4817473590373993
book_36108f1ca6cca077,20,0.5285710394382477,0.5165884494781494,0.5020740032196045,0.6049929857254028
book_361f25875eac3e89,20,0.5140693724155426,0.5096989572048187,0.491476833820343,0.5665598511695862
book_363c635707b395e3,20,0.5621750861406326,0.5586770474910736,0.5390710234642029,0.6214689016342163
book_364fc77bae8fad5b,20,0.5454184949398041,0.5357835292816162,0.5041881203651428,0.6502339839935303
book_365ccb62a480b41f,20,0.43715584427118304,0.4306912124156952,0.41400599479675293,0.48556381464004517
book_3670577207adfb26,20,0.5910798251628876,0.5834883451461792,0.5734940767288208,0.6423439979553223
book_367c290d793e436b,20,0.4842216044664383,0.4639167934656143,0.41914328932762146,0.6984405517578125
book_367fd81dbd1ef806,20,0.5600378155708313,0.5495518445968628,0.5280132293701172,0.7634289860725403
book_36c9fecbaf0161bc,20,0.5085455358028412,0.5027360022068024,0.48816871643066406,0.5778425931930542
book_36fd6b7e4dab2934,20,0.4881023809313774,0.47818683087825775,0.4696860611438751,0.5423226952552795
book_37074855fd74b3d6,20,0.4818746492266655,0.48424218595027924,0.46158453822135925,0.5073941349983215
book_37234c114420f783,20,0.540851092338562,0.5264071226119995,0.5076348781585693,0.6240232586860657
book_375f35f4785751e1,20,0.5412156224250794,0.5413094758987427,0.5076223015785217,0.6470052599906921
book_377fbb85b328e3f3,20,0.7766206294298172,0.7672271132469177,0.7508633136749268,0.8328875303268433
book_3788cabefdd15c40,20,0.5121194452047348,0.48888570070266724,0.4721812605857849,0.6180041432380676
book_37b8b5536832ec39,20,0.47009420245885847,0.46048521995544434,0.4111943244934082,0.5930140614509583
book_37bf93b400349dfb,20,0.4921852543950081,0.4890657812356949,0.47733983397483826,0.5347065329551697
book_37c8dd85158350a3,20,0.5562400490045547,0.5479884147644043,0.538139820098877,0.6045886278152466
book_37cd66ed055a7f47,20,0.5013819381594657,0.4933196157217026,0.4743305444717407,0.6480240821838379
book_37ef02260fcd458b,20,0.4438304141163826,0.4403699189424515,0.4116251766681671,0.4809931814670563
book_37f8be203061b51f,20,0.5064136832952499,0.4964645057916641,0.47791558504104614,0.5702564120292664
book_3811d0a2d0451572,20,0.5336742609739303,0.5303069651126862,0.5098395943641663,0.5652329921722412
book_3836b20511dc573b,20,0.5364953964948654,0.533358633518219,0.5144790410995483,0.5741095542907715
book_3848ba68a88a803b,20,0.571451050043106,0.5619219541549683,0.5410126447677612,0.6431065797805786
book_3862a45159220639,20,0.47554711550474166,0.47403013706207275,0.46103549003601074,0.49443817138671875
book_386ae17bd9c095e7,20,0.5492868959903717,0.5487914085388184,0.5351983308792114,0.571114182472229
book_387921e4718a1f82,20,0.5584111839532853,0.5585730671882629,0.5137758851051331,0.6087399125099182
book_388a39e496485e0a,20,0.5089975714683532,0.5038625299930573,0.4870236814022064,0.5362849235534668
book_388ff4c482cb7063,20,0.5301817834377289,0.5201009511947632,0.5034613609313965,0.6238740682601929
book_38950f632bb3a959,20,0.5007843658328056,0.47483137249946594,0.4634894132614136,0.7252093553543091
book_389ea7631ec0e34f,20,0.4744979113340378,0.47193653881549835,0.4644011855125427,0.50655198097229
book_38a3e1cf4b1e6ee7,20,0.5941615641117096,0.5933309197425842,0.578792929649353,0.6320195198059082
book_38d2c6fd89cfa7ed,20,0.5368016809225082,0.5223830044269562,0.5002697110176086,0.7417533993721008
book_38e2f52721182c3e,20,0.5240416899323463,0.5199428200721741,0.4883461594581604,0.6066330075263977
book_38ecbe16184bb21b,20,0.5498513042926788,0.5427735149860382,0.533442497253418,0.6058161854743958
book_38ed79430286489f,20,0.47814778089523313,0.46936777234077454,0.4567055404186249,0.5515603423118591
book_38f364cde5a19e30,20,0.5745570749044419,0.5647007822990417,0.5530223846435547,0.6241035461425781
book_38f47ad2ebb82bdf,20,0.4770077854394913,0.46626028418540955,0.45588746666908264,0.5792263746261597
book_3909f2d97055212b,20,0.521807125210762,0.5225707292556763,0.5020087361335754,0.5536504983901978
book_390c0088844d1aa0,20,0.5415439456701279,0.5346200466156006,0.5148249268531799,0.5993244051933289
book_3932f1d19815287c,20,0.527254393696785,0.5248430073261261,0.5003485083580017,0.5918693542480469
book_39382e740b27f457,20,0.4496991068124771,0.4514933079481125,0.3881986141204834,0.5101668834686279
book_394274ac53905554,20,0.5216167867183685,0.5115187764167786,0.5027791261672974,0.6704297065734863
book_394eb5da57f9cdd1,20,0.49503701776266096,0.4610699862241745,0.4379451274871826,0.6518001556396484
book_3971d200fb114494,20,0.5234815001487731,0.5227126777172089,0.502235472202301,0.5605858564376831
book_39879aadb1b32cc2,20,0.578494057059288,0.5722416937351227,0.5564159154891968,0.6253480911254883
book_39c136ea9bed1161,20,0.7499727457761765,0.74469193816185,0.7250931859016418,0.7809709310531616
book_39c320bc9d7f0b1c,20,0.586920565366745,0.5764989256858826,0.5644946098327637,0.6414727568626404
book_39d2c529cd84b739,20,0.5725717633962631,0.5594021081924438,0.5497721433639526,0.620714545249939
book_39dc64e8e80693b6,20,0.5860308140516282,0.581567108631134,0.5646779537200928,0.6638095378875732
book_39dd6436fe42909e,20,0.5175058588385582,0.5094393193721771,0.49204349517822266,0.5785307884216309
book_39ddfc470e5dab35,20,0.49015556275844574,0.4858688712120056,0.4703819751739502,0.5283129215240479
book_39e0b0e099e8da46,20,0.5333874464035034,0.5294032692909241,0.5036792755126953,0.5821918249130249
book_39fafab377553143,20,0.5305273473262787,0.5253740549087524,0.5096642971038818,0.5983883142471313
book_3a1c90aafc72319a,20,0.5112404346466064,0.5035899877548218,0.42437106370925903,0.65138840675354
book_3a4a8d9b85e941dc,20,0.5737823963165283,0.5718507170677185,0.5544284582138062,0.6021181344985962
book_3ab79b0f52845be3,20,0.5071235403418541,0.5050095915794373,0.4778759479522705,0.5649324655532837
book_3ac815ab8f2e8255,20,0.5984017759561538,0.5996794402599335,0.5747763514518738,0.6320596933364868
book_3acb716c90845f4d,20,0.32027537971735,0.3018721491098404,0.27785706520080566,0.4722585678100586
book_3add8af5fd91c7c5,20,0.7958051234483718,0.788246214389801,0.7526614665985107,0.9737175703048706
book_3ae2dbda7e35969a,20,0.47015596479177474,0.46302659809589386,0.4537562131881714,0.4983363151550293
book_3aeb42f30aad2b01,20,0.4655988425016403,0.45271721482276917,0.4252098798751831,0.6478439569473267
book_3aecf037a9f714d0,20,0.5488125562667847,0.548908919095993,0.5160843133926392,0.603142261505127
book_3aed8d4020aefaa2,20,0.5108885735273361,0.4904383718967438,0.4769224524497986,0.6740797758102417
book_3aee30365937131c,20,0.5367864698171616,0.532680332660675,0.5199349522590637,0.5978876352310181
book_3af1d701481d74d7,20,0.3666257843375206,0.35409076511859894,0.3415191173553467,0.4460591673851013
book_3b2e2bdf3c336ce1,20,0.41269816309213636,0.39982976019382477,0.3745563328266144,0.4964061379432678
book_3b509a0aa6212360,20,0.5072644501924515,0.5029898583889008,0.49233508110046387,0.5485720634460449
book_3b59290be3f8f620,20,0.5851219415664672,0.5803486108779907,0.5638014078140259,0.628700852394104
book_3b6b04637304e63a,20,0.5389309674501419,0.5391533374786377,0.5031955242156982,0.604604959487915
book_3b834342ee620dec,20,0.5826848298311234,0.578842282295227,0.5611664652824402,0.623805582523346
book_3b881b02d259bafa,20,0.5777506619691849,0.5709231793880463,0.5589830279350281,0.646425724029541
book_3b8e0d2a26cd5781,20,0.5671411395072937,0.5637525320053101,0.531253457069397,0.6586928963661194
book_3b94e82269556ff4,20,0.557258203625679,0.5575683116912842,0.5350960493087769,0.6037579774856567
book_3bae106c638fb57e,20,0.5972674310207366,0.5873628854751587,0.5724204778671265,0.6871515512466431
book_3bc279e326540e45,20,0.5582497000694275,0.5519990921020508,0.5394627451896667,0.5839031934738159
book_3bc4ce08c160b6cb,20,0.5498326152563096,0.5463719964027405,0.5311892032623291,0.6008585691452026
book_3bc67020ac12fabe,20,0.45348485857248305,0.4468144178390503,0.43813806772232056,0.5070966482162476
book_3bcab5c928011a05,20,0.5909831255674363,0.5810947418212891,0.5044759511947632,0.6879363656044006
book_3bd6d93e89ab72f6,20,0.6468324512243271,0.5917378664016724,0.5520838499069214,0.8132323026657104
book_3be03efd82399a00,20,0.5894701957702637,0.5349426567554474,0.5110498666763306,0.8541438579559326
book_3c2aba99b2637e68,20,0.5823347866535187,0.576498806476593,0.5708830952644348,0.6323514580726624
book_3c3b9540a5e5a5e9,20,0.5465070843696594,0.5382522642612457,0.5260055661201477,0.5890172719955444
book_3c49e965eb2eba86,20,0.5688962996006012,0.5628751218318939,0.5449302792549133,0.6038516759872437
book_3c5c4136c2fc84cc,20,0.5376991003751754,0.5308123528957367,0.5177733302116394,0.5743429660797119
book_3c713f7ce8209844,20,0.4404008686542511,0.4295002818107605,0.39860662817955017,0.4973447918891907
book_3c93a95e0ca4ece3,20,0.5118855729699134,0.5092242658138275,0.4918120503425598,0.5455644130706787
book_3cac88a61662d3fa,20,0.5260805785655975,0.5213168859481812,0.5071579217910767,0.5596981048583984
book_3cdb9e4fd7c2955f,20,0.4948271796107292,0.48627330362796783,0.44201338291168213,0.5908069610595703
book_3ce477e51486eb95,20,0.5460058152675629,0.5385592579841614,0.5275665521621704,0.6087543964385986
book_3cf8a011486b59f1,20,0.6003449469804764,0.5935808420181274,0.583404541015625,0.6474509239196777
book_3cf9450a2ba464dd,20,0.601221352815628,0.5924240052700043,0.5734103322029114,0.6719251871109009
book_3d0010515f10a6f3,20,0.4891846626996994,0.45857498049736023,0.4395827054977417,0.942583441734314
book_3d052b7d67b9b79e,20,0.5555726647377014,0.5548061430454254,0.5273359417915344,0.6137253046035767
book_3d2716b5c9534846,20,0.5759670376777649,0.5745623707771301,0.5572010278701782,0.6004641056060791
book_3d3c94b18a1df7bf,20,0.5188574522733689,0.513485312461853,0.5003679394721985,0.571358323097229
book_3d41a0feca8f4043,20,0.5080879539251327,0.5017582476139069,0.48193228244781494,0.5431035161018372
book_3d54503e81f48cbe,20,0.5676052838563919,0.5578466653823853,0.5457704067230225,0.6411564350128174
book_3d616906a5477496,20,0.49611994028091433,0.48899224400520325,0.468366801738739,0.5717714428901672
book_3d6950164ebe5205,20,0.7839531600475311,0.7752982378005981,0.7602417469024658,0.883989155292511
book_3d768b2a24cd3283,20,0.5117973327636719,0.5021347403526306,0.48091617226600647,0.6108373999595642
book_3d8e6eb218b9edf8,20,0.5318198800086975,0.5276284217834473,0.5153388977050781,0.5650699138641357
book_3dc40e0dd790ab09,20,0.498098249733448,0.4892219752073288,0.47502946853637695,0.5415821075439453
book_3dce0b2821ff9c91,20,0.4567351475358009,0.44933851063251495,0.4328932762145996,0.5195806622505188
book_3ddb4b7c79478670,20,0.5354262083768845,0.5288492441177368,0.5132952332496643,0.6040017604827881
book_3df6374880e49464,20,0.5188364490866662,0.5135416686534882,0.48391345143318176,0.64483642578125
book_3dfcb144d6eb58dd,20,0.625710953772068,0.605222761631012,0.4710444211959839,0.8645530343055725
book_3e00d5aeb8fa0f64,20,0.5047994628548622,0.5045778453350067,0.48361238837242126,0.5392496585845947
book_3e0519735898005a,20,0.49792479127645495,0.48539361357688904,0.4616699516773224,0.5951666235923767
book_3e2ec577fea65f3c,20,0.5474111616611481,0.5429162085056305,0.5184462070465088,0.5972884893417358
book_3e2f88f6b84d723e,20,0.6174308061599731,0.6152762472629547,0.592689037322998,0.6752305030822754
book_3e31ef193d231bc9,20,0.30759944319725036,0.27291105687618256,0.2594873905181885,0.6034658551216125
book_3e4d36c2dbcdf58d,20,0.5006933346390724,0.4932069182395935,0.47054949402809143,0.5493491888046265
book_3e503f0c7a508749,20,0.5012441247701644,0.49281422793865204,0.4797859787940979,0.5843130350112915
book_3e5480df3ace311b,20,0.5563542902469635,0.5533754229545593,0.5367297530174255,0.6045377254486084
book_3e6962f28655d385,20,0.7763653367757797,0.7749617099761963,0.748823344707489,0.8137948513031006
book_3e70257e874fafe1,20,0.40107941031455996,0.3890210688114166,0.37576842308044434,0.4883973002433777
book_3e796536590bf416,20,0.6931711882352829,0.686166912317276,0.667701005935669,0.7432612776756287
book_3e8c7714c1e9f4fb,20,0.43568006753921507,0.42876531183719635,0.3916874825954437,0.5026366114616394
book_3e99da4f55b54487,20,0.6893646836280822,0.6437311768531799,0.538673460483551,0.9539719223976135
book_3eb5f1f04e5a35e3,20,0.5971397310495377,0.5932985544204712,0.5781608819961548,0.6418216228485107
book_3edf054a871bb041,20,0.6132419556379318,0.6044306755065918,0.592879593372345,0.6643574237823486
book_3edfd5bc3160896c,20,0.5028506815433502,0.4978625476360321,0.47955167293548584,0.5655879974365234
book_3efbeea54f8dcfc6,20,0.525074316561222,0.5186881124973297,0.49648207426071167,0.5909620523452759
book_3f484f2ee9101727,20,0.5286345094442367,0.5208418965339661,0.5124975442886353,0.5993258953094482
book_3f7b389fe8dfba97,20,0.5244895160198212,0.5190850794315338,0.5081727504730225,0.5625865459442139
book_3f89b75ec37a98f9,20,0.48790417462587354,0.4810294210910797,0.4616960287094116,0.5516670942306519
book_3f8bf5d8d168d820,20,0.46701886504888535,0.46099044382572174,0.44141414761543274,0.5387210845947266
book_3fb5a9b70ff12d96,20,0.5551084548234939,0.5463595986366272,0.5346267223358154,0.6282418370246887
book_3fc41efd36d45d71,20,0.5093952149152756,0.5125286281108856,0.47219130396842957,0.564434826374054
book_4019451fcf2f69df,20,0.4508500352501869,0.4488378167152405,0.4299383759498596,0.5026388168334961
book_401d35df7160bb9b,20,0.4912193790078163,0.4855002164840698,0.46202486753463745,0.5341615676879883
book_40307bb8f4234c6e,20,0.7293936550617218,0.7232559025287628,0.7000911235809326,0.859754204750061
book_4040f524a7fe31f6,20,0.5532390981912613,0.5472889542579651,0.5375230312347412,0.6127347946166992
book_4046578250123cc3,20,0.5002078115940094,0.5009257942438126,0.45505204796791077,0.5802911520004272
book_40477888d71f7e63,20,0.49588346779346465,0.4893471598625183,0.4727226197719574,0.5629129409790039
book_4047d748110b00ae,20,0.5268184334039688,0.511296808719635,0.48843348026275635,0.6580532789230347
book_4055ab3235bce00b,20,0.5970676094293594,0.590671181678772,0.5710335969924927,0.6710892915725708
book_406cdeadb48650cc,20,0.5127423748373985,0.4968901425600052,0.47491174936294556,0.607624888420105
book_408696c4e96d28d8,20,0.5234504908323288,0.5168017446994781,0.5009835362434387,0.5612181425094604
book_4087ce255ff7f83a,20,0.47856408953666685,0.47625425457954407,0.45227813720703125,0.5449378490447998
book_40c50d3705a03137,20,0.5425908714532852,0.5385065376758575,0.5231437683105469,0.5907902717590332
book_40c5d6341fb3eed3,20,0.48120120614767076,0.4635273218154907,0.42905309796333313,0.6450434923171997
book_40c77c1a95cbeb78,20,0.7793185204267502,0.7719380557537079,0.7450309991836548,0.8205605745315552
book_40d1eb3ae8370500,20,0.5479135513305664,0.5434790253639221,0.5296109914779663,0.5827181339263916
book_40dafb324311372c,20,0.5479212760925293,0.5353835225105286,0.513268768787384,0.6436889171600342
book_40f91dd7176be884,20,0.5312374144792557,0.5285436511039734,0.512094259262085,0.5626540184020996
book_410914c36fda7d8f,20,0.5325454443693161,0.5244989097118378,0.5070599317550659,0.5908104181289673
book_41178319f9d0bd21,20,0.5410155981779099,0.5362542867660522,0.5221783518791199,0.5835442543029785
book_413776b61cebc046,20,0.3804566770792007,0.36571384966373444,0.34226298332214355,0.5226669907569885
book_413a2f5d4080d1e8,20,0.4317946061491966,0.42404720187187195,0.40869536995887756,0.5224615335464478
book_413eb2dcdad44192,20,0.5205570533871651,0.5073664784431458,0.48967471718788147,0.5918693542480469
book_413ff28238e880c0,20,0.5074899986386299,0.5002145171165466,0.49002790451049805,0.571358323097229
book_4142a69f0f10b15e,20,0.5373447328805924,0.5125280022621155,0.48468542098999023,0.7808868885040283
book_4147c9b86a6ac473,20,0.5198527827858925,0.5041538774967194,0.49017924070358276,0.7164137959480286
book_414d7af98d622b94,20,0.4842915490269661,0.47565075755119324,0.4481162428855896,0.549629271030426
book_41552d7213aa4136,20,0.39865115135908125,0.39208099246025085,0.3726468086242676,0.449861079454422
book_41704f7285ecbd1c,20,0.4570032596588135,0.45667892694473267,0.4417758584022522,0.48248910903930664
book_4195b55c1ef80a1c,20,0.45600136667490004,0.43510428071022034,0.40482282638549805,0.8873245716094971
book_41a621d43f484a67,20,0.38197562098503113,0.37885691225528717,0.31887349486351013,0.45937830209732056
book_41a8258e3828bdce,20,0.5506905287504196,0.5332522988319397,0.5223855972290039,0.7403570413589478
book_41b73577d65202e1,20,0.54066561460495,0.5364538133144379,0.5087864995002747,0.6268643140792847
book_41bb70e39e0ccb95,20,0.5606714278459549,0.559263288974762,0.5445566773414612,0.5860096216201782
book_41c10bddf89a7c1c,20,0.4683025673031807,0.4655735492706299,0.4515047073364258,0.5046092867851257
book_41c6a337e59b2158,20,0.48964650332927706,0.4917351007461548,0.46558961272239685,0.5085722208023071
book_41cf45f077591a93,20,0.5524764120578766,0.5489920377731323,0.5377566814422607,0.5949859023094177
book_41f81946dfb55100,20,0.5563219010829925,0.5313717126846313,0.5086332559585571,0.7551122903823853
book_42209cf853c5ca9b,20,0.5306687772274017,0.527673602104187,0.5163763165473938,0.5672173500061035
book_42588cef940eeadf,20,0.44785063415765763,0.4388076066970825,0.3937826156616211,0.5499483346939087
book_42801930f431de0b,20,0.5513404399156571,0.5467389225959778,0.5242142677307129,0.6178882718086243
book_42989c16fad78c05,20,0.5174718245863914,0.5122017860412598,0.4997599422931671,0.5801470279693604
book_42a5a16a8abc153b,20,0.5324635237455368,0.5307096242904663,0.5145068168640137,0.5841373205184937
book_42ce1f5ea7706106,20,0.5648375123739242,0.550122857093811,0.5379128456115723,0.6676092147827148
book_42e9fa16f92dc650,20,0.5686581373214722,0.5651361644268036,0.5540443658828735,0.5921766757965088
book_42ed24ca5ec98679,20,0.4969316110014915,0.48795197904109955,0.46557170152664185,0.579757809638977
book_42f3e5275ce06bf0,20,0.3862482264637947,0.36937037110328674,0.3445143699645996,0.5249454975128174
book_4307ce4cbf3d1a4e,20,0.7395600795745849,0.7315930724143982,0.7044000625610352,0.7971357703208923
book_430955cb9f40d54a,20,0.4942025229334831,0.4899805039167404,0.4748383164405823,0.5444976687431335
book_4319c22130821ee1,20,0.5783260703086853,0.5741536319255829,0.5605757236480713,0.6063261032104492
book_431be797b1627c46,20,0.6046591967344284,0.6002142429351807,0.5909955501556396,0.6444036364555359
book_43216df63238c1a1,20,0.5097665041685104,0.5072838068008423,0.4948071539402008,0.5406354069709778
book_434bab2cc080d5b1,20,0.5814259082078934,0.573861300945282,0.5518525242805481,0.6369219422340393
book_4353ed8acd57d1a9,20,0.44258538335561753,0.4309697449207306,0.4128062129020691,0.4962736964225769
book_436119d71542658f,20,0.4960013195872307,0.48072436451911926,0.4598569869995117,0.6143099069595337
book_4363f9ce2567ec45,20,0.5519429326057435,0.5533901751041412,0.5268861055374146,0.5791021585464478
book_4367818f0e83429e,20,0.5310478836297989,0.5260358452796936,0.5086363554000854,0.58570396900177
book_4387560b1141d752,20,0.5445249646902084,0.5395678281784058,0.5222992897033691,0.5942283868789673
book_43a029cc8de826d4,20,0.4732853651046753,0.4717629849910736,0.45136135816574097,0.5055482387542725
book_43a2cd51f4d9df51,20,0.45972360521554945,0.4548344761133194,0.4268815815448761,0.5209699869155884
book_43b3bf7032efabaf,20,0.598531061410904,0.5937180519104004,0.5716203451156616,0.6552423238754272
book_43b585633af7e9d3,20,0.5679739773273468,0.5588831305503845,0.43742072582244873,0.7980215549468994
book_43d6274fcb406433,20,0.8091830223798752,0.8021773099899292,0.7791168093681335,0.9737175703048706
book_43d6a936179e0c54,20,0.5329503223299981,0.5084519982337952,0.4883478879928589,0.7488105297088623
book_43e729e95e070145,20,0.5093798831105232,0.50652676820755,0.49140664935112,0.5377081632614136
book_4416fcf86aee3ddf,20,0.5661916404962539,0.5572363138198853,0.5497845411300659,0.6195427179336548
book_442b35fb712884ce,20,0.4885122001171112,0.47969499230384827,0.4657166004180908,0.5593714118003845
book_443bcf402a6e2970,20,0.5507430911064148,0.5297322571277618,0.5027902722358704,0.7321422100067139
book_44522e1c914dd280,20,0.5183315575122833,0.5134499669075012,0.4903446137905121,0.5830895900726318
book_446a414264c8ad2f,20,0.5451473832130432,0.5361555218696594,0.5269860029220581,0.6152085661888123
book_446d4ffe3f6cc487,20,0.5099437162280083,0.4922061711549759,0.4687599837779999,0.6317802667617798
book_446e0a3dca00ba1f,20,0.5018307745456696,0.49153147637844086,0.48166483640670776,0.5762999057769775
book_447ce4a5925dc2c8,20,0.5431406497955322,0.5336318612098694,0.5232301354408264,0.595264196395874
book_448807c9ba37cf29,20,0.5809849828481675,0.5661633610725403,0.5472954511642456,0.74503493309021
book_4493352eda3c1aab,20,0.7301829099655152,0.7250321507453918,0.7062702178955078,0.793736457824707
book_449afbaa2fe43727,20,0.5575739651918411,0.5505494773387909,0.5351563096046448,0.6345189809799194
book_451e662caa463536,20,0.4581597879528999,0.44749942421913147,0.4338330030441284,0.5080960988998413
book_45311bc5c48f171f,20,0.4947126030921936,0.49295774102211,0.4719438850879669,0.5281720161437988
book_4533c98fc420b2db,20,0.5441910654306412,0.5351158082485199,0.510265588760376,0.6954391002655029
book_4534e1b80a506725,20,0.46632307916879656,0.46450525522232056,0.4377271234989166,0.5119293332099915
book_45380546c885c94f,20,0.5111004054546356,0.5039584934711456,0.4909466803073883,0.5966005325317383
book_4539e07773c16c96,20,0.7763929337263107,0.7684623599052429,0.7524898052215576,0.81656813621521
book_454dac63ff7f1b8c,20,0.49178130775690077,0.48643313348293304,0.47041308879852295,0.5430325269699097
book_454f146c813b3481,20,0.5641734659671783,0.5590108931064606,0.546753466129303,0.6263427138328552
book_455cd3c3a9e5869a,20,0.44604181349277494,0.44148534536361694,0.4285928010940552,0.47104915976524353
book_456656e13e6c716d,20,0.5946264773607254,0.5920255780220032,0.5393085479736328,0.6714150309562683
book_456ad37ae38b93e8,20,0.5237245857715607,0.5160897374153137,0.5073000192642212,0.5789111256599426
book_456bb558668b0fd4,20,0.5187681645154953,0.5084462761878967,0.49295395612716675,0.5781433582305908
book_45708e0da52d981d,20,0.4782945305109024,0.47961506247520447,0.4541184902191162,0.554538905620575
book_4577a4c2cb34dcbb,20,0.5196770817041397,0.48622968792915344,0.4776422381401062,0.9896722435951233
book_457a5721c0f61428,20,0.47554186880588534,0.4675687998533249,0.4514147639274597,0.5203046798706055
book_4580312c030a84f4,20,0.5774706393480301,0.5675385296344757,0.5513063669204712,0.6356801986694336
book_4591ba7a95fa21ba,20,0.5644116967916488,0.5592943131923676,0.5366799831390381,0.6299628615379333
book_4596c034194a3f1e,20,0.5718307942152023,0.5698359608650208,0.5532230138778687,0.6250302791595459
book_4598456962eb868f,20,0.4913792908191681,0.4376377463340759,0.41541314125061035,0.8343943953514099
book_45ba3cd6d5ec869f,20,0.581065371632576,0.5668333172798157,0.5367318987846375,0.7545788288116455
book_45bb92a4cd968975,20,0.5405617475509643,0.5304811298847198,0.5152673721313477,0.6307410597801208
book_45cab445efc79ecb,20,0.5563823908567429,0.5549746155738831,0.5392208695411682,0.5798022747039795
book_45e80edc94d9ee4d,20,0.5445993542671204,0.5354811549186707,0.5248582363128662,0.6044511795043945
book_45febfddaacdbca9,20,0.5483166664838791,0.5491918623447418,0.5308897495269775,0.5804754495620728
book_461d2f762627185c,20,0.5794942408800126,0.5730040371417999,0.5595217943191528,0.6227957010269165
book_4625bd3a03631663,20,0.5500926524400711,0.5389401018619537,0.5150302052497864,0.6730540990829468
book_4637fc852d23e89c,20,0.5109548225998879,0.5102209150791168,0.489368736743927,0.545746922492981
book_4659accefe58aa14,20,0.5385929644107819,0.5339736342430115,0.5163108706474304,0.5874446630477905
book_4668e03b9ddc0564,20,0.5446007490158081,0.5418666005134583,0.5225744247436523,0.5797930955886841
book_46736ead33d8d980,20,0.6074194550514221,0.5970457792282104,0.5733504891395569,0.7176793813705444
book_46985b7f91fcc80b,20,0.5973961055278778,0.5939796566963196,0.5749932527542114,0.6587578058242798
book_46ff1e51c98b9fe9,20,0.4954018533229828,0.4924441874027252,0.4770860970020294,0.5613709688186646
book_4716a973b0d73612,20,0.5264674931764602,0.5225292444229126,0.5036059021949768,0.5931336879730225
book_47260db1082eaff6,20,0.34812711030244825,0.32681889832019806,0.31478291749954224,0.451007604598999
book_472eb9123c8d469d,20,0.5367799445986747,0.514128714799881,0.49554717540740967,0.7055723667144775
book_475437c23206020a,20,0.5295153766870498,0.5307682156562805,0.48855000734329224,0.6038243174552917
book_47568704677f12b2,20,0.6704754918813706,0.6654882431030273,0.6360535621643066,0.7357161045074463
book_47a0e22b2125f54d,20,0.5321853250265122,0.5218751728534698,0.5103170871734619,0.6355706453323364
book_47a492ed64de1e38,20,0.5748149871826171,0.5717204809188843,0.5576648116111755,0.6268060207366943
book_47a6b994ec41014c,20,0.4010360881686211,0.39134664833545685,0.3736952543258667,0.5186631679534912
book_47b0aabbaf162b53,20,0.4887210354208946,0.4758322238922119,0.46460139751434326,0.5364082455635071
book_47b17a2d36883545,20,0.554022803902626,0.5511470437049866,0.5385510921478271,0.589346170425415
book_47c06284d50da265,20,0.5343052104115487,0.5209112465381622,0.4859890043735504,0.6863566040992737
book_47cf1278c1af8db8,20,0.5786379903554917,0.5751275718212128,0.5502904057502747,0.622711181640625
book_47d99884e4d87c4c,20,0.49367901086807253,0.4808185398578644,0.47178006172180176,0.5835803747177124
book_47e56a188b222b5b,20,0.5474932879209519,0.5413384139537811,0.5270939469337463,0.6057683825492859
book_4810b011401f52b4,20,0.5503734469413757,0.542077898979187,0.5261638760566711,0.600741446018219
book_483a3a73747df180,20,0.5910038113594055,0.5864792466163635,0.5659795999526978,0.679904580116272
book_484712ecbda85454,20,0.6058567762374878,0.6048544049263,0.5846915245056152,0.6363545656204224
book_484f7a6d41d76e95,20,0.5464820086956024,0.5407769083976746,0.5298334360122681,0.5859571099281311
book_4860f2b48e4f6935,20,0.4977968767285347,0.4822230935096741,0.459894597530365,0.6858154535293579
book_48667f62c102bb9d,20,0.5903470009565354,0.5831559002399445,0.5623629689216614,0.6483142375946045
book_4870fdbce4215054,20,0.5661580979824066,0.5376377701759338,0.512397050857544,1.000000238418579
book_4885f1a6094be612,20,0.6072087287902832,0.5720594227313995,0.5606899857521057,0.9999999403953552
book_49029e4039056a0d,20,0.4263066589832306,0.4238590598106384,0.38842302560806274,0.5222198963165283
book_49300cd36dca9581,20,0.533945569396019,0.5133819282054901,0.5000317096710205,0.6228781938552856
book_493e62d1377f4027,20,0.5530707180500031,0.5406622290611267,0.5062137246131897,0.6552824974060059
book_49404c61b0af0004,20,0.5649926066398621,0.5629909634590149,0.5390708446502686,0.6210246086120605
book_4947be7238bdb5d8,20,0.47675551325082777,0.4493768811225891,0.4343975782394409,0.7690538167953491
book_495438fd8753efd6,20,0.5120436996221542,0.5019128322601318,0.4807789623737335,0.623998761177063
book_4957e25f2a7869e7,20,0.6057024478912354,0.5948928892612457,0.5675756931304932,0.6704990863800049
book_4973918d04cfeee6,20,0.5305078744888305,0.5269401371479034,0.508880078792572,0.5748554468154907
book_4978443da9aa7ed0,20,0.5082570537924767,0.4972391873598099,0.48944512009620667,0.575669527053833
book_4988638eb1cdc64c,20,0.5647179454565048,0.5490260422229767,0.5306648015975952,0.6777536869049072
book_49a34c489e1ddc67,20,0.5134779155254364,0.5168692469596863,0.49213501811027527,0.5540043115615845
book_49a4118cc6fbf459,20,0.576939907670021,0.5665089190006256,0.5514770150184631,0.6305378675460815
book_49da0fbc8904e2f5,20,0.5513136923313141,0.5427819192409515,0.5234521627426147,0.6082256436347961
book_49e3bbdb47032c02,20,0.601348003745079,0.5873848795890808,0.5789465308189392,0.7298691868782043
book_49e4f122a6ef63e6,20,0.4584715083241463,0.4474361687898636,0.4298464059829712,0.5512873530387878
book_49e5e7c5f23fce91,20,0.5091959655284881,0.5035631358623505,0.4910585880279541,0.578026294708252
book_49f1ee41cd8905c7,20,0.5344253093004226,0.5234538018703461,0.5130446553230286,0.6367465257644653
book_4a09172ab1b8983f,20,0.5750076621770859,0.5713075399398804,0.5260571241378784,0.6670559644699097
book_4a0d725d3c3163f4,20,0.5219164311885833,0.519890308380127,0.5002421736717224,0.5482206344604492
book_4a5f2963c6d14bfb,20,0.5402069717645646,0.536954253911972,0.5260227918624878,0.5665299892425537
book_4a8048eda9f18660,20,0.5164580136537552,0.5133931040763855,0.4988105297088623,0.5429663062095642
book_4a8af154ab3bea4e,20,0.510213190317154,0.5066190361976624,0.4927367866039276,0.559377908706665
book_4a8e2fb4149b5666,20,0.5367692425847054,0.515805721282959,0.49751636385917664,0.6361454725265503
book_4a91ca646221d723,20,0.5326570570468903,0.5255433320999146,0.5154247283935547,0.5668091773986816
book_4ac2dea86ecf0e8c,20,0.48576312214136125,0.4739052951335907,0.46123501658439636,0.5440381169319153
book_4ad41c104e676998,20,0.567827171087265,0.5659995973110199,0.556300163269043,0.5862213373184204
book_4ae21c63e114e762,20,0.5843446433544159,0.579752117395401,0.5669105052947998,0.6221021413803101
book_4b044cfe87fa8206,20,0.531252098083496,0.5276400446891785,0.4995514750480652,0.5922912359237671
book_4b06783b0dc84876,20,0.5150713384151459,0.4871404320001602,0.45835334062576294,0.6658223867416382
book_4b264f99ba6c129b,20,0.5623189032077789,0.5514126718044281,0.5339815616607666,0.6161754131317139
book_4b2a62e58cd3086c,20,0.547169628739357,0.5409843027591705,0.5303909182548523,0.5881140232086182
book_4b3b801bd67f24e4,20,0.4168927684426308,0.41002941131591797,0.388622522354126,0.4699658751487732
book_4b58f479677ddcd7,20,0.48764522224664686,0.4854269325733185,0.4739711880683899,0.5151358246803284
book_4b5d959dd62d6fc0,20,0.5483317971229553,0.5442079305648804,0.5220307111740112,0.5903888940811157
book_4b64c3749b1200f8,20,0.5500259906053543,0.5422704219818115,0.517997145652771,0.6740128993988037
book_4b6610b1810f80d7,20,0.547201207280159,0.5331181287765503,0.5259591341018677,0.6029493808746338
book_4b84bba2fa3c97e5,20,0.372263465821743,0.36289599537849426,0.34752416610717773,0.43152597546577454
book_4b881073679822d8,20,0.6057013303041459,0.5974431335926056,0.5747127532958984,0.6527116894721985
book_4b8cb9e5ebf98dd5,20,0.5007378771901131,0.48454898595809937,0.4645845890045166,0.6978242993354797
book_4bce980111d660ef,20,0.4776894375681877,0.464438796043396,0.4554581046104431,0.5583791136741638
book_4bd987941a206820,20,0.5136132359504699,0.5100417733192444,0.49706393480300903,0.5550949573516846
book_4be62b1c1cc544f4,20,0.5515516847372055,0.5492681562900543,0.535854160785675,0.5954341888427734
book_4bfd56743b8acd42,20,0.5611533880233764,0.5607079267501831,0.5275806188583374,0.6261773109436035
book_4c021aa288de81b6,20,0.520195235311985,0.5125081539154053,0.49733060598373413,0.5849036574363708
book_4ca980ecda6d679b,20,0.39467753618955614,0.3886849284172058,0.3683910369873047,0.4333420991897583
book_4ccf81d120d3e2dd,20,0.5561739027500152,0.5512303709983826,0.5389566421508789,0.6151626706123352
book_4cecab4b994ab40d,20,0.503211858868599,0.494458943605423,0.4783325791358948,0.5659209489822388
book_4d0e8c0d4a4ff3ac,20,0.43706486076116563,0.407795250415802,0.343170166015625,0.617108941078186
book_4d1960f48469935a,20,0.5522963672876358,0.5464991927146912,0.5348993539810181,0.6040151119232178
book_4d753b2ba02d5415,20,0.6361115217208863,0.6290464401245117,0.6188187599182129,0.6643574237823486
book_4d8546112c587dee,20,0.5276294440031052,0.5229607224464417,0.5124987363815308,0.5731633305549622
book_4d8acd3c8bec90c7,20,0.5618571996688843,0.5543582439422607,0.5301415920257568,0.6331853866577148
book_4d8bcfaf58f69d53,20,0.5170530334115029,0.4995938241481781,0.48535627126693726,0.5864500999450684
book_4d9790fb97e78679,20,0.5641952782869339,0.5566253364086151,0.5407726168632507,0.6391310691833496
book_4da22e63c78b0ac0,20,0.5033938691020012,0.5021535158157349,0.4837910234928131,0.5435259342193604
book_4db00808848d28c3,20,0.6187304079532623,0.6068556308746338,0.5843645930290222,0.7098443508148193
book_4db9b394d649b9bb,20,0.47472243309020995,0.45199909806251526,0.41998055577278137,0.7042839527130127
book_4dc73f96322a5d40,20,0.5337080806493759,0.5294384956359863,0.5025601387023926,0.596015453338623
book_4ddd5ef6448c9f45,20,0.771118625998497,0.7637217044830322,0.7414785623550415,0.8082034587860107
book_4de4eec905f5cc04,20,0.612144285440445,0.59469935297966,0.5595911145210266,0.9158174991607666
book_4de649b97a3de65b,20,0.4750449523329735,0.4726938158273697,0.45402777194976807,0.5133816003799438
book_4deaefad985ece5a,20,0.46339784264564515,0.44698402285575867,0.4338487982749939,0.6260308027267456
book_4df37b1bdce2e151,20,0.5419179290533066,0.5384103655815125,0.5191658735275269,0.602014422416687
book_4e1fd318c067d5a0,20,0.4983478456735611,0.4909762740135193,0.47878479957580566,0.5447603464126587
book_4e25d4da833f55d4,20,0.5995225638151169,0.5869725346565247,0.5579085350036621,0.7116566896438599
book_4e2a8cd7ba583f0e,20,0.5821601778268815,0.5666782557964325,0.5554637908935547,0.7669083476066589
book_4e4172376a5c1c1b,20,0.5254996582865715,0.5066781044006348,0.49296510219573975,0.6204271912574768
book_4e4a2c2ceb91bf59,20,0.5540187984704972,0.5445633232593536,0.5324837565422058,0.5927109718322754
book_4e4a901fbdad5cfd,20,0.5062231123447418,0.5090847909450531,0.48164403438568115,0.562651515007019
book_4e57c84f72b55fa5,20,0.5337806552648544,0.5302874445915222,0.5153157711029053,0.5612508654594421
book_4e8c6865b7664b18,20,0.5250900954008102,0.5172222554683685,0.5002095103263855,0.5788705348968506
book_4e96b3a2c3164154,20,0.5818311244249343,0.5779469013214111,0.5516993403434753,0.6474490165710449
book_4eaa815d54e94b05,20,0.5464542210102081,0.5442212224006653,0.5247383713722229,0.5861599445343018
book_4eac6529c7bab249,20,0.48495217859745027,0.4806436449289322,0.45712894201278687,0.523440957069397
book_4eae0b7983b5413e,20,0.5388661816716194,0.5030579566955566,0.4701411724090576,0.7003357410430908
book_4ed5f8050538c69c,20,0.569863012433052,0.5690325200557709,0.5446048974990845,0.6170783042907715
book_4ee48df99f0db5e2,20,0.4786839485168457,0.43855026364326477,0.42427849769592285,0.8342130184173584
book_4efa4ea21f3706fe,20,0.5299789637327195,0.5302794575691223,0.5128054618835449,0.5676047801971436
book_4efaee975d6e3309,20,0.47248203605413436,0.45155857503414154,0.41057029366493225,0.7263980507850647
book_4f08e3059191a03f,20,0.5904158025979995,0.5834966897964478,0.5610631108283997,0.657810628414154
book_4f12353a733dbe22,20,0.49031302332878113,0.48419560492038727,0.4741894006729126,0.5386502742767334
book_4f201ed0949bfc28,20,0.5030751749873161,0.4971463680267334,0.4787025451660156,0.5913621783256531
book_4f333a1e46a3cd68,20,0.4619341254234314,0.4585893303155899,0.42491650581359863,0.5082031488418579
book_4f44bdc30f1e2b9a,20,0.6223130017518997,0.6067791283130646,0.5945759415626526,0.7020138502120972
book_4f72e2b52147d1e0,20,0.5224319115281105,0.5180286765098572,0.4860861599445343,0.6370750665664673
book_4f8c0d246fec07ca,20,0.6084592372179032,0.6050748825073242,0.5850801467895508,0.6498817205429077
book_4f9ea999bd5d3324,20,0.5099406361579895,0.5036742985248566,0.4753759801387787,0.6032093167304993
book_4fa8281a0014c8a4,20,0.5471530213952065,0.5374554693698883,0.49048906564712524,0.6681276559829712
book_4fb2a03f2c236bb1,20,0.5139316827058792,0.5144081115722656,0.4892359972000122,0.5403675436973572
book_4fb4deb1952c90c9,20,0.6003811299800873,0.5949690937995911,0.5717073082923889,0.6956667900085449
book_500425e5c0c507df,20,0.46733479350805285,0.4639216363430023,0.4518473744392395,0.5123428702354431
book_500c94480470e327,20,0.44666686058044436,0.41036486625671387,0.3748708963394165,0.7621610760688782
book_502964e2907b545b,20,0.5445701301097869,0.5353123247623444,0.5262819528579712,0.5797328352928162
book_502bd7950f428739,20,0.5354496866464615,0.532756119966507,0.5187548995018005,0.5733382105827332
book_5059af8ff3ffaa35,20,0.5579596430063247,0.5616304278373718,0.5434317588806152,0.5793708562850952
book_505c3129f1045310,20,0.5497475236654281,0.5456246435642242,0.5278087854385376,0.5971284508705139
book_506bb4093d6b84fd,20,0.5433190762996674,0.5402483940124512,0.519441545009613,0.6173235177993774
book_506cdd63ecad4592,20,0.5166780084371567,0.5080750286579132,0.485050767660141,0.6076351404190063
book_507c0840abdd16ca,20,0.4404256284236908,0.4379732012748718,0.41343486309051514,0.47569817304611206
book_509879d935a4db51,20,0.5432559996843338,0.533218502998352,0.5202114582061768,0.6586570739746094
book_50ab96e56b9c8f03,20,0.510861599445343,0.509300947189331,0.4943700432777405,0.5421779751777649
book_50d34a0f559dfcae,20,0.4842712953686714,0.4729788452386856,0.4414222240447998,0.5590049028396606
book_50f2a3542f005a5a,20,0.5333181113004685,0.5339491367340088,0.5172046422958374,0.5482361316680908
book_50f342764813d9c5,20,0.5285486504435539,0.5239564776420593,0.49887529015541077,0.5849913954734802
book_51018dcb95091df1,20,0.6127413630485534,0.6122860908508301,0.5945007801055908,0.6402089595794678
book_510b8dfb1255cf2f,20,0.5884211838245392,0.5587737262248993,0.5386451482772827,0.9548527598381042
book_5110c3c876c9730b,20,0.5486922889947892,0.5439359545707703,0.5332472324371338,0.592943549156189
book_51117bb7c3d1717e,20,0.5235053718090057,0.5149572491645813,0.4953669607639313,0.5928213596343994
book_511744b040b709fd,20,0.600462481379509,0.5927393734455109,0.58038729429245,0.6726148128509521
book_512eec1f0e386c41,20,0.6419028669595719,0.6319092214107513,0.620834231376648,0.7044563889503479
book_513103c9f6b97f96,20,0.5809874355792999,0.5660591423511505,0.5607210397720337,0.6648048162460327
book_5160afa8ad3e14c0,20,0.6120660901069641,0.5966348946094513,0.5815652012825012,0.6909087896347046
book_516cffd2db2ae6c6,20,0.5534456998109818,0.5471997857093811,0.5301086902618408,0.605270266532898
book_51769dad7b5a9de0,20,0.595358258485794,0.5910830497741699,0.5821717977523804,0.6310508251190186
book_51864dca842ad84e,20,0.46011240482330323,0.4544595181941986,0.44460272789001465,0.49280697107315063
book_51def82bcde74f69,20,0.53170355707407,0.4899926036596298,0.4700007438659668,0.9557844400405884
book_51dfd2fa69135d1c,20,0.515896663069725,0.5155917406082153,0.4854735732078552,0.568105161190033
book_5206aab3425d320f,20,0.5422127157449722,0.5358439683914185,0.516708493232727,0.5876748561859131
book_5230a4f36947b214,20,0.6935322284698486,0.682058185338974,0.6695486307144165,0.7514536380767822
book_5234077034da722f,20,0.5137939631938935,0.5012329518795013,0.48881039023399353,0.5882291197776794
book_524626107835f021,20,0.5862545609474182,0.582941323518753,0.5605196356773376,0.6333715915679932
book_525c844973e55d4e,20,0.60750892162323,0.6024895906448364,0.5876584053039551,0.6454296112060547
book_526cbdc44a6e939f,20,0.4990667849779129,0.49199850857257843,0.4758857488632202,0.5455209016799927
book_52780274ffc656ff,20,0.5450503289699554,0.5314999222755432,0.5214393138885498,0.600125789642334
book_52826a72234e257d,20,0.5156959801912308,0.5107686817646027,0.5039032697677612,0.5530368089675903
book_529397abc82bf5f6,20,0.44259686172008517,0.4351384788751602,0.37639468908309937,0.5720418691635132
book_52a6d3ebcc0c4539,20,0.4991598755121231,0.4710266888141632,0.4530903398990631,0.942583441734314
book_52b0f885d0e45ed8,20,0.5762498348951339,0.5697580575942993,0.5388662219047546,0.6717886924743652
book_52b68813514c1aca,20,0.5518776655197144,0.5437747538089752,0.5309276580810547,0.6061429977416992
book_52bb0babfeca0700,20,0.5498592734336853,0.5392654240131378,0.5155972242355347,0.6406614184379578
book_52dbebf8ae240475,20,0.43607726842164996,0.42962127923965454,0.41768938302993774,0.4676764905452728
book_52df238548290730,20,0.5680932551622391,0.5544812083244324,0.5253536701202393,0.7607656121253967
book_52e61f52c3b4fec7,20,0.5904400676488877,0.5764515995979309,0.5579288005828857,0.8143861293792725
book_52f867c1ef4db8fb,20,0.5167970135807991,0.5039401352405548,0.4687826931476593,0.6392300128936768
book_53315d1640b872ec,20,0.5677884638309478,0.5567153990268707,0.5350386500358582,0.64483642578125
book_5333e9aeda6e9cd4,20,0.7702647566795349,0.7611687779426575,0.7400127649307251,0.8404955863952637
book_5337a14e57121b96,20,0.5691968858242035,0.5635410249233246,0.5536043643951416,0.6106767058372498
book_53692b4014a3945f,20,0.5781767904758454,0.5732649862766266,0.5547637939453125,0.6514042615890503
book_537f347e747f8129,20,0.5976960778236389,0.5913042426109314,0.576179027557373,0.6444036364555359
book_53bb22ef2b579ea0,20,0.5010234385728836,0.48122256994247437,0.4657539427280426,0.6571528911590576
book_53c7cf60fc6dedb9,20,0.41121716648340223,0.40920934081077576,0.40087640285491943,0.44101059436798096
book_53cd5c3059c92621,20,0.5007934361696244,0.49341708421707153,0.4679734408855438,0.5366548299789429
book_53eaad48e0395380,20,0.4580064848065376,0.4543413519859314,0.4396606683731079,0.5059403777122498
book_53ef5ef7dda83780,20,0.43461540043354036,0.4174793213605881,0.3869684338569641,0.5996897220611572
book_53fa1505c618c13e,20,0.4787645861506462,0.4755319058895111,0.4538273811340332,0.5415241718292236
book_541f75961981ca0a,20,0.5474783271551132,0.5428688526153564,0.5287528038024902,0.6130021810531616
book_54270bcaf3497de8,20,0.6419764786958695,0.6374485194683075,0.6203566789627075,0.7240475416183472
book_5449c9f901c42011,20,0.575141179561615,0.568369060754776,0.5482956171035767,0.6542551517486572
book_545c8b4ae0c38a83,20,0.5691368281841278,0.558150440454483,0.5486358404159546,0.6635526418685913
book_5468f4ba2496aa1a,20,0.5411882907152176,0.5345870554447174,0.5157332420349121,0.5741821527481079
book_547a7abefe611fa7,20,0.5415304929018021,0.5302424430847168,0.5059430599212646,0.6422110795974731
book_547b04f2aee0a93b,20,0.58192158639431,0.5782297551631927,0.5527344346046448,0.6502043008804321
book_54b07a9eeb545052,20,0.44027368128299715,0.431331530213356,0.4125852584838867,0.5365123748779297
book_54d1b45f9d97b907,20,0.5081491664052009,0.5032240152359009,0.478753924369812,0.5652270317077637
book_54d6cbffec3e0c98,20,0.5550687730312347,0.5417583286762238,0.519447922706604,0.745057225227356
book_54db20d784c20e50,20,0.576048880815506,0.5677775144577026,0.5556918382644653,0.6740797758102417
book_54eec033f6b37d74,20,0.4975575298070908,0.4868074059486389,0.4580135941505432,0.7315941452980042
book_54f7aa5cf40f46ba,20,0.5139775261282921,0.5091485977172852,0.492851197719574,0.547545313835144
book_5510c8f3c45e9d20,20,0.5269282758235931,0.523849606513977,0.5151869058609009,0.5660319924354553
book_55147fc0ab62d6a2,20,0.444339919090271,0.4400581121444702,0.418737530708313,0.4890785217285156
book_55212d080ced95d2,20,0.5815003603696823,0.5756677985191345,0.5463557839393616,0.6293386220932007
book_554580dd150007cf,20,0.5843458235263824,0.5728738903999329,0.528329610824585,0.6955293416976929
book_5547b9ccb64fd8c1,20,0.46012106388807295,0.44668149948120117,0.41000503301620483,0.5325473546981812
book_554ffb3c35345290,20,0.5679433226585389,0.5630516409873962,0.5527752041816711,0.5987213850021362
book_55770e641ffd1f21,20,0.5610894277691841,0.569465309381485,0.47413912415504456,0.6470091342926025
book_558fcd603f7b19c1,20,0.5974250346422195,0.5813187062740326,0.562487006187439,0.7535932064056396
book_559d949fd3989478,20,0.5462331622838974,0.5439585149288177,0.513233482837677,0.5983254909515381
book_55ba9778dd1fd126,20,0.5426644921302796,0.5351071357727051,0.5190401673316956,0.6017282605171204
book_55bb5f2f2122cd2d,20,0.550541877746582,0.546227753162384,0.5243300199508667,0.603164792060852
book_55c446a0764f85c8,20,0.42305304706096647,0.4175950288772583,0.40430253744125366,0.45417213439941406
book_55cc04e85ddebc89,20,0.4101098269224167,0.38695788383483887,0.35766756534576416,0.6776145696640015
book_55dd786dad7c83fe,20,0.5173635900020599,0.5147803723812103,0.4978696405887604,0.5656837224960327
book_55de299ffcc5f87d,20,0.524455013871193,0.5197484791278839,0.5055549740791321,0.5963037610054016
book_55de8ab736fb68e5,20,0.441664257645607,0.43884819746017456,0.4199429750442505,0.4751582443714142
book_55f80974a62002ad,20,0.5667704790830612,0.5566777288913727,0.5357458591461182,0.632529616355896
book_560a466d1e4685e4,20,0.4581898108124733,0.42687229812145233,0.4050142765045166,0.6137130260467529
book_5636100ba1d5592c,20,0.5693416655063629,0.5393503904342651,0.5319582223892212,0.793461799621582
book_5636b59b0e8bc1b2,20,0.5358968615531922,0.5248800814151764,0.5004720091819763,0.6552824974060059
book_5674f09d40cc731a,20,0.45077811628580094,0.4446219354867935,0.42516767978668213,0.5009850263595581
book_5693b1571b97d401,20,0.5576362252235413,0.5523388981819153,0.5428950190544128,0.6004641056060791
book_569e68ae4ca4dad1,20,0.3323496222496033,0.3272393047809601,0.3054298162460327,0.43426692485809326
book_56a8522d218e30cb,20,0.5532674133777619,0.5492414236068726,0.5336611866950989,0.5973114967346191
book_56c2b08123f7c568,20,0.5224706247448921,0.5093095898628235,0.4950355589389801,0.6470910310745239
book_56c6c413208db859,20,0.5234705328941345,0.5149719715118408,0.5075754523277283,0.5680288076400757
book_56dba7cddf529bb7,20,0.5770552903413773,0.57112255692482,0.5561249256134033,0.6203566789627075
book_56e682f2c5eefd93,20,0.6095530420541764,0.5989008545875549,0.5774369239807129,0.6691862940788269
book_57039a914dc44a2d,20,0.5394851267337799,0.5290608704090118,0.5152984857559204,0.5964394211769104
book_570413ab74290689,20,0.47903507202863693,0.4723563939332962,0.4276367425918579,0.5612099170684814
book_572526a8a30ad4a1,20,0.552599161863327,0.5376602411270142,0.5152694582939148,0.7120481729507446
book_57a5d8b3a1a9f3ee,20,0.5429463297128677,0.5374209880828857,0.5259785652160645,0.5758830308914185
book_57b183d7da9f11fd,20,0.60975221991539,0.6073544025421143,0.5884067416191101,0.6579363346099854
book_57b5a39948aefc96,20,0.5275034576654434,0.521066427230835,0.5017295479774475,0.5815292596817017
book_57bb14e942ec3c89,20,0.5605159908533096,0.5509565472602844,0.5466529130935669,0.5893710851669312
book_57f4c568df3e06ec,20,0.49972597807645797,0.49160605669021606,0.47338616847991943,0.5886861085891724
book_57fffa21c57ad600,20,0.47418549954891204,0.4562966376543045,0.4454711079597473,0.5686626434326172
book_58013e4869cfb19d,20,0.47738943099975584,0.43978002667427063,0.40683430433273315,1.000000238418579
book_580831ba53df2d7a,20,0.4760039120912552,0.471345990896225,0.4567331075668335,0.5150216817855835
book_5808695eed7a9ef2,20,0.5082967862486839,0.5050824880599976,0.48615941405296326,0.5477749705314636
book_5814494cdcba111b,20,0.5006531789898873,0.4959218353033066,0.48025399446487427,0.5304247736930847
book_581c62254da62bb9,20,0.5691612482070922,0.5663804411888123,0.5331771373748779,0.6534178256988525
book_583a38de49f7ed15,20,0.5342798858880997,0.5279994904994965,0.5185943841934204,0.5932417511940002
book_5840835c5989e0e7,20,0.4744956880807877,0.43732309341430664,0.4190688729286194,0.6241779923439026
book_5859f30ac0898d11,20,0.5633461982011795,0.560339629650116,0.5412663221359253,0.6294381618499756
book_586a3c22aeccfb63,20,0.5929794639348984,0.5742571353912354,0.5657170414924622,0.7120481729507446
book_589285e23fc764a7,20,0.39721459001302717,0.4081285297870636,0.308430552482605,0.5720418691635132
book_58e9daa4f114364d,20,0.4754066690802574,0.4637161195278168,0.445136159658432,0.5444523692131042
book_58f509d353201296,20,0.4222298935055733,0.41340701282024384,0.40463876724243164,0.5337215662002563
book_593e7588610527e1,20,0.5281949624419212,0.514449417591095,0.4952143728733063,0.6241215467453003
book_5949fdb3c2c395b9,20,0.5531667858362198,0.5480775237083435,0.5343268513679504,0.6018994450569153
book_594bef015c89efef,20,0.699259129166603,0.6952889561653137,0.6750439405441284,0.747806966304779
book_594ccbcba498d3c7,20,0.5951726496219635,0.5530573427677155,0.536562442779541,0.8099249005317688
book_59778951043f2781,20,0.44427571892738343,0.4168803095817566,0.3993723392486572,0.7042839527130127
book_597f79682fe66aff,20,0.41243354976177216,0.3999411016702652,0.38236942887306213,0.6143099069595337
book_59a5dec479b57229,20,0.5590229421854019,0.5481850206851959,0.5310114026069641,0.6934275031089783
book_59c3740e3f80ac93,20,0.495472164452076,0.49183692038059235,0.47102463245391846,0.5432018041610718
book_59d3bc0d06794ee2,20,0.5224671006202698,0.520099401473999,0.4926490783691406,0.5741997957229614
book_59eafa28cf33152f,20,0.5576026052236557,0.5510857105255127,0.5366647243499756,0.6178359985351562
book_59ef467841ebf3e7,20,0.5780647903680801,0.5682117640972137,0.5574908256530762,0.6514356136322021
book_59f2a5e0682ac79d,20,0.3439858451485634,0.3398081958293915,0.30995556712150574,0.3905237317085266
book_5a1ca29306c9631f,20,0.4526197835803032,0.4513789862394333,0.4278085231781006,0.5093010663986206
book_5a1dbea53d87d13c,20,0.5017030492424965,0.49427424371242523,0.4811323881149292,0.5538632273674011
book_5a495262e1a17b82,20,0.5037060096859932,0.49948784708976746,0.47500038146972656,0.5720742344856262
book_5a5bdc4966271f87,20,0.5654107242822647,0.5388379693031311,0.5098978281021118,1.0
book_5a6705f27622677a,20,0.5630724847316741,0.5643543303012848,0.5398415327072144,0.5992085933685303
book_5a7adcf7176873a3,20,0.4725971341133118,0.46037188172340393,0.43512189388275146,0.5978876352310181
book_5a8245e5656af3a6,20,0.5312407866120339,0.535290539264679,0.4951604902744293,0.569143533706665
book_5a85e7c20d6ec01f,20,0.4688857212662697,0.4608723372220993,0.4376305639743805,0.5472583174705505
book_5aaf6f234799251f,20,0.5283396899700165,0.5065494775772095,0.49277591705322266,0.7103684544563293
book_5ab67e5da315ac6e,20,0.3972957119345665,0.3644077479839325,0.3435448110103607,0.6892304420471191
book_5ad53355364b953a,20,0.5532132714986802,0.5413132011890411,0.49957823753356934,0.7170546054840088
book_5ae42495039cd476,20,0.5162525206804276,0.5077096521854401,0.4860672950744629,0.6581873893737793
book_5b08f64fc3c44393,20,0.5646041542291641,0.5609001219272614,0.5467492341995239,0.598534107208252
book_5b15af71387ef612,20,0.5511492431163788,0.5467423796653748,0.5394390225410461,0.5969692468643188
book_5b358e098d30c085,20,0.4645726278424263,0.44653958082199097,0.42137736082077026,0.8033185005187988
book_5b490bfb15c2f159,20,0.4604454278945923,0.454500213265419,0.43203938007354736,0.546550452709198
book_5b68d56b09376c3f,20,0.36425669193267823,0.35737329721450806,0.3402194380760193,0.4358313977718353
book_5b8ba9fc41ca5fb8,20,0.4856011658906937,0.4891914427280426,0.42029497027397156,0.5477417707443237
book_5b8cb7084a71ba8f,20,0.541069895029068,0.511653482913971,0.486201673746109,0.6747164726257324
book_5b8dd3d6a40646c2,20,0.43495108038187025,0.4309608042240143,0.4111851453781128,0.489155113697052
book_5b970d30f3b1baf9,20,0.586477306485176,0.5802980065345764,0.5479252338409424,0.6447011232376099
book_5babbfc3bf6fcf62,20,0.515498486161232,0.5090074837207794,0.473408579826355,0.6020805835723877
book_5bbefa0ae5151761,20,0.38556030541658404,0.38402578234672546,0.34841227531433105,0.44502830505371094
book_5bd4e5da82326cfe,20,0.5745557427406311,0.5688046216964722,0.5553721189498901,0.6086989045143127
book_5bd55f2ef3092e23,20,0.5512190878391265,0.5505050718784332,0.5203971862792969,0.6137518882751465
book_5be2002124be2692,20,0.45415993332862853,0.4468446671962738,0.43085867166519165,0.5009083151817322
book_5be2dd804e234dc7,20,0.5061723560094833,0.5002667009830475,0.4746389389038086,0.5571726560592651
book_5befe6045b6a8096,20,0.46526634246110915,0.4352263808250427,0.3969385027885437,0.7031314373016357
book_5bf69ebb07d83ac6,20,0.512892161309719,0.5105285048484802,0.490414023399353,0.5447840094566345
book_5c0d75d05da0a628,20,0.7260004609823227,0.7196553945541382,0.7006657719612122,0.7790360450744629
book_5c18941587fa49e7,20,0.511484158039093,0.49710363149642944,0.4764917194843292,0.637719452381134
book_5c32469954e35d56,20,0.5218624740839004,0.5182212591171265,0.4981954097747803,0.5637677311897278
book_5c385168fed3557b,20,0.530879533290863,0.5173192918300629,0.5021098852157593,0.6113054156303406
book_5c4cbe12dd26ae39,20,0.5174854248762131,0.5172133445739746,0.5017555356025696,0.5442233681678772
book_5c52663494ef94c7,20,0.4333316445350647,0.42801420390605927,0.40151122212409973,0.5053907632827759
book_5c57da97775e05d9,20,0.5179918721318245,0.5068237483501434,0.4915388822555542,0.7178086042404175
book_5c5a7d28f79cca4c,20,0.4948135629296303,0.49342556297779083,0.47706544399261475,0.5352545976638794
book_5c5ff55210130cf2,20,0.4954293996095657,0.48381446301937103,0.45968660712242126,0.5901291370391846
book_5c74bdc35b224aba,20,0.5090928435325622,0.4909926950931549,0.4788437485694885,0.6416228413581848
book_5c88f89e84ba5ade,20,0.49505487978458407,0.4835159480571747,0.4681089520454407,0.5726218223571777
book_5cbd15659b94f026,20,0.5895772308111191,0.5847155451774597,0.5770184993743896,0.6136716604232788
book_5cbd2acf7cc73c54,20,0.46637761890888213,0.4607838988304138,0.45076924562454224,0.5110771656036377
book_5cca494f1de71804,20,0.5968357414007187,0.5701557993888855,0.5619055032730103,0.92746901512146
book_5cfbb0eb79594734,20,0.49832489490509035,0.48970647156238556,0.4676012396812439,0.5659209489822388
book_5cfffc2f8db92dcf,20,0.4766921490430832,0.4740431606769562,0.45136070251464844,0.5215189456939697
book_5d06a6fb9e07d424,20,0.5973418891429901,0.5739498138427734,0.564303457736969,0.9999998211860657
book_5d28f23ea5e6f131,20,0.44216447323560715,0.42636263370513916,0.40118783712387085,0.5244920253753662
book_5d359352a996d178,20,0.5244961142539978,0.5169902145862579,0.5096823573112488,0.5617591142654419
book_5d5d180d6803bfad,20,0.4509865343570709,0.44062963128089905,0.42388325929641724,0.5481092929840088
book_5d639b11c056a044,20,0.5652556836605072,0.5583353638648987,0.5458240509033203,0.6255226135253906
book_5d7c8bd1237ea3ca,20,0.5119496405124664,0.5033467411994934,0.49715858697891235,0.5419337749481201
book_5d8c0711b98f13b3,20,0.438919834792614,0.4380437135696411,0.42508190870285034,0.4815559387207031
book_5d9863cecd2fa151,20,0.5110892564058304,0.5005637407302856,0.4732590317726135,0.5704745054244995
book_5da53cbb5e30efae,20,0.5191236704587936,0.5057424008846283,0.48915499448776245,0.6267832517623901
book_5dab139d35a25826,20,0.5854700028896331,0.5773480534553528,0.5528148412704468,0.6657997369766235
book_5db0bbda3343b61e,20,0.5298568487167359,0.526239812374115,0.5091680288314819,0.5766856670379639
book_5db911923095da0f,20,0.5708860427141189,0.5639738142490387,0.5553029775619507,0.6159641742706299
book_5dbbe152d8c33929,20,0.5490580916404724,0.5235262215137482,0.5065597891807556,0.7648410797119141
book_5dc6253c33231e91,20,0.5080224484205246,0.504045158624649,0.4664493501186371,0.6277073621749878
book_5dd112fea21839f5,20,0.5084040656685829,0.5001541674137115,0.4909633994102478,0.5584859848022461
book_5dd7b27401165f4d,20,0.49070592373609545,0.4849483519792557,0.4600202739238739,0.5605975389480591
book_5dde58c1d2cee90b,20,0.5349880129098892,0.5217286944389343,0.48857903480529785,0.6521762609481812
book_5dde8c95f2ac6122,20,0.5343866586685181,0.528044581413269,0.5153818726539612,0.5950741171836853
book_5df2a34017c511b4,20,0.5879720002412796,0.5795515179634094,0.5654799938201904,0.6623366475105286
book_5df7a8bcf55889c0,20,0.49748810231685636,0.49012359976768494,0.4730016589164734,0.5418081283569336
book_5e00cf45e77cbc9e,20,0.5717905402183533,0.5691190361976624,0.5341038703918457,0.628700852394104
book_5e1a69ef1e2247c2,20,0.4658920466899872,0.4642263799905777,0.44512447714805603,0.49626874923706055
book_5e1af1ccdc0108ef,20,0.4706946834921837,0.46988657116889954,0.45372796058654785,0.5191898345947266
book_5e2751b38c7bbbeb,20,0.5212634414434433,0.5090699791908264,0.4980466961860657,0.5759799480438232
book_5e2aebdc3b24c966,20,0.4953780323266983,0.4927338510751724,0.47353509068489075,0.5423070192337036
book_5e411cc82155c36f,20,0.6954636007547379,0.6917479932308197,0.6658788919448853,0.7538229823112488
book_5e68ca77d73918c9,20,0.5253181159496307,0.49527375400066376,0.46434688568115234,0.7772548794746399
book_5e6c21be18e193ed,20,0.4686067372560501,0.4609079211950302,0.4556950628757477,0.510673999786377
book_5e80f32a92b85b9a,20,0.36809322237968445,0.36274202167987823,0.347963809967041,0.4153434634208679
book_5ea3d1fef51dcb72,20,0.5668115675449371,0.5612128674983978,0.5438437461853027,0.6202553510665894
book_5eca8dd8fdde1f2d,20,0.44859997034072874,0.43646323680877686,0.40942323207855225,0.5250244140625
book_5edcb78abdf17356,20,0.5268052339553833,0.5155982673168182,0.5043509006500244,0.6081927418708801
book_5f28859ea5f3c66a,20,0.5437409162521363,0.5274020433425903,0.5161486864089966,0.6457936763763428
book_5f66b229ede68a95,20,0.6256945490837097,0.6196752190589905,0.5836009979248047,0.7417533993721008
book_5f70e4d5c6266973,20,0.37382432967424395,0.3447274714708328,0.3294559717178345,0.5484447479248047
book_5f7122f5b574d275,20,0.5333107441663743,0.5238901674747467,0.5052183270454407,0.6740128993988037
book_5f9fbaeda94ac12f,20,0.49958175271749494,0.4884330779314041,0.4634163975715637,0.6120822429656982
book_5faa12506898a1f1,20,0.7487120121717453,0.7406871318817139,0.7240176200866699,0.8308092355728149
book_5fb86f1d0bcf0496,20,0.5775887072086334,0.5757772922515869,0.5505251884460449,0.618048906326294
book_5fbd1110ed4a7bc9,20,0.45754394233226775,0.41277211904525757,0.396756649017334,0.6923805475234985
book_5fdb4ed6b666e950,20,0.5580114185810089,0.5276093482971191,0.5166988968849182,1.0000001192092896
book_5fe1fe2398331939,20,0.5593903049826622,0.5232579410076141,0.4957188069820404,0.7832235097885132
book_5ff89313e48c95e1,20,0.48066961765289307,0.47433026134967804,0.4536968767642975,0.5406154990196228
book_604a71caa561f0a3,20,0.5227638423442841,0.5167050361633301,0.5033514499664307,0.5749687552452087
book_604baa7d79c8ca6b,20,0.5179607152938843,0.5168380737304688,0.48686784505844116,0.5898163318634033
book_604e2dd2dd0bbb99,20,0.4478331238031387,0.4397011697292328,0.41980111598968506,0.5366657376289368
book_604f687bae7009ad,20,0.44091747850179674,0.4268232434988022,0.41461440920829773,0.5287441611289978
book_6061470e278fac0a,20,0.6287388175725936,0.6183637380599976,0.6007074117660522,0.732606053352356
book_6063e9ee26936d29,20,0.5541573256254196,0.5510187149047852,0.5374976992607117,0.5800780653953552
book_6068208081c05d53,20,0.3767436772584915,0.36636264622211456,0.3401864767074585,0.5075096487998962
book_6073ae4342c006a0,20,0.5616673052310943,0.5584975779056549,0.5357300639152527,0.6337834596633911
book_6089d23a1155f29d,20,0.5373536944389343,0.527508944272995,0.5052192807197571,0.6307410597801208
book_608f61f97ccbd03f,20,0.7147595316171647,0.6567218899726868,0.5762587189674377,0.9539719223976135
book_60a22f190ca3757c,20,0.5167151853442192,0.5055744647979736,0.48948705196380615,0.5977954268455505
book_60c34104a1621021,20,0.6261773735284806,0.6207574009895325,0.5995219945907593,0.67725670337677
book_60d284ae20c0dda4,20,0.4995355769991875,0.497132807970047,0.4864218831062317,0.5285893082618713
book_60f30f070cec95a0,20,0.5247874140739441,0.517126202583313,0.4972556233406067,0.6053199768066406
book_610c310023e99b9e,20,0.5425557777285576,0.5087166428565979,0.47338929772377014,0.8580269813537598
book_613875c6662b4da5,20,0.5753565609455109,0.5710533261299133,0.4622264504432678,0.7168818116188049
book_61432455a91737ee,20,0.5764428466558457,0.5762677788734436,0.5605298280715942,0.603930652141571
book_6171000cb62c387c,20,0.5306758552789688,0.5237346589565277,0.5134710073471069,0.5686593055725098
book_61816f99c1271912,20,0.4893139600753784,0.4816015660762787,0.4643705487251282,0.5644834041595459
book_61a051e96123a8c3,20,0.5748783588409424,0.5609783828258514,0.5348002314567566,0.6444791555404663
book_61af6903939e5922,20,0.5569017887115478,0.5534498691558838,0.5325316190719604,0.6008144617080688
book_61c60df03d32ec22,20,0.40417481064796446,0.3985532224178314,0.36469364166259766,0.5068309307098389
book_61e30a4eca8bf6af,20,0.5044378995895386,0.49687381088733673,0.4871353507041931,0.5752387046813965
book_61f445969a15cfaa,20,0.50433828830719,0.49631160497665405,0.483845055103302,0.6037896871566772
book_61f4edce0fe7bbca,20,0.5772245049476623,0.5728718936443329,0.5582047700881958,0.6139339804649353
book_62005339c5ba5fdf,20,0.5647866636514663,0.5593885779380798,0.5342223048210144,0.6239938735961914
book_620da205f9b1590b,20,0.5225185096263886,0.5226759910583496,0.5028373003005981,0.5532395243644714
book_6246954c7a37371f,20,0.5856144607067109,0.5839963555335999,0.5453305244445801,0.7052955031394958
book_625fc09be7686385,20,0.5598589956760407,0.5531189143657684,0.5316276550292969,0.621668815612793
book_6270ccb60e7176bc,20,0.5765288084745407,0.5736812651157379,0.556007981300354,0.6337619423866272
book_627e3599c6049c4e,20,0.509752906858921,0.4771244525909424,0.4454064965248108,0.6691919565200806
book_627f68eef92fc125,20,0.44502701610326767,0.436434343457222,0.39644956588745117,0.5891016721725464
book_628d6b0094e26533,20,0.5365571573376655,0.5105389952659607,0.49434956908226013,0.7549052238464355
book_62be21d78fddea90,20,0.5561632245779038,0.5525643229484558,0.5424058437347412,0.605029821395874
book_62cfa074ade4adaf,20,0.5588939398527145,0.5396229326725006,0.5123741626739502,0.6932488083839417
book_631ea4957281d5cd,20,0.6146590024232864,0.610203355550766,0.5950353741645813,0.6535474061965942
book_632d0537ea3cae52,20,0.6039997190237045,0.6011570692062378,0.583895206451416,0.6663869619369507
book_63424720a2a0d281,20,0.5503683924674988,0.5403721034526825,0.5236165523529053,0.6995425224304199
book_6346bab9526052ef,20,0.6167083561420441,0.598838210105896,0.5711591243743896,0.7195243835449219
book_634c7bebacbc0d6c,20,0.5388724982738495,0.534398078918457,0.5164220333099365,0.6142217516899109
book_634e3668ca988ea6,20,0.5072768092155456,0.49475911259651184,0.4846467971801758,0.5554439425468445
book_634fc9189e75dbda,20,0.5265684753656388,0.5223612189292908,0.5112563371658325,0.5611748695373535
book_637646d7a31ed744,20,0.5614360421895981,0.5553279519081116,0.5374030470848083,0.6214272379875183
book_63a06456a1a01b64,20,0.49016476422548294,0.4427933096885681,0.4214363694190979,0.7891731262207031
book_63b0136726dc7eef,20,0.45820644944906236,0.4519962668418884,0.4105305075645447,0.5415204167366028
book_63b2cff0ab177dce,20,0.732862114906311,0.7330193221569061,0.7128067016601562,0.7585451602935791
book_63c667a7c12c618a,20,0.5507763832807541,0.5415032505989075,0.5285249948501587,0.6298836469650269
book_63c820252ea7829e,20,0.5048392534255981,0.49776706099510193,0.48552393913269043,0.5412023663520813
book_63cd4d4351e2539b,20,0.5518155723810196,0.5458792448043823,0.5319957733154297,0.6193889379501343
book_63d665daca3cb17e,20,0.6095190346240997,0.6066214442253113,0.570345401763916,0.687765896320343
book_63e3514c8a67f140,20,0.6401826709508895,0.6306509375572205,0.6121427416801453,0.6901415586471558
book_63e9141f75e6ef64,20,0.5215342804789543,0.495149701833725,0.4803260862827301,0.9635884761810303
book_63ec0431094f3965,20,0.5904502987861633,0.5987378060817719,0.5499072670936584,0.6383179426193237
book_63f5e4f23ec1f90d,20,0.5613446652889251,0.5523369908332825,0.5412884950637817,0.6207644939422607
book_63f8d073507dc097,20,0.4792254149913788,0.4578651636838913,0.43831875920295715,0.7266039848327637
book_64160eacd6cde831,20,0.6016020804643631,0.6025654673576355,0.583663821220398,0.6276869773864746
book_64232c7911838531,20,0.491557776927948,0.4766344875097275,0.436124324798584,0.6045428514480591
book_6430b5caf994d377,20,0.7384307473897934,0.7306848168373108,0.7138893008232117,0.8008593916893005
book_6440c5340fac28b6,20,0.4461051657795906,0.4461246132850647,0.3971341848373413,0.5212903022766113
book_6461d960ce500f76,20,0.4724959895014763,0.4702078104019165,0.4559926986694336,0.4964008331298828
book_64ac817a501869a5,20,0.5355417400598526,0.526054859161377,0.5054889917373657,0.5919609069824219
book_64af63a84b336db9,20,0.5886344373226166,0.5844846963882446,0.5617046356201172,0.6350419521331787
book_64b27235732e4047,20,0.42026566714048386,0.40670815110206604,0.38302546739578247,0.49523666501045227
book_64babb7484bf4745,20,0.7964090764522552,0.7951846718788147,0.7712860107421875,0.8240033388137817
book_64c182c387f2d0df,20,0.5474036037921906,0.5381786823272705,0.5259048342704773,0.5959523320198059
book_64e5d37515109a6c,20,0.5283111572265625,0.521607369184494,0.5073977112770081,0.5721265077590942
book_64e5e45e9c3a6087,20,0.5954168200492859,0.5915507674217224,0.5795282125473022,0.6522821187973022
book_64f8dd953cc9c2d2,20,0.7501313835382462,0.7495214939117432,0.7195192575454712,0.8082034587860107
book_64fe8ba99bfd7074,20,0.5150346025824547,0.5099868774414062,0.4986361563205719,0.5412822365760803
book_64fedcfdd32a0aa5,20,0.5721667021512985,0.5659206807613373,0.5517752170562744,0.6053211688995361
book_650414052a773938,20,0.38472412824630736,0.3726772665977478,0.3540572226047516,0.49088454246520996
book_6508dd725997129e,20,0.5434970885515213,0.5255166590213776,0.5072305202484131,0.8013579845428467
book_653a7c95dc59ffde,20,0.5081552758812904,0.4990617334842682,0.4798944592475891,0.5846008062362671
book_655aa9c9d5edd2eb,20,0.46651642471551896,0.4459370970726013,0.4070107936859131,0.6213490962982178
book_656250581e1b5dd6,20,0.5292715191841125,0.5180639326572418,0.5048398971557617,0.6081927418708801
book_657d4349401329e6,20,0.4958730325102806,0.4840797930955887,0.45068180561065674,0.5747014284133911
book_65bd52721c185a7b,20,0.4688589423894882,0.4513201117515564,0.4339190125465393,0.6891147494316101
book_65bfd981f5ea2b84,20,0.5861331909894943,0.5800717175006866,0.5578927397727966,0.635221540927887
book_65cfeb1406ffb07b,20,0.5752495676279068,0.5657424032688141,0.5494486689567566,0.6467571258544922
book_65d27df0d693ebdf,20,0.5088516250252724,0.49979639053344727,0.48601025342941284,0.6287801265716553
book_6617dfc02389e689,20,0.48638793379068374,0.47823479771614075,0.46587705612182617,0.5250716209411621
book_661868db2246c907,20,0.4379952117800713,0.42736922204494476,0.4163607656955719,0.5462851524353027
book_66311da453220001,20,0.621674045920372,0.5433822870254517,0.5071455240249634,0.8194297552108765
book_6644721e059b726d,20,0.4599589854478836,0.45542222261428833,0.44203197956085205,0.5109367370605469
book_665e36c1670ded5f,20,0.4963737741112709,0.4967094957828522,0.46431225538253784,0.5510401725769043
book_66898b4cc15196dc,20,0.5494005084037781,0.541858971118927,0.5171821117401123,0.6178868412971497
book_6695e425d3431f8a,20,0.5634186208248139,0.5210696458816528,0.50485759973526,0.9031752347946167
book_669a8236fe4c222f,20,0.4448912307620049,0.43653281033039093,0.4160842299461365,0.5240706205368042
book_669af3df338fae1c,20,0.7013802021741867,0.696114182472229,0.6788443326950073,0.7661174535751343
book_66b9f29cd0553800,20,0.6384003907442093,0.6241024732589722,0.5842329263687134,0.7452398538589478
book_66d174e91ca66612,20,0.5270959615707398,0.5216046273708344,0.513164758682251,0.5746719241142273
book_66d244613b3a8091,20,0.5232291936874389,0.5213447213172913,0.5065897703170776,0.5587302446365356
book_66ede69908a40283,20,0.6081447929143906,0.6074245572090149,0.5732061862945557,0.7054281234741211
book_67232b2e579d8c83,20,0.6107963025569916,0.600547581911087,0.5887011289596558,0.6882297992706299
book_675a5a72df87930d,20,0.7373041212558746,0.7350640892982483,0.7082247138023376,0.7781891822814941
book_675e7957520daa3b,20,0.7132884413003922,0.7113886773586273,0.6963709592819214,0.7398282289505005
book_675ed817bca562a9,20,0.5524031817913055,0.5439737141132355,0.5334146618843079,0.6069358587265015
book_676a5835c6ae39ce,20,0.5577537804841995,0.5415136218070984,0.5224989652633667,0.7438868284225464
book_6773d275de6ed914,20,0.5193434625864028,0.5149586498737335,0.48952990770339966,0.630278468132019
book_67788defa5914b39,20,0.3492055371403694,0.3262784630060196,0.3076518177986145,0.6076351404190063
book_6798de89a9ca842e,20,0.5111280426383018,0.4932948052883148,0.48556458950042725,0.6076604723930359
book_679a0963574fd057,20,0.48875013291835784,0.47886860370635986,0.44362080097198486,0.5945180058479309
book_67a4c89e5b329ae0,20,0.5489087149500846,0.5160549879074097,0.4989195168018341,0.7119916677474976
book_67a89244f38e28c1,20,0.4544592142105103,0.4120665192604065,0.38950711488723755,0.9966931939125061
book_67b16a2802d09493,20,0.48579945266246793,0.4833865165710449,0.45596230030059814,0.5235702395439148
book_67b1b67773cfa9a5,20,0.40554763227701185,0.3944704234600067,0.3666890859603882,0.4881799519062042
book_67c0843a7735e2c5,20,0.5199544429779053,0.5131204426288605,0.4952439069747925,0.5837917923927307
book_67cfd1323c2cd59f,20,0.4768873959779739,0.41826310753822327,0.39659711718559265,0.7621610760688782
book_67d53299feaeb106,20,0.5821113795042038,0.5593532621860504,0.5349823832511902,0.7926195859909058
book_67dca3b56f47f09d,20,0.49089051485061647,0.4872754216194153,0.45617279410362244,0.565697193145752
book_67df15f5ec8d3e98,20,0.5576691210269928,0.546380490064621,0.5330255031585693,0.6371737122535706
book_67f19ef6f1fde697,20,0.5360898226499557,0.5252200961112976,0.5096713304519653,0.6042399406433105
book_67f6cc9b38c110b6,20,0.5719340741634369,0.5668689906597137,0.54395592212677,0.6214135885238647
book_680de888e0390199,20,0.5154136449098587,0.5083549320697784,0.4933896064758301,0.5964162349700928
book_6822efd68ae9430a,20,0.4995303377509117,0.4903273731470108,0.4704068601131439,0.5746740102767944
book_6825f26499202e53,20,0.5479013502597809,0.5413955748081207,0.5212277173995972,0.6146090030670166
book_6839fcb0d28b1029,20,0.5058500900864601,0.4995400309562683,0.48954981565475464,0.5790507793426514
book_686223032243a23c,20,0.5839525431394577,0.5805853605270386,0.5538069009780884,0.670206606388092
book_68b57d9ef533db6e,20,0.4899208262562752,0.4870504289865494,0.46913596987724304,0.5191898345947266
book_68b65e0c139ab878,20,0.504157917201519,0.4595678150653839,0.4269912838935852,0.8089772462844849
book_68c3b29b4cd0990a,20,0.6399589121341706,0.6262625455856323,0.6169160604476929,0.8042240142822266
book_68dcfde5226d2506,20,0.533808508515358,0.5278594195842743,0.5104998350143433,0.5895594358444214
book_68e30d4a5794fbe7,20,0.6063458859920502,0.6018137037754059,0.576418399810791,0.6670949459075928
book_692e341230a22e04,20,0.4812978893518448,0.46035704016685486,0.4498351216316223,0.7266039848327637
book_694a80dcf9134ab5,20,0.5105326026678085,0.508496880531311,0.48921483755111694,0.5579378604888916
book_698b8d6fd06b08e9,20,0.4794507160782814,0.4605511724948883,0.44910380244255066,0.56982421875
book_698d475628782539,20,0.4622271865606308,0.4534275531768799,0.41850680112838745,0.54335618019104
book_69a304f59764de38,20,0.5018542543053627,0.4975867122411728,0.48665761947631836,0.5327225923538208
book_69c51b5177aebe57,20,0.5208785831928253,0.5075451135635376,0.500493049621582,0.6347036361694336
book_69d148397907b790,20,0.5229100167751313,0.5223101079463959,0.5001184940338135,0.5564749836921692
book_69e68790db83b35b,20,0.49151620715856553,0.4875788390636444,0.4610547423362732,0.5586811900138855
book_6a1f5196e2c5a706,20,0.49699969589710236,0.4935903549194336,0.4596424996852875,0.5926700830459595
book_6a3e2d4698192f32,20,0.5686627209186554,0.5642367005348206,0.5520603060722351,0.5960700511932373
book_6a5231c729d2ebbe,20,0.4397959277033806,0.4371555745601654,0.3986227512359619,0.5066569447517395
book_6a5f0e089cd4438d,20,0.5817834734916687,0.5735110342502594,0.5562286972999573,0.662396252155304
book_6a83b99b660e323a,20,0.5241622194647789,0.5187366008758545,0.49241286516189575,0.6103559136390686
book_6a8a0ca90ebe4218,20,0.4504902780056,0.4376409500837326,0.3621160387992859,0.5798655152320862
book_6aa5fe36fbc9619e,20,0.5389947682619095,0.5363583564758301,0.5202454328536987,0.5654854774475098
book_6ad2d658c8c96c8d,20,0.6063896805047989,0.5992441177368164,0.5869089365005493,0.6863676309585571
book_6ad645f8ce64043b,20,0.5115827187895775,0.5094586908817291,0.4876597225666046,0.5402525663375854
book_6aef027d248e2c3a,20,0.5763285905122757,0.5715371370315552,0.5599621534347534,0.621883749961853
book_6af3543a827d0cf8,20,0.5331648796796798,0.5306015312671661,0.5044956207275391,0.59382563829422
book_6b172b4561ad78ff,20,0.5568871825933457,0.5503057241439819,0.5345491170883179,0.6494724750518799
book_6b51c8012ea4c369,20,0.518504998087883,0.5094231367111206,0.49799516797065735,0.5816313028335571
book_6b65b7472fe15fa4,20,0.4311376020312309,0.4225621968507767,0.3759560286998749,0.5361725687980652
book_6b799f9004cca2e0,20,0.5505815535783768,0.5481575429439545,0.528211236000061,0.6105631589889526
book_6b91fc55958fe403,20,0.5665400236845016,0.5629624128341675,0.5477999448776245,0.6208075284957886
book_6ba4841b0f160788,20,0.5098539024591446,0.5038464665412903,0.49641484022140503,0.6121689081192017
book_6bbbba9adf7966ee,20,0.5473182886838913,0.5326378643512726,0.5153400897979736,0.6370320916175842
book_6bbc0bc6892825b5,20,0.5518176943063736,0.5453452467918396,0.5376291275024414,0.5866420269012451
book_6bd1757f1f0c2896,20,0.5266373962163925,0.5184624493122101,0.4969012141227722,0.5904732942581177
book_6bdb56f4ae7aa0ea,20,0.47335360795259473,0.47663740813732147,0.4474868178367615,0.523684024810791
book_6be4a5739fe89c66,20,0.5305219471454621,0.5284660458564758,0.510675847530365,0.5634171962738037
book_6bed80053d450fb2,20,0.4784595608711243,0.46731366217136383,0.43785789608955383,0.5802721977233887
book_6c0a32ecb0247368,20,0.5984929114580154,0.5550987124443054,0.5283507108688354,0.7174839973449707
book_6c16b39d3008b461,20,0.5309802889823914,0.5267859697341919,0.4849172830581665,0.6247818470001221
book_6c18f37581058942,20,0.6148197025060653,0.609994500875473,0.5925600528717041,0.6449452638626099
book_6c53b9f802282b79,20,0.5781456589698791,0.5613891780376434,0.5371274948120117,0.7772156000137329
book_6c54df5fbbf47f4d,20,0.43469484001398084,0.4301662892103195,0.4045916199684143,0.49343258142471313
book_6c5888fb330184a0,20,0.6294613867998123,0.5892628133296967,0.511375904083252,0.8059984445571899
book_6c92346844f69cfa,20,0.5447641015052795,0.5364190340042114,0.51890629529953,0.5892618298530579
book_6cc2a63015c8751e,20,0.5286792010068894,0.5235438942909241,0.5109126567840576,0.5753857493400574
book_6cc62b5d8c8b61bc,20,0.41061508357524873,0.4020256847143173,0.3793785572052002,0.5007870197296143
book_6cd8100e38db8d3b,20,0.5614743173122406,0.5616258382797241,0.5418118834495544,0.5909280776977539
book_6cdb01ac201063be,20,0.5378907740116119,0.5331695079803467,0.5158104300498962,0.6105532646179199
book_6cdd8c5823634977,20,0.5218828022480011,0.5186763107776642,0.5015280246734619,0.5707845091819763
book_6ce0fdb9aa35427f,20,0.7408580392599106,0.7348851263523102,0.7188571691513062,0.7834769487380981
book_6cedac86b0102aaf,20,0.551741698384285,0.5455913841724396,0.5335990190505981,0.6211287379264832
book_6d156c0345ab6456,20,0.5037166520953178,0.48997411131858826,0.47599875926971436,0.6946901082992554
book_6d2b355684a8e310,20,0.5793028682470321,0.5742051601409912,0.5547235012054443,0.6401076912879944
book_6d333ee6fa4397ef,20,0.5900934338569641,0.5808825492858887,0.5601691007614136,0.6370238065719604
book_6d3e91c4a8782b04,20,0.6395865738391876,0.638139009475708,0.6120203733444214,0.7061967849731445
book_6d43c6e264e988d4,20,0.4930380657315254,0.47808854281902313,0.45202940702438354,0.6131399273872375
book_6d5c43efc4655b71,20,0.43927779644727705,0.4349672198295593,0.4082740545272827,0.5075958967208862
book_6d93989d152d9a53,20,0.5989300578832626,0.5929062962532043,0.5803012847900391,0.6653667688369751
book_6dc67f1d6e28b655,20,0.5407415896654129,0.5367920696735382,0.5240610837936401,0.597190260887146
book_6dcd59b111f01249,20,0.4799737840890884,0.45979420840740204,0.4362093210220337,0.5898387432098389
book_6dcf5965cbb875ae,20,0.5044172957539559,0.49090152978897095,0.4542318284511566,0.5758833289146423
book_6df4c74a9c785e39,20,0.49764120727777483,0.4883062094449997,0.4755672514438629,0.6285384893417358
book_6df6f34514dd248e,20,0.553992536664009,0.5394701659679413,0.5255224704742432,0.7607656121253967
book_6df75b173f41bf7a,20,0.5669318407773971,0.5604135990142822,0.5412688255310059,0.7020138502120972
book_6e22d3748f8e1f39,20,0.5473470479249954,0.5443896055221558,0.5230661034584045,0.59611576795578
book_6e4e4aee548d61e2,20,0.49955017417669295,0.4861382991075516,0.4719579815864563,0.5558628439903259
book_6e63c2e2d6328f84,20,0.5756592482328415,0.5697957277297974,0.5549813508987427,0.6200026273727417
book_6e94a2603e0c34c3,20,0.5259616509079933,0.5051590800285339,0.48726680874824524,0.6384880542755127
book_6e9a0709ba81c695,20,0.5807019233703613,0.5733183026313782,0.5626005530357361,0.6216490864753723
book_6ea146780024a12e,20,0.5592746824026108,0.5502874553203583,0.5263811349868774,0.6628090143203735
book_6ec6a712be10ab89,20,0.4327418997883797,0.4231916666030884,0.3777822256088257,0.5302295684814453
book_6ee0cf37d916c97c,20,0.5637953221797943,0.5613760352134705,0.549315869808197,0.6065070629119873
book_6f2083d3d5a2ae49,20,0.5353450745344162,0.525238037109375,0.5066430568695068,0.6388477087020874
book_6f41ea819fccd82a,20,0.49382616579532623,0.48436036705970764,0.46643972396850586,0.6155996322631836
book_6f6be0f5c759c646,20,0.5345472007989883,0.5228664577007294,0.5108587741851807,0.6502043008804321
book_6f79f81b0c9ec1fc,20,0.4748424246907234,0.4730415344238281,0.45200133323669434,0.536967933177948
book_6f8bdc27012823cd,20,0.5106005653738975,0.5041082203388214,0.48571211099624634,0.5604331493377686
book_6f94a325e334845b,20,0.5060397580265998,0.5052550137042999,0.48243361711502075,0.5369552969932556
book_6fa1ed81be1df2fe,20,0.4730124667286873,0.4617198258638382,0.44721531867980957,0.535254716873169
book_6fa777bab09be79a,20,0.4881087601184845,0.4771732985973358,0.45480555295944214,0.6400994062423706
book_6fc392a15d12b736,20,0.48733848333358765,0.4771711379289627,0.46452397108078003,0.5599116086959839
book_6fef5e1082ea9698,20,0.5920239716768265,0.5808361768722534,0.5647052526473999,0.6733707189559937
book_7026172660494b1f,20,0.5431399255990982,0.5242970287799835,0.5112258195877075,0.8306415677070618
book_705ed2a03f98ebfe,20,0.5054618284106255,0.49417752027511597,0.4759129583835602,0.5931857824325562
book_7068958dcb7b8075,20,0.5625685453414917,0.5584635734558105,0.5446813106536865,0.6052778959274292
book_707c4167bd2b638c,20,0.5015187919139862,0.4998711794614792,0.487290620803833,0.5325345993041992
book_70838ec038816bfd,20,0.5000344827771187,0.4915495216846466,0.48112279176712036,0.5506196618080139
book_70aa19c23062b63d,20,0.5549150824546814,0.5201549828052521,0.5058016180992126,0.811589241027832
book_70b8f66db57290d3,20,0.5678061693906784,0.5602308809757233,0.5385229587554932,0.6249486207962036
book_70d1c8fe058296cd,20,0.5156388774514198,0.5094716846942902,0.4902995824813843,0.5720494985580444
book_70d538a082856169,20,0.5216979712247849,0.5140045881271362,0.5001999735832214,0.5525519847869873
book_70d9e0ba6444d066,20,0.3774895966053009,0.3684156537055969,0.35741209983825684,0.4912582039833069
book_70fe20aed247128e,20,0.5043598428368569,0.49818864464759827,0.4906455874443054,0.5561373829841614
book_7102a7567a5ae73f,20,0.4713803857564926,0.4645879417657852,0.4457275867462158,0.5520648956298828
book_7104ffea2ed3ab2d,20,0.5757767736911774,0.5702243745326996,0.5467373132705688,0.6125161647796631
book_7115e3ebf074e5cc,20,0.5433155804872513,0.5333394110202789,0.5203580260276794,0.6210650205612183
book_711d90ab7c47b439,20,0.5612802505493164,0.5534812808036804,0.5304785966873169,0.6494724750518799
book_7148c24d63d32a91,20,0.33773769736289977,0.32801172137260437,0.2863408923149109,0.4847731292247772
book_716163e84bb9edbc,20,0.5805906176567077,0.5764845013618469,0.5546557903289795,0.6463136672973633
book_7162f5988c8f71b3,20,0.46600234806537627,0.4291929602622986,0.40468382835388184,0.8858217000961304
book_7171c8ecd58b78af,20,0.5076365426182747,0.505035936832428,0.4954356551170349,0.5301839709281921
book_7182ce6089ccb10a,20,0.4197519481182098,0.4185800105333328,0.3926532566547394,0.4801708459854126
book_7197edfdfb686718,20,0.5042858093976974,0.4979552924633026,0.4642879366874695,0.5820857286453247
book_719c88f8b9e8c3f4,20,0.4716420114040375,0.46266593039035797,0.4518420100212097,0.5280306339263916
book_71a1429097f7a125,20,0.5903158754110336,0.5811756253242493,0.5711750984191895,0.6418222188949585
book_71b55a056ef7352e,20,0.5140751674771309,0.49536648392677307,0.4873812198638916,0.6200865507125854
book_71c9ba869e79f4c4,20,0.5082582175731659,0.5031269490718842,0.4858100414276123,0.5494713187217712
book_71cf15544f15f039,20,0.571276244521141,0.5634699165821075,0.5464825630187988,0.6406130790710449
book_71ef049a203b81e9,20,0.5798594683408738,0.5484286546707153,0.525192141532898,0.778544008731842
book_7201ec1d3558b7ca,20,0.5201517522335053,0.5181031823158264,0.4969031810760498,0.5717852115631104
book_7202030fe25625cc,20,0.62328100502491,0.6063719689846039,0.5766103863716125,0.7452398538589478
book_7224837f12d1492e,20,0.5162807047367096,0.5062445402145386,0.49127644300460815,0.6372071504592896
book_7227c6a1c30c8f8d,20,0.5054555788636208,0.5003429055213928,0.48570913076400757,0.5454283952713013
book_72321c203b960457,20,0.48953946083784106,0.4831586480140686,0.4438600540161133,0.6122183203697205
book_7246d79761aa6cf7,20,0.522564971446991,0.516637533903122,0.5049170255661011,0.5673303604125977
book_726790147ebc30f3,20,0.4948103576898575,0.4934593439102173,0.48583734035491943,0.5111986398696899
book_7286f5195cdbd85f,20,0.5398191124200821,0.5281451344490051,0.5055249333381653,0.6587578058242798
book_72a1ed24c8435d32,20,0.5013711959123611,0.4850957989692688,0.4731517434120178,0.6110495924949646
book_72b102a4f23c12f6,20,0.46076607406139375,0.45537786185741425,0.4405243992805481,0.5376551151275635
book_72c25c508fcf49e5,20,0.5275555163621902,0.5203470885753632,0.5010755062103271,0.5735098123550415
book_72d07b0281265de8,20,0.5404373005032539,0.47409725189208984,0.43361324071884155,0.8932206630706787
book_72f168e3968268e4,20,0.5553684592247009,0.5525141358375549,0.5398555397987366,0.5999473929405212
book_72f3ef793feca2da,20,0.548288318514824,0.5413672029972076,0.5062866806983948,0.6077403426170349
book_72fdf3162ded1470,20,0.50498618632555,0.4892282783985138,0.47412219643592834,0.5803212523460388
book_7305e25cd7a9ba8d,20,0.674875995516777,0.654126912355423,0.5628806352615356,0.8423663973808289
book_7316031aaaa39661,20,0.43661181032657626,0.4161050319671631,0.38335373997688293,0.754370927810669
book_7333aa93472dd5fc,20,0.5431509584188461,0.5285845994949341,0.49524301290512085,0.6581873893737793
book_7336b41b1c956ba0,20,0.5397408425807952,0.5388319194316864,0.5087203979492188,0.5855013728141785
book_733f93c4319ef102,20,0.5223801985383034,0.5187702476978302,0.49009445309638977,0.5692908763885498
book_7349d468da49ca6b,20,0.6412617892026902,0.5682845115661621,0.5174165368080139,0.8358945846557617
book_734a6d62eb95d92b,20,0.48284230977296827,0.4776421785354614,0.4592590928077698,0.5250878930091858
book_7352244c7d65a45e,20,0.5280012547969818,0.5223594903945923,0.5141079425811768,0.5800803303718567
book_737fadad4913c668,20,0.47500865161418915,0.4670542776584625,0.4412308931350708,0.5533603429794312
book_73ab86967081ada2,20,0.5791230797767639,0.5693774521350861,0.5548431873321533,0.6415280103683472
book_73ac82937d2d7713,20,0.48550972193479536,0.48060427606105804,0.46411919593811035,0.5233764052391052
book_73d6d675ebca1036,20,0.5737017273902894,0.5649234056472778,0.5546367168426514,0.6493655443191528
book_73dccb20f64af580,20,0.5675411462783814,0.5534910559654236,0.5410889387130737,0.6571528911590576
book_73e75377ead422ad,20,0.485053288936615,0.480486199259758,0.4622938632965088,0.5316190719604492
book_73f8afc91af668f8,20,0.5900509089231492,0.5828950703144073,0.5703913569450378,0.6663869619369507
book_7405085f44c50587,20,0.39476229399442675,0.38662973046302795,0.36284035444259644,0.4531481862068176
book_74710ad65559bd4a,20,0.5399934679269791,0.5342102646827698,0.5211379528045654,0.5990047454833984
book_74796b8ad3c6d9ad,20,0.5768118798732758,0.5746051669120789,0.5550904273986816,0.6094719171524048
book_7483ef41901ba401,20,0.5836820006370544,0.5617096424102783,0.5483499765396118,0.7586838006973267
book_7496475d16b288b0,20,0.6642787337303162,0.6614033281803131,0.6291361451148987,0.7090206146240234
book_74b6922b4507045c,20,0.40227905213832854,0.38455699384212494,0.3660983443260193,0.5175967216491699
book_7514bda0653bc7f2,20,0.49853126853704455,0.4852915406227112,0.45392411947250366,0.7003732919692993
book_75a569ebe561a817,20,0.5786500096321106,0.5777916014194489,0.5682127475738525,0.5935587882995605
book_75b4460a2721eff7,20,0.476054447889328,0.46442562341690063,0.45350879430770874,0.5613977313041687
book_75c4bd137c105d9e,20,0.36556142270565034,0.3573942184448242,0.33497124910354614,0.4693785011768341
book_75dcbaaa596475f1,20,0.5106466144323349,0.508987694978714,0.4717528820037842,0.5935280323028564
book_75e23dda3aadb680,20,0.5258881062269211,0.5215628743171692,0.5043498277664185,0.5587685704231262
book_75e49d72c5597eac,20,0.5063986971974372,0.494463175535202,0.47825711965560913,0.6035303473472595
book_75ef2a0367af39a7,20,0.5335057377815247,0.5109316408634186,0.49251294136047363,0.6614061594009399
book_75f8e8860e240679,20,0.49237235337495805,0.48992395401000977,0.4629054665565491,0.5722939968109131
book_764e4764c7f2ca18,20,0.5606047660112381,0.5496905148029327,0.5332369208335876,0.6557401418685913
book_7658436dccc2a74e,20,0.561384305357933,0.5537578165531158,0.5448615550994873,0.6033287048339844
book_76771628360ec535,20,0.5374377280473709,0.5349838137626648,0.5164023637771606,0.5846213102340698
book_7677e5d9e7c30aa8,20,0.597295394539833,0.5725717544555664,0.5613621473312378,0.7790086269378662
book_76788e1d5dea5a3f,20,0.5375116765499115,0.5365359783172607,0.5235981345176697,0.5675699710845947
book_76a5c47a5fecc8cc,20,0.4592719405889511,0.45843732357025146,0.4383622407913208,0.4973856508731842
book_76b0d17ebab05027,20,0.5578385859727859,0.5547810196876526,0.5382639169692993,0.5862650871276855
book_76c9f3e8a8d9bb93,20,0.577550733089447,0.5716354250907898,0.5523319244384766,0.6345189809799194
book_76cf75b5c72cff31,20,0.5215173348784446,0.45692266523838043,0.4364790916442871,0.8260877132415771
book_76d4a9e31e1b0516,20,0.5841236859560013,0.5780391097068787,0.563865065574646,0.6354860067367554
book_76ff1bc55bbc441f,20,0.5352805525064468,0.5296364724636078,0.5198329091072083,0.573818564414978
book_77284fd53074afb6,20,0.48885131180286406,0.4846632033586502,0.4710065722465515,0.5124454498291016
book_77570ea2de58d4b0,20,0.40261057764291763,0.39298540353775024,0.3744698166847229,0.5137880444526672
book_776254f2452f2b34,20,0.7149787932634354,0.6948864459991455,0.566897988319397,0.9169825315475464
book_778f10eac956cf7e,20,0.5751289993524551,0.5714619159698486,0.5611610412597656,0.6049143075942993
book_779195f7189ab47f,20,0.5360841065645218,0.5309508442878723,0.5144960284233093,0.5825740694999695
book_77bdf22d5e1bd9b1,20,0.5978393733501435,0.5636511445045471,0.533663809299469,0.8318562507629395
book_77d176cc90c0bc53,20,0.5050807431340217,0.503605455160141,0.48726969957351685,0.5618016123771667
book_77efea1bc0690ac5,20,0.40196765810251234,0.36575743556022644,0.3523961901664734,0.7416696548461914
book_77fcb95bf37de72c,20,0.5454325079917908,0.5253505408763885,0.516670823097229,0.6534466743469238
book_780364cfb1e7ea7a,20,0.48447243869304657,0.47883976995944977,0.4556731581687927,0.5593512058258057
book_783f48093134cf43,20,0.5228714019060134,0.5057258903980255,0.4968581795692444,0.6429723501205444
book_78475b642d873df3,20,0.46942403465509414,0.4641029089689255,0.449481338262558,0.5936437845230103
book_784ee0abc758ea4a,20,0.4773562952876091,0.4719056487083435,0.4584166705608368,0.558897852897644
book_78b0adddbc9b9950,20,0.5537245124578476,0.5434004068374634,0.5273387432098389,0.5988621711730957
book_78d594dff5ec5c7e,20,0.46985225230455396,0.4664481580257416,0.4353853464126587,0.5213452577590942
book_78dc018f647e3d22,20,0.5366067707538604,0.5386162996292114,0.5182961821556091,0.5557619333267212
book_78f9698ad059050a,20,0.5532297641038895,0.5435606241226196,0.519955039024353,0.6513190269470215
book_79002dfc8cae8304,20,0.5158351182937622,0.5072013437747955,0.4965458810329437,0.6160569190979004
book_794669efa4a3cb73,20,0.48811881244182587,0.468061164021492,0.4475017189979553,0.6106984615325928
book_796eee0f049f8458,20,0.6236585468053818,0.6185338795185089,0.5930829048156738,0.6777536869049072
book_7972f2b30cec2ac0,20,0.612827616930008,0.6061975061893463,0.5909128189086914,0.6732950210571289
book_797463842ef30b9f,20,0.49799504429101943,0.48478104174137115,0.4775059223175049,0.562710165977478
book_79a380ff5b4cc846,20,0.5192460387945175,0.5142734050750732,0.4990883469581604,0.5542231798171997
book_79a634990418f104,20,0.4430732175707817,0.4284003973007202,0.39844852685928345,0.677229106426239
book_79c55e6c8467395a,20,0.5090818539261818,0.5070348083972931,0.48960357904434204,0.5470995903015137
book_79e0004998728910,20,0.5698833703994751,0.5691922307014465,0.5482926368713379,0.6137996912002563
book_79e3d1e233616728,20,0.4873109757900238,0.4806676656007767,0.44416171312332153,0.5747014284133911
book_79f14827fc8707db,20,0.5294469237327576,0.5262441635131836,0.49821746349334717,0.5704869031906128
book_7a0323d22d27677c,20,0.5672211349010468,0.556736409664154,0.5388525724411011,0.6631074547767639
book_7a131c3418604dfe,20,0.5080238252878189,0.5022603124380112,0.4742414951324463,0.5699777603149414
book_7a2e6bdd09e76de6,20,0.5442419946193695,0.532739520072937,0.5181069374084473,0.6008144617080688
book_7a3f13c4145276ba,20,0.5182540804147721,0.5137805342674255,0.5002695918083191,0.5537896156311035
book_7a457d5b2a87ed0c,20,0.5808933436870575,0.5773189961910248,0.5624364614486694,0.6280456781387329
book_7a5ef27f84d5fc59,20,0.5131872043013572,0.4974951297044754,0.48099279403686523,0.604021430015564
book_7a84f9d251835201,20,0.48140978515148164,0.4559951424598694,0.4296897053718567,0.6468667984008789
book_7a8ee2901b90bbbb,20,0.4979256510734558,0.48775847256183624,0.4678710699081421,0.589961051940918
book_7ae4cc5e2911e860,20,0.5312121853232383,0.5237013399600983,0.46322280168533325,0.6370382308959961
book_7af3eafe912d27a7,20,0.49272561967372897,0.4894151836633682,0.47538328170776367,0.5287106037139893
book_7b1f8abb4c237fe0,20,0.521779602766037,0.5130395293235779,0.5070317983627319,0.5548917055130005
book_7b291dfca5230715,20,0.5513182431459427,0.5498998761177063,0.534364640712738,0.5804564952850342
book_7b2e9d48d34a8c8f,20,0.5822393268346786,0.5462594926357269,0.5360617637634277,0.735628604888916
book_7b53293351d8a1e5,20,0.4863601356744766,0.4824187606573105,0.459136426448822,0.5544098615646362
book_7b737e21bf13a4cb,20,0.5785668790340424,0.5749738812446594,0.55684494972229,0.6334245204925537
book_7b75703fff4160d0,20,0.5240357220172882,0.5238640904426575,0.5081894397735596,0.5758724212646484
book_7b8ffac10e130fb7,20,0.5260931462049484,0.5240404605865479,0.5108026266098022,0.5561203956604004
book_7bb1566654b490ea,20,0.5818720877170562,0.573859453201294,0.5532636642456055,0.6718237400054932
book_7bba6c1b19cbd412,20,0.42417239099740983,0.4042147845029831,0.37056678533554077,0.5572618246078491
book_7bc06b58e51df9f6,20,0.4565522864460945,0.4543493837118149,0.43048059940338135,0.5109026432037354
book_7bc3e9b34974c07d,20,0.562618413567543,0.5614290535449982,0.5396521091461182,0.6009014844894409
book_7bc513c797654467,20,0.5613599747419358,0.5490765869617462,0.5375305414199829,0.6347036361694336
book_7bd1aa8c968ea8ad,20,0.4855125442147255,0.47542238235473633,0.46085411310195923,0.564582109451294
book_7bf33cd34eccd7b7,20,0.5600811749696731,0.5547212064266205,0.5362809896469116,0.6109213829040527
book_7bfad565a7f3ca3c,20,0.49120272397994996,0.4842158257961273,0.4512779414653778,0.5655380487442017
book_7c0a38814bdc57f8,20,0.5484561502933503,0.5376436710357666,0.5202484130859375,0.622711181640625
book_7c1b70860dfe3ea7,20,0.5457365542650223,0.5422806739807129,0.5320983529090881,0.568787157535553
book_7c3a2ae9816fb572,20,0.5675129741430283,0.5601691901683807,0.5435894131660461,0.6248501539230347
book_7c49dfd5f57825b1,20,0.43479287922382354,0.4274389147758484,0.419062077999115,0.5068309307098389
book_7c58e90519af1389,20,0.5383423298597336,0.5229554176330566,0.511080265045166,0.6042618751525879
book_7c80113e3c5dfaa2,20,0.32277013510465624,0.32325711846351624,0.2866721749305725,0.38369619846343994
book_7c9b52b904e5c47d,20,0.38761730641126635,0.37934353947639465,0.36374199390411377,0.4340645670890808
book_7c9d1f4279bc3229,20,0.49957557320594786,0.4914182871580124,0.4705260992050171,0.5472441911697388
book_7ca717b72ad43371,20,0.49951463341712954,0.4972715377807617,0.4543986916542053,0.5812459588050842
book_7cb1b48825ff7bf8,20,0.5764038383960723,0.5666403472423553,0.5544872283935547,0.6607416868209839
book_7cd4f38a0c4fe770,20,0.5763603717088699,0.5725497603416443,0.5622197985649109,0.611302375793457
book_7ceee845960f28e3,20,0.5861095309257507,0.5822539329528809,0.5703310370445251,0.6208909749984741
book_7d0896ad4a99a0b7,20,0.46326643228530884,0.43851126730442047,0.4296325445175171,0.5705568790435791
book_7d267919ebd29db1,20,0.5347889482975006,0.5302154719829559,0.5179064273834229,0.6009892225265503
book_7d75c8b67357e984,20,0.4147384151816368,0.38529016077518463,0.37050294876098633,0.6474649906158447
book_7da391fc99b4f1da,20,0.5630962461233139,0.5606644749641418,0.5469763875007629,0.5905894041061401
book_7db21b147d2cc5ad,20,0.4965139925479889,0.46903805434703827,0.44191044569015503,0.6249458193778992
book_7de3fdad0a526b4d,20,0.5424666121602059,0.4805506616830826,0.46200478076934814,0.8887556791305542
book_7debde1993d76224,20,0.4930277481675148,0.4897068291902542,0.4767238199710846,0.5374180674552917
book_7e06fcf0c1fd24e5,20,0.547919362783432,0.5410340130329132,0.5133143663406372,0.6518001556396484
book_7e12347da5d7c9ba,20,0.5144609242677689,0.4988652169704437,0.4816737174987793,0.6282999515533447
book_7e18787acc393d94,20,0.5409448683261872,0.5332010686397552,0.5239218473434448,0.577279806137085
book_7e2ce714f60f7338,20,0.5171586722135544,0.5099751055240631,0.48662033677101135,0.5733491778373718
book_7e43f906dc531695,20,0.5609070390462876,0.5510541796684265,0.5409985780715942,0.6529388427734375
book_7e6133b08aad1d5d,20,0.6822378098964691,0.6847216784954071,0.5536032915115356,0.8355264067649841
book_7e62ea8f72dbd86b,20,0.3488695234060287,0.34179212152957916,0.3090946674346924,0.41040804982185364
book_7e75fbf87683973b,20,0.510818925499916,0.5074104070663452,0.48883339762687683,0.5626116991043091
book_7e82f5e126095f2a,20,0.4449214324355125,0.441254198551178,0.4273177981376648,0.4804624915122986
book_7e8a6f18592625e1,20,0.5820943772792816,0.5796124935150146,0.5665065050125122,0.6180692911148071
book_7eb55c577338abfc,20,0.5285229355096817,0.5199487507343292,0.5090380907058716,0.5725339651107788
book_7ebf8e90ee93181f,20,0.5416120231151581,0.5343078970909119,0.5050469636917114,0.607624888420105
book_7ed949e1303d684b,20,0.5705739408731461,0.5654824674129486,0.5280342102050781,0.7040373086929321
book_7eed60f8a31974b5,20,0.405361633002758,0.40101534128189087,0.3864445686340332,0.44784247875213623
book_7eee1559126b33f6,20,0.5614961504936218,0.5559371113777161,0.5450698137283325,0.6099697351455688
book_7ef417370b41b300,20,0.5032440438866616,0.49675872921943665,0.48611146211624146,0.5524420142173767
book_7ef65b1f5a518be6,20,0.522434076666832,0.5140113234519958,0.5039008259773254,0.6104822754859924
book_7ef9093c602d57c9,20,0.5873051792383194,0.5712535381317139,0.552263617515564,0.7057571411132812
book_7f0415bb13fb2a5e,20,0.49886983931064605,0.4961985945701599,0.4691963493824005,0.5572754144668579
book_7f347537331fdefe,20,0.5207490473985672,0.5096628069877625,0.4860883951187134,0.5674842000007629
book_7f551fc60839d84a,20,0.509650693833828,0.5116389989852905,0.48262789845466614,0.5468462109565735
book_7f6f8b014bef221b,20,0.5480883538722991,0.5328024625778198,0.52189701795578,0.7438868284225464
book_7f73cd74468b7419,20,0.5576908886432648,0.5560704469680786,0.5422751903533936,0.5770887732505798
book_7f8b0cc76746b685,20,0.7537643551826477,0.7519777417182922,0.7304609417915344,0.7897193431854248
book_7fc468cc8dd184f3,20,0.5480616927146912,0.5417096018791199,0.5281776189804077,0.6144441366195679
book_7fefe4ce9f637d07,20,0.47145731151103976,0.46598757803440094,0.45383113622665405,0.5391225814819336
book_800712e3d2d3032e,20,0.42366557866334914,0.41272489726543427,0.39669787883758545,0.5516586303710938
book_80097ffc45970b3f,20,0.26651610136032106,0.2546572983264923,0.23080092668533325,0.36021214723587036
book_803f7d0904e92f9c,20,0.6716641068458558,0.6679646372795105,0.6512119174003601,0.7121336460113525
book_8046deb277fb8802,20,0.5259645283222198,0.5171962678432465,0.502386748790741,0.5940329432487488
book_804f4abaca4e1440,20,0.45241125077009203,0.42914730310440063,0.4153532385826111,0.5555928349494934
book_80805ee968005f1e,20,0.5100829854607583,0.5030072629451752,0.4886557459831238,0.5927861928939819
book_808547d1138962e5,20,0.5487076729536057,0.5398980677127838,0.531804621219635,0.5919048190116882
book_809e6ceb0dda967d,20,0.5688238799571991,0.5645956993103027,0.5554637908935547,0.5877014398574829
book_80a27e319ea76a12,20,0.5260846555233002,0.5237696766853333,0.504194974899292,0.5902392864227295
book_80c07dbf5526ff61,20,0.5229061171412468,0.5137167870998383,0.4961094260215759,0.6208598613739014
book_80c24c4f0eb93b29,20,0.5336647957563401,0.5284285545349121,0.5069817304611206,0.5878309607505798
book_80e52804ee53d804,20,0.5732793003320694,0.5675484240055084,0.5502269268035889,0.6305254697799683
book_80e72fa6357f3134,20,0.4918521523475647,0.48141518235206604,0.4530145525932312,0.5626510977745056
book_80e8c1db6da5ebbd,20,0.5359055697917938,0.5265479385852814,0.5126912593841553,0.6372071504592896
book_80ebc8f563abe2d1,20,0.5408668398857117,0.5289583504199982,0.5163679122924805,0.6135280132293701
book_81044819e64ccd02,20,0.5035202533006669,0.49707241356372833,0.47823625802993774,0.5432732105255127
book_811ba701366c2577,20,0.5521739095449447,0.5492937862873077,0.5355621576309204,0.5924930572509766
book_8121f75479b6ea4e,20,0.4547667846083641,0.44904282689094543,0.43560945987701416,0.4931027293205261
book_813d00ded207eea4,20,0.4807812601327896,0.4757501631975174,0.428951621055603,0.6698623895645142
book_8142663f477fb64b,20,0.5241473525762558,0.5126327574253082,0.4794847369194031,0.6100367307662964
book_8148b4a4b59c4d07,20,0.49413895756006243,0.4882897287607193,0.4758988618850708,0.5379323363304138
book_815c6ee733cc8629,20,0.529916663467884,0.5162165760993958,0.4400116205215454,0.6197859048843384
book_815ea628a1e16eb7,20,0.4931457921862602,0.49499914050102234,0.4788197875022888,0.513413667678833
book_81643a1325201f4c,20,0.516817283630371,0.5060460567474365,0.48414820432662964,0.5928665995597839
book_81802f6e9cee31f2,20,0.5763928562402725,0.5753308534622192,0.5470095872879028,0.6236183643341064
book_81913a886361c725,20,0.5439996600151062,0.5373096168041229,0.5148012638092041,0.6251610517501831
book_81ba4eef78ece9a5,20,0.52424808293581,0.512697696685791,0.4934704303741455,0.6946901082992554
book_81fbdd9094f9c284,20,0.5343443274497985,0.523078441619873,0.5108218193054199,0.6245996952056885
book_820e22d6f9a07c74,20,0.5547737091779709,0.543987512588501,0.5295828580856323,0.6589999198913574
book_820e36ac735d1490,20,0.48373939394950866,0.48000501096248627,0.4565604329109192,0.5850064158439636
book_822736ec14e393ec,20,0.48083618730306626,0.4751976579427719,0.4623568058013916,0.5426119565963745
book_82360a678b9365fc,20,0.5333160340785981,0.5307122468948364,0.5187092423439026,0.5722401142120361
book_8243293051137db6,20,0.5388301968574524,0.5329502522945404,0.5217734575271606,0.581918478012085
book_82522556ca573522,20,0.6089052051305771,0.6017355024814606,0.5890902280807495,0.6535474061965942
book_8257ba6272753268,20,0.5195728793740273,0.5009694546461105,0.48901814222335815,0.6468797326087952
book_825ab0f0c97c2144,20,0.5287884652614594,0.5197927057743073,0.504936695098877,0.665444016456604
book_825dc872f9aa3f7e,20,0.4845903992652893,0.482145220041275,0.465564489364624,0.5534390211105347
book_82601fb7da0f0600,20,0.5548993974924088,0.5334286093711853,0.5130446553230286,0.7545788288116455
book_82731717156118d0,20,0.5450887203216552,0.5409023761749268,0.5200489163398743,0.588915228843689
book_8290de3b13b90157,20,0.5197847992181778,0.5157501399517059,0.5011496543884277,0.56089186668396
book_8296a46007f60554,20,0.4643528819084167,0.4409293830394745,0.42507708072662354,0.5989295840263367
book_829af2ae52b90aaa,20,0.578267514705658,0.5754083693027496,0.5542231798171997,0.6297258138656616
book_829d954319fdc405,20,0.5426905184984208,0.53054478764534,0.49168336391448975,0.6098916530609131
book_82a459a258ae4295,20,0.557426831126213,0.5395506024360657,0.5129794478416443,0.772624135017395
book_82b2c31c5d142dfe,20,0.577105712890625,0.5718664824962616,0.5622847676277161,0.6342986822128296
book_82b9249f8ca4e9e1,20,0.5553586274385452,0.5533535778522491,0.5359243154525757,0.5900808572769165
book_82c5a4242a2b3647,20,0.4981976494193077,0.49414125084877014,0.4770609140396118,0.5706213712692261
book_82d3c45d1bb03754,20,0.494003027677536,0.4915664792060852,0.47735482454299927,0.5187181830406189
book_82d85e1dc9ef1fe8,20,0.5066330105066299,0.5012144148349762,0.4733917713165283,0.55971360206604
book_82e39a4b616258d1,20,0.6219028353691101,0.6157766580581665,0.564230740070343,0.7219222784042358
book_82e6ab62ae5fe8d8,20,0.4984681114554405,0.4857672303915024,0.4589698314666748,0.5721895694732666
book_82f50051ad389b36,20,0.3534073993563652,0.3149936944246292,0.2910918891429901,0.5593164563179016
book_82f7566c33246359,20,0.538008838891983,0.5289156436920166,0.514140248298645,0.6129605770111084
book_82ffddd83b11c52d,20,0.579293093085289,0.5753094255924225,0.5412424802780151,0.6467376947402954
book_83004fcb8b6f69c6,20,0.4946674719452858,0.49061891436576843,0.4698966145515442,0.5434724688529968
book_8307d3107d1e4bf1,20,0.5168080687522888,0.5141512751579285,0.505430281162262,0.538987934589386
book_830dc1d74fde34f9,20,0.5367374897003174,0.5324291288852692,0.5172906517982483,0.5677201747894287
book_833ac806de11eed7,20,0.521873165667057,0.4948740154504776,0.46051859855651855,0.677229106426239
book_835850f43a91cc5e,20,0.5609852284193039,0.5525742769241333,0.5372072458267212,0.6107823848724365
book_836862604adcd3af,20,0.43744941204786303,0.4241667836904526,0.41236230731010437,0.5552359819412231
book_836ee4449dd2e0c2,20,0.5403890997171402,0.531281441450119,0.5130164623260498,0.5959660410881042
book_838ac6dedb736105,20,0.5514397576451302,0.5177879929542542,0.4939722716808319,0.8580269813537598
book_8396d7b1936adc0f,20,0.4606472998857498,0.46080705523490906,0.4393165111541748,0.5041093826293945
book_83b1e87f038e24c5,20,0.5625316828489304,0.5571756958961487,0.5267852544784546,0.6204625368118286
book_83b23bdcdd716ca1,20,0.5379993885755538,0.5254841446876526,0.5122843980789185,0.6106031537055969
book_83bf078804402d3c,20,0.620403665304184,0.6151636838912964,0.5911210775375366,0.732606053352356
book_83c121f91d89ddd6,20,0.5698683232069015,0.5805352628231049,0.5017575025558472,0.6503592729568481
book_83c8f21685a301a2,20,0.6041848063468933,0.5946095883846283,0.5628508925437927,0.7057571411132812
book_83fc312ccbfda6ba,20,0.37920466959476473,0.379301980137825,0.36423245072364807,0.41939473152160645
book_841d93dae7e69f59,20,0.5594613373279571,0.5495350062847137,0.5362287759780884,0.6340638995170593
book_842c3aecb4c93d6d,20,0.5562540322542191,0.5473623275756836,0.5361133217811584,0.6173697710037231
book_842d448f537c60b1,20,0.5543360710144043,0.5435217320919037,0.5339971780776978,0.6487935185432434
book_8456776921a87b32,20,0.6018604367971421,0.5992939174175262,0.5741112232208252,0.6536407470703125
book_845fc5606c3fddd1,20,0.5604263633489609,0.5550565123558044,0.543851375579834,0.6147071719169617
book_846b28a4278afcfe,20,0.5325968414545059,0.5237093865871429,0.5011471509933472,0.6267881393432617
book_84b5c533832a14ce,20,0.44335539937019347,0.43768343329429626,0.4208683371543884,0.5178177356719971
book_84bd7ae2eb9f9e76,20,0.5891496002674103,0.5806418359279633,0.5517539978027344,0.74503493309021
book_84bef5ab7aabcd5c,20,0.4622411787509918,0.4235552251338959,0.4020308256149292,0.9966931939125061
book_84ccb10c89487871,20,0.5678338587284089,0.5622825622558594,0.5462011694908142,0.6112721562385559
book_84e3ce4b91bb7f05,20,0.559567990899086,0.5463437438011169,0.5301855802536011,0.6299628615379333
book_84e4d0fa56f9f1d7,20,0.5151028752326965,0.509853720664978,0.4973987936973572,0.5706040859222412
book_84e8db91eddcf76c,20,0.5568240702152252,0.5524189174175262,0.5305320024490356,0.6072021722793579
book_8503bc239427304f,20,0.5195130407810211,0.5188109278678894,0.4985421299934387,0.5476349592208862
book_850a1e299b7e2c14,20,0.5573641270399093,0.540614128112793,0.5260609984397888,0.6731793284416199
book_851a66772a96cb7f,20,0.5564645409584046,0.5459684431552887,0.5234445929527283,0.6210697293281555
book_8526c391c4af233f,20,0.5647151112556458,0.5527623295783997,0.5412853360176086,0.7772156000137329
book_85275292596a71db,20,0.5138019040226937,0.5011758506298065,0.47637540102005005,0.8013579845428467
book_85432fa7984e3ba7,20,0.5598630428314209,0.5553644895553589,0.5323928594589233,0.6118775010108948
book_85492c05de7c62b3,20,0.5475305259227753,0.5332029461860657,0.5201793313026428,0.6239383220672607
book_85795e8574b4888b,20,0.5124107152223587,0.5015049278736115,0.48215019702911377,0.6195617914199829
book_857a2a8d94a60ac1,20,0.5040088430047035,0.4999733418226242,0.485748827457428,0.553597092628479
book_85893a56e077ab04,20,0.5746408104896545,0.5739805102348328,0.5353623628616333,0.6430710554122925
book_858b1fe94073a27d,20,0.5420319765806199,0.5409877598285675,0.5017911195755005,0.632529616355896
book_85a81e97e52f8c5b,20,0.6037067949771882,0.5886064767837524,0.5412174463272095,0.6975336074829102
book_85f38adf93ae2639,20,0.4988811701536179,0.4916799068450928,0.4768053889274597,0.5388880968093872
book_85f785b9f2c1c2fb,20,0.5616566419601441,0.5648678839206696,0.5323452949523926,0.6115103960037231
book_85fd645a6326ab04,20,0.6032656222581864,0.5890344977378845,0.5603187084197998,0.784927487373352
book_863b88c9872da6df,20,0.45334247797727584,0.44610320031642914,0.4280136823654175,0.5319733619689941
book_863bb0ffddf8daff,20,0.49965308159589766,0.49420514702796936,0.4687301218509674,0.5412174463272095
book_86570061a9a82245,20,0.5327090233564377,0.5258740484714508,0.5169130563735962,0.5659500360488892
book_8669ce2550c837b7,20,0.617086511850357,0.6143822073936462,0.6009342670440674,0.6570851802825928
book_867a188078acbd1b,20,0.5327631890773773,0.5291111469268799,0.5090020298957825,0.5659093856811523
book_868b0b9fce8ddf56,20,0.4703011021018028,0.4609677195549011,0.432016521692276,0.56982421875
book_8695d63e3883c94c,20,0.4714614078402519,0.4656488597393036,0.45512890815734863,0.5020482540130615
book_86a9e70f0352c161,20,0.5720162123441697,0.562454342842102,0.551645040512085,0.6251910328865051
book_86aad5f15222fdc7,20,0.4945188656449318,0.48617981374263763,0.46700727939605713,0.5398699045181274
book_86d5abaaa5f7a199,20,0.5466781944036484,0.5406690835952759,0.5217605233192444,0.6048417091369629
book_86e5569534037756,20,0.39483392238616943,0.38229532539844513,0.3633982539176941,0.4718882441520691
book_86e6bdd4e345b02f,20,0.5800609976053238,0.5777371823787689,0.5677679777145386,0.6066334843635559
book_86f6b8eae4d90a30,20,0.5106854259967804,0.5064274072647095,0.4846319854259491,0.5680646896362305
book_871f1a87e7c95a52,20,0.4133938610553741,0.3847252428531647,0.3600060045719147,0.754370927810669
book_8734baf9bfe6f9fa,20,0.5569595456123352,0.5519992709159851,0.5428967475891113,0.6005867719650269
book_8736a801eb12e7f7,20,0.5304037392139435,0.491619274020195,0.4821974039077759,0.9999999403953552
book_874aa6745537d33f,20,0.5607054710388184,0.5543473958969116,0.5311746597290039,0.6586570739746094
book_8767402b526f89f6,20,0.2975476786494255,0.29695647954940796,0.27597761154174805,0.3343905806541443
book_87821c8e39f0b91e,20,0.5128955960273742,0.5035996437072754,0.48357486724853516,0.6229768991470337
book_878286004aaedf50,20,0.48354177474975585,0.47346632182598114,0.460422158241272,0.5399127006530762
book_878a140c5b9ba41f,20,0.6242339760065079,0.6191573143005371,0.5986227989196777,0.6821680665016174
book_878d1e18eb6e600f,20,0.5003461360931396,0.49526940286159515,0.4756299555301666,0.552247941493988
book_879a9bf1007aaddb,20,0.48793540745973585,0.4820454865694046,0.45811644196510315,0.5678713917732239
book_87a250643d9db5c7,20,0.5224423751235008,0.5078139007091522,0.4976942539215088,0.6230363845825195
book_87db0c75b3c43357,20,0.5861609399318695,0.5836884677410126,0.5440036058425903,0.7005637288093567
book_881ceb21d07852f8,20,0.5162457779049874,0.5010578334331512,0.45145919919013977,0.5963245034217834
book_88321317b4aeb354,20,0.5444042205810546,0.5419303774833679,0.5201061964035034,0.5883997678756714
book_883f837586d4f1ec,20,0.5553252905607223,0.5472947359085083,0.5303604602813721,0.5995873808860779
book_884bc5bac5d9e244,20,0.4021375313401222,0.39212918281555176,0.3692847490310669,0.47477543354034424
book_88571ac2c41f8889,20,0.4778085619211197,0.47105249762535095,0.458609938621521,0.5755742192268372
book_885f6f27caddf8ad,20,0.5501380085945129,0.5422214269638062,0.5287779569625854,0.6237953901290894
book_88bf025bcb749cdb,20,0.4506417468190193,0.44375400245189667,0.4228925406932831,0.5368444323539734
book_88d34bdb86f0dd6d,20,0.5124938935041428,0.5148667395114899,0.49129390716552734,0.5566933155059814
book_88f5e1adba56bc82,20,0.5271173626184463,0.5208531022071838,0.5046302080154419,0.5962488651275635
book_88f6488ced0babe9,20,0.6188724309206008,0.579757809638977,0.5652667284011841,0.8697053790092468
book_8909c2513af52fce,20,0.6388280361890792,0.6324492990970612,0.6136882305145264,0.7044563889503479
book_8915a24b0617e72a,20,0.5188416332006455,0.5116309225559235,0.49944353103637695,0.5657889246940613
book_8926c58d22f6dd29,20,0.49817482233047483,0.4870554655790329,0.47552382946014404,0.5658516883850098
book_892d96197613fa8c,20,0.7224500179290771,0.7152343988418579,0.6984769105911255,0.8008593916893005
book_894775cd22e5ae56,20,0.521466101706028,0.5195740163326263,0.49641433358192444,0.5590049028396606
book_8949d69210aae96a,20,0.6086837232112885,0.6027923822402954,0.5809270739555359,0.6674333214759827
book_896446388af9ee7e,20,0.44835077673196794,0.44788774847984314,0.4238840341567993,0.4808274507522583
book_89657ac8eab369ee,20,0.523016306757927,0.5175343155860901,0.4973861575126648,0.562255322933197
book_8969b538af1e9eea,20,0.5885895013809204,0.5791455507278442,0.5635623931884766,0.6447539925575256
book_897304c6071a156f,20,0.5636012047529221,0.5564647614955902,0.5296503901481628,0.6492708325386047
book_898e42b642159e5e,20,0.5200831443071365,0.5112102031707764,0.5000802278518677,0.5622373223304749
book_89aefc9e6d88ceb2,20,0.5312914967536926,0.5313650071620941,0.5043817758560181,0.5775547623634338
book_89b0ad89086289ea,20,0.5243993431329728,0.5187258124351501,0.5068570375442505,0.5910560488700867
book_89b89b87254fab70,20,0.4115991905331612,0.40573757886886597,0.3832274079322815,0.4646759629249573
book_89d49d2f04127e36,20,0.5407524436712265,0.5288997292518616,0.5197679400444031,0.606550395488739
book_89d945fe64f3d937,20,0.6226323813199997,0.5974927842617035,0.5592803359031677,0.8318562507629395
book_89ddcbb3bcbc08d7,20,0.6019686371088028,0.5689786374568939,0.5504961013793945,0.7721757292747498
book_89fb96b30a5389e4,20,0.5316334694623948,0.5220071375370026,0.4964113235473633,0.6458728313446045
book_89fcb89b164a3f25,20,0.5944829463958741,0.5617362558841705,0.49046456813812256,0.7324863076210022
book_89fdfe6c9dddd07b,20,0.5373367488384246,0.529100626707077,0.507293701171875,0.58359694480896
book_8a38ee0463c96cc8,20,0.6183156460523606,0.6112228631973267,0.589235782623291,0.6670196056365967
book_8a43d3824995be9b,20,0.5480439931154251,0.543525218963623,0.5247921943664551,0.6483142375946045
book_8a5f464d06acf324,20,0.4989334553480148,0.48888199031352997,0.47713929414749146,0.560957133769989
book_8a6c6ed7fab04c9c,20,0.579969173669815,0.571080356836319,0.5259888172149658,0.6536452770233154
book_8a6d199715e0c78a,20,0.44770842641592024,0.4454318583011627,0.4269607663154602,0.49685776233673096
book_8a7ad2c15296caba,20,0.6481921017169953,0.6137614250183105,0.539084792137146,0.7820850610733032
book_8a8516d67ed362d5,20,0.45072847604751587,0.4475362002849579,0.43056708574295044,0.543128490447998
book_8a87ee264853e604,20,0.5910578012466431,0.5666117072105408,0.5539337396621704,0.9539268612861633
book_8aa1fb5250c8c079,20,0.5607750236988067,0.5516743063926697,0.5213015079498291,0.670206606388092
book_8aba30b727ebbaf3,20,0.5482855558395385,0.5432733297348022,0.5174648761749268,0.6100040674209595
book_8abd28a70892350b,20,0.5816361218690872,0.5820007026195526,0.566728949546814,0.6265593767166138
book_8ac4a57d2ae9dfca,20,0.561029976606369,0.5509010851383209,0.5367608666419983,0.7135461568832397
book_8ae43cf8fd4d10de,20,0.49224507063627243,0.48912012577056885,0.46128660440444946,0.5455731749534607
book_8aef559824be403b,20,0.5443153321743012,0.54112908244133,0.5341598391532898,0.5613691806793213
book_8af02659a8dbce5d,20,0.5077999621629715,0.4899725615978241,0.46391814947128296,0.6544679403305054
book_8af39c8f41ee0de1,20,0.5222897917032242,0.5017330348491669,0.48346972465515137,0.7585110664367676
book_8af844980f2def3c,20,0.5677744418382644,0.5621761679649353,0.5404799580574036,0.6227145195007324
book_8b4a017325b704d5,20,0.6073009759187699,0.602779895067215,0.5861984491348267,0.647287130355835
book_8b50cd13403d3990,20,0.4622890830039978,0.45937371253967285,0.4407244920730591,0.5084803104400635
book_8b59c3692d5405f5,20,0.4753453344106674,0.47059792280197144,0.460945725440979,0.5234679579734802
book_8ba5903487725291,20,0.49270853102207185,0.48703065514564514,0.4743538498878479,0.5438535213470459
book_8ba73e70518b48b5,20,0.5182309791445732,0.5149949491024017,0.4914686977863312,0.5554075241088867
book_8ba7c2d21b7c4b22,20,0.5195385739207268,0.5118464529514313,0.4974583685398102,0.5610535144805908
book_8bce9304ca4c0c02,20,0.4849131628870964,0.47482559084892273,0.4559110403060913,0.5781049728393555
book_8bd125acc507594e,20,0.5462671726942062,0.542769730091095,0.524384617805481,0.5965704917907715
book_8c16485da6185c3a,20,0.539915144443512,0.5436651110649109,0.4968199133872986,0.6261773109436035
book_8c356e6aadfcc5c4,20,0.482956463098526,0.47560273110866547,0.4625179171562195,0.5799270868301392
book_8c43a6ebade53ee0,20,0.5732529610395432,0.5709995031356812,0.5562392473220825,0.606985330581665
book_8c5322a3e6440153,20,0.5374149680137634,0.5151558816432953,0.4976293444633484,0.6364126205444336
book_8c55c0484dfd6f11,20,0.5546888500452042,0.5515903532505035,0.5321553349494934,0.6061466336250305
book_8c5afcc9c8904844,20,0.5814333140850068,0.515418529510498,0.4994373917579651,0.8699287176132202
book_8cc6904f3fbd0204,20,0.46756512820720675,0.4621037244796753,0.44327300786972046,0.5170567035675049
book_8cd66a23817b93b5,20,0.6981043428182602,0.6925570964813232,0.657323956489563,0.7931385040283203
book_8cdd162ae78dfc1f,20,0.49206348806619643,0.4904283285140991,0.4715668559074402,0.5519901514053345
book_8ce2046b0568ba10,20,0.47354217022657397,0.46822109818458557,0.4548580050468445,0.5296732187271118
book_8cf56b09caff88cd,20,0.5694486945867538,0.5658311247825623,0.5490943193435669,0.6148211359977722
book_8d0d9be5e18b4c71,20,0.5993966460227966,0.5777104198932648,0.5584466457366943,0.8301905393600464
book_8d21d0ed0858b62a,20,0.4494236961007118,0.4481648653745651,0.4302622675895691,0.4973069727420807
book_8d349d949e2a576c,20,0.44753809422254565,0.4437582492828369,0.427762508392334,0.48635435104370117
book_8d44d05cd4e1a622,20,0.5465225756168366,0.5361717343330383,0.5175421237945557,0.6694439053535461
book_8d65b2e4a0f52c2f,20,0.5149591535329818,0.5059802532196045,0.48923259973526,0.5603753924369812
book_8d83d59cb398cb49,20,0.7117426872253418,0.708134114742279,0.6890233755111694,0.759854257106781
book_8dbaddfd4ccb6dfe,20,0.7580982148647308,0.7594064772129059,0.7301065921783447,0.7904033660888672
book_8dc6ae7fc7cbe0ce,20,0.523757541179657,0.5109841525554657,0.5015974640846252,0.5921766757965088
book_8dc9c3c3f46477fa,20,0.5792654901742935,0.5601212680339813,0.51314377784729,0.8311157822608948
book_8dccd0279eadc6e2,20,0.5562148958444595,0.5282927751541138,0.5079543590545654,0.7535932064056396
book_8ddb0bec5787ddc7,20,0.5517926126718521,0.5453447103500366,0.5336288809776306,0.6058161854743958
book_8ddcf0d8007a949e,20,0.5240696251392365,0.5178484916687012,0.509233295917511,0.5849685668945312
book_8dded944dc873872,20,0.6907996356487274,0.6773579120635986,0.6260756254196167,0.7935999631881714
book_8de80053253a6e1e,20,0.5723052799701691,0.5629188120365143,0.5361810922622681,0.7080080509185791
book_8e28bb790fbe1431,20,0.5989669054746628,0.5918304920196533,0.5835232734680176,0.7003575563430786
book_8e3391e3f47a273b,20,0.5372364759445191,0.5271586179733276,0.5092788934707642,0.6077073216438293
book_8e4bc13b4bba07ea,20,0.4605462521314621,0.4509679675102234,0.4218042492866516,0.5336334705352783
book_8e501d3943c4b467,20,0.5117645516991616,0.5080218613147736,0.48614197969436646,0.549629271030426
book_8e5c6790cdf31e8e,20,0.5241885215044022,0.5073091387748718,0.4937610626220703,0.6548282504081726
book_8e7a268429749153,20,0.4506584405899048,0.4425845444202423,0.4291568696498871,0.4878444969654083
book_8e8e20c0e97ccded,20,0.48099721521139144,0.46600885689258575,0.4494880139827728,0.5674186944961548
book_8e90476e8a5a5b58,20,0.5806629657745361,0.576070636510849,0.5586805939674377,0.640366792678833
book_8e9750570c25c554,20,0.5046827360987663,0.502693772315979,0.45554250478744507,0.5568294525146484
book_8e97a818fbf990f0,20,0.42788149416446686,0.42314183712005615,0.4089169502258301,0.48787468671798706
book_8ea0c37192317a9c,20,0.5191470086574554,0.5107763409614563,0.48728328943252563,0.6517118811607361
book_8ea8e56947e679fc,20,0.43197629451751707,0.4287961572408676,0.40991514921188354,0.5148077011108398
book_8eabb35d112f77a2,20,0.5077600061893464,0.49511362612247467,0.48190051317214966,0.566930890083313
book_8eb86852e3b1b768,20,0.5279338985681534,0.512573629617691,0.4991680383682251,0.6440872550010681
book_8ebbdfdd004e0681,20,0.502289816737175,0.48434193432331085,0.4564048945903778,0.6282522678375244
book_8ec1d6b38787dfe7,20,0.4856302529573441,0.4799429774284363,0.4685730040073395,0.5373619794845581
book_8ef0803d4fc45178,20,0.572578963637352,0.5645480453968048,0.5487094521522522,0.6806248426437378
book_8ef3c2acdd5ec365,20,0.5165039330720902,0.5118227303028107,0.5002846121788025,0.5603199601173401
book_8eff28a2598841e0,20,0.5666558116674423,0.5552487075328827,0.5349270105361938,0.6248394250869751
book_8f17572f8654c5dc,20,0.44599654376506803,0.4368034452199936,0.41730737686157227,0.4952472448348999
book_8f31a6915f490c54,20,0.44609304815530776,0.43127700686454773,0.41386300325393677,0.5218803882598877
book_8f3ef8e052eb1f84,20,0.5585878849029541,0.5536678433418274,0.533588171005249,0.5992736220359802
book_8f4c841459b9008b,20,0.5171295732259751,0.5098608434200287,0.4953942596912384,0.5570461750030518
book_8f52b30f06193890,20,0.49712245762348173,0.4865243583917618,0.4735467731952667,0.5529314875602722
book_8f709f59347d4b61,20,0.7145770043134689,0.6956121921539307,0.5605101585388184,0.9169825315475464
book_8f7e9d87f5c0783e,20,0.5557269036769867,0.5515758097171783,0.5238037109375,0.5942400693893433
book_8f84c16913e41252,20,0.5706229418516159,0.5693254470825195,0.5573683977127075,0.5975503325462341
book_8f87d1de11de024e,20,0.5434422999620437,0.5393224358558655,0.5268664956092834,0.5750888586044312
book_8f8f9cf81c5f9914,20,0.5593155860900879,0.5582211911678314,0.5394026041030884,0.5975940227508545
book_8fab89d43e275cd1,20,0.5450427204370498,0.5426213443279266,0.5254254341125488,0.5735076665878296
book_8fb10b3438eb4f32,20,0.5243232786655426,0.522083580493927,0.5085105895996094,0.5575827956199646
book_8fb873168c5abad4,20,0.5794207692146301,0.5718660354614258,0.5574005842208862,0.6188302040100098
book_8fc652e0c51378f5,20,0.5631953924894333,0.5479744970798492,0.5200886130332947,0.681442379951477
book_8fce320cce316590,20,0.6898637235164642,0.6888748407363892,0.6567733287811279,0.7424478530883789
book_8fd91dff71750617,20,0.49205019026994706,0.48703834414482117,0.4703613817691803,0.5532575845718384
book_8fef1561d6bf4748,20,0.5428406566381454,0.5389751493930817,0.5259972214698792,0.5818591117858887
book_8ff956ac6c74726e,20,0.5628132939338684,0.5525060892105103,0.5442574620246887,0.6379628777503967
book_9009ec7479100590,20,0.5871106863021851,0.5762443542480469,0.5603402256965637,0.6613938212394714
book_901e37199446dcfd,20,0.4905179291963577,0.48734474182128906,0.4739880859851837,0.522903561592102
book_90217cd73a6b185c,20,0.5382659494876861,0.53487429022789,0.5202847719192505,0.5661832690238953
book_9030bae794875865,20,0.5372396528720855,0.5387602746486664,0.5068345069885254,0.5908833742141724
book_9036b0a449ea5c30,20,0.7091553151607514,0.7063214480876923,0.688312828540802,0.7505017518997192
book_9040401a3518eab5,20,0.46498779356479647,0.4139048159122467,0.39037758111953735,0.8343943953514099
book_90543efd22863a95,20,0.4875522434711456,0.4770209938287735,0.43041354417800903,0.5826644897460938
book_906095cf9503cebc,20,0.8024717926979065,0.7948153018951416,0.7790064811706543,0.8445082902908325
book_909105c0e0598420,20,0.5707548230886459,0.5515270829200745,0.5258305668830872,0.7872722744941711
book_909b369cad2d7d01,20,0.50186807513237,0.48856303095817566,0.47875237464904785,0.6066403388977051
book_90bf2823e300094e,20,0.5529129922389984,0.544898271560669,0.5333582162857056,0.6161330342292786
book_90c5b294dcafb63e,20,0.6065153688192367,0.6010234355926514,0.5832551717758179,0.6799898743629456
book_90cb29199ca12459,20,0.5239254713058472,0.5054513812065125,0.49023571610450745,0.7454913854598999
book_90d00acaf5fe8cc2,20,0.4886829912662506,0.482540488243103,0.4658699631690979,0.5380898714065552
book_90da3c62d299e4e2,20,0.5085461407899856,0.5039577186107635,0.48670512437820435,0.5622104406356812
book_90efe12f675ad2be,20,0.5900021463632583,0.5864728093147278,0.5692248344421387,0.6447539925575256
book_90f4824e2b24783c,20,0.5249476075172425,0.5187893509864807,0.4924819767475128,0.613368034362793
book_90f74c39e434fbfd,20,0.463873291015625,0.46049652993679047,0.44793519377708435,0.4860990643501282
book_90ff5dc85b05d5da,20,0.7300126641988754,0.7273777425289154,0.7090017199516296,0.7786023020744324
book_911e63d5e3088b83,20,0.5227812081575394,0.5207163691520691,0.5058329105377197,0.5514729022979736
book_912b25f4eab17a2c,20,0.41987046152353286,0.41418464481830597,0.40492624044418335,0.4540533125400543
book_913a32046124b80c,20,0.5834914833307266,0.5779853165149689,0.5628289580345154,0.6293727159500122
book_9154a34d1fc15343,20,0.4951565876603127,0.4870982766151428,0.47530925273895264,0.5553878545761108
book_919899e11b563b54,20,0.5262597024440765,0.5185648202896118,0.506401777267456,0.5666425228118896
book_91b8e162bd99937a,20,0.579319441318512,0.5701701641082764,0.5618347525596619,0.6260202527046204
book_91c0d7acf2923eee,20,0.5246842861175537,0.4984855651855469,0.47112905979156494,0.7308525443077087
book_91c259c25f6f29e1,20,0.5497253715991974,0.5396349728107452,0.5178738832473755,0.642577052116394
book_91c2e938d4b6cbd2,20,0.5449662894010544,0.5200486779212952,0.5035374164581299,0.7586838006973267
book_91c3af20efb85409,20,0.5642766952514648,0.560146689414978,0.5439275503158569,0.6148450970649719
book_91e44bb0177c5997,20,0.5617299288511276,0.558153510093689,0.5457210540771484,0.5948734283447266
book_91fc0600d96c9afb,20,0.49904539734125136,0.4927203953266144,0.47798606753349304,0.5554145574569702
book_91fdb4c138f76850,20,0.5300473213195801,0.5244676768779755,0.5032013654708862,0.560585081577301
book_92112e0dea9ab645,20,0.4983823150396347,0.4961698353290558,0.4692229628562927,0.5677430033683777
book_9230cd320cfa9d49,20,0.5429724514484405,0.5377107560634613,0.5193042159080505,0.6110321879386902
book_926fb4c2a8932013,20,0.5875012099742889,0.5844204723834991,0.5630850791931152,0.679429829120636
book_9277307114ca36ab,20,0.5642583161592484,0.5554062128067017,0.5290917158126831,0.6564885377883911
book_927d7cd2148b69e7,20,0.5680280774831772,0.5609233677387238,0.543536365032196,0.6464918851852417
book_929b6cda26a5abe7,20,0.5455017119646073,0.5467934012413025,0.5067521929740906,0.6247818470001221
book_92a0dc085495b6dc,20,0.5532470792531967,0.5438525080680847,0.5202513337135315,0.6224991083145142
book_92a26032fbb9d0cd,20,0.5303204193711281,0.4967656135559082,0.4699694514274597,0.8344272375106812
book_92be5fb6385ec4c9,20,0.46821682453155516,0.462153360247612,0.45151814818382263,0.5291734337806702
book_92ce408b7dc8320b,20,0.5619758158922196,0.5500704944133759,0.5334907174110413,0.6910135746002197
book_92dddda66904de5c,20,0.540001779794693,0.5360597968101501,0.5181858539581299,0.5740841627120972
book_92f889c542c1f1ea,20,0.5565830528736114,0.5519540011882782,0.5407174825668335,0.59683758020401
book_930edc45ad7eb32f,20,0.4918276473879814,0.48730865120887756,0.4755629897117615,0.5365718603134155
book_9318dc8b341ffcfd,20,0.5834045261144638,0.5758881270885468,0.5472137928009033,0.6696453094482422
book_9320bb84890527ec,20,0.5180742830038071,0.5130464434623718,0.5051785707473755,0.5441977381706238
book_934ab355136da004,20,0.5289177060127258,0.5162427723407745,0.5084396600723267,0.5963848829269409
book_93593d34a4c5c28b,20,0.5923845708370209,0.5837537348270416,0.5614209175109863,0.6605668067932129
book_9360c1ee0c7c01b1,20,0.6214063107967377,0.6161393523216248,0.5730174779891968,0.7285287380218506
book_93a0c2905c8adfbd,20,0.6497356444597244,0.6436691284179688,0.6307988166809082,0.6978418827056885
book_93f3c20a5f2a5396,20,0.7690119266510009,0.761110246181488,0.7379998564720154,0.849073052406311
book_94208db07dc97af8,20,0.5150567859411239,0.5064848065376282,0.48847413063049316,0.5719362497329712
book_9425f40f3ed52a0d,20,0.5815225183963776,0.5757157504558563,0.557174801826477,0.6155430674552917
book_94344f043a808520,20,0.5678239703178406,0.5604493916034698,0.5469213128089905,0.6060976386070251
book_944f245dd00da5d8,20,0.5759343832731247,0.5703194439411163,0.5551093220710754,0.6204031109809875
book_948b032759cb6838,20,0.4699510782957077,0.46717412769794464,0.4424605071544647,0.5170773863792419
book_949c190140cfc492,20,0.6387219995260238,0.6409660577774048,0.6176646947860718,0.6670196056365967
book_94a0e93f20c63d9f,20,0.7550714582204818,0.7503023147583008,0.7341527342796326,0.8137948513031006
book_94aa692f46c25b0c,20,0.4182358831167221,0.41605955362319946,0.40194422006607056,0.443206250667572
book_94b9ea8e1f88d164,20,0.6050629913806915,0.5918474793434143,0.5694661736488342,0.7265615463256836
book_94ea75d87f1f15f0,20,0.6016389459371567,0.5964231193065643,0.5771937370300293,0.6763243675231934
book_950124bc5a2cbf74,20,0.6056258469820023,0.5955233871936798,0.5764036178588867,0.6932694315910339
book_9506000e0df6cc9e,20,0.4984239637851715,0.497353658080101,0.4820803105831146,0.5257768630981445
book_9511fd51c26d7b71,20,0.5592302531003952,0.5535484254360199,0.5456279516220093,0.5945426821708679
book_9516a73f9f0f735f,20,0.49330518394708633,0.4828094244003296,0.46907174587249756,0.5594031810760498
book_9519c4bfd29efab1,20,0.43739559799432753,0.43411120772361755,0.42548829317092896,0.48522013425827026
book_95384776c596ba5f,20,0.6067525833845139,0.6035934686660767,0.5872284770011902,0.6387934684753418
book_9549d11ab01e88d8,20,0.5579973071813583,0.5476284921169281,0.5355543494224548,0.6591708660125732
book_954b6240d1198588,20,0.5088100165128708,0.5129351317882538,0.47096163034439087,0.5692790150642395
book_955b4cebdea5e0f1,20,0.5234022378921509,0.5028529167175293,0.4913122355937958,0.6328600645065308
book_955bacdb82a7e521,20,0.39034754037857056,0.37819284200668335,0.3502423167228699,0.47735512256622314
book_956a3c1030019a76,20,0.46429852694272994,0.4541456997394562,0.41295868158340454,0.6408581733703613
book_958a9a6d62b94dee,20,0.582752650976181,0.5784407258033752,0.5688192248344421,0.6378687620162964
book_95aee72ad1019841,20,0.47778927385807035,0.46643704175949097,0.45070987939834595,0.5234229564666748
book_95c3f48ac760a9fd,20,0.38086741119623185,0.36838918924331665,0.33728599548339844,0.5390584468841553
book_95cda31cbbe0adb1,20,0.5454197615385056,0.5404780209064484,0.5201914310455322,0.5862042903900146
book_95e5263ab3c31468,20,0.564153042435646,0.5621110796928406,0.5384156703948975,0.6422110795974731
book_95f2f167752a1a8d,20,0.5053548395633698,0.492690846323967,0.46690982580184937,0.6370750665664673
book_961e7fa924c293b6,20,0.7247961968183517,0.7198930978775024,0.7041079998016357,0.7604333162307739
book_96215a009f856a75,20,0.6802266240119934,0.6736936569213867,0.6507065296173096,0.7366241216659546
book_9626d50157537ac7,20,0.5562427401542663,0.5502939224243164,0.5370060801506042,0.5964159965515137
book_963922ba71c3cdca,20,0.5495633602142334,0.5336188971996307,0.5028325319290161,0.7116566896438599
book_9648f08a0db5ae7d,20,0.3726875722408295,0.36954009532928467,0.33923274278640747,0.5010062456130981
book_9679257178ab8162,20,0.5694935321807861,0.5674114227294922,0.5509157180786133,0.6041617393493652
book_9693de12e3315294,20,0.5690062433481217,0.5552165508270264,0.5352115631103516,0.6630858778953552
book_96967236c0a53967,20,0.4759949013590813,0.46524864435195923,0.4506932497024536,0.5323612093925476
book_96a785921037882a,20,0.5717291980981827,0.5695062875747681,0.5552034378051758,0.6036696434020996
book_96d57d2fcf03c87b,20,0.535452789068222,0.5320955514907837,0.5237400531768799,0.5672574043273926
book_96d7ba6d7c5a61e7,20,0.44945008009672166,0.4433695375919342,0.42314469814300537,0.5361725687980652
book_96dc9709ba9ea2e6,20,0.5866060793399811,0.5789925456047058,0.5630837678909302,0.6504313945770264
book_96f13c6c6e024927,20,0.5499437510967254,0.5508209764957428,0.5182818174362183,0.6093596816062927
book_976a1bef6b82402b,20,0.42685302495956423,0.4144088625907898,0.4031437039375305,0.49494558572769165
book_977c9a4ec61a44bd,20,0.4851148188114166,0.4712568670511246,0.45355838537216187,0.6984972953796387
book_97a6798c9022f4a7,20,0.5353471010923385,0.5304007232189178,0.5151534080505371,0.5786949396133423
book_97b74d3d4369aaa0,20,0.5380855411291122,0.5278021097183228,0.5079491138458252,0.5904120206832886
book_97cb34d4c326268e,20,0.5043541818857193,0.49959102272987366,0.47735923528671265,0.5770469903945923
book_97d4b777ea75cd8a,20,0.4438719883561134,0.3893652558326721,0.35966646671295166,0.6764150857925415
book_97f66ba297419ef8,20,0.7400717616081238,0.7386584877967834,0.7121156454086304,0.7835628390312195
book_980373bf48ab5c95,20,0.47055614590644834,0.46735696494579315,0.4516677260398865,0.5041273832321167
book_981900b1155541d6,20,0.5194040670990944,0.5157817602157593,0.4990810453891754,0.5694876909255981
book_985be0978146ac3d,20,0.5768758952617645,0.5726620256900787,0.5567952394485474,0.6253480911254883
book_985fce3257f48e37,20,0.5610643684864044,0.5565894544124603,0.5398635864257812,0.5919741988182068
book_986bf493c3f4c169,20,0.5283780008554458,0.535268098115921,0.5057677030563354,0.5551637411117554
book_98715b26ab3414e3,20,0.554775458574295,0.5547587871551514,0.5388873219490051,0.5798817873001099
book_989353140568bae3,20,0.501158595085144,0.49417544901371,0.46752965450286865,0.5943764448165894
book_98ccc00821e12be8,20,0.5376774430274963,0.5364964008331299,0.506434977054596,0.6784597635269165
book_98d34e7e4b4355b5,20,0.4703666865825653,0.4651823341846466,0.45251011848449707,0.5292407870292664
book_98f88d8d29a2ec83,20,0.5714517593383789,0.5553593039512634,0.5211598873138428,0.6709965467453003
book_99001b014851dacc,20,0.562478931248188,0.5666976571083069,0.4532615542411804,0.6690241098403931
book_9910e91c663f9e37,20,0.6024675697088242,0.5945948660373688,0.5743120312690735,0.6638095378875732
book_991c6be8a1810ae4,20,0.5781744360923767,0.575332760810852,0.5602436661720276,0.6135711669921875
book_993702c0e3ae7db2,20,0.5192016005516052,0.5145332515239716,0.48694634437561035,0.5570396184921265
book_993c8d94936a77b2,20,0.5633906573057175,0.5590481162071228,0.5510538220405579,0.600125789642334
book_995635953404fbb3,20,0.5566250294446945,0.5479320883750916,0.5342282056808472,0.619940996170044
book_99688c70dd9e2bf5,20,0.5371460884809494,0.5171845555305481,0.5039276480674744,0.6581020355224609
book_99a83db4490a904e,20,0.6061240166425705,0.594992458820343,0.581781268119812,0.701687753200531
book_99ac952e52d3a47e,20,0.5267541319131851,0.521390974521637,0.503226637840271,0.567101001739502
book_99c07e8e017c2dfe,20,0.551896819472313,0.5432869493961334,0.525837242603302,0.6210650205612183
book_99cebc1df07c437d,20,0.40301014482975006,0.39167508482933044,0.3777288794517517,0.4515475630760193
book_99d2929c824dc27a,20,0.5022398754954338,0.47272665798664093,0.43905627727508545,0.7263980507850647
book_99d721408b518b66,20,0.5272720023989678,0.5180718004703522,0.49547913670539856,0.638283371925354
book_99f3ac09b8620811,20,0.5129596754908562,0.5066310465335846,0.4763890206813812,0.6001420617103577
book_99f539904edc0e74,20,0.5026402249932289,0.5002447068691254,0.4705694317817688,0.6478439569473267
book_99f833607884dd07,20,0.5209713101387023,0.5134070813655853,0.5012644529342651,0.5811208486557007
book_9a02cb5f643c45df,20,0.42711920440196993,0.40189217031002045,0.3816267251968384,0.7602396011352539
book_9a0e4594f93d8450,20,0.5697000563144684,0.5627698600292206,0.5450781583786011,0.6251610517501831
book_9a2117ff2beb230f,20,0.509719218313694,0.5057764053344727,0.48682278394699097,0.572258710861206
book_9a2a5bf395b90251,20,0.5430135041475296,0.5406182408332825,0.5259932279586792,0.5788455009460449
book_9a401d4eb8d099bd,20,0.5198235064744949,0.5143968760967255,0.49956369400024414,0.5629253387451172
book_9a52357fc8c608ab,20,0.3201888486742973,0.31358253955841064,0.2965775728225708,0.3538762331008911
book_9a625977f5fdf333,20,0.3570782259106636,0.35252369940280914,0.33582326769828796,0.413932740688324
book_9a6e3f97384a91ca,20,0.4721395656466484,0.44519490003585815,0.4273737072944641,0.7841977477073669
book_9a7cdd250745ac52,20,0.5655536532402039,0.5601481795310974,0.5487314462661743,0.5992571115493774
book_9a938467234009b8,20,0.5799877107143402,0.5768618881702423,0.5641375780105591,0.6087712049484253
book_9aa0175f8ef92aed,20,0.7737001329660416,0.766572505235672,0.7470731139183044,0.8392651081085205
book_9ab2eb517df83274,20,0.44425403922796247,0.42465946078300476,0.39063578844070435,0.7003732919692993
book_9ad173179409d165,20,0.5832109421491622,0.5799881219863892,0.563537061214447,0.6450542211532593
book_9ad8eb8077582a01,20,0.48425662964582444,0.47437505424022675,0.4546024799346924,0.5442814230918884
book_9aefd0657ab0c7fe,20,0.4765439420938492,0.45564790070056915,0.4191858768463135,0.628671407699585
book_9af09e7d1785b5cd,20,0.4828654885292053,0.47955986857414246,0.4575994610786438,0.5418505072593689
book_9b171fa952d15886,20,0.5749398946762085,0.5694701373577118,0.5514304637908936,0.6477749347686768
book_9b49b2879f5fac24,20,0.5527751296758652,0.5402295291423798,0.5240260362625122,0.7267380952835083
book_9b4b294571338fa8,20,0.4977690026164055,0.4812188744544983,0.4625704884529114,0.5694276690483093
book_9b57a3c443e5d43b,20,0.5272125780582428,0.517315000295639,0.5037872791290283,0.5892618298530579
book_9b7b0454ff2279d0,20,0.5033838376402855,0.49469856917858124,0.4542970061302185,0.5999970436096191
book_9b7e9310c31df95b,20,0.6069666504859924,0.574192613363266,0.536565363407135,0.8197076916694641
book_9b7fad698748e653,20,0.5118217036128044,0.497724711894989,0.4831274747848511,0.5934551954269409
book_9b94e53de3761d64,20,0.5990861088037491,0.5961659848690033,0.5775324106216431,0.6676305532455444
book_9b96a520d9f70821,20,0.4742131277918816,0.46539437770843506,0.4508521556854248,0.5441254377365112
book_9ba5aba766752683,20,0.5776779472827911,0.5748951137065887,0.5517610907554626,0.6270601153373718
book_9ba69a443c7383a4,20,0.5386194318532944,0.5199662148952484,0.503296971321106,0.7097927331924438
book_9bb33b22aae8faad,20,0.5611092567443847,0.5578174591064453,0.5360252857208252,0.6014328002929688
book_9bb86703883fa386,20,0.7213468611240387,0.7200862765312195,0.6921068429946899,0.7755095958709717
book_9bd3db1a322ba8ee,20,0.46295317113399503,0.46448665857315063,0.43296921253204346,0.5421611070632935
book_9bd61cb6a96f5020,20,0.45196536034345625,0.4486568570137024,0.4240017533302307,0.5099174380302429
book_9c04a179d6945420,20,0.5395193129777909,0.5334414839744568,0.5199588537216187,0.580388069152832
book_9c3563e3625c39ee,20,0.5351242333650589,0.5297545790672302,0.524182915687561,0.5968621969223022
book_9c3e6f6985ed05ac,20,0.46441068649291994,0.44598783552646637,0.3907761573791504,0.6077403426170349
book_9c47a5a5442ed69e,20,0.5432000637054444,0.5359950065612793,0.5172861814498901,0.6146025657653809
book_9c6413b10e481136,20,0.4792746096849442,0.47458310425281525,0.4630625247955322,0.5167067050933838
book_9c77c2dc89eba43d,20,0.7683752775192261,0.7624589800834656,0.7482573390007019,0.8432794809341431
book_9c7becc494c1e7f8,20,0.42587182223796843,0.4006703346967697,0.3761029839515686,0.7416696548461914
book_9c924abd9fe443f0,20,0.5443152070045472,0.533551961183548,0.49920791387557983,0.6449235677719116
book_9c9f52e237e7c4e7,20,0.7141126483678818,0.7111550569534302,0.6914656162261963,0.7457221746444702
book_9cf7d5dfd8b2f45b,20,0.530236403644085,0.501207023859024,0.4769588112831116,0.9557844400405884
book_9d0bfa474427fc2c,20,0.48437820971012113,0.47651325166225433,0.4635334014892578,0.5436117649078369
book_9d2a9d5411b435d4,20,0.4785518258810043,0.46776413917541504,0.4535907208919525,0.5784627199172974
book_9d2d77fe869ca454,20,0.5234533905982971,0.5206728577613831,0.5158898830413818,0.5377278923988342
book_9d35703f92c6e1a2,20,0.5593029886484147,0.5546496212482452,0.5450231432914734,0.6022487878799438
book_9d60f706fe109d60,20,0.5589575201272965,0.554607480764389,0.541297972202301,0.60494464635849
book_9d6a34639355c0b5,20,0.510932233929634,0.5053256750106812,0.4938727617263794,0.5610535144805908
book_9d6c8082c7fac28e,20,0.5215976744890213,0.5147087275981903,0.49277976155281067,0.5749637484550476
book_9d6d16de8e130e7b,20,0.5109762251377106,0.5023575127124786,0.4936411380767822,0.5717875957489014
book_9d6f30d2ba8a9a0e,20,0.556300750374794,0.5565060973167419,0.5327073335647583,0.5951026678085327
book_9d73753a8044d9dd,20,0.5060407385230065,0.49900782108306885,0.48820561170578003,0.5691457986831665
book_9da76ce6e4a654e1,20,0.531299090385437,0.5239831805229187,0.5050037503242493,0.6110321879386902
book_9dbce02985a942b7,20,0.5106277167797089,0.5068159997463226,0.4927019774913788,0.5499552488327026
book_9dcf0abc3b96629f,20,0.4922107920050621,0.48663708567619324,0.47826024889945984,0.5515872240066528
book_9dd86109918aa04d,20,0.5199903428554535,0.5094940364360809,0.49212729930877686,0.6536230444908142
book_9de35140d86bf93e,20,0.5650125175714493,0.5613315105438232,0.5501532554626465,0.5952418446540833
book_9e05c4944b4eb4ca,20,0.5662684440612793,0.5602454841136932,0.5468909740447998,0.6451759338378906
book_9e19362a7e86827d,20,0.5002908065915108,0.4995112121105194,0.4768323302268982,0.526533842086792
book_9e1f57054e4968f3,20,0.39760787039995193,0.35466596484184265,0.3426606357097626,0.8646285533905029
book_9e37408b82798f63,20,0.5761180371046066,0.5651165843009949,0.5482947826385498,0.6763899326324463
book_9e43ab240ad9f663,20,0.5935207337141037,0.5904112160205841,0.5818303823471069,0.6169785857200623
book_9e8408ba49c24241,20,0.4865518271923065,0.48012617230415344,0.47200435400009155,0.5322760939598083
book_9ec7b5df00283f40,20,0.5141422092914582,0.5046993792057037,0.48215505480766296,0.568737804889679
book_9ee9fff9dee2534b,20,0.6163828074932098,0.575857013463974,0.5062980651855469,0.774165153503418
book_9f0ff68367f777c7,20,0.5867224633693695,0.5759096145629883,0.555922269821167,0.7240475416183472
book_9f3efb87630fe2c3,20,0.4981102243065834,0.4919249266386032,0.469312846660614,0.5572112798690796
book_9f5b3dd5f87ff44e,20,0.49418105334043505,0.4907207190990448,0.47825533151626587,0.5419796705245972
book_9f6fdafc6ff55778,20,0.5593972742557526,0.5524441003799438,0.5336681604385376,0.6450434923171997
book_9f87db2940019435,20,0.5769288659095764,0.5706075727939606,0.5416498780250549,0.6354214549064636
book_9f9802cf35cf13f9,20,0.5439218074083328,0.5373641550540924,0.5205571055412292,0.6069286465644836
book_9fba4aab8df63e7f,20,0.39595118165016174,0.38162124156951904,0.3494064509868622,0.5484447479248047
book_9fbfd52ea619da84,20,0.518093752861023,0.5112985074520111,0.500441312789917,0.5782811641693115
book_9fc94f30401d6055,20,0.5625877499580383,0.556207925081253,0.5375522375106812,0.5982985496520996
book_9fdc42bce0266ddf,20,0.3994095176458359,0.39872272312641144,0.3601171374320984,0.45773547887802124
book_9fe946cfd39f19dc,20,0.5294646620750427,0.5247826278209686,0.5114051699638367,0.57712721824646
book_9ff6a4ffded5b3c7,20,0.492191581428051,0.46593523025512695,0.44695907831192017,0.677270770072937
book_a00b62a951332064,20,0.6162493467330933,0.6121131777763367,0.5965847969055176,0.6630704998970032
book_a0102ee39cb43e2c,20,0.5510919392108917,0.5507431030273438,0.5300671458244324,0.5841541290283203
book_a01301b5b1a8df38,20,0.5671536952257157,0.5680724382400513,0.5422879457473755,0.6087355613708496
book_a01835a0008c14bb,20,0.5622786045074463,0.561735987663269,0.5447114706039429,0.5949041843414307
book_a025a88dfb3d0d2f,20,0.5030617073178292,0.49599942564964294,0.48714515566825867,0.5493444800376892
book_a033a7f8707be628,20,0.5717338800430298,0.5720407664775848,0.5473324060440063,0.6115659475326538
book_a04b0534a8e4a18a,20,0.40122644901275634,0.3874966949224472,0.36900901794433594,0.5249454975128174
book_a07f1e2b1bbf32e2,20,0.5761539548635483,0.5751737952232361,0.5418860912322998,0.6192172765731812
book_a0b1124cc0ab54da,20,0.5864432394504547,0.5776855647563934,0.5547053813934326,0.6483705639839172
book_a0b6ef0920716eb3,20,0.4703705027699471,0.4631049185991287,0.4408276677131653,0.5210849046707153
book_a0bce06bc01287a6,20,0.6023003906011581,0.60053351521492,0.5828225612640381,0.6313483715057373
book_a0be2fda5bf2562c,20,0.4746598869562149,0.467771053314209,0.4416813850402832,0.5253462791442871
book_a0c8979bd823baea,20,0.5842640727758408,0.579254686832428,0.5644044876098633,0.6223146915435791
book_a0d42388b4947fe8,20,0.5069788247346878,0.5067521333694458,0.46370580792427063,0.5812459588050842
book_a0d90a61b51d17c4,20,0.6176435351371765,0.6095704138278961,0.5981846451759338,0.7090206146240234
book_a0f566639d71ccd4,20,0.5291890174150466,0.525090754032135,0.5152614712715149,0.5744340419769287
book_a0fc6f42baf5563a,20,0.5477174520492554,0.5304958820343018,0.5079971551895142,0.6358053684234619
book_a1029bd48f05855a,20,0.7090460032224655,0.7044361531734467,0.6886836290359497,0.7447232007980347
book_a1239e85e0fd3c42,20,0.5144796460866928,0.5081872344017029,0.4986457824707031,0.5386250019073486
book_a13ffeaa4d614392,20,0.5336536914110184,0.5281367897987366,0.5095343589782715,0.57181715965271
book_a147327db41b3e06,20,0.6089146792888641,0.6032424867153168,0.5871223211288452,0.6595409512519836
book_a16bd39cb6316990,20,0.5719486862421036,0.5506461262702942,0.5399062633514404,0.6734946966171265
book_a16de6405c62e340,20,0.5720614075660706,0.5633171796798706,0.5572543144226074,0.6214327812194824
book_a17216a32421ef86,20,0.5302847534418106,0.5286364257335663,0.5122784376144409,0.578150749206543
book_a1793dca2326aa46,20,0.5033253535628319,0.4613184481859207,0.43251729011535645,0.7718783020973206
book_a182ab6c4b0fc5df,20,0.5688662469387055,0.5559090375900269,0.5418288111686707,0.6983897089958191
book_a19eeaef57e92875,20,0.5524379640817643,0.5438484251499176,0.5289480686187744,0.6130865812301636
book_a1a05227d06c75c3,20,0.5154492989182472,0.5116682648658752,0.49578437209129333,0.5532151460647583
book_a1b22147aafb09f5,20,0.5715751856565475,0.5650320053100586,0.5507552027702332,0.6197502613067627
book_a1b59c603f064ee5,20,0.5097001925110817,0.5073996186256409,0.49442821741104126,0.5318052768707275
book_a1b8ba78caf7097c,20,0.559634593129158,0.5272566378116608,0.5140628814697266,0.9727027416229248
book_a1eaae754bb14076,20,0.5206826537847519,0.5164136588573456,0.49622857570648193,0.5747880935668945
book_a1f0cb32076f7ee5,20,0.5068042039871216,0.4996918737888336,0.4793333411216736,0.5517105460166931
book_a205bf5954f8c7aa,20,0.5295746266841889,0.5049525499343872,0.48022860288619995,0.9919513463973999
book_a210090a90df2ac7,20,0.5741291880607605,0.5713634192943573,0.5422528982162476,0.6181787252426147
book_a210773b1799d99d,20,0.6198221683502197,0.6159841418266296,0.6026649475097656,0.6755058765411377
book_a21a00fd4cc1b678,20,0.5675872415304184,0.5595455467700958,0.5474668741226196,0.6385226249694824
book_a22dbb70e1669223,20,0.5288225144147873,0.5123163759708405,0.4924819767475128,0.6087787747383118
book_a24fb5f8a3ba05ae,20,0.5290087193250657,0.5209201872348785,0.49295246601104736,0.5833806991577148
book_a29929e83cfb67ba,20,0.4903842508792877,0.4899338483810425,0.4774417281150818,0.5204448699951172
book_a2a75a98f2c8f635,20,0.5112881675362587,0.5029101371765137,0.49486395716667175,0.5604272484779358
book_a2d0212c70b88020,20,0.5870740652084351,0.5748318731784821,0.546049952507019,0.7679121494293213
book_a2d172c2e5c85164,20,0.562943634390831,0.5614938139915466,0.5543001890182495,0.5856387615203857
book_a2d532462076f4ff,20,0.5010329931974411,0.5055883228778839,0.47344771027565,0.539482831954956
book_a2e256abcd126921,20,0.509940567612648,0.5068276822566986,0.49454495310783386,0.5716049671173096
book_a2e7bc42f04c9b6d,20,0.5531922072172165,0.544892281293869,0.5276575684547424,0.6240601539611816
book_a302d28d8b3d5bc3,20,0.6564281016588212,0.6227474808692932,0.5476074814796448,0.8179178237915039
book_a3140c53bdb7f5ab,20,0.5681524485349655,0.5405015349388123,0.5221575498580933,0.8336123824119568
book_a32fc85e0e998981,20,0.5378047347068786,0.5298177599906921,0.5167876482009888,0.6014958620071411
book_a33b74a4e983d43a,20,0.39858558028936386,0.3856535255908966,0.3733479380607605,0.45859965682029724
book_a34c3e84cf33b597,20,0.5785714119672776,0.5685210824012756,0.5531430840492249,0.6534833908081055
book_a351be1f4b2f8180,20,0.4589419558644295,0.4586457759141922,0.4345729947090149,0.5043551325798035
book_a377f5fa53a90106,20,0.5112558081746101,0.4918982684612274,0.4736591577529907,0.6178861856460571
book_a37cae3235a3bd6d,20,0.5467428654432297,0.5407212972640991,0.52609783411026,0.5892959833145142
book_a38f6d53eed20e53,20,0.5818830102682113,0.5783622562885284,0.5476384162902832,0.6484552025794983
book_a3aac880b14c8777,20,0.5633447527885437,0.5592041015625,0.5244150161743164,0.61555016040802
book_a3bcd318afeeec36,20,0.5669280469417572,0.5659874677658081,0.5423879623413086,0.6103467345237732
book_a3c0008074694555,20,0.5634121149778366,0.557620644569397,0.5487790107727051,0.594778299331665
book_a3db1ddcafcaf9c1,20,0.4441850587725639,0.4393121600151062,0.41712260246276855,0.5137312412261963
book_a3de175a53ff7796,20,0.5401575714349747,0.5404093861579895,0.5233619809150696,0.5639575123786926
book_a3ff797fa19e20a7,20,0.617470434308052,0.6124228239059448,0.593553364276886,0.6932488083839417
book_a41a1612d40c379f,20,0.5398360401391983,0.5376054048538208,0.5167582631111145,0.5999953746795654
book_a446dee8dcf12c5e,20,0.5000112920999527,0.49666523933410645,0.48384004831314087,0.5336536169052124
book_a466aa2e7c3ad194,20,0.4747667133808136,0.4722435474395752,0.45944058895111084,0.49997055530548096
book_a48969874d75eb36,20,0.40022143721580505,0.3994508236646652,0.375058114528656,0.46170639991760254
book_a4a192ffd7d75bce,20,0.5581325978040695,0.5548929572105408,0.5314481258392334,0.5909128189086914
book_a5408339679b0a5b,20,0.5791573703289032,0.5760971009731293,0.5575911998748779,0.6192172765731812
book_a549783a8f29f288,20,0.6665587514638901,0.6582077145576477,0.6397604942321777,0.7890215516090393
book_a55926951ea082d8,20,0.4820080384612083,0.47543865442276,0.45917487144470215,0.5279335975646973
book_a55e83d5dc277dc1,20,0.4966476187109947,0.49358001351356506,0.4736931324005127,0.538170576095581
book_a56e2e94f8561e39,20,0.4727646827697754,0.4663756787776947,0.4493246078491211,0.5219928622245789
book_a573a49b4236f617,20,0.5416572481393814,0.5371450781822205,0.5245449542999268,0.5687040090560913
book_a5ad4ec28837a6c8,20,0.517960749566555,0.514584481716156,0.47524136304855347,0.5910006761550903
book_a5addff4af533f10,20,0.5271097540855407,0.5149712264537811,0.5030378699302673,0.6285384893417358
book_a5af3329593d0e1f,20,0.5441915780305863,0.5361922085285187,0.5127338171005249,0.614773154258728
book_a5b04806f3c199c4,20,0.44946627169847486,0.43398112058639526,0.4192119836807251,0.6430447101593018
book_a5b87917c334bd8f,20,0.5167221784591675,0.5094257593154907,0.4912669062614441,0.5901716351509094
book_a5cce1d7a3df6243,20,0.41739992797374725,0.414298415184021,0.3873080611228943,0.4688389301300049
book_a5dfb27632fa1bd8,20,0.5441713690757751,0.5364915430545807,0.5184255838394165,0.5983883142471313
book_a5ffb1a34b6a292f,20,0.5713466584682465,0.5615990161895752,0.5525329113006592,0.6281094551086426
book_a609bab2be64cfb1,20,0.5168444648385048,0.48875774443149567,0.47220006585121155,0.6366701126098633
book_a60fefb106ffabd8,20,0.5693002611398696,0.5671377778053284,0.5389306545257568,0.6114872097969055
book_a6142314f8d9b631,20,0.5466693341732025,0.5426353216171265,0.5304980278015137,0.5835826992988586
book_a61a32425f6c0e5c,20,0.5269334957003593,0.5160192549228668,0.49698901176452637,0.6173384189605713
book_a6307b9ee863d610,20,0.4416348457336426,0.426377609372139,0.4073692858219147,0.5658234357833862
book_a64c5e55edcfabab,20,0.5264482349157333,0.514222651720047,0.4989754557609558,0.6071474552154541
book_a65f5f2134174cc2,20,0.46953423917293546,0.4492463171482086,0.4223814308643341,0.7178086042404175
book_a693639d41d67bbc,20,0.5544118553400039,0.5503118932247162,0.5337042808532715,0.5918426513671875
book_a6b1b8a75d6e0a64,20,0.39999229907989503,0.39747974276542664,0.37704145908355713,0.4323750436306
book_a6b35cdd0e762d3f,20,0.5623171865940094,0.5424264371395111,0.5278184413909912,0.6777608394622803
book_a6bee7b0862f61d1,20,0.5313521564006806,0.5158495903015137,0.4789583683013916,0.6714150309562683
book_a6d04dfaf0f9c750,20,0.630757474899292,0.5810434818267822,0.5181872844696045,0.8194297552108765
book_a6d20d893d5a6d69,20,0.5503517240285873,0.5422266125679016,0.5188151597976685,0.6238176822662354
book_a6ea7ab1e699fbe7,20,0.4246750921010971,0.4158294051885605,0.40010327100753784,0.4997386038303375
book_a6eb9becc204fddd,20,0.5579308912158012,0.5271056592464447,0.49793991446495056,0.9671213626861572
book_a6f19c1e66a608bb,20,0.5759319633245468,0.5617485344409943,0.5508030652999878,0.6451759338378906
book_a6f2e51e4936979c,20,0.5695114642381668,0.5568217039108276,0.5086902379989624,0.7170546054840088
book_a70586a76e64efd6,20,0.5837636172771454,0.5712116658687592,0.5545060634613037,0.6540229320526123
book_a73301cfe87e1a91,20,0.5305156528949737,0.5211690962314606,0.5047003626823425,0.5993509292602539
book_a750d0048d0ad8fd,20,0.520744401216507,0.5152761936187744,0.4971139430999756,0.5583833456039429
book_a7558fd8c799dfb5,20,0.5571720153093338,0.5371944904327393,0.5007306337356567,0.6863566040992737
book_a7571008628c8969,20,0.580783087015152,0.5801565647125244,0.566192626953125,0.6196239590644836
book_a7571e05e61fa38a,20,0.4749790787696838,0.4734601080417633,0.45391714572906494,0.5191189646720886
book_a7574ec64ef70377,20,0.5847681343555451,0.5693829655647278,0.5515894293785095,0.6688132286071777
book_a75a02b7a1012b7b,20,0.5420279711484909,0.5339937508106232,0.5206947922706604,0.6152085661888123
book_a76700e695508b07,20,0.5068229362368584,0.47907955944538116,0.4667872488498688,0.8354011178016663
book_a7759fecebd41322,20,0.44836044013500215,0.40484899282455444,0.39090871810913086,0.8646285533905029
book_a7767e1adf07d916,20,0.5634638845920563,0.5301932096481323,0.5136913061141968,0.7926195859909058
book_a77bec0bfb9c2ecc,20,0.5304799258708954,0.5278390347957611,0.5081976056098938,0.5793046355247498
book_a78a422837c2f4e1,20,0.7277962446212769,0.7268311083316803,0.702392578125,0.7626534700393677
book_a79db0c0411f5859,20,0.5008568599820137,0.4718284010887146,0.45727062225341797,0.7585110664367676
book_a79e17f4a19dade7,20,0.4107654049992561,0.40588442981243134,0.3857373595237732,0.46270084381103516
book_a7a092cf0726994a,20,0.5370306164026261,0.5358532965183258,0.5104596018791199,0.5704737901687622
book_a7c3c2f49118ba7a,20,0.571929183602333,0.5683648586273193,0.5601359605789185,0.5911217927932739
book_a7c810c95423b962,20,0.4779058188199997,0.4667516052722931,0.4478634297847748,0.5420316457748413
book_a7d3b13990f5d5d8,20,0.458854877948761,0.45326022803783417,0.43965139985084534,0.49206066131591797
book_a7db060e2ef08553,20,0.44652272909879687,0.4301111251115799,0.41593319177627563,0.6651610732078552
book_a7e38b786db0aba5,20,0.5548447430133819,0.5483773648738861,0.5394794940948486,0.5841043591499329
book_a7eccb673a0e17d7,20,0.5464726746082306,0.5445635318756104,0.5223290324211121,0.5914035439491272
book_a7f2d89fa8898377,20,0.6182434886693955,0.6141914129257202,0.6000289916992188,0.6618454456329346
book_a7f980171142f6cb,20,0.579555356502533,0.578807145357132,0.5649404525756836,0.6141257286071777
book_a8018ab220848c7c,20,0.537172845005989,0.5224841833114624,0.5053205490112305,0.6763744354248047
book_a8034497ca510c68,20,0.536888200044632,0.5254275798797607,0.5052246451377869,0.7158761024475098
book_a8035bfb338aa018,20,0.5430922389030457,0.5363228023052216,0.5270519256591797,0.5793061256408691
book_a80ad5ed4abb1e3a,20,0.6033179312944412,0.5795466899871826,0.5638043284416199,0.8448256254196167
book_a82de4d44acb5509,20,0.5654125601053238,0.5605843365192413,0.5461893081665039,0.6178257465362549
book_a85b2f1cfb5cfcbb,20,0.5725211828947068,0.5688580572605133,0.5553106069564819,0.6073125600814819
book_a86a2843ebaca5ea,20,0.5582182377576828,0.5482473373413086,0.531550407409668,0.6158823370933533
book_a87b074f820b2c41,20,0.7397932171821594,0.7235749959945679,0.6949700117111206,0.8404955863952637
book_a8b36ed703e81703,20,0.5243866324424744,0.47551068663597107,0.44883283972740173,0.8089772462844849
book_a8b89b58b89a74da,20,0.540919479727745,0.5362048149108887,0.521765947341919,0.5918904542922974
book_a8c35aa887b45f19,20,0.4310410737991333,0.43137091398239136,0.4068087637424469,0.4787319600582123
book_a8c841f74a073526,20,0.6910439759492875,0.6899641752243042,0.6716140508651733,0.7310993671417236
book_a8f16e48461f58b6,20,0.4908898249268532,0.4875026345252991,0.46997538208961487,0.526100754737854
book_a90f54ec03024f24,20,0.6326075792312622,0.6248873174190521,0.6142723560333252,0.6906958818435669
book_a9208496f884162a,20,0.5850687026977539,0.5799382627010345,0.5634719729423523,0.6656286120414734
book_a93be37430ebe86d,20,0.576643842458725,0.5739943981170654,0.5569961667060852,0.6155588030815125
book_a9545dbfd0947c98,20,0.5509173601865769,0.546005129814148,0.5290068984031677,0.5971527099609375
book_a9a5cf54d893873d,20,0.6158922553062439,0.5930080711841583,0.5483951568603516,0.8697053790092468
book_a9acd1fad156e354,20,0.5342275917530059,0.5258755683898926,0.501749575138092,0.6121264100074768
book_aa0301a9a5bfa4de,20,0.4620571419596672,0.45845218002796173,0.44386953115463257,0.5079175233840942
book_aa124b8d7e57f58d,20,0.4084258571267128,0.3728334456682205,0.34553495049476624,0.5671895742416382
book_aa44a0a63448a44c,20,0.399543434381485,0.385251060128212,0.36242857575416565,0.5230825543403625
book_aa51a17da965596d,20,0.5304037451744079,0.491619274020195,0.4821974039077759,0.9999999403953552
book_aa64f4c59da9b11c,20,0.5541479408740997,0.5532468855381012,0.5370560884475708,0.5936846137046814
book_aaa7bd4fec9ad664,20,0.5540999323129654,0.5461849570274353,0.5364775657653809,0.6129174828529358
book_aaa9afd38c727437,20,0.4192471086978912,0.41332097351551056,0.401091992855072,0.47649264335632324
book_ab08141d3798b4f4,20,0.5434423387050629,0.5209128856658936,0.5106408596038818,0.6777608394622803
book_ab081edc95856428,20,0.5326467633247376,0.5222739577293396,0.5069115161895752,0.5735393166542053
book_ab6972351da3dc59,20,0.5265081524848938,0.5156836807727814,0.4987829923629761,0.5729527473449707
book_ab85794261128469,20,0.531723240017891,0.5246371328830719,0.5170727968215942,0.5892491340637207
book_ab8b7f61655a6b27,20,0.5073765873908996,0.5061057507991791,0.48216739296913147,0.5470420122146606
book_ab9a7bcc96c33df5,20,0.6865543603897095,0.663592517375946,0.6404762268066406,0.955251932144165
book_ab9c25e34f6def08,20,0.36734229773283006,0.3515056371688843,0.34100914001464844,0.4764929711818695
book_abaafbab189c5f03,20,0.6056168615818024,0.600186288356781,0.5776544213294983,0.6712309122085571
book_abbdbeb3e66a9dd5,20,0.5218711614608764,0.5179992914199829,0.5056958794593811,0.5562030076980591
book_abc06b7ea02c24f9,20,0.5130226865410805,0.5048922896385193,0.46657609939575195,0.6118106842041016
book_abd265f49caf1681,20,0.4560498297214508,0.44804370403289795,0.4287676215171814,0.6229768991470337
book_abeb0b53c0a0a709,20,0.3630475804209709,0.3504670262336731,0.3164973855018616,0.46662089228630066
book_ac177d5451a532b7,20,0.5675415873527527,0.5608718991279602,0.5247609615325928,0.6668804883956909
book_ac62a8b976291a6a,20,0.5153829172253609,0.49942684173583984,0.4787728488445282,0.6513190269470215
book_ac6491c4242e37b3,20,0.5242187142372131,0.5076728463172913,0.49823081493377686,0.6000047922134399
book_ac681b8993aa637f,20,0.5429356932640076,0.5374868512153625,0.5069246292114258,0.615256667137146
book_ac6e20ca08e53ba2,20,0.47667125016450884,0.43666355311870575,0.41370081901550293,0.7772548794746399
book_ac8a6ae3a8c214fb,20,0.5531800329685211,0.5382500886917114,0.523444652557373,0.7146148681640625
book_ac8acce500a56fdd,20,0.7001905858516693,0.6922821998596191,0.6702233552932739,0.7764912843704224
book_ac8f7fec642d6e3f,20,0.7317623764276504,0.7220889627933502,0.5808165669441223,0.9088560342788696
book_acc971c8dfc6e069,20,0.5435399800539017,0.5404316484928131,0.5266865491867065,0.5747358202934265
book_accaee5cb1be6d81,20,0.5716612607240676,0.5549130141735077,0.5370669364929199,0.7544697523117065
book_ace6863ffa630ab0,20,0.5912009418010712,0.5743062496185303,0.5567028522491455,0.6906958818435669
book_ace878d971368d4e,20,0.5937774509191514,0.5866573452949524,0.5707949995994568,0.6423903107643127
book_ace9b6920a621f05,20,0.6236941099166871,0.6157011389732361,0.6017655730247498,0.6693823337554932
book_acfcf7b9bc1da139,20,0.5496195584535599,0.5421886444091797,0.5294989347457886,0.5982125997543335
book_ad00b02220a9475f,20,0.5110710948705673,0.5056197643280029,0.4897899627685547,0.5600403547286987
book_ad1ce5209171b04f,20,0.3785622388124466,0.3733576536178589,0.3541254997253418,0.4597085118293762
book_ad2646388f6263ed,20,0.48017159998416903,0.4709806740283966,0.45617398619651794,0.5321311950683594
book_ad3a26e1c3ea2314,20,0.5679805904626847,0.5556845963001251,0.5440973043441772,0.745057225227356
book_ad3e317705b33981,20,0.5747503638267517,0.554685115814209,0.5408577919006348,0.7242780327796936
book_ad3ea3e5d0acb641,20,0.49333999007940293,0.46943041682243347,0.4368804693222046,0.6118106842041016
book_ad41d35ae6869fdc,20,0.46865294575691224,0.4442030191421509,0.4213865399360657,0.9059795141220093
book_ad439eaafb501bce,20,0.3991372734308243,0.3932129889726639,0.3779212236404419,0.4448258578777313
book_ad6bf828c126ed15,20,0.4548883378505707,0.4286879450082779,0.4001695513725281,0.8858217000961304
book_ad8e074a1b78286f,20,0.4761193573474884,0.47031694650650024,0.45484334230422974,0.5080017447471619
book_ad932920e70dbb17,20,0.5339179515838623,0.5284843444824219,0.515350878238678,0.5693596601486206
book_adaa8790c39ab8cf,20,0.4615909904241562,0.44191114604473114,0.4064592719078064,0.6408581733703613
book_adb9cf8363816f42,20,0.5031483083963394,0.4992782026529312,0.47827115654945374,0.566016674041748
book_adfc9a4e32eb15df,20,0.6034086346626282,0.5946372747421265,0.5746349096298218,0.7268599271774292
book_ae041aee30b0d8ee,20,0.601459214091301,0.6005309224128723,0.5844696164131165,0.6382473111152649
book_ae0ae277e31f9a7d,20,0.5403849124908447,0.5214395225048065,0.5071879029273987,0.7877597808837891
book_ae2e903a589e6eb2,20,0.5714098393917084,0.5642785727977753,0.5458129048347473,0.6338590979576111
book_ae31cddaa8daa9ef,20,0.5911736220121384,0.5842288732528687,0.5626139640808105,0.6617375016212463
book_ae34973af72effdb,20,0.4792703837156296,0.47173555195331573,0.44289129972457886,0.546550452709198
book_ae434a1bbdfe2624,20,0.5202822059392929,0.5156194567680359,0.5006700754165649,0.5601849555969238
book_ae47cc708e4904a2,20,0.5437450557947159,0.5376623570919037,0.5265617370605469,0.5886971354484558
book_ae523b4955c369f7,20,0.43069530874490736,0.42566952109336853,0.4127166271209717,0.4847336709499359
book_ae5e5a2a1e087eba,20,0.46598441153764725,0.46266700327396393,0.4275999367237091,0.5185642242431641
book_ae7dd465112f56dd,20,0.5203793317079544,0.5162745714187622,0.49017229676246643,0.6170419454574585
book_ae8f53869eafc368,20,0.5553741186857224,0.5451680719852448,0.5300025939941406,0.6086541414260864
book_aed1941875fe2d73,20,0.5657908409833908,0.5608486831188202,0.5436478853225708,0.6046442985534668
book_aee4bbedba90ef72,20,0.5165311634540558,0.5111355781555176,0.49692338705062866,0.5489152073860168
book_aeea12a5073462e4,20,0.5279598325490952,0.5228863954544067,0.49453824758529663,0.5860439538955688
book_aef157c719d74a3f,20,0.5609747111797333,0.5576184391975403,0.533144474029541,0.6459345817565918
book_af20230127f42cab,20,0.5451658517122269,0.5419280230998993,0.5313928723335266,0.572669267654419
book_af3a34fb368d9d85,20,0.5238219007849694,0.5165881216526031,0.48939165472984314,0.5812042951583862
book_af63d48610cdcad6,20,0.5113494023680687,0.5028406977653503,0.48928096890449524,0.570536196231842
book_af9f3905f9a99b85,20,0.535550594329834,0.530391663312912,0.5089342594146729,0.5689365863800049
book_afa369258766c505,20,0.5037444919347763,0.4972849041223526,0.4801848828792572,0.5543212890625
book_afacc585f51fa8b9,20,0.5219795495271683,0.5177154839038849,0.505611777305603,0.552766740322113
book_afbe539d4ff37e09,20,0.4828095272183418,0.4743468165397644,0.4646477699279785,0.5175338983535767
book_afbf894740d55420,20,0.5318508177995682,0.5352259278297424,0.5093938112258911,0.5564918518066406
book_afc7f6b0489c27ec,20,0.47321864068508146,0.4656270146369934,0.45457375049591064,0.5340288877487183
book_afcb2ef8eb452a98,20,0.49590592831373215,0.4889196753501892,0.4609828591346741,0.5726218223571777
book_afd400dfce4e3e28,20,0.5183545306324959,0.5049472749233246,0.4869484603404999,0.6055410504341125
book_afd84ecb720928e9,20,0.5366963833570481,0.5367236137390137,0.5095987319946289,0.5694563388824463
book_b018df578e59974c,20,0.5306076169013977,0.5205001831054688,0.49577516317367554,0.6220648288726807
book_b0242686b1a2b9b9,20,0.5401945173740387,0.5326094925403595,0.5192487239837646,0.5915864706039429
book_b030ee08eb3ab6bb,20,0.46608238816261294,0.4630883187055588,0.4390541911125183,0.5426102876663208
book_b0591ee291c1f46f,20,0.4894113078713417,0.4564583897590637,0.4368317425251007,0.665107011795044
book_b0653a55f9063c2d,20,0.4821813523769379,0.47773949801921844,0.4602782428264618,0.529362142086029
book_b067afc70b415035,20,0.48293632417917254,0.47845034301280975,0.46007490158081055,0.5175853967666626
book_b06fd19c81dfd563,20,0.568839755654335,0.5618305802345276,0.5523345470428467,0.6025403141975403
book_b0745e9634742fcf,20,0.5151973277330398,0.510993480682373,0.5024656057357788,0.5755326151847839
book_b07b7953ee9c010a,20,0.456066358089447,0.4413386583328247,0.4253709614276886,0.5689546465873718
book_b097565b2e342082,20,0.5737991034984589,0.5699455738067627,0.5511730909347534,0.6457351446151733
book_b09d75567f2b493f,20,0.5323676943778992,0.513969361782074,0.48940742015838623,0.7320696115493774
book_b0bdb38142df7c39,20,0.4863579347729683,0.47659794986248016,0.46102702617645264,0.5432285070419312
book_b0c6419b11469d3c,20,0.5406992256641387,0.5369834899902344,0.5274012684822083,0.5949736833572388
book_b0db17d0ad20ddef,20,0.540961554646492,0.5361575484275818,0.5115975141525269,0.637641429901123
book_b0e230ef80fd656f,20,0.5454053401947021,0.5412182807922363,0.5305449366569519,0.5751034021377563
book_b0e23795da8b56d3,20,0.48204315751791,0.47268684208393097,0.46238553524017334,0.5742156505584717
book_b0e8f8be41e93a5f,20,0.5517737865447998,0.5472227931022644,0.5206384062767029,0.5931340456008911
book_b0e9f80761817736,20,0.5472665667533875,0.5444060266017914,0.5156635642051697,0.615256667137146
book_b0f951cf141a7605,20,0.4477187439799309,0.4481929689645767,0.42911481857299805,0.4768984317779541
book_b110b70876dd6fe2,20,0.7845643579959869,0.7829558849334717,0.7641950845718384,0.8109986782073975
book_b122a1cbe5e1ed0a,20,0.4897009387612343,0.4888405352830887,0.4696153402328491,0.5314298868179321
book_b12a4844e3b177f7,20,0.48483375608921053,0.4752320498228073,0.4598575830459595,0.5308156609535217
book_b144ead279905f20,20,0.5821392595767975,0.5764452815055847,0.5386382341384888,0.6665894389152527
book_b1495f07c2f87d3e,20,0.5357109025120735,0.5215765237808228,0.4891622066497803,0.6620691418647766
book_b151dd6b645fd0c0,20,0.44452324211597444,0.4420483410358429,0.42908579111099243,0.49112653732299805
book_b1788e0828c83373,20,0.4701984584331512,0.45739415287971497,0.4485684037208557,0.5353273153305054
book_b1810edb5bf340c4,20,0.5000281870365143,0.49021171033382416,0.48119503259658813,0.545624852180481
book_b18e1118e391e87e,20,0.5852946013212204,0.5751643776893616,0.5573064088821411,0.6630704998970032
book_b1a682f48de3c15d,20,0.4766320437192917,0.4737964868545532,0.45709526538848877,0.5095446109771729
book_b1ae8bb7086d9a09,20,0.5865509212017059,0.5813784897327423,0.5545240640640259,0.6443052291870117
book_b1b4ff165f8eca45,20,0.46900659799575806,0.46304740011692047,0.4493027329444885,0.5273615121841431
book_b1d996c1ec40af1c,20,0.5947593241930008,0.5877802968025208,0.5639386773109436,0.6571797728538513
book_b1dad0dc15d7ebe9,20,0.5311266154050827,0.5212699472904205,0.48399075865745544,0.7315941452980042
book_b1e4e4934a356bef,20,0.47452252805233003,0.4728078246116638,0.4500942826271057,0.5070053339004517
book_b1f2c5ab55a81142,20,0.5214905545115471,0.5186369717121124,0.4985538125038147,0.5793397426605225
book_b2093ded8e908f84,20,0.4631090581417084,0.45329590141773224,0.4425199627876282,0.50605309009552
book_b20983a21f2bc7d9,20,0.5236614018678665,0.520497590303421,0.5054442286491394,0.5634009838104248
book_b2100584562025b8,20,0.44699539989233017,0.4415085166692734,0.41791582107543945,0.505980372428894
book_b21a0b2204c69985,20,0.5450851202011109,0.5393446981906891,0.5233994126319885,0.5982985496520996
book_b2262ebf4b57de85,20,0.5041623175144195,0.49990716576576233,0.4743245542049408,0.5694681406021118
book_b23cc711122471c8,20,0.5980113834142685,0.5867520570755005,0.5789130926132202,0.6776456832885742
book_b260ea08c0177911,20,0.45162624269723894,0.4324380159378052,0.4146520495414734,0.542369544506073
book_b261d07dedc29bf5,20,0.6049289733171463,0.6006686389446259,0.5834847688674927,0.6584041118621826
book_b2a90242404bbd00,20,0.5757666856050492,0.5640519857406616,0.549085795879364,0.6324809789657593
book_b2c0ca75d9715b27,20,0.4744335412979126,0.46572695672512054,0.4465847611427307,0.5233436822891235
book_b2da66b517d2e8be,20,0.34067294001579285,0.31989219784736633,0.2698599696159363,0.5146729350090027
book_b2e4b5b4b7568d46,20,0.5549559831619263,0.552623450756073,0.530893087387085,0.583742082118988
book_b2f30d357bd91ac8,20,0.6406191557645797,0.6130347847938538,0.5331631898880005,0.7931402921676636
book_b300e488f70c2c57,20,0.5838691115379333,0.5708684623241425,0.5554311275482178,0.6802047491073608
book_b307461b4eb7e958,20,0.470252001285553,0.44709278643131256,0.42766904830932617,0.6342598795890808
book_b308ad45015f58bb,20,0.31030853688716886,0.3022052198648453,0.28476762771606445,0.37739044427871704
book_b385ec19f58298c4,20,0.5456593632698059,0.5400212705135345,0.5268746018409729,0.5853779911994934
book_b38c61f8fbec8ae7,20,0.5037540927529335,0.49822622537612915,0.49077320098876953,0.5791605114936829
book_b3a81164a91d26cd,20,0.5695544719696045,0.5664613246917725,0.5333319902420044,0.6313688158988953
book_b3b92ff92fefdd6e,20,0.5150493592023849,0.5051114559173584,0.47695279121398926,0.6440504789352417
book_b3e1da8d9d809148,20,0.4682595610618591,0.46949082612991333,0.442319393157959,0.508407711982727
book_b3e5a2b532422a18,20,0.5475810050964356,0.5428874790668488,0.5302890539169312,0.5883121490478516
book_b3ead7487fbd7543,20,0.45865039378404615,0.44177913665771484,0.4302893280982971,0.5853121280670166
book_b3f26851fa81e957,20,0.5605777889490128,0.5528807044029236,0.5456777215003967,0.603927493095398
book_b3f7ef5ec4bf9498,20,0.560942780971527,0.5529369711875916,0.5316387414932251,0.6763744354248047
book_b3fd94da1f5c99f4,20,0.548383030295372,0.540140688419342,0.5116622447967529,0.6401792764663696
book_b449c0c373d2d6b8,20,0.5264236241579056,0.5192964971065521,0.507270097732544,0.5782570838928223
book_b45b6664e0c12db2,20,0.47766493260860443,0.46205537021160126,0.4512561559677124,0.710100531578064
book_b4621b5dee590de2,20,0.5538929015398025,0.5221229493618011,0.5083181858062744,0.9727027416229248
book_b46bfd143e982f62,20,0.5701517581939697,0.566671758890152,0.5495496988296509,0.6093937754631042
book_b4707bf1a5ff6ea0,20,0.5498736381530762,0.5325415730476379,0.5164198279380798,0.6820420026779175
book_b47e8c2a17c34fa8,20,0.572333374619484,0.5558764040470123,0.5335831642150879,0.6914006471633911
book_b4a8932f935f3315,20,0.491194786131382,0.48893702030181885,0.46808379888534546,0.5281304717063904
book_b4af5b8efbbccae8,20,0.497257773578167,0.4853312075138092,0.4717424511909485,0.5795415043830872
book_b4c3bb23346390c9,20,0.4150436848402023,0.4013761729001999,0.3860640525817871,0.5286936163902283
book_b4d00d9687991afa,20,0.40508373379707335,0.3971356451511383,0.38342148065567017,0.47272682189941406
book_b4dc9dcdd42513ec,20,0.4526700422167778,0.44240863621234894,0.42469853162765503,0.5213722586631775
book_b4ef03393c16b15f,20,0.5895387351512908,0.5738758742809296,0.5574161410331726,0.6620405912399292
book_b500439d29d53be2,20,0.5495433688163758,0.550069272518158,0.5285176634788513,0.5865713953971863
book_b51cefeb80503731,20,0.5402363419532776,0.5178236961364746,0.504065215587616,0.6378235816955566
book_b52ee3a0dc9985c2,20,0.5446300089359284,0.5358094573020935,0.5196993350982666,0.600321888923645
book_b52fe3cded0dbb25,20,0.5692506521940232,0.559705913066864,0.5370162725448608,0.6688132286071777
book_b534066e96b7ead0,20,0.4804809108376503,0.47376714646816254,0.46332839131355286,0.519736647605896
book_b53408bec6d7069b,20,0.5341967672109604,0.5254639089107513,0.5045697093009949,0.5935187339782715
book_b539c9373c0fe4ce,20,0.6395356386899949,0.6323694288730621,0.6051321029663086,0.7274318933486938
book_b56d6d95ab2d8c0c,20,0.45355202108621595,0.4510468691587448,0.4209285378456116,0.5197704434394836
book_b57564050b4a3fd6,20,0.4989569127559662,0.4845377057790756,0.45677632093429565,0.5984057784080505
book_b5b2ef1a5f91d82f,20,0.6148258507251739,0.6155588626861572,0.5856387615203857,0.6432194113731384
book_b5c3f75ef28965fb,20,0.5316655412316322,0.5116779208183289,0.4811333417892456,0.6984972953796387
book_b5dc6be488a0d367,20,0.6757750868797302,0.662744402885437,0.6456024050712585,0.8042240142822266
book_b5e723eed4e514dd,20,0.5759391516447068,0.5750230550765991,0.5644898414611816,0.6046057939529419
book_b5efd02a62ce5fa3,20,0.5111569479107857,0.5012750029563904,0.4573318064212799,0.6223111152648926
book_b5f311e829de6747,20,0.5624922126531601,0.5658830106258392,0.5103921890258789,0.6290791034698486
book_b6211d915da6d6d8,20,0.533417110145092,0.5027214586734772,0.4840967059135437,0.7825851440429688
book_b62b2604ca228b4d,20,0.5421457111835479,0.5420837998390198,0.5178810358047485,0.581845760345459
book_b6392dc0f4d4f0f8,20,0.5003738135099411,0.49165867269039154,0.4813470244407654,0.5694793462753296
book_b63e592030e0fb56,20,0.5189771845936775,0.5048539042472839,0.49501633644104004,0.5928859114646912
book_b65cee284ae90334,20,0.7315710216760636,0.716558575630188,0.7003061175346375,0.955251932144165
book_b666fb9d65abcf56,20,0.5939330041408539,0.588752806186676,0.570370078086853,0.6374067068099976
book_b67413228b9a849d,20,0.4634068161249161,0.4568076580762863,0.44034355878829956,0.5379166603088379
book_b6790c8185e40c7c,20,0.5549782246351243,0.5522633492946625,0.5317252278327942,0.5852479934692383
book_b6794d8fbce16fed,20,0.5327530264854431,0.5318791270256042,0.5029749274253845,0.5704281330108643
book_b68a2bb3f7902b6f,20,0.6150154888629913,0.6128050684928894,0.5979350805282593,0.6513586044311523
book_b69d830a302dfcde,20,0.43678262531757356,0.4232943654060364,0.4069158434867859,0.5508442521095276
book_b69dc10ca2f32a58,20,0.5559436738491058,0.5456578731536865,0.5260520577430725,0.6458728313446045
book_b6bbfc587c5c47fa,20,0.4461357831954956,0.4453403651714325,0.43116655945777893,0.464956670999527
book_b6edf1af43688c46,20,0.5370373249053955,0.5323955416679382,0.5027811527252197,0.5828590393066406
book_b700dae844a2efa0,20,0.5329491078853608,0.523942232131958,0.5115593671798706,0.600524365901947
book_b71cfcb3fecc304d,20,0.572895222902298,0.5686861276626587,0.5512665510177612,0.6009917259216309
book_b71fcb07c171ad3b,20,0.7571060359477997,0.7488509714603424,0.7367426156997681,0.8210731744766235
book_b720f0fa0d4528c0,20,0.4779662355780602,0.46913278102874756,0.44198477268218994,0.5271683931350708
book_b724a6a1448c52ff,20,0.43919381499290466,0.4327041804790497,0.4180487394332886,0.5054464936256409
book_b72cf05d80f26884,20,0.5178408771753311,0.512055903673172,0.49187591671943665,0.5655353665351868
book_b7303e25efd4d619,20,0.511882595717907,0.5035898387432098,0.48948246240615845,0.5994907021522522
book_b73b2421f9ca4aa6,20,0.4911555886268616,0.48557280004024506,0.47477543354034424,0.543636679649353
book_b759bfac128a055f,20,0.5287389427423477,0.5237410068511963,0.4972344636917114,0.5815677046775818
book_b75f59cf5d9c88e1,20,0.5506930589675904,0.5438282787799835,0.5307114124298096,0.6220719814300537
book_b763832fe2e7854c,20,0.4699286088347435,0.4628356993198395,0.448771595954895,0.5660014152526855
book_b7a71044a4981c4a,20,0.5782361119985581,0.5668084025382996,0.5479984283447266,0.6502687931060791
book_b7bfbd9a0b3185bd,20,0.5319461464881897,0.529581218957901,0.5083796381950378,0.5835897922515869
book_b7c765bfa01f5a30,20,0.5660683453083039,0.566521555185318,0.5412224531173706,0.5879589319229126
book_b7d7f4a22225c80e,20,0.5545628011226654,0.5517579913139343,0.5315984487533569,0.5977573394775391
book_b7e5b3dbcd05a978,20,0.46745227873325346,0.45817631483078003,0.4374583959579468,0.5338497161865234
book_b80b756ca2a215a7,20,0.4667654067277908,0.4496709704399109,0.4296068251132965,0.5420762896537781
book_b816a2a265f8ad88,20,0.6728314131498336,0.6626141369342804,0.6430503129959106,0.7333073616027832
book_b823dccbf3ebcc9f,20,0.5199836790561676,0.5115375518798828,0.4934137463569641,0.6356914639472961
book_b8358a3a0251230e,20,0.509443761408329,0.5071393549442291,0.49417591094970703,0.5626953840255737
book_b8375feee13373b3,20,0.3468067109584808,0.3424839377403259,0.3166847229003906,0.3958403170108795
book_b83a1c85eaf7d151,20,0.7614858508110046,0.7525716423988342,0.7283423542976379,0.8308092355728149
book_b849e964391e0d36,20,0.40515394508838654,0.38105660676956177,0.3483216464519501,0.5687523484230042
book_b86b6f2bba9da350,20,0.5786107152700424,0.5405089259147644,0.5201123952865601,0.803613543510437
book_b88d65e859d79b9c,20,0.49751741588115694,0.49552449584007263,0.48069268465042114,0.5261822938919067
book_b899d4ff431ccf7b,20,0.530861285328865,0.5313057005405426,0.5132221579551697,0.581560492515564
book_b8a69a870b880377,20,0.6252310484647751,0.6168474853038788,0.588226854801178,0.7265615463256836
book_b8b2bc244df4d1f3,20,0.7658352822065353,0.7635852694511414,0.7431639432907104,0.7970313429832458
book_b8e31a8644b66b66,20,0.7470810055732727,0.7378441989421844,0.7078863382339478,0.8858879804611206
book_b909fbf9a244f5d8,20,0.5924358069896698,0.5872099101543427,0.5612137317657471,0.6430710554122925
book_b91787cd563916de,20,0.4787097066640854,0.4675794988870621,0.4409244954586029,0.5694891810417175
book_b9357ffbdcc17939,20,0.5577894002199173,0.5497999787330627,0.5273535251617432,0.6202629804611206
book_b95ca48c01cde98a,20,0.46351117789745333,0.4565231651067734,0.4356299042701721,0.5405465364456177
book_b9674101bdabdef1,20,0.7366641819477081,0.7294833958148956,0.7060492634773254,0.8072121739387512
book_b9783b9e98adb0ef,20,0.41946139335632326,0.40886470675468445,0.3917503356933594,0.4590315818786621
book_b97b1bbc6085d2e3,20,0.5577024161815644,0.5429115891456604,0.5319704413414001,0.6239383220672607
book_b98b8b7b5563f009,20,0.5334779515862464,0.5066967010498047,0.485019326210022,0.9919513463973999
book_b9b3fb26d78770fc,20,0.48122562766075133,0.4729977399110794,0.44557011127471924,0.5887385606765747
book_ba01b3bcfca792ce,20,0.4525280147790909,0.4456110745668411,0.42047417163848877,0.5084690451622009
book_ba5271d17778ba06,20,0.4595317989587784,0.4564252197742462,0.43914318084716797,0.5053697824478149
book_ba56405d43d46a31,20,0.4942382499575615,0.4831475019454956,0.46122461557388306,0.5841419100761414
book_ba61a743e7235a66,20,0.5043786898255348,0.4943357855081558,0.47051307559013367,0.5987955927848816
book_ba61f63e16a3f77a,20,0.5389694482088089,0.5371369123458862,0.5223985314369202,0.5676047801971436
book_ba6604fc58f79e7c,20,0.4992212295532227,0.5039941072463989,0.41277509927749634,0.6415628790855408
book_ba7d14ed17818835,20,0.35020951330661776,0.31389233469963074,0.28186914324760437,0.713456392288208
book_ba886f6551105c6f,20,0.4800919443368912,0.4684891253709793,0.45405644178390503,0.5970262289047241
book_ba9c989f04ca647e,20,0.7096808731555939,0.697915107011795,0.6776436567306519,0.8137971758842468
book_bab3e01fa6f4640f,20,0.5620998293161392,0.5452664792537689,0.5345856547355652,0.6292883157730103
book_bab6a2968202172b,20,0.5409816175699234,0.5211161375045776,0.4990537762641907,0.80190110206604
book_bacbfb5d45a15e21,20,0.4567905902862549,0.4451270252466202,0.4291115701198578,0.5224468111991882
book_baea3e8a1a1bd353,20,0.5812038391828537,0.5732327699661255,0.5585001111030579,0.6589206457138062
book_bafc56bd289596c2,20,0.6059263318777084,0.5973536968231201,0.5694661736488342,0.6782029867172241
book_bb0d59603e755f0a,20,0.6219124048948288,0.6054643988609314,0.5871483087539673,0.92746901512146
book_bb1041c072afe015,20,0.5580059498548507,0.5595486760139465,0.5339321494102478,0.5904185771942139
book_bb11d9ac109bce9f,20,0.7956123203039169,0.787992537021637,0.7711679935455322,0.8444157838821411
book_bb14945c8475c27d,20,0.5092691242694855,0.5019664466381073,0.4900793731212616,0.5693576335906982
book_bb1dcdc0d4ac14ba,20,0.4463914901018143,0.42542026937007904,0.41734904050827026,0.6866163611412048
book_bb29412804190aad,20,0.5781419456005097,0.5715691149234772,0.5532824993133545,0.6576405763626099
book_bb3308be966e910b,20,0.6994145065546036,0.6943262815475464,0.6771399974822998,0.7742871642112732
book_bb3528c38a3a239f,20,0.4519628047943115,0.44577811658382416,0.39932510256767273,0.5211269855499268
book_bb8c2af3fe909fcc,20,0.5341692805290222,0.5141300857067108,0.4993419051170349,0.6351131796836853
book_bb9fbda1409c8408,20,0.5700677514076233,0.5632747113704681,0.5449734330177307,0.6367359161376953
book_bba47f0f3f7c98bc,20,0.5706799626350403,0.5704489946365356,0.545745313167572,0.6127347946166992
book_bbadbf82e6dd799d,20,0.5028875261545181,0.49533697962760925,0.4846208095550537,0.5734795928001404
book_bbce498e452ce064,20,0.5182578772306442,0.5108644366264343,0.4945538341999054,0.6185895204544067
book_bbd6313a1d54d287,20,0.5472424745559692,0.5419133901596069,0.5329415798187256,0.6087488532066345
book_bbe1c72f9c8d5eb0,20,0.49258834719657896,0.47850024700164795,0.4502796530723572,0.6086443662643433
book_bbfbd0973119b896,20,0.531493678689003,0.524103581905365,0.5093994140625,0.5814715623855591
book_bc01bc9df4ed0c71,20,0.5337155923247338,0.5111194252967834,0.49737548828125,0.6630252599716187
book_bc31172fda8cb3c7,20,0.5773730665445328,0.553983062505722,0.5331171751022339,0.7832235097885132
book_bc448d617916ee61,20,0.41583728790283203,0.41847991943359375,0.3290281295776367,0.5761196613311768
book_bc47ec6809004b99,20,0.532460504770279,0.5283623337745667,0.509918212890625,0.5881203413009644
book_bc60f4c65a672083,20,0.47746706157922747,0.4644256830215454,0.4317901134490967,0.589961051940918
book_bc6385d43758beec,20,0.5143051415681839,0.5021277666091919,0.477872371673584,0.5899944305419922
book_bc825f2559421e5b,20,0.49317033439874647,0.45703092217445374,0.42207831144332886,0.7031314373016357
book_bcd656bcc7f8ca3d,20,0.49054576754570006,0.4798070937395096,0.452736496925354,0.6936901211738586
book_bcd79656b290ffa9,20,0.52496238052845,0.5108723938465118,0.489721417427063,0.6166324615478516
book_bcef08a7e72cea51,20,0.5258914500474929,0.5239225924015045,0.5032166838645935,0.5761632919311523
book_bcf1879b5f3c5b49,20,0.557911503314972,0.5225770473480225,0.5020970106124878,0.8800187110900879
book_bcfc87903ceffb87,20,0.5212065115571022,0.509560227394104,0.47261208295822144,0.6359928250312805
book_bd0571a357291ceb,20,0.4620836600661278,0.4418695420026779,0.4321044683456421,0.6282522678375244
book_bd0a6d6f205ad80a,20,0.5609592288732529,0.5560866594314575,0.5376203060150146,0.6158413887023926
book_bd443409a79d5a70,20,0.5314350336790085,0.5149633586406708,0.4913291335105896,0.7549052238464355
book_bd5e56dec0c22b06,20,0.6021977990865708,0.5974617004394531,0.5803592205047607,0.6492710113525391
book_bd609160ac8344c6,20,0.418046310544014,0.4129006415605545,0.4011836051940918,0.4865739047527313
book_bd7b05f51d82c3c6,20,0.4229054138064384,0.4082311987876892,0.3499336838722229,0.5859895944595337
book_bde91e2003075cf0,20,0.5366083830595016,0.5339364409446716,0.513587474822998,0.5573340654373169
book_be14474819652384,20,0.5758117377758026,0.5737923383712769,0.5570461750030518,0.614777684211731
book_be18f83a9c029246,20,0.4982197046279907,0.4949081689119339,0.48150017857551575,0.5567775964736938
book_be2b6ff3d285f6fb,20,0.6419364005327225,0.6325717270374298,0.6148211359977722,0.7085596323013306
book_be51f1878d5a85b7,20,0.3613793641328812,0.354722797870636,0.3307117223739624,0.4859977960586548
book_be99e5b72908e75f,20,0.5185912743210792,0.5151612162590027,0.4975590109825134,0.562710165977478
book_bf008aff1fadee61,20,0.5470382690429687,0.5363527536392212,0.5249664783477783,0.6284035444259644
book_bf0990c3d92b37ad,20,0.5111107438802719,0.5035255253314972,0.4951520562171936,0.5590585470199585
book_bf2479173f87ffc9,20,0.5397001922130584,0.5213427543640137,0.5101934671401978,0.6378279328346252
book_bf28660468813a4e,20,0.5420579463243484,0.5314533710479736,0.5119925737380981,0.6694439053535461
book_bf4375f7b888ebb7,20,0.5507144212722779,0.5453631281852722,0.5082708597183228,0.6111278533935547
book_bf617849f65a2dc1,20,0.4867585256695747,0.4814195930957794,0.45299482345581055,0.6123883724212646
book_bfa4944a5ad0ad3f,20,0.5836483329534531,0.5828008651733398,0.5474704504013062,0.6657997369766235
book_bfc195ee2f46386b,20,0.4390383020043373,0.4352075010538101,0.41548746824264526,0.4823877811431885
book_bfccf5a736e5072e,20,0.5702253401279449,0.5618485808372498,0.5513224601745605,0.6374067068099976
book_bfd7093e27949c95,20,0.570915088057518,0.5684142410755157,0.5495266914367676,0.6370320916175842
book_bfdec8f415d7bdd2,20,0.5431311726570129,0.5330204367637634,0.5187844038009644,0.657988429069519
book_bfe79cef217e1b4c,20,0.5514845550060272,0.5463112890720367,0.518719494342804,0.6091981530189514
book_bff57051a620f941,20,0.5315732270479202,0.5228643417358398,0.5032650232315063,0.5792860984802246
book_bffcf26d4969eac8,20,0.6026126116514205,0.598302960395813,0.583106279373169,0.6652181148529053
book_c04bb890b01cd9b5,20,0.571693378686905,0.5680667161941528,0.5532011389732361,0.6033697724342346
book_c066592f80bac805,20,0.4202728167176247,0.4089769870042801,0.38486337661743164,0.48590102791786194
book_c0679b9a42d099d3,20,0.5604911416769027,0.5564945340156555,0.5416739583015442,0.6136882305145264
book_c07037c791d5e0ea,20,0.491387739777565,0.4866092950105667,0.4687630534172058,0.575202465057373
book_c07d614ee6cdc0ec,20,0.541126835346222,0.540963351726532,0.5236518979072571,0.5714936256408691
book_c0994e264c619822,20,0.5871750861406326,0.5833868980407715,0.5610591769218445,0.7003575563430786
book_c09f26cde5ac995d,20,0.5740382581949234,0.569322019815445,0.5551990270614624,0.6133893728256226
book_c0b737084a7dcf3a,20,0.4176415205001831,0.39814360439777374,0.3833548426628113,0.5928213596343994
book_c0bd800f78e65105,20,0.5565343528985978,0.5526096820831299,0.541614294052124,0.5987213850021362
book_c0e8fbcea2562b47,20,0.5695894241333008,0.5588858127593994,0.5422879457473755,0.6361454725265503
book_c0ec829b897d9d32,20,0.5426445543766022,0.5340122282505035,0.5213543176651001,0.605344295501709
book_c0ff09472d554f7f,20,0.5996827781200409,0.5736077725887299,0.5525532960891724,0.9973045587539673
book_c10d23fdb8d0bc42,20,0.48358804881572726,0.482037678360939,0.4647083878517151,0.5108537673950195
book_c11df64bd14477d3,20,0.5085532531142235,0.49837327003479004,0.4868326783180237,0.5964162349700928
book_c158f71fd676a676,20,0.5781079560518265,0.5718157291412354,0.5615687370300293,0.6294836401939392
book_c18986625e06386b,20,0.4945116341114044,0.4835506081581116,0.4690555930137634,0.5440566539764404
book_c1ab772560bab2c6,20,0.4571849435567856,0.45613259077072144,0.4393850564956665,0.5072438716888428
book_c1d585ca6bcc4480,20,0.437323634326458,0.41047435998916626,0.3840133547782898,0.7847372889518738
book_c1eff8de37cfcd5d,20,0.5429006010293961,0.537697821855545,0.5164761543273926,0.5887349843978882
book_c2034dc6505bd729,20,0.5759095311164856,0.5683611035346985,0.5569429993629456,0.6330966949462891
book_c223c6f17f364762,20,0.6109682887792587,0.603520929813385,0.5900002717971802,0.6745825409889221
book_c23472fa9187623d,20,0.5536462903022766,0.5534586310386658,0.5152068734169006,0.6136718392372131
book_c23baa5215bbd90f,20,0.45379376262426374,0.4530046880245209,0.43390682339668274,0.4859050214290619
book_c242c56a70aab2aa,20,0.5808574259281158,0.5669732391834259,0.5410616993904114,0.7251753807067871
book_c256a679ea53805a,20,0.4529667466878891,0.4236842095851898,0.40348416566848755,0.6136832237243652
book_c25ab56921082f8d,20,0.49646279960870743,0.48737041652202606,0.47417327761650085,0.6440872550010681
book_c268a26f8e60f455,20,0.5821143418550492,0.5772590637207031,0.5589766502380371,0.6338590979576111
book_c26e36ad07272ab3,20,0.4691165670752525,0.46260353922843933,0.43896347284317017,0.5238132476806641
book_c296d401243db765,20,0.4354718580842018,0.40878185629844666,0.3851252794265747,0.7702305316925049
book_c2a11b11718ed85e,20,0.5743670493364335,0.56670743227005,0.5405716300010681,0.64866703748703
book_c2bb2e082b4343a8,20,0.5247577726840973,0.5212189257144928,0.5074295401573181,0.5538129806518555
book_c2bcf5586e94678d,20,0.5339659422636032,0.5290025174617767,0.5190505981445312,0.5575675964355469
book_c2c0fc87aee2ac2e,20,0.44118551909923553,0.42836908996105194,0.41789448261260986,0.5101391077041626
book_c2e1741f748908f1,20,0.424349907040596,0.40904243290424347,0.38481199741363525,0.5161901712417603
book_c2f67f099c04f8f8,20,0.6273842275142669,0.5979175269603729,0.5245502591133118,0.8436380624771118
book_c3127dd590a3020d,20,0.5634935736656189,0.557050496339798,0.5438215136528015,0.6092952489852905
book_c3189d11f55f992c,20,0.48736508190631866,0.4775385558605194,0.4663873314857483,0.5914810299873352
book_c33785a071acac50,20,0.534769207239151,0.5290853083133698,0.5155737400054932,0.5908533930778503
book_c33ec4db42f2af1b,20,0.5499694794416428,0.5449010729789734,0.515477180480957,0.6029735803604126
book_c36bd1946a5e773a,20,0.4203569307923317,0.41652846336364746,0.40467819571495056,0.4476810693740845
book_c36ce9494ceca90e,20,0.5665518790483475,0.5631327033042908,0.5410122871398926,0.6312633156776428
book_c38608a4f22a2ad1,20,0.6014797627925873,0.5827988684177399,0.5704156756401062,0.7041090726852417
book_c3980a31f55a2d4c,20,0.5273692965507507,0.5231131911277771,0.5053497552871704,0.574243426322937
book_c39954913a720698,20,0.5297667384147644,0.5221453607082367,0.5109071135520935,0.5887518525123596
book_c3c1370009c23418,20,0.5051007941365242,0.48572324216365814,0.4690159559249878,0.6802208423614502
book_c3ea4f8216f7f7a7,20,0.7640237361192703,0.7623186111450195,0.7253999710083008,0.8205605745315552
book_c3f2e7c6e5ccc4ff,20,0.43954836428165434,0.4272046685218811,0.39428889751434326,0.606410026550293
book_c408d89d9941d63c,20,0.513152576982975,0.4991712272167206,0.4696333408355713,0.614432692527771
book_c417fae0cff721d1,20,0.42933652848005294,0.41866689920425415,0.399593710899353,0.5573080778121948
book_c41f800ee93f2a40,20,0.5791043043136597,0.5736859142780304,0.5455234050750732,0.6344094276428223
book_c4c36f99b0cfb519,20,0.545172068476677,0.5417262315750122,0.5120816826820374,0.6139168739318848
book_c4d3faecea3e6d92,20,0.4963805451989174,0.49194754660129547,0.4817717969417572,0.536694347858429
book_c5244cb08c811908,20,0.6187559127807617,0.6282915472984314,0.5473727583885193,0.6860732436180115
book_c5391e944ee53f80,20,0.5242853105068207,0.520930290222168,0.5068482160568237,0.5826923847198486
book_c567ed2866508aad,20,0.46593780666589735,0.4639476388692856,0.44133561849594116,0.5030914545059204
book_c57e409771a4c17c,20,0.34938345551490785,0.3338505029678345,0.3215826749801636,0.42634904384613037
book_c57faa6af308a0d8,20,0.4457376077771187,0.44240452349185944,0.4281631410121918,0.4853224754333496
book_c58a1a7cdd232626,20,0.5841007947921752,0.5812793970108032,0.5657118558883667,0.6207457780838013
book_c597561cfe311bf9,20,0.5002974137663841,0.4823457896709442,0.46829843521118164,0.7898390293121338
book_c59d17366ebbbfa3,20,0.519618359208107,0.5161651372909546,0.4889390468597412,0.5613097548484802
book_c5a05db853030309,20,0.5769246876239776,0.5659287571907043,0.5380822420120239,0.6711723208427429
book_c5b3b9141f671e24,20,0.7337656855583191,0.7259866893291473,0.7104207277297974,0.7931385040283203
book_c5bd0490a00c1ff8,20,0.5489316642284393,0.5409232676029205,0.5276234149932861,0.5955784916877747
book_c5c1472dc99b8dc8,20,0.5651756256818772,0.5644673705101013,0.5457057952880859,0.5918645262718201
book_c5c70db47ae62467,20,0.49034486413002015,0.47194904088974,0.4590321183204651,0.6487935185432434
book_c5cbf77b122bee10,20,0.4545614555478096,0.44556188583374023,0.42693042755126953,0.5234390497207642
book_c5ccda1909d75297,20,0.4153947219252586,0.4139646291732788,0.39419257640838623,0.4930991530418396
book_c5e41e3cda0d59ee,20,0.5493687778711319,0.5474541187286377,0.533012330532074,0.5737491846084595
book_c5fd0142da05181c,20,0.4867803633213043,0.4793880581855774,0.4598556160926819,0.5454415678977966
book_c60098184a7ba3d5,20,0.5592419356107712,0.557708203792572,0.5235750675201416,0.6238874197006226
book_c60a88924e5e949c,20,0.5656374871730805,0.5593102872371674,0.5381921529769897,0.6124635934829712
book_c6327b52b6bfdb14,20,0.5489443480968476,0.5374927818775177,0.5229760408401489,0.6152471303939819
book_c63be2406dd8629d,20,0.7414114475250244,0.7338161170482635,0.7163234949111938,0.8445721864700317
book_c6413906d5914371,20,0.46055991351604464,0.45732831954956055,0.4420459270477295,0.5260802507400513
book_c64ce0af8ab5871f,20,0.5980134457349777,0.593452513217926,0.5837824940681458,0.6704990863800049
book_c672924955fe7c3f,20,0.5413501232862472,0.5356102883815765,0.5293536186218262,0.5829980373382568
book_c696ffcaf16cf1aa,20,0.5297027736902237,0.4933834820985794,0.4535197615623474,0.8036052584648132
book_c6ddca729af26195,20,0.5362061828374862,0.5316467583179474,0.5114771127700806,0.5701542496681213
book_c6f9b19d5024a03e,20,0.5771158695220947,0.5555113554000854,0.5429142713546753,0.9539268612861633
book_c6feb09f3153d7d3,20,0.5098830133676528,0.507296234369278,0.4971541166305542,0.5398238897323608
book_c70227980b8dec46,20,0.5789523035287857,0.5665431022644043,0.5583524703979492,0.6175022721290588
book_c7090fe2e9bc6237,20,0.39567776322364806,0.3794304132461548,0.34567731618881226,0.5152965784072876
book_c71a74e59c69e32a,20,0.5585182845592499,0.5514546930789948,0.5246660709381104,0.6349078416824341
book_c725175cf152a8a1,20,0.5632479906082153,0.5553924739360809,0.539447009563446,0.6135711669921875
book_c72ce0baac667948,20,0.5013811960816383,0.4948917031288147,0.4774683117866516,0.5550966262817383
book_c7359e5991c94638,20,0.6072087287902832,0.5720594227313995,0.5606899857521057,0.9999999403953552
book_c73ef238e24d84c8,20,0.4228658899664879,0.3917061537504196,0.366222083568573,0.5649629235267639
book_c74ce30d1b06d1f3,20,0.5516908824443817,0.5460675954818726,0.5375624895095825,0.5924707055091858
book_c7529aa8b4aae276,20,0.6236053556203842,0.6185888051986694,0.5908881425857544,0.6763243675231934
book_c755289b79be6865,20,0.5808704286813736,0.5732748508453369,0.5530303120613098,0.6445510387420654
book_c76028f759aa18e2,20,0.5973418891429901,0.5739498138427734,0.564303457736969,0.9999998211860657
book_c7648135a00dc34e,20,0.473508882522583,0.466622993350029,0.44903048872947693,0.5636941194534302
book_c79ba70bfbff8d96,20,0.5771711498498917,0.5715415477752686,0.563589870929718,0.609552264213562
book_c7a23ae55c0136bf,20,0.520968422293663,0.5151239931583405,0.5018936991691589,0.5630719065666199
book_c7a3ee5bd34e6aa5,20,0.5334084272384644,0.5274383127689362,0.5083476305007935,0.6024048328399658
book_c7bc715c8083bfd7,20,0.5080342456698418,0.5065308511257172,0.47542816400527954,0.5522568225860596
book_c7ceceaecfdca739,20,0.41133822649717333,0.40797504782676697,0.38610023260116577,0.45693373680114746
book_c7fc7bee8d8dace3,20,0.5435743182897568,0.5396019220352173,0.5249480605125427,0.5773028135299683
book_c7fedf99648299b9,20,0.524256420135498,0.5234414935112,0.5020427703857422,0.5547268390655518
book_c8066bc74df5c811,20,0.5366101264953613,0.5350976586341858,0.517357349395752,0.5694922208786011
book_c8296ca4afee8591,20,0.5071536108851433,0.4988672733306885,0.48747384548187256,0.573818564414978
book_c8297daa459aadad,20,0.4641242176294327,0.46236681938171387,0.44421595335006714,0.5028030276298523
book_c8438888b82527fb,20,0.32753462344408035,0.3031335920095444,0.2785303592681885,0.41203364729881287
book_c84fccadf76f5d15,20,0.4851763412356377,0.482366681098938,0.4750664532184601,0.5077770948410034
book_c855c7f8a96ef1b1,20,0.5457295775413513,0.5356382131576538,0.520099401473999,0.6035956740379333
book_c87b10f5433deb47,20,0.3583114221692085,0.35402731597423553,0.3258441090583801,0.4232897162437439
book_c887798978a04e04,20,0.5632324546575547,0.54898801445961,0.4833114743232727,0.6939288973808289
book_c8a2cec522bb9bfe,20,0.5492719858884811,0.5216162204742432,0.5032544732093811,0.7769313454627991
book_c8a50f2a811100ef,20,0.5641788333654404,0.5346698462963104,0.5120155811309814,0.9718436002731323
book_c8cfb45bd74a42ce,20,0.5610829919576645,0.5549480020999908,0.5411977171897888,0.622931718826294
book_c93460e7401f98f4,20,0.5137690111994744,0.5092434287071228,0.4894821047782898,0.5660538673400879
book_c9679c60fed7df21,20,0.42618737667798995,0.4197608679533005,0.38343915343284607,0.5372051000595093
book_c96d239a6f234b60,20,0.5433190673589706,0.5311597585678101,0.5211663246154785,0.6040632724761963
book_c96da0818dd7189c,20,0.47417002767324445,0.47114385664463043,0.4572222828865051,0.5007239580154419
book_c986a3512e5ba181,20,0.5440899327397346,0.5037555694580078,0.4814743399620056,0.778569221496582
book_c9906f00fcf94809,20,0.5720106154680252,0.5671761333942413,0.5539284944534302,0.611416220664978
book_c9a1e04e92ffcde6,20,0.5803187876939774,0.5756950676441193,0.5584690570831299,0.6328555345535278
book_c9ab29ced30f9cbd,20,0.5505901217460633,0.5479627549648285,0.5329540967941284,0.6054549217224121
book_c9c13338a9ebce7a,20,0.5200765177607536,0.5100409686565399,0.49160224199295044,0.5893154740333557
book_c9e5ecfa4bbd651e,20,0.5532322585582733,0.5498417019844055,0.5331883430480957,0.5971609354019165
book_c9f48ac1422d5bf3,20,0.5022332459688187,0.4940812736749649,0.4795341491699219,0.5833806991577148
book_ca02bbaf41c1336c,20,0.4669146940112114,0.4634521156549454,0.44256675243377686,0.5078138113021851
book_ca02cfcdef5ec766,20,0.48391547352075576,0.4690181761980057,0.4558216333389282,0.6704297065734863
book_ca0496cfbf0ee8ef,20,0.3501675069332123,0.333504781126976,0.31061649322509766,0.490295946598053
book_ca15ec7fdc415606,20,0.48684408217668534,0.47270534932613373,0.46196267008781433,0.5657302141189575
book_ca2cc65af2900ec4,20,0.47095382809638975,0.45917804539203644,0.4467924237251282,0.5354981422424316
book_ca32ad130908b22a,20,0.6102950274944305,0.6054084300994873,0.5785768628120422,0.6631181836128235
book_ca5c4a4fd8bc3895,20,0.5658825397491455,0.5434108376502991,0.5217492580413818,0.7601186037063599
book_ca6482d46f0e7b10,20,0.33443141132593157,0.32243913412094116,0.28727906942367554,0.45594072341918945
book_ca655cae204e6054,20,0.5805107355117798,0.5728787183761597,0.5601859092712402,0.6320195198059082
book_ca6b2e6973e825e5,20,0.5463817626237869,0.5396945178508759,0.5140272378921509,0.6178498268127441
book_caa04db30fdca072,20,0.5975162297487259,0.5893328487873077,0.5750282406806946,0.6426444053649902
book_caaaef70bcde8d65,20,0.558542063832283,0.557124137878418,0.5340290665626526,0.6208598613739014
book_cab6680dbc2115b4,20,0.59116250872612,0.5826824009418488,0.5650099515914917,0.6607282757759094
book_cad89cc10ca03163,20,0.5618566989898681,0.5563879013061523,0.5360876321792603,0.6267884969711304
book_cadbec15ea961dea,20,0.5289713889360428,0.5272087752819061,0.5073267221450806,0.5625803470611572
book_caf307818bfc30a9,20,0.5248814970254898,0.5175999999046326,0.49010545015335083,0.5993927121162415
book_caf8531c8f6ffb68,20,0.5617119342088699,0.5534989833831787,0.5225697755813599,0.6319877505302429
book_cb0d892320ebe783,20,0.5155817180871963,0.5103840529918671,0.48790326714515686,0.5694876909255981
book_cb118b7644830ffc,20,0.5848967641592026,0.580394834280014,0.5682389736175537,0.6240760684013367
book_cb146614bdb01b48,20,0.5281587764620781,0.5071063935756683,0.491054892539978,0.7334810495376587
book_cb14ff4039308659,20,0.5576743423938751,0.5286617577075958,0.5178334712982178,0.9722040891647339
book_cb241db4b5c5be25,20,0.5917045116424561,0.5902841091156006,0.5742382407188416,0.6229591369628906
book_cb2dfb0a978e5e57,20,0.5661580979824066,0.5376377701759338,0.512397050857544,1.000000238418579
book_cb33995374c1c000,20,0.4434662595391273,0.4344463497400284,0.4177018404006958,0.5154401659965515
book_cb3db40205e6bb85,20,0.7451116681098938,0.7381817698478699,0.7128814458847046,0.7980424165725708
book_cb70b48c446a1a31,20,0.5234687507152558,0.518938422203064,0.4987871050834656,0.5891892910003662
book_cb74dfa1dd314d53,20,0.5033313348889351,0.5042843818664551,0.4810383915901184,0.5487735271453857
book_cb7518178f3ec5b4,20,0.5368053883314132,0.5376619696617126,0.5166208744049072,0.5647324323654175
book_cb76eb4a3b26452e,20,0.44381956160068514,0.43969932198524475,0.4284529983997345,0.4713336229324341
book_cb9cbb0691ec9a60,20,0.4908699244260788,0.4738549143075943,0.45906493067741394,0.5949773192405701
book_cba963a1168220da,20,0.5329036593437195,0.5196566879749298,0.49495333433151245,0.6199520826339722
book_cbd179756d0c8953,20,0.4673584088683128,0.46009254455566406,0.4356725215911865,0.5193638801574707
book_cbe9ae09a8289ee4,20,0.5444386392831803,0.5124637186527252,0.4931553602218628,0.8301905393600464
book_cc1c1b5662fbf31f,20,0.5567726492881775,0.550249844789505,0.5412228107452393,0.6540535688400269
book_cc3cee3548f7da6a,20,0.4845452576875687,0.4797593653202057,0.4564984440803528,0.5301410555839539
book_cc4a741f87709d7c,20,0.6267670601606369,0.6188531517982483,0.59809410572052,0.6932694315910339
book_cc4d0bb38988c178,20,0.5229992687702179,0.5120078921318054,0.490189790725708,0.6423808336257935
book_cc672e34c1a5a802,20,0.47297505140304563,0.4713592082262039,0.449840784072876,0.516008198261261
book_cc8ae049ba937799,20,0.5358463943004608,0.5340234935283661,0.5203618407249451,0.5635665655136108
book_cc9c07d0da4d0d09,20,0.6114674359560013,0.6056365966796875,0.5704745054244995,0.6762782335281372
book_ccb2aa051f965487,20,0.5946058198809624,0.5152062177658081,0.4664851427078247,0.8385425806045532
book_ccd537c151b13dfa,20,0.4409907594323158,0.43272386491298676,0.41798701882362366,0.49510830640792847
book_ccd8698693662b9d,20,0.5756133288145066,0.5689493119716644,0.5557173490524292,0.6033697724342346
book_cce2b5fa6ada479b,20,0.546563309431076,0.5196973383426666,0.5022830963134766,0.6747609972953796
book_cce6022177b286f7,20,0.5649121284484864,0.5431516170501709,0.5291150808334351,0.7334810495376587
book_ccff397016ef1e90,20,0.47999076545238495,0.4754285514354706,0.4453543424606323,0.5479192137718201
book_cd0f1ca4bd54350d,20,0.4917412161827087,0.4893244504928589,0.44585028290748596,0.6103559136390686
book_cd132493d651c3a5,20,0.586892592906952,0.5835845172405243,0.573451817035675,0.6125781536102295
book_cd2781f2142dd723,20,0.5401476174592972,0.5350100994110107,0.5241507291793823,0.5994280576705933
book_cd3c7f537f0a5625,20,0.4027592524886131,0.4005047082901001,0.375362753868103,0.4942174553871155
book_cd90df31a8782d11,20,0.49703308045864103,0.4942789673805237,0.467733770608902,0.5739944577217102
book_cd9271f74976242c,20,0.4535660624504089,0.4499092400074005,0.43676891922950745,0.48849430680274963
book_cd96303a5671c9f8,20,0.49918786585330965,0.4968455284833908,0.47838324308395386,0.5401279926300049
book_cda16e033e44f38f,20,0.49522758424282076,0.48238077759742737,0.46991676092147827,0.5745675563812256
book_cda6eaad13b40dac,20,0.5415127128362656,0.5397733747959137,0.5260956883430481,0.5669081211090088
book_cda86aed74a0895a,20,0.5180754080414772,0.5110454559326172,0.490018367767334,0.5993509292602539
book_cdb8ba569d7c4463,20,0.5115710303187371,0.5000339597463608,0.45350757241249084,0.7491064071655273
book_cdde612f95d413b3,20,0.5666092365980149,0.5639013051986694,0.5470056533813477,0.6182420253753662
book_cde11f3b4e61d9ef,20,0.5331466883420944,0.515854686498642,0.50620037317276,0.7164137959480286
book_cde5c83c2a3c95f3,20,0.5263883307576179,0.5147673189640045,0.4923405051231384,0.7403570413589478
book_cdfca47747b5a897,20,0.4560600444674492,0.4533464312553406,0.4267089366912842,0.5028631687164307
book_ce0d0053a7255b3e,20,0.5656186670064927,0.5610808730125427,0.5391004085540771,0.6130561232566833
book_ce15914a8b560382,20,0.5107364222407341,0.493431493639946,0.45825791358947754,0.6314965486526489
book_ce21a668fb994a22,20,0.598148974776268,0.5936917960643768,0.5609778761863708,0.68470299243927
book_ce2b088a381bc183,20,0.5729359894990921,0.570350706577301,0.5555903911590576,0.594264566898346
book_ce38b163b62aa525,20,0.3843340575695038,0.37273429334163666,0.3297549784183502,0.5296053290367126
book_ce58923445136e8b,20,0.5594804763793946,0.552033007144928,0.5401394963264465,0.6287801265716553
book_ce5b1dacb41ccf4e,20,0.5355816006660461,0.531688004732132,0.5162397623062134,0.6042618751525879
book_ce5e6f84b054da31,20,0.46908036023378374,0.4639158397912979,0.4537873864173889,0.5105896592140198
book_ce5f2d926826b734,20,0.5168674141168594,0.5040705502033234,0.4893772602081299,0.6229591369628906
book_ce689980abf5f7a3,20,0.57939712703228,0.5806758105754852,0.5505472421646118,0.6242513656616211
book_ce6bb0606f4cfffe,20,0.5844130367040634,0.5854530334472656,0.5462996959686279,0.6322040557861328
book_ce7daaaf51708175,20,0.5462818264961242,0.542789876461029,0.5171396732330322,0.6268060207366943
book_ce7ffc8ba1c5e658,20,0.555896806716919,0.547259658575058,0.5344815254211426,0.6103467345237732
book_ce93b7b263f824c7,20,0.4334153324365616,0.43094004690647125,0.41908007860183716,0.46133196353912354
book_ce9d1beb4dc9c1b1,20,0.5880459785461426,0.5850890874862671,0.5615423917770386,0.6331853866577148
book_cebc8d8beb821dec,20,0.49215556085109713,0.4832842946052551,0.4735637605190277,0.5682260990142822
book_cedb20c2b9dd31ee,20,0.511996553838253,0.5075783133506775,0.4916985034942627,0.549347996711731
book_cefabace4106b537,20,0.7565883666276931,0.7524850964546204,0.7227298021316528,0.8068560361862183
book_cf2070bca1370aaf,20,0.31499815732240677,0.28332287073135376,0.25760918855667114,0.6330932378768921
book_cf27e0168a2d2dca,20,0.796128562092781,0.7931536138057709,0.7620036602020264,0.8445082902908325
book_cf2b06d15b59c4cc,20,0.5000635281205177,0.49445049464702606,0.48403453826904297,0.5391619205474854
book_cf47c1eb8a9df55b,20,0.45211220979690553,0.4387204796075821,0.4255415201187134,0.5755742192268372
book_cf52e8b89f0fac50,20,0.5458434700965882,0.5410692989826202,0.5310529470443726,0.576115608215332
book_cf59f0d729dc577c,20,0.5504927694797516,0.5470106899738312,0.5098562240600586,0.6334339380264282
book_cf65050ca1c9df7a,20,0.4858041450381279,0.48150381445884705,0.46860572695732117,0.5251669883728027
book_cf700be8f71ebf62,20,0.5469175398349762,0.5430302023887634,0.5218029618263245,0.5739518404006958
book_cf7de9679c46c62e,20,0.49744049459695816,0.4864601045846939,0.47728627920150757,0.5737400054931641
book_cf86758cacffa75e,20,0.515476381778717,0.5119022727012634,0.5027963519096375,0.5454652905464172
book_cf9c53c53d06ca7f,20,0.6191605508327485,0.6195091009140015,0.5916951298713684,0.6551947593688965
book_cfb529df7418b7c9,20,0.5163387954235077,0.5169711410999298,0.501639187335968,0.5381163358688354
book_cfd6e12dd0c4d64a,20,0.5685934782028198,0.5605234503746033,0.5385240316390991,0.6227636337280273
book_cfe8c2565b6d8d62,20,0.737099689245224,0.7264653146266937,0.7113552093505859,0.7967385053634644
book_cff9a8328372b017,20,0.563616719841957,0.5619386434555054,0.5425710678100586,0.614730715751648
book_cfff551f27b01133,20,0.6017588317394257,0.5967473685741425,0.541266918182373,0.6711723208427429
book_d00bf154c17dabab,20,0.5309170007705688,0.5206224322319031,0.5068950653076172,0.6334339380264282
book_d0596a18fe3ad688,20,0.5351651072502136,0.5215945541858673,0.5132904052734375,0.6514042615890503
book_d05ac0381a4a4c5e,20,0.5651728451251984,0.5645655393600464,0.5305576324462891,0.6191890239715576
book_d05bbb7f67825452,20,0.7550056278705597,0.7496590912342072,0.7331250905990601,0.7904646992683411
book_d05db943a81dfe81,20,0.578062328696251,0.5708314776420593,0.543485164642334,0.6670559644699097
book_d0a25ed0805c817b,20,0.6178148210048675,0.6137196719646454,0.5657572746276855,0.7041090726852417
book_d0a8368f0cf2ecb5,20,0.48099388778209684,0.47233715653419495,0.45952218770980835,0.5466371774673462
book_d0d3e1635cba1226,20,0.565619683265686,0.5630537271499634,0.5495588779449463,0.6313934326171875
book_d0e97e0d6b493b93,20,0.5028700903058052,0.4956427812576294,0.454586923122406,0.5815495252609253
book_d1197d1000cc3a4d,20,0.5421776503324509,0.5418670773506165,0.5208373069763184,0.5692671537399292
book_d12d1d0173b8eaa4,20,0.5370210707187653,0.5334258675575256,0.5171617269515991,0.5765008330345154
book_d136ab82f3fc87da,20,0.5579145699739456,0.5511428415775299,0.5337154865264893,0.6264423131942749
book_d14fa6eafac0a260,20,0.46164637207984927,0.45714913308620453,0.4359745383262634,0.5100103616714478
book_d17cdafabe923db7,20,0.5491188526153564,0.5479084253311157,0.5325878262519836,0.5744428634643555
book_d1848751e2284983,20,0.521798913180828,0.4948839247226715,0.4807957410812378,0.7382375001907349
book_d19cb17ee489858c,20,0.5693766266107559,0.5505131781101227,0.5336029529571533,0.8448256254196167
book_d1b4d9be0ddef234,20,0.5831157863140106,0.5716085731983185,0.5474776029586792,0.6509408354759216
book_d1ca1e362ac53853,20,0.5616102039813995,0.5594922304153442,0.5317939519882202,0.6020805835723877
book_d1d95bfca070d2d0,20,0.4798443913459778,0.4756287634372711,0.4570581316947937,0.5310201644897461
book_d1ffa00031b23598,20,0.578485158085823,0.5780269503593445,0.5514876246452332,0.6274198293685913
book_d21c4a7f182704fc,20,0.5824499398469924,0.5755168199539185,0.5652955770492554,0.6320579051971436
book_d22e9d5b9ed29dd0,20,0.5307770878076553,0.5261054635047913,0.5058190822601318,0.6054748296737671
book_d22ee3ab3ec3d96c,20,0.44158981889486315,0.43667447566986084,0.4284294843673706,0.48871126770973206
book_d23aac60fe2565c9,20,0.40337982922792437,0.39194348454475403,0.37476372718811035,0.4912582039833069
book_d24478a72e8fa265,20,0.5272028505802154,0.4954567551612854,0.48253101110458374,0.7470685243606567
book_d27ae750681caae4,20,0.5284570813179016,0.5261823832988739,0.5079493522644043,0.5681246519088745
book_d27e6843475b0947,20,0.5231381624937057,0.5208090245723724,0.5001281499862671,0.5792860984802246
book_d28c6680f8202cfe,20,0.7640372812747955,0.7545232176780701,0.734642744064331,0.8076024055480957
book_d2907cd524361566,20,0.44665081053972244,0.44235682487487793,0.42536938190460205,0.47417694330215454
book_d29ea07cc209cb6e,20,0.47328839749097823,0.46548545360565186,0.45062363147735596,0.5111804008483887
book_d2a826ff681e1a5e,20,0.47861972004175185,0.4759155213832855,0.44542667269706726,0.5317237973213196
book_d2b7960a88d5f4a2,20,0.4285599499940872,0.4194781184196472,0.40060102939605713,0.49866044521331787
book_d2c49eb144afe170,20,0.5541643172502517,0.5497078597545624,0.5408475995063782,0.6250355243682861
book_d2ee32066d9a8531,20,0.5306047976016999,0.5059016644954681,0.4795440435409546,0.7756258249282837
book_d2f8529725bce4a2,20,0.4606133446097374,0.44645263254642487,0.42914873361587524,0.5336334705352783
book_d333b201ac1a338c,20,0.48249286860227586,0.4813253879547119,0.4431135654449463,0.5591144561767578
book_d3367699602afe1b,20,0.5182087689638137,0.5180514752864838,0.5038175582885742,0.5361669063568115
book_d360e2aba3400279,20,0.559349101781845,0.5563333332538605,0.5425612926483154,0.5854249000549316
book_d370e2f9eadcba7b,20,0.5348109930753708,0.5287745893001556,0.5097510814666748,0.5890172719955444
book_d371bceea5def4d9,20,0.4794320821762085,0.46272510290145874,0.44029027223587036,0.6614061594009399
book_d37486a5be195d5a,20,0.560826551914215,0.535547524690628,0.518308162689209,0.7430225610733032
book_d382ad6c48466842,20,0.5613271087408066,0.5575264692306519,0.5308569669723511,0.6042060852050781
book_d38d194983b9c1d3,20,0.47650782465934755,0.47077593207359314,0.4423542618751526,0.558037281036377
book_d3d1188b21bfa1cf,20,0.5030586153268815,0.49432137608528137,0.48035940527915955,0.5790398716926575
book_d3dc267128735d78,20,0.4893545746803284,0.47391529381275177,0.4516192078590393,0.6378235816955566
book_d3ffc76867e34f9f,20,0.5321069031953811,0.521072119474411,0.5082587003707886,0.6132467985153198
book_d423bf6007e061df,20,0.5817173570394516,0.5697623789310455,0.5512224435806274,0.7418515086174011
book_d434cac0612f23f6,20,0.5354178309440613,0.5289506614208221,0.4996579885482788,0.5998037457466125
book_d442ff5b90043a53,20,0.573057895898819,0.56978440284729,0.5536680221557617,0.6044992208480835
book_d452ad414f412707,20,0.517358449101448,0.5116980373859406,0.4942290186882019,0.5720967054367065
book_d485b6aeb7aac021,20,0.5039721444249153,0.49344730377197266,0.47944849729537964,0.5717875957489014
book_d4ab4599dc92b98a,20,0.5367745608091354,0.5344001054763794,0.5078099966049194,0.5908833742141724
book_d4b503899724e960,20,0.5855146050453186,0.5791522264480591,0.5571143627166748,0.6693462133407593
book_d4b74e5a731787fa,20,0.5602636575698853,0.5594988465309143,0.5508766174316406,0.5799691677093506
book_d4be31edf722a4d5,20,0.5186929404735565,0.5136740207672119,0.5000837445259094,0.562457799911499
book_d4e3903a082c64be,20,0.4765570104122162,0.46556514501571655,0.4512854516506195,0.5796065330505371
book_d51dc9c33931a36a,20,0.5105554357171058,0.5059084594249725,0.49776679277420044,0.5461922287940979
book_d52bfbb677db889d,20,0.6153190910816193,0.6132860779762268,0.6007353067398071,0.6369684934616089
book_d53e17b1cac378fc,20,0.5583021610975265,0.5425194501876831,0.5218853950500488,0.6462295055389404
book_d5437db21e1076ee,20,0.45348215401172637,0.44498638808727264,0.4125080704689026,0.5768022537231445
book_d561215712081648,20,0.5046178489923477,0.4948890507221222,0.4805070757865906,0.5982125997543335
book_d57f5d600efd733f,20,0.4082290560007095,0.4031207859516144,0.38932496309280396,0.45967209339141846
book_d589099aa2f605e8,20,0.5584067881107331,0.541265070438385,0.5289418697357178,0.7454913854598999
book_d5a763af96b3dc33,20,0.5332836210727692,0.5326869189739227,0.5094884037971497,0.5841830968856812
book_d5af4479b4b0ea34,20,0.46002246141433717,0.45511238276958466,0.44044721126556396,0.4863143265247345
book_d5cbcb54d4b96b9b,20,0.5230559304356575,0.5146868526935577,0.49785953760147095,0.5685446262359619
book_d5dbf2b8941b1558,20,0.4953825607895851,0.49174821376800537,0.4711904525756836,0.5902531743049622
book_d5dcd4b1c795a476,20,0.5177749887108802,0.5083820223808289,0.48499298095703125,0.6112548112869263
book_d5def60f5f30f6b6,20,0.5611260384321213,0.5523340404033661,0.5271021723747253,0.700111985206604
book_d60c5b3ea4323cee,20,0.5988755583763122,0.5934527218341827,0.5762271881103516,0.6285637617111206
book_d617495db1e5b7f9,20,0.5379752784967422,0.53950235247612,0.5113272070884705,0.5671147108078003
book_d6187153151b1008,20,0.5893856704235076,0.5704262852668762,0.5517637729644775,0.7679121494293213
book_d65c04bbf887b688,20,0.6451823323965072,0.6424438059329987,0.6065070629119873,0.703467845916748
book_d65eebfc4e94b8ce,20,0.49540705382823946,0.4894167333841324,0.4721282422542572,0.5398699045181274
book_d69a9d4b2ba39371,20,0.50622049421072,0.4918122887611389,0.4709762632846832,0.5740786790847778
book_d6a250bcdbcbf122,20,0.5220455408096314,0.5154628753662109,0.480110764503479,0.6470052599906921
book_d6c0c1bd829583c6,20,0.5102562174201012,0.504154235124588,0.4856720566749573,0.561614990234375
book_d6d0c925d5d8d17c,20,0.5020856395363807,0.4925280958414078,0.46399152278900146,0.5778096318244934
book_d6f2eb8349337bfd,20,0.5718158930540085,0.5693933963775635,0.5353416800498962,0.6480127573013306
book_d6f82c96b4ea73d4,20,0.6177745640277863,0.6123813092708588,0.5678670406341553,0.6648048162460327
book_d6f9554ae21e1460,20,0.4402072250843048,0.4301922917366028,0.4062928557395935,0.5045449733734131
book_d6fa9840e8718ba9,20,0.47975581884384155,0.4646734148263931,0.4412855803966522,0.7877597808837891
book_d731e3ed01325b5a,20,0.5477080017328262,0.5437548756599426,0.5297576189041138,0.5834239721298218
book_d738a5470034d4c8,20,0.5081625536084176,0.48617716133594513,0.47021007537841797,0.7546507120132446
book_d742f7a26d4c72d9,20,0.5135764330625534,0.5079151093959808,0.49682021141052246,0.5928789377212524
book_d7607be5169d3617,20,0.5029340624809265,0.5043018758296967,0.4807307720184326,0.5587490797042847
book_d77ca18c138bb848,20,0.38831221908330915,0.3711320012807846,0.3505914807319641,0.5744500756263733
book_d7890a6c31d48ece,20,0.5480946838855744,0.5289076268672943,0.5085984468460083,0.8354011178016663
book_d7da049fde6481d2,20,0.5253087759017945,0.5083775818347931,0.49664250016212463,0.6323269605636597
book_d7e97d2767073e92,20,0.5460202902555465,0.5382082462310791,0.5234363079071045,0.6557401418685913
book_d8234f7cd8bd0504,20,0.5439873844385147,0.5398378670215607,0.5228545665740967,0.5901540517807007
book_d8699cac34792145,20,0.5571704924106597,0.5527846217155457,0.5419060587882996,0.5918904542922974
book_d86edb469e401db9,20,0.5737349897623062,0.5683446824550629,0.556728720664978,0.6225081086158752
book_d8823e42758966f9,20,0.5243395566940308,0.5124243199825287,0.49557578563690186,0.6299775838851929
book_d89052e4e6544ad3,20,0.5411673069000245,0.5340275466442108,0.5142234563827515,0.6137320399284363
book_d8ab2a3d2b4dd7b4,20,0.48867242485284806,0.4691956639289856,0.44622600078582764,0.6978242993354797
book_d8b346d31467ad19,20,0.5194042205810547,0.5127182900905609,0.5042482018470764,0.5565600395202637
book_d8be47df975948fc,20,0.5671977281570435,0.5469026863574982,0.525291383266449,0.8336123824119568
book_d8cf3f4d55577bff,20,0.4154878407716751,0.39609792828559875,0.36646923422813416,0.7702305316925049
book_d8d5bd7cc1733fc6,20,0.47116717100143435,0.4656563401222229,0.4522297978401184,0.5290107727050781
book_d8e3e94af3cfadb6,20,0.5636772036552429,0.565750390291214,0.5395221710205078,0.6043151021003723
book_d8e9d01af17557a1,20,0.45527270436286926,0.4531280845403671,0.4333568811416626,0.4858100414276123
book_d8ea1bb7f535a4e8,20,0.5141272231936455,0.5050626993179321,0.4919293522834778,0.5703409910202026
book_d8eba6dbf7c4e4f1,20,0.543130224943161,0.5373342633247375,0.5229240655899048,0.5902531743049622
book_d91c48a638bc1b8c,20,0.5832035720348359,0.5787600874900818,0.5581545233726501,0.6482657194137573
book_d9200e750552c969,20,0.510481134057045,0.5005117952823639,0.4883485436439514,0.607945442199707
book_d932d7fe8140c685,20,0.5124298498034477,0.49609388411045074,0.469307005405426,0.7546507120132446
book_d9421cd81f3f2a9e,20,0.509320355951786,0.5027506947517395,0.4885430335998535,0.5605701208114624
book_d977698f6eb19287,20,0.5050266176462174,0.4937828481197357,0.48273754119873047,0.5786184668540955
book_d98053cb6c6b6b18,20,0.5317914932966232,0.5280421078205109,0.508808970451355,0.5814129114151001
book_d9a1913205dc49bd,20,0.5174794957041741,0.5115421712398529,0.4952947795391083,0.586804986000061
book_d9be51a80aac9769,20,0.5388363599777222,0.5154506862163544,0.501844584941864,0.7672867178916931
book_d9c8d14ad61ecd27,20,0.5251253873109818,0.5205731689929962,0.5010461211204529,0.5939806699752808
book_d9cf06341ef63ef2,20,0.4901938304305077,0.48951297998428345,0.475751668214798,0.5188186168670654
book_d9d086628fb6fa55,20,0.5756969004869461,0.5640802979469299,0.5504366159439087,0.6305254697799683
book_d9d1662530c8695f,20,0.5471286624670029,0.5421608984470367,0.5202586054801941,0.6355706453323364
book_d9df6c4e03dc7ca5,20,0.5664116173982621,0.564912885427475,0.550908625125885,0.5902745723724365
book_d9e42d23693fe9d5,20,0.3757261589169502,0.36873237788677216,0.3583705723285675,0.42651617527008057
book_da063f32fa18c23f,20,0.5651936829090118,0.5564993917942047,0.5422278642654419,0.6282999515533447
book_da1c559d61090844,20,0.5936793863773346,0.5902969539165497,0.5778596997261047,0.6276419162750244
book_daa62057c05a3384,20,0.5586051642894745,0.5546881556510925,0.5415219068527222,0.6141968965530396
book_dae8e1ead6858a28,20,0.4526185467839241,0.4437497556209564,0.4149944484233856,0.6296975612640381
book_db110714912ae653,20,0.4754479944705963,0.4675409346818924,0.45438864827156067,0.5261895656585693
book_db1d5a61d194d9f2,20,0.35489497780799867,0.33861714601516724,0.31280839443206787,0.5037161111831665
book_db35d68f55a0a0e3,20,0.54670370221138,0.5488998889923096,0.5141444206237793,0.5885633826255798
book_db68bab15660423e,20,0.6336606115102768,0.5931980609893799,0.5775082111358643,0.8457967042922974
book_db91a09cc9ae6ccc,20,0.5587860256433487,0.5562385320663452,0.5401846766471863,0.6267750859260559
book_db9d523f74f9abe4,20,0.47296610176563264,0.47106708586215973,0.46005409955978394,0.4984229803085327
book_db9eafa88fc526ed,20,0.53139408826828,0.5242541432380676,0.5010039806365967,0.5936813950538635
book_dba6d30e51017af0,20,0.5272482007741928,0.5208728909492493,0.5055822134017944,0.570999801158905
book_dbac3de2d2bfce8a,20,0.4723273366689682,0.4665088355541229,0.4491848945617676,0.5299902558326721
book_dbc7db08edf053ad,20,0.5180096879601479,0.5004306137561798,0.47913405299186707,0.622905969619751
book_dc220c2b7d8de677,20,0.48179697543382644,0.4763965904712677,0.4587433934211731,0.5415204167366028
book_dc319c95ecffee4f,20,0.5201217561960221,0.5135428309440613,0.5006977319717407,0.5896223187446594
book_dc327d938f24f0c5,20,0.5886150985956192,0.5795437395572662,0.5577497482299805,0.6724217534065247
book_dc5739a96d24c33a,20,0.5134645029902458,0.5085869431495667,0.4908137321472168,0.5746501684188843
book_dc7df1365a56e239,20,0.5148748517036438,0.4998776614665985,0.4873000979423523,0.6296975612640381
book_dcbe595d08041b57,20,0.4638261362910271,0.4471718966960907,0.4298475682735443,0.6936901211738586
book_dcf8b38a3b781565,20,0.6034485340118408,0.5920295715332031,0.5806159973144531,0.6760202646255493
book_dd04bc7a25d605b0,20,0.3589630514383316,0.34073252975940704,0.3294839859008789,0.4437567889690399
book_dd16b1826bde30e0,20,0.5519299983978272,0.5503568351268768,0.5272839069366455,0.5951105952262878
book_dd173f4b9f9e8515,20,0.5760685801506042,0.5694262087345123,0.5524280071258545,0.6308972239494324
book_dd255d5ed900b5d3,20,0.4563475728034973,0.44065268337726593,0.42208966612815857,0.5945180058479309
book_dd3831fdc7ebee87,20,0.5384372025728226,0.5343692302703857,0.5196549892425537,0.5804895758628845
book_dd70a67994f9b806,20,0.6119267493486404,0.602817565202713,0.589035153388977,0.6894760131835938
book_dd8eaa03265dc21d,20,0.46922688335180285,0.4569416046142578,0.4335448741912842,0.5239282250404358
book_dda2b564001d267a,20,0.6036440193653106,0.5933926999568939,0.5849534273147583,0.6669883131980896
book_dda419af41970ff2,20,0.5104934245347976,0.5020470321178436,0.47814106941223145,0.6538231372833252
book_ddaaf18fe12ea389,20,0.5057119384407998,0.5046856999397278,0.4815097153186798,0.5401284098625183
book_ddb12ffcd416b21a,20,0.48733816146850584,0.47778967022895813,0.45189201831817627,0.5297351479530334
book_ddc0634f3e3a054b,20,0.5414277940988541,0.5380657911300659,0.5290179252624512,0.5669991970062256
book_ddc400bb1e9af347,20,0.5519648790359497,0.5403148233890533,0.5032110214233398,0.6911947727203369
book_ddcefac22de7dc07,20,0.5931100487709046,0.5863831341266632,0.5736875534057617,0.6288040280342102
book_ddd91a47fb5dd3bc,20,0.7716434895992279,0.7614874243736267,0.7471268177032471,0.8263468742370605
book_dddc9de05f68e984,20,0.5182713985443115,0.5135112106800079,0.5069441795349121,0.5509122610092163
book_ddf7d9ee09f11608,20,0.5443703353404998,0.5405912399291992,0.5215506553649902,0.5815098881721497
book_de11e6fc83a6dfaf,20,0.5619078785181045,0.5517607629299164,0.5248681306838989,0.7279301285743713
book_de13cf56505c18ef,20,0.5208836778998375,0.5103351771831512,0.4951938986778259,0.5768017768859863
book_de1871ac7aaa5599,20,0.5727550685405731,0.5473632216453552,0.5220097899436951,0.9548527598381042
book_de36a17839288769,20,0.5054583832621574,0.49883127212524414,0.4846905469894409,0.5580706596374512
book_de433063c121bc45,20,0.47205162048339844,0.4639752507209778,0.43802714347839355,0.5213903784751892
book_de59911f1869ee46,20,0.5319348752498627,0.5178968608379364,0.49880778789520264,0.6224257946014404
book_de5efa2b40a6f85e,20,0.518887422978878,0.49066784977912903,0.4752542972564697,0.793461799621582
book_de78ebde01fa03ab,20,0.5028222352266312,0.49808481335639954,0.48121827840805054,0.5800942182540894
book_de90497bc93cdbf6,20,0.4921919390559196,0.48754069209098816,0.472845196723938,0.5174263119697571
book_dea2e8ebf9e7ce35,20,0.5394985914230347,0.5400711894035339,0.5149540901184082,0.5697733163833618
book_dea8727b345fdd67,20,0.53663379997015,0.5269261300563812,0.49431315064430237,0.6620691418647766
book_deee7eb37807332a,20,0.5251647084951401,0.5160601437091827,0.5013879537582397,0.5829397439956665
book_df0fc1e33e1c76b4,20,0.46811155825853346,0.46906188130378723,0.44624465703964233,0.5132172703742981
book_df1bcaf064fb6c91,20,0.34974725246429444,0.3485977500677109,0.3243281841278076,0.38635700941085815
book_df4a1a11fe04f0ff,20,0.5106761172413826,0.4865283668041229,0.4653698801994324,0.6967953443527222
book_df7d8dbe2fb3fbec,20,0.549115601181984,0.5447474122047424,0.534622073173523,0.5780646800994873
book_df97b3a4ad2d4cfa,20,0.45825154781341554,0.43493568897247314,0.40290623903274536,0.5901291370391846
book_dfa0e1e9e5a42eeb,20,0.5636337518692016,0.548269510269165,0.5295645594596863,0.6995425224304199
book_dfb6576ee8401505,20,0.5406002044677735,0.5320196449756622,0.5154148936271667,0.6040640473365784
book_dfd2f743da999b35,20,0.47035031020641327,0.4580151289701462,0.4444190263748169,0.5432285070419312
book_dfe2150946984e0c,20,0.40231959968805314,0.38591866195201874,0.37757474184036255,0.4940336346626282
book_e00e4560f32c0e15,20,0.5359665960073471,0.5261711776256561,0.5190193057060242,0.5930898189544678
book_e0180bd0679d9aba,20,0.6866191774606705,0.6798626482486725,0.6474997401237488,0.7532714605331421
book_e01818d7005576b5,20,0.5361129462718963,0.5310095846652985,0.5071955919265747,0.5877888202667236
book_e01e8c4f99c0d0db,20,0.5133497133851052,0.509906679391861,0.49023717641830444,0.546961784362793
book_e0325dc4ed5d2a88,20,0.49503441005945203,0.48767660558223724,0.46104100346565247,0.5569446086883545
book_e0399b8c2bdc9a57,20,0.4836598977446556,0.4782983362674713,0.46156954765319824,0.5348129272460938
book_e03da3f8a43ef6b7,20,0.5471045881509781,0.5385615825653076,0.5257910490036011,0.6086698174476624
book_e05929c51d6fc23d,20,0.6714215546846389,0.6676425039768219,0.6446505784988403,0.7330830097198486
book_e0602cdbfdd6ce57,20,0.5177068188786507,0.5136180222034454,0.479539155960083,0.5797725915908813
book_e07562728e678696,20,0.5406352341175079,0.5360206365585327,0.5069050788879395,0.6115182638168335
book_e08e86f0d7225aae,20,0.5886049032211303,0.5808625817298889,0.5621757507324219,0.6327695846557617
book_e0b713e1e05049fa,20,0.5469146400690079,0.5390008985996246,0.5265680551528931,0.6041617393493652
book_e0b8407c4d142ab5,20,0.5092559605836868,0.5018294453620911,0.477566659450531,0.6110807657241821
book_e0c41d8b2d8ac4f0,20,0.5529112756252289,0.5407312214374542,0.5218402147293091,0.6316404342651367
book_e0e15004f903d727,20,0.6081797182559967,0.6035700142383575,0.5855706930160522,0.6914283037185669
book_e0ea20b2b0425602,20,0.5674588471651077,0.5612627863883972,0.5396777391433716,0.6371737122535706
book_e0ffc837d17d19d5,20,0.46513127386569975,0.45799557864665985,0.44875282049179077,0.5143877863883972
book_e100b4a22a1f9060,20,0.7078801840543747,0.7092015743255615,0.6846488118171692,0.7455086708068848
book_e102548d67cc72b7,20,0.421071819961071,0.416579008102417,0.395163357257843,0.47628194093704224
book_e10d9a1b78d16d10,20,0.5507781058549881,0.5334282219409943,0.520656943321228,0.6581020355224609
book_e10ddabee7463825,20,0.4918456196784973,0.48440249264240265,0.47176802158355713,0.5313798785209656
book_e145e68c5ae69265,20,0.550985512137413,0.548233687877655,0.5110775828361511,0.6983897089958191
book_e14c49d67129a4cf,20,0.45255591720342636,0.45374903082847595,0.4158945381641388,0.4882175922393799
book_e1647d1e9038aff9,20,0.5021502017974854,0.49256931245326996,0.4757866859436035,0.5613685846328735
book_e166b7affa9975cc,20,0.50859165340662,0.5015935599803925,0.4905678331851959,0.5628762245178223
book_e17290233a86874b,20,0.5742470979690552,0.5710114240646362,0.5565252304077148,0.6097967624664307
book_e18526f8fa324fa8,20,0.5263382285833359,0.5229013860225677,0.5064806938171387,0.5711873769760132
book_e18f690eb05b0872,20,0.5832993417978287,0.5713322460651398,0.5469854474067688,0.6299357414245605
book_e1bbe589cd6b29b6,20,0.5980312377214432,0.593845546245575,0.5718013048171997,0.6652181148529053
book_e1bf4c3add088700,20,0.5510106980800629,0.5468446314334869,0.5318808555603027,0.5915654301643372
book_e1d27fde0fd341a2,20,0.5401417881250381,0.5265131890773773,0.5034641623497009,0.6670949459075928
book_e1eacd249d385cac,20,0.3959596797823906,0.3632699102163315,0.34453901648521423,0.6892304420471191
book_e1fe0b8eb66641aa,20,0.5733842819929122,0.568008303642273,0.5423239469528198,0.6466572880744934
book_e2167083ff2ad4d4,20,0.5253766894340515,0.5305224061012268,0.4984876811504364,0.5623730421066284
book_e216f70e6a8c1cd8,20,0.5177362829446792,0.509400486946106,0.4967077374458313,0.5784068703651428
book_e226487ff4b75760,20,0.5312447041273117,0.5187026858329773,0.5099510550498962,0.5985815525054932
book_e22a59e3bce8f5ab,20,0.5412770181894302,0.5361680090427399,0.5167896151542664,0.6082521677017212
book_e22cd7eb195e896d,20,0.5286895871162415,0.5183098912239075,0.5032726526260376,0.6914407014846802
book_e233ba19b110aeb7,20,0.5772859752178192,0.5317848324775696,0.5189484357833862,0.9049205780029297
book_e272ff38c4a3d4f4,20,0.4585153728723526,0.45084749162197113,0.43816545605659485,0.4936445951461792
book_e28e5b5bdc5d595b,20,0.5378573000431061,0.5379139184951782,0.5185295343399048,0.5642486810684204
book_e28f06081f273baa,20,0.4171608492732048,0.39086706936359406,0.3533686101436615,0.5426331758499146
book_e29a068c975bdbbb,20,0.5692569047212601,0.5606030821800232,0.5342953205108643,0.6232753992080688
book_e2e2b859080cce03,20,0.5806508392095566,0.5759705305099487,0.5614041686058044,0.6200557947158813
book_e2f6cdcdbf184eee,20,0.5658943206071854,0.5613064169883728,0.5386618971824646,0.606550395488739
book_e2f9916ecc3798a3,20,0.5901277154684067,0.5922181904315948,0.5615922808647156,0.6734946966171265
book_e3003222d71d3fe0,20,0.4854043260216713,0.4629807621240616,0.4521993398666382,0.8213295340538025
book_e302330cd8aa3330,20,0.5247766822576523,0.5148807466030121,0.49489468336105347,0.615926206111908
book_e30373e7c3b53b9f,20,0.47789631485939027,0.4710947573184967,0.4627552628517151,0.5630090236663818
book_e3066a2c9c12ec49,20,0.5883644312620163,0.5842216610908508,0.5605121850967407,0.6363822221755981
book_e32f47e52333577e,20,0.488722226023674,0.48390889167785645,0.46972793340682983,0.5317786931991577
book_e34340e914a23aaa,20,0.5485180884599685,0.541298508644104,0.5265685319900513,0.614095151424408
book_e3474522bec9b168,20,0.5377097874879837,0.5227228105068207,0.5111137628555298,0.6323269605636597
book_e347db1305016c94,20,0.558384245634079,0.5252025127410889,0.5103880167007446,0.8352937698364258
book_e36404b8079d6aa4,20,0.5092732101678848,0.5049737095832825,0.48449885845184326,0.5576598644256592
book_e3a433799c34bab5,20,0.5291429132223129,0.5210287272930145,0.5029352903366089,0.5931857824325562
book_e43c16396a52a705,20,0.6072354793548584,0.559123158454895,0.5371286869049072,0.8197076916694641
book_e43eefd778c21f81,20,0.49569374322891235,0.49134743213653564,0.4741451144218445,0.5309291481971741
book_e442b4d390aa7bef,20,0.5638580232858658,0.5606713891029358,0.5351158380508423,0.6103508472442627
book_e44bde338eb5097e,20,0.44357268065214156,0.405413955450058,0.3808720111846924,0.617108941078186
book_e454b43cfb2355a0,20,0.7119631379842758,0.703213632106781,0.6828142404556274,0.7890215516090393
book_e456959f52bdc554,20,0.5313609331846237,0.5249372124671936,0.5072852373123169,0.5749745965003967
book_e4925f5d787d53b8,20,0.7793213993310928,0.7708664536476135,0.7571673393249512,0.82285076379776
book_e4c097cb7156a269,20,0.5810668975114822,0.5636638700962067,0.5375087261199951,0.7739739418029785
book_e4d42e9f6736dbab,20,0.5312822520732879,0.5282997786998749,0.5112119913101196,0.590988039970398
book_e4d54f81ddbc1546,20,0.5835781872272492,0.5760406255722046,0.5674423575401306,0.6218409538269043
book_e50e2d3e16d67444,20,0.4300777465105057,0.42244330048561096,0.4099230468273163,0.4912874698638916
book_e53232017d86b13f,20,0.5540348559617996,0.5409138798713684,0.5073057413101196,0.6430447101593018
book_e53569300a136823,20,0.525958177447319,0.5205867886543274,0.50722336769104,0.569782555103302
book_e54284e6045de9d6,20,0.6346195459365844,0.6134654879570007,0.5958676338195801,0.7476938962936401
book_e546bb450abd8bf7,20,0.49979004412889483,0.4728447496891022,0.4591028094291687,0.7267380952835083
book_e57254b8ac3101c8,20,0.44345228374004364,0.4323680251836777,0.4141573905944824,0.5298564434051514
book_e583d3ecbd0ef12d,20,0.4988562136888504,0.49154263734817505,0.47569671273231506,0.5576598644256592
book_e58549f13ea9b917,20,0.5425266295671463,0.5235141515731812,0.5030789971351624,0.6440504789352417
book_e58ae62fc26d7eb8,20,0.5073339864611626,0.4977276027202606,0.48415130376815796,0.5552887916564941
book_e58c019b58688058,20,0.6167067378759384,0.6079056859016418,0.5890089273452759,0.68470299243927
book_e59cd8b2290eefd7,20,0.5447983026504517,0.5342508256435394,0.42136436700820923,0.7205668687820435
book_e5b6d25d836ee7ca,20,0.36798099875450135,0.36274096369743347,0.3533284068107605,0.391332745552063
book_e5b9324e08d90f40,20,0.5113556474447251,0.5103072077035904,0.4496155381202698,0.6502339839935303
book_e5c7ae6c7336a6d0,20,0.6198082804679871,0.615583598613739,0.5860959887504578,0.6714833378791809
book_e5cab8813ef3d1eb,20,0.3586690530180931,0.3504717946052551,0.3398866653442383,0.4349096119403839
book_e5d1fe71e725ffe9,20,0.48626933693885804,0.4840380549430847,0.45885372161865234,0.5453400611877441
book_e5e58383fa41fa2e,20,0.534508042037487,0.5261150300502777,0.49926671385765076,0.637641429901123
book_e5e9f21197460267,20,0.44411087185144427,0.43681134283542633,0.42014265060424805,0.5257002115249634
book_e5ed67fd4e36755f,20,0.538507154583931,0.5413671433925629,0.5091584920883179,0.5768874883651733
book_e5efe3be97475860,20,0.587798821926117,0.5826238393783569,0.5647344589233398,0.6522821187973022
book_e5f6404f3269f696,20,0.5766115069389344,0.5881220102310181,0.415688693523407,0.7064296007156372
book_e616ca470a28c190,20,0.3741710171103477,0.36156710982322693,0.3304502069950104,0.45858821272850037
book_e6613388c8c4d0f3,20,0.6062897875905037,0.6172493100166321,0.48083221912384033,0.7908229827880859
book_e66679ed2b4a457e,20,0.46534562557935716,0.4600446820259094,0.44602322578430176,0.5308375358581543
book_e668a465e6adac61,20,0.45530994087457655,0.44994498789310455,0.43638527393341064,0.505907416343689
book_e66a911b25f09a42,20,0.7309822201728821,0.725433886051178,0.7044649124145508,0.8027925491333008
book_e680d734bb3968b9,20,0.5925972104072571,0.547242283821106,0.5308780670166016,0.8069499135017395
book_e686f766e48d7fe5,20,0.5159082636237144,0.5082645118236542,0.48441028594970703,0.568105161190033
book_e68c65a07cfb15b9,20,0.5460102468729019,0.5380980968475342,0.5170431137084961,0.6233181357383728
book_e69a289b4a3c3db4,20,0.5723694652318955,0.5653539896011353,0.5489485859870911,0.6158730983734131
book_e69ea3449294aa8f,20,0.5709271043539047,0.5624144077301025,0.5239326357841492,0.6194677948951721
book_e6c1d3946f0ec563,20,0.5277662009000779,0.5215952694416046,0.5100682973861694,0.5936139225959778
book_e6d97bc49ca40404,20,0.5043356016278266,0.4851738065481186,0.47031301259994507,0.6267881393432617
book_e6e63c9ed7d52da9,20,0.46979949474334715,0.46389636397361755,0.4396558403968811,0.513164758682251
book_e702f5548161961d,20,0.5450353294610977,0.5329881012439728,0.5127921104431152,0.6414727568626404
book_e70db38fca5ab4e2,20,0.48083308935165403,0.4798419177532196,0.45817139744758606,0.5067965984344482
book_e72b04553876bd79,20,0.5522912234067917,0.5417526066303253,0.5255203247070312,0.6447442173957825
book_e730775214f17553,20,0.584716060757637,0.5801964104175568,0.5671120882034302,0.6136716604232788
book_e756c454ae074905,20,0.5507774353027344,0.5289216637611389,0.5065656900405884,0.66524738073349
book_e7739ea5a280601d,20,0.5386131435632706,0.5353002846240997,0.5258573293685913,0.610247015953064
book_e773cf4d036e831a,20,0.5204749077558517,0.5173672139644623,0.5104337334632874,0.5465925931930542
book_e785047463a1a403,20,0.4989989697933197,0.49602124094963074,0.471543550491333,0.5465960502624512
book_e7b020cd138dd2ab,20,0.5747582614421844,0.5731220245361328,0.5596586465835571,0.6016144752502441
book_e7ca8e0ca871cc08,20,0.49633499085903166,0.49219875037670135,0.4502904713153839,0.5411580204963684
book_e7ddb4b57c3944df,20,0.5421279430389404,0.5362268090248108,0.5272892713546753,0.574116587638855
book_e8034184ef3feb24,20,0.3871389403939247,0.3790837973356247,0.3629801273345947,0.4427334666252136
book_e8059b596c504154,20,0.573300039768219,0.5685631334781647,0.5482170581817627,0.6207237839698792
book_e812c9c8928eba25,20,0.4491755306720734,0.42501547932624817,0.40049654245376587,0.628671407699585
book_e820691a65da2963,20,0.491799122095108,0.4837636500597,0.45710405707359314,0.5692908763885498
book_e82085e3a3a060af,20,0.5019212603569031,0.4945754408836365,0.481286883354187,0.5720032453536987
book_e82e4b9fb2caa807,20,0.5147515431046485,0.4973785728216171,0.48176974058151245,0.650905191898346
book_e83287e1c6db8e97,20,0.5515678182244301,0.5248571038246155,0.4901077151298523,0.9671213626861572
book_e8459726cf1d2f72,20,0.5257160857319831,0.49642133712768555,0.4686511158943176,0.9718436002731323
book_e859471190ce3b19,20,0.5390122562646866,0.5328174233436584,0.5132482647895813,0.615926206111908
book_e870a76bb2dc8a2b,20,0.588791909813881,0.5857862830162048,0.5633400678634644,0.6320579051971436
book_e892defa4d4f76a2,20,0.431656089425087,0.4141543209552765,0.3955613374710083,0.6866163611412048
book_e8a1b98c040067f4,20,0.7723924934864044,0.7701401114463806,0.7477784156799316,0.8108032941818237
book_e8abcfe37238520a,20,0.4737040176987648,0.4719776511192322,0.4423227906227112,0.5294844508171082
book_e8c961e5486ac042,20,0.7265388458967209,0.7227178514003754,0.6939287185668945,0.7635498642921448
book_e8c9ebddc7c180c8,20,0.5658247470855713,0.5594720840454102,0.5392264127731323,0.6210236549377441
book_e8cc4bdba13bdcc7,20,0.5063920795917511,0.49944016337394714,0.490791916847229,0.5678713917732239
book_e8d949a30accfc0e,20,0.5769260287284851,0.5742380023002625,0.5571185946464539,0.6175330877304077
book_e8fc1cbae15c45b9,20,0.5516857743263245,0.5475547015666962,0.5346254110336304,0.5885922908782959
book_e9000221e09fa62e,20,0.5259283423423767,0.5195659399032593,0.5078126788139343,0.5577831268310547
book_e90a920296f179d4,20,0.628792268037796,0.6183402836322784,0.5948441028594971,0.7052955031394958
book_e91676dc8f493d4a,20,0.6210661083459854,0.5875881314277649,0.575145959854126,0.7551122903823853
book_e918951115bdd802,20,0.6003034174442291,0.593428909778595,0.5753078460693359,0.6369684934616089
book_e91f637dee368551,20,0.5098919942975044,0.5052233934402466,0.4762449860572815,0.5923720598220825
book_e920ab05b05105d8,20,0.6565654158592225,0.6471160054206848,0.6276296973228455,0.7238059639930725
book_e937bb19cb4bcd80,20,0.49183754026889803,0.4617631733417511,0.4508693814277649,0.7382375001907349
book_e94e07f1c7e2f9d0,20,0.5254827678203583,0.5214984714984894,0.5050853490829468,0.5826907157897949
book_e9666bc759562e78,20,0.5597544878721237,0.553051620721817,0.535690188407898,0.6110807657241821
book_e970d0594472ee8c,20,0.5515435039997101,0.5339233577251434,0.5207816362380981,0.7544697523117065
book_e97e2457641e76ef,20,0.5507400244474411,0.5370266437530518,0.5089246034622192,0.6496588587760925
book_e9a3bb4ddf5f9fff,20,0.5505994975566864,0.5435740947723389,0.5298131704330444,0.595061182975769
book_e9affdd2593ddb4d,20,0.38992479890584947,0.3786795735359192,0.3586869537830353,0.47260749340057373
book_e9ec2d79fa27c15d,20,0.54930881857872,0.5351135730743408,0.5049344897270203,0.6458601951599121
book_e9efd9e2f9039150,20,0.5177218347787857,0.5109970271587372,0.5038532018661499,0.5684981346130371
book_e9f3d63f42fa3f13,20,0.7295352846384049,0.7159762978553772,0.6976012587547302,0.8106887340545654
book_ea176455b4000251,20,0.5137163385748863,0.5117823481559753,0.49487319588661194,0.5547547340393066
book_ea1f1bdfc64951b9,20,0.31409104317426684,0.2851041108369827,0.2630326449871063,0.55085289478302
book_ea541de338d8f4ad,20,0.4901104003190994,0.48087844252586365,0.465745210647583,0.5407568216323853
book_ea9d5d77da172078,20,0.39246820509433744,0.371794655919075,0.33954066038131714,0.6891147494316101
book_eaa08f6c027ba446,20,0.5349951982498169,0.5249173939228058,0.5083550214767456,0.5812017917633057
book_eab0bdfa208f006b,20,0.5768388628959655,0.5742605924606323,0.5653941631317139,0.6178646683692932
book_eabb96180484d51a,20,0.5692245483398437,0.5674943029880524,0.5517221689224243,0.5947858095169067
book_eac5f98bcf6dd4f8,20,0.4831170469522476,0.47541889548301697,0.4681354761123657,0.5550326108932495
book_ead04decd82c67a9,20,0.5572410762310028,0.5564616322517395,0.5337756276130676,0.5907373428344727
book_ead09587acad8e48,20,0.5460221454501152,0.5278646349906921,0.4911927878856659,0.7491064071655273
book_eadf02081d632d68,20,0.5382595598697663,0.5322631299495697,0.5208739638328552,0.5815211534500122
book_eafd8fdac61b599f,20,0.534168866276741,0.5296041965484619,0.5128458142280579,0.5785090923309326
book_eafe630a9e3a2234,20,0.5528693169355392,0.5428846180438995,0.5302079916000366,0.6781542897224426
book_eb15076dc4dbb752,20,0.4803601115942001,0.4780483841896057,0.4638669788837433,0.5206597447395325
book_eb2ef3384ac32906,20,0.6274283051490783,0.6232600510120392,0.5928164720535278,0.695266842842102
book_eb363b17458a3728,20,0.5094808235764503,0.49885767698287964,0.4799192547798157,0.5758644342422485
book_eb438be8c08eb531,20,0.5414974063634872,0.5299896001815796,0.5161716341972351,0.5949716567993164
book_eb486fafa7414c63,20,0.5415145277976989,0.5401912033557892,0.5222150087356567,0.5905265212059021
book_eb78942151c0c22f,20,0.4832428589463234,0.47716033458709717,0.4551534652709961,0.5641851425170898
book_eb8493e9ac6bc400,20,0.47991197407245634,0.47110822796821594,0.4356960654258728,0.5782174468040466
book_ebb9c7ab3c185f7c,20,0.46828977316617965,0.4530397802591324,0.4365296959877014,0.5687523484230042
book_ebf560b2a59cde0b,20,0.6223107218742371,0.6183717846870422,0.6073904037475586,0.6528578996658325
book_ec38d48b917611eb,20,0.5968556553125381,0.5768492221832275,0.5547571778297424,0.7279301285743713
book_ec6c34c40fd6b545,20,0.5259556248784065,0.5196545124053955,0.44432172179222107,0.6628374457359314
book_ec76e4364269629d,20,0.557375505566597,0.5503620803356171,0.5321193933486938,0.6146112084388733
book_ec87fe2749cb03ad,20,0.5400920212268829,0.5409253239631653,0.51267409324646,0.5801857709884644
book_ecaaa85e47a64cf5,20,0.5067102268338204,0.5012853741645813,0.48853909969329834,0.6269649267196655
book_ecd68c51f52b2939,20,0.3157672002911568,0.30922655761241913,0.2705642580986023,0.4034630358219147
book_ed0ba1b8012f7a5d,20,0.4740313470363617,0.45744942128658295,0.44603967666625977,0.638283371925354
book_ed1b052cf6d75401,20,0.5374650225043297,0.4930327534675598,0.4814934730529785,0.7422014474868774
book_ed5316ae03a8e84f,20,0.5369492292404174,0.5343005955219269,0.4955286383628845,0.6518689393997192
book_ed5fdede20ba6f28,20,0.46516984552145,0.44805140793323517,0.42988258600234985,0.710100531578064
book_ed64709bdc8c63d0,20,0.5661613136529923,0.5551440119743347,0.5372310280799866,0.7135461568832397
book_ed69a4cba0d2a939,20,0.5912707895040512,0.5866697728633881,0.5657376050949097,0.6428598165512085
book_ed784f9c7ca9e5c3,20,0.5333906352519989,0.5254243314266205,0.5133117437362671,0.5734243392944336
book_ed9d5aab019c2743,20,0.5380689039826393,0.5110791623592377,0.4946308732032776,0.6879363656044006
book_edbfd144bd2e9951,20,0.5471302062273026,0.543248862028122,0.5156615972518921,0.5863405466079712
book_edd5e8f970341c53,20,0.5438277393579483,0.5430472493171692,0.5250886082649231,0.571526050567627
book_edd805819ffdc7cd,20,0.5455110520124435,0.5394943952560425,0.5185238122940063,0.5844303369522095
book_ede142e2a7ae7873,20,0.4067771703004837,0.3828829526901245,0.36441144347190857,0.5970262289047241
book_ede22ab7b51551cc,20,0.5118364036083222,0.5105884373188019,0.4953283667564392,0.5364434719085693
book_ede617ea96d1a8d3,20,0.5842480272054672,0.5749284029006958,0.5637766122817993,0.626617431640625
book_ede8e1fa528e3214,20,0.5997777223587036,0.5906311869621277,0.5733050107955933,0.6620405912399292
book_edf21ab963ec3e23,20,0.475094798207283,0.4604058414697647,0.43840450048446655,0.6172270774841309
book_ee0b21a7abb0d8ac,20,0.5824847310781479,0.5760726630687714,0.5522604584693909,0.6716099977493286
book_ee0deebbcb6444fa,20,0.42984473407268525,0.40386903285980225,0.3821032643318176,0.7602396011352539
book_ee5be9afe3aa3eaf,20,0.5109633281826973,0.5067163407802582,0.4904351234436035,0.5441409349441528
book_ee6908cee7ec4dc6,20,0.5429832667112351,0.5353683829307556,0.5177096724510193,0.6005039215087891
book_ee6c8b470512a55b,20,0.5475704163312912,0.5427630245685577,0.535441517829895,0.5858895778656006
book_ee8dfe9e3c093e66,20,0.5825529932975769,0.5788856744766235,0.5679994821548462,0.6091083288192749
book_eeaf886405b5bddd,20,0.5062773689627648,0.5032133162021637,0.49754342436790466,0.5328629016876221
book_eebb4391c5e51788,20,0.5047413781285286,0.5046469271183014,0.48242974281311035,0.5515406727790833
book_eed3b5c68b994acf,20,0.543077152967453,0.5393641293048859,0.5201554894447327,0.5939947962760925
book_eed8045fcc4c7e82,20,0.6396269619464874,0.6368427872657776,0.5822544097900391,0.7091116905212402
book_eef5d992d45497bf,20,0.6308019250631333,0.6296164989471436,0.6060707569122314,0.6863579750061035
book_ef04153d7fcb13d1,20,0.5400415658950806,0.537850022315979,0.5175594091415405,0.5850355625152588
book_ef26133a83315541,20,0.5571400642395019,0.5516878068447113,0.5312031507492065,0.6047533750534058
book_ef3bc70accc76eb0,20,0.5201332598924637,0.5162189900875092,0.5018261075019836,0.5648922920227051
book_ef56323542aa4d79,20,0.515598626434803,0.49956461787223816,0.481994092464447,0.6144441366195679
book_ef5a872a5314925c,20,0.491644398868084,0.4875282049179077,0.46000775694847107,0.5496975183486938
book_efbff85d3168e10b,20,0.5409191966056823,0.5378741323947906,0.526965856552124,0.5635915398597717
book_f019b5a8f2dc5000,20,0.5055692702531814,0.5031234920024872,0.4846937358379364,0.5600965023040771
book_f0477bb0ac8e5b1d,20,0.4902451172471046,0.4711005985736847,0.4406924843788147,0.7003357410430908
book_f06704cf7122d8de,20,0.5530903518199921,0.5460219979286194,0.537256121635437,0.6096134185791016
book_f086e53fdf6787e2,20,0.5273023515939712,0.5166910290718079,0.5053701400756836,0.6102308034896851
book_f09e45c488ca960a,20,0.4628973722457886,0.45890676975250244,0.43325871229171753,0.5258607864379883
book_f09fb9fe28a27e9b,20,0.5329327344894409,0.5315039753913879,0.5155417919158936,0.5567050576210022
book_f0be0366b0b01223,20,0.5629250049591065,0.558391809463501,0.5486859083175659,0.6387934684753418
book_f0d9d9063001fefa,20,0.5594510853290557,0.5488139390945435,0.5186394453048706,0.6468667984008789
book_f0de1cfd0214c828,20,0.5588102519512177,0.5502648949623108,0.5329561233520508,0.6147035956382751
book_f1102e42f55fe09e,20,0.5281494468450546,0.5103917419910431,0.49868547916412354,0.810174822807312
book_f1369ddf028f6d5d,20,0.5724795907735825,0.5654021799564362,0.5473780035972595,0.6274588704109192
book_f158b21ebb8f78cc,20,0.5302855551242829,0.5250264406204224,0.507828950881958,0.58934485912323
book_f172d3e1964b147c,20,0.5539373457431793,0.5416191220283508,0.5249936580657959,0.636812686920166
book_f1753f3e0054240f,20,0.4756934940814972,0.4709346443414688,0.4556582272052765,0.5249979496002197
book_f1a6c60e1d0b3b65,20,0.5832409888505936,0.5748206079006195,0.5589354634284973,0.6657807230949402
book_f1b7b5c2ff65bee3,20,0.46014910787343977,0.45420826971530914,0.4404566287994385,0.5014428496360779
book_f1bfdde3019adf62,20,0.535137128829956,0.5352452993392944,0.5134281516075134,0.567787766456604
book_f1c2b4f93ea3359a,20,0.48503524959087374,0.46202172338962555,0.43261533975601196,0.7876358032226562
book_f1da284e4dead2fa,20,0.5385908484458923,0.532923698425293,0.5041313171386719,0.6805076599121094
book_f1df472a5988e0c1,20,0.533709853887558,0.5290119349956512,0.518495500087738,0.5645265579223633
book_f1ed9e0ef1ce5866,20,0.541505116224289,0.5350125133991241,0.5156629085540771,0.5860096216201782
book_f1ee29eab263444a,20,0.5730268210172653,0.5704059898853302,0.5521283149719238,0.6056076288223267
book_f2105ddc5a25586e,20,0.5585588395595551,0.5480861067771912,0.5381321907043457,0.6004646420478821
book_f21f130ee8190eb9,20,0.6290593475103379,0.6155722439289093,0.5926734209060669,0.7015472054481506
book_f22661af0a24c4c7,20,0.5711211293935776,0.5650005638599396,0.5537441372871399,0.611302375793457
book_f234d2b75be4c772,20,0.5101780846714974,0.49999645352363586,0.47320273518562317,0.6146025657653809
book_f2403c233b7c383e,20,0.5543972045183182,0.5476628839969635,0.5394241809844971,0.6076701283454895
book_f25634320043a99a,20,0.4925695613026619,0.4835435152053833,0.40759706497192383,0.6213361024856567
book_f2674b76fac3f6aa,20,0.5518678277730942,0.541554868221283,0.5314731597900391,0.6146090030670166
book_f27c6e2e5c7634e5,20,0.5139748677611351,0.5113071501255035,0.49039703607559204,0.5556711554527283
book_f2810b449d98f84f,20,0.5679446816444397,0.5520825684070587,0.5391584634780884,0.6767534017562866
book_f2826a519130c1b8,20,0.597242397069931,0.5874480307102203,0.5670801401138306,0.6576219201087952
book_f295b355f2ad1087,20,0.44820604622364046,0.44034840166568756,0.4204680621623993,0.5387194156646729
book_f29a994e1351ac0e,20,0.542035698890686,0.5409661531448364,0.5254373550415039,0.5830641984939575
book_f2c819337e6b05b1,20,0.5848697006702424,0.5815358459949493,0.5730222463607788,0.613994300365448
book_f306273d601a27c5,20,0.4895223811268806,0.4832952618598938,0.47213444113731384,0.5299197435379028
book_f30d0fed3ed4a116,20,0.4814835160970688,0.4738595187664032,0.4524773061275482,0.5323200821876526
book_f314b1bf8461d2dc,20,0.633277989923954,0.5484460890293121,0.498497873544693,0.8385425806045532
book_f32231b8f4ac368b,20,0.48490474969148634,0.4808202236890793,0.4522460103034973,0.5655353665351868
book_f3487a59f28b7cda,20,0.4742080315947533,0.4237253963947296,0.4096336364746094,0.7633633613586426
book_f3875c6986a801da,20,0.453355547785759,0.4415060877799988,0.4172484874725342,0.524921715259552
book_f391df8d8f0a31a6,20,0.49453276246786115,0.4839697331190109,0.462656170129776,0.6805076599121094
book_f392483b7fdeea75,20,0.4620457112789154,0.4337073564529419,0.4175412952899933,0.7252093553543091
book_f3e91a197be6b062,20,0.5083541199564934,0.5029637813568115,0.4903396964073181,0.573029100894928
book_f40d2e3155de713a,20,0.5553831338882447,0.547848641872406,0.5373890995979309,0.610363781452179
book_f40fadff8540702a,20,0.5114543601870537,0.5031060576438904,0.48849958181381226,0.6320698261260986
book_f4165215fa77363e,20,0.5709285050630569,0.5626587867736816,0.5512835383415222,0.6607282757759094
book_f418838e0c9ad310,20,0.5465631246566772,0.5289365947246552,0.5117026567459106,0.6494933366775513
book_f43451b1ba601b8c,20,0.5874274253845215,0.5628426671028137,0.5334696173667908,0.735628604888916
book_f45f7d9cd2d199b9,20,0.5204428464174271,0.520624190568924,0.5009878873825073,0.5439063906669617
book_f468b0b8534aa7dc,20,0.6184506505727768,0.5689313411712646,0.5344852805137634,0.7550257444381714
book_f49f16a1874bb40b,20,0.46803238838911054,0.4613398313522339,0.44803738594055176,0.5249351263046265
book_f4be2a64fdb39a36,20,0.7753626465797424,0.7669619619846344,0.7537100315093994,0.8137660026550293
book_f4f6712b99eeb434,20,0.3984647497534752,0.3874650299549103,0.37745460867881775,0.46419692039489746
book_f4ff40368c7ecacc,20,0.5020629003643989,0.4819944202899933,0.4604472517967224,0.643345057964325
book_f55db5a147b233a8,20,0.3696107342839241,0.3594345450401306,0.31810885667800903,0.46662089228630066
book_f56b9ba2e49abd2a,20,0.5088114827871323,0.49832627177238464,0.47193723917007446,0.5807332992553711
book_f5721c38bf776f01,20,0.5558664351701736,0.5382281243801117,0.5196802616119385,0.6827600002288818
book_f5947a784ae514ed,20,0.649286612868309,0.6407524943351746,0.6308056116104126,0.7061967849731445
book_f5958642d0c2e766,20,0.5440610617399215,0.5294470191001892,0.5064072012901306,0.6522165536880493
book_f5bc199da523ff68,20,0.5255524009466171,0.5237404406070709,0.5044851303100586,0.5578659772872925
book_f5bf07227b55c47e,20,0.5711099147796631,0.5663869678974152,0.5582172274589539,0.6299872994422913
book_f5d0d7d73a3099c9,20,0.5653157621622086,0.5627374947071075,0.536638617515564,0.6178048849105835
book_f5d842809a480176,20,0.5756532371044158,0.5611705482006073,0.5385118722915649,0.7669083476066589
book_f5efeebf3ef34eeb,20,0.6192304641008377,0.6114316880702972,0.5967813730239868,0.6777447462081909
book_f60814c7f7032c0a,20,0.5860657155513763,0.5773087739944458,0.5642000436782837,0.6474180221557617
book_f6181fba14fa40bc,20,0.480632509291172,0.46750275790691376,0.4535129964351654,0.5606367588043213
book_f61996ef36d3d8bd,20,0.6003349721431732,0.5966185331344604,0.5766432881355286,0.6467185020446777
book_f6303fd73545c6bc,20,0.5640499323606492,0.5582922399044037,0.5453668236732483,0.6363822221755981
book_f63b3bb364e06d60,20,0.5406331807374954,0.5276899635791779,0.5160436630249023,0.631207287311554
book_f64e4639504bcc35,20,0.5981920391321183,0.5982756912708282,0.573557436466217,0.6407792568206787
book_f6535b69b1370ac8,20,0.4508570656180382,0.44366395473480225,0.41797733306884766,0.5027010440826416
book_f67e5c5188b87271,20,0.5069341018795968,0.49772337079048157,0.48412489891052246,0.5849906206130981
book_f68a9238e7989ed7,20,0.5396983444690704,0.5339471995830536,0.5043965578079224,0.5894349217414856
book_f69d4cf9d33827e4,20,0.5856617003679275,0.5750972628593445,0.5593411326408386,0.6781542897224426
book_f6ab898547df100a,20,0.5932902365922927,0.5807565748691559,0.5684980750083923,0.6441693305969238
book_f6ae017d6af48351,20,0.5441785544157028,0.5363157093524933,0.5178589820861816,0.6302585601806641
book_f6b1c3b484917a65,20,0.5237533032894135,0.5168709754943848,0.497433602809906,0.5888765454292297
book_f6c84f5838fa2eec,20,0.5020926475524903,0.48870447278022766,0.47641345858573914,0.6239136457443237
book_f6cf3d3622edda31,20,0.6036990016698838,0.5939227938652039,0.5693333745002747,0.6914407014846802
book_f6dece964d7a5a74,20,0.5077670022845269,0.49953874945640564,0.4665380120277405,0.5888765454292297
book_f6ee24c34f1d94da,20,0.48096533566713334,0.4773837476968765,0.4644765853881836,0.5124547481536865
book_f71ad8a30439877b,20,0.6218535542488098,0.6108517646789551,0.5814827680587769,0.772624135017395
book_f740d22b222a22a8,20,0.5125335097312927,0.507323145866394,0.4963667392730713,0.5627679228782654
book_f746275f4002cbe7,20,0.584102788567543,0.5599231123924255,0.5395123362541199,0.9158174991607666
book_f75950c8305ba28d,20,0.5750521928071975,0.5712482333183289,0.5593426823616028,0.6131018996238708
book_f760e436b034cea3,20,0.47186708003282546,0.46420958638191223,0.43252086639404297,0.561115562915802
book_f76857abea816ee7,20,0.5283938974142075,0.5149160921573639,0.4957866072654724,0.6220284700393677
book_f790893d86d975f8,20,0.5580114185810089,0.5276093482971191,0.5166988968849182,1.0000001192092896
book_f7b3e44f2c2103dd,20,0.6035371780395508,0.599441647529602,0.5821475982666016,0.6730540990829468
book_f7b4dc05d1ed6323,20,0.4946931153535843,0.4892876595258713,0.46104297041893005,0.5491976737976074
book_f7c824c6bac6b900,20,0.4401657968759537,0.4108612835407257,0.36565250158309937,0.576779842376709
book_f7cc03d4fc683c55,20,0.5421529576182366,0.5213600099086761,0.4996865689754486,0.7097927331924438
book_f7d4e2d7a5bd0475,20,0.5156433433294296,0.5002456158399582,0.4812803268432617,0.6224257946014404
book_f7e2b65224308d1a,20,0.5298718482255935,0.5235938429832458,0.5071879029273987,0.5708634853363037
book_f7e7f3153e978eae,20,0.5192655563354492,0.513654887676239,0.499176025390625,0.5588154792785645
book_f8202accb8ca0593,20,0.5411199748516082,0.5088064074516296,0.49219682812690735,0.8342130184173584
book_f854ebbcfd3935ff,20,0.552123275399208,0.548049122095108,0.5295785665512085,0.6206837892532349
book_f86a91da104d9ae7,20,0.7605248749256134,0.7567700743675232,0.723950982093811,0.8432794809341431
book_f86fbeaad6ef66ab,20,0.42321944385766985,0.4091639518737793,0.38671374320983887,0.5726104974746704
book_f877a775f63a4f26,20,0.5201523274183273,0.5059613585472107,0.497749924659729,0.6457351446151733
book_f8b6c484877542a0,20,0.5105545520782471,0.5026247501373291,0.4720483422279358,0.5910006761550903
book_f8c9ee859f217224,20,0.5289834558963775,0.510258138179779,0.4943845868110657,0.6377843618392944
book_f8d468347d423dab,20,0.45286710262298585,0.44563432037830353,0.4268881678581238,0.5243962407112122
book_f8fc3b67f194563e,20,0.575058102607727,0.573819100856781,0.5601785778999329,0.5990047454833984
book_f8fd3d689bfc4465,20,0.344848658144474,0.3339063823223114,0.3181432783603668,0.44963473081588745
book_f902fec5672cd5bf,20,0.6437525600194931,0.6327655911445618,0.6065793633460999,0.7204653024673462
book_f9083a7752bc829a,20,0.5499707400798798,0.5425073504447937,0.5317850112915039,0.6327695846557617
book_f92f3dc3928db010,20,0.6031123518943786,0.5764557421207428,0.5409277677536011,0.8135614395141602
book_f93759b6920f1b24,20,0.749153658747673,0.7406760156154633,0.7180346250534058,0.859754204750061
book_f9381c5ea11f30cb,20,0.7024431884288788,0.7028574049472809,0.6793981194496155,0.7472458481788635
book_f93ad6a2b69a0311,20,0.6026903718709946,0.5730972290039062,0.5547321438789368,0.9973045587539673
book_f9760a34800b46e5,20,0.47817048728466033,0.47501610219478607,0.4559711813926697,0.528719425201416
book_f99782f659d14207,20,0.6099746435880661,0.602550745010376,0.5844303369522095,0.6971138715744019
book_f9c7ec2b227b9815,20,0.5580077350139618,0.5476395189762115,0.5310885906219482,0.6827287673950195
book_f9df428d5c8fbdbe,20,0.5730737686157227,0.5619305372238159,0.5309474468231201,0.6861847639083862
book_f9ed757ac0d99f54,20,0.5778634041547775,0.5749974846839905,0.5387814044952393,0.6198391914367676
book_f9f21651aa297603,20,0.5840179830789566,0.5801300704479218,0.5626641511917114,0.6342986822128296
book_f9f724503fae90ce,20,0.42492073625326154,0.415333092212677,0.4078449010848999,0.4678141176700592
book_fa3abd3c14b72314,20,0.5511561572551728,0.5484594702720642,0.5360543131828308,0.5798484086990356
book_fa8918a506603e50,20,0.5342855155467987,0.5267470180988312,0.50026935338974,0.700111985206604
book_fa8e3db3157b05cd,20,0.5259814858436584,0.5167894661426544,0.5059026479721069,0.6109213829040527
book_fa902efcf5146cc5,20,0.5195804998278618,0.5098909735679626,0.47869324684143066,0.5895168781280518
book_fabd28b25298febf,20,0.5028608337044715,0.49462881684303284,0.4769905209541321,0.5498889684677124
book_facbb33c3a110022,20,0.552975994348526,0.534355640411377,0.5218852758407593,0.7672867178916931
book_facf1968013aacc2,20,0.5636146038770675,0.5567018091678619,0.5473218560218811,0.6037896871566772
book_facfe03acb171219,20,0.45925851762294767,0.464274138212204,0.4278162717819214,0.5192573070526123
book_fad7a37700a40d7e,20,0.3380626603960991,0.3307892680168152,0.3117292523384094,0.4117715358734131
book_fb030ca2d10f0bf8,20,0.42464075088500974,0.4208826422691345,0.3967425227165222,0.5063499212265015
book_fb4d52f514dc2fec,20,0.5435531854629516,0.5155826210975647,0.4923608899116516,0.8352937698364258
book_fb5594adfb531bd9,20,0.5299847155809403,0.5142534077167511,0.49815917015075684,0.6640473008155823
book_fb72466f64680a19,20,0.3901626780629158,0.34884853661060333,0.32112938165664673,0.713456392288208
book_fb884a94b470f9fe,20,0.580050440132618,0.5881836414337158,0.457187294960022,0.7168818116188049
book_fb8f6b8750793385,20,0.6192868739366532,0.613791435956955,0.5867289304733276,0.6894760131835938
book_fba354572fff5299,20,0.6445763751864433,0.6465396583080292,0.4965628683567047,0.7980215549468994
book_fbac83e321e3a835,20,0.57598657310009,0.5636745989322662,0.5462971329689026,0.6677926778793335
book_fbb3122b8820f84d,20,0.49208844602108004,0.4932624399662018,0.4172702729701996,0.65138840675354
book_fbc15cc29f20135a,20,0.5314023941755295,0.5221219062805176,0.48248305916786194,0.6294382810592651
book_fbf77709caf9a856,20,0.5015076711773873,0.4987029731273651,0.4794706702232361,0.5497643947601318
book_fc0087a491ac9770,20,0.5695406198501587,0.5608002841472626,0.5361149311065674,0.616036057472229
book_fc073a3ba62202c8,20,0.5271312147378922,0.5187042951583862,0.5093359351158142,0.5701183080673218
book_fc1daee2cd2c00ac,20,0.43595542311668395,0.39366015791893005,0.3729073405265808,0.6781910061836243
book_fc376fc50de68fa3,20,0.5681776136159897,0.565374344587326,0.5446567535400391,0.6076400279998779
book_fc46472055a46ba8,20,0.4604629874229431,0.4494662433862686,0.44056379795074463,0.560957133769989
book_fc6cae61b7d4aa6d,20,0.5795569390058517,0.5751237273216248,0.5665607452392578,0.6023058295249939
book_fc733c471cd80711,20,0.5277158677577972,0.5172789692878723,0.5021916627883911,0.611395001411438
book_fcb5009c9dbc9f48,20,0.4878685504198074,0.48693618178367615,0.46333441138267517,0.5236338376998901
book_fcbda62072229724,20,0.5763235777616501,0.5781189203262329,0.5516648888587952,0.6155588030815125
book_fcd7efe8a11d30ca,20,0.5538107126951217,0.5494379997253418,0.5382102131843567,0.6040631532669067
book_fce228a5dfac64f9,20,0.5052186757326126,0.46756622195243835,0.44279295206069946,0.7616864442825317
book_fcefba4f3f4ef78f,20,0.5621908456087112,0.5574809312820435,0.519481897354126,0.6290791034698486
book_fd01f7a5f06030e1,20,0.6358753144741058,0.625681459903717,0.586810827255249,0.7372598648071289
book_fd070e3248eb0463,20,0.7343982815742492,0.7329176664352417,0.7198906540870667,0.7596858739852905
book_fd18c4282c414b34,20,0.6199062168598175,0.60771644115448,0.588729739189148,0.7418515086174011
book_fd1c95f8ca792f62,20,0.5560550346970559,0.5636699795722961,0.44273650646209717,0.7026994228363037
book_fd31f3b781fd685b,20,0.5683003783226013,0.5618436634540558,0.5386411547660828,0.64866703748703
book_fd48e404e74c05e7,20,0.5408987402915955,0.5365046560764313,0.5217118263244629,0.5715467929840088
book_fd4e9ffd662f4f01,20,0.48637275099754335,0.474953755736351,0.4454679489135742,0.5753374099731445
book_fd5bc50874463491,20,0.49612525552511216,0.4806087613105774,0.4562818109989166,0.7841977477073669
book_fd6b777973e5b65f,20,0.5201678365468979,0.5065680146217346,0.49243009090423584,0.6480240821838379
book_fd85fd77ef6c61d9,20,0.554969248175621,0.5554183125495911,0.5223826169967651,0.6477749347686768
book_fd97e118bee83341,20,0.5125621140003205,0.5116830170154572,0.48795953392982483,0.5621468424797058
book_fd998cab9c734f7c,20,0.45818723887205126,0.426828995347023,0.40942442417144775,0.6984405517578125
book_fda1d2544ec6fc66,20,0.48960484117269515,0.4850030690431595,0.4657225012779236,0.5383722186088562
book_fda68e2a2611d41c,20,0.5542245954275131,0.5406023263931274,0.5240442156791687,0.6502687931060791
book_fdd4f7fcf294e508,20,0.5948811680078506,0.5890673696994781,0.5676443576812744,0.6564885377883911
book_fe0444d6bb43a582,20,0.5994259059429169,0.5917180776596069,0.5775647759437561,0.6337834596633911
book_fe1bd171a1b0bfce,20,0.5218318700790405,0.5199107229709625,0.4905836284160614,0.5829200744628906
book_fe23b12e80870181,20,0.5285852134227753,0.517165869474411,0.5104382038116455,0.5950741171836853
book_fe271002e712c165,20,0.5131579369306565,0.5051701962947845,0.49289602041244507,0.5855549573898315
book_fe29d627ab344e1e,20,0.4216609910130501,0.4090682864189148,0.39722466468811035,0.49818432331085205
book_fe524b384b00ec6a,20,0.5709564417600632,0.5396304726600647,0.5042517781257629,0.7721757292747498
book_fe59826cb86b5599,20,0.5255347967147828,0.5201970040798187,0.49769002199172974,0.6029493808746338
book_fe60fc916dec7731,20,0.5797965139150619,0.5735278427600861,0.5672159194946289,0.6534466743469238
book_fe865f6a654b1b8f,20,0.5212907418608665,0.5197314023971558,0.4903322160243988,0.56843101978302
book_fe88df5ec0418631,20,0.52815360724926,0.5225156247615814,0.5023818016052246,0.5717329978942871
book_fe9f9d1439d45180,20,0.5409258872270584,0.5365280508995056,0.5153529047966003,0.5787453651428223
book_feb10b5221403492,20,0.4684473261237144,0.4668657183647156,0.42065301537513733,0.5377151966094971
book_fedcd58f6884e72e,20,0.5844821572303772,0.5618822574615479,0.5512849688529968,0.7123961448669434
book_ff019b50cb15978f,20,0.49402506947517394,0.48606283962726593,0.4770197868347168,0.5437735319137573
book_ff08df7b422e7774,20,0.6553358465433121,0.6469501256942749,0.558193564414978,0.7908940315246582
book_ff0cdcc23d5a53ce,20,0.4750374689698219,0.47236886620521545,0.4555240571498871,0.5219478607177734
book_ff2f12d3c5064742,20,0.4788557529449463,0.47082391381263733,0.4489854574203491,0.5519224405288696
book_ff48557ac4e563c5,20,0.5795825600624085,0.5716292262077332,0.5522558689117432,0.6256417036056519
book_ff57e2bc4276469a,20,0.5709248393774032,0.5517692565917969,0.5393327474594116,0.80190110206604
book_ff602d33e490bb6b,20,0.5216516375541687,0.5142001211643219,0.4999634623527527,0.6186412572860718
book_ff676584e235bf78,20,0.5584164530038833,0.5538530349731445,0.5400358438491821,0.6168263554573059
book_ff6daf75d7c7a01e,20,0.4727305069565773,0.4636072367429733,0.44378408789634705,0.6283582448959351
book_ff7c0c0871d210ec,20,0.5317805796861649,0.5185770988464355,0.5113147497177124,0.586919903755188
book_ff8ba1f8044283d0,20,0.5715745508670806,0.5653080344200134,0.5501266717910767,0.6312633156776428
book_ffab2db1886b00a9,20,0.39683968871831893,0.38755929470062256,0.37038251757621765,0.432745099067688
book_ffb370a2c82c22ee,20,0.49238015413284303,0.4878533184528351,0.471645712852478,0.5348780155181885
book_ffb3cae407478e01,20,0.5870366901159286,0.5840719938278198,0.565866231918335,0.6369219422340393
book_ffc5119949119f68,20,0.4459044963121414,0.43203411996364594,0.41780534386634827,0.5671261548995972
book_ffc60b591048015e,20,0.5391161650419235,0.5373204350471497,0.5121405124664307,0.5810366868972778
book_ffcecf6a1c1fc10c,20,0.506715726852417,0.5006591379642487,0.48562678694725037,0.5806576609611511
book_fff58dce5e8a3f88,20,0.587687361240387,0.5804957449436188,0.5651178359985352,0.6369937658309937
book_fffcebdb7e40bd4d,20,0.4625792637467384,0.4411391019821167,0.416995644569397,0.7690538167953491
