canonical_book_id,title,author,identity_method,identity_confidence,has_work_id,description_words,subject_count,subject_people_count,subject_places_count,subject_times_count,semantic_field_count
book_41a8258e3828bdce,"House of Earth and Blood (Crescent City, #1)",Sarah J. Maas,openlibrary_work,high,True,188,14,2,1,0,4
book_0e6b9c5b22406186,Nettle & Bone,T. Kingfisher,openlibrary_work,high,True,129,8,0,0,0,2
book_9425f40f3ed52a0d,"Insatiable (The Edge of Darkness, #1)",Leigh Rivers,openlibrary_work,high,True,120,18,2,0,0,3
book_4b06783b0dc84876,"Burn of the Everflame (Kindred's Curse, #4)",Penn Cole,openlibrary_work,high,True,102,0,0,0,0,1
book_9ba69a443c7383a4,"The Knave and the Moon  (The Stonewater Kingdom, #2)",Rachel Gillig,openlibrary_work,high,True,165,0,0,0,0,1
book_1a7081a7b1ddbdf6,"Kill for Me, Kill for You",Steve Cavanagh,openlibrary_work,high,True,142,1,0,0,1,3
book_220c6dbf3c162961,"A Touch of Darkness (Hades & Persephone, #1)",Scarlett St.  Clair,openlibrary_work,high,True,139,13,2,0,0,3
book_c33ec4db42f2af1b,"Royal Hunt (Royal Fae, #1)",Raven  Storm,openlibrary_work,high,True,155,0,0,0,0,1
book_6af3543a827d0cf8,"Between Life and Death (Between Life and Death, #1)",Jaclyn Kot,openlibrary_work,high,True,227,0,0,0,0,1
book_ca5c4a4fd8bc3895,"Vasmora (The Eating Woods, #3)",Keri Lake,title_author,medium,False,242,0,0,0,0,1
book_08edf7c3c2cfa011,"The Queen's Blade (The Broken Blade, #1)",Evelyn  Ward,title_author,medium,False,254,0,0,0,0,1
book_03c5201fae64c170,Dangerous Men (Fortune City Mafia #1),Evelyn  Ward,title_author,medium,False,143,0,0,0,0,1
book_cf59f0d729dc577c,"Tithe (Modern Faerie Tales, #1)",Holly Black,openlibrary_work,high,True,74,33,0,1,1,4
book_6f6be0f5c759c646,The September House,Carissa Orlando,openlibrary_work,high,True,233,4,0,0,0,2
book_f7cc03d4fc683c55,"The Knight and the Moth (The Stonewater Kingdom, #1)",Rachel Gillig,openlibrary_work,high,True,176,1,0,0,0,2
book_d8b346d31467ad19,Spread Me,Sarah Gailey,openlibrary_work,high,True,178,0,0,0,0,1
book_90f4824e2b24783c,"Her Majesty's Royal Coven (Her Majesty's Royal Coven, #1)",Juno  Dawson,openlibrary_work,high,True,283,0,0,0,0,1
book_be51f1878d5a85b7,Salt: A World History,Mark Kurlansky,openlibrary_work,high,True,77,11,0,0,0,2
book_7405085f44c50587,At Home: A Short History of Private Life,Bill  Bryson,openlibrary_work,high,True,157,112,179,18,10,5
book_67d53299feaeb106,"Glow of the Everflame (Kindred's Curse, #2)",Penn Cole,openlibrary_work,high,True,292,3,2,1,0,4
book_a7767e1adf07d916,"Heat of the Everflame (Kindred's Curse, #3)",Penn Cole,openlibrary_work,high,True,288,3,2,1,0,4
book_4df37b1bdce2e151,The Five-Star Weekend,Elin Hilderbrand,openlibrary_work,high,True,287,0,0,0,0,1
book_b46bfd143e982f62,The One That Got Away,Simon Wood,openlibrary_work,high,True,158,0,0,0,0,1
book_219d93d4142f9fec,The Illustrated Man,Ray Bradbury,openlibrary_work,high,True,410,19,0,0,0,2
book_f09e45c488ca960a,"The Gray Man (Gray Man, #1)",Mark Greaney,openlibrary_work,high,True,116,6,0,0,0,2
book_d9be51a80aac9769,"King of Flesh & Bone (The Pale Court, #1)",Liv Zander,openlibrary_work,high,True,195,2,0,0,0,2
book_facbb33c3a110022,"Queen of Rot & Pain (The Pale Court, #2)",Liv Zander,openlibrary_work,high,True,159,2,0,0,0,2
book_298d4b8d70daf3a1,"Spark of the Everflame (Kindred's Curse, #1)",Penn Cole,openlibrary_work,high,True,183,3,2,1,0,4
book_fd5bc50874463491,"Golden Son (Red Rising Saga, #2)",Pierce Brown,openlibrary_work,high,True,186,15,0,0,0,2
book_8121f75479b6ea4e,The Wicker Husband,Ursula  Wills,title_author,medium,False,56,0,0,0,0,1
book_c296d401243db765,"Carl's Doomsday Scenario (Dungeon Crawler Carl, #2)",Matt Dinniman,openlibrary_work,high,True,125,3,0,0,0,2
book_9a6e3f97384a91ca,"Red Rising (Red Rising Saga, #1)",Pierce Brown,openlibrary_work,high,True,195,13,4,4,1,5
book_5d28f23ea5e6f131,A Woman of No Importance: The Untold Story of the American Spy Who Helped Win World War II,Sonia Purnell,isbn,high,False,287,0,0,0,0,1
book_ca6482d46f0e7b10,"Holy Bible, New King James Version",Anonymous,openlibrary_work,high,True,154,0,0,0,0,1
book_5bbefa0ae5151761,"Lord, Teach Us To Pray",Andrew Murray,openlibrary_work,high,True,50,0,0,0,0,1
book_80e8c1db6da5ebbd,"Leather & Lark (Ruinous Love, #2)",Brynne Weaver,openlibrary_work,high,True,327,2,0,0,0,2
book_255a1d3e00479766,"The Housemaid is Watching (The Housemaid, #3)",Freida McFadden,openlibrary_work,high,True,305,15,8,0,1,4
book_b5f311e829de6747,"The Christmas Tree Farm (Dream Harbor, #3)",Laurie Gilmore,openlibrary_work,high,True,145,9,0,0,0,2
book_d742f7a26d4c72d9,"The Cinnamon Bun Book Store (Dream Harbor, #2)",Laurie Gilmore,openlibrary_work,high,True,165,9,0,0,0,2
book_97cb34d4c326268e,"The Pumpkin Spice Café (Dream Harbor, #1)",Laurie Gilmore,openlibrary_work,high,True,182,9,0,0,0,2
book_265354e89b986aeb,"The Housemaid's Wedding (The Housemaid, #2.5)",Freida McFadden,openlibrary_work,high,True,145,15,3,0,1,4
book_d8234f7cd8bd0504,"Shadows So Cruel (Court of Ravens, #2)",Liv Zander,openlibrary_work,high,True,52,13,0,0,0,2
book_03a0bf98fe8633bf,And So The Breaking Begins (Mindbreaker Duet #1; An Age of War and Prophecy #3),Lacey Lehotzky,title_author,medium,False,302,0,0,0,0,1
book_b52ee3a0dc9985c2,"Nightshade (Nightshade, #1)",Keri Lake,openlibrary_work,high,True,235,0,0,0,0,1
book_ed64709bdc8c63d0,Horns of Wicked Ebony (Deathcaller Duet #2; An Age of War and Prophecy #2),Lacey Lehotzky,title_author,medium,False,242,0,0,0,0,1
book_f27c6e2e5c7634e5,"The Jasad Heir (The Scorched Throne, #1)",Sara  Hashem,openlibrary_work,high,True,206,1,0,0,0,2
book_46736ead33d8d980,"The Housemaid (The Housemaid, #1)",Freida McFadden,openlibrary_work,high,True,172,15,6,0,1,4
book_8af02659a8dbce5d,"The Housemaid's Secret (The Housemaid, #2)",Freida McFadden,openlibrary_work,high,True,208,13,4,0,1,4
book_9549d11ab01e88d8,"Haunting Adeline (Cat and Mouse, #1)",H.D. Carlton,openlibrary_work,high,True,122,17,2,0,0,3
book_7224837f12d1492e,"Butcher & Blackbird (The Ruinous Love Trilogy, #1)",Brynne Weaver,openlibrary_work,high,True,177,2,0,0,0,2
book_1c170ff2c52adf3e,"Rites of the Starling (Shield of Sparrows, #2)",Devney Perry,openlibrary_work,high,True,226,9,0,0,0,2
book_2161ccd9d4f3052d,Trad Wife,Saratoga Schaefer,openlibrary_work,high,True,242,4,0,0,0,2
book_fedcd58f6884e72e,"Kingdom of Claw (The Ashen, #2)",Demi Winters,openlibrary_work,high,True,251,0,0,0,0,1
book_08ba5238bd7c4ab2,"Dawn of the North (The Ashen, #3)",Demi Winters,openlibrary_work,high,True,206,0,0,0,0,1
book_78475b642d873df3,"Apprentice to the Villain (Assistant to the Villain, #2)",Hannah Nicole Maehrer,openlibrary_work,high,True,195,16,1,1,0,4
book_d6d0c925d5d8d17c,"Roots of Darkness (The Ashen, #2.5)",Demi Winters,openlibrary_work,high,True,303,0,0,0,0,1
book_d8cf3f4d55577bff,"Dungeon Crawler Carl (Dungeon Crawler Carl, #1)",Matt Dinniman,openlibrary_work,high,True,250,3,0,0,0,2
book_76771628360ec535,Synodic,Kristin Travis,openlibrary_work,high,True,234,2,0,0,0,2
book_989353140568bae3,"All Your Bloody Lies (The Filthy Duet, #1)",M.L. Burns,title_author,medium,False,112,0,0,0,0,1
book_aeea12a5073462e4,"Bonded by Thorns (Beasts of the Briar, #1)",Elizabeth Helen,openlibrary_work,high,True,282,0,0,0,0,1
book_129506c075304529,"The Chalice of the Gods (Percy Jackson and the Olympians: The Senior Year Adventures, #1)",Rick Riordan,openlibrary_work,high,True,197,6,0,0,1,3
book_df4a1a11fe04f0ff,"The Road of Bones (The Ashen, #1)",Demi Winters,openlibrary_work,high,True,207,0,0,0,0,1
book_5e1af1ccdc0108ef,"Assassin's Apprentice (Farseer Trilogy, #1)",Robin Hobb,openlibrary_work,high,True,200,18,0,0,0,2
book_2284d8be6bfbac6b,"Empire of the Vampire (Empire of the Vampire, #1)",Jay Kristoff,openlibrary_work,high,True,187,12,0,0,0,2
book_1603e89892336d3b,"A ​Court of Silver Flames (A Court of Thorns and Roses, #5)",Sarah J. Maas,openlibrary_work,high,True,218,19,5,1,0,4
book_322e577fc5e5f968,Theo of Golden,Allen  Levi,openlibrary_work,high,True,138,1,0,0,0,2
book_91e44bb0177c5997,The Code of You,Sabrina Hoffmann,isbn,high,False,234,0,0,0,0,1
book_b5efd02a62ce5fa3,How to Kill a Witch: The Patriarchy's Guide to Silencing Women,Zoe Venditozzi,openlibrary_work,high,True,267,0,0,0,0,1
book_2a9c2841365db29b,A Stage Set for Villains,Shannon J. Spann,openlibrary_work,high,True,244,0,0,0,0,1
book_8ea0c37192317a9c,"Mate (Bride, #2)",Ali Hazelwood,openlibrary_work,high,True,162,1,0,0,0,2
book_f1102e42f55fe09e,"Half City (Harker Academy, #1)",Kate  Golden,openlibrary_work,high,True,223,0,0,0,0,1
book_502bd7950f428739,"Daggermouth (The Heart, #1)",H.M.  Wolfe,openlibrary_work,high,True,312,0,0,0,0,1
book_5e00cf45e77cbc9e,How to Kill a Guy in Ten Dates,Shailee Thompson,openlibrary_work,high,True,266,7,0,0,0,2
book_0225afe291da9adf,Women of a Promiscuous Nature,Donna Everhart,openlibrary_work,high,True,278,0,0,0,0,1
book_3c713f7ce8209844,"Hyperion (Hyperion Cantos, #1)",Dan Simmons,openlibrary_work,high,True,113,26,0,0,0,2
book_71ef049a203b81e9,"A Court of Frost and Starlight (A Court of Thorns and Roses, #4)",Sarah J. Maas,openlibrary_work,high,True,128,22,2,1,0,4
book_a79db0c0411f5859,"Crown Me Yours (Heartstring Duet, #2)",Liv Zander,openlibrary_work,high,True,184,3,0,0,0,2
book_8af39c8f41ee0de1,"Crown Me Dead (Heartstring Duet, #1)",Liv Zander,openlibrary_work,high,True,146,2,0,0,0,2
book_4e2a8cd7ba583f0e,"A Heart of Desire and Deceit (The Choosing Chronicles, #2)",Elayna R. Gallea,isbn,high,False,179,0,0,0,0,1
book_db91a09cc9ae6ccc,"A Curse of Stars and Storms (The Choosing Chronicles, #3)",Elayna R. Gallea,isbn,high,False,245,0,0,0,0,1
book_f5d842809a480176,"A Game of Love and Betrayal (The Choosing Chronicles, #1)",Elayna R. Gallea,isbn,high,False,175,0,0,0,0,1
book_8a6d199715e0c78a,"Because I Killed Him (The Nine Gentlemen, #1)",Edith Birde,openlibrary_work,high,True,259,0,0,0,0,1
book_620da205f9b1590b,The Starving Saints,Caitlin  Starling,openlibrary_work,high,True,259,0,0,0,0,1
book_06ebe0d942dd7129,The Keyhole,Gigi Styx,title_author,medium,False,130,0,0,0,0,1
book_db35d68f55a0a0e3,"I Will Break You (Pen Pals Duet, #1)",Gigi Styx,openlibrary_work,high,True,205,10,0,0,0,2
book_d77ca18c138bb848,"Shield of Sparrows (Shield of Sparrows, #1)",Devney Perry,openlibrary_work,high,True,208,8,0,0,0,2
book_89d945fe64f3d937,"Kingdom of Ash (Throne of Glass, #7)",Sarah J. Maas,openlibrary_work,high,True,147,14,5,2,0,4
book_23f40b964a7ef9a5,"Dead of Night (Thorne Hill, #1)",Emily Goodwin,openlibrary_work,high,True,145,4,3,1,0,4
book_01f9f25ee59f3fa2,Where the Dead Wait,Ally Wilkes,openlibrary_work,high,True,155,0,0,0,0,1
book_5dde58c1d2cee90b,"Tower of Dawn (Throne of Glass, #6)",Sarah J. Maas,openlibrary_work,high,True,205,18,4,1,0,4
book_9af09e7d1785b5cd,"Psycho Shifters (Cruel Shifterverse, #1)",Jasmine Mas,openlibrary_work,high,True,136,2,0,0,0,2
book_43d6a936179e0c54,"Trial of the Sun Queen (Artefacts of Ouranos, #1)",Nisha J. Tuli,openlibrary_work,high,True,158,1,0,0,0,2
book_72a1ed24c8435d32,"When the Moon Hatched (Moonfall, #1)",Sarah A. Parker,openlibrary_work,high,True,275,9,0,0,0,2
book_ce5b1dacb41ccf4e,"Fearless (The Powerless Trilogy, #3)",Lauren  Roberts,openlibrary_work,high,True,144,4,0,0,0,2
book_77bdf22d5e1bd9b1,"Empire of Storms (Throne of Glass, #5)",Sarah J. Maas,openlibrary_work,high,True,166,23,0,0,0,2
book_a8f16e48461f58b6,"Moon Called (Mercy Thompson, #1)",Patricia Briggs,openlibrary_work,high,True,98,18,4,2,1,5
book_6b172b4561ad78ff,"Magic Bites (Kate Daniels, #1)",Ilona Andrews,openlibrary_work,high,True,179,4,0,0,0,2
book_7305e25cd7a9ba8d,"Queen of Shadows (Throne of Glass, #4)",Sarah J. Maas,openlibrary_work,high,True,124,23,6,1,0,4
book_8ff956ac6c74726e,Wife Shaped Bodies,Laura Cranehill,isbn,high,False,257,0,0,0,0,1
book_7162f5988c8f71b3,"All Systems Red (The Murderbot Diaries, #1)",Martha Wells,openlibrary_work,high,True,157,11,1,0,0,3
book_e442b4d390aa7bef,Murder Bot: The Novel: A Thriller Where the Story Wrote Itself Murder Followed By Sugar Gay Isber McMillan (Talk to Your Tools™ A Series on Working with Chat Bots),Sugar Gay Isber McMillan,isbn,high,False,484,0,0,0,0,1
book_3327dd975a204ad1,The Warded Man (Demon Cycle #1),Peter V. Brett,openlibrary_work,high,True,137,6,0,0,0,2
book_a302d28d8b3d5bc3,"Heir of Fire (Throne of Glass, #3)",Sarah J. Maas,openlibrary_work,high,True,79,19,0,0,0,2
book_1af9b4f4231bd867,"The Assassin's Blade (Throne of Glass, #0.1-0.5)",Sarah J. Maas,openlibrary_work,high,True,192,7,6,4,0,4
book_ad6bf828c126ed15,Murderbot Diaries Collection Complete Hardcover Series Set (The Murderbot Diaries #1-6),Martha Wells,openlibrary_work,high,True,153,1,0,0,0,2
book_ce21a668fb994a22,End of the Forest (Fae and Shadow #1),Zora Fox,openlibrary_work,high,True,172,2,0,0,0,2
book_e70db38fca5ab4e2,When the Tides Held the Moon,Venessa Vida Kelley,openlibrary_work,high,True,188,11,1,1,0,4
book_d1ca1e362ac53853,"Blood Bound (Cursed Covenant, #1)",Ellis Hunter,isbn,high,False,269,0,0,0,0,1
book_d89052e4e6544ad3,"The Exorcism of Faeries (Morbid Realities, #1)",J.L. Vampa,title_author,medium,False,234,0,0,0,0,1
book_c2f67f099c04f8f8,"Crown of Midnight (Throne of Glass, #2)",Sarah J. Maas,openlibrary_work,high,True,215,16,6,1,0,4
book_d0a25ed0805c817b,The Drowning Woman,Robyn Harding,openlibrary_work,high,True,246,0,0,0,0,1
book_c33785a071acac50,"Kingdom of the Wicked (Kingdom of the Wicked, #1)",Kerri Maniscalco,openlibrary_work,high,True,141,5,0,0,0,2
book_47c06284d50da265,"Land of Wolves: Revelations (Land of Wolves, #1)",Invi Wright,title_author,medium,False,156,0,0,0,0,1
book_ac62a8b976291a6a,"The Midnight Train (The Midnight World, #2)",Matt Haig,openlibrary_work,high,True,97,0,0,0,0,1
book_78f9698ad059050a,"The Midnight Library (The Midnight World, #1)",Matt Haig,openlibrary_work,high,True,132,21,0,0,0,2
book_313e255ec78171f1,"Throne of Glass (Throne of Glass, #1)",Sarah J. Maas,openlibrary_work,high,True,129,38,3,1,1,5
book_bbfbd0973119b896,City of Iron and Ivy,Thomas Kent West,isbn,high,False,192,0,0,0,0,1
book_88321317b4aeb354,"The Wicked Sea (The Wicked Sea, #1)",Jordan Stephanie Gray,isbn,high,False,228,0,0,0,0,1
book_c93460e7401f98f4,"Long Live (The Elementals of Iona, #1)",V.B. Lacey,title_author,medium,False,197,0,0,0,0,1
book_01fafad9722e5eef,"Feathers So Vicious (Court of Ravens, #1)",Liv Zander,openlibrary_work,high,True,235,13,0,0,0,2
book_d3ffc76867e34f9f,"A Soul to Keep (Duskwalker Brides, #1)",Opal Reyne,openlibrary_work,high,True,189,0,0,0,0,1
book_0cc858cd618e0ee3,Court of Heathens (Courts and Kings #4),K.A. Knight,openlibrary_work,high,True,138,0,0,0,0,1
book_d423bf6007e061df,"Marked by Masks and Secrets (Everlasting Possession, #1)",Maggie Sunseri,openlibrary_work,high,True,239,1,0,0,0,2
book_fa8918a506603e50,"Poison Study (Study, #1)",Maria V. Snyder,openlibrary_work,high,True,121,10,0,0,0,2
book_d5def60f5f30f6b6,"Shadow Study (Soulfinders, #1; Study, #4)",Maria V. Snyder,openlibrary_work,high,True,115,1,0,0,0,2
book_3190057ac1454e0f,Conform (The Conform Series),Ariel Sullivan,openlibrary_work,high,True,302,0,0,0,0,1
book_0b912917cca649de,"A Forbidden Alchemy (The Artisan Trilogy, #1)",Stacey McEwan,openlibrary_work,high,True,184,0,0,0,0,1
book_897304c6071a156f,"Game On (Into Darkness, #3)",Navessa Allen,openlibrary_work,high,True,270,21,2,0,0,3
book_6ad2d658c8c96c8d,"Caught Up (Into Darkness, #2)",Navessa Allen,openlibrary_work,high,True,233,10,2,0,0,3
book_77d176cc90c0bc53,Wish (Onyx Mist #1),Sara  Flanagan,isbn,high,False,243,0,0,0,0,1
book_e4d42e9f6736dbab,"Never Keep (Sins of the Zodiac, #1)",Caroline Peckham,openlibrary_work,high,True,253,0,0,0,0,1
book_874aa6745537d33f,"Brimstone (Fae & Alchemy, #2)",Callie Hart,openlibrary_work,high,True,231,1,0,0,0,2
book_c755289b79be6865,"Rose in Chains (The Evermore Trilogy, #1)",Julie  Soto,openlibrary_work,high,True,284,0,0,0,0,1
book_b534066e96b7ead0,"Alchemy of Secrets (Alchemy of Secrets, #1)",Stephanie Garber,openlibrary_work,high,True,183,1,0,0,0,2
book_85492c05de7c62b3,"Hooked (Never After, #1)",Emily McIntire,openlibrary_work,high,True,225,5,0,1,0,3
book_711d90ab7c47b439,"Her Soul to Take (Souls Trilogy, #1)",Harley Laroux,openlibrary_work,high,True,178,27,0,0,0,2
book_41b73577d65202e1,"Blood Orange (The Dracula Duet, #1)",Karina Halle,openlibrary_work,high,True,262,0,0,0,0,1
book_d23aac60fe2565c9,The Library of Babel,Jorge Luis Borges,openlibrary_work,high,True,39,2,0,0,0,2
book_1d17186c4b14edf2,A Short Stay in Hell,Steven L. Peck,openlibrary_work,high,True,107,2,0,0,0,2
book_9b7e9310c31df95b,"A Court of Wings and Ruin (A Court of Thorns and Roses, #3)",Sarah J. Maas,openlibrary_work,high,True,175,19,8,1,0,4
book_e43c16396a52a705,"A Court of Mist and Fury (A Court of Thorns and Roses, #2)",Sarah J. Maas,openlibrary_work,high,True,193,25,10,1,0,4
book_0d297a7510cce2ab,"Anathema (The Eating Woods, #1)",Keri Lake,openlibrary_work,high,True,289,0,0,0,0,1
book_0c5332017a5ef7ef,"A Court of Thorns and Roses (A Court of Thorns and Roses, #1)",Sarah J. Maas,openlibrary_work,high,True,148,36,7,1,0,4
book_6822efd68ae9430a,Good Inside: A Guide to Becoming the Parent You Want to Be,Becky   Kennedy,openlibrary_work,high,True,318,1,0,0,0,2
book_4eaa815d54e94b05,"For Whom the Belle Tolls (Hell's Belles, #1)",Jaysea Lynn,openlibrary_work,high,True,182,3,0,0,0,2
book_7f347537331fdefe,"Nocticadia (Nocticadia, #1)",Keri Lake,openlibrary_work,high,True,233,2,0,0,0,2
book_fabd28b25298febf,The Poet Empress,Shen Tao,title_author,medium,False,219,0,0,0,0,1
book_d561215712081648,The Unmaking of June Farrow,Adrienne Young,openlibrary_work,high,True,249,2,0,0,0,2
book_63cd4d4351e2539b,The Poison Daughter,Sheila Masterson,openlibrary_work,high,True,247,0,0,0,0,1
book_9e37408b82798f63,"The Wolf and the Crown of Blood (The Broken Accords, #1)",Elizabeth        May,openlibrary_work,high,True,229,0,0,0,0,1
book_180491689f6c4bed,"Lights Out (Into Darkness, #1)",Navessa Allen,openlibrary_work,high,True,341,27,2,1,0,4
book_bab6a2968202172b,"Two Twisted Crowns (The Shepherd King, #2)",Rachel Gillig,openlibrary_work,high,True,121,3,0,0,0,2
book_11b715f44c6fccb5,"Gild (The Plated Prisoner, #1)",Raven Kennedy,openlibrary_work,high,True,248,0,0,0,0,1
book_509879d935a4db51,"Quicksilver (Fae & Alchemy, #1)",Callie Hart,openlibrary_work,high,True,310,3,0,0,0,2
book_a00b62a951332064,They Never Learn,Layne Fargo,openlibrary_work,high,True,259,25,0,0,0,2
book_4387560b1141d752,"First-Time Caller (Heartstrings, #1)",B.K. Borison,openlibrary_work,high,True,172,9,5,0,0,3
book_25ae26dbf140e69f,"And Now, Back to You (Heartstrings, #2)",B.K. Borison,openlibrary_work,high,True,169,0,0,0,0,1
book_0a92c6fc8bd5b5ab,A Dowry of Blood,S.T. Gibson,openlibrary_work,high,True,137,20,0,1,1,4
book_8ac4a57d2ae9dfca,"Eyes of Devious Burgundy (Deathcaller Duet, #1; An Age of War and Prophecy #1)",Lacey Lehotzky,openlibrary_work,high,True,357,2,0,0,0,2
book_604baa7d79c8ca6b,Deerskin,Robin McKinley,openlibrary_work,high,True,125,13,0,0,0,2
book_879a9bf1007aaddb,Spindle's End,Robin McKinley,openlibrary_work,high,True,65,11,0,0,0,2
book_188b9d311be68ff9,Sunshine,Robin McKinley,openlibrary_work,high,True,49,13,0,0,0,2
book_d932d7fe8140c685,"The Hero and the Crown (Damar, #2)",Robin McKinley,openlibrary_work,high,True,111,26,1,0,0,3
book_d738a5470034d4c8,"The Blue Sword (Damar, #1)",Robin McKinley,openlibrary_work,high,True,78,24,9,2,0,4
book_91c2e938d4b6cbd2,"Binding 13 (Boys of Tommen, #1)",Chloe Walsh,openlibrary_work,high,True,207,1,0,0,0,2
book_79a380ff5b4cc846,Blood Over Bright Haven,M.L. Wang,openlibrary_work,high,True,349,12,0,0,0,2
book_fdd4f7fcf294e508,"The Female (The Female, #1)",Invi Wright,openlibrary_work,high,True,151,2,0,0,0,2
book_cfb529df7418b7c9,"Phantasma (Wicked Games, #1)",Kaylie Smith,openlibrary_work,high,True,193,10,3,1,0,4
book_a182ab6c4b0fc5df,"Slaying the Vampire Conqueror (Crowns of Nyaxia, #2.5)",Carissa Broadbent,openlibrary_work,high,True,213,9,0,0,0,2
book_1d43a7ce036090da,Our Vicious Oaths,N.E. Davenport,openlibrary_work,high,True,309,0,0,0,0,1
book_d14fa6eafac0a260,The Sacred Space Between,Kalie Reid,openlibrary_work,high,True,207,0,0,0,0,1
book_cc4d0bb38988c178,"Malice (The Faithful and the Fallen, #1)",John Gwynne,openlibrary_work,high,True,152,10,0,0,0,2
book_4947be7238bdb5d8,"Gideon the Ninth (The Locked Tomb, #1)",Tamsyn Muir,openlibrary_work,high,True,158,17,6,2,1,5
book_68e30d4a5794fbe7,Into the Water,Paula Hawkins,openlibrary_work,high,True,200,38,0,1,0,3
book_955bacdb82a7e521,The Formula: The Universal Laws of Success,Albert-László Barabási,openlibrary_work,high,True,211,2,0,0,0,2
book_2f4cd50d1d638bcc,Network Science,Albert-László Barabási,openlibrary_work,high,True,149,2,0,0,0,2
book_3e31ef193d231bc9,"Networks, Crowds, and Markets: Reasoning about a Highly Connected World",David Easley,openlibrary_work,high,True,151,3,0,0,0,2
book_ff57e2bc4276469a,"One Dark Window (The Shepherd King, #1)",Rachel Gillig,openlibrary_work,high,True,204,2,0,0,0,2
book_a5af3329593d0e1f,"Dire Bound (The Wolves of Ruin, #1)",Sable Sorensen,openlibrary_work,high,True,429,3,0,0,0,2
book_23085680ac1623cc,"Tress of the Emerald Sea (Hoid's Travails, #1)",Brandon Sanderson,openlibrary_work,high,True,136,8,0,0,0,2
book_9fbfd52ea619da84,People We Meet on Vacation,Emily Henry,openlibrary_work,high,True,120,5,0,0,0,2
book_8a5f464d06acf324,Project Hail Mary,Andy Weir,openlibrary_work,high,True,146,25,3,10,0,4
book_b6211d915da6d6d8,"Eldritch (The Eating Woods, #2)",Keri Lake,openlibrary_work,high,True,236,0,0,0,0,1
book_fd18c4282c414b34,"Stalked by Seduction and Shadows (Eternal Obsession, #1)",Maggie Sunseri,isbn,high,False,265,0,0,0,0,1
book_37f8be203061b51f,"The Ascended (Aesymarean Duet, #1)",Bree Grenwich,openlibrary_work,high,True,265,0,0,0,0,1
book_f172d3e1964b147c,The Witch of Colchis,Rosie Hewlett,openlibrary_work,high,True,181,0,0,0,0,1
book_227782382b6f7ccd,Psyche and Eros,Luna McNamara,openlibrary_work,high,True,272,0,0,0,0,1
book_963922ba71c3cdca,Stone Blind,Natalie Haynes,openlibrary_work,high,True,225,1,0,0,0,2
book_ad3e317705b33981,Hera,Jennifer Saint,openlibrary_work,high,True,190,0,0,0,0,1
book_70fe20aed247128e,Half Sick of Shadows,Laura Sebastian,openlibrary_work,high,True,186,1,0,0,0,2
book_63b0136726dc7eef,"The Once and Future King (The Once and Future King, #1–5)",T.H. White,openlibrary_work,high,True,58,38,2,1,0,4
book_7b53293351d8a1e5,Gwen & Art Are Not in Love,Lex Croucher,openlibrary_work,high,True,192,11,0,0,0,2
book_e8cc4bdba13bdcc7,"A Spindle Splintered (Fractured Fables, #1)",Alix E. Harrow,openlibrary_work,high,True,99,1,0,0,0,2
book_2d8315ae1726c5d4,"Daughter of the Moon Goddess (The Celestial Kingdom, #1)",Sue Lynn Tan,openlibrary_work,high,True,186,0,0,0,0,1
book_9277307114ca36ab,The Women of Artemis,Hannah M. Lynn,openlibrary_work,high,True,149,1,0,0,0,2
book_66898b4cc15196dc,"Blood of Hercules (Villains of Lore, #1)",Jasmine Mas,openlibrary_work,high,True,144,2,0,0,0,2
book_1435f6dccccd2c5e,The Shadow of Perseus,Claire Heywood,openlibrary_work,high,True,282,3,3,2,0,4
book_ce15914a8b560382,The Hymn to Dionysus,Natasha Pulley,openlibrary_work,high,True,279,13,1,4,1,5
book_4e25d4da833f55d4,"I, Medusa",Ayana Gray,openlibrary_work,high,True,231,0,0,0,0,1
book_c5244cb08c811908,"Hekate - The Witch (Goddesses of the Underworld, #1)",Nikita Gill,title_author,medium,False,227,0,0,0,0,1
book_05613c1c9d04a4f7,The Life Cycle of the Common Octopus,Emma   Knight,openlibrary_work,high,True,177,0,0,0,0,1
book_512eec1f0e386c41,Sharp Objects,Gillian Flynn,openlibrary_work,high,True,127,27,0,1,0,3
book_8f31a6915f490c54,Water for Elephants,Sara Gruen,openlibrary_work,high,True,145,40,4,1,3,5
book_17da90a18cb2fa52,"The Name of the Wind (The Kingkiller Chronicle, #1)",Patrick Rothfuss,openlibrary_work,high,True,113,55,17,3,0,4
book_833ac806de11eed7,The Song of Achilles,Madeline Miller,openlibrary_work,high,True,151,24,3,5,2,5
book_4a8048eda9f18660,Anxious People,Fredrik Backman,openlibrary_work,high,True,278,17,0,0,0,2
book_0617cd8f1d32e8f7,Piranesi,Susanna Clarke,openlibrary_work,high,True,136,10,0,0,0,2
book_ebb9c7ab3c185f7c,Remarkably Bright Creatures,Shelby Van Pelt,openlibrary_work,high,True,175,20,0,0,0,2
book_f6181fba14fa40bc,The Lion Women of Tehran,Marjan Kamali,openlibrary_work,high,True,235,0,0,0,0,1
book_70d9e0ba6444d066,Babel,R.F. Kuang,openlibrary_work,high,True,223,14,0,0,1,3
book_ac6e20ca08e53ba2,"The Dragon Republic (The Poppy War, #2)",R.F. Kuang,openlibrary_work,high,True,204,15,0,0,0,2
book_e5ed67fd4e36755f,"The Last Thing He Told Me (Hannah Hall, #1)",Laura Dave,openlibrary_work,high,True,177,19,0,0,0,2
book_d19cb17ee489858c,"Fundamentals of Being a Good Girl (Academic Affairs, #1)",Julie Murphy,isbn,high,False,147,0,0,0,0,1
book_21ab90abac59090d,Tilt,Emma Pattee,openlibrary_work,high,True,138,1,0,0,0,2
book_b69dc10ca2f32a58,"Onyx Storm (The Empyrean, #3)",Rebecca Yarros,openlibrary_work,high,True,141,11,0,0,0,2
book_89fb96b30a5389e4,"Iron Flame (The Empyrean, #2)",Rebecca Yarros,openlibrary_work,high,True,163,6,0,0,0,2
book_3f8bf5d8d168d820,"Fourth Wing (The Empyrean, #1)",Rebecca Yarros,openlibrary_work,high,True,385,13,0,0,0,2
book_8e7a268429749153,"Legends & Lattes (Legends & Lattes, #1)",Travis Baldree,openlibrary_work,high,True,130,15,0,0,0,2
book_49300cd36dca9581,"We Who Will Die (Empire of Blood, #1)",Stacia Stark,openlibrary_work,high,True,285,0,0,0,0,1
book_4659accefe58aa14,Wild Reverence,Rebecca   Ross,openlibrary_work,high,True,194,0,0,0,0,1
book_163abc1efd43912d,"In the Veins of the Drowning (The Siren Mage, #1)",Kalie Cassidy,openlibrary_work,high,True,164,0,0,0,0,1
book_d452ad414f412707,Fairydale,Veronica Lancet,openlibrary_work,high,True,276,2,0,0,0,2
book_f1369ddf028f6d5d,"Empire of Flame and Thorns (Flame and Thorns, #1)",Marion Blackwood,openlibrary_work,high,True,169,0,0,0,0,1
book_954b6240d1198588,"Kissed by the Gods (The Eternal Wars, #1)",Caty Rogan,openlibrary_work,high,True,178,2,0,0,0,2
book_8e90476e8a5a5b58,"A Dawn of Onyx (The Sacred Stones, #1)",Kate  Golden,openlibrary_work,high,True,168,12,1,0,0,3
book_08ca8d05f74d3a3d,"House of Beating Wings (The Kingdom of Crows, #1)",Olivia Wildenstein,openlibrary_work,high,True,147,2,0,0,0,2
book_2797846a6b575416,Of the Stars and Sea (A Divine Trinity #1),Brianna Remus,title_author,medium,False,228,0,0,0,0,1
book_cedb20c2b9dd31ee,"The Umbra King (Vincula Realm, #1)",Jamie Applegate Hunter,openlibrary_work,high,True,192,2,0,0,0,2
book_a7558fd8c799dfb5,"The Wolf King (The Wolf King, #1)",Lauren Palphreyman,openlibrary_work,high,True,215,1,0,0,0,2
book_7e43f906dc531695,"White Horse Black Nights (The Godkissed Bride, #1)",Evie Marceau,openlibrary_work,high,True,201,2,0,0,0,2
book_a6142314f8d9b631,"Frost (Frost and Nectar, #1)",C.N. Crawford,openlibrary_work,high,True,202,2,0,0,0,2
book_e1fe0b8eb66641aa,"Eternal Reign (Age of Vampires, #1)",Caroline Peckham,openlibrary_work,high,True,450,0,0,0,0,1
book_7a457d5b2a87ed0c,"A Tongue so Sweet and Deadly (Compelling Fates Saga, #1)",Sophia St. Germain,isbn,high,False,205,0,0,0,0,1
book_e58c019b58688058,"Lady of Darkness (Lady of Darkness, #1)",Melissa K. Roehrich,openlibrary_work,high,True,238,0,0,0,0,1
book_050cf7cd4e6203ee,"The Silversmith (The Selvaren, #1)",L.J. Claren,openlibrary_work,high,True,226,0,0,0,0,1
book_f1bfdde3019adf62,"Heartless Hunter (The Crimson Moth, #1)",Kristen Ciccarelli,openlibrary_work,high,True,226,3,0,0,0,2
book_779195f7189ab47f,"Stolen Midnights (Stolen Midnights, #1)",Katherine  Quinn,title_author,medium,False,172,0,0,0,0,1
book_19b6911ed6b7d479,"These Hollow Vows (These Hollow Vows, #1)",Lexi Ryan,openlibrary_work,high,True,190,2,0,0,0,2
book_348c386da8966512,Violet Thistlewaite Is Not a Villain Anymore,Emily Krempholtz,openlibrary_work,high,True,193,10,0,0,0,2
book_eed3b5c68b994acf,"Children of Blood and Bone (Legacy of Orïsha, #1)",Tomi Adeyemi,openlibrary_work,high,True,141,30,0,1,0,3
book_d617495db1e5b7f9,"Daughter of No Worlds (The War of Lost Hearts, #1)",Carissa Broadbent,openlibrary_work,high,True,215,10,0,0,0,2
book_e145e68c5ae69265,"The Serpent and the Wings of Night (Crowns of Nyaxia, #1)",Carissa Broadbent,openlibrary_work,high,True,224,12,0,0,0,2
book_053b5acf8eab333b,The Desert Heiress (The Seven Star Empire #1),Shoshana Rain,openlibrary_work,high,True,226,2,0,0,0,2
book_55dd786dad7c83fe,The Everlasting,Alix E. Harrow,openlibrary_work,high,True,189,1,0,0,0,2
book_9dbce02985a942b7,Alchemised,SenLinYu,openlibrary_work,high,True,221,9,1,0,0,3
book_40dafb324311372c,The Love Hypothesis,Ali Hazelwood,openlibrary_work,high,True,192,14,0,0,0,2
book_9f87db2940019435,"A Fate Inked in Blood (Saga of the Unfated, #1)",Danielle L. Jensen,openlibrary_work,high,True,239,3,0,0,0,2
book_4f9ea999bd5d3324,When Women Were Dragons,Kelly Barnhill,openlibrary_work,high,True,232,1,0,0,0,2
book_61e30a4eca8bf6af,"Garden Spells (Waverley Family, #1)",Sarah Addison Allen,openlibrary_work,high,True,304,12,0,0,0,2
book_b3a81164a91d26cd,The Keeper of Magical Things,Julie Leong,openlibrary_work,high,True,225,6,0,0,0,2
book_cc9c07d0da4d0d09,"Witchful Thinking (Elemental Love, #1)",Celestine Martin,openlibrary_work,high,True,187,1,0,0,0,2
book_f5958642d0c2e766,"Kiss and Spell (Elemental Love, #2)",Celestine Martin,openlibrary_work,high,True,165,0,0,0,0,1
book_d1b4d9be0ddef234,"In the Company of Witches (Evenfall Witches B&B, #1)",Auralee Wallace,openlibrary_work,high,True,234,0,0,0,0,1
book_c2a11b11718ed85e,A Witch's Guide to Magical Innkeeping,Sangu Mandanna,openlibrary_work,high,True,257,1,0,0,0,2
book_09f35d249b806538,"The Goblin Emperor (The Chronicles of Osreth, #1)",Katherine Addison,openlibrary_work,high,True,221,19,0,0,0,2
book_fd31f3b781fd685b,Twig's Traveling Tomes,Gryffin Murphy,openlibrary_work,high,True,248,1,0,0,0,2
book_f76857abea816ee7,House of Frank,Kay  Synclaire,openlibrary_work,high,True,227,1,0,0,0,2
book_91fdb4c138f76850,The Keeper of Lonely Spirits,E.M.   Anderson,openlibrary_work,high,True,200,0,0,0,0,1
book_93593d34a4c5c28b,"Rewitched (Selcouth, #1)",Lucy Jane Wood,openlibrary_work,high,True,172,1,0,0,0,2
book_5babbfc3bf6fcf62,"On Wings of Blood (Bloodwing Academy, #1)",Briar Boleyn,openlibrary_work,high,True,300,0,0,0,0,1
book_dd16b1826bde30e0,"The Witch Collector (Witch Walker, #1)",Charissa Weaks,openlibrary_work,high,True,218,2,0,0,0,2
book_9626d50157537ac7,"The Ever King (The Ever Seas, #1)",L.J. Andrews,title_author,medium,False,157,0,0,0,0,1
book_f295b355f2ad1087,"Avalon Tower (Fey Academy for Spies, #1)",C.N. Crawford,openlibrary_work,high,True,155,2,0,0,0,2
book_e5e9f21197460267,I Must Betray You,Ruta Sepetys,openlibrary_work,high,True,193,5,0,0,0,2
book_9fc94f30401d6055,All the Other Mothers Hate Me,Sarah  Harman,openlibrary_work,high,True,148,0,0,0,0,1
book_ba5271d17778ba06,Leviathan Wakes,James S.A. Corey,openlibrary_work,high,True,191,7,0,0,0,2
book_1e50df67b34fe212,"Foundation and Empire (Foundation, #2)",Isaac Asimov,openlibrary_work,high,True,127,17,5,0,0,3
book_c1d585ca6bcc4480,"Foundation (Foundation, #1)",Isaac Asimov,openlibrary_work,high,True,101,20,3,0,0,3
book_c84fccadf76f5d15,"Planet Adyn (Theonite, #1)",M.L. Wang,title_author,medium,False,141,0,0,0,0,1
book_47a6b994ec41014c,The Sword of Kaigen,M.L. Wang,title_author,medium,False,251,0,0,0,0,1
book_5e68ca77d73918c9,"The Burning God (The Poppy War, #3)",R.F. Kuang,openlibrary_work,high,True,171,15,0,0,0,2
book_105b4bde5891ddbb,"The Poppy War (The Poppy War, #1)",R.F. Kuang,openlibrary_work,high,True,323,14,0,0,0,2
book_35cae359263a3c26,"The Stone Sky (The Broken Earth, #3)",N.K. Jemisin,openlibrary_work,high,True,117,19,0,0,1,3
book_1a49b38f34588e14,"The Obelisk Gate (The Broken Earth, #2)",N.K. Jemisin,openlibrary_work,high,True,30,22,4,0,0,3
book_ed5fdede20ba6f28,"The Strength of the Few (Hierarchy, #2)",James Islington,openlibrary_work,high,True,171,2,0,0,0,2
book_a210090a90df2ac7,"A Kiss of Iron (Shadows of the Tenebris Court, #1)",Clare Sager,title_author,medium,False,210,0,0,0,0,1
book_d69a9d4b2ba39371,Thornhedge,T. Kingfisher,openlibrary_work,high,True,119,0,0,0,0,1
book_a55e83d5dc277dc1,Hemlock & Silver,T. Kingfisher,openlibrary_work,high,True,96,0,0,0,0,1
book_c07037c791d5e0ea,Snake-Eater,T. Kingfisher,openlibrary_work,high,True,246,0,0,0,0,1
book_cf7de9679c46c62e,A Sorceress Comes to Call,T. Kingfisher,openlibrary_work,high,True,221,2,0,0,0,2
book_49a34c489e1ddc67,"Swordheart (Swordheart, #1)",T. Kingfisher,openlibrary_work,high,True,195,0,0,0,0,1
book_81044819e64ccd02,"Paladin's Grace (The Saint of Steel, #1)",T. Kingfisher,openlibrary_work,high,True,103,2,0,0,0,2
book_086c04687d83ce24,"Smoke and Scar (Shattered Crown, #1)",Gretchen Powell Fox,openlibrary_work,high,True,177,2,0,0,0,2
book_26e80534825c9600,"The Shadow of the Gods (The Bloodsworn Saga, #1)",John Gwynne,openlibrary_work,high,True,164,1,0,0,0,2
book_a6b1b8a75d6e0a64,"Jade City (The Green Bone Saga, #1)",Fonda Lee,openlibrary_work,high,True,143,6,0,0,0,2
book_db9d523f74f9abe4,"The Adventures of Amina al-Sirafi (Amina al-Sirafi, #1)",S.A. Chakraborty,title_author,medium,False,232,0,0,0,0,1
book_235474e993c58ff0,"Broken Souls and Bones (Stonegate, #1)",L.J. Andrews,openlibrary_work,high,True,206,1,0,0,0,2
book_b45b6664e0c12db2,"The Will of the Many (Hierarchy, #1)",James Islington,openlibrary_work,high,True,267,2,0,0,0,2
book_19f1548b73261976,The Once and Future Witches,Alix E. Harrow,openlibrary_work,high,True,138,10,0,0,0,2
book_3bc4ce08c160b6cb,The Push,Ashley Audrain,openlibrary_work,high,True,226,20,0,0,0,2
book_92a0dc085495b6dc,My Husband,Maud Ventura,openlibrary_work,high,True,238,0,0,0,0,1
book_79e0004998728910,Something in the Water,Catherine Steadman,openlibrary_work,high,True,188,9,0,1,0,3
book_9c3563e3625c39ee,The Bungalow,Sarah Jio,openlibrary_work,high,True,155,12,0,3,0,3
book_77284fd53074afb6,Playground,Richard Powers,openlibrary_work,high,True,210,0,0,0,0,1
book_7debde1993d76224,The Last Good Paradise,Tatjana Soli,openlibrary_work,high,True,243,10,0,1,0,3
book_4a09172ab1b8983f,The Guest List,Lucy Foley,openlibrary_work,high,True,211,15,0,0,0,2
book_c26e36ad07272ab3,"The House in the Cerulean Sea (Cerulean Chronicles, #1)",T.J. Klune,openlibrary_work,high,True,200,20,2,1,0,4
book_2549d96f7ce851e1,The Lions of Fifth Avenue,Fiona  Davis,openlibrary_work,high,True,312,36,0,0,0,2
book_628d6b0094e26533,"Christmas at the Restaurant (The Nantucket Restaurant, #2)",Pamela M. Kelley,openlibrary_work,high,True,189,0,0,0,0,1
book_4d0e8c0d4a4ff3ac,In a Holidaze,Christina Lauren,openlibrary_work,high,True,190,4,0,0,0,2
book_bd443409a79d5a70,The Restaurant (The Nantucket Restaurant #1),Pamela M. Kelley,openlibrary_work,high,True,287,0,0,0,0,1
book_9154a34d1fc15343,Fifty Words for Rain,Asha Lemmie,openlibrary_work,high,True,308,21,0,0,0,2
book_ea9d5d77da172078,"The Tattooist of Auschwitz (The Tattooist of Auschwitz, #1)",Heather   Morris,openlibrary_work,high,True,192,20,0,2,1,4
book_65bd52721c185a7b,"Cilka's Journey (The Tattooist of Auschwitz, #2)",Heather   Morris,openlibrary_work,high,True,109,17,0,0,0,2
book_2443abf4c9f8694f,"Sing, Unburied, Sing",Jesmyn Ward,openlibrary_work,high,True,253,22,0,1,0,3
book_f1753f3e0054240f,Artemis,Andy Weir,openlibrary_work,high,True,123,16,1,1,0,4
book_3932f1d19815287c,"Parable of the Sower (Earthseed, #1)",Octavia E. Butler,openlibrary_work,high,True,154,39,0,2,2,4
book_feb10b5221403492,"American Gods (American Gods, #1)",Neil Gaiman,openlibrary_work,high,True,106,39,23,7,0,4
book_098a9ac7a3fd1933,"The Long Way to a Small, Angry Planet (Wayfarers, #1)",Becky Chambers,openlibrary_work,high,True,243,11,9,0,1,4
book_413eb2dcdad44192,"To Be Taught, If Fortunate",Becky Chambers,openlibrary_work,high,True,180,13,1,4,1,5
book_087c8b03e42e70aa,The Starless Sea,Erin Morgenstern,openlibrary_work,high,True,264,18,0,0,0,2
book_c7fedf99648299b9,The Book of Lost Friends,Lisa Wingate,openlibrary_work,high,True,285,10,0,0,0,2
book_1690de62fd268917,Conclave,Robert   Harris,openlibrary_work,high,True,61,9,9,1,0,4
book_a16de6405c62e340,Untamed,Glennon Doyle,openlibrary_work,high,True,139,7,1,0,0,3
book_3d616906a5477496,Evvie Drake Starts Over,Linda  Holmes,openlibrary_work,high,True,251,16,0,0,0,2
book_ae523b4955c369f7,"The Cuckoo's Calling (Cormoran Strike, #1)",Robert Galbraith,openlibrary_work,high,True,90,23,1,2,1,5
book_0121428eee7aaf8d,"The Fifth Season (The Broken Earth, #1)",N.K. Jemisin,openlibrary_work,high,True,194,28,21,9,0,4
book_436119d71542658f,"Outlander (Outlander, #1)",Diana Gabaldon,openlibrary_work,high,True,126,38,5,2,3,5
book_d8ea1bb7f535a4e8,Women Who Run With the Wolves,Clarissa Pinkola Estés,openlibrary_work,high,True,170,49,0,0,0,2
book_dc319c95ecffee4f,Where the Crawdads Sing,Delia Owens,openlibrary_work,high,True,226,20,2,2,1,5
book_c5fd0142da05181c,Time Out of Joint,Philip K. Dick,openlibrary_work,high,True,87,21,0,0,2,3
book_0b88ac2b9391b47b,"Mistborn: The Final Empire (Mistborn, #1)",Brandon Sanderson,openlibrary_work,high,True,303,21,0,0,0,2
book_047a77e05b6cbac7,"Crazy Rich Asians (Crazy Rich Asians, #1)",Kevin Kwan,openlibrary_work,high,True,236,33,2,6,1,5
book_fb030ca2d10f0bf8,"Good Omens: The Nice and Accurate Prophecies of Agnes Nutter, Witch",Terry Pratchett,title_author,medium,False,123,0,0,0,0,1
book_152d10ac8c644286,Small Admissions,Amy Poeppel,openlibrary_work,high,True,192,6,0,2,0,3
book_95c3f48ac760a9fd,Do Androids Dream of Electric Sheep?,Philip K. Dick,openlibrary_work,high,True,94,33,0,0,1,3
book_6ec6a712be10ab89,The Gods Themselves,Isaac Asimov,openlibrary_work,high,True,115,22,0,0,0,2
book_7197edfdfb686718,"The Handmaid’s Tale (The Handmaid's Tale, #1)",Margaret Atwood,openlibrary_work,high,True,145,59,16,6,0,4
book_188a66fc9eb0cc2a,"Storm Front (The Dresden Files, #1)",Jim  Butcher,openlibrary_work,high,True,111,26,9,2,1,5
book_5b358e098d30c085,"Ready Player One (Ready Player One, #1)",Ernest Cline,openlibrary_work,high,True,128,28,12,2,3,5
book_337d90c0c27f24b0,Confessions of a Domestic Failure,Bunmi Laditan,openlibrary_work,high,True,154,10,1,0,0,3
book_7bc06b58e51df9f6,Thirteen Reasons Why,Jay Asher,openlibrary_work,high,True,127,52,2,0,1,4
book_9a02cb5f643c45df,"The Da Vinci Code (Robert Langdon, #2)",Dan    Brown,openlibrary_work,high,True,213,77,21,14,1,5
book_5eca8dd8fdde1f2d,The Vagina Monologues,V (formerly Eve Ensler),openlibrary_work,high,True,167,26,0,0,0,2
book_be18f83a9c029246,The Bell Jar,Sylvia Plath,openlibrary_work,high,True,81,44,8,5,2,5
book_2a61c423f7b6de3a,Big Little Lies,Liane Moriarty,openlibrary_work,high,True,284,34,0,0,1,3
book_5e6c21be18e193ed,Scrappy Little Nobody,Anna Kendrick,openlibrary_work,high,True,251,13,1,1,0,4
book_784ee0abc758ea4a,"Three Parts Dead (Craft Sequence, #1)",Max Gladstone,openlibrary_work,high,True,174,9,1,1,0,4
book_f1ed9e0ef1ce5866,Their Eyes Were Watching God,Zora Neale Hurston,openlibrary_work,high,True,41,36,2,1,0,4
book_0ce63e39ba857457,The Scarlet Letter,Nathaniel Hawthorne,openlibrary_work,high,True,96,142,1,9,7,5
book_fc46472055a46ba8,The Martian,Andy Weir,openlibrary_work,high,True,153,29,10,9,1,5
book_2b8c06656979afd1,"The Girl With the Dragon Tattoo (Millennium, #1)",Stieg Larsson,openlibrary_work,high,True,96,100,27,8,1,5
book_7c9d1f4279bc3229,All the Light We Cannot See,Anthony Doerr,openlibrary_work,high,True,196,57,0,7,5,4
book_1cc45ad032983a9d,"Harry Potter and the Sorcerer's Stone (Harry Potter, #1)",J.K. Rowling,openlibrary_work,high,True,119,108,48,10,1,5
book_e1d27fde0fd341a2,The Girl on the Train,Paula Hawkins,openlibrary_work,high,True,124,24,0,3,1,4
book_b5c3f75ef28965fb,"Pawn of Prophecy (The Belgariad, #1)",David Eddings,openlibrary_work,high,True,157,12,1,2,0,4
book_68b57d9ef533db6e,"Wizard's First Rule (Sword of Truth, #1)",Terry Goodkind,openlibrary_work,high,True,183,17,3,3,0,4
book_b6392dc0f4d4f0f8,"Wicked: The Life and Times of the Wicked Witch of the West (The Wicked Years, #1)",Gregory Maguire,title_author,medium,False,153,0,0,0,0,1
book_8cc6904f3fbd0204,"A Wrinkle in Time (Time Quintet, #1)",Madeleine L'Engle,openlibrary_work,high,True,67,51,0,0,0,2
book_977c9a4ec61a44bd,Enchanters' End Game (The Belgariad #5),David Eddings,openlibrary_work,high,True,155,9,0,0,0,2
book_77efea1bc0690ac5,"The Hobbit, or There and Back Again",J.R.R. Tolkien,title_author,medium,False,149,0,0,0,0,1
book_c567ed2866508aad,"Cinder (The Lunar Chronicles, #1)",Marissa Meyer,openlibrary_work,high,True,151,36,10,2,0,4
book_53cd5c3059c92621,"Miss Peregrine's Home for Peculiar Children (Miss Peregrine's Peculiar Children, #1)",Ransom Riggs,openlibrary_work,high,True,151,34,2,1,0,4
book_0083038ea9439c43,"The Lion, the Witch and the Wardrobe (Chronicles of Narnia, #1)",C.S. Lewis,openlibrary_work,high,True,114,0,0,0,0,1
book_82f50051ad389b36,"The Fellowship of the Ring (The Lord of the Rings, #1)",J.R.R. Tolkien,openlibrary_work,high,True,169,43,17,5,0,4
book_263e7b448168fc94,Lord of the Flies,William Golding,openlibrary_work,high,True,133,42,2,6,2,5
book_5d7c8bd1237ea3ca,Tess of the D’Urbervilles,Thomas Hardy,openlibrary_work,high,True,73,84,2,5,3,5
book_2191ceb877f0b5c5,Wuthering Heights,Emily Brontë,openlibrary_work,high,True,247,18,0,0,0,2
book_d6f2eb8349337bfd,"Cross Check (D.C. Stars, #6)",Chelsea Curto,title_author,medium,False,250,0,0,0,0,1
book_7316031aaaa39661,"Stamped: Racism, Antiracism, and You",Jason Reynolds,openlibrary_work,high,True,195,35,0,1,0,3
book_e82e4b9fb2caa807,Faire Match (Heartland Renaissance Faire Book 1),Maria Shield,isbn,high,False,191,0,0,0,0,1
book_4deaefad985ece5a,Checkered Love,Mary Rebekah,isbn,high,False,184,0,0,0,0,1
book_b1788e0828c83373,Sweeper,Amy Daws,openlibrary_work,high,True,163,0,0,0,0,1
book_b720f0fa0d4528c0,"The Legend of Meneka (The Divine Dancers, #1)",Kritika H. Rao,openlibrary_work,high,True,294,1,0,0,0,2
book_7f551fc60839d84a,Airrelle of the Maroon Witches,Sumayyah Beck,isbn,high,False,240,0,0,0,0,1
book_4f72e2b52147d1e0,A Pirate's Life for Tea (Tomes & Tea #2),Rebecca Thorne,openlibrary_work,high,True,162,3,0,0,0,2
book_07214450b8326da4,"Problematic Summer Romance (Not in Love, #2)",Ali Hazelwood,openlibrary_work,high,True,218,8,3,1,0,4
book_78dc018f647e3d22,Vera Stein Is Fine,Julie   Murphy,isbn,high,False,322,0,0,0,0,1
book_04314c457ac17307,"World of Wonders: In Praise of Fireflies, Whale Sharks, and Other Astonishments",Aimee Nezhukumatathil,openlibrary_work,high,True,221,8,0,0,0,2
book_0fe94597b9a11507,Operation Bounce House,Matt Dinniman,openlibrary_work,high,True,259,2,0,0,0,2
book_bc825f2559421e5b,Come Together: The Science (and Art!) of Creating Lasting Sexual Connections,Emily Nagoski,openlibrary_work,high,True,286,2,0,0,0,2
book_33316b2b317cde86,Mating in Captivity: Reconciling the Erotic and the Domestic,Esther Perel,openlibrary_work,high,True,211,31,0,0,0,2
book_50d34a0f559dfcae,Is a River Alive?,Robert Macfarlane,openlibrary_work,high,True,196,12,0,0,0,2
book_dc327d938f24f0c5,"The Summer Between Us (Love in Hawaii, #1)",Jennifer Probst,isbn,high,False,200,0,0,0,0,1
book_604f687bae7009ad,House of Deceit,N.E. Butcher,title_author,medium,False,248,0,0,0,0,1
book_a13ffeaa4d614392,"Levels of Love (Novel Haven, #1)",Anabelle Stehl,openlibrary_work,high,True,115,0,0,0,0,1
book_7e82f5e126095f2a,Radio Free Texas,Libba Bray,isbn,high,False,174,0,0,0,0,1
book_a77bec0bfb9c2ecc,Light Up My Life,Kasie West,title_author,medium,False,261,0,0,0,0,1
book_0428482618a35b50,Gilded Wings,Emily Thiede,isbn,high,False,232,0,0,0,0,1
book_4577a4c2cb34dcbb,World's Okayest Oracle (Reluctantly) Seeks Demon (Supernatural Entanglements Book 2),Olivia Dade,isbn,high,False,210,0,0,0,0,1
book_05bfaffd4abad231,Fallin' Tides (Holly River #1),Tori  Ford,title_author,medium,False,205,0,0,0,0,1
book_76b0d17ebab05027,Broken Rival,Tessa Bailey,openlibrary_work,high,True,230,0,0,0,0,1
book_b097565b2e342082,The Time Traveler's Wife,Audrey Niffenegger,openlibrary_work,high,True,153,53,4,4,7,5
book_e17290233a86874b,Solar Eclipse of the Heart,Kate Robb,isbn,high,False,322,0,0,0,0,1
book_99d721408b518b66,My Unfamiliar,Mara Rutherford,isbn,high,False,177,0,0,0,0,1
book_253933d9d0ba1858,Archenemies,Jody Wenner,title_author,medium,False,161,0,0,0,0,1
book_1828fccc4e39b9e7,Our Strange Duet,Erin A. Craig,openlibrary_work,high,True,129,0,0,0,0,1
book_7352244c7d65a45e,"One Moment Please (Wait With Me, 3)",Amy Daws,openlibrary_work,high,True,216,0,0,0,0,1
book_1a280bb275bf85ad,A Summer of Stars,Liana Cincotti,openlibrary_work,high,True,182,0,0,0,0,1
book_d5dcd4b1c795a476,"Caught on Camera (Love Through a Lens, #1)",Chelsea Curto,openlibrary_work,high,True,186,0,0,0,0,1
book_b1b4ff165f8eca45,"Camera Chemistry (Love Through a Lens, #0.5)",Chelsea Curto,openlibrary_work,high,True,185,1,0,0,0,2
book_cda86aed74a0895a,Fireworks (Scottish Spice #2),Bonnie Woods,openlibrary_work,high,True,206,0,0,0,0,1
book_2994c00b0bdbd8d5,Bromantasy,Máire Roche,openlibrary_work,high,True,227,0,0,0,0,1
book_e0602cdbfdd6ce57,Shoot Your Shot,Lexi LaFleur Brown,openlibrary_work,high,True,244,0,0,0,0,1
book_6a3e2d4698192f32,Lessons in Falling (Hall Beck University),Selina Mae,openlibrary_work,high,True,198,8,0,0,0,2
book_9f3efb87630fe2c3,Bad Boy Era (Mountain Men Matchmaker #4),Amy Daws,openlibrary_work,high,True,232,0,0,0,0,1
book_ab8b7f61655a6b27,"Hopeless Necromantic (The Catseye Chronicles, #1)",Shiloh Briar,openlibrary_work,high,True,169,0,0,0,0,1
book_b6edf1af43688c46,"The Rainshadow Orphans (Rainshadow, #1)",Naomi Ishiguro,openlibrary_work,high,True,268,0,0,0,0,1
book_c2e1741f748908f1,The Wheel of the Year: An Illustrated Guide to Nature's Rhythms,Fiona  Cook,openlibrary_work,high,True,147,2,0,0,0,2
book_82e6ab62ae5fe8d8,Blue Horses: Poems,Mary Oliver,openlibrary_work,high,True,120,11,0,0,1,3
book_a750d0048d0ad8fd,This Is Not Love at First Sight: A Cozy Fantasy Romance (Brothers of Fairwitch Isle),Tee Harlowe,title_author,medium,False,219,0,0,0,0,1
book_1027e9ecde360e02,"Off Camera (Love Through a Lens, #3)",Chelsea Curto,openlibrary_work,high,True,241,1,0,0,0,2
book_cf2b06d15b59c4cc,"Trickster's Choice (Daughter of the Lioness, #1)",Tamora Pierce,openlibrary_work,high,True,80,19,0,0,0,2
book_f2810b449d98f84f,"Tattered Tides (Celestia Cove, #1)",Sarah A. Bailey,openlibrary_work,high,True,258,0,0,0,0,1
book_60a22f190ca3757c,Hate to Fake It to You,Amanda Sellet,openlibrary_work,high,True,220,0,0,0,0,1
book_b1dad0dc15d7ebe9,The Holiday Swap,Maggie Knox,openlibrary_work,high,True,206,1,0,0,0,2
book_33bb06865d229a46,"Behind the Camera (Love through a Lens, #2)",Chelsea Curto,openlibrary_work,high,True,246,1,0,0,0,2
book_080e8fe0ed0c7de5,Shark Heart,Emily Habeck,openlibrary_work,high,True,286,0,0,0,0,1
book_b8a69a870b880377,"The Deal (Off-Campus, #1)",Elle Kennedy,openlibrary_work,high,True,192,18,0,0,0,2
book_b1d996c1ec40af1c,"Sin Bin (D.C. Stars, #5)",Chelsea Curto,openlibrary_work,high,True,212,0,0,0,0,1
book_47a492ed64de1e38,Wreck My Plans,Jillian Meadows,openlibrary_work,high,True,243,0,0,0,0,1
book_2e7ef26e1344cc9e,K-9 National Park Defenders (Pacific Northwest K-9 Unit #9),Katy Lee,openlibrary_work,high,True,77,4,0,0,0,2
book_5c385168fed3557b,The Bodyguard Affair,Amy  Lea,openlibrary_work,high,True,193,1,0,0,0,2
book_7fefe4ce9f637d07,More Than a Little Turmoil: Hadley Hope Series Book Three,Sandra Lou Taylor,title_author,medium,False,0,0,0,0,0,0
book_454dac63ff7f1b8c,Ringing in the New Year: A Hogmanay Holiday Novella,Kaitlin Collins,isbn,high,False,233,0,0,0,0,1
book_2ca2b3fea53221d2,"Falling for Ellen (Falling, #2)",Kaitlin Collins,title_author,medium,False,139,0,0,0,0,1
book_2842dcaa4717f838,Choosing Chopsticks,Lori Scoby,title_author,medium,False,169,0,0,0,0,1
book_23f1745498f29312,"It Seemed Like a Good Idea (Darling Springs, #1)",Lauren Blakely,openlibrary_work,high,True,240,0,0,0,0,1
book_a205bf5954f8c7aa,Honey Bee Mine,Sarah T. Dubb,isbn,high,False,307,0,0,0,0,1
book_01438f6289e7f597,Kissing Bandit (Love at the Lake #1),Margaret Rose,title_author,medium,False,291,0,0,0,0,1
book_a6d20d893d5a6d69,Cold As Ice (Wilder Wolves),Laurea Matthews,title_author,medium,False,173,0,0,0,0,1
book_b97b1bbc6085d2e3,Off the Hook (Never Harbor),Julie Olivia,title_author,medium,False,246,0,0,0,0,1
book_72c25c508fcf49e5,"If Only You (Bergman Brothers, #6)",Chloe Liese,openlibrary_work,high,True,200,0,0,0,0,1
book_97f66ba297419ef8,"Horse Show (Saddle Club, #8)",Bonnie Bryant,openlibrary_work,high,True,72,13,0,1,0,3
book_906095cf9503cebc,"Trail Mates (Saddle Club, #5)",Bonnie Bryant,openlibrary_work,high,True,127,8,0,0,0,2
book_f902fec5672cd5bf,"Starlight Christmas (Saddle Club, #13)",Bonnie Bryant,openlibrary_work,high,True,110,13,0,0,0,2
book_93f3c20a5f2a5396,"Riding Camp (Saddle Club, #10)",Bonnie Bryant,openlibrary_work,high,True,151,10,0,0,0,2
book_d28c6680f8202cfe,"Dude Ranch (Saddle Club, #6)",Bonnie Bryant,openlibrary_work,high,True,135,2,0,0,0,2
book_19b15bc8b33988eb,"Hat Trick (D.C. Stars, #4)",Chelsea Curto,openlibrary_work,high,True,218,0,0,0,0,1
book_82d85e1dc9ef1fe8,"Slap Shot (D.C. Stars, #3)",Chelsea Curto,openlibrary_work,high,True,210,0,0,0,0,1
book_780364cfb1e7ea7a,Power Play (D.C. Stars #2),Chelsea Curto,openlibrary_work,high,True,200,0,0,0,0,1
book_08e5f9b933c84eb0,"Face Off (D.C. Stars, #1)",Chelsea Curto,openlibrary_work,high,True,202,1,0,0,0,2
book_191f7524aca5213e,"Racehorse (Saddle Club, #21)",Bonnie Bryant,openlibrary_work,high,True,39,10,0,0,0,2
book_96215a009f856a75,"Purebred (Saddle Club, #39)",Bonnie Bryant,openlibrary_work,high,True,96,7,0,0,0,2
book_9bb86703883fa386,"Bridle Path (Saddle Club, #27)",Bonnie Bryant,openlibrary_work,high,True,3,10,0,0,0,2
book_c63be2406dd8629d,"Team Play (Saddle Club, #15)",Bonnie Bryant,openlibrary_work,high,True,139,9,0,0,0,2
book_cb3db40205e6bb85,"Saddlebags (Saddle Club, #42)",Bonnie Bryant,openlibrary_work,high,True,159,7,0,0,0,2
book_e66a911b25f09a42,"Stable Manners (Saddle Club, #28)",Bonnie Bryant,openlibrary_work,high,True,28,15,0,0,0,2
book_310beec8f6618d70,"Silver Stirrups (Saddle Club, #65)",Bonnie Bryant,openlibrary_work,high,True,86,9,0,0,0,2
book_15c6e45ab5de2f3c,"High Horse (Saddle Club, #33)",Bonnie Bryant,openlibrary_work,high,True,73,10,0,0,0,2
book_3e796536590bf416,"Beach Ride (Saddle Club, #26)",Bonnie Bryant,openlibrary_work,high,True,32,3,0,0,0,2
book_020f80cc0fca5a0a,"Star Rider (Saddle Club, #19)",Bonnie Bryant,openlibrary_work,high,True,44,14,0,0,0,2
book_40307bb8f4234c6e,"Sea Horse (Saddle Club, #14)",Bonnie Bryant,openlibrary_work,high,True,51,0,0,0,0,1
book_b5dc6be488a0d367,"Hoof Beat (Saddle Club, #9)",Bonnie Bryant,openlibrary_work,high,True,27,7,0,0,0,2
book_289808986de1c8af,"Gift Horse (Saddle Club, #40)",Bonnie Bryant,openlibrary_work,high,True,120,6,0,0,0,2
book_39c136ea9bed1161,"Ghost Rider (Saddle Club, #24)",Bonnie Bryant,openlibrary_work,high,True,113,13,0,0,0,2
book_186cc4cfbccd92a1,"Horse Games (Saddle Club, #16)",Bonnie Bryant,openlibrary_work,high,True,162,13,0,0,0,2
book_d05bbb7f67825452,"A Summer Without Horses (Saddle Club Super Edition, #1)",Bonnie Bryant,openlibrary_work,high,True,44,6,0,0,0,2
book_64f8dd953cc9c2d2,"Rodeo Rider (Saddle Club, #12)",Bonnie Bryant,openlibrary_work,high,True,99,11,0,0,0,2
book_40c77c1a95cbeb78,"Horsenapped! (Saddle Club, #17)",Bonnie Bryant,openlibrary_work,high,True,131,11,0,0,0,2
book_8d83d59cb398cb49,"Snow Ride (Saddle Club, #20)",Bonnie Bryant,openlibrary_work,high,True,142,8,0,0,0,2
book_3add8af5fd91c7c5,"Horse Wise (Saddle Club, #11)",Bonnie Bryant,openlibrary_work,high,True,84,1,0,0,0,2
book_21728dd022425a84,"Horse Play (Saddle Club, #7)",Bonnie Bryant,openlibrary_work,high,True,86,1,0,0,0,2
book_64babb7484bf4745,"Horse Crazy (Saddle Club, #1)",Bonnie Bryant,openlibrary_work,high,True,55,9,0,0,0,2
book_bb11d9ac109bce9f,"Horse Power (Saddle Club, #4)",Bonnie Bryant,openlibrary_work,high,True,48,9,0,0,0,2
book_205afbb25799c360,"Horse Shy (Saddle Club, #2)",Bonnie Bryant,openlibrary_work,high,True,36,10,0,0,0,2
book_cf27e0168a2d2dca,"Horse Sense (Saddle Club, #3)",Bonnie Bryant,openlibrary_work,high,True,148,14,0,0,0,2
book_9516a73f9f0f735f,Une naissance du club n608,Bonnie Bryant,isbn,high,False,2,0,0,0,0,1
book_ab9a7bcc96c33df5,Hay Fever (Saddle Club),bonnie-bryant,openlibrary_work,high,True,38,0,0,0,0,1
book_03571b8ba158bee8,"Team Play (Saddle Club, #15)",Bonnie Bryant,openlibrary_work,high,True,49,1,0,0,0,2
book_280eda4e914bd8b4,"Flying Horse (Saddle Club, #46)",Bonnie Bryant,openlibrary_work,high,True,4,2,0,0,0,2
book_b83a1c85eaf7d151,"Riding Class (Saddle Club, #52)",Bonnie Bryant,openlibrary_work,high,True,32,11,0,0,0,2
book_abaafbab189c5f03,Just For Girls: Happy Horse Day & Friends Forever,Bonnie Bryant,openlibrary_work,high,True,111,0,0,0,0,1
book_47568704677f12b2,"Show Judge (Saddle Club, #95)",Bonnie Bryant,openlibrary_work,high,True,126,3,0,0,0,2
book_e8c961e5486ac042,"Pleasure Horse (Saddle Club, #51)",Bonnie Bryant,openlibrary_work,high,True,40,9,0,0,0,2
book_9c77c2dc89eba43d,"Broken Horse (Saddle Club, #61)",Bonnie Bryant,openlibrary_work,high,True,94,6,0,0,0,2
book_8dbaddfd4ccb6dfe,THE SADDLE CLUB: HORSE WISE AND RODEO RIDER.,Bonnie. Bryant,openlibrary_work,high,True,0,0,0,0,0,0
book_2796bba9f97c1893,"Horse Trade (Saddle Club, #38)",Bonnie Bryant,openlibrary_work,high,True,37,8,0,0,0,2
book_a8c841f74a073526,"Horse Spy (Saddle Club, #94)",Bonnie Bryant,openlibrary_work,high,True,130,7,0,0,0,2
book_17538432ef226920,"Photo Finish (Saddle Club, #43)",Bonnie Bryant,openlibrary_work,high,True,93,13,0,0,0,2
book_63b2cff0ab177dce,"Horse Talk (Saddle Club, #71)",Bonnie Bryant,openlibrary_work,high,True,103,13,0,0,0,2
book_6430b5caf994d377,"Tight Rein (Saddle Club, #57)",Bonnie Bryant,openlibrary_work,high,True,84,4,0,0,0,2
book_669af3df338fae1c,"Western Star (Saddle Club Super Edition, #3)",Bonnie Bryant,openlibrary_work,high,True,38,9,0,0,0,2
book_e8a1b98c040067f4,"Horse Love (Saddle Club, #93)",Bonnie Bryant,openlibrary_work,high,True,124,4,0,0,0,2
book_e4925f5d787d53b8,"Horseshoe (Saddle Club, #44)",Bonnie Bryant,openlibrary_work,high,True,102,9,0,0,0,2
book_bb3308be966e910b,"Stable Witch (Saddle Club, #41)",Bonnie Bryant,openlibrary_work,high,True,115,5,0,0,0,2
book_ac8acce500a56fdd,"Mystery Ride (Saddle Club, #48)",Bonnie Bryant,openlibrary_work,high,True,74,3,0,0,0,2
book_0e925dc0e460325b,"Cutting Horse (Saddle Club, #56)",Bonnie Bryant,openlibrary_work,high,True,116,8,0,0,0,2
book_b8b2bc244df4d1f3,"Riding Lesson (Saddle Club, #36)",Bonnie Bryant,openlibrary_work,high,True,12,8,0,0,0,2
book_f8fd3d689bfc4465,"Spirited Away: Chihiros Reise ins Zauberland, Band 5",Hayao Miyazaki,openlibrary_work,high,True,186,0,0,0,0,1
book_e100b4a22a1f9060,"Dream Horse (Saddle Club Super Edition, #4)",Bonnie Bryant,openlibrary_work,high,True,33,2,0,0,0,2
book_1a67103d3f37baf9,"Million-Dollar Horse (Saddle Club, #92)",Bonnie Bryant,openlibrary_work,high,True,107,3,0,0,0,2
book_e05929c51d6fc23d,"Driving Team (Saddle Club, #90)",Bonnie Bryant,openlibrary_work,high,True,123,3,0,0,0,2
book_892d96197613fa8c,Stevie: The Inside Story (Saddle Club Inside Stories),Bonnie Bryant,openlibrary_work,high,True,84,9,0,0,0,2
book_8cd66a23817b93b5,"Hard Hat (Saddle Club, #97)",Bonnie Bryant,openlibrary_work,high,True,114,3,0,0,0,2
book_7f8b0cc76746b685,"Lucky Horse (Saddle Club, #89)",Bonnie Bryant,openlibrary_work,high,True,33,2,0,0,0,2
book_a87b074f820b2c41,"English Horse (Saddle Club, #79)",Bonnie Bryant,openlibrary_work,high,True,92,4,0,0,0,2
book_008279540fb4fa3b,"Horse Blues (Saddle Club, #62)",Bonnie Bryant,openlibrary_work,high,True,37,9,0,0,0,2
book_2b35bb206996fc74,"Horse Fever (Saddle Club, #85)",Bonnie Bryant,openlibrary_work,high,True,143,2,0,0,0,2
book_107bcbdc2ca9789a,"Wagon Trail (Saddle Club, #81)",Bonnie Bryant,openlibrary_work,high,True,107,3,0,0,0,2
book_803f7d0904e92f9c,"Before They Rode Horses (Saddle Club Super Edition, #5)",Bonnie Bryant,openlibrary_work,high,True,343,11,0,0,0,2
book_4539e07773c16c96,"Nightmare (Saddle Club Super Edition, #6)",Bonnie Bryant,openlibrary_work,high,True,135,8,0,0,0,2
book_90ff5dc85b05d5da,"Hobbyhorse (Saddle Club, #60)",Bonnie Bryant,openlibrary_work,high,True,85,4,0,0,0,2
book_3d6950164ebe5205,"Horse Play (Saddle Club, #7)",Bonnie Bryant,openlibrary_work,high,True,117,0,0,0,0,1
book_cfe8c2565b6d8d62,"Quarter Horse (Saddle Club, #82)",Bonnie Bryant,openlibrary_work,high,True,115,4,0,0,0,2
book_e9f3d63f42fa3f13,"Gold Medal Rider (Saddle Club, #54)",Bonnie Bryant,openlibrary_work,high,True,37,9,0,0,0,2
book_f86a91da104d9ae7,"Gold Medal Horse (Saddle Club, #55)",Bonnie Bryant,openlibrary_work,high,True,28,3,0,0,0,2
book_b8e31a8644b66b66,"Summer Rider (Saddle Club, #68)",Bonnie Bryant,openlibrary_work,high,True,116,10,0,0,0,2
book_68c3b29b4cd0990a,"Hoof Beat (Saddle Club, #9)",Bonnie Bryant,openlibrary_work,high,True,71,7,0,0,0,2
book_8dded944dc873872,"Setting the Pace (Pine Hollow, #15)",Bonnie Bryant,openlibrary_work,high,True,113,8,0,0,0,2
book_0e2f8e2a899cca1e,"Headstrong (Pine Hollow, #14)",Bonnie Bryant,openlibrary_work,high,True,113,3,0,0,0,2
book_4493352eda3c1aab,"Stable Farewell (Saddle Club, #49)",Bonnie Bryant,openlibrary_work,high,True,93,8,0,0,0,2
book_0d1d8a2d1ac388bf,"Schooling Horse (Saddle Club, #84)",Bonnie Bryant,openlibrary_work,high,True,126,2,0,0,0,2
book_eed8045fcc4c7e82,"Changing Leads (Pine Hollow, #4)",Bonnie Bryant,openlibrary_work,high,True,36,12,0,0,0,2
book_6346bab9526052ef,"Shying at Trouble (Pine Hollow, #6)",Bonnie Bryant,openlibrary_work,high,True,32,9,0,0,0,2
book_e0180bd0679d9aba,"Penalty Points (Pine Hollow, #7)",Bonnie Bryant,openlibrary_work,high,True,46,10,0,0,0,2
book_b816a2a265f8ad88,"Horse Thief (Saddle Club, #83)",Bonnie Bryant,openlibrary_work,high,True,111,2,0,0,0,2
book_312dd58cd2f0791a,"Summer Horse (Saddle Club, #67)",Bonnie Bryant,openlibrary_work,high,True,121,9,0,0,0,2
book_594bef015c89efef,"Stable Groom (Saddle Club, #45)",Bonnie Bryant,openlibrary_work,high,True,98,8,0,0,0,2
book_de11e6fc83a6dfaf,"Corey's Pony Is Missing (Pony Tails, #3)",Bonnie Bryant,openlibrary_work,high,True,126,9,0,0,0,2
book_ba9c989f04ca647e,"The Trail Home (Pine Hollow, #2)",Bonnie Bryant,openlibrary_work,high,True,106,8,0,0,0,2
book_0038ef028214a6f0,"Conformation Faults (Pine Hollow, #5)",Bonnie Bryant,openlibrary_work,high,True,41,13,0,0,0,2
book_e54284e6045de9d6,"Reining In (Pine Hollow, #3)",Bonnie Bryant,openlibrary_work,high,True,135,15,0,0,0,2
book_5333e9aeda6e9cd4,"English Rider (Saddle Club, #80)",Bonnie Bryant,openlibrary_work,high,True,90,11,0,0,0,2
book_e454b43cfb2355a0,Carole: The Inside Story (Saddle Club Inside Stories),Bonnie Bryant,openlibrary_work,high,True,44,12,0,0,0,2
book_9c9f52e237e7c4e7,"Yankee Swap (Saddle Club, #50)",Bonnie Bryant,openlibrary_work,high,True,38,2,0,0,0,2
book_2bc488dbcc5b6707,"New Rider (The Saddle Club, #96)",Bonnie Bryant,openlibrary_work,high,True,145,11,0,0,0,2
book_ec38d48b917611eb,"Pony Crazy (Pony Tails, #1)",Bonnie Bryant,openlibrary_work,high,True,128,7,0,0,0,2
book_43d6274fcb406433,"Horse Wise (Saddle Club, #11)",Bonnie Bryant,openlibrary_work,high,True,84,4,0,0,0,2
book_f93759b6920f1b24,"Sea Horse (Saddle Club, #14)",Bonnie Bryant,openlibrary_work,high,True,159,13,0,0,0,2
book_5c0d75d05da0a628,"Stable Hearts (Saddle Club, #63)",Bonnie Bryant,openlibrary_work,high,True,80,12,0,0,0,2
book_b9674101bdabdef1,"Starting Gate (Saddle Club, #91)",Bonnie Bryant,openlibrary_work,high,True,126,3,0,0,0,2
book_e920ab05b05105d8,"Phantom Horse (Saddle Club, #59)",Bonnie Bryant,openlibrary_work,high,True,36,8,0,0,0,2
book_9036b0a449ea5c30,"Horse Care (Saddle Club, #76)",Bonnie Bryant,openlibrary_work,high,True,143,4,0,0,0,2
book_c5b3b9141f671e24,"Painted Horse (Saddle Club, #75)",Bonnie Bryant,openlibrary_work,high,True,120,2,0,0,0,2
book_00f7f811a105ee56,"Trail Ride (Saddle Club, #99)",Bonnie Bryant,openlibrary_work,high,True,120,3,0,0,0,2
book_fd070e3248eb0463,"Sidesaddle (Saddle Club, #88)",Bonnie Bryant,openlibrary_work,high,True,38,16,0,0,0,2
book_303967d60e61d062,"Horse-Sitters (Saddle Club, #53)",Bonnie Bryant,openlibrary_work,high,True,32,9,0,0,0,2
book_377fbb85b328e3f3,"Stray Horse (Saddle Club, #100)",Bonnie Bryant,openlibrary_work,high,True,146,5,0,0,0,2
book_94a0e93f20c63d9f,"Horse Capades (Saddle Club, #64)",Bonnie Bryant,openlibrary_work,high,True,81,10,0,0,0,2
book_6ce0fdb9aa35427f,"Horse Race (Saddle Club, #70)",Bonnie Bryant,openlibrary_work,high,True,96,11,0,0,0,2
book_a549783a8f29f288,Lisa: The Inside Story (Saddle Club Inside Stories),Bonnie Bryant,openlibrary_work,high,True,44,4,0,0,0,2
book_b71fcb07c171ad3b,"Wild Horses (Saddle Club, #58)",Bonnie Bryant,openlibrary_work,high,True,55,2,0,0,0,2
book_961e7fa924c293b6,"Holiday Horse (Saddle Club, #72)",Bonnie Bryant,openlibrary_work,high,True,114,8,0,0,0,2
book_2e7d8405d3006675,"Show Jumper (Saddle Club, #87)",Bonnie Bryant,openlibrary_work,high,True,38,2,0,0,0,2
book_c3ea4f8216f7f7a7,"Secret Horse (Saddle Club, #86)",Bonnie Bryant,openlibrary_work,high,True,136,11,0,0,0,2
book_a1029bd48f05855a,"Horse Feathers (Saddle Club, #98)",Bonnie Bryant,openlibrary_work,high,True,118,4,0,0,0,2
book_ddd91a47fb5dd3bc,"Best Friends (Saddle Club, #101)",Bonnie Bryant,openlibrary_work,high,True,124,13,0,0,0,2
book_a78a422837c2f4e1,"Horseflies (Saddle Club, #78)",Bonnie Bryant,openlibrary_work,high,True,99,2,0,0,0,2
book_f4be2a64fdb39a36,"Horse Tale (Saddle Club, #35)",Bonnie Bryant,openlibrary_work,high,True,38,11,0,0,0,2
book_0610aaec503a12a6,"Horse Whispers (Saddle Club, #74)",Bonnie Bryant,openlibrary_work,high,True,150,2,0,0,0,2
book_cefabace4106b537,"Rocking Horse (Saddle Club, #77)",Bonnie Bryant,openlibrary_work,high,True,119,5,0,0,0,2
book_060f9af46ec83488,"Horse Guest (Saddle Club, #73)",Bonnie Bryant,openlibrary_work,high,True,78,2,0,0,0,2
book_4307ce4cbf3d1a4e,"Pack Trip (Saddle Club, #18)",Bonnie Bryant,openlibrary_work,high,True,145,11,0,0,0,2
book_5e411cc82155c36f,"Chocolate Horse (Saddle Club, #32)",Bonnie Bryant,openlibrary_work,high,True,25,10,0,0,0,2
book_9aa0175f8ef92aed,"The Long Ride (Pine Hollow, #1)",Bonnie Bryant,openlibrary_work,high,True,123,11,0,0,0,2
book_5faa12506898a1f1,"Saddle Sore (Saddle Club, #66)",Bonnie Bryant,openlibrary_work,high,True,100,10,0,0,0,2
book_f9381c5ea11f30cb,"Fox Hunt (Saddle Club, #22)",Bonnie Bryant,openlibrary_work,high,True,117,9,0,0,0,2
book_675a5a72df87930d,"Show Horse (Saddle Club, #25)",Bonnie Bryant,openlibrary_work,high,True,31,0,0,0,0,1
book_b65cee284ae90334,"Hay Fever (Saddle Club, #34)",Bonnie Bryant,openlibrary_work,high,True,39,7,0,0,0,2
book_5230a4f36947b214,"Hayride (Saddle Club, #31)",Bonnie Bryant,openlibrary_work,high,True,54,7,0,0,0,2
book_b110b70876dd6fe2,"Horse Trouble (Saddle Club, #23)",Bonnie Bryant,openlibrary_work,high,True,122,9,0,0,0,2
book_675e7957520daa3b,"Stage Coach (Saddle Club, #37)",Bonnie Bryant,openlibrary_work,high,True,63,10,0,0,0,2
book_255adb0e23959454,"Autumn Trail (Saddle Club, #30)",Bonnie Bryant,openlibrary_work,high,True,69,11,0,0,0,2
book_3e6962f28655d385,"Horse Magic (Saddle Club, #47)",Bonnie Bryant,openlibrary_work,high,True,97,9,0,0,0,2
book_8fce320cce316590,"The Secret of the Stallion (Saddle Club Super Edition, #2)",Bonnie Bryant,openlibrary_work,high,True,34,6,0,1,0,3
book_4ddd5ef6448c9f45,"Ranch Hands (Saddle Club, #29)",Bonnie Bryant,openlibrary_work,high,True,101,11,0,0,0,2
book_5840835c5989e0e7,Discovery in Great Sand Dunes National Park (National Park Mystery #2),Aaron     Johnson,openlibrary_work,high,True,302,2,0,0,0,2
book_026ca13b42208817,The Color of Magic (Discworld #1),Terry Pratchett,openlibrary_work,high,True,284,32,4,3,0,4
book_19d4bc24c7cea90d,Not Good Neighbors,Violet Lumani,openlibrary_work,high,True,165,0,0,0,0,1
book_3e00d5aeb8fa0f64,All We Hunger For,Anna Mercier,openlibrary_work,high,True,222,0,0,0,0,1
book_edbfd144bd2e9951,"Love on the Line (Kluvberg, 3)",C.W. Farnsworth,isbn,high,False,154,0,0,0,0,1
book_ea176455b4000251,The Island Bakeshop (The Island Shop #2),Roseanna M. White,isbn,high,False,302,0,0,0,0,1
book_b68a2bb3f7902b6f,How to Find Love in the Cereal Aisle,Alissa DeRogatis,isbn,high,False,265,0,0,0,0,1
book_2f342c8bb9cd8d5d,Little Lies,Helena Hunting,openlibrary_work,high,True,132,0,0,0,0,1
book_1396c10befb75fd8,Play It Again,Georgia Clark,isbn,high,False,166,0,0,0,0,1
book_2e1028b9f7e461fb,The Lonesome Bodybuilder,Yukiko Motoya,openlibrary_work,high,True,138,12,1,0,0,3
book_4b264f99ba6c129b,"Catch Her If You Can (Big Shots, #5)",Tessa Bailey,openlibrary_work,high,True,255,0,0,0,0,1
book_bb3528c38a3a239f,How to Read Water: Clues and Patterns from Puddles to the Sea,Tristan Gooley,openlibrary_work,high,True,158,10,0,0,1,3
book_8f52b30f06193890,"Nona the Ninth (The Locked Tomb, #3)",Tamsyn Muir,openlibrary_work,high,True,169,15,4,0,0,3
book_94aa692f46c25b0c,"Guilt-Edged Ivory (Ivory, #3)",Doris Egan,openlibrary_work,high,True,38,6,0,0,0,2
book_f314b1bf8461d2dc,"The Assassin and the Underworld (Throne of Glass, #0.4)",Sarah J. Maas,openlibrary_work,high,True,63,4,0,0,0,2
book_a80ad5ed4abb1e3a,Fundamentals of Being a Good Girl,Julie   Murphy,openlibrary_work,high,True,342,0,0,0,0,1
book_5234077034da722f,Let It Snow,Debbie Macomber,openlibrary_work,high,True,27,0,0,0,0,1
book_f32231b8f4ac368b,The Amalfi Curse,Sarah Penner,openlibrary_work,high,True,181,8,1,2,0,4
book_d9c8d14ad61ecd27,Fall at Once,Nora Everly,openlibrary_work,high,True,184,1,0,0,0,2
book_2ed1f015451f3f1b,"Love's a Witch (The Scottish Charms, #1)",Tricia O'Malley,openlibrary_work,high,True,129,0,0,0,0,1
book_a9acd1fad156e354,"Power to Charm: Cozy Stories about a Witch, a Cottage, and Unexpected Friends",Carly Stevens,isbn,high,False,72,0,0,0,0,1
book_a1b22147aafb09f5,Secret Nights and Northern Lights,Megan  Oliver,openlibrary_work,high,True,240,1,0,0,0,2
book_4533c98fc420b2db,Falling for Scotland,Kaitlin Collins,title_author,medium,False,111,0,0,0,0,1
book_e892defa4d4f76a2,"The Baby Dragon Cafe (The Baby Dragon, #1)",Aamna Qureshi,openlibrary_work,high,True,166,0,0,0,0,1
book_7c80113e3c5dfaa2,Everything Is Tuberculosis: The History and Persistence of Our Deadliest Infection,John  Green,openlibrary_work,high,True,176,0,0,0,0,1
book_334568c637c182e5,People Watching,Hannah Bonam-Young,openlibrary_work,high,True,270,0,0,0,0,1
book_b1a682f48de3c15d,The Seven Miracles of Beatrix Holland,Rachael Herron,openlibrary_work,high,True,285,0,0,0,0,1
book_03273fe3bd9a1c0c,"The Ornithologist's Field Guide to Love (Love's Academic, #1)",India Holton,openlibrary_work,high,True,220,1,0,0,0,2
book_d6fa9840e8718ba9,"The Irresistible Urge to Fall for Your Enemy (Dearly Beloathed, #1)",Brigitte Knightley,openlibrary_work,high,True,163,1,0,0,0,2
book_680de888e0390199,Roll for Romance,Lenora Woods,openlibrary_work,high,True,228,0,0,0,0,1
book_bb1dcdc0d4ac14ba,"The Baby Dragon Bakery (The Baby Dragon, #2)",Aamna Qureshi,openlibrary_work,high,True,159,0,0,0,0,1
book_2726170f3bc945ee,"First Flight, Final Fall",C.W. Farnsworth,openlibrary_work,high,True,164,0,0,0,0,1
book_401d35df7160bb9b,"A Fellowship of Bakers & Magic (Adenashire, #1)",J. Penner,openlibrary_work,high,True,200,0,0,0,0,1
book_efbff85d3168e10b,Battle of the Bookstores,Ali Brady,openlibrary_work,high,True,196,1,0,0,0,2
book_e69ea3449294aa8f,"Heated Rivalry (Game Changers, #2)",Rachel  Reid,openlibrary_work,high,True,172,10,2,0,0,3
book_5d8c0711b98f13b3,Lu and Ren’s Guide to Geozoology,Angela Hsieh,openlibrary_work,high,True,161,0,0,0,0,1
book_294f23668da5e894,"The Spellshop (Spellshop, #1)",Sarah Beth Durst,openlibrary_work,high,True,241,10,1,0,0,3
book_912b25f4eab17a2c,Creature: A Novel of Mary Shelley and Frankenstein,Amy Weldon,openlibrary_work,high,True,0,2,0,0,0,1
book_a70586a76e64efd6,Only Lovers in the Building,Nadine Gonzalez,isbn,high,False,291,0,0,0,0,1
book_00b8b03058987a1f,Water Moon,Samantha Sotto Yambao,openlibrary_work,high,True,209,1,0,0,0,2
book_e5b6d25d836ee7ca,Hammajang Luck,Makana Yamamoto,openlibrary_work,high,True,250,2,0,0,0,2
book_0d3ca5f0890b8ee8,Her Knight at the Museum,Bryn Donovan,openlibrary_work,high,True,189,0,0,0,0,1
book_1c5012e9c08bbaab,Swamp Story: A Novel,Dave Barry,openlibrary_work,high,True,237,0,0,0,0,1
book_d977698f6eb19287,The Scarred: An Epic Fantasy Series (Song of the Ellydian),C.K. Rieke,title_author,medium,False,187,0,0,0,0,1
book_3dfcb144d6eb58dd,"Lore Olympus: Volume Seven (Lore Olympus, #7)",Rachel  Smythe,openlibrary_work,high,True,112,11,2,0,0,3
book_3317c05819e24082,Lei and the Fire Goddess (Lei and the Legends),Malia Maunakea,openlibrary_work,high,True,184,10,0,1,0,3
book_2b7942c130c0848e,Bride,Ali Hazelwood,openlibrary_work,high,True,223,3,0,0,0,2
book_7da391fc99b4f1da,The Alternatives,Caoilinn Hughes,openlibrary_work,high,True,172,1,0,0,0,2
book_776254f2452f2b34,"Lore Olympus: Volume Six (Lore Olympus, #6)",Rachel  Smythe,openlibrary_work,high,True,266,11,2,0,0,3
book_d0e97e0d6b493b93,"The Kamogawa Food Detectives (Kamogawa Food Detectives, #1)",Hisashi Kashiwai,openlibrary_work,high,True,148,1,0,0,0,2
book_ad41d35ae6869fdc,Call Us What We Carry: Poems,Amanda Gorman,openlibrary_work,high,True,139,1,0,0,0,2
book_9cf7d5dfd8b2f45b,The Comfort of Crows: A Backyard Year,Margaret Renkl,openlibrary_work,high,True,224,2,0,0,0,2
book_7fc468cc8dd184f3,The Keeper of Stars,Buck Turner,openlibrary_work,high,True,180,0,0,0,0,1
book_4e57c84f72b55fa5,Till There Was You,Lindsay Hameroff,openlibrary_work,high,True,293,1,0,0,0,2
book_9b96a520d9f70821,The Wall of Winnipeg and Me,Mariana Zapata,openlibrary_work,high,True,189,0,0,0,0,1
book_2a806d95e0260b9c,Cleat Cute,Meryl Wilsner,openlibrary_work,high,True,230,0,0,0,0,1
book_2be40990cef215ae,The Reunion,Kayla Olson,openlibrary_work,high,True,183,0,0,0,0,1
book_8f709f59347d4b61,"Lore Olympus: Volume Five (Lore Olympus, #5)",Rachel  Smythe,openlibrary_work,high,True,197,11,2,0,0,3
book_2fc5965c1b4b65de,The Anthropocene Reviewed: Essays on a Human-Centered Planet,John  Green,openlibrary_work,high,True,187,21,1,0,1,4
book_871f1a87e7c95a52,How to Be an Antiracist (One World Essentials),Ibram X. Kendi,openlibrary_work,high,True,281,34,1,1,0,4
book_04ab0e4ac5ecce81,Same Time Next Summer,Annabel Monaghan,openlibrary_work,high,True,187,0,0,0,0,1
book_4534e1b80a506725,"Fractal Noise (Fractalverse, #0)",Christopher Paolini,openlibrary_work,high,True,123,5,0,0,0,2
book_16c796ea78276e4e,A Love Catastrophe,Helena Hunting,openlibrary_work,high,True,163,0,0,0,0,1
book_8a87ee264853e604,"Love & Other Disasters (Nashville Love, #1)",Anita Kelly,openlibrary_work,high,True,191,0,0,0,0,1
book_0eaf1d7084fe2bfa,"Off the Map (Beck Sisters, #3)",Trish Doller,openlibrary_work,high,True,155,0,0,0,0,1
book_5b68d56b09376c3f,This Is Your Mind on Plants,Michael Pollan,openlibrary_work,high,True,442,12,2,1,1,5
book_64e5d37515109a6c,"Secretly Yours (A Vine Mess, #1)",Tessa Bailey,openlibrary_work,high,True,238,2,0,0,0,2
book_25bc6899a7f004dc,"Lore Olympus: Volume Four (Lore Olympus, #4)",Rachel  Smythe,openlibrary_work,high,True,297,11,2,0,0,3
book_54eec033f6b37d74,The Holiday Swap,Maggie Knox,openlibrary_work,high,True,41,0,0,0,0,1
book_7972f2b30cec2ac0,A Flicker in the Dark,Stacy Willingham,openlibrary_work,high,True,187,5,0,0,0,2
book_ac8f7fec642d6e3f,"Lore Olympus: Volume Three (Lore Olympus, #3)",Rachel  Smythe,openlibrary_work,high,True,231,11,2,0,0,3
book_2a873326601fa67c,Sparrows in the Wind,Gail Carson Levine,openlibrary_work,high,True,188,1,0,0,0,2
book_e6c1d3946f0ec563,"The Viscount Who Loved Me (Bridgertons, #2)",Julia Quinn,openlibrary_work,high,True,176,14,2,1,1,5
book_1a17476ef9783c07,"The Ex Hex (The Ex Hex, #1)",Erin Sterling,openlibrary_work,high,True,215,6,0,0,0,2
book_0a2ea9e04a77cd09,"Portrait of a Scotsman (A League of Extraordinary Women, #3)",Evie Dunmore,openlibrary_work,high,True,218,1,0,0,0,2
book_37ef02260fcd458b,Poems for Nighttime (Signature Select Classics),Various,openlibrary_work,high,True,64,0,0,0,0,1
book_c6327b52b6bfdb14,Maggie Moves On,Lucy Score,openlibrary_work,high,True,236,0,0,0,0,1
book_7227c6a1c30c8f8d,The Boy With the Bookstore,Sarah Echavarre Smith,openlibrary_work,high,True,215,0,0,0,0,1
book_db1d5a61d194d9f2,The Wizard of Oz (RSC),L. Frank Baum,openlibrary_work,high,True,318,0,0,0,0,1
book_ff0cdcc23d5a53ce,Solutions and Other Problems,Allie Brosh,openlibrary_work,high,True,149,10,1,0,0,3
book_4f08e3059191a03f,"The Dating Plan (Marriage Game, #2)",Sara Desai,openlibrary_work,high,True,183,0,0,0,0,1
book_c59d17366ebbbfa3,The Awakened Brain: The New Science of Spirituality and Our Quest for an Inspired Life,Lisa   Miller,openlibrary_work,high,True,269,1,0,0,0,2
book_608f61f97ccbd03f,"Lore Olympus: Volume One (Lore Olympus, #1)",Rachel  Smythe,openlibrary_work,high,True,170,13,2,0,0,3
book_3e99da4f55b54487,"Lore Olympus: Volume Two (Lore Olympus, #2)",Rachel  Smythe,openlibrary_work,high,True,180,12,2,0,0,3
book_cda16e033e44f38f,"The Wisteria Society of Lady Scoundrels (Dangerous Damsels, #1)",India Holton,openlibrary_work,high,True,205,1,0,0,0,2
book_18af4e0c63fc5e5a,Into the Woods,Stephen Sondheim,openlibrary_work,high,True,21,11,0,0,0,2
book_7c9b52b904e5c47d,The Miracle of Castel di Sangro: A Tale of Passion and Folly in the Heart of Italy,Joe McGinniss,openlibrary_work,high,True,203,15,1,1,0,4
book_c8438888b82527fb,The Everglades: River of Grass,Marjory Stoneman Douglas,openlibrary_work,high,True,150,10,0,4,0,3
book_896446388af9ee7e,The Power of One,Bryce Courtenay,openlibrary_work,high,True,120,4,0,1,0,3
book_d00bf154c17dabab,The Legend Begins,Isobelle Carmody,openlibrary_work,high,True,159,19,0,0,0,2
book_9fdc42bce0266ddf,Jurassic Park,Michael Crichton,openlibrary_work,high,True,26,54,14,6,3,5
book_e8abcfe37238520a,Joan of Arc,Patrice Selene,openlibrary_work,high,True,46,9,1,1,1,5
book_c57e409771a4c17c,"Dune (Dune, #1)",Frank Herbert,openlibrary_work,high,True,145,20,0,0,0,2
book_256e3d25d3666b02,Tweet Cute,Emma    Lord,openlibrary_work,high,True,248,2,0,2,1,4
book_c74ce30d1b06d1f3,"A Rogue of One's Own (A League of Extraordinary Women, #2)",Evie Dunmore,openlibrary_work,high,True,188,0,0,0,0,1
book_55f80974a62002ad,"Float Plan (Beck Sisters, #1)",Trish Doller,openlibrary_work,high,True,149,12,0,0,0,2
book_1fe6d672f090ee76,Call Us What We Carry,Amanda Gorman,openlibrary_work,high,True,104,13,0,0,0,2
book_cbd179756d0c8953,The Clan of the Cave Bear,Jean M. Auel,openlibrary_work,high,True,160,27,7,0,1,4
book_64fe8ba99bfd7074,Second First Impressions,Sally  Thorne,openlibrary_work,high,True,389,1,0,0,0,2
book_e43eefd778c21f81,When Stars Are Scattered,Omar Mohamed,openlibrary_work,high,True,192,23,0,3,0,3
book_3137633f5c33aa11,"Written in the Stars (Written in the Stars, #1)",Alexandria Bellefleur,openlibrary_work,high,True,235,30,2,0,0,3
book_7182ce6089ccb10a,This Time Next Year,Sophie Cousens,openlibrary_work,high,True,219,11,0,0,0,2
book_d5437db21e1076ee,"Before the Coffee Gets Cold (Before the Coffee Gets Cold, #1)",Toshikazu Kawaguchi,openlibrary_work,high,True,128,22,3,2,0,4
book_1ff97fe3041f78bb,"Wishes and Wellingtons (Wishes and Wellingtons, #1)",Julie Berry,openlibrary_work,high,True,95,1,0,0,0,2
book_b4af5b8efbbccae8,Bringing Down the Duke,Evie Dunmore,openlibrary_work,high,True,243,0,0,0,0,1
book_8d21d0ed0858b62a,Flying Over Water,Shannon Hitchcock,openlibrary_work,high,True,191,2,0,0,0,2
book_67b1b67773cfa9a5,"Hawaiki Rising: Hōkūle‘a, Nainoa Thompson, and the Hawaiian Renaissance",Sam Low,openlibrary_work,high,True,260,3,0,0,0,2
book_52a6d3ebcc0c4539,Hula for the Home Front (American Girl: Nanea #2),Kirby Larson,openlibrary_work,high,True,101,2,0,1,0,3
book_388a39e496485e0a,"Love, Unscripted",Owen Nicholls,openlibrary_work,high,True,271,1,0,0,0,2
book_3909f2d97055212b,Love Sold Separately,Ellen Meister,openlibrary_work,high,True,181,4,0,0,0,2
book_1f395a50d2968dcf,Where To Begin: A Small Book About Your Power to Create Big Change in Our Crazy World,Cleo Wade,isbn,high,False,240,0,0,0,0,1
book_ae47cc708e4904a2,Florida,Lauren Groff,openlibrary_work,high,True,96,13,0,1,0,3
book_707c4167bd2b638c,I Can Make This Promise: A Heartfelt Story about Family Secrets and Native American Identity for Children (Ages 8-12),Christine  Day,openlibrary_work,high,True,150,2,0,0,0,2
book_a33b74a4e983d43a,Chula the Fox,Anthony  Perry,openlibrary_work,high,True,195,0,0,0,0,1
book_1c9be7c86e238907,"Not the Girl You Marry (The Nolans, #1)",Andie J. Christopher,openlibrary_work,high,True,214,1,0,0,0,2
book_500c94480470e327,Arches Enemy (National Park Mystery #5),Scott Graham,openlibrary_work,high,True,56,1,0,0,0,2
book_c36bd1946a5e773a,"Tears of the Giraffe (No. 1 Ladies' Detective Agency, #2)",Alexander McCall Smith,openlibrary_work,high,True,166,34,0,2,0,3
book_3b2e2bdf3c336ce1,The Future of Humanity,Michio Kaku,openlibrary_work,high,True,65,9,0,0,0,2
book_5fbd1110ed4a7bc9,Yosemite Fall (National Park Mystery #4),Scott Graham,openlibrary_work,high,True,169,3,0,0,0,2
book_4eac6529c7bab249,Nikki on the Line,Barbara Carroll Roberts,openlibrary_work,high,True,205,21,0,0,0,2
book_7eed60f8a31974b5,Ronan Boyle and the Bridge of Riddles (Ronan Boyle #1),Thomas Lennon,openlibrary_work,high,True,197,8,0,0,0,2
book_8695d63e3883c94c,"The Double-Edged Sword (The Nowhere Chronicles, #1)",Sarah Pinborough,openlibrary_work,high,True,213,5,0,0,0,2
book_41704f7285ecbd1c,"Carry On (Simon Snow, #1)",Rainbow Rowell,openlibrary_work,high,True,150,31,1,3,1,5
book_1635c3d4b962367a,Your Happiest You: The Care & Keeping of Your Mind and Spirit (American Girl® Wellbeing),Judy Woodburn,openlibrary_work,high,True,101,3,0,0,0,2
book_3d0010515f10a6f3,Hula for the Home Front (American Girl: Nanea #2),Kirby Larson,openlibrary_work,high,True,101,25,0,0,0,2
book_2a14dc9014ef5cb5,Pearl Harbor (American Girl: Real Stories From My Time) (4),Jennifer Swanson,openlibrary_work,high,True,131,11,0,2,0,3
book_c9c13338a9ebce7a,Baker's Magic,Diane Zahler,openlibrary_work,high,True,93,16,0,0,0,2
book_97d4b777ea75cd8a,"Yellowstone Standoff (National Park Mystery, #3)",Scott Graham,openlibrary_work,high,True,82,4,0,1,0,3
book_5b490bfb15c2f159,Lemons,Melissa Savage,openlibrary_work,high,True,189,19,0,0,0,2
book_9aefd0657ab0c7fe,Rhythms of Change in Rocky Mountain National Park,Ellen Wohl,openlibrary_work,high,True,304,8,0,0,0,2
book_b07b7953ee9c010a,"Daring Greatly: How the Courage to Be Vulnerable Transforms the Way We Live, Love, Parent, and Lead",Brené Brown,openlibrary_work,high,True,378,7,0,0,0,2
book_451e662caa463536,A Whole New World,Liz Braswell,openlibrary_work,high,True,139,11,1,0,0,3
book_c256a679ea53805a,Level Up Your Life: How to Unlock Adventure and Happiness by Becoming the Hero of Your Own Story,Steve Kamb,openlibrary_work,high,True,185,3,0,0,0,2
book_410914c36fda7d8f,Grayling's Song,Karen Cushman,openlibrary_work,high,True,185,17,0,0,0,2
book_89ddcbb3bcbc08d7,Twilight / Life and Death (The Twilight Saga),Stephenie Meyer,openlibrary_work,high,True,270,11,0,0,0,2
book_62be21d78fddea90,Starry Night,Isabel Gillies,openlibrary_work,high,True,167,22,0,0,0,2
book_e546bb450abd8bf7,The Rosie Effect,Graeme Simsion,openlibrary_work,high,True,175,37,0,1,0,3
book_b56d6d95ab2d8c0c,"Royal Wedding (The Princess Diaries, #11)",Meg Cabot,openlibrary_work,high,True,165,6,0,0,0,2
book_ccd537c151b13dfa,"Pax (Pax, #1)",Sara Pennypacker,openlibrary_work,high,True,155,33,0,0,0,2
book_7336b41b1c956ba0,"The Whispering Trees (The Thickety, #2)",J.A. White,openlibrary_work,high,True,129,14,0,0,0,2
book_67cfd1323c2cd59f,"Mountain Rampage (National Park Mystery, #2)",Scott Graham,openlibrary_work,high,True,53,4,0,1,0,3
book_24a1a1b28ccf0c8f,"Across a Star-Swept Sea (For Darkness Shows the Stars, #2)",Diana Peterfreund,openlibrary_work,high,True,189,9,0,0,0,2
book_976a1bef6b82402b,Braiding Sweetgrass,Robin Wall Kimmerer,openlibrary_work,high,True,302,365,16,11,0,4
book_3edfd5bc3160896c,On Such a Full Sea,Chang-rae Lee,openlibrary_work,high,True,354,5,0,0,0,2
book_63e9141f75e6ef64,S.,J.J. Abrams,openlibrary_work,high,True,242,18,0,0,0,2
book_96d7ba6d7c5a61e7,"The Order of the Unicorn (The Imaginary Veterinary, #4)",Suzanne Selfors,openlibrary_work,high,True,162,4,0,0,0,2
book_42a5a16a8abc153b,One Year in Coal Harbor (Coal Harbour #2),Polly Horvath,openlibrary_work,high,True,116,8,0,1,0,3
book_c10d23fdb8d0bc42,Who Could That Be At This Hour? (All The Wrong Questions #1),Lemony Snicket,openlibrary_work,high,True,59,16,0,0,0,2
book_95f2f167752a1a8d,"The Pirate's Wish (The Assassin's Curse, #2)",Cassandra Rose Clarke,openlibrary_work,high,True,119,5,0,0,0,2
book_d333b201ac1a338c,Gratitude Works!: A 21-Day Program for Creating Emotional Prosperity,Robert A. Emmons,openlibrary_work,high,True,94,3,0,0,0,2
book_b80b756ca2a215a7,99 Things to Do When You Have the Time,M.H. Clark,openlibrary_work,high,True,45,2,0,0,0,2
book_1bf5bc4ed442169b,Bringing Nature Home: How You Can Sustain Wildlife with Native Plants,Douglas W. Tallamy,openlibrary_work,high,True,200,10,0,1,0,3
book_5c52663494ef94c7,Squirrel Seeks Chipmunk: A Modest Bestiary,David Sedaris,openlibrary_work,high,True,120,17,0,0,0,2
book_980373bf48ab5c95,"Aloha, Kanani",Lisa Yee,openlibrary_work,high,True,142,10,0,0,1,3
book_5b8cb7084a71ba8f,Flourish: A Visionary New Understanding of Happiness and Well-being,Martin E.P. Seligman,openlibrary_work,high,True,368,20,0,0,0,2
book_58013e4869cfb19d,Spark: The Revolutionary New Science of Exercise and the Brain,John J. Ratey,openlibrary_work,high,True,181,4,0,0,0,2
book_93a0c2905c8adfbd,"Endurance Ride (Saddle Club, #69)",Bonnie Bryant,openlibrary_work,high,True,66,3,0,0,0,2
book_cdfca47747b5a897,"The Mystery at Dracula's Castle: Transylvania, Romania (Around the World in 80 Mysteries (Paperback))",Carole Marsh,openlibrary_work,high,True,268,7,0,0,0,2
book_02b36f8d4b23c34e,Scones and Sensibility,Lindsay Eland,openlibrary_work,high,True,210,7,0,0,0,2
book_2010fb81f3a0d6b1,Bringing Down the House: The Inside Story of Six M.I.T. Students Who Took Vegas for Millions,Ben Mezrich,openlibrary_work,high,True,139,12,0,4,0,3
book_8d349d949e2a576c,The Mystery in the Amazon Rainforest: South America (Around the World in 80 Mysteries (Paperback)),Carole Marsh,openlibrary_work,high,True,441,0,0,0,0,1
book_8148b4a4b59c4d07,The Mystery at Kill Devil Hills,Carole Marsh,openlibrary_work,high,True,22,5,0,0,0,2
book_64b27235732e4047,A Spell for Chameleon (Xanth #1),Piers Anthony,openlibrary_work,high,True,173,6,1,0,0,3
book_d2b7960a88d5f4a2,"The Wright Three (Chasing Vermeer, #2)",Blue Balliett,openlibrary_work,high,True,126,3,0,0,0,2
book_098583d375418b17,The Invisible Life of Addie LaRue,V.E. Schwab,openlibrary_work,high,True,102,11,0,0,0,2
book_b98b8b7b5563f009,Honey Bee Mine,Sarah T. Dubb,isbn,high,False,307,0,0,0,0,1
book_23074e3972a8f7d4,How To Try Again: The No-Guilt Guide to Making Changes That Stick,Steve Kamb,isbn,high,False,231,0,0,0,0,1
book_8dc9c3c3f46477fa,How to Try Again: An Approachable Guide to Navigating Chaos and Making Change THAT STICKS,Steve Kamb,isbn,high,False,146,0,0,0,0,1
book_c11df64bd14477d3,"Rolls and Rivalry (Gaming and Romance, #3)",Kristy Boyce,isbn,high,False,162,0,0,0,0,1
book_2bae7a2f522efbb3,If You Were Here,Abigail   Johnson,isbn,high,False,206,0,0,0,0,1
book_6e22d3748f8e1f39,Not that Kind of Proposal,Victoria Lavine,isbn,high,False,275,0,0,0,0,1
book_4870fdbce4215054,"Yes, Chef",Grace Reilly,isbn,high,False,210,0,0,0,0,1
book_57bb14e942ec3c89,Great Big Beautiful Life,Emily Henry,openlibrary_work,high,True,282,0,0,0,0,1
book_9360c1ee0c7c01b1,"Fire and Ice (Boston Bobcats, #2)",Carly Robyn,title_author,medium,False,249,0,0,0,0,1
book_e68c65a07cfb15b9,Paws for Connection (Pages and Paws Book 1),Jeanine Lauren,isbn,high,False,193,0,0,0,0,1
book_ce7daaaf51708175,The Roommate Rule,Georgia  Stone,isbn,high,False,265,0,0,0,0,1
book_4bfd56743b8acd42,Something Selfish (Sterling Springs Book 1),Dakota Forest,title_author,medium,False,239,0,0,0,0,1
book_41178319f9d0bd21,Golden Hour,Stephanie  Blackburn,title_author,medium,False,251,0,0,0,0,1
book_0d22634f2c2343b3,"Flow (The New Bradfords, #3)",Tia Louise,title_author,medium,False,286,0,0,0,0,1
book_8307d3107d1e4bf1,Good at Being Alive,Elizabeth O'Roark,title_author,medium,False,287,0,0,0,0,1
book_4637fc852d23e89c,Scandal of the Summer,Alexandra Vasti,openlibrary_work,high,True,211,0,0,0,0,1
book_f21f130ee8190eb9,Evening the Score,Lexi LaFleur Brown,openlibrary_work,high,True,289,3,0,2,0,3
book_5d9863cecd2fa151,To Vex & To Hex,Neena Noon,isbn,high,False,265,0,0,0,0,1
book_d9d086628fb6fa55,You Jump First,Myah Ariel,title_author,medium,False,221,0,0,0,0,1
book_1bdabc6c5058bfec,Annie Knows Everything,Rachel Wood,openlibrary_work,high,True,429,0,0,0,0,1
book_5db911923095da0f,"Lost and Found (Spunes, OR, #3)",Tarah DeWitt,openlibrary_work,high,True,181,0,0,0,0,1
book_6e4e4aee548d61e2,"Queen of Faces (Queen of Faces, #1)",Petra Lord,openlibrary_work,high,True,240,0,0,0,0,1
book_b7c765bfa01f5a30,Deep End,Ali Hazelwood,openlibrary_work,high,True,176,1,0,0,0,2
book_d9200e750552c969,Meet Me Under the Northern Lights,Emily  Kerr,openlibrary_work,high,True,109,0,0,0,0,1
book_6bd1757f1f0c2896,Let the Games Begin,Rufaro Faith Mazarura,openlibrary_work,high,True,223,0,0,0,0,1
book_a5b87917c334bd8f,The Surfer (Surfer Town #1),Rebecca Castle,openlibrary_work,high,True,230,0,0,0,0,1
book_4e4172376a5c1c1b,"The Summer We Fell (The Summer, #1)",Elizabeth O'Roark,openlibrary_work,high,True,70,1,0,0,0,2
book_249620cd80434c3a,Beyond the Break (Saltwater Springs #1),Tanisha Headley,isbn,high,False,210,0,0,0,0,1
book_162853f328f0803c,"The Tides Between Us (Orchid City, #3)",Cali Melle,openlibrary_work,high,True,208,1,0,0,0,2
book_40d1eb3ae8370500,On a Flight to Sydney (Love Along the Way #1),J.A.  Forde,title_author,medium,False,245,0,0,0,0,1
book_7a3f13c4145276ba,For Butter or for Worse (Sweet Coastal Kisses),Dana LeCheminant,title_author,medium,False,208,0,0,0,0,1
book_45cab445efc79ecb,Heathen & Honeysuckle,Sarah A. Bailey,openlibrary_work,high,True,232,1,0,0,0,2
book_ff8ba1f8044283d0,"Ripple Effect (Coastal University, #3)",Ki Stephens,openlibrary_work,high,True,202,1,0,0,0,2
book_857a2a8d94a60ac1,Polo Fever,Katherine  Reilly,isbn,high,False,166,0,0,0,0,1
book_ccb2aa051f965487,"The Assassin and the Desert (Throne of Glass, #0.3)",Sarah J. Maas,openlibrary_work,high,True,70,10,0,0,0,2
book_7349d468da49ca6b,"The Assassin and the Healer (Throne of Glass, #0.2)",Sarah J. Maas,openlibrary_work,high,True,41,4,0,0,0,2
book_1f07468dc519ab84,"The Assassin and the Pirate Lord (Throne of Glass, #0.1)",Sarah J. Maas,openlibrary_work,high,True,72,4,0,0,0,2
book_014ded78530b83d3,Tinkering with Love (Rock Falls #1),Aliyah Burke,openlibrary_work,high,True,182,0,0,0,0,1
book_7d267919ebd29db1,Written by a Woman (Sun Steer Tech #1),Andrea   Andersen,openlibrary_work,high,True,205,2,0,0,0,2
book_ecd68c51f52b2939,How to Hide an Empire: A History of the Greater United States,Daniel Immerwahr,openlibrary_work,high,True,235,12,0,2,0,3
book_d37486a5be195d5a,Harbingers of Death: The Complete Series,LeAnn Mason,title_author,medium,False,251,0,0,0,0,1
book_4de4eec905f5cc04,Hope Drowned: a unique and mysterious YA Disaster Dystopian (Deadly Earth),L.B. Carter,title_author,medium,False,349,0,0,0,0,1
book_1da5c040393566d6,Chopped,L.B. Carter,title_author,medium,False,11,0,0,0,0,1
book_81643a1325201f4c,Bloodsport,C.L. Cannon,openlibrary_work,high,True,32,2,0,0,0,2
book_9b7b0454ff2279d0,From the Deep,C.L. Cannon,openlibrary_work,high,True,53,2,0,0,0,2
book_0e6f1b03d07c74eb,Loan Soul Series Books 1-4 (Loan Soul),L.B. Carter,title_author,medium,False,323,0,0,0,0,1
book_e4c097cb7156a269,"Night Stalker (Branwyn Blood: The Exiled Fae of Texas, #0.5)",L.B. Carter,title_author,medium,False,178,0,0,0,0,1
book_4047d748110b00ae,"Shadow Keeper (Branwyn Blood: The Exiled Fae of Texas, #2)",L.B. Carter,title_author,medium,False,225,0,0,0,0,1
book_627e3599c6049c4e,"The Quick Dead Fox (Loan Soul, #0.5)",L.B. Carter,title_author,medium,False,183,0,0,0,0,1
book_89aefc9e6d88ceb2,Deadly Earth Omnibus,L.B. Carter,title_author,medium,False,228,0,0,0,0,1
book_3ab79b0f52845be3,Fish(y) out of Water,L.B. Carter,title_author,medium,False,112,0,0,0,0,1
book_808547d1138962e5,Love Deserted (Climatic Climacteric Trilogy #3),L.B. Carter,title_author,medium,False,289,0,0,0,0,1
book_5dd7b27401165f4d,Trust Burned (Climatic Climacteric Trilogy #2),L.B. Carter,title_author,medium,False,275,0,0,0,0,1
book_52f867c1ef4db8fb,"Four Poor Souls (Loan Souls, #4)",L.B. Carter,title_author,medium,False,153,0,0,0,0,1
book_4142a69f0f10b15e,"Shifters Cliff (The Fox and the Howl, #3)",L.B. Carter,title_author,medium,False,200,0,0,0,0,1
book_76cf75b5c72cff31,"Three Broke Souls (Loan Soul, #3)",L.B. Carter,title_author,medium,False,192,0,0,0,0,1
book_104094744d52340e,"Witches Bridge (The Fox and the Howl, #2)",L.B. Carter,title_author,medium,False,181,0,0,0,0,1
book_2e4ee8b8f6cbc934,"Body Snatcher (Branwyn Blood: The Exiled Fae of Texas, #1)",L.B. Carter,title_author,medium,False,174,0,0,0,0,1
book_f746275f4002cbe7,Hope Drowned (Climatic Climacteric Trilogy #1),L.B. Carter,title_author,medium,False,213,0,0,0,0,1
book_7de3fdad0a526b4d,"Two Sold Mates (Loan Soul, #2)",L.B. Carter,title_author,medium,False,211,0,0,0,0,1
book_2e6676f21f00a473,"Grave Notice (Harbingers of Death, #3)",L.B. Carter,title_author,medium,False,183,0,0,0,0,1
book_f3487a59f28b7cda,"Fatal Sight (Harbingers of Death, #2)",L.B. Carter,title_author,medium,False,182,0,0,0,0,1
book_91c0d7acf2923eee,"Wolves Wood (The Fox and the Howl, #1)",L.B. Carter,title_author,medium,False,222,0,0,0,0,1
book_72d07b0281265de8,"One Loan Soul (Loan Soul, #1)",L.B. Carter,openlibrary_work,high,True,201,0,0,0,0,1
book_ed1b052cf6d75401,"Mortal Scream (Harbingers of Death, #1)",L.B. Carter,title_author,medium,False,170,0,0,0,0,1
book_dd70a67994f9b806,"Plot Twist (The Hollywood Series, #2)",Erin La Rosa,openlibrary_work,high,True,267,0,0,0,0,1
book_1d82ce1d3113c812,On Thin Ice,Olivia   Belle,title_author,medium,False,253,0,0,0,0,1
book_f99782f659d14207,Save the Date,Mallory Kass,openlibrary_work,high,True,259,0,0,0,0,1
book_0e14ec2933cc9b52,Racing Hearts,Ann  Adams,isbn,high,False,210,0,0,0,0,1
book_1cc5629f2e25bc53,Ride the Wave,Katherine  Reilly,openlibrary_work,high,True,222,0,0,0,0,1
book_51def82bcde74f69,The Comfort of Crows: A Backyard Year,Margaret   Renkl,isbn,high,False,287,0,0,0,0,1
book_3e2ec577fea65f3c,Resting Scrooge Face,Meghan Quinn,isbn,high,False,203,0,0,0,0,1
book_a3de175a53ff7796,"Sweetest in the Gale (There's Something About Marysburg, #3)",Olivia Dade,openlibrary_work,high,True,446,0,0,0,0,1
book_8eff28a2598841e0,"A Witch's Guide to Fake Dating a Demon (Glimmer Falls, #1)",Sarah Hawley,openlibrary_work,high,True,245,0,0,0,0,1
book_abeb0b53c0a0a709,"The Whiteboard Daily Book of Cues: A Visual Guide to Efficient Movement for Coaches, Trainers, and Athletes",Karl Eagleman,isbn,high,False,231,0,0,0,0,1
book_1c6ebfe79606f8f2,Spark: The Revolutionary New Science of Exercise and the Brain,John J. Ratey,title_author,medium,False,180,0,0,0,0,1
book_a3c0008074694555,My Killer Vacation,Tessa Bailey,openlibrary_work,high,True,245,0,0,0,0,1
book_f760e436b034cea3,"The Body Keeps the Score: Brain, Mind, and Body in the Healing of Trauma",Bessel van der Kolk,title_author,medium,False,182,0,0,0,0,1
book_f1b7b5c2ff65bee3,Faker,Sarah        Smith,openlibrary_work,high,True,185,1,0,0,0,2
book_bcef08a7e72cea51,"Blindsided (Harris Brothers World, #2)",Amy Daws,openlibrary_work,high,True,177,0,0,0,0,1
book_4de649b97a3de65b,"No Offense (Little Bridge Island, #2)",Meg Cabot,openlibrary_work,high,True,354,3,0,0,0,2
book_6bed80053d450fb2,Where the Deer and the Antelope Play: The Pastoral Observations of One Ignorant American Who Loves to Walk Outside,Nick Offerman,openlibrary_work,high,True,299,7,0,0,0,2
book_9bd61cb6a96f5020,"The Sword of Summer (Magnus Chase and the Gods of Asgard, #1)",Rick Riordan,openlibrary_work,high,True,174,30,11,1,1,5
book_5a5bdc4966271f87,"The Ex Hex (The Ex Hex, #1)",Erin Sterling,openlibrary_work,high,True,215,1,0,0,0,2
book_7171c8ecd58b78af,Shipped,Angie Hockman,openlibrary_work,high,True,264,2,0,1,0,3
book_6d2b355684a8e310,The Love That Split the World,Emily Henry,openlibrary_work,high,True,194,8,0,1,0,3
book_0eee64735fefecf1,"The Knife of Never Letting Go (Chaos Walking, #1)",Patrick Ness,openlibrary_work,high,True,153,35,0,1,0,3
book_fb8f6b8750793385,Love Your Life,Sophie Kinsella,openlibrary_work,high,True,283,1,0,0,0,2
book_7c49dfd5f57825b1,"The Great Indoors: The Surprising Science of How Buildings Shape Our Behavior, Health, and Happiness",Emily Anthes,openlibrary_work,high,True,275,6,0,0,0,2
book_569e68ae4ca4dad1,The 99% Invisible City: A Field Guide to the Hidden World of Everyday Design,Roman Mars,openlibrary_work,high,True,208,13,0,0,0,2
book_1037a14d5f5e335b,The Switch,Beth O'Leary,openlibrary_work,high,True,208,2,0,0,0,2
book_ce38b163b62aa525,Money: The True Story of a Made-Up Thing,Jacob Goldstein,openlibrary_work,high,True,243,11,0,0,0,2
book_e0ffc837d17d19d5,"The Wee Free Men (Discworld, #30; Tiffany Aching, #1)",Terry Pratchett,openlibrary_work,high,True,218,30,0,0,1,3
book_9318dc8b341ffcfd,Circe,Madeline Miller,openlibrary_work,high,True,186,40,43,0,1,4
book_bfa4944a5ad0ad3f,Summer Days and Summer Nights: Twelve Love Stories,Stephanie Perkins,openlibrary_work,high,True,186,16,0,0,0,2
book_32c732a9b3657eb5,The Military Guide to Financial Independence and Retirement,Doug Nordman,openlibrary_work,high,True,74,6,0,0,0,2
book_f55db5a147b233a8,The Squat Bible: The Ultimate Guide to Mastering the Squat and Finding Your True Strength,Aaron Horschig,title_author,medium,False,192,0,0,0,0,1
book_f4ff40368c7ecacc,"Mind the Gap, Dash & Lily (Dash & Lily, #3)",Rachel Cohn,openlibrary_work,high,True,165,3,0,0,0,2
book_1de87e2ddb5cc056,"The Twelve Days of Dash & Lily (Dash & Lily, #2)",Rachel Cohn,openlibrary_work,high,True,85,9,0,1,0,3
book_52dbebf8ae240475,"Act Like It (London Celebrities, #1)",Lucy  Parker,openlibrary_work,high,True,145,4,0,0,0,2
book_35d62544e6939ac2,"The Duke and I (Bridgertons, #1)",Julia Quinn,openlibrary_work,high,True,242,8,3,2,1,5
book_54b07a9eeb545052,"When in Rome (When in Rome, #1)",Sarah       Adams,openlibrary_work,high,True,211,3,0,0,0,2
book_1f9643edf659df5d,Laura's Lion,Rosie Meleady,openlibrary_work,high,True,236,0,0,0,0,1
book_107c419faf705a8e,"A Tempest of Tea (Blood and Tea, #1)",Hafsah Faizal,openlibrary_work,high,True,172,0,0,0,0,1
book_5da53cbb5e30efae,The Spare Room,Laura Starkey,isbn,high,False,188,0,0,0,0,1
book_afc7f6b0489c27ec,Twelfth Knight,Alexene Farol Follmuth,openlibrary_work,high,True,275,0,0,0,0,1
book_7148c24d63d32a91,Surrounded by Science: Learning Science in Informal Environments (STEM Education),National Research Council,openlibrary_work,high,True,127,7,0,0,0,2
book_5c5ff55210130cf2,How to Not Always Be Working: A Toolkit for Creativity and Radical Self-Care – A Workbook for Creating Sacred Space in a Connected World,Cody Cook-Parrott,openlibrary_work,high,True,289,11,0,0,0,2
book_a17216a32421ef86,"Getaway Girl (Girl, #1)",Tessa Bailey,openlibrary_work,high,True,174,0,0,0,0,1
book_a6bee7b0862f61d1,"Pucked Under (Pucked, #4.5)",Helena Hunting,openlibrary_work,high,True,154,0,0,0,0,1
book_fe29d627ab344e1e,The Marigold Mind Laundry,Yun Jung-eun,isbn,high,False,30,0,0,0,0,1
book_40c5d6341fb3eed3,What You Are Looking for is in the Library,Michiko Aoyama,title_author,medium,False,165,0,0,0,0,1
book_75c4bd137c105d9e,On Tyranny: Twenty Lessons from the Twentieth Century,Timothy Snyder,openlibrary_work,high,True,88,22,0,1,1,4
book_351cbd34e72ad0e5,"The Ornithologist's Field Guide to Love (Love's Academic, #1)",India Holton,openlibrary_work,high,True,164,0,0,0,0,1
book_b018df578e59974c,Want: Sexual Fantasies by Anonymous (Submitted by Anonymous),Gillian Anderson,title_author,medium,False,241,0,0,0,0,1
book_e0325dc4ed5d2a88,Hate Mail,Donna  Marchetti,openlibrary_work,high,True,103,1,0,0,0,2
book_9a0e4594f93d8450,"Game On (Philadelphia Bulldogs, #6)",Danica Flynn,openlibrary_work,high,True,195,2,0,0,0,2
book_224387a10ae3a90e,Science Matters: Achieving Scientific Literacy,Robert M. Hazen,title_author,medium,False,146,0,0,0,0,1
book_80e72fa6357f3134,Kilt Trip,Alexandra Kiley,openlibrary_work,high,True,206,0,0,0,0,1
book_a5dfb27632fa1bd8,"Beg, Borrow, or Steal (When in Rome, #3)",Sarah       Adams,openlibrary_work,high,True,247,1,0,0,0,2
book_ab6972351da3dc59,Only a Rake Will Do,Christina Diane,isbn,high,False,252,0,0,0,0,1
book_5bd4e5da82326cfe,Something Like Fate,Amy  Lea,isbn,high,False,190,0,0,0,0,1
book_02a95fac341d226b,So Into You,Kathleen Fuller,openlibrary_work,high,True,266,0,0,0,0,1
book_b7303e25efd4d619,Flirting with Disaster,Naina Kumar,openlibrary_work,high,True,260,1,0,0,0,2
book_8c356e6aadfcc5c4,Veiled in Stars and Silver,J. Ann Curtis,title_author,medium,False,179,0,0,0,0,1
book_96f13c6c6e024927,"He's Not My Type (The Vancouver Agitators, #4)",Meghan Quinn,openlibrary_work,high,True,245,1,0,0,0,2
book_39879aadb1b32cc2,An Overdue Match (Checking Out Love Book #1),Sarah Monzon,openlibrary_work,high,True,240,0,0,0,0,1
book_28423b9a6a96e81c,Scot and Bothered,Alexandra Kiley,openlibrary_work,high,True,209,0,0,0,0,1
book_e2f9916ecc3798a3,Rules for Second Chances,Maggie  North,openlibrary_work,high,True,237,0,0,0,0,1
book_dd04bc7a25d605b0,Elements of Indigenous Style: A Guide for Writing By and About Indigenous Peoples,Gregory Younging,isbn,high,False,119,0,0,0,0,1
book_b8375feee13373b3,"Math Games with Bad Drawings: 75 1/4 Simple, Challenging, Go-Anywhere Games—And Why They Matter",Ben Orlin,title_author,medium,False,136,0,0,0,0,1
book_86e5569534037756,My Hygge Home: How to Make Home Your Happy Place,Meik Wiking,openlibrary_work,high,True,209,0,0,0,0,1
book_84e8db91eddcf76c,"Long Live Evil (Time of Iron, #1)",Sarah Rees Brennan,openlibrary_work,high,True,226,0,0,0,0,1
book_794669efa4a3cb73,Zomromcom (Supernatural Entanglements Book 1),Olivia Dade,openlibrary_work,high,True,252,1,0,0,0,2
book_eb438be8c08eb531,"Enemies With Benefits (Loveless Brothers, #1)",Roxie Noir,openlibrary_work,high,True,217,0,0,0,0,1
book_96dc9709ba9ea2e6,The Lending Library,Aliza Fogelson,openlibrary_work,high,True,180,1,0,0,0,2
book_986bf493c3f4c169,Two Can Play,Ali Hazelwood,openlibrary_work,high,True,127,0,0,0,0,1
book_b909fbf9a244f5d8,First Witches Club,Maisey Yates,isbn,high,False,245,0,0,0,0,1
book_49a4118cc6fbf459,Little Miss Petty,Sally Kilpatrick,isbn,high,False,223,0,0,0,0,1
book_c7bc715c8083bfd7,"Kingdom of Waves (Kingdom of Waves, #1)",Melissa de la Cruz,isbn,high,False,178,0,0,0,0,1
book_5cbd2acf7cc73c54,"Hart's Landing (Hart's Landing, #1)",Melanie Harlow,openlibrary_work,high,True,247,0,0,0,0,1
book_c2bb2e082b4343a8,Purple State,Dana Perino,openlibrary_work,high,True,335,0,0,0,0,1
book_e9efd9e2f9039150,"More than Friends (Pembroke Hills, #3)",Kat Singleton,openlibrary_work,high,True,168,0,0,0,0,1
book_174f4f9e54b0daa9,Student Union (The Undergrads #1),Julie   Murphy,openlibrary_work,high,True,319,0,0,0,0,1
book_023633bbf0117a08,The Someday Garden,Ashley Poston,openlibrary_work,high,True,241,0,0,0,0,1
book_76ff1bc55bbc441f,An Infinite Love Story,Chanel Cleeton,openlibrary_work,high,True,234,0,0,0,0,1
book_63ec0431094f3965,The Final Score,Lana Ferguson,openlibrary_work,high,True,260,0,0,0,0,1
book_dea2e8ebf9e7ce35,"Lassoed Love (Silver Saddle Ranch, #2)",Ann Einerson,isbn,high,False,209,0,0,0,0,1
book_2175c9ec802ca131,Wait With Me,Amy Daws,openlibrary_work,high,True,233,1,0,0,0,2
book_01fa0b676b74c7cd,Rules for the Summer,Meghan Quinn,openlibrary_work,high,True,224,1,0,0,0,2
book_85893a56e077ab04,The Book Witch,Meg Shaffer,openlibrary_work,high,True,245,0,0,0,0,1
book_323fbe737382c7a4,"Princeweaver (Land of the Wildest Skies, #1)",Elian J. Morgan,title_author,medium,False,175,0,0,0,0,1
book_fad7a37700a40d7e,Algospeak: How Social Media Is Transforming the Future of Language,Adam Aleksic,isbn,high,False,330,0,0,0,0,1
book_a56e2e94f8561e39,Match Point,Katherine  Reilly,openlibrary_work,high,True,156,0,0,0,0,1
book_b0745e9634742fcf,"The P*ssy Next Door (The Cocky Kingmans, #3)",Amy Award,openlibrary_work,high,True,179,0,0,0,0,1
book_edd5e8f970341c53,"The Wild Card (Vancouver Storm, #5)",Stephanie  Archer,openlibrary_work,high,True,162,0,0,0,0,1
book_2d01fdbc1284c44e,"Right Man, Right Time (The Vancouver Agitators, #3)",Meghan Quinn,openlibrary_work,high,True,176,1,0,0,0,2
book_94b9ea8e1f88d164,"The Score (Off-Campus, #3)",Elle Kennedy,openlibrary_work,high,True,185,2,0,0,0,2
book_cba963a1168220da,"Lovelight Farms (Lovelight, #1)",B.K. Borison,openlibrary_work,high,True,179,9,3,0,0,3
book_f9f724503fae90ce,The Major's Welcome Home,Tessa Bailey,title_author,medium,False,173,0,0,0,0,1
book_51dfd2fa69135d1c,"Musical Games (Kinloch, #4)",Evie Alexander,isbn,high,False,175,0,0,0,0,1
book_b63e592030e0fb56,A Merry Little Meet Cute,Julie   Murphy,openlibrary_work,high,True,287,0,0,0,0,1
book_03554c77b6161d17,Year of No Clutter,Eve O. Schaub,openlibrary_work,high,True,188,8,1,1,0,4
book_0fa9e8aeed28d398,"Lost and Found (Sanctuary, #1)",Katharine  Sadler,title_author,medium,False,251,0,0,0,0,1
book_e18f690eb05b0872,"Pitcher Perfect (Big Shots, #4)",Tessa Bailey,openlibrary_work,high,True,257,0,0,0,0,1
book_ddc400bb1e9af347,"Christmas Games (Kinloch series, #6)",Evie Alexander,isbn,high,False,172,0,0,0,0,1
book_e0c41d8b2d8ac4f0,"Wedding Games (Kinloch, #5)",Evie Alexander,openlibrary_work,high,True,170,0,0,0,0,1
book_e686f766e48d7fe5,"Kissing Games (Kinloch, #3)",Evie Alexander,isbn,high,False,202,0,0,0,0,1
book_b0591ee291c1f46f,"Hollywood Games (Kinloch, #2)",Evie Alexander,openlibrary_work,high,True,178,0,0,0,0,1
book_15682e7e2eff58de,"Highland Games (Kinloch, #1)",Evie Alexander,openlibrary_work,high,True,220,0,0,0,0,1
book_3b94e82269556ff4,Out of the Woods,Hannah Bonam-Young,openlibrary_work,high,True,232,0,0,0,0,1
book_5c18941587fa49e7,"Bad for Business (Pembroke Hills, #2)",Kat Singleton,openlibrary_work,high,True,191,0,0,0,0,1
book_6089d23a1155f29d,These Violet Delights,Madeleine Roux,openlibrary_work,high,True,340,1,0,0,0,2
book_d5dbf2b8941b1558,Half-Light Harbor (Scottish Isles #1),Samantha Young,isbn,high,False,178,0,0,0,0,1
book_f877a775f63a4f26,Time for You,Elizabeth     Davis,isbn,high,False,182,0,0,0,0,1
book_20a72f6ad1475bc5,There's Always Next Year,Leah  Johnson,openlibrary_work,high,True,254,1,0,0,0,2
book_ca15ec7fdc415606,"In Your Dreams (When in Rome, #4)",Sarah       Adams,openlibrary_work,high,True,321,0,0,0,0,1
book_a6f19c1e66a608bb,Cross Your Heart and Hope He Dies,Jenny Elder Moke,isbn,high,False,250,0,0,0,0,1
book_9b4b294571338fa8,The Mating Game,Lana Ferguson,openlibrary_work,high,True,303,1,0,0,0,2
book_15c4707452ab6399,"Get Over It, April Evans (Clover Lake, #2)",Ashley Herring Blake,openlibrary_work,high,True,266,0,0,0,0,1
book_c70227980b8dec46,Both Things Are True,Kathleen  Barber,isbn,high,False,187,0,0,0,0,1
book_90217cd73a6b185c,"The Marriage Method (The Crinoline Academy, #2)",Mimi Matthews,openlibrary_work,high,True,172,1,0,0,0,2
book_868b0b9fce8ddf56,The Holiday Hookup List,Alexis Daria,openlibrary_work,high,True,186,0,0,0,0,1
book_ab9c25e34f6def08,Dancing in the Dark (TV 24 #2),Helene Holmström,openlibrary_work,high,True,100,0,0,0,0,1
book_caf307818bfc30a9,"A Million Times, Yes (The Billionaires of Boston)",Marni Mann,openlibrary_work,high,True,216,0,0,0,0,1
book_52780274ffc656ff,"Homecoming King (Three Kings, #1)",Penny Reid,openlibrary_work,high,True,181,1,0,0,0,2
book_e820691a65da2963,Playing for Possession (Playing the Field #5),Sasha Lace,openlibrary_work,high,True,216,0,0,0,0,1
book_bd0571a357291ceb,The Eight Heartbreaks of Hanukkah,Jean Meltzer,openlibrary_work,high,True,214,0,0,0,0,1
book_5df7a8bcf55889c0,Dirty Laundry,April  Seymour,title_author,medium,False,136,0,0,0,0,1
book_f8c9ee859f217224,"Undeniably Corrupt (Boston's Irresistible Billionaires, #7)",J. Saman,title_author,medium,False,199,0,0,0,0,1
book_1ccbd8e7e8ccfa8c,Formula Dreams (Race Fever #4),Sawyer Bennett,title_author,medium,False,217,0,0,0,0,1
book_39fafab377553143,"Burning Daylight (Defying the Stars, #1)",Emily McIntire,openlibrary_work,high,True,217,0,0,0,0,1
book_32dec3dc9db65892,My Favorite Hero (My Favorite #3),Melanie Moreland,openlibrary_work,high,True,196,0,0,0,0,1
book_3aee30365937131c,Julia Song Is Undateable,Susan  Lee,openlibrary_work,high,True,264,0,0,0,0,1
book_5814494cdcba111b,Fresh Tracks (On the Slopes #3),Dakota Forest,title_author,medium,False,176,0,0,0,0,1
book_c3980a31f55a2d4c,"Seven Year Itch (Mountain Men Matchmaker, #2)",Amy Daws,isbn,high,False,248,0,0,0,0,1
book_4319c22130821ee1,Romance Is Dead,Katie Bohn,openlibrary_work,high,True,210,0,0,0,0,1
book_927d7cd2148b69e7,Last on the List (Wait With Me #5),Amy Daws,openlibrary_work,high,True,175,1,0,0,0,2
book_afd400dfce4e3e28,Birding with Benefits,Sarah T. Dubb,openlibrary_work,high,True,243,0,0,0,0,1
book_fffcebdb7e40bd4d,"Harrow the Ninth (The Locked Tomb, #2)",Tamsyn Muir,openlibrary_work,high,True,231,20,0,0,1,3
book_0e58e94bebe3f2ec,"Gloves Off (Vancouver Storm, #4)",Stephanie  Archer,openlibrary_work,high,True,167,0,0,0,0,1
book_b0e8f8be41e93a5f,"Spiral (Off the Ice, #2)",Bal Khabra,openlibrary_work,high,True,190,1,0,0,0,2
book_fd48e404e74c05e7,Not Safe for Work,Nisha J. Tuli,openlibrary_work,high,True,236,0,0,0,0,1
book_a7a092cf0726994a,Fan Service,Rosie Danan,openlibrary_work,high,True,197,0,0,0,0,1
book_ad932920e70dbb17,"The Dark Is Rising (The Dark Is Rising, #2)",Susan Cooper,openlibrary_work,high,True,92,27,2,4,0,4
book_bd609160ac8344c6,Temple of Swoon,Jo Segura,openlibrary_work,high,True,218,0,0,0,0,1
book_04764d4825d6b646,"Dream Girl Drama (Big Shots, #3)",Tessa Bailey,openlibrary_work,high,True,229,0,0,0,0,1
book_a34c3e84cf33b597,"The Wiener Across the Way (The Cocky Kingmans, #2)",Amy Award,openlibrary_work,high,True,239,1,0,0,0,2
book_1249b9c1c1075c81,"Give Me Butterflies (Oaks Sisters, #1)",Jillian Meadows,openlibrary_work,high,True,247,1,0,0,0,2
book_0ea2507848cf6d7f,Second Tide's the Charm,Chandra Blumberg,openlibrary_work,high,True,179,0,0,0,0,1
book_f9df428d5c8fbdbe,This Spells Love,Kate Robb,openlibrary_work,high,True,213,0,0,0,0,1
book_b3f26851fa81e957,Prime Time Romance,Kate Robb,openlibrary_work,high,True,319,0,0,0,0,1
book_68dcfde5226d2506,Summer at the Scottish Castle,Rachel Bowdler,openlibrary_work,high,True,310,0,0,0,0,1
book_e272ff38c4a3d4f4,Shagged in the Bookshop (All For One and One For All #7),Cornelia Quick,title_author,medium,False,0,0,0,0,0,0
book_a73301cfe87e1a91,Kindling,Bonnie Woods,openlibrary_work,high,True,229,0,0,0,0,1
book_25597be2cf0a1398,"The C*ck Down the Block (The Cocky Kingmans, #1)",Amy Award,openlibrary_work,high,True,209,1,0,0,0,2
book_6b799f9004cca2e0,Cruel Winter with You,Ali Hazelwood,openlibrary_work,high,True,142,0,0,0,0,1
book_03ea3d6b54d2c40a,Close Knit (The Hastings #1),Kels Stone,openlibrary_work,high,True,332,1,0,0,0,2
book_e50e2d3e16d67444,Wolf and Iron,Gordon R. Dickson,openlibrary_work,high,True,121,6,0,1,1,4
book_3ce477e51486eb95,The Heartbreak Rule,Stephanie  Archer,openlibrary_work,high,True,180,0,0,0,0,1
book_32bcdf5e4015cc0d,"Haunted Ever After (Boneyard Key, #1)",Jen DeLuca,openlibrary_work,high,True,253,0,0,0,0,1
book_5c57da97775e05d9,The Librarians of Lisbon,Suzanne   Nelson,openlibrary_work,high,True,337,0,0,0,0,1
book_2eae75db9e37ec43,Only for the Week,Natasha Bishop,openlibrary_work,high,True,119,2,0,1,0,3
book_82b9249f8ca4e9e1,"If I Told You, I'd Have to Kiss You",Mae Marvel,openlibrary_work,high,True,238,0,0,0,0,1
book_a693639d41d67bbc,Back After This,Linda  Holmes,openlibrary_work,high,True,302,1,0,0,0,2
book_46ff1e51c98b9fe9,Flirty Dancing,Jennifer Moffatt,openlibrary_work,high,True,279,0,0,0,0,1
book_ecaaa85e47a64cf5,The Ripple Effect,Maggie  North,isbn,high,False,226,0,0,0,0,1
book_cb9cbb0691ec9a60,Paging Dr. Hart,Melissa Dymond,title_author,medium,False,233,0,0,0,0,1
book_57b5a39948aefc96,"Meet Me at Midnight (Midnight, #1)",Max Monroe,title_author,medium,False,179,0,0,0,0,1
book_9e19362a7e86827d,Finn Rhodes Forever (The Queen's Cove #4),Stephanie  Archer,openlibrary_work,high,True,216,10,0,0,0,2
book_1be44524d64b3f43,"In Your Dreams, Holden Rhodes (Queen's Cove #3)",Stephanie  Archer,openlibrary_work,high,True,158,0,0,0,0,1
book_59778951043f2781,"The Wrong Mr. Right (Queen's Cove, #2)",Stephanie  Archer,openlibrary_work,high,True,200,0,0,0,0,1
book_4db9b394d649b9bb,"That Kind of Guy (Queen's Cove, #1)",Stephanie  Archer,openlibrary_work,high,True,199,0,0,0,0,1
book_442b35fb712884ce,"Teach Me (There's Something About Marysburg, #1)",Olivia Dade,openlibrary_work,high,True,144,0,0,0,0,1
book_f5721c38bf776f01,"The Heart Principle (The Kiss Quotient, #3)",Helen  Hoang,openlibrary_work,high,True,197,7,0,0,0,2
book_1cb366e017f89a89,The Catch (Influencer #3),Amy  Lea,isbn,high,False,181,0,0,0,0,1
book_ede617ea96d1a8d3,Exes and O's (The Influencer #2),Amy  Lea,openlibrary_work,high,True,183,0,0,0,0,1
book_67a4c89e5b329ae0,"Under One Roof (The STEMinist Novellas, #1)",Ali Hazelwood,openlibrary_work,high,True,196,1,0,0,0,2
book_8e5c6790cdf31e8e,"Ship Wrecked (Spoiler Alert, #3)",Olivia Dade,openlibrary_work,high,True,252,0,0,0,0,1
book_2a6710a4eb186a0b,Scandalized,Lauren Billings,openlibrary_work,high,True,186,0,0,0,0,1
book_45380546c885c94f,Love on the Brain,Ali Hazelwood,openlibrary_work,high,True,234,16,0,0,0,2
book_dd3831fdc7ebee87,"A Lot Like Adiós (Primas of Power, #2)",Alexis Daria,openlibrary_work,high,True,215,0,0,0,0,1
book_7e6133b08aad1d5d,"Neon Gods (Dark Olympus, #1)",Katee Robert,openlibrary_work,high,True,197,9,2,0,0,3
book_581c62254da62bb9,"First Comes Like (Modern Love, #3)",Alisha Rai,openlibrary_work,high,True,218,1,0,0,0,2
book_52826a72234e257d,"Handle With Care (Shacking Up, #5)",Helena Hunting,openlibrary_work,high,True,204,0,0,0,0,1
book_f5bc199da523ff68,I Owe You One,Sophie Kinsella,openlibrary_work,high,True,284,3,0,0,0,2
book_804f4abaca4e1440,Atomic Habits: An Easy & Proven Way to Build Good Habits & Break Bad Ones,James Clear,title_author,medium,False,317,0,0,0,0,1
book_0a15f503b683903c,Josh and Hazel's Guide to Not Dating,Christina Lauren,openlibrary_work,high,True,175,7,0,0,0,2
book_4d8546112c587dee,The Flatshare,Beth O'Leary,openlibrary_work,high,True,110,1,0,0,0,2
book_2da9b5233570c458,One Day in December,Josie Silver,openlibrary_work,high,True,177,11,0,1,0,3
book_32fc5161c2f4161d,"Barbarian's Touch (Ice Planet Barbarians, #7)",Ruby Dixon,openlibrary_work,high,True,123,0,0,0,0,1
book_e6613388c8c4d0f3,"Barbarian's Prize (Ice Planet Barbarians, #5)",Ruby Dixon,openlibrary_work,high,True,123,0,0,0,0,1
book_7e12347da5d7c9ba,I've Got Your Number,Sophie Kinsella,openlibrary_work,high,True,173,16,0,1,0,3
book_d53e17b1cac378fc,"Dash & Lily's Book of Dares (Dash & Lily, #1)",Rachel Cohn,openlibrary_work,high,True,152,22,0,1,0,3
book_0a3fee4f55f69e68,Can You Keep a Secret?,Sophie Kinsella,openlibrary_work,high,True,121,17,3,1,1,5
book_1870e72e3a43eb2d,Stellaluna,Janell Cannon,openlibrary_work,high,True,44,43,5,0,0,3
book_55de299ffcc5f87d,An Abundance of Katherines,John  Green,openlibrary_work,high,True,148,43,0,0,0,2
book_187ad33dc4740bce,The Undomestic Goddess,Sophie Kinsella,openlibrary_work,high,True,149,15,0,1,0,3
book_0d4cc0e7aa24f4ba,"The Wingman (Vancouver Storm, #3)",Stephanie  Archer,openlibrary_work,high,True,168,1,0,0,0,2
book_2e85df8713ce128b,"Dirty Diana (Dirty Diana, #1)",Jen Besser,openlibrary_work,high,True,378,1,0,0,0,2
book_e3474522bec9b168,"Zoe Brennan, First Crush",Laura Piper Lee,openlibrary_work,high,True,310,0,0,0,0,1
book_ff602d33e490bb6b,Kissing Toads,Danissa Wilson,isbn,high,False,488,0,0,0,0,1
book_d4ab4599dc92b98a,"Playing the Game (Playing the Field, #1)",Sasha Lace,openlibrary_work,high,True,213,0,0,0,0,1
book_4367818f0e83429e,"Playing to Score (Playing the Field, #2)",Sasha Lace,openlibrary_work,high,True,239,0,0,0,0,1
book_81913a886361c725,"Playing for Keeps (Playing the Field, #3)",Sasha Lace,openlibrary_work,high,True,186,0,0,0,0,1
book_9030bae794875865,"Playing to Win (Playing the Field, #4)",Sasha Lace,openlibrary_work,high,True,217,0,0,0,0,1
book_911e63d5e3088b83,My Best Friend's Honeymoon,Meryl Wilsner,openlibrary_work,high,True,223,0,0,0,0,1
book_82ffddd83b11c52d,"If You Need Me (Toronto Terror, #3)",Helena Hunting,openlibrary_work,high,True,208,0,0,0,0,1
book_64ac817a501869a5,Crash Landing,Annie McQuaid,openlibrary_work,high,True,256,0,0,0,0,1
book_27631e70dcf7f429,The Mr. Right Checklist,Melissa Foster,isbn,high,False,191,0,0,0,0,1
book_024b5ae49dbc3c5a,Variation,Rebecca Yarros,openlibrary_work,high,True,227,7,0,0,0,2
book_99cebc1df07c437d,"The Wild Robot (The Wild Robot, #1)",Peter  Brown,openlibrary_work,high,True,118,32,2,0,0,3
book_caf8531c8f6ffb68,"The Fake Out (Vancouver Storm, #2)",Stephanie  Archer,openlibrary_work,high,True,132,1,0,0,0,2
book_1f68c620dbea3a86,"Behind the Net (Vancouver Storm, #1)",Stephanie  Archer,openlibrary_work,high,True,201,1,0,0,0,2
book_8ef0803d4fc45178,"I Do with You (Maple Creek, #1)",Lauren Landish,openlibrary_work,high,True,184,0,0,0,0,1
book_cde5c83c2a3c95f3,"House of Flame and Shadow (Crescent City, #3)",Sarah J. Maas,openlibrary_work,high,True,182,14,0,0,0,2
book_9ad8eb8077582a01,"The Heartbreakers (The Heartbreak Chronicles, #1)",Ali Novak,openlibrary_work,high,True,142,12,0,0,0,2
book_f2105ddc5a25586e,Summer in the City,Alex Aster,openlibrary_work,high,True,288,9,0,0,0,2
book_82a459a258ae4295,"Forever Pucked (Pucked, #4)",Helena Hunting,openlibrary_work,high,True,143,0,0,0,0,1
book_e0b8407c4d142ab5,Miranda in Retrograde,Lauren Layne,openlibrary_work,high,True,242,0,0,0,0,1
book_c7a23ae55c0136bf,"The Temporary Roomie (It Happened in Nashville, #2)",Sarah       Adams,openlibrary_work,high,True,116,0,0,0,0,1
book_cfff551f27b01133,"Pucking Sweet (Jacksonville Rays, #3)",Emily Rath,openlibrary_work,high,True,228,12,0,1,0,3
book_f0be0366b0b01223,Spring Fling,Annie England Noblin,openlibrary_work,high,True,262,0,0,0,0,1
book_59a5dec479b57229,Ready to Score,Jodie Slaughter,openlibrary_work,high,True,282,0,0,0,0,1
book_0360c3365af0a7e3,"A Queen's Game (A Queen's Duet, #1)",Katharine McGee,openlibrary_work,high,True,234,0,0,0,0,1
book_321ddecb5b1e9d28,The Party Line,Carolyn Brown,isbn,high,False,193,0,0,0,0,1
book_4716a973b0d73612,"My Darling Jane (The Darlings, #2)",Ilsa Madden-Mills,openlibrary_work,high,True,189,0,0,0,0,1
book_bf4375f7b888ebb7,Best Hex Ever,Nadia El-Fassi,openlibrary_work,high,True,299,9,2,0,0,3
book_f2c819337e6b05b1,"Book of the Month (Outer Banks, #1)",Jennifer Probst,openlibrary_work,high,True,332,1,0,0,0,2
book_53315d1640b872ec,"Lost and Lassoed (Rebel Blue Ranch, #3)",Lyla Sage,openlibrary_work,high,True,341,0,0,0,0,1
book_2a6a8083e0ec3b87,"Playing Hard to Get (The Players, #1)",Monica  Murphy,openlibrary_work,high,True,185,1,0,0,0,2
book_b0c6419b11469d3c,"Forbidden Games (Make Me Volume, #2)",Katee Robert,openlibrary_work,high,True,222,1,0,0,0,2
book_83b23bdcdd716ca1,Holiday Star,Melissa Dymond,title_author,medium,False,232,0,0,0,0,1
book_456656e13e6c716d,"Pucked Over (Pucked, #3)",Helena Hunting,openlibrary_work,high,True,112,0,0,0,0,1
book_9c924abd9fe443f0,"Pucked Up (Pucked, #2)",Helena Hunting,openlibrary_work,high,True,103,0,0,0,0,1
book_f71ad8a30439877b,"Pucked (Pucked, #1)",Helena Hunting,openlibrary_work,high,True,156,0,0,0,0,1
book_24d1b131aa5c8680,Recursion,Blake Crouch,openlibrary_work,high,True,131,16,0,0,0,2
book_e28f06081f273baa,"The Au Pair Affair (Big Shots, #2)",Tessa Bailey,openlibrary_work,high,True,206,3,0,0,0,2
book_cc672e34c1a5a802,"Honestly, I'm Totally Faking It",Amanda Gambill,openlibrary_work,high,True,126,0,0,0,0,1
book_284ee8ed94e0e524,Fool Them Once,Kyra Parsi,title_author,medium,False,205,0,0,0,0,1
book_669a8236fe4c222f,In Love And War,Kyra Parsi,title_author,medium,False,182,0,0,0,0,1
book_7a84f9d251835201,"A Deal with the Bossy Devil (Bad Billionaire Bosses, #1)",Kyra Parsi,title_author,medium,False,235,0,0,0,0,1
book_f0d9d9063001fefa,"Failure to Match (Bad Billionaire Bosses, #2)",Kyra Parsi,title_author,medium,False,215,0,0,0,0,1
book_4885f1a6094be612,"It Ends with Us (It Ends with Us, #1)",Colleen Hoover,openlibrary_work,high,True,205,14,3,2,1,5
book_7ef417370b41b300,Plot Twist,Carmen Sereno,openlibrary_work,high,True,187,0,0,0,0,1
book_02efe01f42dceb56,She Doesn't Have a Clue,Jenny Elder Moke,openlibrary_work,high,True,216,0,0,0,0,1
book_27607d7cb68ccfaf,A Five-Letter Word for Love,Amy     James,openlibrary_work,high,True,169,0,0,0,0,1
book_2accf402eae2ef45,Settle the Score,Kris Ripper,openlibrary_work,high,True,181,0,0,0,0,1
book_15e009980a37bfaf,The Player's Club (Bad Boys Club),Fallon Greer,openlibrary_work,high,True,242,1,0,0,0,2
book_0e6e664e0c4b4b0b,Bananapants,Penny Reid,openlibrary_work,high,True,264,1,0,0,0,2
book_e01e8c4f99c0d0db,The Rocker's Muse,Penelope Ward,openlibrary_work,high,True,251,1,0,0,0,2
book_2614b867856d06ce,"Elizabeth of East Hampton (For the Love of Austen, #2)",Audrey Bellezza,openlibrary_work,high,True,357,1,0,0,0,2
book_14106732d17fa2e8,Romancing on Jeju,Hyun-Joo Park,openlibrary_work,high,True,180,0,0,0,0,1
book_59ef467841ebf3e7,Degrees of Engagement,Jennifer  Hennessy,openlibrary_work,high,True,176,1,0,0,0,2
book_a7571e05e61fa38a,Klara and the Sun,Kazuo Ishiguro,openlibrary_work,high,True,139,22,0,0,0,2
book_c07d614ee6cdc0ec,"Too Hot to Handle (Romancing the Clarksons, #1)",Tessa Bailey,openlibrary_work,high,True,175,1,0,0,0,2
book_1e65d89909f8db41,"Not in Love (Not in Love, #1)",Ali Hazelwood,openlibrary_work,high,True,182,3,1,0,1,4
book_314f866c86eb6ff5,Bonker Doesn't Die,Hank Green,title_author,medium,False,222,0,0,0,0,1
book_65bfd981f5ea2b84,Same Time Next Year,Tessa Bailey,openlibrary_work,high,True,189,0,0,0,0,1
book_10d18597cb73d513,At First Spite (Harlot's Bay #1),Olivia Dade,openlibrary_work,high,True,258,0,0,0,0,1
book_50f2a3542f005a5a,"Fangirl Down (Big Shots, #1)",Tessa Bailey,openlibrary_work,high,True,262,2,2,0,0,3
book_9040401a3518eab5,"SAMPLER ONLY: Catching Fire (The Hunger Games, #2)",Suzanne Collins,openlibrary_work,high,True,72,0,0,0,0,1
book_35fe748d40990054,Wreck the Halls,Tessa Bailey,openlibrary_work,high,True,232,2,0,0,0,2
book_985be0978146ac3d,The Neighbor Wager,Crystal Kaswell,openlibrary_work,high,True,141,1,0,0,0,2
book_f1c2b4f93ea3359a,The Adventures of Bubbie and Juju: Sharing Siblings,Maureen O'Hara,title_author,medium,False,15,0,0,0,0,1
book_a7759fecebd41322,The Adventures of Juju and Bubbie: The Return of the Key (Bubbie and Juju Book 2),Maureen O'Hara,title_author,medium,False,20,0,0,0,0,1
book_9e1f57054e4968f3,The Adventures of Bubbie and Juju : The Key's Lesson,Maureen O'Hara,title_author,medium,False,15,0,0,0,0,1
book_37234c114420f783,"Love, Theoretically",Ali Hazelwood,openlibrary_work,high,True,219,3,0,0,0,2
book_5510c8f3c45e9d20,Just Last Night,Mhairi McFarlane,openlibrary_work,high,True,138,0,0,0,0,1
book_54270bcaf3497de8,The Wife App,Carolyn Mackler,openlibrary_work,high,True,265,0,0,0,0,1
book_a446dee8dcf12c5e,The Unsinkable Greta James,Jennifer E. Smith,openlibrary_work,high,True,258,0,0,0,0,1
book_cf65050ca1c9df7a,Will They or Won't They,Ava  Wilder,openlibrary_work,high,True,235,0,0,0,0,1
book_a1b8ba78caf7097c,In Five Years,Rebecca Serle,openlibrary_work,high,True,256,7,0,0,0,2
book_a7d3b13990f5d5d8,Sea of Tranquility,Emily St. John Mandel,openlibrary_work,high,True,303,14,0,0,0,2
book_038f8a8eb4613df6,"A Traitor in Whitehall (Evelyne Redfern, #1)",Julia  Kelly,openlibrary_work,high,True,200,0,0,0,0,1
book_a55926951ea082d8,Twenty Poems to Bless Your Marriage: And One to Save It,Roger Housden,openlibrary_work,high,True,205,4,0,0,0,2
book_61c60df03d32ec22,Good Fengshui: A Step-by-Step Guide to Creating Balance and Harmony in Your Home,Eva Wong,openlibrary_work,high,True,251,1,0,0,0,2
book_3186c8ea6252b1f6,Sacred Strides: The Journey to Belovedness in Work and Rest,Justin McRoberts,openlibrary_work,high,True,225,0,0,0,0,1
book_ca0496cfbf0ee8ef,The Seven Measures of the World,Piero Martin,openlibrary_work,high,True,203,0,0,0,0,1
book_b849e964391e0d36,Many Things Under a Rock: The Mysteries of Octopuses,David Scheel,openlibrary_work,high,True,258,0,0,0,0,1
book_604e2dd2dd0bbb99,Tumble,Adriana Hernández Bergstrom,openlibrary_work,high,True,92,0,0,0,0,1
book_c9679c60fed7df21,Timelines of Nature: From Mountains and Glaciers to Mayflies and Marsupials,D.K. Publishing,openlibrary_work,high,True,415,0,0,0,0,1
book_d6f9554ae21e1460,"Italy on a Plate: Travels, Memories, Menus",Susan Gravely,isbn,high,False,107,0,0,0,0,1
book_0ec5834290ba2a13,The Ultimate Gamers Cookbook: Recipes for an Epic Game Night,Andy Lunique,openlibrary_work,high,True,219,0,0,0,0,1
book_5547b9ccb64fd8c1,Lilo and Stitch: The Official Cookbook: 50 Recipes to Make for Your 'Ohana,Tim Rita,openlibrary_work,high,True,334,1,0,0,0,2
book_39382e740b27f457,"Seed to Plate, Soil to Sky: Modern Plant-Based Recipes using Native American Ingredients",Lois Ellen Frank,openlibrary_work,high,True,196,1,0,0,0,2
book_02294b896e03bdd1,Baking Yesteryear: The Best Recipes from the 1900s to the 1980s,B. Dylan Hollis,openlibrary_work,high,True,252,2,0,0,0,2
book_36108f1ca6cca077,My Billionaire Fake Boyfriend (Must Love Dogs),Jennifer St. James,openlibrary_work,high,True,267,2,0,0,0,2
book_30d0da4d4a150160,The Hanging City,Charlie N. Holmberg,openlibrary_work,high,True,288,0,0,0,0,1
book_2b0fe8a5d49dbb1c,Can't Let Her Go,Kianna Alexander,openlibrary_work,high,True,202,0,0,0,0,1
book_3efbeea54f8dcfc6,Scotlander,Sheila McClure,openlibrary_work,high,True,215,0,0,0,0,1
book_e14c49d67129a4cf,Star Bringer,Tracy Wolff,openlibrary_work,high,True,170,0,0,0,0,1
book_49404c61b0af0004,"The Wedding Confession (Wedding Meet Cute, #1)",J.J.  Knight,isbn,high,False,192,0,0,0,0,1
book_9230cd320cfa9d49,Love at 350°,Lisa Peers,openlibrary_work,high,True,275,3,0,0,0,2
book_2a54735de63de2a5,Silicon Hearts,Robin Miyashita,openlibrary_work,high,True,274,0,0,0,0,1
book_80c07dbf5526ff61,On the Plus Side,Jenny L. Howe,openlibrary_work,high,True,216,0,0,0,0,1
book_5949fdb3c2c395b9,Artifacts of an Ex,Jennifer   Chen,openlibrary_work,high,True,254,0,0,0,0,1
book_e0ea20b2b0425602,How to Honeymoon Alone,Olivia Hayle,title_author,medium,False,222,0,0,0,0,1
book_a07f1e2b1bbf32e2,"The Honeymoon Crashers (Unhoneymooners, #1.5)",Christina Lauren,openlibrary_work,high,True,248,4,4,3,0,4
book_b0e230ef80fd656f,The Witch's Heart,Genevieve Gornichec,openlibrary_work,high,True,201,1,0,0,0,2
book_b9783b9e98adb0ef,The Nutcracker,Alexandre Dumas,openlibrary_work,high,True,131,1,0,0,0,2
book_57fffa21c57ad600,"The Secret Service of Tea and Treason (Dangerous Damsels, #3)",India Holton,openlibrary_work,high,True,171,0,0,0,0,1
book_19b1045f28c26571,"Ana María and the Fox (The Luna Sisters, #1)",Liana De la Rosa,openlibrary_work,high,True,210,0,0,0,0,1
book_5cbd15659b94f026,Five First Chances,Sarah   Jost,openlibrary_work,high,True,251,0,0,0,0,1
book_863bb0ffddf8daff,"Twilight over the Aegean (Fresco Nights Saga, #6)",Deborah L. Cannon,title_author,medium,False,139,0,0,0,0,1
book_8b50cd13403d3990,"The Davenports (The Davenports, #1)",Krystal Marquis,openlibrary_work,high,True,251,2,0,0,0,2
book_22908bcf1bfc864a,Once More with Feeling,Elissa Sussman,openlibrary_work,high,True,290,0,0,0,0,1
book_e6e63c9ed7d52da9,Charm City Rocks,Matthew Norman,openlibrary_work,high,True,268,0,0,0,0,1
book_70838ec038816bfd,Business or Pleasure,Rachel Lynn Solomon,openlibrary_work,high,True,208,0,0,0,0,1
book_40f91dd7176be884,A Touch of Frost,Renée R. Harper,title_author,medium,False,254,0,0,0,0,1
book_98d34e7e4b4355b5,Not the Plan,Gia de Cadenet,openlibrary_work,high,True,276,1,0,0,0,2
book_3971d200fb114494,Love Report (Black Beauty in Love #2),Shellee Marie,title_author,medium,False,109,0,0,0,0,1
book_71c9ba869e79f4c4,"Sugar, Spice, and Can't Play Nice (Chai Masala Club, #2)",Annika Sharma,openlibrary_work,high,True,164,0,0,0,0,1
book_3b509a0aa6212360,Hazel Fine Sings Along,Katie Wicks,openlibrary_work,high,True,180,0,0,0,0,1
book_b47e8c2a17c34fa8,Nora Goes Off Script,Annabel Monaghan,openlibrary_work,high,True,209,0,0,0,0,1
book_d2a826ff681e1a5e,A Villain's Kiss,T.L.  Smith,openlibrary_work,high,True,93,0,0,0,0,1
book_ed5316ae03a8e84f,The Second Chance Store,Lauren Bravo,openlibrary_work,high,True,232,0,0,0,0,1
book_ae434a1bbdfe2624,Hello Stranger,Katherine Center,openlibrary_work,high,True,209,3,0,0,0,2
book_026710c4443fc6d5,The True Love Experiment,Christina Lauren,openlibrary_work,high,True,300,2,0,0,0,2
book_d2c49eb144afe170,Double-Decker Dreams,Lindsay MacMillan,openlibrary_work,high,True,198,0,0,0,0,1
book_65cfeb1406ffb07b,"The Agreement (Morally Grey Billionaires, #3)",L. Steele,title_author,medium,False,182,0,0,0,0,1
book_86f6b8eae4d90a30,My What-if Girl,Kammie C. Rose,title_author,medium,False,153,0,0,0,0,1
book_08b260e73af784c1,Happy Place,Emily Henry,openlibrary_work,high,True,251,2,0,0,0,2
book_e90a920296f179d4,Summer Reading,Jenn McKinlay,openlibrary_work,high,True,226,0,0,0,0,1
book_29beec21a08452c3,The Last Word,Katy Birchall,openlibrary_work,high,True,274,0,0,0,0,1
book_fbf77709caf9a856,Tilly in Technicolor,Mazey Eddings,openlibrary_work,high,True,265,0,0,0,0,1
book_b06fd19c81dfd563,Ship It (Startup Love #1),Evie Blum,openlibrary_work,high,True,258,1,0,0,0,2
book_64c182c387f2d0df,Love and Other Flight Delays,Denise  Williams,openlibrary_work,high,True,126,0,0,0,0,1
book_38ed79430286489f,When You Wish Upon a Lantern,Gloria Chao,openlibrary_work,high,True,172,0,0,0,0,1
book_a22dbb70e1669223,Mr. & Mrs. Witch,Gwenda Bond,openlibrary_work,high,True,225,0,0,0,0,1
book_8bce9304ca4c0c02,Sweet & Spicy,A. Unda-Tames,title_author,medium,False,208,0,0,0,0,1
book_41552d7213aa4136,Anatomy of a Meet Cute,Addie Woolridge,openlibrary_work,high,True,163,0,0,0,0,1
book_bb9fbda1409c8408,Love Buzz,Neely Tubati Alexander,openlibrary_work,high,True,223,0,0,0,0,1
book_2327128de9ebe3fc,"At First Meet (Montgomery Ink Legacy, #2)",Carrie Ann Ryan,isbn,high,False,151,0,0,0,0,1
book_92f889c542c1f1ea,"Planes, Trains, and All the Feels",Livy Hart,openlibrary_work,high,True,236,0,0,0,0,1
book_96a785921037882a,The Chemistry of Love,Sariah Wilson,openlibrary_work,high,True,180,0,0,0,0,1
book_1d890353fddbc2d8,Forget Me Not,Julie  Soto,openlibrary_work,high,True,275,0,0,0,0,1
book_c8296ca4afee8591,A Cosmic Kind of Love,Samantha Young,openlibrary_work,high,True,207,0,0,0,0,1
book_2f03c2a95bca9ad8,Play to Win,Jodie Slaughter,openlibrary_work,high,True,264,0,0,0,0,1
book_8257ba6272753268,"Practice Makes Perfect (When in Rome, #2)",Sarah       Adams,openlibrary_work,high,True,308,5,0,0,0,2
book_5bd55f2ef3092e23,Seven Rules for Breaking Hearts,Kristyn J. Miller,openlibrary_work,high,True,196,0,0,0,0,1
book_9a2117ff2beb230f,In It to Win It,Sharon C. Cooper,openlibrary_work,high,True,284,0,0,0,0,1
book_b7e5b3dbcd05a978,How to Keep House While Drowning,K.C.  Davis,openlibrary_work,high,True,101,8,0,0,0,2
book_7c58e90519af1389,"This Woven Kingdom (This Woven Kingdom, #1)",Tahereh Mafi,openlibrary_work,high,True,129,8,0,0,0,2
book_8aef559824be403b,"40-Love (There's Something About Marysburg, #2)",Olivia Dade,openlibrary_work,high,True,173,0,0,0,0,1
book_a65f5f2134174cc2,The Book Spy,Alan Hlad,openlibrary_work,high,True,310,0,0,0,0,1
book_4ad41c104e676998,The Do-Over,Suzanne Park,openlibrary_work,high,True,255,0,0,0,0,1
book_881ceb21d07852f8,Bigger Bolder Baking Every Day: Easy Recipes to Bake Through a Busy Week,Gemma Stafford,openlibrary_work,high,True,111,0,0,0,0,1
book_3cdb9e4fd7c2955f,"The Betty Crocker Cookbook, 13th Edition: Everything You Need to Know to Cook Today – The Definitive Beginner Guide with Vegan and Gluten-Free Recipes (Betty Crocker Cooking, 336)",Betty Crocker,openlibrary_work,high,True,235,0,0,0,0,1
book_e5b9324e08d90f40,My Pokémon Cookbook: Delicious Recipes Inspired by Pikachu and Friends,Victoria Rosenthal,openlibrary_work,high,True,157,0,0,0,0,1
book_aa44a0a63448a44c,National Geographic Stargazer's Atlas: The Ultimate Guide to the Night Sky,National Geographic Society,openlibrary_work,high,True,254,0,0,0,0,1
book_863b88c9872da6df,"The Ballad of Songbirds and Snakes (The Hunger Games, #0)",Suzanne Collins,openlibrary_work,high,True,170,17,2,3,1,5
book_5fdb4ed6b666e950,Romantic Comedy,Curtis Sittenfeld,openlibrary_work,high,True,293,2,0,0,0,2
book_08b7bfbf3c345369,"Gravy Wars: South Philly Foods, Feuds & Attytudes",Lorraine Ranalli,openlibrary_work,high,True,144,4,0,1,0,3
book_8aa1fb5250c8c079,The Christmas Wish,Lindsey Kelk,openlibrary_work,high,True,151,0,0,0,0,1
book_b3b92ff92fefdd6e,The Librarian of Burned Books,Brianna Labuskes,openlibrary_work,high,True,441,3,4,2,2,5
book_1b6e2ec46f71ac7f,"Folk Around and Find Out (Good Folk: Modern Folktales, #2)",Penny Reid,openlibrary_work,high,True,305,1,0,0,0,2
book_d6a250bcdbcbf122,Highlands Christmas,Amy Quick Parrish,title_author,medium,False,216,0,0,0,0,1
book_33db1cb11beb60b6,Olive & Pear's Christmas Detour,Eve Kasey,title_author,medium,False,200,0,0,0,0,1
book_d8699cac34792145,A Scavenger Hunt for Hearts,Kathy Strobos,openlibrary_work,high,True,100,2,0,0,0,2
book_b2a90242404bbd00,Real Love,Rachel   Lindsay,openlibrary_work,high,True,230,1,0,0,0,2
book_04d4d34c31bf24c1,This Bird Has Flown,Susanna  Hoffs,openlibrary_work,high,True,171,0,0,0,0,1
book_389ea7631ec0e34f,A Touch of Moonlight,Yaffa S. Santos,openlibrary_work,high,True,251,0,0,0,0,1
book_fe1bd171a1b0bfce,The Stand-Up Groomsman,Jackie Lau,openlibrary_work,high,True,209,2,0,0,0,2
book_42801930f431de0b,"More Than Possess You (Reed Family Reckoning, #6.75)",Shayla Black,openlibrary_work,high,True,234,1,0,0,0,2
book_abd265f49caf1681,"Kiss Me, Catalina (Queens of Mariachi #2)",Priscilla Oliveras,openlibrary_work,high,True,192,0,0,0,0,1
book_3dc40e0dd790ab09,"Isha, Unscripted",Sajni Patel,openlibrary_work,high,True,211,0,0,0,0,1
book_99c07e8e017c2dfe,"Ex Appeal (Ponto Beach Reunion, #3)",Cathy Yardley,openlibrary_work,high,True,224,0,0,0,0,1
book_9b57a3c443e5d43b,The Spice Master at Bistro Exotique,Samantha Verant,openlibrary_work,high,True,226,0,0,0,0,1
book_acfcf7b9bc1da139,"June, Reimagined",Rebekah Crane,openlibrary_work,high,True,194,0,0,0,0,1
book_f56b9ba2e49abd2a,A Dash of Salt and Pepper,Kosoko Jackson,openlibrary_work,high,True,203,0,0,0,0,1
book_61816f99c1271912,The Renaissance of Gwen Hathaway,Ashley Schumacher,openlibrary_work,high,True,201,0,0,0,0,1
book_e1647d1e9038aff9,"Take the Lead (Dance Off, #1)",Alexis Daria,openlibrary_work,high,True,206,0,0,0,0,1
book_ff7c0c0871d210ec,Lies We Sing to the Sea,Sarah  Underwood,openlibrary_work,high,True,118,13,0,0,0,2
book_b385ec19f58298c4,Breaking the Friendzone,May Lynn,openlibrary_work,high,True,324,0,0,0,0,1
book_114395ae2ec57a85,"The Neighbor Favor (The Greene Sisters, #1)",Kristina Forest,openlibrary_work,high,True,246,0,0,0,0,1
book_b1e4e4934a356bef,Too Wrong to Be Right,Melonie Johnson,openlibrary_work,high,True,160,0,0,0,0,1
book_0c41c1beb241b5b7,Kiss Her Once for Me,Alison Cochrun,openlibrary_work,high,True,233,0,0,0,0,1
book_322395fab8585861,"For Her Consideration (Out in Hollywood, #1)",Amy Spalding,openlibrary_work,high,True,238,0,0,0,0,1
book_1a93269597b88d81,Alone With You in the Ether,Olivie Blake,openlibrary_work,high,True,226,0,0,0,0,1
book_0cbb419d661f6ea5,"Make a Wish (Spark House, #3)",Helena Hunting,openlibrary_work,high,True,208,0,0,0,0,1
book_dbac3de2d2bfce8a,Pandora,Susan Stokes-Chapman,openlibrary_work,high,True,181,0,0,0,0,1
book_e34340e914a23aaa,The Man I Never Met,Elle Cook,openlibrary_work,high,True,218,1,0,0,0,2
book_57f4c568df3e06ec,The Rewind,Allison Winn Scotch,openlibrary_work,high,True,229,0,0,0,0,1
book_bf617849f65a2dc1,"A Very Merry Bromance (Bromance Book Club, #5)",Lyssa Kay Adams,openlibrary_work,high,True,224,0,0,0,0,1
book_150df1e99bc73021,"Before I Let Go (Skyland, #1)",Kennedy Ryan,openlibrary_work,high,True,169,6,2,0,0,3
book_65d27df0d693ebdf,"Astrid Parker Doesn't Fail (Bright Falls, #2)",Ashley Herring Blake,openlibrary_work,high,True,235,8,0,0,0,2
book_716163e84bb9edbc,"Always a Bridesmaid, Never a Plus-One",Iris Morland,openlibrary_work,high,True,113,1,0,0,0,2
book_56dba7cddf529bb7,"Ever After Always (Bergman Brothers, #3)",Chloe Liese,openlibrary_work,high,True,339,1,0,0,0,2
book_f40d2e3155de713a,"Desire and the Deep Blue Sea (Love Unscripted, #1)",Olivia Dade,openlibrary_work,high,True,225,1,0,0,0,2
book_1a5a4a13f767b114,The Make-Up Test,Jenny L. Howe,openlibrary_work,high,True,276,0,0,0,0,1
book_d22ee3ab3ec3d96c,"Mistletoe and Mochas (Holidays and Heroes, #1)",Patricia D. Eddy,title_author,medium,False,265,0,0,0,0,1
book_1c37383ff17c7b04,"It's Been a Pleasure, Noni Blake",Claire Christian,openlibrary_work,high,True,141,8,0,0,0,2
book_95cda31cbbe0adb1,Do Your Worst,Rosie Danan,openlibrary_work,high,True,154,3,0,0,0,2
book_5a7adcf7176873a3,Crying in H Mart,Michelle Zauner,openlibrary_work,high,True,247,41,1,4,0,4
book_ce7ffc8ba1c5e658,The Huntress,Kate Quinn,openlibrary_work,high,True,249,25,0,0,0,2
book_59c3740e3f80ac93,Seveneves,Neal Stephenson,openlibrary_work,high,True,184,17,0,2,0,3
book_101bed7655530eb8,"The Brides of Maracoor (Another Day, #1)",Gregory Maguire,openlibrary_work,high,True,241,1,0,0,0,2
book_75dcbaaa596475f1,"Skin of the Sea (Skin of the Sea, #1)",Natasha Bowen,openlibrary_work,high,True,208,4,0,0,0,2
book_bc448d617916ee61,Why Is Sex Fun? The Evolution of Human Sexuality (Science Masters),Jared Diamond,openlibrary_work,high,True,66,4,0,0,0,2
book_5ab67e5da315ac6e,Collapse: How Societies Choose to Fail or Succeed,Jared Diamond,openlibrary_work,high,True,268,70,0,0,1,3
book_e1eacd249d385cac,"Guns, Germs, and Steel: The Fates of Human Societies",Jared Diamond,openlibrary_work,high,True,182,75,1,0,0,3
book_352d290a65fa309b,Cackle,Rachel   Harrison,openlibrary_work,high,True,175,8,1,0,0,3
book_29264f6d55bc47ae,Bet on It,Jodie Slaughter,openlibrary_work,high,True,342,0,0,0,0,1
book_fcb5009c9dbc9f48,Accidentally Engaged,Farah Heron,openlibrary_work,high,True,218,1,0,0,0,2
book_8396d7b1936adc0f,Smartasses: A Sexy Nerd Rom Com Anthology,Avery Flynn,openlibrary_work,high,True,54,2,0,0,0,2
book_dba6d30e51017af0,On the Subject of Unmentionable Things,Julia Walton,openlibrary_work,high,True,196,1,0,0,0,2
book_7d75c8b67357e984,Organizing for the Rest of Us: 100 Realistic Strategies to Keep Any House Under Control,Dana K. White,openlibrary_work,high,True,228,0,0,0,0,1
book_fd998cab9c734f7c,How to Manage Your Home Without Losing Your Mind: Dealing with Your House's Dirty Little Secrets,Dana K. White,openlibrary_work,high,True,286,3,0,0,0,2
book_367c290d793e436b,Decluttering at the Speed of Life: Winning Your Never-Ending Battle with Stuff,Dana K. White,openlibrary_work,high,True,269,3,0,0,0,2
book_c5cbf77b122bee10,"Alexander and the Terrible, Horrible, No Good, Very Bad Day",Judith Viorst,openlibrary_work,high,True,70,27,0,0,0,2
book_c87b10f5433deb47,Chicka Chicka Boom Boom,Bill Martin Jr.,openlibrary_work,high,True,91,23,0,0,0,2
book_ba7d14ed17818835,All New Square Foot Gardening,Mel Bartholomew,openlibrary_work,high,True,410,7,0,0,0,2
book_a025a88dfb3d0d2f,Loathe at First Sight,Suzanne Park,openlibrary_work,high,True,192,4,0,0,0,2
book_bc60f4c65a672083,"The Rose (The Godwicks, #2)",Tiffany Reisz,openlibrary_work,high,True,267,0,0,0,0,1
book_0947910e6e5a722c,"The Giver (Giver, #1)",Lois Lowry,openlibrary_work,high,True,38,33,2,1,2,5
book_2ea4e9d6716e0eab,The Princess Bride,William Goldman,openlibrary_work,high,True,147,13,0,0,0,2
book_f49f16a1874bb40b,Coraline,Neil Gaiman,openlibrary_work,high,True,201,29,1,2,0,4
book_6d93989d152d9a53,"Beautiful Stranger (Beautiful Bastard, #2)",Christina Lauren,openlibrary_work,high,True,150,13,0,0,0,2
book_64232c7911838531,"Overcoming When You Feel Overwhelmed: 5 Steps to Surviving the Chaos of Life (A Practical Guide to Getting Unstuck and Conquering Fear, Anxiety & Stress)",Jentezen Franklin,openlibrary_work,high,True,148,0,0,0,0,1
book_f7b4dc05d1ed6323,Valiant Ladies,Melissa Grey,openlibrary_work,high,True,147,0,0,0,0,1
book_8a8516d67ed362d5,Neverlanders (Neverlanders #1),Tom    Taylor,openlibrary_work,high,True,290,0,0,0,0,1
book_23fa79638ec2b1d7,Thistlefoot,GennaRose Nethercott,openlibrary_work,high,True,202,0,0,0,0,1
book_3acb716c90845f4d,Proving Ground: The Untold Story of the Six Women Who Programmed the World’s First Modern Computer,Kathy Kleiman,openlibrary_work,high,True,154,5,10,5,1,5
book_6b65b7472fe15fa4,"The Animal Adventurer's Guide: How to Prowl for an Owl, Make Snail Slime, and Catch a Frog Bare-Handed--50 Activities to Get Wild with Animals",Susie Spikol,openlibrary_work,high,True,145,1,0,0,0,2
book_0c67a32920033261,The Age of Resilience: Reimagining Existence on a Rewilding Earth,Jeremy Rifkin,openlibrary_work,high,True,499,0,0,0,0,1
book_413776b61cebc046,"The Great Money Reset: Change Your Work, Change Your Wealth, Change Your Life",Jill Schlesinger,openlibrary_work,high,True,295,0,0,0,0,1
book_59f2a5e0682ac79d,Running Remote: Master the Lessons from the World’s Most Successful Remote-Work Pioneers,Liam  Martin,openlibrary_work,high,True,288,0,0,0,0,1
book_e616ca470a28c190,Sweet Land of Liberty: A History of America in 11 Pies,Rossi Anastopoulo,openlibrary_work,high,True,286,0,0,0,0,1
book_c696ffcaf16cf1aa,BAKE: My Best Ever Recipes for the Classics,Paul Hollywood,openlibrary_work,high,True,194,2,0,0,0,2
book_55de8ab736fb68e5,Third Wheel,Nick Spalding,openlibrary_work,high,True,177,0,0,0,0,1
book_209408bc75ae44a6,Have I Told You This Already?: Stories I Don’t Want to Forget to Remember,Lauren Graham,openlibrary_work,high,True,169,2,0,0,0,2
book_021117c13480afef,Composure: The Art of Executive Presence,Kate Purmal,openlibrary_work,high,True,154,1,0,0,0,2
book_adaa8790c39ab8cf,"You Are Worthy: Change Your Money Mindset, Build Your Wealth, and Fund Your Future",Kelley Holland,openlibrary_work,high,True,216,1,0,0,0,2
book_734a6d62eb95d92b,"On the Hustle (Dating in Dallas, #2)",Adriana  Herrera,openlibrary_work,high,True,176,0,0,0,0,1
book_797463842ef30b9f,The Color of Ice,Barbara Linn Probst,openlibrary_work,high,True,195,1,0,0,0,2
book_4416fcf86aee3ddf,Smart Girl Summer,Kristin Rockaway,openlibrary_work,high,True,184,0,0,0,0,1
book_71a1429097f7a125,Not That Kind of Ever After,Luci Adams,openlibrary_work,high,True,212,0,0,0,0,1
book_aa124b8d7e57f58d,Playlist,Nickole Naihaus L.,isbn,high,False,140,0,0,0,0,1
book_de1871ac7aaa5599,"The American Roommate Experiment (Love Deception, #2)",Elena  Armas,openlibrary_work,high,True,248,2,0,0,0,2
book_4b044cfe87fa8206,"The Cheat Sheet (The Cheat Sheet, #1)",Sarah       Adams,openlibrary_work,high,True,281,3,0,0,0,2
book_d5a763af96b3dc33,The Certainty of Chance,Jacquelyn Middleton,openlibrary_work,high,True,232,0,0,0,0,1
book_815c6ee733cc8629,"Barbarian's Tease (Ice Planet Barbarians, #15)",Ruby Dixon,openlibrary_work,high,True,93,0,0,0,0,1
book_30c5ad39a1e77b5b,Set on You (The Influencer #1),Amy  Lea,openlibrary_work,high,True,160,2,2,0,0,3
book_045daf1b352e4893,Qualitative Research: A Guide to Design and Implementation,Sharan B. Merriam,title_author,medium,False,225,0,0,0,0,1
book_7e62ea8f72dbd86b,Neuroteach: Brain Science and the Future of Education,Glenn Whitman,title_author,medium,False,149,0,0,0,0,1
book_443bcf402a6e2970,"Below Zero (The STEMinist Novellas, #3)",Ali Hazelwood,openlibrary_work,high,True,183,0,0,0,0,1
book_655aa9c9d5edd2eb,Sex Talks: The Five Conversations That Will Transform Your Love Life,Vanessa Marin,openlibrary_work,high,True,332,2,0,0,0,2
book_6aa5fe36fbc9619e,A Brush with Love,Mazey Eddings,openlibrary_work,high,True,141,0,0,0,0,1
book_f43451b1ba601b8c,"Stuck with You (The STEMinist Novellas, #2)",Ali Hazelwood,openlibrary_work,high,True,225,0,0,0,0,1
book_4b881073679822d8,"The Spanish Love Deception (Love Deception, #1)",Elena  Armas,openlibrary_work,high,True,139,2,0,0,0,2
book_fe88df5ec0418631,To Hive and to Hold,Mae Harden,title_author,medium,False,305,0,0,0,0,1
book_2a1f4e44075717b6,Do You Take This Man,Denise  Williams,openlibrary_work,high,True,235,0,0,0,0,1
book_caaaef70bcde8d65,Just for Show,Julie  Hamilton,openlibrary_work,high,True,176,0,0,0,0,1
book_d7607be5169d3617,"Ashes (Modern-Day Fairy Tale, #1)",M.K. Harkins,title_author,medium,False,274,0,0,0,0,1
book_05a06f064da9ebb4,Miss Butterworth and the Mad Baron,Julia Quinn,openlibrary_work,high,True,221,0,0,0,0,1
book_b6794d8fbce16fed,"Dating Dr. Dil (If Shakespeare Was an Auntie, #1)",Nisha Sharma,openlibrary_work,high,True,225,0,0,0,0,1
book_23bcb5d4dde5a8d9,Future Remnants,Benjamin L. Owen,openlibrary_work,high,True,175,0,0,0,0,1
book_9dcf0abc3b96629f,The City of Infinite Life,J.M.  Mulligan,title_author,medium,False,164,0,0,0,0,1
book_d485b6aeb7aac021,Even Better Than the Real Thing,Melanie Summers,title_author,medium,False,233,0,0,0,0,1
book_c725175cf152a8a1,"Booked on a Feeling (A Sweet Mess, #3)",Jayci Lee,openlibrary_work,high,True,287,0,0,0,0,1
book_10eb11b3822ace4b,The Flavor Equation: The Science of Great Cooking Explained in More Than 100 Essential Recipes,Nik Sharma,openlibrary_work,high,True,101,1,0,0,0,2
book_ede142e2a7ae7873,TL;DR Shakespeare: Dynamically illustrated plot and character summaries for 12 of Shakespeare's greatest plays (Too Long; Didn't Read),SparkNotes,openlibrary_work,high,True,95,0,0,0,0,1
book_53ef5ef7dda83780,"Portraits of Childfree Wealth: 26 Stories About How Being Childfree Impacts Your Life, Wealth, and Finances",Jay Zigmont,openlibrary_work,high,True,349,2,0,0,0,2
book_80e52804ee53d804,Float,Kate Marchant,openlibrary_work,high,True,177,0,0,0,0,1
book_ff08df7b422e7774,"A Game of Retribution (Hades Saga, #2)",Scarlett St.  Clair,openlibrary_work,high,True,143,11,2,0,0,3
book_ee6c8b470512a55b,You Made a Fool of Death with Your Beauty,Akwaeke Emezi,openlibrary_work,high,True,256,1,0,0,0,2
book_ddf7d9ee09f11608,24 Hours in Paris (24 Hours Series #1),Romi Moondi,openlibrary_work,high,True,229,0,0,0,0,1
book_e9a3bb4ddf5f9fff,Something Wilder,Christina Lauren,openlibrary_work,high,True,273,2,0,0,0,2
book_37074855fd74b3d6,The Fastest Way to Fall,Denise  Williams,openlibrary_work,high,True,241,1,0,0,0,2
book_e9affdd2593ddb4d,"Into the Storm (Destroyermen, #1)",Taylor  Anderson,openlibrary_work,high,True,177,10,0,0,0,2
book_a1f0cb32076f7ee5,"The Light of All That Falls (The Licanius Trilogy, #3)",James Islington,openlibrary_work,high,True,135,1,0,0,0,2
book_87821c8e39f0b91e,West Side Love Story (Queens of Mariachi #1),Priscilla Oliveras,openlibrary_work,high,True,177,1,0,0,0,2
book_ae8f53869eafc368,"Wicked Beauty (Dark Olympus, #3)",Katee Robert,openlibrary_work,high,True,225,13,3,0,0,3
book_4d9790fb97e78679,The Lifestyle,Taylor Hahn,openlibrary_work,high,True,208,1,0,0,0,2
book_deee7eb37807332a,Kisses and Croissants,Anne-Sophie Jouhanneau,openlibrary_work,high,True,216,1,0,0,0,2
book_f6ae017d6af48351,"Make Me (Broke and Beautiful, #3)",Tessa Bailey,openlibrary_work,high,True,170,2,0,0,0,2
book_c6f9b19d5024a03e,"Love & Other Disasters (Nashville Love, #1)",Anita Kelly,openlibrary_work,high,True,245,6,0,1,1,4
book_bbadbf82e6dd799d,As Seen On TV,Meredith Schorr,openlibrary_work,high,True,179,0,0,0,0,1
book_9f9802cf35cf13f9,Getting His Game Back,Gia de Cadenet,openlibrary_work,high,True,241,1,0,0,0,2
book_d52bfbb677db889d,By Any Other Name,Lauren Kate,openlibrary_work,high,True,168,1,0,0,0,2
book_c09f26cde5ac995d,"Starry-Eyed Love (Spark House, #2)",Helena Hunting,openlibrary_work,high,True,248,0,0,0,0,1
book_e28e5b5bdc5d595b,"Cream and Punishment (King Family, #2)",Susannah Nix,openlibrary_work,high,True,247,2,0,0,0,2
book_825ab0f0c97c2144,Love at First Spite,Anna E. Collins,openlibrary_work,high,True,295,0,0,0,0,1
book_173aa4e0e1b20e55,If You Ask Me,Libby Hubscher,openlibrary_work,high,True,205,1,0,0,0,2
book_61a051e96123a8c3,"Not the Witch You Wed (Supernatural Singles, #1)",April Asher,openlibrary_work,high,True,168,0,0,0,0,1
book_0806dac446e5455f,"The Suite Spot (Beck Sisters, #2)",Trish Doller,openlibrary_work,high,True,177,0,0,0,0,1
book_c5c70db47ae62467,The Bodyguard,Katherine Center,openlibrary_work,high,True,237,2,0,0,0,2
book_1ae55d71b7693ad8,The Wedding Crasher,Mia Sosa,openlibrary_work,high,True,261,0,0,0,0,1
book_7a131c3418604dfe,"Mr. Wrong Number (Mr. Wrong Number, #1)",Lynn Painter,openlibrary_work,high,True,152,3,2,0,2,4
book_67c0843a7735e2c5,"Husband Material (London Calling, #2)",Alexis  Hall,openlibrary_work,high,True,115,0,0,0,0,1
book_5449c9f901c42011,The Roughest Draft,Emily Wibberley,openlibrary_work,high,True,178,1,0,0,0,2
book_510b8dfb1255cf2f,"The American Roommate Experiment (Spanish Love Deception, #2)",Elena  Armas,openlibrary_work,high,True,248,0,0,0,0,1
book_89d49d2f04127e36,"Part of Your World (Part of Your World, #1)",Abby Jimenez,openlibrary_work,high,True,194,2,0,0,0,2
book_394274ac53905554,Weather Girl,Rachel Lynn Solomon,openlibrary_work,high,True,191,4,0,0,0,2
book_cc4a741f87709d7c,Book Lovers,Emily Henry,openlibrary_work,high,True,212,6,0,0,0,2
book_b500439d29d53be2,"Hook, Line, and Sinker (Bellinger Sisters, #2)",Tessa Bailey,openlibrary_work,high,True,290,2,0,0,0,2
book_7115e3ebf074e5cc,"Gouda Friends (Ponto Beach Reunion, #2)",Cathy Yardley,openlibrary_work,high,True,177,0,0,0,0,1
book_4fb2a03f2c236bb1,Ten Trends to Seduce Your Bestfriend,Penny Reid,openlibrary_work,high,True,197,1,0,0,0,2
book_fda1d2544ec6fc66,My Summer in Seoul,Rachel Van Dyken,openlibrary_work,high,True,243,1,0,0,0,2
book_0b05eab50a0f887e,"Star Father (Star Mother, #2)",Charlie N. Holmberg,openlibrary_work,high,True,202,1,0,0,0,2
book_0353a6acdff51433,One to Watch,Kate Stayman-London,openlibrary_work,high,True,113,2,0,0,0,2
book_cf47c1eb8a9df55b,"If the Shoe Fits (Meant to Be, #1)",Julie   Murphy,openlibrary_work,high,True,134,1,0,0,0,2
book_8736a801eb12e7f7,"All the Feels (Spoiler Alert, #2)",Olivia Dade,openlibrary_work,high,True,235,0,0,0,0,1
book_fa8e3db3157b05cd,Of Women and Salt,Gabriela  Garcia,openlibrary_work,high,True,182,18,0,0,0,2
book_f6b1c3b484917a65,Donut Fall in Love,Jackie Lau,openlibrary_work,high,True,174,1,0,0,0,2
book_181b17a845410a93,The Love Con,Seressia Glass,openlibrary_work,high,True,176,1,0,0,0,2
book_d6c0c1bd829583c6,"The Best Kept Secret (Smokejumper, #3)",Tawna Fenske,openlibrary_work,high,True,176,0,0,0,0,1
book_90efe12f675ad2be,"Love on the Lake (Lakeside, #2)",Helena Hunting,openlibrary_work,high,True,160,1,0,0,0,2
book_10333cc80afd1596,Off Script,Ashley    Marie,openlibrary_work,high,True,219,0,0,0,0,1
book_2e084a8592c7cb6d,Brush Strokes,Sara Violet Scully,openlibrary_work,high,True,177,1,0,0,0,2
book_c6ddca729af26195,Love: A History in Five Fantasies,Barbara H. Rosenwein,openlibrary_work,high,True,182,3,0,0,0,2
book_66d244613b3a8091,Instructions for Dancing,Nicola Yoon,openlibrary_work,high,True,208,6,0,0,0,2
book_d4b503899724e960,"Need Me (Broke and Beautiful, #2)",Tessa Bailey,openlibrary_work,high,True,173,10,0,0,0,2
book_edd805819ffdc7cd,"Baiting the Maid of Honor (Wedding Dare, #2)",Tessa Bailey,openlibrary_work,high,True,185,1,0,0,0,2
book_4b2a62e58cd3086c,Meet Me in Paradise,Libby Hubscher,openlibrary_work,high,True,200,1,0,0,0,2
book_ae5e5a2a1e087eba,Make It A Great Day: How to Feel Awesome So That You Can Help Others,Jarrett Robertson,title_author,medium,False,171,0,0,0,0,1
book_815ea628a1e16eb7,Savvy Sheldon Feels Good as Hell,Taj McCoy,openlibrary_work,high,True,211,0,0,0,0,1
book_15f7bcdbedf1bf31,The Astronaut and the Star,Jen Comfort,openlibrary_work,high,True,244,1,0,0,0,2
book_af9f3905f9a99b85,How to Fake It in Hollywood,Ava  Wilder,openlibrary_work,high,True,252,0,0,0,0,1
book_cb0d892320ebe783,Open Play (Passion Players #1),J.N. Welsh,isbn,high,False,169,0,0,0,0,1
book_eb78942151c0c22f,"Kiss and Tell (Fulton U Rivals, #1)",Maya Hughes,openlibrary_work,high,True,285,1,0,0,0,2
book_993c8d94936a77b2,The Reunion,Meghan Quinn,openlibrary_work,high,True,184,1,0,0,0,2
book_8ce2046b0568ba10,The Assignment,Penelope Ward,openlibrary_work,high,True,266,2,0,0,0,2
book_f6dece964d7a5a74,"Fake It Till You Bake It (Sugar Blitz, #1)",Jamie Wesley,openlibrary_work,high,True,155,0,0,0,0,1
book_2b5b3c4e6920c1b5,Window Shopping,Tessa Bailey,openlibrary_work,high,True,164,0,0,0,0,1
book_7286f5195cdbd85f,"It Happened One Summer (Bellinger Sisters, #1)",Tessa Bailey,openlibrary_work,high,True,281,1,0,0,0,2
book_a6b35cdd0e762d3f,"Well Matched (Well Met, #3)",Jen DeLuca,openlibrary_work,high,True,272,1,0,0,0,2
book_e756c454ae074905,"Well Traveled (Well Met, #4)",Jen DeLuca,openlibrary_work,high,True,256,0,0,0,0,1
book_eb15076dc4dbb752,Swan Lake: Quest for the Kingdoms,Rey Terciero,openlibrary_work,high,True,191,0,0,0,0,1
book_08a76271249bbe20,The Art of Sushi,Franckie Alarcon,openlibrary_work,high,True,125,4,0,0,0,2
book_ffb370a2c82c22ee,Deconstructed,Liz Talley,openlibrary_work,high,True,178,0,0,0,0,1
book_9519c4bfd29efab1,"Through My Window (Hidalgos, #1)",Ariana Godoy,openlibrary_work,high,True,236,0,0,0,0,1
book_edf21ab963ec3e23,American Royals II: Majesty,Katharine McGee,openlibrary_work,high,True,190,8,0,0,0,2
book_9d6a34639355c0b5,"Something Fabulous (Something Fabulous, #1)",Alexis  Hall,openlibrary_work,high,True,146,16,0,0,0,2
book_1f6f1155a29dfe46,S. Ship of Theseus,J.J. Abrams,title_author,medium,False,240,0,0,0,0,1
book_dcbe595d08041b57,"The Beatrice Letters (A Series of Unfortunate Events, #12.5)",Lemony Snicket,openlibrary_work,high,True,21,7,1,0,0,3
book_b2f30d357bd91ac8,Hot as Hades,Alisha Rai,title_author,medium,False,138,0,0,0,0,1
book_7a8ee2901b90bbbb,"The Red (The Godwicks, #1)",Tiffany Reisz,openlibrary_work,high,True,132,0,0,0,0,1
book_2ec30bc1b36aa9e6,Sisters of the Neversea,Cynthia Leitich Smith,openlibrary_work,high,True,152,1,0,0,0,2
book_18a907b95cbac817,"Eat Up!: Food, Appetite and Eating What You Want",Ruby Tandoh,openlibrary_work,high,True,99,1,0,0,0,2
book_a0b1124cc0ab54da,The Paid Bridesmaid,Sariah Wilson,openlibrary_work,high,True,197,0,0,0,0,1
book_7b737e21bf13a4cb,How to Survive a Modern-Day Fairy Tale,Elle Cruz,openlibrary_work,high,True,192,0,0,0,0,1
book_a7eccb673a0e17d7,"Digging Up Love (Taste of Love, #1)",Chandra Blumberg,openlibrary_work,high,True,178,0,0,0,0,1
book_e918951115bdd802,"Read Between the Lines (Ms. Right, #1)",Rachel Lacey,openlibrary_work,high,True,231,0,0,0,0,1
book_8f3ef8e052eb1f84,The Arc,Tory Henwood Hoen,openlibrary_work,high,True,217,0,0,0,0,1
book_9a938467234009b8,On a Night Like This,Lindsey Kelk,openlibrary_work,high,True,150,0,0,0,0,1
book_597f79682fe66aff,"Go Tell the Bees That I Am Gone (Outlander, #9)",Diana Gabaldon,openlibrary_work,high,True,262,9,0,0,0,2
book_49e5e7c5f23fce91,Made in Manhattan,Lauren Layne,openlibrary_work,high,True,287,1,0,0,0,2
book_78d594dff5ec5c7e,Reclaim the Stars: 17 Tales Across Realms & Space,Zoraida Córdova,openlibrary_work,high,True,126,10,0,0,0,2
book_9d6c8082c7fac28e,Tacos for Two,Betsy St. Amant,openlibrary_work,high,True,200,1,0,0,0,2
book_d05db943a81dfe81,The Wedding Ringer,Kerry Rea,openlibrary_work,high,True,240,1,0,0,0,2
book_0d2feebbe9ed3f5f,"Blazewrath Games (Blazewrath Games, #1)",Amparo Ortiz,openlibrary_work,high,True,161,1,0,0,0,2
book_c7648135a00dc34e,Secret Garden and other poems,Nitin Kakarla,openlibrary_work,high,True,124,0,0,0,0,1
book_f6535b69b1370ac8,Rover,George Ebey,isbn,high,False,270,0,0,0,0,1
book_a0b6ef0920716eb3,"Ramón and Julieta (Love & Tacos, #1)",Alana Albertson,openlibrary_work,high,True,223,1,0,0,0,2
book_6068208081c05d53,1000 Years of Joys and Sorrows: A Memoir,Weiwei Ai,openlibrary_work,high,True,361,8,0,0,0,2
book_820e36ac735d1490,"The Particulars of Peter: Dance Lessons, DNA Tests, and Other Excuses to Hang Out with My Perfect Dog",Kelly Conaboy,openlibrary_work,high,True,347,4,0,0,0,2
book_262daf73d60c7824,Finding Our Niche: Toward A Restorative Human Ecology,Philip A.  Loring,openlibrary_work,high,True,264,2,0,0,0,2
book_22f22936f870530f,The Authenticity Code: The Art and Science of Success and Why You Can’t Fake It to Make It,Sharon Lamm-Hartman,openlibrary_work,high,True,333,1,0,0,0,2
book_ad439eaafb501bce,Another Kind: A Graphic Novel,Trevor Bream,openlibrary_work,high,True,97,0,0,0,0,1
book_9648f08a0db5ae7d,Oak Flat: A Fight for Sacred Land in the American West,Lauren Redniss,openlibrary_work,high,True,336,14,0,0,0,2
book_252be2df02f7915a,Bubble,Jordan  Morris,openlibrary_work,high,True,198,7,0,0,0,2
book_f7c824c6bac6b900,The Utimate Air Fryer Oven Cookbook: Easy Recipes That Satisfy,Coco Morante,openlibrary_work,high,True,173,0,0,0,0,1
book_80097ffc45970b3f,Kentucky Moonshine,David W. Maurer,openlibrary_work,high,True,145,7,0,1,0,3
book_ec6c34c40fd6b545,The Optimized Cooking Lifestyle,Maurice van der Star,isbn,high,False,408,0,0,0,0,1
book_f86fbeaad6ef66ab,"Black Food: Stories, Art, and Recipes From Across the African Diaspora",Bryant Terry,isbn,high,False,26,0,0,0,0,1
book_205527c6c787b5c6,"Dance of a Burning Sea (Mousai, #2)",E.J. Mellow,openlibrary_work,high,True,237,1,0,0,0,2
book_2957c2dac0bca8d2,White Glove Life,M.L.  Wright,title_author,medium,False,179,0,0,0,0,1
book_7ae4cc5e2911e860,"Baking with Dorie: Sweet, Salty & Simple",Dorie Greenspan,openlibrary_work,high,True,189,7,0,0,0,2
book_6c16b39d3008b461,Scrumptious from the Girl Who Ate Everything,Christy Denney,openlibrary_work,high,True,215,1,0,0,0,2
book_ce5e6f84b054da31,Well Played,Vi Keeland,openlibrary_work,high,True,303,1,0,0,0,2
book_4ae21c63e114e762,"Good Catch (Harper Landing, #2)",Jennifer Bardsley,openlibrary_work,high,True,159,0,0,0,0,1
book_e03da3f8a43ef6b7,"He Said Never (The Lost Corisis, #2)",Ruth Cardello,openlibrary_work,high,True,163,1,0,0,0,2
book_e36404b8079d6aa4,Tahira in Bloom,Farah Heron,openlibrary_work,high,True,210,0,0,0,0,1
book_726790147ebc30f3,The Bounce Back,Addie Woolridge,openlibrary_work,high,True,174,0,0,0,0,1
book_461d2f762627185c,"It Happened One Midnight (Fairy Godmothers, Inc., #3)",Saranna DeWylde,openlibrary_work,high,True,280,0,0,0,0,1
book_22166a0d579555e1,Little Wishes,Michelle    Adams,openlibrary_work,high,True,305,3,2,3,0,4
book_cc1c1b5662fbf31f,"Good Girl Complex (Avalon Bay, #1)",Elle Kennedy,openlibrary_work,high,True,188,2,0,0,0,2
book_c6413906d5914371,"Forrest for the Trees (Green Valley Heroes, #1)",Kilby Blades,isbn,high,False,166,0,0,0,0,1
book_2e79324a252db218,Lockdown on London Lane,Beth Reekles,openlibrary_work,high,True,271,0,0,0,0,1
book_a5cce1d7a3df6243,How to Be Perfect: The Correct Answer to Every Moral Question,Michael Schur,openlibrary_work,high,True,246,1,0,0,0,2
book_cce2b5fa6ada479b,"Electric Idol (Dark Olympus, #2)",Katee Robert,openlibrary_work,high,True,166,2,0,0,0,2
book_c3f2e7c6e5ccc4ff,"4 Essential Keys to Effective Communication in Love, Life, Work--Anywhere!: Including the ""12-Day Communication Challenge!"" (Relationship Skills Series)",Bento C. Leal III,openlibrary_work,high,True,29,0,0,0,0,1
book_cf700be8f71ebf62,Kiss My Cupcake,Helena Hunting,openlibrary_work,high,True,177,6,0,0,0,2
book_92dddda66904de5c,"Only When It's Us (Bergman Brothers, #1)",Chloe Liese,openlibrary_work,high,True,335,1,0,0,0,2
book_7b2e9d48d34a8c8f,"Loathe to Love You (The STEMinist Novellas, #1-3)",Ali Hazelwood,openlibrary_work,high,True,167,2,0,0,0,2
book_c887798978a04e04,"Barbarian's Redemption (Ice Planet Barbarians, #12)",Ruby Dixon,openlibrary_work,high,True,108,0,0,0,0,1
book_fd1c95f8ca792f62,"Barbarian's Lady (Ice Planet Barbarians, #13)",Ruby Dixon,openlibrary_work,high,True,137,0,0,0,0,1
book_55770e641ffd1f21,"Barbarian's Rescue (Ice Planet Barbarians, #14)",Ruby Dixon,openlibrary_work,high,True,124,0,0,0,0,1
book_aa51a17da965596d,"All the Feels (Spoiler Alert, #2)",Olivia Dade,openlibrary_work,high,True,239,0,0,0,0,1
book_fb884a94b470f9fe,"Barbarian's Choice (Ice Planet Barbarians, #11)",Ruby Dixon,openlibrary_work,high,True,103,0,0,0,0,1
book_cebc8d8beb821dec,Between the Lines,Lindsay Ward,openlibrary_work,high,True,115,0,0,0,0,1
book_67788defa5914b39,A Promised Land,Barack Obama,openlibrary_work,high,True,408,13,0,0,0,2
book_216b5eb35c66c322,"From Blood and Ash (Blood and Ash, #1)",Jennifer L. Armentrout,openlibrary_work,high,True,238,1,0,0,0,2
book_101b6947378a4ebb,"To Sleep in a Sea of Stars (Fractalverse, #1)",Christopher Paolini,openlibrary_work,high,True,143,9,0,0,0,2
book_9d2a9d5411b435d4,The Play's the Thing,Jessica Barksdale Inclán,openlibrary_work,high,True,120,2,0,0,0,2
book_5bf69ebb07d83ac6,Herlot of Alonia: A Medieval Fantasy Series (The Herlot of Alonia Series Book 1),Maria Rosestone,title_author,medium,False,367,0,0,0,0,1
book_0fb7b804a7311bce,"Beasts of Prey (Beasts of Prey, #1)",Ayana Gray,openlibrary_work,high,True,291,3,0,0,0,2
book_42588cef940eeadf,"Lemon, Love & Olive Oil: 80 Mediterranean recipes from a Greek-American kitchen―simple, flavorful dishes inspired by family and art",Mina Stone,openlibrary_work,high,True,238,2,0,0,0,2
book_5b8ba9fc41ca5fb8,Modern Comfort Food: A Barefoot Contessa Cookbook,Ina Garten,openlibrary_work,high,True,201,8,0,0,0,2
book_375f35f4785751e1,The Highland Fling,Meghan Quinn,openlibrary_work,high,True,189,1,0,0,0,2
book_12651585aed92e97,"Love, Comment, Subscribe (Ponto Beach Reunion, #1)",Cathy Yardley,openlibrary_work,high,True,185,0,0,0,0,1
book_320652a8f9174970,And They Lived Happily Ever After,Therese Beharrie,openlibrary_work,high,True,241,0,0,0,0,1
book_b144ead279905f20,"A Letter to Three Witches (A Cupcake Coven Romance, #1)",Elizabeth  Bass,openlibrary_work,high,True,237,0,0,0,0,1
book_8ebbdfdd004e0681,The Matzah Ball,Jean Meltzer,openlibrary_work,high,True,178,0,0,0,0,1
book_00b2dac10bc9f48d,The World Played Chess,Robert Dugoni,openlibrary_work,high,True,93,1,0,0,0,2
book_e7ca8e0ca871cc08,"Barbarian's Bride (Ice Planet Barbarians, #19)",Ruby Dixon,openlibrary_work,high,True,76,0,0,0,0,1
book_7bfad565a7f3ca3c,"Barbarian's Treasure (Ice Planet Barbarians, #18)",Ruby Dixon,openlibrary_work,high,True,77,0,0,0,0,1
book_ed9d5aab019c2743,"Barbarian's Seduction (Ice Planet Barbarians, #17)",Ruby Dixon,openlibrary_work,high,True,120,0,0,0,0,1
book_3bcab5c928011a05,"Barbarian's Beloved (Ice Planet Barbarians, #16)",Ruby Dixon,openlibrary_work,high,True,100,0,0,0,0,1
book_99001b014851dacc,"Barbarian's Hope (Ice Planet Barbarians, #10)",Ruby Dixon,openlibrary_work,high,True,86,0,0,0,0,1
book_a609bab2be64cfb1,"Barbarian's Heart (Ice Planet Barbarians, #9)",Ruby Dixon,openlibrary_work,high,True,88,0,0,0,0,1
book_98f88d8d29a2ec83,"Barbarian's Taming (Ice Planet Barbarians, #8)",Ruby Dixon,openlibrary_work,high,True,129,0,0,0,0,1
book_613875c6662b4da5,"Barbarian's Mate (Ice Planet Barbarians, #6)",Ruby Dixon,openlibrary_work,high,True,118,0,0,0,0,1
book_3788cabefdd15c40,"Ice Planet Holiday (Ice Planet Barbarians, #4.75)",Ruby Dixon,openlibrary_work,high,True,86,0,0,0,0,1
book_e5f6404f3269f696,"Barbarian Mine (Ice Planet Barbarians, #4)",Ruby Dixon,openlibrary_work,high,True,133,4,2,0,0,3
book_fba354572fff5299,"Barbarian Lover (Ice Planet Barbarians, #3)",Ruby Dixon,openlibrary_work,high,True,115,1,0,0,0,2
book_e59cd8b2290eefd7,"Barbarian Alien (Ice Planet Barbarians, #2)",Ruby Dixon,openlibrary_work,high,True,97,0,0,0,0,1
book_43b585633af7e9d3,"Ice Planet Barbarians (Ice Planet Barbarians, #1)",Ruby Dixon,openlibrary_work,high,True,59,0,0,0,0,1
book_495438fd8753efd6,"Crazy Stupid Bromance (Bromance Book Club, #3)",Lyssa Kay Adams,openlibrary_work,high,True,182,1,0,0,0,2
book_9fba4aab8df63e7f,"Undercover Bromance (Bromance Book Club, #2)",Lyssa Kay Adams,openlibrary_work,high,True,128,1,0,0,0,2
book_bb8c2af3fe909fcc,"The Bromance Book Club (Bromance Book Club, #1)",Lyssa Kay Adams,openlibrary_work,high,True,155,1,0,0,0,2
book_1f0f3cb30a0182e1,"Isn't It Bromantic? (Bromance Book Club, #4)",Lyssa Kay Adams,openlibrary_work,high,True,182,1,0,0,0,2
book_d360e2aba3400279,"Act Your Age, Eve Brown (The Brown Sisters, #3)",Talia Hibbert,openlibrary_work,high,True,213,4,0,0,0,2
book_80a27e319ea76a12,The Ex Talk,Rachel Lynn Solomon,openlibrary_work,high,True,175,2,0,0,0,2
book_52b68813514c1aca,"Take a Hint, Dani Brown (The Brown Sisters, #2)",Talia Hibbert,openlibrary_work,high,True,244,18,0,0,0,2
book_c5e41e3cda0d59ee,"Get a Life, Chloe Brown (The Brown Sisters, #1)",Talia Hibbert,openlibrary_work,high,True,212,13,0,0,0,2
book_347cdac300586160,The Intimacy Experiment (Shameless #2),Rosie Danan,openlibrary_work,high,True,197,1,0,0,0,2
book_cf2070bca1370aaf,"Square Foot Gardening: Growing Perfect Vegetables: A Visual Guide to Raising and Harvesting Prime Garden Produce (All New Square Foot Gardening, 8) (Volume 8)",Todd R. Berger,openlibrary_work,high,True,229,2,0,0,0,2
book_dd8eaa03265dc21d,"The Pearl (The Godwicks, #3)",Tiffany Reisz,openlibrary_work,high,True,57,3,0,0,0,2
book_de13cf56505c18ef,Moxie,Jennifer Mathieu,openlibrary_work,high,True,124,12,0,1,0,3
book_fb72466f64680a19,"Square Foot Gardening with Kids: Learn Together: - Gardening Basics - Science and Math - Water Conservation - Self-sufficiency - Healthy Eating (All New Square Foot Gardening, 5) (Volume 5)",Mel Bartholomew,openlibrary_work,high,True,146,3,0,0,0,2
book_b899d4ff431ccf7b,"I Flipping Love You (Shacking Up, #3)",Helena Hunting,openlibrary_work,high,True,244,2,0,0,0,2
book_8dc6ae7fc7cbe0ce,"Making Up (Shacking Up, #4)",Helena Hunting,openlibrary_work,high,True,209,0,0,0,0,1
book_99f833607884dd07,"The Hate U Give (The Hate U Give, #1)",Angie Thomas,openlibrary_work,high,True,167,30,5,2,1,5
book_d0a8368f0cf2ecb5,"The Maze Runner (The Maze Runner, #1)",James Dashner,openlibrary_work,high,True,102,33,2,0,1,4
book_8ba7c2d21b7c4b22,A Midwinter Night's Dream (Original Sinners #8.6),Tiffany Reisz,openlibrary_work,high,True,127,2,0,0,0,2
book_2acb17558c7aa339,"Hooking Up (Shacking Up, #2)",Helena Hunting,openlibrary_work,high,True,205,2,0,0,0,2
book_53bb22ef2b579ea0,"Getting Down (Shacking Up, #1.5)",Helena Hunting,openlibrary_work,high,True,81,1,0,0,0,2
book_73dccb20f64af580,"Shacking Up (Shacking Up, #1)",Helena Hunting,openlibrary_work,high,True,188,1,0,0,0,2
book_e812c9c8928eba25,Of Rock and Rivers: Seeking a Sense of Place in the American West,Ellen E. Wohl,openlibrary_work,high,True,201,12,0,1,0,3
book_4c021aa288de81b6,The Highest Tide,Jim    Lynch,openlibrary_work,high,True,124,18,1,1,0,4
book_4fa8281a0014c8a4,"A Hush of Greek (Out of Olympus, #4)",Tina Folsom,openlibrary_work,high,True,87,0,0,0,0,1
book_c066592f80bac805,The Sequel,John  Green,title_author,medium,False,13,0,0,0,0,1
book_77570ea2de58d4b0,The Price of Dawn,John Green,title_author,medium,False,121,0,0,0,0,1
book_c0b737084a7dcf3a,An Imperial Affliction,Peter Van Houten,title_author,medium,False,27,0,0,0,0,1
book_74b6922b4507045c,The War for Banks Island,John  Green,title_author,medium,False,51,0,0,0,0,1
book_330f2c4480e7f940,Zombicorns,John  Green,title_author,medium,False,116,0,0,0,0,1
book_0a8ae00d02c02591,Let It Snow,John  Green,openlibrary_work,high,True,128,40,0,0,0,2
book_ddaaf18fe12ea389,Praying with Jane Eyre: Reflections on Reading as a Sacred Practice,Vanessa Zoltan,openlibrary_work,high,True,264,1,0,0,0,2
book_79a634990418f104,Heracles' Bow,Madeline Miller,title_author,medium,False,88,0,0,0,0,1
book_2527cc1067caec28,Galatea,Madeline Miller,openlibrary_work,high,True,115,3,0,0,0,2
book_35d965bdaf5d096c,"A Taste of Greek (Out of Olympus, #3)",Tina Folsom,openlibrary_work,high,True,103,0,0,0,0,1
book_174a5261fa0ec0ee,"A Scent of Greek (Out of Olympus, #2)",Tina Folsom,openlibrary_work,high,True,137,0,0,0,0,1
book_83c121f91d89ddd6,"A Touch of Greek (Out of Olympus, #1)",Tina Folsom,openlibrary_work,high,True,177,0,0,0,0,1
book_154212779718d315,The Rose Code,Kate Quinn,openlibrary_work,high,True,290,9,0,0,0,2
book_49029e4039056a0d,"The Atlantis Gene (The Origin Mystery, #1)",A.G. Riddle,openlibrary_work,high,True,70,8,0,0,0,2
book_f306273d601a27c5,The Atlantis Girl (The Atlantis Saga #1),S.A. Beck,openlibrary_work,high,True,173,0,0,0,0,1
book_80805ee968005f1e,"Cupcake (Cyd Charisse, #3)",Rachel Cohn,openlibrary_work,high,True,62,16,0,1,0,3
book_545c8b4ae0c38a83,Nick & Norah's Infinite Playlist,Rachel Cohn,openlibrary_work,high,True,189,29,0,2,0,3
book_12e0f667a2ddd23e,Naomi and Ely's No Kiss List,Rachel Cohn,openlibrary_work,high,True,193,11,0,1,0,3
book_9511fd51c26d7b71,The Good Luck Charm,Helena Hunting,openlibrary_work,high,True,168,1,0,0,0,2
book_d21c4a7f182704fc,If I Never Met You,Mhairi McFarlane,openlibrary_work,high,True,202,0,0,0,0,1
book_106cbb5415fe887b,"You Deserve Each Other (You Deserve Each Other, #1)",Sarah Hogle,openlibrary_work,high,True,170,2,2,0,2,4
book_243a86dfb4114095,Would Like to Meet,Rachel Winters,openlibrary_work,high,True,188,0,0,0,0,1
book_7ca717b72ad43371,The Power of Ritual: Turning Everyday Activities into Soulful Practices,Casper ter Kuile,openlibrary_work,high,True,355,5,0,0,0,2
book_c7090fe2e9bc6237,Fantastic Beasts and Where to Find Them,Newt Scamander,openlibrary_work,high,True,130,22,2,2,0,4
book_1ccf7780331c92b3,"Will Grayson, Will Grayson",John  Green,openlibrary_work,high,True,125,49,2,1,0,4
book_7b8ffac10e130fb7,"The Golden Compass (His Dark Materials, #1)",Philip Pullman,openlibrary_work,high,True,95,107,0,9,0,3
book_fe524b384b00ec6a,"Eclipse (The Twilight Saga, #3)",Stephenie Meyer,openlibrary_work,high,True,185,54,4,8,2,5
book_fb4d52f514dc2fec,"Insurgent (Divergent, #2)",Veronica Roth,openlibrary_work,high,True,177,62,2,3,3,5
book_41f81946dfb55100,"New Moon (The Twilight Saga, #2)",Stephenie Meyer,openlibrary_work,high,True,284,72,7,5,1,5
book_0d41c021e48530d2,"Harry Potter and the Half-Blood Prince (Harry Potter, #6)",J.K. Rowling,openlibrary_work,high,True,123,69,10,4,0,4
book_fc1daee2cd2c00ac,"Harry Potter and the Chamber of Secrets (Harry Potter, #2)",J.K. Rowling,openlibrary_work,high,True,141,124,19,8,1,5
book_ea1f1bdfc64951b9,The Art of The Fellowship of the Ring (The Lord of the Rings),Gary Russell,openlibrary_work,high,True,233,3,0,0,0,2
book_4195b55c1ef80a1c,"The Lion, the Witch and the Wardrobe: A Graphic Novel",Robin Lawrie,openlibrary_work,high,True,121,3,0,0,0,2
book_47260db1082eaff6,Harry Potter and the Chamber of Secrets: Sheet Music for Flute with CD,John   Williams,openlibrary_work,high,True,170,7,0,0,0,2
book_1be90325acb21bdd,The Secret Life of Bees,Sue Monk Kidd,openlibrary_work,high,True,119,50,0,1,0,3
book_aaa9afd38c727437,Life of Pi,Yann Martel,openlibrary_work,high,True,58,71,1,4,1,5
book_136b90e3dec2b9fc,The Curious Incident of the Dog in the Night-Time,Mark Haddon,openlibrary_work,high,True,75,81,1,6,2,5
book_171b8d19d754de64,"Harry Potter and the Order of the Phoenix (Harry Potter, #5, Part 1)",J.K. Rowling,openlibrary_work,high,True,121,0,0,0,0,1
book_4b8cb9e5ebf98dd5,The Sun and Her Flowers,Rupi Kaur,openlibrary_work,high,True,122,10,0,0,0,2
book_dc220c2b7d8de677,The Little Prince,Antoine de Saint-Exupéry,openlibrary_work,high,True,48,67,0,1,0,3
book_87a250643d9db5c7,Turtles All the Way Down,John  Green,openlibrary_work,high,True,119,52,0,0,0,2
book_178041fc6dbf5a14,Paper Towns,John  Green,openlibrary_work,high,True,100,53,2,3,0,4
book_19f42dbc0faec7f1,The Secret Garden,Frances Hodgson Burnett,openlibrary_work,high,True,143,107,2,6,3,5
book_f68a9238e7989ed7,"Little Women (Little Women, #1)",Louisa May Alcott,openlibrary_work,high,True,185,74,7,9,6,5
book_5be2002124be2692,Number the Stars,Lois Lowry,openlibrary_work,high,True,72,46,3,4,1,5
book_82360a678b9365fc,Counting by 7s,Holly Goldberg Sloan,openlibrary_work,high,True,116,16,0,0,0,2
book_24e54fdbe55ea4a2,"Out of My Mind (Out of My Mind, #1)",Sharon M. Draper,openlibrary_work,high,True,82,39,0,0,0,2
book_43a029cc8de826d4,"Meet Felicity: An American Girl (American Girl: Felicity, #1)",Valerie Tripp,title_author,medium,False,28,0,0,0,0,1
book_41bb70e39e0ccb95,"Meet Samantha: An American Girl (American Girl: Samantha, #1)",Susan S. Adler,openlibrary_work,high,True,37,22,0,0,0,2
book_836862604adcd3af,The BFG,Roald Dahl,openlibrary_work,high,True,92,54,5,3,1,5
book_3aeb42f30aad2b01,Stuart Little,E.B. White,openlibrary_work,high,True,114,39,8,3,0,4
book_90f74c39e434fbfd,"The Boxcar Children (The Boxcar Children, #1)",Gertrude Chandler Warner,openlibrary_work,high,True,138,50,16,2,0,4
book_c2c0fc87aee2ac2e,"The City of Ember (Book of Ember, #1)",Jeanne DuPrau,openlibrary_work,high,True,112,17,0,0,0,2
book_2e38f6c461923c9b,Rules,Cynthia Lord,openlibrary_work,high,True,109,24,0,0,0,2
book_661868db2246c907,"Shiloh (Shiloh, #1)",Phyllis Reynolds Naylor,openlibrary_work,high,True,98,13,0,0,0,2
book_b724a6a1448c52ff,Frindle,Andrew Clements,openlibrary_work,high,True,165,5,0,0,1,3
book_ba886f6551105c6f,Macbeth,William Shakespeare,openlibrary_work,high,True,91,146,7,4,5,5
book_36fd6b7e4dab2934,Because of Winn-Dixie,Kate DiCamillo,openlibrary_work,high,True,255,53,6,1,0,4
book_99f539904edc0e74,Charlotte’s Web,E.B. White,openlibrary_work,high,True,150,73,7,2,0,4
book_a32fc85e0e998981,Speak,Laurie Halse Anderson,openlibrary_work,high,True,220,33,0,1,1,4
book_ce93b7b263f824c7,Of Mice and Men,John Steinbeck,openlibrary_work,high,True,196,72,2,6,2,5
book_24baedd0c8dfecce,"Holes (Holes, #1)",Louis Sachar,openlibrary_work,high,True,130,67,3,1,1,5
book_737fadad4913c668,"A Game of Thrones (A Song of Ice and Fire, #1)",George R.R. Martin,openlibrary_work,high,True,268,67,163,77,0,4
book_d57f5d600efd733f,The Outsiders,S.E. Hinton,openlibrary_work,high,True,202,51,9,1,0,4
book_58f509d353201296,Divergent Official Illustrated Movie Companion,Kate Egan,openlibrary_work,high,True,51,2,0,0,0,2
book_2f8740a12e2ca8f2,Allegiant: The Ultimate Interactive Quiz Book,Sarah Davids,isbn,high,False,225,0,0,0,0,1
book_47b17a2d36883545,Meet Cute,Helena Hunting,openlibrary_work,high,True,192,1,0,0,0,2
book_6508dd725997129e,"P.S. I Still Love You (To All the Boys I've Loved Before, #2)",Jenny Han,openlibrary_work,high,True,103,31,5,1,1,5
book_9b49b2879f5fac24,"The Rosie Project (Don Tillman, #1)",Graeme Simsion,openlibrary_work,high,True,259,41,2,3,2,5
book_ae7dd465112f56dd,"The Bride Test (The Kiss Quotient, #2)",Helen  Hoang,openlibrary_work,high,True,209,1,0,0,0,2
book_b4dc9dcdd42513ec,The Night Circus,Erin Morgenstern,openlibrary_work,high,True,192,20,0,0,0,2
book_472eb9123c8d469d,"Divergent (Divergent, #1)",Veronica Roth,openlibrary_work,high,True,218,61,7,1,1,5
book_29d7d56e4678366c,Emma,Jane Austen,openlibrary_work,high,True,49,98,1,2,2,5
book_a0fc6f42baf5563a,Sense and Sensibility,Jane Austen,openlibrary_work,high,True,153,93,6,1,3,5
book_a6307b9ee863d610,"Red, White & Royal Blue (Red, White & Royal Blue, #1)",Casey McQuiston,openlibrary_work,high,True,136,28,4,5,2,5
book_29fb0fcc6bdf0b1b,Romeo and Juliet,William Shakespeare,openlibrary_work,high,True,95,1,2,2,1,5
book_85275292596a71db,"To All the Boys I've Loved Before (To All the Boys I've Loved Before, #1)",Jenny Han,openlibrary_work,high,True,110,32,4,1,1,5
book_064f2771f6387370,Pride and Prejudice,Jane Austen,openlibrary_work,high,True,61,95,14,10,3,5
book_028a98cc0b0843d0,"Twilight (The Twilight Saga, #1)",Stephenie Meyer,openlibrary_work,high,True,59,99,13,6,2,5
book_f468b0b8534aa7dc,"Shopaholic to the Rescue (Shopaholic, #8)",Sophie Kinsella,openlibrary_work,high,True,141,24,0,0,0,2
book_66311da453220001,"Shopaholic to the Stars (Shopaholic, #7)",Sophie Kinsella,openlibrary_work,high,True,126,21,0,3,0,3
book_8a7ad2c15296caba,"Mini Shopaholic (Shopaholic, #6)",Sophie Kinsella,openlibrary_work,high,True,245,14,1,0,0,3
book_9ee9fff9dee2534b,"Shopaholic & Baby (Shopaholic, #5)",Sophie Kinsella,openlibrary_work,high,True,97,0,0,0,0,1
book_6c5888fb330184a0,"Shopaholic and Sister (Shopaholic, #4)",Sophie Kinsella,openlibrary_work,high,True,131,9,0,0,0,2
book_6c0a32ecb0247368,"Shopaholic on Honeymoon (Shopaholic, #3.5)",Sophie Kinsella,openlibrary_work,high,True,137,1,0,0,0,2
book_3bd6d93e89ab72f6,"Shopaholic Ties the Knot (Shopaholic, #3)",Sophie Kinsella,openlibrary_work,high,True,139,22,0,3,0,3
book_a6d04dfaf0f9c750,"Shopaholic Takes Manhattan (Shopaholic, #2)",Sophie Kinsella,openlibrary_work,high,True,184,22,0,3,0,3
book_82e39a4b616258d1,Christmas Shopaholic,Sophie Kinsella,openlibrary_work,high,True,187,2,0,0,0,2
book_02d6f3707770fd7f,The Hating Game,Sally  Thorne,openlibrary_work,high,True,225,16,2,1,2,5
book_e22a59e3bce8f5ab,Swimming Pool Sunday,Madeleine Wickham,openlibrary_work,high,True,122,7,0,0,0,2
book_0341e75edd81937a,Love Lettering,Kate Clayborn,openlibrary_work,high,True,196,0,0,0,0,1
book_e2f6cdcdbf184eee,"Life’s Too Short (The Friend Zone, #3)",Abby Jimenez,openlibrary_work,high,True,191,3,0,0,0,2
book_541f75961981ca0a,"The Friend Zone (The Friend Zone, #1)",Abby Jimenez,openlibrary_work,high,True,157,4,0,0,0,2
book_2295bc4efb989170,"The Happy Ever After Playlist (The Friend Zone, #2)",Abby Jimenez,openlibrary_work,high,True,151,1,0,0,0,2
book_7b75703fff4160d0,"Royal Holiday (The Wedding Date, #4)",Jasmine Guillory,openlibrary_work,high,True,180,3,0,1,1,4
book_502964e2907b545b,"Party of Two (The Wedding Date, #5)",Jasmine Guillory,openlibrary_work,high,True,190,5,0,0,0,2
book_c60098184a7ba3d5,"The Proposal (The Wedding Date, #2)",Jasmine Guillory,openlibrary_work,high,True,217,11,0,1,0,3
book_7ef9093c602d57c9,"The Wedding Party (The Wedding Date, #3)",Jasmine Guillory,openlibrary_work,high,True,115,7,0,0,0,2
book_83c8f21685a301a2,"The Wedding Date (The Wedding Date, #1)",Jasmine Guillory,openlibrary_work,high,True,168,11,0,0,0,2
book_394eb5da57f9cdd1,A Scientific Guide to Successful Relationships,Emily Nagoski,title_author,medium,False,156,0,0,0,0,1
book_5befe6045b6a8096,Come as You Are: The Surprising New Science that Will Transform Your Sex Life,Emily Nagoski,openlibrary_work,high,True,289,15,0,0,0,2
book_38e2f52721182c3e,Burnout: The Secret to Unlocking the Stress Cycle,Emily Nagoski,openlibrary_work,high,True,339,22,0,0,0,2
book_062916d5c9f62ec3,Beach Read,Emily Henry,openlibrary_work,high,True,170,13,2,0,0,3
book_dbc7db08edf053ad,"Well Met (Well Met, #1)",Jen DeLuca,openlibrary_work,high,True,214,1,0,0,0,2
book_ab08141d3798b4f4,"Well Played (Well Met, #2)",Jen DeLuca,openlibrary_work,high,True,208,1,0,0,0,2
book_6171000cb62c387c,"Off the Clock (Pleasure Principle, #1)",Roni Loren,openlibrary_work,high,True,206,5,0,0,0,2
book_84bd7ae2eb9f9e76,"How Not to Let Go (Belhaven, #2)",Emily Foster,isbn,high,False,161,0,0,0,0,1
book_448807c9ba37cf29,"How Not To Fall (Belhaven, #1)",Emily Foster,openlibrary_work,high,True,159,5,0,1,0,3
book_bf2479173f87ffc9,"Love Her or Lose Her (Hot & Hammered, #2)",Tessa Bailey,openlibrary_work,high,True,192,3,0,0,0,2
book_42e9fa16f92dc650,"Fix Her Up (Hot & Hammered, #1)",Tessa Bailey,openlibrary_work,high,True,306,1,0,0,0,2
book_42989c16fad78c05,"Tools of Engagement (Hot & Hammered, #3)",Tessa Bailey,openlibrary_work,high,True,276,3,0,0,0,2
book_6bbbba9adf7966ee,The Roommate (Shameless #1),Rosie Danan,openlibrary_work,high,True,204,3,0,0,0,2
book_1f2880bda1ff6031,"Ready Player Two (Ready Player One, #2)",Ernest Cline,openlibrary_work,high,True,161,22,0,0,0,2
book_14258d8adfac52a9,"Girl Gone Viral (Modern Love, #2)",Alisha Rai,openlibrary_work,high,True,219,3,0,0,0,2
book_1727b8e289c3f5bb,"The Right Swipe (Modern Love, #1)",Alisha Rai,openlibrary_work,high,True,180,7,0,0,0,2
book_1f6bb045256870cd,Roomies,Christina Lauren,openlibrary_work,high,True,228,13,0,1,0,3
book_3a4a8d9b85e941dc,Dating You / Hating You,Christina Lauren,openlibrary_work,high,True,208,11,0,1,0,3
book_73ac82937d2d7713,Twice in a Blue Moon,Christina Lauren,openlibrary_work,high,True,264,1,0,0,0,2
book_1f0490148e9685d6,The Honey-Don't List,Christina Lauren,openlibrary_work,high,True,210,17,0,0,0,2
book_94344f043a808520,My Favorite Half-Night Stand,Christina Lauren,openlibrary_work,high,True,194,0,0,0,0,1
book_5cca494f1de71804,Love and Other Words,Christina Lauren,openlibrary_work,high,True,246,7,0,1,0,3
book_271bff4671a9e00f,"A Beautifully Foolish Endeavor (The Carls, #2)",Hank Green,openlibrary_work,high,True,296,4,0,0,0,2
book_a7db060e2ef08553,"An Absolutely Remarkable Thing (The Carls, #1)",Hank Green,openlibrary_work,high,True,193,18,0,0,0,2
book_e5d1fe71e725ffe9,"You Had Me at Hola (Primas of Power, #1)",Alexis Daria,openlibrary_work,high,True,266,12,0,0,0,2
book_c96da0818dd7189c,"Spoiler Alert (Spoiler Alert, #1)",Olivia Dade,openlibrary_work,high,True,184,1,0,0,0,2
book_da063f32fa18c23f,In Case You Missed It,Lindsey Kelk,openlibrary_work,high,True,114,1,0,0,0,2
book_ee0deebbcb6444fa,"Angels & Demons (Robert Langdon, #1)",Dan    Brown,openlibrary_work,high,True,226,83,18,12,0,4
book_a1793dca2326aa46,"The Hunger Games (The Hunger Games, #1)",Suzanne Collins,openlibrary_work,high,True,151,91,26,5,1,5
book_51117bb7c3d1717e,The Fault in Our Stars,John  Green,openlibrary_work,high,True,84,77,4,4,0,4
book_1d34d35f05a689d3,"The Kiss Quotient (The Kiss Quotient, #1)",Helen  Hoang,openlibrary_work,high,True,189,23,0,0,0,2
book_1a8aa51e8320c069,99 Percent Mine,Sally  Thorne,openlibrary_work,high,True,389,7,0,0,0,2
book_f5d0d7d73a3099c9,Remember Me?,Sophie Kinsella,openlibrary_work,high,True,231,8,1,1,1,5
book_a377f5fa53a90106,The Runaway Bunny,Margaret Wise Brown,openlibrary_work,high,True,70,38,0,0,0,2
book_f6ee24c34f1d94da,Where the Red Fern Grows,Wilson Rawls,openlibrary_work,high,True,93,37,10,6,1,5
book_12bde776c64a1565,The Phantom Tollbooth,Norton Juster,openlibrary_work,high,True,120,68,14,9,0,4
book_3434c415c75a7b17,From the Mixed-up Files of Mrs. Basil E. Frankweiler,E.L. Konigsburg,openlibrary_work,high,True,169,37,0,1,1,4
book_6bdb56f4ae7aa0ea,"Watership Down (Watership Down, #1)",Richard  Adams,openlibrary_work,high,True,84,38,8,4,1,5
book_18e34f2efbd66cfe,Twilight Director's Notebook: The Story of How We Made the Movie Based on the Novel by Stephenie Meyer,Catherine Hardwicke,openlibrary_work,high,True,130,4,0,0,0,2
book_bb1041c072afe015,"Betrayed (House of Night, #2)",P.C. Cast,openlibrary_work,high,True,93,22,0,3,0,3
book_036a5f8705d8c0a3,Twilight: The Complete Illustrated Movie Companion,Mark Cotta Vaz,openlibrary_work,high,True,53,22,0,1,0,3
book_9c7becc494c1e7f8,"The Hobbit, Part One",J.R.R. Tolkien,openlibrary_work,high,True,92,93,25,8,1,5
book_6c54df5fbbf47f4d,"Little House on the Prairie (Little House, #3)",Laura Ingalls Wilder,openlibrary_work,high,True,94,51,6,10,3,5
book_1a73677bda3e2210,Make Way for Ducklings,Robert McCloskey,openlibrary_work,high,True,63,58,0,7,0,3
book_507c0840abdd16ca,The Poky Little Puppy,Janette Sebring Lowrey,openlibrary_work,high,True,73,13,0,0,0,2
book_9a625977f5fdf333,The Monster at the End of this Book,Jon Stone,openlibrary_work,high,True,238,26,1,1,0,4
book_5e80f32a92b85b9a,The Polar Express,Chris Van Allsburg,openlibrary_work,high,True,211,52,2,2,1,5
book_4ca980ecda6d679b,Are You My Mother?,P.D. Eastman,openlibrary_work,high,True,194,40,0,0,0,2
book_38950f632bb3a959,Falling Up,Shel Silverstein,openlibrary_work,high,True,590,17,0,0,1,3
book_d8ab2a3d2b4dd7b4,Milk and honey,Rupi Kaur,openlibrary_work,high,True,73,23,0,0,0,2
book_f392483b7fdeea75,A Light in the Attic,Shel Silverstein,openlibrary_work,high,True,157,25,0,0,0,2
book_bcd656bcc7f8ca3d,"The Bad Beginning (A Series of Unfortunate Events, #1)",Lemony Snicket,openlibrary_work,high,True,154,31,8,2,1,5
book_027329fe29d467d6,"Charlie and the Chocolate Factory (Charlie Bucket, #1)",Roald Dahl,openlibrary_work,high,True,40,51,9,7,1,5
book_002e301b35d9dcba,Where the Sidewalk Ends,Shel Silverstein,openlibrary_work,high,True,139,29,1,1,1,5
book_2df3ca6d9da9ac03,Bridge to Terabithia,Katherine Paterson,openlibrary_work,high,True,168,55,1,2,2,5
book_11d14aa2472ae51a,Matilda,Roald Dahl,openlibrary_work,high,True,164,55,0,1,1,4
book_b0f951cf141a7605,"Wonder (Wonder, #1)",R.J. Palacio,openlibrary_work,high,True,82,73,5,5,1,5
book_c6feb09f3153d7d3,Eleanor & Park,Rainbow Rowell,openlibrary_work,high,True,87,51,2,0,0,3
book_3bc67020ac12fabe,The Perks of Being a Wallflower,Stephen Chbosky,openlibrary_work,high,True,200,73,18,1,1,5
book_b823dccbf3ebcc9f,The Lovely Bones,Alice Sebold,openlibrary_work,high,True,99,55,1,0,1,4
book_a0c8979bd823baea,The Help,Kathryn Stockett,openlibrary_work,high,True,308,57,14,7,3,5
book_955b4cebdea5e0f1,The Book Thief,Markus Zusak,openlibrary_work,high,True,168,63,4,4,3,5
book_23742b508a791791,Looking for Alaska,John  Green,openlibrary_work,high,True,115,48,5,2,0,4
book_7201ec1d3558b7ca,"Uglies (Uglies, #1)",Scott Westerfeld,openlibrary_work,high,True,138,35,2,0,0,3
book_388ff4c482cb7063,"Matched (Matched, #1)",Ally Condie,openlibrary_work,high,True,115,37,3,0,0,3
book_e347db1305016c94,"Allegiant (Divergent, #3)",Veronica Roth,openlibrary_work,high,True,164,51,0,1,2,4
book_fe23b12e80870181,A Walk to Remember,Nicholas Sparks,openlibrary_work,high,True,302,11,1,2,0,4
book_f8202accb8ca0593,"City of Ashes (The Mortal Instruments, #2)",Cassandra Clare,openlibrary_work,high,True,224,20,0,0,0,2
book_2c4374a207bfbe88,"City of Glass (The Mortal Instruments, #3)",Cassandra Clare,openlibrary_work,high,True,201,22,7,2,0,4
book_e91676dc8f493d4a,"Breaking Dawn (The Twilight Saga, #4)",Stephenie Meyer,openlibrary_work,high,True,286,67,2,6,1,5
book_63a06456a1a01b64,"Mockingjay (The Hunger Games, #3)",Suzanne Collins,openlibrary_work,high,True,174,73,1,1,2,5
book_560a466d1e4685e4,"Harry Potter and the Order of the Phoenix (Harry Potter, #5)",J.K. Rowling,openlibrary_work,high,True,239,110,13,5,0,4
book_4598456962eb868f,"Catching Fire (The Hunger Games, #2)",Suzanne Collins,openlibrary_work,high,True,210,81,22,9,1,5
book_4ee48df99f0db5e2,"City of Bones (The Mortal Instruments, #1)",Cassandra Clare,openlibrary_work,high,True,169,62,5,10,2,5
book_5dc6253c33231e91,"The Lightning Thief (Percy Jackson and the Olympians, #1)",Rick Riordan,openlibrary_work,high,True,168,37,4,5,2,5
book_5a85e7c20d6ec01f,Eragon (The Inheritance Cycle #1),Christopher Paolini,openlibrary_work,high,True,155,69,1,1,3,5
book_3af1d701481d74d7,"Ender’s Game (Ender's Saga, #1)",Orson Scott Card,openlibrary_work,high,True,305,49,9,3,0,4
book_cb33995374c1c000,Bossypants,Tina Fey,openlibrary_work,high,True,142,23,2,1,0,4
book_05697fabaa75dc64,"The Hitchhiker’s Guide to the Galaxy (The Hitchhiker's Guide to the Galaxy, #1)",Douglas Adams,openlibrary_work,high,True,190,41,7,5,0,4
book_49e4f122a6ef63e6,Fahrenheit 451,Ray Bradbury,openlibrary_work,high,True,143,50,3,1,1,5
book_a04b0534a8e4a18a,Animal Farm,George Orwell,openlibrary_work,high,True,125,48,1,1,0,4
book_42f3e5275ce06bf0,1984,George Orwell,openlibrary_work,high,True,84,16,2,0,0,3
book_b3ead7487fbd7543,The Great Gatsby,F. Scott Fitzgerald,openlibrary_work,high,True,125,126,6,11,4,5
book_24d2501e05599ccb,"Confessions of a Shopaholic (Shopaholic, #1)",Sophie Kinsella,openlibrary_work,high,True,133,23,1,1,1,5
book_43216df63238c1a1,Enemies to Lawyers,Letizia Lorini,isbn,high,False,193,0,0,0,0,1
book_2b281e6536de8beb,"Good Spirits (Ghosted, #1)",B.K. Borison,openlibrary_work,high,True,165,9,0,0,0,2
book_61af6903939e5922,Heart the Lover,Lily King,openlibrary_work,high,True,113,10,0,0,0,2
book_4957e25f2a7869e7,"Books Don't Lie, Husbands Do",L.J. Epps,isbn,high,False,276,0,0,0,0,1
book_8f87d1de11de024e,The Quiet Girls,Dorothy Koomson,isbn,high,False,170,0,0,0,0,1
book_547a7abefe611fa7,The Sisters of Crimson House,Melissa Anderson Sweazy,isbn,high,False,251,0,0,0,0,1
book_2cdea2a4554b6af7,Someone Else's Husband,Kimberly McCreight,isbn,high,False,378,0,0,0,0,1
book_1ab9fe205b15befb,"Cursed City (Harker Academy, #2)",Kate  Golden,isbn,high,False,190,0,0,0,0,1
book_39ddfc470e5dab35,The Heart You Kept (Kings of the Riviera #1),T.L. Swan,openlibrary_work,high,True,187,0,0,0,0,1
book_2d174aee86ff7cff,Don’t Go Baking My Heart: A Cosy Paranormal Grim Reaper & Baker Love Story (Village of Foxford),Kate  Callaghan,title_author,medium,False,259,0,0,0,0,1
book_01a46bb5540c12a6,Just This Once (The Kings),Lena Hendrix,isbn,high,False,326,0,0,0,0,1
book_b666fb9d65abcf56,Once Upon a Demon's Heart (Cruel Fates #1),K.M. Moronova,title_author,medium,False,247,0,0,0,0,1
book_8fab89d43e275cd1,The Cherry Blossom Boathouse (Solace Springs #1),Laura   Bloom,openlibrary_work,high,True,231,0,0,0,0,1
book_431be797b1627c46,Between the Lines,Haley Cass,isbn,high,False,179,0,0,0,0,1
book_e57254b8ac3101c8,"The Black Wolf (Chief Inspector Gamache Novel, 20)",Louise Penny,openlibrary_work,high,True,295,0,0,0,0,1
book_6cdb01ac201063be,"Until The Stars Burn Out (Shadowsworn, #2)",Jordan Lynde,isbn,high,False,345,0,0,0,0,1
book_e226487ff4b75760,The Favor,Adele Griffin,openlibrary_work,high,True,189,0,0,0,0,1
book_d9421cd81f3f2a9e,The Lethe Elixir: A cozy second-chance amnesia Regency-inspired fantasy romance (Calatini Tales #7),Katherine Dotterer,isbn,high,False,256,0,0,0,0,1
book_7bc513c797654467,The Girl is Mine,Laura    Wolfe,title_author,medium,False,290,0,0,0,0,1
book_a64c5e55edcfabab,"We Love You, Bunny",Mona Awad,openlibrary_work,high,True,255,0,0,0,0,1
book_9f0ff68367f777c7,"Perfect Wives, Perfect Lies: A Novel",Jennifer Anne Gordon,title_author,medium,False,242,0,0,0,0,1
book_ae041aee30b0d8ee,You Let Me In,Lucy Clarke,openlibrary_work,high,True,255,3,0,0,0,2
book_0551d86019bd6d98,Five Survive,Holly  Jackson,openlibrary_work,high,True,144,6,0,0,0,2
book_88d34bdb86f0dd6d,Sugar Sand Land: A Novel (The Reality Star Romance),Patricia Leavy,title_author,medium,False,176,0,0,0,0,1
book_4591ba7a95fa21ba,"Lucy Kline, Necromancer",Tom  O'Donnell,isbn,high,False,166,0,0,0,0,1
book_0af4c8bcc9a86c7c,The Witch,Freida McFadden,isbn,high,False,173,0,0,0,0,1
book_35885fbe36601355,Miss Archer,Jordan  Harrison,isbn,high,False,428,0,0,0,0,1
book_ca6b2e6973e825e5,"Potions & Prejudice (The Moonflower Witches, #1)",Tee Harlowe,title_author,medium,False,210,0,0,0,0,1
book_1213cf9adc93e147,The Things You'll Never Know,Ashley Audrain,isbn,high,False,241,0,0,0,0,1
book_8c16485da6185c3a,Tart: Misadventures of an Anonymous Chef,Slutty Cheff,isbn,high,False,136,0,0,0,0,1
book_f9760a34800b46e5,Do You See What I See?,Peter  Swanson,isbn,high,False,268,0,0,0,0,1
book_72321c203b960457,The Forest Year: Finding Hope in a World Worth Saving,Ethan Tapper,isbn,high,False,195,0,0,0,0,1
book_3f484f2ee9101727,The Beautiful Ones,Silvia Moreno-Garcia,openlibrary_work,high,True,205,11,0,0,0,2
book_e53569300a136823,"Edge of Obsession (Edge of Ruin, #1)",Megan Crane,openlibrary_work,high,True,184,2,0,0,0,2
book_3cf8a011486b59f1,Good Girls Die Bored,Elizabeth  Little,isbn,high,False,272,0,0,0,0,1
book_c39954913a720698,Those Who Are Gone: A Novel (Raquel Laing #2),Laurie R. King,isbn,high,False,266,0,0,0,0,1
book_5160afa8ad3e14c0,Buried in the Woods Below,Daniel G.  Miller,openlibrary_work,high,True,197,0,0,0,0,1
book_0c60b77ca831930c,The Finalist,Faith Gladwin,isbn,high,False,186,0,0,0,0,1
book_6df75b173f41bf7a,"Before You Were Anne (Chelsey Calhoun, #2)",Emiko Jean,openlibrary_work,high,True,223,1,0,0,0,2
book_afd84ecb720928e9,Whale Harbor,Mary Beth Keane,openlibrary_work,high,True,213,0,0,0,0,1
book_d5af4479b4b0ea34,Peck & Peck,Bonnie Garmus,openlibrary_work,high,True,201,0,0,0,0,1
book_c0679b9a42d099d3,Unfinished Business,Clare Osongco,title_author,medium,False,236,0,0,0,0,1
book_d4be31edf722a4d5,Some People,Parini Shroff,title_author,medium,False,214,0,0,0,0,1
book_3b834342ee620dec,"Promise Me Sunshine (Hearts of New York, #2)",Cara Bastone,openlibrary_work,high,True,244,1,0,0,0,2
book_3e2f88f6b84d723e,Don't Look for Me,Wendy   Walker,openlibrary_work,high,True,177,5,0,0,0,2
book_35a4441dd3f59a5c,The Baby Bluff (Bar Down #2),Cali Melle,title_author,medium,False,203,0,0,0,0,1
book_6617dfc02389e689,Brain Games,Nicole Alfrine,isbn,high,False,250,0,0,0,0,1
book_1244e216fed22593,The Whisper Man,Alex North,openlibrary_work,high,True,153,21,3,0,0,3
book_a2a75a98f2c8f635,Mayluna,Kelley McNeil,openlibrary_work,high,True,202,0,0,0,0,1
book_995635953404fbb3,Before I Disappear,Cate Quinn,isbn,high,False,145,0,0,0,0,1
book_b3fd94da1f5c99f4,The Christmas Yes List,Melissa    Ferguson,isbn,high,False,196,0,0,0,0,1
book_0f36c9517e09f034,Make Me Hate You,Kandi Steiner,openlibrary_work,high,True,231,0,0,0,0,1
book_e166b7affa9975cc,A Mind of Her Own,Danielle Steel,isbn,high,False,251,0,0,0,0,1
book_2e22e9aaf6ae14d0,The Stopover (The Miles High Club #1),T.L. Swan,openlibrary_work,high,True,206,0,0,0,0,1
book_ec76e4364269629d,West of Forever (Heartstone Ranch #1),Corinne Michaels,title_author,medium,False,223,0,0,0,0,1
book_1f9e9d3b864bb738,The Fae Guardian,Elle Thrasher,title_author,medium,False,201,0,0,0,0,1
book_c18986625e06386b,The Pleasure Trap,Emelie Olsson,title_author,medium,False,135,0,0,0,0,1
book_9679257178ab8162,Drowning in Paper Flowers,E.L. Westbury,openlibrary_work,high,True,206,0,0,0,0,1
book_a573a49b4236f617,Forty Going on Nineteen,Kristina  Thornton,isbn,high,False,170,0,0,0,0,1
book_b4a8932f935f3315,Old Flames,Nadine Gonzalez,isbn,high,False,221,0,0,0,0,1
book_c58a1a7cdd232626,Thunderbird Ranch,Laura Griffin,isbn,high,False,201,0,0,0,0,1
book_3e70257e874fafe1,"Heartbreaker (The Mavens, #2)",Morgan  Elizabeth,title_author,medium,False,47,0,0,0,0,1
book_ad8e074a1b78286f,Marry Me Not (House of Ferraro #2),Gabrielle Sands,isbn,high,False,221,0,0,0,0,1
book_bcfc87903ceffb87,Happiness Deconstructed: The Hidden Architecture of a Life Well Lived,Hussein Kanji,isbn,high,False,160,0,0,0,0,1
book_b2093ded8e908f84,The Many Private Lives of Missy Cooke,Jane Green,isbn,high,False,326,0,0,0,0,1
book_5e2aebdc3b24c966,The Last Man on Earth: A Survival Romance,Shae Sanders,title_author,medium,False,134,0,0,0,0,1
book_42209cf853c5ca9b,The Paradox Club,Charlie Lovett,isbn,high,False,262,0,0,0,0,1
book_a8c35aa887b45f19,The Power of No: A Celebration,Anna Holmes,isbn,high,False,234,0,0,0,0,1
book_5d359352a996d178,Please Enjoy Your Stay,Tara Goedjen,isbn,high,False,201,0,0,0,0,1
book_8fb10b3438eb4f32,Take What You Can,Naima Coster,openlibrary_work,high,True,364,2,0,0,0,2
book_bc6385d43758beec,"One-Track Mind: A Second Chance, Friends to Lovers Romance with Spicy Lessons (Outlaw Series Book 3)",Erin Olivier,title_author,medium,False,234,0,0,0,0,1
book_126ede1d21ab1ab0,"Shatter Me (Shatter Me, #1)",Tahereh Mafi,openlibrary_work,high,True,184,17,0,0,0,2
book_f7e2b65224308d1a,"Nightshade (Sorrowsong University, #1)",Autumn  Woods,openlibrary_work,high,True,177,0,0,0,0,1
book_38a3e1cf4b1e6ee7,Love You More,Emily Giffin,openlibrary_work,high,True,212,0,0,0,0,1
book_b030ee08eb3ab6bb,Make Me (Play Me #4),Adriana Locke,title_author,medium,False,68,0,0,0,0,1
book_86a9e70f0352c161,The Sky Beneath Her,Mary Ellen Taylor,isbn,high,False,191,0,0,0,0,1
book_fc376fc50de68fa3,The Tomorrow Tree,Carolyn Brown,isbn,high,False,187,0,0,0,0,1
book_3d052b7d67b9b79e,The Date,T.H. Murdock,isbn,high,False,142,0,0,0,0,1
book_44522e1c914dd280,Maggie and Arthur's Magic Moment,Leslie René,isbn,high,False,212,0,0,0,0,1
book_9d35703f92c6e1a2,Little Red House,Liv Andersson,openlibrary_work,high,True,230,0,0,0,0,1
book_39e0b0e099e8da46,The Story Baker,Carsten Henn,isbn,high,False,226,0,0,0,0,1
book_92be5fb6385ec4c9,This B Just Won't Die!: A Novel,Tanya Pell,isbn,high,False,190,0,0,0,0,1
book_4363f9ce2567ec45,Fair Ones,Lydia Millet,openlibrary_work,high,True,158,0,0,0,0,1
book_c5391e944ee53f80,Danger Lies Within (The Ranfurly Mysteries),K.M. Krenik,title_author,medium,False,140,0,0,0,0,1
book_1d75daec74527bde,Daisy,Katie Cotugno,isbn,high,False,227,0,0,0,0,1
book_5d639b11c056a044,"Gravespell (Mages & Murder, #1)",James Trevino,isbn,high,False,269,0,0,0,0,1
book_0bc11b8e0bdf6fdc,Girl in Pieces,Kathleen Glasgow,openlibrary_work,high,True,246,25,0,0,0,2
book_2f6a6b2785a41886,The Siren,Tomi Adeyemi,isbn,high,False,162,0,0,0,0,1
book_364fc77bae8fad5b,You Do You: 100+ Endlessly Adaptable Recipes to Boost Your Culinary Confidence,Serena Wolf,isbn,high,False,240,0,0,0,0,1
book_7f6f8b014bef221b,"Free Falling (Sweetwater Peak, #2)",Lyla Sage,openlibrary_work,high,True,243,0,0,0,0,1
book_ebf560b2a59cde0b,What We Found Instead: A Novel,Heidi Reimer,isbn,high,False,277,0,0,0,0,1
book_a7e38b786db0aba5,The Way Home,Amanda Prowse,isbn,high,False,185,0,0,0,0,1
book_3ae2dbda7e35969a,"Heavenfield (DCI Ryan Mysteries, 3)",L.J. Ross,openlibrary_work,high,True,142,0,0,0,0,1
book_851a66772a96cb7f,Where We Go at Night,Ikwo Ntekim,isbn,high,False,332,0,0,0,0,1
book_81802f6e9cee31f2,Friends and Family,Natalie Baszile,isbn,high,False,238,0,0,0,0,1
book_fbac83e321e3a835,"Birth of the Witch (A Coven of Three Trilogy, #1)",Nora Roberts,isbn,high,False,228,0,0,0,0,1
book_f5947a784ae514ed,They Say a Girl Died Here,Sarah Pinborough,openlibrary_work,high,True,217,0,0,0,0,1
book_e2e2b859080cce03,Hot Girl Murder Club,Ashley Winstead,openlibrary_work,high,True,223,0,0,0,0,1
book_d8be47df975948fc,"Redeeming 6 (Boys of Tommen, #4)",Chloe Walsh,openlibrary_work,high,True,187,2,0,0,0,2
book_3f7b389fe8dfba97,"Once, Again, Always",Amanda Gayle,isbn,high,False,284,0,0,0,0,1
book_8c5afcc9c8904844,"Captivated by You (Crossfire, #4)",Sylvia Day,openlibrary_work,high,True,136,10,0,0,0,2
book_049bbc4a7ce78b8f,"I've Got a Crush on You (Darling Springs, #2)",Lauren Blakely,isbn,high,False,221,0,0,0,0,1
book_a3140c53bdb7f5ab,"Saving 6 (Boys of Tommen, #3)",Chloe Walsh,openlibrary_work,high,True,208,4,0,0,0,2
book_e7b020cd138dd2ab,"Falling for You (Falling For, #1)",Natasha Madison,title_author,medium,False,305,0,0,0,0,1
book_f7e7f3153e978eae,"A Vow in Vengeance (Immortal Desires, #1)",Jaclyn  Rodriguez,openlibrary_work,high,True,237,0,0,0,0,1
book_ead04decd82c67a9,"Redeemed (Dirty Air, #4)",Lauren Asher,openlibrary_work,high,True,208,0,0,0,0,1
book_b38c61f8fbec8ae7,Claimed by the Orc King (Fated and Bound #1),Roxy Taylor,isbn,high,False,201,0,0,0,0,1
book_38f47ad2ebb82bdf,Sweetbitter Song,Rosie Hewlett,openlibrary_work,high,True,258,0,0,0,0,1
book_559d949fd3989478,Immortal Rose,Alexandra Bracken,openlibrary_work,high,True,238,2,0,0,0,2
book_84e4d0fa56f9f1d7,"Hi Pretty Girl, Bye Pretty Girl",Daniel Amory,title_author,medium,False,313,0,0,0,0,1
book_2caab99cf10ebdd3,Everything That Is Beautiful,Louise Nealon,openlibrary_work,high,True,198,0,0,0,0,1
book_e18526f8fa324fa8,We Are Gathered Here Today,Bobby Finger,title_author,medium,False,270,0,0,0,0,1
book_9b94e53de3761d64,Don't Fall in Love With Me,Paige Toon,openlibrary_work,high,True,153,0,0,0,0,1
book_2f563b725536a1d0,Muñeca,Cynthia Gómez,openlibrary_work,high,True,204,0,0,0,0,1
book_85795e8574b4888b,Just Between Us (The Kings #3),Lena Hendrix,isbn,high,False,182,0,0,0,0,1
book_ccff397016ef1e90,"Chasing the Rush (Football and Feels, #2)",Lauren Rowe,isbn,high,False,334,0,0,0,0,1
book_5dd112fea21839f5,A Tangled Magic,Andrea Eames,openlibrary_work,high,True,276,0,0,0,0,1
book_54d6cbffec3e0c98,One Shattered Crown (Grimm Bargains #3),Rebecca Zanetti,isbn,high,False,258,0,0,0,0,1
book_9c3e6f6985ed05ac,"Dinner Time: Deeply Delicious Meals in 15, 30, 45 and 60 minutes",Zena Kamgaing,isbn,high,False,137,0,0,0,0,1
book_70d538a082856169,Tethered Love (Silver Saddle Ranch #3),Ann Einerson,isbn,high,False,262,0,0,0,0,1
book_958a9a6d62b94dee,Awake Awake,Fiona Mozley,openlibrary_work,high,True,184,2,0,0,0,2
book_a5ffb1a34b6a292f,Yesteryear,Caro Claire Burke,openlibrary_work,high,True,324,3,0,0,0,2
book_acc971c8dfc6e069,Off the Record: A Novel,Sara Goodman Confino,isbn,high,False,212,0,0,0,0,1
book_919899e11b563b54,Midnight Haze: A fake dating steamy romance (Lavender Creek),Tate West,isbn,high,False,209,0,0,0,0,1
book_cf52e8b89f0fac50,Turning: A Novel,Wayne Feinstein,title_author,medium,False,175,0,0,0,0,1
book_1c5764d446982401,Hollow Bones,Jodi Picoult,openlibrary_work,high,True,201,0,0,0,0,1
book_89fdfe6c9dddd07b,"Hell Bent (Alex Stern, #2)",Leigh Bardugo,openlibrary_work,high,True,197,7,0,0,0,2
book_abc06b7ea02c24f9,How to Be Less Useful: The Joy of Inefficiency,Priyanka Mattoo,isbn,high,False,257,0,0,0,0,1
book_df7d8dbe2fb3fbec,I Know the Ants,Lang Leav,isbn,high,False,297,0,0,0,0,1
book_b57564050b4a3fd6,The Glass Hotel,Emily St. John Mandel,openlibrary_work,high,True,186,18,0,0,0,2
book_505c3129f1045310,Destination Funeral,Paige Harbison,openlibrary_work,high,True,173,0,0,0,0,1
book_625fc09be7686385,"Letters from the Last Apothecary (Tressport Magic, #1)",Bita Behzadi,title_author,medium,False,279,0,0,0,0,1
book_1ff31ede7622cd73,Falling for Peachtree Bluff (Peachtree Bluff #5),Kristy Woodson Harvey,isbn,high,False,237,0,0,0,0,1
book_88bf025bcb749cdb,As Long as It Takes,Jill  Francis,isbn,high,False,235,0,0,0,0,1
book_03a24514c4d41cd2,The Light of Stars,Jenelle Hovde,openlibrary_work,high,True,279,3,0,0,0,2
book_55212d080ced95d2,Black Water Bones,S.E. Reed,isbn,high,False,479,0,0,0,0,1
book_0ca4f90ff5ac92c7,"Everything, Everything",Nicola Yoon,openlibrary_work,high,True,211,41,0,3,0,3
book_3848ba68a88a803b,The Sins of Summer Daughters,Lo Patrick,isbn,high,False,214,0,0,0,0,1
book_b763832fe2e7854c,See You at the Sunset,Susan  Lee,isbn,high,False,217,0,0,0,0,1
book_55bb5f2f2122cd2d,To Drown a Witch,Lindsey Olsson,openlibrary_work,high,True,225,0,0,0,0,1
book_7bf33cd34eccd7b7,Salt Sisters,Lindsey J. Palmer,isbn,high,False,175,0,0,0,0,1
book_40c50d3705a03137,In Wonderland,Joyce Maynard,isbn,high,False,159,0,0,0,0,1
book_ad00b02220a9475f,The Knocking: A Novel (The Knocking Books Book 1),Laura Lee Bahr,isbn,high,False,195,0,0,0,0,1
book_f9c7ec2b227b9815,Her Wolf (Wolves of Montrevere #1),Sapir A. Englard,isbn,high,False,182,0,0,0,0,1
book_483a3a73747df180,"The Next Lie (The Secrets of Chapel Roads, #2)",Camden Baird,isbn,high,False,182,0,0,0,0,1
book_b5b2ef1a5f91d82f,Hidden Strangers (Dangerous Strangers Thrillers #3),Minka Kent,isbn,high,False,187,0,0,0,0,1
book_17f852183a095600,"Unbound (Confluence Academy, 1)",Penelope Bloom,isbn,high,False,222,0,0,0,0,1
book_43e729e95e070145,Forsaking Midnight (Defying the Stars #2),Emily McIntire,openlibrary_work,high,True,85,0,0,0,0,1
book_6073ae4342c006a0,Loved One: A Novel,Aisha Muharrar,isbn,high,False,81,0,0,0,0,1
book_bf0990c3d92b37ad,"Foxx (The Soldiers of Bedlam, #3)",Paisley Hope,openlibrary_work,high,True,204,0,0,0,0,1
book_1de9809070bc6401,Daughters of the Wreckage,Stefanie Koens,isbn,high,False,150,0,0,0,0,1
book_90da3c62d299e4e2,Snowed In at the Wildest Dreams Bookshop,Gracie Page,openlibrary_work,high,True,186,0,0,0,0,1
book_d382ad6c48466842,Autumn at the Cat Cafe,Kathleen Fuller,openlibrary_work,high,True,305,0,0,0,0,1
book_34474b5b5fe23552,Witch Trial,Harriet Tyce,openlibrary_work,high,True,285,0,0,0,0,1
book_4ac2dea86ecf0e8c,Dear Miss Lake  (The Emmy Lake Chronicles),A.J. Pearce,isbn,high,False,188,0,0,0,0,1
book_79002dfc8cae8304,"Ember: A Mafia Romance (The Hunted Kingdom, 2)",Naima Simone,openlibrary_work,high,True,216,0,0,0,0,1
book_32d0e7ab7682f3c5,Succubus: A Love Story,Kate          Fox,isbn,high,False,158,0,0,0,0,1
book_23175a72c30da6aa,The Half Life,Rachel Beanland,openlibrary_work,high,True,348,1,0,0,0,2
book_9e05c4944b4eb4ca,"Cross My Heart, I Hope You Die",Mallory Arnold,openlibrary_work,high,True,145,0,0,0,0,1
book_c4d3faecea3e6d92,Lovestuck,Farah Naz Rishi,isbn,high,False,210,0,0,0,0,1
book_21740098c4258ac7,The Lawyer's Husband,Robin      James,isbn,high,False,444,0,0,0,0,1
book_b9357ffbdcc17939,"A Not So Meet Cute (Cane Brothers, #1)",Meghan Quinn,openlibrary_work,high,True,238,1,0,0,0,2
book_361f25875eac3e89,In Her Own League,Liz Tomforde,openlibrary_work,high,True,235,0,0,0,0,1
book_9d2d77fe869ca454,"Faults (Primrose Hill, #1)",Brittany Storm,title_author,medium,False,231,0,0,0,0,1
book_141eda1c3ac26b0b,This Immortal Heart,Jennifer Saint,openlibrary_work,high,True,198,0,0,0,0,1
book_526cbdc44a6e939f,Carried Away,Gracie Madison Elizabeth,title_author,medium,False,162,0,0,0,0,1
book_eeaf886405b5bddd,The MASH Up,Laura Marie Meyers,title_author,medium,False,209,0,0,0,0,1
book_7eee1559126b33f6,Good Company,Kate Christensen,isbn,high,False,216,0,0,0,0,1
book_bff57051a620f941,"A Poison of Shadows (Whisperbound, #2)",Annie Anderson,isbn,high,False,175,0,0,0,0,1
book_316e2df0d8f83558,Most Ardently Yours,Freya Sampson,isbn,high,False,304,0,0,0,0,1
book_79e3d1e233616728,Cowboy Eyes: A Novel (Love & Art),Patricia Leavy,isbn,high,False,166,0,0,0,0,1
book_18beef02f80851da,The Fall Affair (Deluxe Edition),Vi Keeland,isbn,high,False,282,0,0,0,0,1
book_2ddcdf5f6d65be69,Light and Shadows,Darin Gibby,title_author,medium,False,0,0,0,0,0,0
book_8eabb35d112f77a2,"Alma Vampires (The Icarus University, #1)",Elena  Armas,openlibrary_work,high,True,234,0,0,0,0,1
book_100dfb324127f551,Trying Not to Love You (Moran Sisters #1),Kaylee Ryan,isbn,high,False,289,0,0,0,0,1
book_ae34973af72effdb,"You Had Me at Bigfoot (Daphne Drew, #1)",Nancy Campbell Allen,openlibrary_work,high,True,175,2,0,0,0,2
book_1ab53c622945e563,Those Who Shall Die (A First State Suspense Novel),Michael   Bradley,isbn,high,False,162,0,0,0,0,1
book_ddb12ffcd416b21a,"Life-Changing Bible Verses Every Woman Should Know: Help, Hope, and Healing from God’s Word to Your Heart",Rebecca Lutzer,isbn,high,False,0,0,0,0,0,0
book_0488be4cab146d96,Mrs. Christie at the Mystery Guild Library,Amanda  Chapman,openlibrary_work,high,True,242,0,0,0,0,1
book_e6d97bc49ca40404,The Frozen People,Elly Griffiths,openlibrary_work,high,True,172,0,0,0,0,1
book_bbd6313a1d54d287,White Rabbit,Abigail Rose-Marie,isbn,high,False,199,0,0,0,0,1
book_3cac88a61662d3fa,People Watching in the Desert,Cali Adeline,isbn,high,False,215,0,0,0,0,1
book_8ddcf0d8007a949e,The Calamity Club,Kathryn Stockett,openlibrary_work,high,True,229,9,6,8,1,5
book_858b1fe94073a27d,Man Overboard!,Kathleen Rooney,isbn,high,False,275,0,0,0,0,1
book_4bd987941a206820,"The Woman in Suite 11 (Lo Blacklock, #2)",Ruth Ware,openlibrary_work,high,True,207,0,0,0,0,1
book_8a6c6ed7fab04c9c,The Last to Drown: A Thriller,Noelle W. Ihli,openlibrary_work,high,True,146,0,0,0,0,1
book_bab3e01fa6f4640f,Thank You for Remembering: A Novel,Emily  Harding,isbn,high,False,344,0,0,0,0,1
book_67df15f5ec8d3e98,The Solo Honeymoon: A Brief Beautiful True Love Story,Laura  Murphy,title_author,medium,False,223,0,0,0,0,1
book_9f6fdafc6ff55778,The Bookshop Woman: My Year Transforming Lives—One Book at a Time,Nanako Hanada,title_author,medium,False,238,0,0,0,0,1
book_835850f43a91cc5e,Engineering a Love Story,Kathleen Reidy,title_author,medium,False,226,0,0,0,0,1
book_66ede69908a40283,Summer People,Sally Blakely,isbn,high,False,211,0,0,0,0,1
book_4f8c0d246fec07ca,When Forever Falls Apart (Cinnamon Springs #2),Kat T. Masen,isbn,high,False,186,0,0,0,0,1
book_ff48557ac4e563c5,I Never Knew You at All,Christine Pride,openlibrary_work,high,True,245,0,0,0,0,1
book_d3d1188b21bfa1cf,Time to Burn,Ellery Lloyd,openlibrary_work,high,True,178,0,0,0,0,1
book_e302330cd8aa3330,"Ghost Me, Maybe",Manda Collins,title_author,medium,False,94,0,0,0,0,1
book_0876dfbe5bf1168a,Late in the Day,Imogen  Clark,isbn,high,False,186,0,0,0,0,1
book_1bf80273814d1d85,Joy Is a Risk Worth Taking,Kelly McGonigal,isbn,high,False,274,0,0,0,0,1
book_83004fcb8b6f69c6,Arcana Academy,Elise Kova,openlibrary_work,high,True,178,2,0,0,0,2
book_3b881b02d259bafa,Book Club Boyfriend,Jenny  Holiday,isbn,high,False,152,0,0,0,0,1
book_03288978add0d984,"The Vampire's Cult: The Untold Story of Obsession, Control, and a Shocking Small-Town Murder",Chet Hardin,isbn,high,False,167,0,0,0,0,1
book_387921e4718a1f82,"Santa Maybe (The Holliday Girls, 2)",Hazel   Henry,isbn,high,False,195,0,0,0,0,1
book_3a1c90aafc72319a,"Food Is Medicine: Healing Our Bodies, Nourishing Our Minds, and Transforming Our Food System",Dariush Mozaffarian,isbn,high,False,349,0,0,0,0,1
book_4e4a2c2ceb91bf59,"To All the Men I’ve Killed Before (Kitty Collins, #3)",Katy Brent,isbn,high,False,243,0,0,0,0,1
book_7e18787acc393d94,Meet Your Baker (Bakeshop Mystery #1),Ellie Alexander,openlibrary_work,high,True,166,8,0,0,0,2
book_414d7af98d622b94,"Imagine That: Transform How You Think, Feel, and Live with the Science of Imagination",Cassandra Vieten,isbn,high,False,288,0,0,0,0,1
book_4efa4ea21f3706fe,"A Study in Sparkling (Love Notes, #2)",Jodi McAlister,isbn,high,False,239,0,0,0,0,1
book_18d0b42739bf9c8c,"Murder on Thin Ice (Bookmobile Cat Mystery, #14)",Laurie Cass,openlibrary_work,high,True,199,0,0,0,0,1
book_30818ee2ec908551,World's Okayest Oracle (Reluctantly) Seeks Demon (Supernatural Entanglements),Olivia Dade,isbn,high,False,210,0,0,0,0,1
book_f0477bb0ac8e5b1d,"Loving All: Stories from My Life, My Teachers, and the Path of Compassion",Tulku Pema Rigtsal,isbn,high,False,145,0,0,0,0,1
book_0c5b692006b8874f,Where the Wildflowers Grow,Terah Shelton Harris,openlibrary_work,high,True,247,0,0,0,0,1
book_9a52357fc8c608ab,Blow by Blow: The Jeff Beck Story,Brad Tolinski,isbn,high,False,220,0,0,0,0,1
book_4973918d04cfeee6,Just Another Dead Boy,Kelly McCaughrain,openlibrary_work,high,True,192,0,0,0,0,1
book_17e4f5f43db025b5,"Hot Lips: An Angsty Second Chance, Rockstar Romance (Sexodus Series Book 1)",Liz Castle,title_author,medium,False,292,0,0,0,0,1
book_031c58c4dd7380be,The Miller's Daughter,Joy Corwin,title_author,medium,False,399,0,0,0,0,1
book_fff58dce5e8a3f88,Pretty Dead Things,Kelsey  Cox,openlibrary_work,high,True,200,0,0,0,0,1
book_676a5835c6ae39ce,"Soul Searching (Sweetwater Peak, #1)",Lyla Sage,openlibrary_work,high,True,305,1,0,0,0,2
book_d434cac0612f23f6,Heart of Glass,Jennifer Hillier,openlibrary_work,high,True,287,0,0,0,0,1
book_4f12353a733dbe22,"Ask for Andrea (Ask for Andrea, #1)",Noelle W. Ihli,openlibrary_work,high,True,106,0,0,0,0,1
book_e32f47e52333577e,The Break-Up Retreat,Camilla Sten,isbn,high,False,219,0,0,0,0,1
book_f30d0fed3ed4a116,So It Grows,Andie Burke,isbn,high,False,193,0,0,0,0,1
book_3836b20511dc573b,"Fever Dream (Emerald Lake, #1)",Elsie Silver,openlibrary_work,high,True,224,0,0,0,0,1
book_17ce3a678f1fce02,Famous Last Words,Gillian McAllister,openlibrary_work,high,True,177,1,0,0,0,2
book_f7d4e2d7a5bd0475,"Light Wielder (Fire & Metal, #2)",Rachel   Schneider,openlibrary_work,high,True,221,0,0,0,0,1
book_4db00808848d28c3,Missing Molly,Natalie Barelli,openlibrary_work,high,True,122,2,0,0,0,2
book_afbe539d4ff37e09,Into the Blue,Emma Brodie,openlibrary_work,high,True,245,0,0,0,0,1
book_f8b6c484877542a0,The Culinary Hill Cookbook: Modern Home Cooking with a Midwestern Heart,Meggan Hill,title_author,medium,False,0,0,0,0,0,0
book_002add2e0c664e70,The Girls Who Grew Big,Leila Mottley,openlibrary_work,high,True,203,1,0,0,0,2
book_5cfbb0eb79594734,Sacred Ruin (Original Sin #3),Mila Kane,title_author,medium,False,288,0,0,0,0,1
book_e668a465e6adac61,One Good Eye (Jeep Mullane #2),Kevin Wade,isbn,high,False,203,0,0,0,0,1
book_3005f77eeac70f38,She Must Go,A.J.     Campbell,title_author,medium,False,117,0,0,0,0,1
book_6cc2a63015c8751e,"No Room For Rivals (Hotel Bellwether, #3)",MéLisa Ryun,isbn,high,False,282,0,0,0,0,1
book_b95ca48c01cde98a,Take It to Your Grave,Louangie Bou-Montes,openlibrary_work,high,True,123,0,0,0,0,1
book_fd97e118bee83341,"Sometimes in Love, Sometimes Broken",Mark Stary,isbn,high,False,118,0,0,0,0,1
book_cdb8ba569d7c4463,"Change Your Story, Change Your Life: Using Shamanic and Jungian Tools to Achieve Personal Transformation",Carl Greer,openlibrary_work,high,True,231,8,0,0,0,2
book_a0d42388b4947fe8,Wellbeing Rituals: Science-Backed Practices for Sustainable Healing and Living,Koya Webb,isbn,high,False,0,0,0,0,0,0
book_00437c4b12f37c23,"Daughter of the Dark (Daughters of Auquis, #1)",R.J. Valldeperas,isbn,high,False,215,0,0,0,0,1
book_9b7fad698748e653,The Marriage Portrait,Maggie O'Farrell,openlibrary_work,high,True,306,8,0,0,0,2
book_ba61a743e7235a66,First and Forever,Lynn Painter,openlibrary_work,high,True,275,0,0,0,0,1
book_aef157c719d74a3f,The Stepsister's Secret,Karen King,isbn,high,False,321,0,0,0,0,1
book_d8d5bd7cc1733fc6,Stripped Down: Unfiltered and Unapologetic,Bunnie Xo,openlibrary_work,high,True,216,0,1,1,1,4
book_a6eb9becc204fddd,"Birds of a Feather (Ravenhood Legacy, #3)",Kate  Stewart,isbn,high,False,194,0,0,0,0,1
book_c242c56a70aab2aa,"The Mistake (Off-Campus, #2)",Elle Kennedy,openlibrary_work,high,True,206,4,0,0,0,2
book_5808695eed7a9ef2,Appetite,P. Paramita,isbn,high,False,212,0,0,0,0,1
book_7e8a6f18592625e1,Tropesick,Lauren Okie,openlibrary_work,high,True,302,0,0,0,0,1
book_d136ab82f3fc87da,Rain of Shadows and Endings (The Legacy #1),Melissa K. Roehrich,openlibrary_work,high,True,286,0,0,0,0,1
book_3539fb2c630f614d,"The Governess's Guide to Spells and Managing Misfit Marquesses (The Parasol Academy, #2)",Amy Rose Bennett,isbn,high,False,286,0,0,0,0,1
book_430955cb9f40d54a,The Heir of Whitestone,Catherine Coulter,isbn,high,False,224,0,0,0,0,1
book_5b970d30f3b1baf9,"The Throne of Broken Gods (Gods & Monsters, #2)",Amber V. Nicole,openlibrary_work,high,True,252,2,0,0,0,2
book_fb5594adfb531bd9,The Lake House (Firefly Summer),Lori Foster,isbn,high,False,254,0,0,0,0,1
book_e83287e1c6db8e97,Birds of a Feather: The Secrets of a Knight (The Ravenhood Legacy #3),Kate  Stewart,openlibrary_work,high,True,194,0,0,0,0,1
book_524626107835f021,Have a Great Summer,Francesca  Cocchi,isbn,high,False,272,0,0,0,0,1
book_9f5b3dd5f87ff44e,When No One Else Will,Amanda Skenandore,isbn,high,False,230,0,0,0,0,1
book_18e2fd2e12b7793b,Losers: Part One,Harley Laroux,openlibrary_work,high,True,276,12,0,0,0,2
book_03ad4d21be3c25c0,"Small Town Smokeshow (The Calloway Ranch, #2)",Holly Renee,title_author,medium,False,322,0,0,0,0,1
book_f06704cf7122d8de,"Worthy of Fate (Realms in Peril, #1)",A.N. Caudle,title_author,medium,False,187,0,0,0,0,1
book_276f80d1a72dbdb7,"Just Playing for Keeps (Hockey Ever After, #2)",Lauren Blakely,title_author,medium,False,242,0,0,0,0,1
book_de59911f1869ee46,"Metal Slinger (Fire & Metal, #1)",Rachel   Schneider,openlibrary_work,high,True,191,0,0,0,0,1
book_3529d4df04726f6a,Fair Game (The Rules of the Rink #1),Ruth Stilling,isbn,high,False,283,0,0,0,0,1
book_a033a7f8707be628,Booked on You,Lyra Parish,title_author,medium,False,173,0,0,0,0,1
book_22b9a25d09334219,Finders Keepers,Natalie Barelli,openlibrary_work,high,True,112,2,0,0,0,2
book_71b55a056ef7352e,"Good Joy, Bad Joy",Mikki Brammer,openlibrary_work,high,True,237,3,0,0,0,2
book_b1f2c5ab55a81142,Pen Pal,J.T. Geissinger,title_author,medium,False,186,0,0,0,0,1
book_33e52c18d954e936,The Twelve Loves of Christmas: An Advent Romance Collection,Alexandria Bellefleur,isbn,high,False,114,0,0,0,0,1
book_306cd97215542f0e,Fear the Reaper (Mac McKenzie #23),David Housewright,isbn,high,False,210,0,0,0,0,1
book_9b171fa952d15886,The Talking Bone: A Novel,Rene Denfeld,openlibrary_work,high,True,201,0,0,0,0,1
book_174c88a5f5f6a6fa,The Neighbors Are Watching,Aggie Blum Thompson,openlibrary_work,high,True,186,0,0,0,0,1
book_7d0896ad4a99a0b7,"Dead Before Tea Time: An Agatha Raisin Mystery (Agatha Raisin Mysteries, 37)",M.C. Beaton,isbn,high,False,244,0,0,0,0,1
book_c855c7f8a96ef1b1,"The Dying Light (Two Rivers, #4)",Ann Cleeves,openlibrary_work,high,True,269,0,0,0,0,1
book_b6790c8185e40c7c,Out of Her League,Ava Rani,isbn,high,False,232,0,0,0,0,1
book_f60814c7f7032c0a,Casually Yours,Vivian Jia Lac,title_author,medium,False,284,0,0,0,0,1
book_dda2b564001d267a,Watching You,Kate Anslinger,title_author,medium,False,200,0,0,0,0,1
book_afacc585f51fa8b9,Chase Me If You Can,Heather Frances,isbn,high,False,206,0,0,0,0,1
book_adfc9a4e32eb15df,Trad Wife,Sarah Langan,openlibrary_work,high,True,220,0,0,0,0,1
book_8e4bc13b4bba07ea,The Five Seasons Method: A Gentle Path toward Emotional and Spiritual Balance,Leda Elliott,isbn,high,False,268,0,0,0,0,1
book_4046578250123cc3,Simple Meal Solutions for High Blood Pressure: 75 Recipes to Lower Blood Pressure and Support a Healthy Heart,Michelle Routhenstein,openlibrary_work,high,True,0,0,0,0,0,0
book_5a495262e1a17b82,Worst Faking Idea (Babes of Brewing: Spicy Version #4),Angela Casella,isbn,high,False,317,0,0,0,0,1
book_ce689980abf5f7a3,Unapologetic Love Story,Elle McNicoll,openlibrary_work,high,True,130,0,0,0,0,1
book_3e5480df3ace311b,Married With Benefits,Ellie  Palmer,title_author,medium,False,259,0,0,0,0,1
book_3862a45159220639,We Will See You Bleed,Ron Currie Jr.,isbn,high,False,245,0,0,0,0,1
book_c9ab29ced30f9cbd,The Man,Laura Sims,title_author,medium,False,317,0,0,0,0,1
book_3c93a95e0ca4ece3,The Best I Never Had,Amy Buchanan,isbn,high,False,241,0,0,0,0,1
book_6cedac86b0102aaf,The Final Target,Nora Roberts,openlibrary_work,high,True,229,0,0,0,0,1
book_6773d275de6ed914,The Maid,Michelle Flynn Osborne,openlibrary_work,high,True,98,0,0,0,0,1
book_9de35140d86bf93e,This Changes Everything,Danielle McKechnie,isbn,high,False,291,0,0,0,0,1
book_f234d2b75be4c772,The Perfumer’s Secret: A WWII Novel,Fiona Schneider,isbn,high,False,266,0,0,0,0,1
book_bfccf5a736e5072e,Our Infinite Fates,Laura   Steven,openlibrary_work,high,True,150,1,0,0,0,2
book_4e8c6865b7664b18,Chasing Daylight: Four Memorable Stories of Love and Suspense,David P. Warren,title_author,medium,False,0,0,0,0,0,0
book_70d1c8fe058296cd,The River Muse,Laura Resau,isbn,high,False,234,0,0,0,0,1
book_96d57d2fcf03c87b,By the Bootstraps (Starlight Ridge),Alexa  Martin,isbn,high,False,222,0,0,0,0,1
book_33361b3c0cc43132,"Grim Tidings (Ghosted, #2)",B.K. Borison,openlibrary_work,high,True,216,0,0,0,0,1
book_8909c2513af52fce,Decomposition Book,Sara van Os,isbn,high,False,226,0,0,0,0,1
book_a48969874d75eb36,"The Riddle Maker (Porter Beck, #4)",Bruce Borgos,isbn,high,False,242,0,0,0,0,1
book_413ff28238e880c0,The Hope Keeper,Heather  Webb,isbn,high,False,205,0,0,0,0,1
book_e29a068c975bdbbb,The View From Lake Como: A Novel,Adriana Trigiani,openlibrary_work,high,True,346,0,0,0,0,1
book_c71a74e59c69e32a,The Hiding Season,Ava Glass,isbn,high,False,266,0,0,0,0,1
book_74796b8ad3c6d9ad,Where Lost Girls Go,Kody Keplinger,isbn,high,False,254,0,0,0,0,1
book_d9cf06341ef63ef2,"Off the Grid (Average Gents, #1)",J.S.  Wood,title_author,medium,False,121,0,0,0,0,1
book_10e8e8005c9e76f3,Clashing Hearts: An Enemies to Lovers Romance (Haven Crossroads),Evey Lyon,isbn,high,False,0,0,0,0,0,0
book_22c3eba4aa7abdd8,"Queen of Roses (Blood of a Fae, #1)",Briar Boleyn,openlibrary_work,high,True,325,1,0,0,0,2
book_1e7ba0abbd937510,Gray After Dark,Noelle W. Ihli,openlibrary_work,high,True,146,0,0,0,0,1
book_56c6c413208db859,Reap & Sow,Charlotte B. Plumb,title_author,medium,False,236,0,0,0,0,1
book_82522556ca573522,Not The Woman You Think,Hazel Calder,title_author,medium,False,206,0,0,0,0,1
book_4b5d959dd62d6fc0,The Endless One (The Gravesinger #3),Emma Hamm,openlibrary_work,high,True,172,0,0,0,0,1
book_867a188078acbd1b,"Labyrinthine (Thrones of the Forsaken, #1)",C.J.  Holmes,isbn,high,False,169,0,0,0,0,1
book_f7b3e44f2c2103dd,It Happened on the Lake,Lisa  Jackson,openlibrary_work,high,True,207,0,0,0,0,1
book_5f70e4d5c6266973,Guess Again,Charlie Donlea,openlibrary_work,high,True,251,0,0,0,0,1
book_0a6e9ad720f23118,Just My Luck (The Kings #2),Lena Hendrix,openlibrary_work,high,True,171,1,0,0,0,2
book_98ccc00821e12be8,Losers: Part Two,Harley Laroux,openlibrary_work,high,True,174,17,0,0,0,2
book_7c1b70860dfe3ea7,One of the Family,Mark  Edwards,openlibrary_work,high,True,254,0,0,0,0,1
book_0be22fef4961ddb9,The Truth About Ruby Cooper,Liz Nugent,openlibrary_work,high,True,80,0,0,0,0,1
book_3ac815ab8f2e8255,When They Find Me,Carter   Wilson,isbn,high,False,150,0,0,0,0,1
book_24e5d4eedb561524,The House Guest,Jennifer Pashley,isbn,high,False,189,0,0,0,0,1
book_fc073a3ba62202c8,Tenderness,Rowan Beaird,isbn,high,False,202,0,0,0,0,1
book_32a94c80c482dc0d,Every Version of You,Natalie Messier,isbn,high,False,196,0,0,0,0,1
book_c38608a4f22a2ad1,The Drowning Season,Debra Webb,isbn,high,False,165,0,0,0,0,1
book_9ba5aba766752683,"When the Light Returns (The Winter Dark, #2)",Joanna Ruth Meyer,isbn,high,False,197,0,0,0,0,1
book_913a32046124b80c,"You Can Tell Me (Olivia Cruz, #1)",Melinda Leigh,isbn,high,False,174,0,0,0,0,1
book_a61a32425f6c0e5c,Hawk & Sparrow,Ayana Gray,isbn,high,False,221,0,0,0,0,1
book_4353ed8acd57d1a9,Spellstruck,Martha Waters,isbn,high,False,276,0,0,0,0,1
book_a41a1612d40c379f,Royal Summer,Kass Morgan,isbn,high,False,165,0,0,0,0,1
book_b88d65e859d79b9c,Days of Feasting and Rejoicing,David Bergen,title_author,medium,False,176,0,0,0,0,1
book_5ea3d1fef51dcb72,So Happy Together,Olivia Worley,openlibrary_work,high,True,195,0,0,0,0,1
book_f1a6c60e1d0b3b65,"How to Cheat Your Own Death (Castle Knoll Files, #3)",Kristen Perrin,openlibrary_work,high,True,216,0,0,0,0,1
book_90543efd22863a95,"Eat, Drink, and Be Merry: A Gospel Call to Bold Enjoyment",Raymond C. Ortlund Jr.,title_author,medium,False,212,0,0,0,0,1
book_dc5739a96d24c33a,The Real Ones (Chasing Victory #1.5),J. Rose Black,openlibrary_work,high,True,227,0,0,0,0,1
book_5ff89313e48c95e1,Red Verdict (Nora Carleton),James B. Comey,openlibrary_work,high,True,157,0,1,0,0,2
book_6e63c2e2d6328f84,Summerland Cove,Ellen Baker,openlibrary_work,high,True,265,0,0,0,0,1
book_a5408339679b0a5b,The Paris Match,Kate Clayborn,openlibrary_work,high,True,290,0,0,0,0,1
book_d0d3e1635cba1226,Everyone Is Perfect Here,Jane Haseldine,isbn,high,False,191,0,0,0,0,1
book_c41f800ee93f2a40,Burnout Summer,Jenna Ramirez,openlibrary_work,high,True,246,0,0,0,0,1
book_9d0bfa474427fc2c,"Spur of the Moment (Willow Creek, #1)",Juliana Smith,isbn,high,False,200,0,0,0,0,1
book_24d9239440916228,Portrait of a Haunting,Madison Tyler Nelson,title_author,medium,False,244,0,0,0,0,1
book_cadbec15ea961dea,Blue Jean Summer (Wilder Estate #1),Maggie C. Gates,isbn,high,False,234,0,0,0,0,1
book_c1eff8de37cfcd5d,With All My Haunted Heart,Isabel Sterling,isbn,high,False,195,0,0,0,0,1
book_66d174e91ca66612,Love Felt Like This,Julie Olivia,title_author,medium,False,215,0,0,0,0,1
book_d27ae750681caae4,A Shop Girl's Guide to Wooing a Lord (The Heiress Hunters #1),Shana Galen,title_author,medium,False,233,0,0,0,0,1
book_ae0ae277e31f9a7d,The Exquisite Torment of Loving Your Enemy (Dearly Beloathed),Brigitte Knightley,openlibrary_work,high,True,236,0,0,0,0,1
book_1cc10df5d52f267a,Tell Me with Kisses,Mercedes Ron,openlibrary_work,high,True,141,0,0,0,0,1
book_4a91ca646221d723,The Dead Husband Cookbook,Danielle Valentine,openlibrary_work,high,True,233,0,0,0,0,1
book_a79e17f4a19dade7,The Family Experiment,John Marrs,openlibrary_work,high,True,198,0,0,0,0,1
book_5059af8ff3ffaa35,Summer Husband: A Novel,Amy Lorowitz,openlibrary_work,high,True,202,1,0,0,0,2
book_2e2e5efd217402bd,Us Dark Few,Alexis Patton,openlibrary_work,high,True,185,2,0,0,0,2
book_76788e1d5dea5a3f,Yellow Pine,Claire Vaye Watkins,openlibrary_work,high,True,217,0,0,0,0,1
book_325f6cab46aebde7,The Masked Truth,Kelley Armstrong,openlibrary_work,high,True,115,27,0,0,0,2
book_e3003222d71d3fe0,Tourist Season (The Seasons of Carnage Trilogy #1),Brynne Weaver,openlibrary_work,high,True,315,0,0,0,0,1
book_a16bd39cb6316990,You Can't Hurry Second Chances: A Novel,Michelle Stimpson,isbn,high,False,353,0,0,0,0,1
book_1beca72c2fb63974,Unfinished Business (True North Book 2),Zoey Ford,title_author,medium,False,0,0,0,0,0,0
book_2b3c09667794edf5,Another Life,D.M. Natalias,title_author,medium,False,213,0,0,0,0,1
book_37b8b5536832ec39,Mediterranean Diet Cookbook for Beginners: 2000+ Days of Flavorful 30-Minute Recipes with a 30-Day Meal Plan to Simplify Healthy Eating and Boost Your Well-Being,Julianna Wiggins,title_author,medium,False,0,0,0,0,0,0
book_5c4cbe12dd26ae39,Calamity Rayne: Gets A Life,Lydia Michaels,openlibrary_work,high,True,119,1,0,0,0,2
book_e4d54f81ddbc1546,Just For Tonight (Rinkside Romance #1),Sage  Wells,title_author,medium,False,171,0,0,0,0,1
book_c25ab56921082f8d,"The Rule of Three (Salacious Legacy, #2)",Sara Cate,openlibrary_work,high,True,193,0,0,0,0,1
book_894775cd22e5ae56,North Country (Cold River),K.A. Tucker,isbn,high,False,195,0,0,0,0,1
book_589285e23fc764a7,"The New Autoimmune Protocol: The Complete Guide to Managing Autoimmune Disease, with 75 Delicious Recipes",Mickey Trescott,isbn,high,False,276,0,0,0,0,1
book_cd96303a5671c9f8,Valley of the Moms,Hannah Selinger,openlibrary_work,high,True,273,0,0,0,0,1
book_4b58f479677ddcd7,The Love Variations: A Novel,Victoria  Lee,isbn,high,False,235,0,0,0,0,1
book_7bb1566654b490ea,Not a Strong Enough Word,Allie Samberts,openlibrary_work,high,True,191,1,0,0,0,2
book_456ad37ae38b93e8,Murder Unabridged: An Old Juniper Bookshop Mystery,P.J. Nelson,isbn,high,False,257,0,0,0,0,1
book_aa0301a9a5bfa4de,"The Body in the Bath (Helgi, #3)",Ragnar Jónasson,isbn,high,False,138,0,0,0,0,1
book_c8297daa459aadad,"In a World of Sunrises: 365 Days of Heart, Soul, and Hope",Cleo Wade,openlibrary_work,high,True,15,0,0,0,0,1
book_4cecab4b994ab40d,Brutal Legacy (Original Sin #2),Mila Kane,openlibrary_work,high,True,49,0,0,0,0,1
book_c7a3ee5bd34e6aa5,"Savvy Summers and the Po'boy Perils (Savvy Summers Mysteries, #2)",Sandra Jackson-Opoku,isbn,high,False,206,0,0,0,0,1
book_ce5f2d926826b734,Older,Jennifer Hartmann,openlibrary_work,high,True,89,0,0,0,0,1
book_12a5092f83f136ad,The Anniversary,Alex Finlay,isbn,high,False,208,0,0,0,0,1
book_cb74dfa1dd314d53,"Beneath a Broken Sky (Ben Packard, #4)",Joshua Moehling,openlibrary_work,high,True,201,0,0,0,0,1
book_d27e6843475b0947,She Waits Where Shadows Gather,Michelle Tang,openlibrary_work,high,True,155,0,0,0,0,1
book_61f445969a15cfaa,Until Death,Mary Berman,isbn,high,False,264,0,0,0,0,1
book_03eed6ed2ad01fe4,The Au Pair,Teddy Wayne,openlibrary_work,high,True,221,0,0,0,0,1
book_4f333a1e46a3cd68,The One (Dark Future #1),John Marrs,openlibrary_work,high,True,191,2,0,0,0,2
book_604a71caa561f0a3,Codebreakers: A Wordhunter Mystery,Stella Sands,isbn,high,False,140,0,0,0,0,1
book_45bb92a4cd968975,Road Trip,Mary Kay Andrews,isbn,high,False,192,0,0,0,0,1
book_c57faa6af308a0d8,The Notes Between Us: A contemporary and feel-good romantic comedy,Shirley Day,title_author,medium,False,223,0,0,0,0,1
book_20e18c1c19cea424,As Far as She Knew,Diana Awad,isbn,high,False,152,0,0,0,0,1
book_72f168e3968268e4,Whispers of Ink and Starlight,Garrett Curbow,isbn,high,False,165,0,0,0,0,1
book_820e22d6f9a07c74,No Place to Be Single,Felicia Kingsley,isbn,high,False,195,0,0,0,0,1
book_26c5ed6e8badf46e,It's Getting Hot in Here,Jane Costello,openlibrary_work,high,True,199,0,0,0,0,1
book_5c88f89e84ba5ade,A Killer in the Family,Amin Ahmad,openlibrary_work,high,True,362,0,0,0,0,1
book_7102a7567a5ae73f,Ms. Mebel Goes Back to the Chopping Block,Jesse Q. Sutanto,openlibrary_work,high,True,268,0,0,0,0,1
book_a210773b1799d99d,Hidden Nature,Nora Roberts,openlibrary_work,high,True,223,0,0,0,0,1
book_06723628f5144598,The Academy (The Academy Series #1),Elin Hilderbrand,openlibrary_work,high,True,309,8,0,0,0,2
book_e102548d67cc72b7,Happy Accidents: A Finding Maisy Novel,K.D. Elledge,title_author,medium,False,0,0,0,0,0,0
book_ffcecf6a1c1fc10c,Gifted & Talented,Olivie Blake,openlibrary_work,high,True,270,0,0,0,0,1
book_011e48a6f2661d89,"Safe Keeping (Triple Creek Ranch, #2)",Kristen Proby,isbn,high,False,195,0,0,0,0,1
book_4ccf81d120d3e2dd,Return to Sender,Stephanie Parente,title_author,medium,False,222,0,0,0,0,1
book_a01835a0008c14bb,The Girls Trip,Ally Condie,isbn,high,False,160,0,0,0,0,1
book_06a81e86fa569696,Killing Sadie,Rachel  Peterson,title_author,medium,False,230,0,0,0,0,1
book_01801f21535a2c30,The Night King’s Court,Elisa A. Bonnin,isbn,high,False,185,0,0,0,0,1
book_b3e1da8d9d809148,Hostile,Nicole Dykes,title_author,medium,False,189,0,0,0,0,1
book_6cdd8c5823634977,Gone Before Goodbye,Reese Witherspoon,openlibrary_work,high,True,183,8,1,0,0,3
book_0ed2f53b5091fe18,"Cowboy Casual (The Calloway Ranch, #1)",Holly Renee,openlibrary_work,high,True,190,0,0,0,0,1
book_eac5f98bcf6dd4f8,The Road to Tender Hearts,Annie  Hartnett,openlibrary_work,high,True,245,2,0,0,0,2
book_e730775214f17553,Brighter than Before,Courtney Walsh,isbn,high,False,256,0,0,0,0,1
book_841d93dae7e69f59,Half His Age,Jennette McCurdy,openlibrary_work,high,True,205,0,0,0,0,1
book_e785047463a1a403,Served Him Right,Lisa Unger,openlibrary_work,high,True,195,0,0,0,0,1
book_eafd8fdac61b599f,Divine Oaths,Elizabeth Agyemang,isbn,high,False,223,0,0,0,0,1
book_8f7e9d87f5c0783e,Embrace (Off the Ice #4),Bal Khabra,openlibrary_work,high,True,192,0,0,0,0,1
book_6dcf5965cbb875ae,"In Season: 125+ Sweet and Savory Recipes Celebrating Simple, Fresh Ingredients (A Fresh Eggs Daily Cookbook)",Lisa   Steele,isbn,high,False,355,0,0,0,0,1
book_04ab9fbd1f5f5d08,The Good Sister,Bonnie Traymore,isbn,high,False,191,0,0,0,0,1
book_9506000e0df6cc9e,The True Confessions of First Lady Freeman,Deesha Philyaw,isbn,high,False,271,0,0,0,0,1
book_26f1e526553724c6,The One Day You Were My Husband,Rosie Walsh,openlibrary_work,high,True,208,0,0,0,0,1
book_40477888d71f7e63,Dolly All the Time,Annabel Monaghan,openlibrary_work,high,True,148,0,0,0,0,1
book_eb363b17458a3728,Lina & June,Genevieve Wheeler,isbn,high,False,160,0,0,0,0,1
book_0d1428f07001e575,Liar's Dice,Juliet Faithfull,title_author,medium,False,323,0,0,0,0,1
book_95aee72ad1019841,Green & Deadly Things,Jenn Lyons,openlibrary_work,high,True,227,0,0,0,0,1
book_e9000221e09fa62e,Dreamland,Olivie Blake,openlibrary_work,high,True,264,0,0,0,0,1
book_8fd91dff71750617,The Faraway Inn,Sarah Beth Durst,openlibrary_work,high,True,223,0,0,0,0,1
book_c23472fa9187623d,"Tough Guy (Game Changers, #3)",Rachel  Reid,openlibrary_work,high,True,187,12,2,0,0,3
book_27b21b0cba586166,My Husband's Wife,Alice Feeney,openlibrary_work,high,True,228,2,0,0,0,2
book_114bd7f68f56ef0e,A Latte Like Love,Michelle C. Harris,title_author,medium,False,246,0,0,0,0,1
book_cd0f1ca4bd54350d,100 Mental Health Journaling Prompts,Richard French,title_author,medium,False,420,0,0,0,0,1
book_7068958dcb7b8075,Your Soulmail Is Attached: A Novel,Joan F.  Smith,isbn,high,False,177,0,0,0,0,1
book_75f8e8860e240679,Not Precisely Mr. Knightley  (The Silver Teapot #2),Carolyn   Miller,title_author,medium,False,136,0,0,0,0,1
book_eb486fafa7414c63,Strangers: A Memoir of Marriage,Belle Burden,openlibrary_work,high,True,245,10,1,1,1,5
book_7c0a38814bdc57f8,Rachel West and the Fallen Starlet,Emma   Mills,isbn,high,False,201,0,0,0,0,1
book_a3bcd318afeeec36,The Night Hunter,Natalie       Moss,openlibrary_work,high,True,212,0,0,0,0,1
book_54f7aa5cf40f46ba,"Weavingshaw (Weavingshaw, #1)",Heba Al-Wasity,isbn,high,False,254,0,0,0,0,1
book_033de2b361578485,The Memory of Borrowed Books,Meg  Anderson,openlibrary_work,high,True,313,7,0,0,0,2
book_e8034184ef3feb24,The Unstoppables,David Biro,title_author,medium,False,0,0,0,0,0,0
book_d86edb469e401db9,The Unforeseen,Claire   Ackroyd,isbn,high,False,136,0,0,0,0,1
book_89657ac8eab369ee,"A Queen Crowned in Flames (Bonded to Beasts, #2)",Hazel McBride,openlibrary_work,high,True,220,0,0,0,0,1
book_d8e3e94af3cfadb6,Beginning Middle End,Valeria Luiselli,openlibrary_work,high,True,346,0,0,0,0,1
book_05b55836b298d72f,Lady X,Molly Fader,openlibrary_work,high,True,231,0,0,0,0,1
book_dd255d5ed900b5d3,Protect Your Energy,Zahabiyah A. Yamasaki,isbn,high,False,239,0,0,0,0,1
book_bf008aff1fadee61,Getting Away with Murder,Shari Lapena,openlibrary_work,high,True,154,0,0,0,0,1
book_34eb3e177cdd3a62,Somewhere Soft to Land,kai alonté,isbn,high,False,298,0,0,0,0,1
book_94208db07dc97af8,A Brewed Awakening,Pepper Basham,isbn,high,False,426,0,0,0,0,1
book_ef04153d7fcb13d1,The Whisper,Chelsea Iversen,isbn,high,False,208,0,0,0,0,1
book_d2f8529725bce4a2,The Sowing Season: A Practical Guide to Cultivating Small Habits That Invite God's Abundance,Ashley Hetherington,isbn,high,False,0,0,0,0,0,0
book_cc3cee3548f7da6a,We Would Never Tell,Anne-Sophie Jouhanneau,openlibrary_work,high,True,183,0,0,0,0,1
book_7bd1aa8c968ea8ad,The French Illusion,John Grisham,isbn,high,False,140,0,0,0,0,1
book_6fa1ed81be1df2fe,"I, Spy",L.M. Kemp,isbn,high,False,245,0,0,0,0,1
book_0d6e8269113916e6,The Insomniacs,Allison Winn Scotch,isbn,high,False,300,0,0,0,0,1
book_02448bcaa4573123,The Rainy Day Bookshop,RaeAnne Thayne,isbn,high,False,212,0,0,0,0,1
book_8046deb277fb8802,Songbird in the Gallows,Alta Hensley,openlibrary_work,high,True,234,0,0,0,0,1
book_0d382d0497d177d9,Happy Ending,Chloe Liese,openlibrary_work,high,True,255,0,0,0,0,1
book_554ffb3c35345290,All the Little Ways,Laura Lekkos,isbn,high,False,359,0,0,0,0,1
book_2af18c631d83c973,One Golden Ring (Angel Mountain Christmas #2),Clara Pines,title_author,medium,False,292,0,0,0,0,1
book_6f8bdc27012823cd,"Shadow Reaper (Shadow Reaper, #1)",Lynette Noni,openlibrary_work,high,True,216,0,0,0,0,1
book_d8823e42758966f9,"The Thoroughbreds (The Academy, #2)",Elin Hilderbrand,isbn,high,False,119,0,0,0,0,1
book_811ba701366c2577,Mad Mabel,Sally Hepworth,openlibrary_work,high,True,228,0,0,0,0,1
book_52bb0babfeca0700,"The Butcher Game (Dr. Wren Muller, #2)",Alaina Urquhart,openlibrary_work,high,True,248,0,0,0,0,1
book_9e8408ba49c24241,The Top of the World (Far & Away #2),Elizabeth Camden,title_author,medium,False,160,0,0,0,0,1
book_89b0ad89086289ea,Fall into Place,Kristyn J. Miller,isbn,high,False,225,0,0,0,0,1
book_7496475d16b288b0,Deep Dark Truth,Debra Webb,isbn,high,False,176,0,0,0,0,1
book_d65c04bbf887b688,The Missing Ones,A.R. Torre,isbn,high,False,185,0,0,0,0,1
book_9c04a179d6945420,"Light Burned (Realm of Four Kingdoms, #3)",Jayci Lee,isbn,high,False,194,0,0,0,0,1
book_178e1edb31c61e73,The Lost Summer: A Novel (Haven Cliff Book 2),Wendy Corsi Staub,isbn,high,False,188,0,0,0,0,1
book_a351be1f4b2f8180,Ship Happens,Mason Deaver,isbn,high,False,293,0,0,0,0,1
book_406cdeadb48650cc,Alchemy of Souls,Adriana Mather,isbn,high,False,286,0,0,0,0,1
book_63c820252ea7829e,Frida Slattery as Herself,Ana Kinsella,openlibrary_work,high,True,175,0,0,0,0,1
book_5b15af71387ef612,Don't Tell Me How It Ends (Dial Delights),Adrienne Thurman,isbn,high,False,262,0,0,0,0,1
book_82c5a4242a2b3647,Last One Out,Jane Harper,openlibrary_work,high,True,216,0,0,0,0,1
book_8142663f477fb64b,On Eating: The Making and Unmaking of My Appetites,Alicia Kennedy,isbn,high,False,189,0,0,0,0,1
book_a0f566639d71ccd4,Who Knew the Ridpath Girl: A Mystery,Stacy Johns,openlibrary_work,high,True,221,0,0,0,0,1
book_299e0e3cd4675cbf,Beartooth: A Novel,Callan Wink,isbn,high,False,167,0,0,0,0,1
book_bbe1c72f9c8d5eb0,Tempted by the Nanny (Sycamore Falls),Tracy  Leigh,openlibrary_work,high,True,258,1,0,0,0,2
book_1e173614d3b8111b,"Twisted Pawn (Society of Villains, #2)",L.J. Shen,openlibrary_work,high,True,193,10,2,0,0,3
book_679a0963574fd057,You Are Protected: Invoking Spiritual Support to Sustain Your Energy,Michelle Cassandra Johnson,isbn,high,False,240,0,0,0,0,1
book_ac681b8993aa637f,"Accidentally in Bloom (Love in Fairwick Falls, #1)",Elise Kennedy,openlibrary_work,high,True,209,1,0,0,0,2
book_7026172660494b1f,"Destructively Mine (Webs We Weave, #2)",Krista Ritchie,isbn,high,False,170,0,0,0,0,1
book_00d25c173334d674,"Dishonestly Yours (Webs We Weave, #1)",Krista Ritchie,openlibrary_work,high,True,198,1,0,0,0,2
book_7e06fcf0c1fd24e5,"This Messy, Gorgeous Love: A Buddhist Guide to Lasting Partnership",Nico Hase,isbn,high,False,210,0,0,0,0,1
book_8c43a6ebade53ee0,Change of Plans,Sarah Dessen,openlibrary_work,high,True,248,0,0,0,0,1
book_f740d22b222a22a8,Just for the Season,Rachel   Griffiths,isbn,high,False,151,0,0,0,0,1
book_5aaf6f234799251f,When Lemons Give You Life: A Novel,Anna  Johnston,openlibrary_work,high,True,284,0,0,0,0,1
book_042909d328cbdb7c,The Name Game,Beth O'Leary,openlibrary_work,high,True,141,0,0,0,0,1
book_944f245dd00da5d8,The Story Keeper,Kelly Rimmer,isbn,high,False,174,0,0,0,0,1
book_ddcefac22de7dc07,Beach Thriller,Jamie Day,isbn,high,False,169,0,0,0,0,1
book_72f3ef793feca2da,Come Eat: 100 Nourishing Recipes to Eat Every Day,Melissa Ben-Ishay,isbn,high,False,243,0,0,0,0,1
book_5cfffc2f8db92dcf,The Counting Game,Sinéad Nolan,openlibrary_work,high,True,211,0,0,0,0,1
book_dddc9de05f68e984,Stranger Things Have Happened,Kasie West,openlibrary_work,high,True,223,0,0,0,0,1
book_9bb33b22aae8faad,The Sleeping Sisters,Jennifer Givhan,isbn,high,False,217,0,0,0,0,1
book_a1239e85e0fd3c42,It Will Come Back To You,Sigrid Nunez,openlibrary_work,high,True,238,0,0,0,0,1
book_4055ab3235bce00b,"Into the Fading Twilight (Starlight Grove, #2)",Catherine Cowles,openlibrary_work,high,True,230,0,0,0,0,1
book_41cf45f077591a93,Crash Into Me,Robinne Lee,openlibrary_work,high,True,190,0,0,0,0,1
book_69e68790db83b35b,A Deal with a Debutante,Chelsea Bobulski,isbn,high,False,213,0,0,0,0,1
book_d29ea07cc209cb6e,The Bookshop of 99 Doors,Jaime Jo Wright,isbn,high,False,194,0,0,0,0,1
book_ea541de338d8f4ad,The Secret He Keeps: An utterly unputdownable and gripping domestic suspense novel,Laura Elliot,isbn,high,False,241,0,0,0,0,1
book_e94e07f1c7e2f9d0,Pieces of the Night,Jennifer Hartmann,openlibrary_work,high,True,135,0,0,0,0,1
book_d38d194983b9c1d3,"Game Changer (Game Changers, #1)",Rachel  Reid,openlibrary_work,high,True,186,12,2,1,0,4
book_8c5322a3e6440153,To Cage a Wild Bird (Divided Fates #1),Brooke Fast,openlibrary_work,high,True,189,0,0,0,0,1
book_1f2efc4ff33bfe59,Sexy Nerd,Kayley Loring,openlibrary_work,high,True,236,0,0,0,0,1
book_054117fdddf0765f,Fever Beach: A Novel,Carl Hiaasen,isbn,high,False,408,0,0,0,0,1
book_13fafb9586f3c357,The Divorce,Freida McFadden,openlibrary_work,high,True,167,0,0,0,0,1
book_4e1fd318c067d5a0,Plant Lady,Minyoung Kang,title_author,medium,False,245,0,0,0,0,1
book_ff2f12d3c5064742,A Horse's World: A Neuroscientist's Journey into the Equine Mind,Janet L. Jones,title_author,medium,False,222,0,0,0,0,1
book_024a68d5de139feb,"Harvest Season (The Seasons of Carnage Trilogy, #2)",Brynne Weaver,openlibrary_work,high,True,291,0,0,0,0,1
book_63424720a2a0d281,The Summer of Second Chances,K.L. Walther,isbn,high,False,198,0,0,0,0,1
book_9e43ab240ad9f663,Love Beyond Reasonable Doubt: A Novel,Swati Hegde,title_author,medium,False,241,0,0,0,0,1
book_c72ce0baac667948,I Leave It Up to You: A Novel,Jinwoo Chong,isbn,high,False,331,0,0,0,0,1
book_929b6cda26a5abe7,Once Upon a Cookbook: A Treasury of Recipes Inspired by Timeless Children's Books,Bryton Taylor,title_author,medium,False,233,0,0,0,0,1
book_5dde8c95f2ac6122,The Good Parts,Evann Normandin,openlibrary_work,high,True,185,0,0,0,0,1
book_7104ffea2ed3ab2d,"Curses, Keys, and Secret Societies (Sisters of Light and Shadow, #2)",Breanne  Randall,openlibrary_work,high,True,204,0,0,0,0,1
book_9d6f30d2ba8a9a0e,These Summer Storms,Sarah MacLean,openlibrary_work,high,True,245,3,0,0,0,2
book_83b1e87f038e24c5,Chasing the Clouds Away,Debbie Macomber,title_author,medium,False,298,0,0,0,0,1
book_18b6d80cc98093c1,Dog Person,Camille Pagán,title_author,medium,False,286,0,0,0,0,1
book_fe865f6a654b1b8f,It Girl,Allison Pataki,isbn,high,False,346,0,0,0,0,1
book_b539c9373c0fe4ce,The Missing Half,Ashley Flowers,openlibrary_work,high,True,260,0,0,0,0,1
book_51018dcb95091df1,"Perfect Life (Winter Park, #2)",Meredith Lavender,isbn,high,False,220,0,0,0,0,1
book_e456959f52bdc554,Backstabbers,Eliza Jabore,title_author,medium,False,171,0,0,0,0,1
book_8926c58d22f6dd29,Look What You Made Me Do,John Lanchester,openlibrary_work,high,True,148,0,0,0,0,1
book_123b989a199e2405,They All Fall in Love at the End,Haili Blassingame,isbn,high,False,279,0,0,0,0,1
book_d731e3ed01325b5a,The Players Club: A Novel,Rachel   Mills,isbn,high,False,304,0,0,0,0,1
book_2508381dbe151145,The Jellyfish Problem,Tessa Yang,isbn,high,False,255,0,0,0,0,1
book_a8034497ca510c68,A Sprinkle of Sweet Serendipity,Rachel Linden,isbn,high,False,230,0,0,0,0,1
book_27e029c037312654,The Shampoo Effect,Jenny   Jackson,openlibrary_work,high,True,214,0,0,0,0,1
book_319ac53045cf6a55,Our Beautiful Boys: A Novel,Sameer Pandya,openlibrary_work,high,True,257,0,0,0,0,1
book_eab0bdfa208f006b,Ideal Life: A Novel,Evelyn Skye,isbn,high,False,325,0,0,0,0,1
book_7b291dfca5230715,Let Me Get Back to You: A Novel,Liana Haley,isbn,high,False,256,0,0,0,0,1
book_fe0444d6bb43a582,Love by the Book,Jessica George,isbn,high,False,262,0,0,0,0,1
book_5dbbe152d8c33929,The Maid's Secret: A Maid Novel (Molly the Maid),Nita Prose,openlibrary_work,high,True,330,0,0,0,0,1
book_22a866d2f4924361,The Wish,Heather   Morris,isbn,high,False,176,0,0,0,0,1
book_123deebbf63faff0,When Mikan Road Was Ours,D.K. Furutani,isbn,high,False,277,0,0,0,0,1
book_88f5e1adba56bc82,The Last Time We Saw Her,Jaclyn Goldis,isbn,high,False,326,0,0,0,0,1
book_5df2a34017c511b4,It Could Have Been Her,Lisa Jewell,openlibrary_work,high,True,175,0,0,0,0,1
book_a7571008628c8969,Big & Lily,Lisa Roe,isbn,high,False,234,0,0,0,0,1
book_7514bda0653bc7f2,Tarot and the Psychology of the Soul: Exploring the Archetypal Mirrors of the Psyche,Mariana Louis,isbn,high,False,330,0,0,0,0,1
book_7ceee845960f28e3,Man of My Dreams,Olivia Worley,openlibrary_work,high,True,146,2,0,0,0,2
book_8734baf9bfe6f9fa,Skin Contact,Elisa Faison,isbn,high,False,160,0,0,0,0,1
book_a1eaae754bb14076,The Good Eye,Jess Gibson,isbn,high,False,154,0,0,0,0,1
book_365ccb62a480b41f,Cleopatra,Saara El-Arifi,openlibrary_work,high,True,90,0,0,0,0,1
book_5a8245e5656af3a6,The Only One Who Knows,Lisa M. Matlin,isbn,high,False,285,0,0,0,0,1
book_457a5721c0f61428,Worse than a Lie (Beau Lee Cooper #1),Ben Crump,isbn,high,False,307,0,0,0,0,1
book_cab6680dbc2115b4,Death Meets Cute,J. Penner,openlibrary_work,high,True,242,0,0,0,0,1
book_9bd3db1a322ba8ee,Harbor Pointe,Irene Hannon,isbn,high,False,169,0,0,0,0,1
book_7bc3e9b34974c07d,The Bookstore Diaries,Susan Mallery,openlibrary_work,high,True,153,0,0,0,0,1
book_bafc56bd289596c2,The Good Girl Exception (Hellcats Hockey #2),Maren Moore,title_author,medium,False,321,0,0,0,0,1
book_03ae6aa276d8a440,"Fast Lane (Campus Drivers, #1)",C.S. Quill,isbn,high,False,294,0,0,0,0,1
book_5d06a6fb9e07d424,"Tell Me Everything (Amgash, #5)",Elizabeth Strout,openlibrary_work,high,True,284,4,0,0,0,2
book_86d5abaaa5f7a199,"Spies, Lies, and Alibis",Natalie Walters,isbn,high,False,267,0,0,0,0,1
book_c79ba70bfbff8d96,The Romance Revival,Christina Lauren,openlibrary_work,high,True,169,0,0,0,0,1
book_5edcb78abdf17356,The Last Lady B,Eloisa James,openlibrary_work,high,True,208,0,0,0,0,1
book_b62b2604ca228b4d,The Forgotten Midwife,Laura     Anthony,isbn,high,False,382,0,0,0,0,1
book_c60a88924e5e949c,Tell Your Friends,Lauren    Wilson,isbn,high,False,218,0,0,0,0,1
book_005fb072981efd2c,Want to Know a Secret?,Freida McFadden,openlibrary_work,high,True,102,8,1,0,0,3
book_fc733c471cd80711,The Parisian Heist,Jo Piazza,title_author,medium,False,268,0,0,0,0,1
book_3c49e965eb2eba86,With Friends Like You,Amy Chozick,openlibrary_work,high,True,176,0,0,0,0,1
book_cd132493d651c3a5,What She Thought She Saw: A Psychological Thriller,Dan Grylles,title_author,medium,False,179,0,0,0,0,1
book_6d3e91c4a8782b04,How to Kill a Crime Writer,Sarah Lotz,openlibrary_work,high,True,135,0,0,0,0,1
book_f9ed757ac0d99f54,Kiss Slay Replay,Rachel   Harrison,title_author,medium,False,243,0,0,0,0,1
book_86aad5f15222fdc7,Small Great Things,Jodi Picoult,openlibrary_work,high,True,210,21,0,0,0,2
book_363c635707b395e3,Harmless,Miranda Shulman,title_author,medium,False,245,0,0,0,0,1
book_69c51b5177aebe57,Gracie Harris Is Under Construction,Kate  Hash,title_author,medium,False,196,0,0,0,0,1
book_065a861ee1f51b5d,Romantic Hero,Kirsty Greenwood,openlibrary_work,high,True,207,0,0,0,0,1
book_53c7cf60fc6dedb9,Dangerously Ours (Webs We Weave),Krista Ritchie,isbn,high,False,15,0,0,0,0,1
book_ec87fe2749cb03ad,Boots Beneath Her Bed,Taylor   Esposito,openlibrary_work,high,True,256,0,0,0,0,1
book_80c24c4f0eb93b29,Extracurricular,Rachel Lynn Solomon,openlibrary_work,high,True,237,0,0,0,0,1
book_ed0ba1b8012f7a5d,"Strange Familiars (Seamere College, #1)",Keshe Chow,openlibrary_work,high,True,181,0,0,0,0,1
book_13c41692e9d2bce0,But I Hate Him,Page Powars,isbn,high,False,196,0,0,0,0,1
book_dfe2150946984e0c,The Heirs,Faridah Àbíké-Íyímídé,openlibrary_work,high,True,152,0,0,0,0,1
book_4596c034194a3f1e,Imperfect Women,Araminta Hall,openlibrary_work,high,True,251,15,0,0,0,2
book_d8e9d01af17557a1,"Hustle, Baby",Priya Guns,isbn,high,False,257,0,0,0,0,1
book_0f751c62baf1320e,The Unknown,Riley Sager,openlibrary_work,high,True,294,0,0,0,0,1
book_1f54efb2360640f3,The Summer Share,Jenn McKinlay,isbn,high,False,227,0,0,0,0,1
book_2f7bc2741b372686,You’ll Love It Here,Natalie Sue,openlibrary_work,high,True,273,0,0,0,0,1
book_b1495f07c2f87d3e,The Ordinary Magic of Meditation,John Welwood,isbn,high,False,175,0,0,0,0,1
book_6270ccb60e7176bc,Something in the Walls,Daisy Pearce,openlibrary_work,high,True,193,0,0,0,0,1
book_08db6a2461d7b8df,Nothing to My Name,Kangkang Kovacs,isbn,high,False,198,0,0,0,0,1
book_4978443da9aa7ed0,A Sea of Unspoken Things: A Novel,Adrienne Young,openlibrary_work,high,True,202,0,0,0,0,1
book_01e051cbac545caa,If Books Could Kill,Kate Eberle,isbn,high,False,223,0,0,0,0,1
book_ca02cfcdef5ec766,In Stormy Weather,Chelsea Curto,openlibrary_work,high,True,169,0,0,0,0,1
book_73e75377ead422ad,The Shadow Step (Detective Miller #3),Mark Billingham,isbn,high,False,173,0,0,0,0,1
book_08f515783b166aac,"Unbreakable Courage: Strong Faith in an Age of Anxiety, Chaos, and Exhaustion",Max Lucado,isbn,high,False,281,0,0,0,0,1
book_7658436dccc2a74e,In Her Defense,Philippa Malicka,isbn,high,False,183,0,0,0,0,1
book_f3e91a197be6b062,Make Me Better,Sarah Gailey,openlibrary_work,high,True,108,0,0,0,0,1
book_53fa1505c618c13e,The Moonsingers: A Cozy Fairy Tale,Robyn J Pritzker,isbn,high,False,254,0,0,0,0,1
book_825dc872f9aa3f7e,The Original,Priya Parmar,openlibrary_work,high,True,344,0,0,0,0,1
book_b122a1cbe5e1ed0a,The Girl with a Thousand Faces,Sunyi Dean,openlibrary_work,high,True,191,9,1,1,0,4
book_a90f54ec03024f24,Heather,Caitlin Mullen,isbn,high,False,170,0,0,0,0,1
book_7ebf8e90ee93181f,"Curious Tides (Drowned Gods, #1)",Pascale Lacelle,openlibrary_work,high,True,256,1,0,0,0,2
book_96967236c0a53967,Abby Offsides,Anna McCallie,openlibrary_work,high,True,216,0,0,0,0,1
book_634fc9189e75dbda,The Last Time We Drowned,Saratoga Schaefer,openlibrary_work,high,True,246,0,0,0,0,1
book_c8066bc74df5c811,Killing Me Softly,Sandie Jones,openlibrary_work,high,True,192,0,0,0,0,1
book_9d60f706fe109d60,The Dahlia Suite: A Novel,Carinn Jade,isbn,high,False,202,0,0,0,0,1
book_b18e1118e391e87e,Helpless,Jessica Knoll,openlibrary_work,high,True,240,0,0,0,0,1
book_b6bbfc587c5c47fa,"Plastic, Prism, Void: Part One",Violet Allen,isbn,high,False,85,0,0,0,0,1
book_8503bc239427304f,"The Lies that Summon the Night (Songs for the Sinless, #1)",Tessonja Odette,openlibrary_work,high,True,257,0,0,0,0,1
book_0ebaea62e9db7e26,Under the Whispering Door,T.J. Klune,openlibrary_work,high,True,118,3,0,0,0,2
book_23b2b73eae7164e6,The Particular Sadness of Lemon Cake,Aimee Bender,openlibrary_work,high,True,208,3,0,0,0,2
book_012eb9e95a9a6a1d,"A River Red with Blood (Charlie Parker, #23)",John Connolly,openlibrary_work,high,True,89,2,0,0,0,2
book_bfe79cef217e1b4c,Cleopatra's Dagger,Carole Lawrence,openlibrary_work,high,True,174,1,0,0,0,2
book_f1ee29eab263444a,Last Kiss of Summer,Jessica M. Felleman,title_author,medium,False,245,0,0,0,0,1
book_fa902efcf5146cc5,The Summer Boy,Philippe Besson,openlibrary_work,high,True,132,0,0,0,0,1
book_b12a4844e3b177f7,Southern Souls: A Haunting Story,Sarah Lauer Nakawatase,title_author,medium,False,284,0,0,0,0,1
book_99f3ac09b8620811,Good Woman: A Reckoning,Savala Nolan,isbn,high,False,296,0,0,0,0,1
book_ffc5119949119f68,In Your Court (The Westbridge State Series Book 1),Amanda Cirilli,title_author,medium,False,91,0,0,0,0,1
book_885f6f27caddf8ad,Venus Love Trap,Jessica Sherry,title_author,medium,False,211,0,0,0,0,1
book_5110c3c876c9730b,It's Not What You Think,Clare Mackintosh,openlibrary_work,high,True,95,0,0,0,0,1
book_af20230127f42cab,Meet Me in the Garden,Nina LaCour,openlibrary_work,high,True,213,0,0,0,0,1
book_8b59c3692d5405f5,The Shippers,Katherine Center,openlibrary_work,high,True,160,0,0,0,0,1
book_76a5c47a5fecc8cc,The Dead Ringer,Dane Bahr,isbn,high,False,200,0,0,0,0,1
book_350f2492671ced69,Rewrite the Stars,Lindsay Hameroff,isbn,high,False,296,0,0,0,0,1
book_51864dca842ad84e,You With the Sad Eyes,Christina Applegate,isbn,high,False,436,0,0,0,0,1
book_b5e723eed4e514dd,Three Days Earlier,Lynn  Walker,openlibrary_work,high,True,164,2,0,0,0,2
book_14d1c49c035ee1b1,The Night Bus,Tessa Bickers,openlibrary_work,high,True,187,0,0,0,0,1
book_634e3668ca988ea6,When You Loved Me,Beatriz Williams,title_author,medium,False,325,0,0,0,0,1
book_e3066a2c9c12ec49,How to Find a Guy in Five Weddings,Cynthia Timoti,openlibrary_work,high,True,153,0,0,0,0,1
book_525c844973e55d4e,A Neighbor's Guide to Murder,Louise Candlish,openlibrary_work,high,True,150,0,0,0,0,1
book_98715b26ab3414e3,Last Bite,Amy S. Peele,title_author,medium,False,241,0,0,0,0,1
book_f29a994e1351ac0e,This Must Be the Place,Kelly Quindlen,openlibrary_work,high,True,154,0,0,0,0,1
book_afbf894740d55420,Of Venom and Vengeance,Mikayla Bridge,openlibrary_work,high,True,205,1,0,0,0,2
book_5859f30ac0898d11,Augusta Pine Does Not Exist,Emily Lloyd-Jones,openlibrary_work,high,True,239,0,0,0,0,1
book_a19eeaef57e92875,Black River,Ruby Jean Cottle,openlibrary_work,high,True,182,0,0,0,0,1
book_dcf8b38a3b781565,The Ten Year Lie,Debra Webb,isbn,high,False,191,0,0,0,0,1
book_e773cf4d036e831a,I Choose Me,Jennie Garth,isbn,high,False,206,0,0,0,0,1
book_e5cab8813ef3d1eb,"Make Your Own: 120+ Minimally Processed, Oil-Free, Wheat-Free, Sugar-Free, Plant-based Recipes",Javant Benton,isbn,high,False,0,0,0,0,0,0
book_afcb2ef8eb452a98,"Moonlight Murder (Detective Aunty Investigates, #2)",Uzma Jalaluddin,openlibrary_work,high,True,260,0,0,0,0,1
book_f1df472a5988e0c1,The Lowe Job,Grace   Alexander,openlibrary_work,high,True,258,0,0,0,0,1
book_4668e03b9ddc0564,More than Friends,Denise Hunter,openlibrary_work,high,True,356,0,0,0,0,1
book_b261d07dedc29bf5,Life: A Love Story,Elizabeth Berg,isbn,high,False,209,0,0,0,0,1
book_75a569ebe561a817,All Booked Up,Melody Carlson,isbn,high,False,174,0,0,0,0,1
book_3d3c94b18a1df7bf,The Good Fortune of Miss Robbins,Melanie Dickerson,isbn,high,False,243,0,0,0,0,1
book_694a80dcf9134ab5,You Did Nothing Wrong,C.G. Drews,openlibrary_work,high,True,159,10,0,0,0,2
book_0e5bf197508ab8d2,Without a Clue,Melissa    Ferguson,openlibrary_work,high,True,350,0,0,0,0,1
book_f40fadff8540702a,Knight of the God King,Lauren Blackwood,isbn,high,False,283,0,0,0,0,1
book_afa369258766c505,Next To Heaven,James Frey,openlibrary_work,high,True,184,0,0,0,0,1
book_1f7b165c8e5986e2,Booked at Midnight (Midnights on the Square #2),Emily W. Andersen,title_author,medium,False,185,0,0,0,0,1
book_a5ad4ec28837a6c8,AMMAZZA!: Culinary Adventures from New York to Italy and Back Again (A Cookbook),Hillary Sterling,isbn,high,False,229,0,0,0,0,1
book_390c0088844d1aa0,The Forgotten Lore (Ellen Poe #1),Diana Peterfreund,title_author,medium,False,213,0,0,0,0,1
book_c672924955fe7c3f,Little Wild,Laura    Evans,isbn,high,False,212,0,0,0,0,1
book_55147fc0ab62d6a2,The Most Mysterious Bookshop in Paris (Paris Bookshop Mysteries),Mark Pryor,isbn,high,False,234,0,0,0,0,1
book_d5cbcb54d4b96b9b,The Eyes Are the Best Part,Monika Kim,openlibrary_work,high,True,200,9,1,0,0,3
book_ff019b50cb15978f,Braving the Storm (Crimson Ridge #2),Elliott Rose,openlibrary_work,high,True,313,0,0,0,0,1
book_846b28a4278afcfe,The Frozen River,Ariel Lawhon,openlibrary_work,high,True,242,11,1,2,1,5
book_b0e9f80761817736,Wildflower,Becky Jenkinson,title_author,medium,False,183,0,0,0,0,1
book_a3db1ddcafcaf9c1,Leave and Come Back,Lavanya Lakshmi,isbn,high,False,278,0,0,0,0,1
book_554580dd150007cf,"The Hockey Situation (Billionaire Situation, #6)",Lyra Parish,title_author,medium,False,142,0,0,0,0,1
book_ca2cc65af2900ec4,Toe to Toe,Falon Ballard,title_author,medium,False,184,0,0,0,0,1
book_0bb3d78bcc38b760,All the Water in the World,Eiren Caffall,openlibrary_work,high,True,281,0,0,0,0,1
book_8f4c841459b9008b,The Cupid Dilemma,April Asher,isbn,high,False,271,0,0,0,0,1
book_6644721e059b726d,"Coronation (Royally Forbidden, #1)",Cleo White,title_author,medium,False,141,0,0,0,0,1
book_cff9a8328372b017,The Last Celebrity,Madeleine Henry,isbn,high,False,171,0,0,0,0,1
book_cb2dfb0a978e5e57,"Yes, Chef",Grace Reilly,title_author,medium,False,210,0,0,0,0,1
book_78b0adddbc9b9950,The Book Tour,Emily Ohanjanians,isbn,high,False,242,0,0,0,0,1
book_70b8f66db57290d3,You Girls Play Nice,K.D. Aldyn,isbn,high,False,194,0,0,0,0,1
book_b69d830a302dfcde,Love Overboard,Kandi Steiner,openlibrary_work,high,True,58,0,0,0,0,1
book_20d6d0bca8a46f6d,"Magic and Mischief at the Wayside Hotel (The Magical Wayside Hotel, #1)",Elizabeth  Everett,isbn,high,False,173,0,0,0,0,1
book_883f837586d4f1ec,Our Perfect Storm,Carley Fortune,openlibrary_work,high,True,223,0,0,0,0,1
book_e69a289b4a3c3db4,The House of Now and Then,Edward  Underhill,openlibrary_work,high,True,293,0,0,0,0,1
book_829af2ae52b90aaa,"Brighter Than Nine (Darker by Four, #2)",June C.L. Tan,isbn,high,False,186,0,0,0,0,1
book_6063e9ee26936d29,"A Girl Like Her (Deluxe Edition) (Ravenswood, 1)",Talia Hibbert,openlibrary_work,high,True,161,0,0,0,0,1
book_95e5263ab3c31468,House of Spells and Secrets,Ivy Cassidy,title_author,medium,False,293,0,0,0,0,1
book_c158f71fd676a676,"Kiss, Marry, Kill",Lori Gold,isbn,high,False,212,0,0,0,0,1
book_1120603d725ccb8d,The Midnight Book Club (Midnights On the Square #1),Emily W. Andersen,title_author,medium,False,180,0,0,0,0,1
book_367fd81dbd1ef806,"Heir of Twisted Lies (Stonegate, #2)",L.J. Andrews,isbn,high,False,206,0,0,0,0,1
book_8fef1561d6bf4748,Dollface,Lindy Ryan,openlibrary_work,high,True,148,0,0,0,0,1
book_69a304f59764de38,For Human Use,Sarah G. Pierce,isbn,high,False,347,0,0,0,0,1
book_2681b9f01017a8ca,Sunlight Finds You,Laura Moriarty,isbn,high,False,273,0,0,0,0,1
book_6e9a0709ba81c695,"A Bookish Story: a clean and wholesome, workplace, secret identity, book lovers romance",Heatherly Bell,title_author,medium,False,202,0,0,0,0,1
book_73ab86967081ada2,Missing,E.A.  Jackson,isbn,high,False,242,0,0,0,0,1
book_327fa2d21626ccf5,"Songbird of the Sorrows (Myths of the Empyrieos, #1)",Braidee Otto,title_author,medium,False,310,0,0,0,0,1
book_456bb558668b0fd4,When Among Crows (Curse Bearer #1),Veronica Roth,openlibrary_work,high,True,164,3,0,0,0,2
book_7cd4f38a0c4fe770,A Lie for a Lie,Ren DeStefano,isbn,high,False,215,0,0,0,0,1
book_99a83db4490a904e,Deadly Ripples,Penny Goetjen,openlibrary_work,high,True,162,2,0,0,0,2
book_7eb55c577338abfc,Getting Naked: The Quiet Work of Becoming Perfectly Imperfect,Valerie Bertinelli,isbn,high,False,277,0,0,0,0,1
book_5b08f64fc3c44393,The Write Off,Kara McDowell,isbn,high,False,233,0,0,0,0,1
book_1558fd02b2eb826c,"No Matter What (Hearts of New York, #3)",Cara Bastone,openlibrary_work,high,True,285,0,0,0,0,1
book_82731717156118d0,A Wedding at the Little Bookshop by the Sea (Micklewick Bay #7),Eliza J. Scott,isbn,high,False,199,0,0,0,0,1
book_ce6bb0606f4cfffe,Endgame,Willa  Gray,openlibrary_work,high,True,171,0,0,0,0,1
book_3bc279e326540e45,The Women in White,Sarah Pekkanen,isbn,high,False,195,0,0,0,0,1
book_27e3c2df4e175557,Reality Bites,Amy Mass,isbn,high,False,235,0,0,0,0,1
book_b0e23795da8b56d3,This Story Might Save Your Life,Tiffany Crum,openlibrary_work,high,True,193,0,0,0,0,1
book_6f94a325e334845b,"The Hotshot (The Dugout, #1)",Piper Rayne,title_author,medium,False,197,0,0,0,0,1
book_ac6491c4242e37b3,"Cloud Nine (Snowy Peak, #1)",Amanda Sinatra,title_author,medium,False,188,0,0,0,0,1
book_bd0a6d6f205ad80a,"The Cherry Crush Flower Shop (Maple Falls, #3)",Harper Graham,isbn,high,False,295,0,0,0,0,1
book_7483ef41901ba401,"Keeping 13 (Boys of Tommen, #2)",Chloe Walsh,openlibrary_work,high,True,199,4,0,0,0,2
book_16d62048152b5e42,The Favorites,Layne Fargo,openlibrary_work,high,True,204,1,0,0,0,2
book_9693de12e3315294,Dear Debbie,Freida McFadden,openlibrary_work,high,True,215,2,0,0,0,2
book_3492c01e2832e41f,The Housewife,Natalie Barelli,openlibrary_work,high,True,190,0,0,0,0,1
book_6fc392a15d12b736,Midnight Sunflowers,Ally  Williams,title_author,medium,False,156,0,0,0,0,1
book_af3a34fb368d9d85,Grace & Henry's Holiday Movie Marathon,Matthew Norman,openlibrary_work,high,True,216,0,0,0,0,1
book_24191ad9e7c2d485,The Heir Apparent,Rebecca Armitage,openlibrary_work,high,True,237,0,0,0,0,1
book_da1c559d61090844,The Intruder,Freida McFadden,openlibrary_work,high,True,156,0,0,0,0,1
book_60d284ae20c0dda4,The Inmate,Freida McFadden,openlibrary_work,high,True,149,7,2,0,0,3
book_8ddb0bec5787ddc7,Don't Let Him In,Lisa Jewell,openlibrary_work,high,True,216,1,0,0,0,2
book_ed69a4cba0d2a939,The Reading List,Sara Nisha Adams,openlibrary_work,high,True,218,9,0,0,0,2
book_8ba5903487725291,The River Is Waiting,Wally Lamb,openlibrary_work,high,True,138,8,1,0,0,3
book_8ea8e56947e679fc,"Downpour (The Griffith Brothers, #2)",Maggie C. Gates,openlibrary_work,high,True,234,1,0,0,0,2
book_003521d750e29881,This Book Made Me Think of You,Libby  Page,openlibrary_work,high,True,144,0,0,0,0,1
book_ed784f9c7ca9e5c3,"No Place Like You (Oaks Sisters, #2)",Jillian Meadows,openlibrary_work,high,True,247,0,0,0,0,1
book_4019451fcf2f69df,The Re-Do List,Denise  Williams,isbn,high,False,264,0,0,0,0,1
book_ef5a872a5314925c,Honey in the Wound,Jiyoung Han,openlibrary_work,high,True,301,0,0,0,0,1
book_ba01b3bcfca792ce,Heart Life Music: A New York Times Bestselling Memoir from the Beloved Country Music Star,Kenny Chesney,openlibrary_work,high,True,144,0,0,0,0,1
book_a9545dbfd0947c98,Confess,Colleen Hoover,openlibrary_work,high,True,100,14,0,3,0,3
book_6ee0cf37d916c97c,Those Empty Eyes,Charlie Donlea,openlibrary_work,high,True,270,1,0,0,0,2
book_4860f2b48e4f6935,"A Long Time Gone (Ben Packard, #3)",Joshua Moehling,openlibrary_work,high,True,178,1,0,0,0,2
book_796eee0f049f8458,Two Sides to Every Murder,Danielle Valentine,openlibrary_work,high,True,185,1,0,0,0,2
book_f019b5a8f2dc5000,Think You'll Be Happy,Nicole Avant,openlibrary_work,high,True,162,0,0,0,0,1
book_e91f637dee368551,Muddy the Water,Matt Barrows,title_author,medium,False,215,0,0,0,0,1
book_f22661af0a24c4c7,She's So Bad,Bonita Fabian,title_author,medium,False,171,0,0,0,0,1
book_0059bff1b7638ad8,Celebrate: Joyful Baking All Year Round,Paul Hollywood,openlibrary_work,high,True,161,0,0,0,0,1
book_8abd28a70892350b,Storybook Ending,Moira   Macdonald,openlibrary_work,high,True,232,0,0,0,0,1
book_2e4c819e0178e106,"The Ex-Girlfriend Murder Club (A Hu Done It Mystery, #1)",Gloria Chao,openlibrary_work,high,True,217,0,0,0,0,1
book_8e8e20c0e97ccded,"Chasing Evil: Shocking Crimes, Supernatural Forces, and an FBI Agent’s Search for Hope and Justice",John Edward,openlibrary_work,high,True,171,0,0,0,0,1
book_b700dae844a2efa0,Friends to Lovers,Sally Blakely,openlibrary_work,high,True,221,0,0,0,0,1
book_122ff1aa00ff06b4,The Alchemist,Paulo Coelho,openlibrary_work,high,True,106,0,0,0,0,1
book_c9e5ecfa4bbd651e,"That's Amore (Lake Garda Mysteries, #1)",Heidi Troi,title_author,medium,False,140,0,0,0,0,1
book_c3127dd590a3020d,"Only Between Us (Oakwood Bay, #2)",Ellie K. Wilde,openlibrary_work,high,True,292,0,0,0,0,1
book_3811d0a2d0451572,Tell Them You Lied,Laura Leffler,openlibrary_work,high,True,240,0,0,0,0,1
book_8d65b2e4a0f52c2f,Departure 37,Scott  Carson,openlibrary_work,high,True,248,0,0,0,0,1
book_45febfddaacdbca9,Atomic Hearts,Megan Cummins,isbn,high,False,328,0,0,0,0,1
book_2d43691138a71668,Ladykiller,Katherine      Wood,openlibrary_work,high,True,288,1,0,0,0,2
book_a76700e695508b07,"The Next Mrs. Parrish (Mrs. Parrish, #2)",Liv Constantine,openlibrary_work,high,True,276,3,0,0,0,2
book_6a1f5196e2c5a706,"Return to Jesus: An Invitation to Abide with Him in Every Beautiful, Stressful, or Tedious Moment",Jen      Thompson,isbn,high,False,211,0,0,0,0,1
book_aed1941875fe2d73,Daughter of Mine,Megan Miranda,openlibrary_work,high,True,79,3,0,0,0,2
book_5fb86f1d0bcf0496,You Belong Here,Megan Miranda,openlibrary_work,high,True,143,1,0,0,0,2
book_333598bc5b791afc,Stay Away from Him,Andrew DeYoung,openlibrary_work,high,True,286,0,0,0,0,1
book_3029de6dfb6b76f2,Betting on Good,Wendy Francis,openlibrary_work,high,True,187,0,0,0,0,1
book_f854ebbcfd3935ff,Blue Sisters,Coco Mellors,openlibrary_work,high,True,177,2,0,0,0,2
book_224edae3b020f02e,The Cliffs,J. Courtney Sullivan,openlibrary_work,high,True,293,1,0,0,0,2
book_281b55269ebcd41f,The Best We Could Hope For,Nicola Kraus,openlibrary_work,high,True,183,0,0,0,0,1
book_e8d949a30accfc0e,"You, Me, and Forever (Blushing #1)",Laura Pavlov,openlibrary_work,high,True,179,0,0,0,0,1
book_3c3b9540a5e5a5e9,Her Ruthless Protector,S.J. Winter,title_author,medium,False,204,0,0,0,0,1
book_35a05ef1e0f0f516,Living by the Word: 12 Practical Principles for Christian Living,Seth M. Jones,title_author,medium,False,197,0,0,0,0,1
book_81fbdd9094f9c284,Boney Creek,Paula Gleeson,isbn,high,False,182,0,0,0,0,1
book_baea3e8a1a1bd353,"Her First Mistake (Noelle Marshall, #1)",Kendra Elliot,openlibrary_work,high,True,178,0,0,0,0,1
book_bfd7093e27949c95,The Perfect Roommate,Minka Kent,openlibrary_work,high,True,164,0,0,0,0,1
book_4eae0b7983b5413e,"The Daily Buddhist: 366 Days of Wisdom for Happiness, Inner Freedom, and Mindful Living ― A Self-Help Guide to Buddhist Philosophy and Meditation",Pema  Sherpa,openlibrary_work,high,True,305,0,0,0,0,1
book_ffc60b591048015e,"The Faking Game (The Billionaire Games, #1)",Olivia Hayle,title_author,medium,False,181,0,0,0,0,1
book_072bf2d881c2a018,His First Wife,Sue Watson,openlibrary_work,high,True,143,0,0,0,0,1
book_01bbe5b90ef29565,Summer on Lilac Island,Lindsay MacMillan,openlibrary_work,high,True,246,0,0,0,0,1
book_84bef5ab7aabcd5c,"The Last Hope (Maggie Hope Mystery, #11)",Susan Elia MacNeal,openlibrary_work,high,True,293,0,0,0,0,1
book_e8c9ebddc7c180c8,The Wedding People,Alison Espach,openlibrary_work,high,True,181,2,0,0,0,2
book_47b0aabbaf162b53,Broken Country,Clare Leslie Hall,openlibrary_work,high,True,198,8,3,1,0,4
book_9320bb84890527ec,Bluebird Day,Megan Tady,openlibrary_work,high,True,169,1,0,0,0,2
book_6be4a5739fe89c66,The New Couple in 5B,Lisa Unger,openlibrary_work,high,True,175,0,0,0,0,1
book_75e49d72c5597eac,"Sunlight (Haven River Ranch, #2)",Devney Perry,openlibrary_work,high,True,236,10,1,1,0,4
book_8243293051137db6,"Crossroads (Haven River Ranch, #1)",Devney Perry,openlibrary_work,high,True,183,11,1,1,0,4
book_ef26133a83315541,Look Closer,David  Ellis,openlibrary_work,high,True,103,3,0,0,0,2
book_b2e4b5b4b7568d46,Home Is Where the Bodies Are,Jeneva Rose,openlibrary_work,high,True,181,9,0,1,0,3
book_46985b7f91fcc80b,Good Half Gone,Tarryn Fisher,openlibrary_work,high,True,203,0,0,0,0,1
book_5a6705f27622677a,The Lost Bookshop,Evie  Woods,openlibrary_work,high,True,130,11,1,3,1,5
book_b449c0c373d2d6b8,The Family Game,Catherine Steadman,openlibrary_work,high,True,252,1,0,0,0,2
book_3340d90721671f7a,Magic Hour,Kristin Hannah,openlibrary_work,high,True,218,9,0,1,0,3
book_49e3bbdb47032c02,Beautiful Ugly,Alice Feeney,openlibrary_work,high,True,160,1,0,0,0,2
book_b23cc711122471c8,The Things We Do for Love,Kristin Hannah,openlibrary_work,high,True,292,28,0,0,0,2
book_cdde612f95d413b3,What Happened to Nina?,Dervla McTiernan,openlibrary_work,high,True,221,0,0,0,0,1
book_c5ccda1909d75297,The Anxious Generation: How the Great Rewiring of Childhood Caused an Epidemic of Mental Illness,Jonathan Haidt,openlibrary_work,high,True,323,3,0,0,0,2
book_2da58e932c4981a0,The Third Wife,Lisa Jewell,openlibrary_work,high,True,93,9,0,0,0,2
book_e97e2457641e76ef,Counting Miracles,Nicholas Sparks,openlibrary_work,high,True,316,0,0,0,0,1
book_b20983a21f2bc7d9,"The Arrangement (The Arrangement, #1)",Kiersten Modglin,openlibrary_work,high,True,172,0,0,0,0,1
book_06dd60da2f086a71,A Spark of Light,Jodi Picoult,openlibrary_work,high,True,305,17,0,0,0,2
book_d3367699602afe1b,Someone Else's Bucket List,Amy T. Matthews,openlibrary_work,high,True,274,0,0,0,0,1
book_adb9cf8363816f42,If Something Happens to Me,Alex Finlay,openlibrary_work,high,True,267,0,0,0,0,1
book_3e8c7714c1e9f4fb,"The Year of Less: How I Stopped Shopping, Gave Away My Belongings, and Discovered Life Is Worth More Than Anything You Can Buy in a Store",Cait Flanders,openlibrary_work,high,True,275,5,0,0,0,2
book_8456776921a87b32,The Liar's Girl,Catherine Ryan Howard,openlibrary_work,high,True,137,14,0,2,0,3
book_ee8dfe9e3c093e66,Invisible Girl,Lisa Jewell,openlibrary_work,high,True,247,5,0,0,0,2
book_fc0087a491ac9770,The Grownup,Gillian Flynn,openlibrary_work,high,True,167,7,0,0,0,2
book_c23baa5215bbd90f,The Let Them Theory,Mel Robbins,openlibrary_work,high,True,440,0,0,0,0,1
book_95384776c596ba5f,No One Will Miss Her,Kat Rosenfield,openlibrary_work,high,True,242,0,0,0,0,1
book_97a6798c9022f4a7,The Paradise Problem,Christina Lauren,openlibrary_work,high,True,230,2,0,0,0,2
book_5c5a7d28f79cca4c,"Yours Truly (Part of Your World, #2)",Abby Jimenez,openlibrary_work,high,True,183,2,0,0,0,2
book_fd01f7a5f06030e1,Local Girl Missing,Claire Douglas,openlibrary_work,high,True,105,3,0,0,0,2
book_d05ac0381a4a4c5e,When We Were Friends,Jane Green,openlibrary_work,high,True,166,0,0,0,0,1
book_a01301b5b1a8df38,All the Colors of the Dark,Chris  Whitaker,openlibrary_work,high,True,132,7,0,0,0,2
book_84e3ce4b91bb7f05,Listen for the Lie,Amy Tintera,openlibrary_work,high,True,192,3,0,0,0,2
book_0af4b7e712fe5568,"The Spark Factor:  The Secret to Supercharging Energy, Becoming Resilient, and Feeling Better Than Ever",Molly Maloof,openlibrary_work,high,True,287,0,0,0,0,1
book_daa62057c05a3384,What Wild Women Do,Karma Brown,openlibrary_work,high,True,246,0,0,0,0,1
book_27ef128443f3f5c2,Let Me Lie,Clare Mackintosh,openlibrary_work,high,True,116,11,0,0,0,2
book_f418838e0c9ad310,"Bye, Baby",Carola Lovering,openlibrary_work,high,True,254,1,0,0,0,2
book_c8a2cec522bb9bfe,"It Starts with Us (It Ends with Us, #2)",Colleen Hoover,openlibrary_work,high,True,208,17,4,1,0,4
book_cd90df31a8782d11,The Complete Vampire Chronicles 12-Book Bundle,Anne Rice,openlibrary_work,high,True,352,1,0,0,0,2
book_d12d1d0173b8eaa4,All of This: A Memoir of Death and Desire,Rebecca Woolf,openlibrary_work,high,True,186,5,0,0,0,2
book_008c0bf252c84e31,One Perfect Couple,Ruth Ware,openlibrary_work,high,True,262,2,0,0,0,2
book_13c9967a8114c021,"Under Your Spell (Theo & Cynthie, #1)",Laura  Wood,openlibrary_work,high,True,183,1,0,0,0,2
book_e0e15004f903d727,"When You Are Mine (The Bennett Series, 1)",Kennedy Ryan,openlibrary_work,high,True,177,1,0,0,0,2
book_343e0ae15a96f028,The Women,Kristin Hannah,openlibrary_work,high,True,297,13,1,4,0,4
book_2695af1a0dcf613e,The Silent Woman,Minka Kent,openlibrary_work,high,True,140,0,0,0,0,1
book_d24478a72e8fa265,"Twist (Off Balance Series, #4)",Lucia Franco,openlibrary_work,high,True,147,0,0,0,0,1
book_50f342764813d9c5,The Good Ones,Polly Stewart,openlibrary_work,high,True,319,0,0,0,0,1
book_a8b36ed703e81703,"Release (Off Balance Series, #3)",Lucia Franco,openlibrary_work,high,True,121,0,0,0,0,1
book_68b65e0c139ab878,"Execution (Off Balance Series, #2)",Lucia Franco,openlibrary_work,high,True,136,0,0,0,0,1
book_fce228a5dfac64f9,"Balance (Off Balance, #1)",Lucia Franco,openlibrary_work,high,True,191,0,0,0,0,1
book_75b4460a2721eff7,Drive Your Plow Over the Bones of the Dead,Olga Tokarczuk,title_author,medium,False,145,0,0,0,0,1
book_108b801cce5390bc,How to End a Love Story,Yulin Kuang,openlibrary_work,high,True,295,1,0,0,0,2
book_1b33a7726ae7062e,The Exception to the Rule,Christina Lauren,openlibrary_work,high,True,133,0,0,0,0,1
book_3ddb4b7c79478670,We Used to Live Here,Marcus Kliewer,openlibrary_work,high,True,243,9,2,1,0,4
book_02140ddb2a801adf,The Magic of Lemon Drop Pie,Rachel Linden,openlibrary_work,high,True,207,0,0,0,0,1
book_093b1a73c5f6d9ab,Wilder (The Renegades #1),Rebecca Yarros,openlibrary_work,high,True,120,2,1,0,0,3
book_bd7b05f51d82c3c6,The Good Life: Lessons from the World's Longest Scientific Study of Happiness,Robert Waldinger,openlibrary_work,high,True,119,2,0,0,0,2
book_6d43c6e264e988d4,"Mile High (Windy City, #1)",Liz Tomforde,openlibrary_work,high,True,224,15,4,0,0,3
book_66b9f29cd0553800,The Girls Who Disappeared,Claire Douglas,openlibrary_work,high,True,172,0,0,0,0,1
book_6bbc0bc6892825b5,The Unwedding,Ally Condie,openlibrary_work,high,True,124,1,0,0,0,2
book_19c621888f336ee6,Anyone's Ghost,August Thompson,openlibrary_work,high,True,174,1,0,0,0,2
book_0249d0c40d66d21b,Before She Knew Him,Peter  Swanson,openlibrary_work,high,True,122,18,0,0,0,2
book_6a8a0ca90ebe4218,"The Galveston Diet: The Doctor-Developed, Patient-Proven Plan to Burn Fat and Tame Your Hormonal Symptoms",Mary Claire Haver,openlibrary_work,high,True,282,0,0,0,0,1
book_f61996ef36d3d8bd,"Stillhouse Lake (Stillhouse Lake, #1)",Rachel Caine,openlibrary_work,high,True,169,9,0,0,0,2
book_bc47ec6809004b99,What the Wind Knows,Amy Harmon,openlibrary_work,high,True,182,3,0,0,0,2
book_5636b59b0e8bc1b2,"When You're Ready, This Is How You Heal",Brianna Wiest,openlibrary_work,high,True,127,1,0,0,0,2
book_02544124cbfd0c36,Funny Story,Emily Henry,openlibrary_work,high,True,252,9,0,0,0,2
book_6f41ea819fccd82a,Atlas of the Heart: Mapping Meaningful Connection and the Language of Human Experience,Brené Brown,openlibrary_work,high,True,193,5,0,0,0,2
book_eaa08f6c027ba446,Summer Romance,Annabel Monaghan,openlibrary_work,high,True,155,0,0,0,0,1
book_506bb4093d6b84fd,Leave No Trace,Mindy Mejia,openlibrary_work,high,True,195,10,0,1,0,3
book_9dd86109918aa04d,The Winemaker's Wife,Kristin Harmel,openlibrary_work,high,True,197,17,0,0,0,2
book_306213f5f461d96a,The Life Impossible,Matt Haig,openlibrary_work,high,True,14,0,0,0,0,1
book_42ed24ca5ec98679,The Wishing Game,Meg Shaffer,openlibrary_work,high,True,234,4,6,1,0,4
book_d1ffa00031b23598,"Just for the Summer (Part of Your World, #3)",Abby Jimenez,openlibrary_work,high,True,189,3,0,0,0,2
book_b759bfac128a055f,Create a Life You Love: How to Quiet Outside Voices So You Can Finally Hear Your Own,Stephanie May Wilson,isbn,high,False,226,0,0,0,0,1
book_29f970fb83114b8f,The Housekeeper's Secret,Iona Grey,openlibrary_work,high,True,159,0,0,0,0,1
book_5337a14e57121b96,The Most Wonderful Time,Jayne Allen,openlibrary_work,high,True,319,0,0,0,0,1
book_a85b2f1cfb5cfcbb,How to Walk Away,Katherine Center,openlibrary_work,high,True,105,13,0,0,0,2
book_a0bce06bc01287a6,The Soulmate,Sally Hepworth,openlibrary_work,high,True,168,2,0,0,0,2
book_c8cfb45bd74a42ce,The Things We Keep,Sally Hepworth,openlibrary_work,high,True,180,15,0,0,0,2
book_bc01bc9df4ed0c71,"Always, in December",Emily      Stone,openlibrary_work,high,True,210,0,0,0,0,1
book_71cf15544f15f039,My Darling Husband,Kimberly Belle,openlibrary_work,high,True,193,0,0,0,0,1
book_3d2716b5c9534846,I Could Live Here Forever,Hanna  Halperin,openlibrary_work,high,True,254,1,0,0,0,2
book_634c7bebacbc0d6c,The Winter People,Jennifer  McMahon,openlibrary_work,high,True,151,0,0,0,0,1
book_cbe9ae09a8289ee4,"Rule of the Aurora King (Artefacts of Ouranos, #2)",Nisha J. Tuli,openlibrary_work,high,True,199,0,0,0,0,1
book_8e501d3943c4b467,Real Life Intuition: Extraordinary Stories from People Who Listen to Their Inner Voice,Melanie Barnum,openlibrary_work,high,True,118,0,0,0,0,1
book_6f79f81b0c9ec1fc,"The Sins on Their Bones (The Cursed Crown, #1)",Laura R. Samotin,openlibrary_work,high,True,255,0,0,0,0,1
book_03ab20b6aa4f4324,Match Me If You Can,Swati Hegde,openlibrary_work,high,True,239,1,0,0,0,2
book_1142ab33651d382a,Young Rich Widows,Kimberly Belle,openlibrary_work,high,True,239,0,0,0,0,1
book_db9eafa88fc526ed,Summertime Punchline,Betty Corrello,openlibrary_work,high,True,270,1,0,0,0,2
book_e8fc1cbae15c45b9,"The Upper Crush (Foxbrooke, #3)",Evie Alexander,isbn,high,False,169,0,0,0,0,1
book_b308ad45015f58bb,"Sweet Home Macrame: A Beginner's Guide to Macrame: Learn to Make Jewelry, Home Decor, Plant Hangings, and More",Casey Alberti,openlibrary_work,high,True,104,1,0,0,0,2
book_657d4349401329e6,"The Rival (Four Corners Ranch, #7)",Maisey Yates,openlibrary_work,high,True,172,0,0,0,0,1
book_3eb5f1f04e5a35e3,The Trouble with Drowning,Heather Hach,openlibrary_work,high,True,153,1,0,0,0,2
book_e53232017d86b13f,Awake to Your Why: Achieve Your Goals and Change Your Life with the 5 AM Advantage,Bryce Chapman,isbn,high,False,185,0,0,0,0,1
book_19a132f0196d3c2d,Very Bad Company,Emma Rosenblum,openlibrary_work,high,True,113,0,0,0,0,1
book_6dc67f1d6e28b655,Eris,Draven Aurora,openlibrary_work,high,True,154,1,0,0,0,2
book_d370e2f9eadcba7b,"Relentless (MacTavish Mafia, #1)",Arianna Fraser,openlibrary_work,high,True,212,8,0,0,0,2
book_7af3eafe912d27a7,Lady Tan's Circle of Women,Lisa See,openlibrary_work,high,True,334,2,0,0,0,2
book_484f7a6d41d76e95,The Turn of the Key,Ruth Ware,openlibrary_work,high,True,337,22,0,0,0,2
book_3d54503e81f48cbe,An Enchanting Case of Spirits,Melissa Holtz,openlibrary_work,high,True,217,1,0,0,0,2
book_8eb86852e3b1b768,"Rule of Three (Baranova Bratva, #1)",Misti Wilds,openlibrary_work,high,True,191,1,0,0,0,2
book_33627bd501d844fe,Tell Me Who You Are,Louisa Luna,openlibrary_work,high,True,220,1,0,0,0,2
book_930edc45ad7eb32f,The Last Light Over Oslo,Alix Rickloff,openlibrary_work,high,True,261,0,0,0,0,1
book_829d954319fdc405,"Food and Freedom: Discover Your Personal Recipe to Eat, Think, and Live Well",Sue Van Raes,openlibrary_work,high,True,267,0,0,0,0,1
book_733f93c4319ef102,"All the Wrong Plays (Kluvberg, #2)",C.W. Farnsworth,title_author,medium,False,165,0,0,0,0,1
book_3b8e0d2a26cd5781,"Keystone (Crossbreed, #1)",Dannika Dark,openlibrary_work,high,True,207,0,0,0,0,1
book_4be62b1c1cc544f4,A Happier Life,Kristy Woodson Harvey,openlibrary_work,high,True,229,0,0,0,0,1
book_3b59290be3f8f620,Swiped,L.M. Chilton,openlibrary_work,high,True,197,1,0,0,0,2
book_985fce3257f48e37,The Wives: A Memoir,Simone Gorrindo,openlibrary_work,high,True,142,0,0,0,0,1
book_17316f07d9745b5d,Light Dark,Aleatha Romig,openlibrary_work,high,True,219,1,0,0,0,2
book_51769dad7b5a9de0,The Five Year Lie,Sarina Bowen,openlibrary_work,high,True,218,8,1,0,0,3
book_ede8e1fa528e3214,Real Life and Other Fictions,Susan Coll,openlibrary_work,high,True,163,1,0,0,0,2
book_c36ce9494ceca90e,Under Pressure,Ellie  Thornton,title_author,medium,False,368,0,0,0,0,1
book_e30373e7c3b53b9f,Cold Record,Eric   Ferguson,title_author,medium,False,389,0,0,0,0,1
book_a2e7bc42f04c9b6d,"Liar's Point (The Texas Murder Files, #5)",Laura Griffin,openlibrary_work,high,True,226,1,0,0,0,2
book_2ad8cd134979eadc,The Chateau,Jaclyn Goldis,openlibrary_work,high,True,205,0,0,0,0,1
book_0eef0ac2c74a0224,"Emotions, Happiness and the Story of Our Lives: Inner knowledge from The Kaalmly Approach to create long-lasting happiness inround you",A.R. Kaalmly,title_author,medium,False,479,0,0,0,0,1
book_6246954c7a37371f,Summer Fridays,Suzanne Rindell,openlibrary_work,high,True,249,1,0,0,0,2
book_956a3c1030019a76,"Reframing Rich: Creating a Better Relationship with Your Money, Yourself, and Others",Steve Coughran,title_author,medium,False,228,0,0,0,0,1
book_e82085e3a3a060af,Agony Hill (Franklin Warren and Alice Bellows Mystery #1),Sarah Stewart Taylor,openlibrary_work,high,True,228,0,0,0,0,1
book_82b2c31c5d142dfe,The Invisible Hour,Alice Hoffman,openlibrary_work,high,True,267,2,0,0,0,2
book_5f9fbaeda94ac12f,Broken Throne (Red Queen #4.5),Victoria Aveyard,openlibrary_work,high,True,110,6,0,0,0,2
book_8fc652e0c51378f5,"War Storm (Red Queen, #4)",Victoria Aveyard,openlibrary_work,high,True,188,16,0,0,0,2
book_5ad53355364b953a,"King's Cage (Red Queen, #3)",Victoria Aveyard,openlibrary_work,high,True,167,18,0,0,0,2
book_a6f2e51e4936979c,"Red Queen (Red Queen, #1)",Victoria Aveyard,openlibrary_work,high,True,163,46,0,0,0,2
book_1c7e7b767cf03ef8,"Glass Sword (Red Queen, #2)",Victoria Aveyard,openlibrary_work,high,True,121,22,4,1,2,5
book_bc31172fda8cb3c7,"The Mystery Guest (Molly the Maid, #2)",Nita Prose,openlibrary_work,high,True,225,8,1,0,0,3
book_8d0d9be5e18b4c71,"Fate of the Sun King (Artefacts of Ouranos, #3)",Nisha J. Tuli,openlibrary_work,high,True,158,0,0,0,0,1
book_4d1960f48469935a,Love in Tandem,Becca Kinzer,openlibrary_work,high,True,270,0,0,0,0,1
book_9d6d16de8e130e7b,Will You Pretend Marry Me,Christi Barth,title_author,medium,False,215,0,0,0,0,1
book_1bab8e5ee0e26434,Better Left Unsent,Lia Louis,openlibrary_work,high,True,177,1,0,0,0,2
book_cf9c53c53d06ca7f,Love at First Book,Jenn McKinlay,openlibrary_work,high,True,251,1,0,0,0,2
book_026bbc02242db839,Happy Medium,Sarah   Adler,openlibrary_work,high,True,285,1,0,0,0,2
book_a7c3c2f49118ba7a,A Love Like the Sun,Riss M. Neilson,openlibrary_work,high,True,261,1,0,0,0,2
book_59d3bc0d06794ee2,The Game Changer,Lana Ferguson,openlibrary_work,high,True,257,1,0,0,0,2
book_a93be37430ebe86d,The Only Survivors,Megan Miranda,openlibrary_work,high,True,311,5,0,0,0,2
book_bfc195ee2f46386b,One Deadly Eye: A Doc Ford Novel – An Action-Packed Crime Thriller of Secrets and Revenge,Randy Wayne White,openlibrary_work,high,True,227,0,0,0,0,1
book_4efaee975d6e3309,"Everyday Ayurveda for Women's Health: Traditional Wisdom, Recipes, and Remedies for Optimal Wellness, Hormone Balance, and Living Radiantly",Kate O'Donnell,openlibrary_work,high,True,237,1,0,0,0,2
book_fcbda62072229724,She Left,Stacie Grey,openlibrary_work,high,True,166,1,0,0,0,2
book_be99e5b72908e75f,"Frozen (Heart of Dread, #1)",Melissa de la Cruz,openlibrary_work,high,True,238,9,0,0,0,2
book_484712ecbda85454,No One Can Know,Kate Alice Marshall,openlibrary_work,high,True,172,1,0,0,0,2
book_e870a76bb2dc8a2b,"The One that (Almost) Got Away (Palm Harbor, #1)",Kimberley O'Malley,openlibrary_work,high,True,113,0,0,0,0,1
book_89b89b87254fab70,We Were the Lucky Ones,Georgia Hunter,openlibrary_work,high,True,269,16,0,0,0,2
book_e9666bc759562e78,The Astrology House,Carinn Jade,openlibrary_work,high,True,168,1,0,0,0,2
book_b8358a3a0251230e,The Swap,Robyn Harding,openlibrary_work,high,True,280,1,0,0,0,2
book_2b62706ebf5ba6d2,The Obesity Code: Unlocking the Secrets of Weight Loss,Jason Fung,title_author,medium,False,103,0,0,0,0,1
book_8b4a017325b704d5,All Good People Here,Ashley Flowers,openlibrary_work,high,True,304,2,0,0,0,2
book_39d2c529cd84b739,The Loyal Wife,B. Love,openlibrary_work,high,True,210,2,0,0,0,2
book_f158b21ebb8f78cc,Up-Island Harbor,Jean Stone,openlibrary_work,high,True,252,0,0,0,0,1
book_25d86aa3b8dc6f17,The First Sun,Mindi Hope,title_author,medium,False,291,0,0,0,0,1
book_a1a05227d06c75c3,The Bottom Line (Wordplay),Tobie Carter,title_author,medium,False,320,0,0,0,0,1
book_0ac3cb08891b70df,"The Dead Girl Under the Bleachers (Craven Falls Mystery, #1)",Donna M. Zadunajsky,openlibrary_work,high,True,73,0,0,0,0,1
book_d17cdafabe923db7,That Night,Donna M. Zadunajsky,openlibrary_work,high,True,216,0,0,0,0,1
book_c9a1e04e92ffcde6,Can't Help Falling in Love,Sophie Sullivan,openlibrary_work,high,True,320,0,0,0,0,1
book_45708e0da52d981d,"The Long Call (Two Rivers, #1)",Ann Cleeves,openlibrary_work,high,True,115,20,0,0,0,2
book_f75950c8305ba28d,Wedding Issues,Elle   Evans,openlibrary_work,high,True,138,1,0,0,0,2
book_bcd79656b290ffa9,"What Do You Really Want?: 7 Questions That Can Unlock the Answers to a Life Full of Abundance, Meaning, and Connection",Cayla Craft,openlibrary_work,high,True,263,1,0,0,0,2
book_bde91e2003075cf0,Daughter of a Promise,Jeanne McWilliams Blasberg,openlibrary_work,high,True,204,1,0,0,0,2
book_82f7566c33246359,"Filthy Rich Vampire (Filthy Rich Vampires, #1)",Geneva Lee,openlibrary_work,high,True,244,1,0,0,0,2
book_64fedcfdd32a0aa5,A Heart Like Home,Christine Nolfi,openlibrary_work,high,True,191,0,0,0,0,1
book_c7fc7bee8d8dace3,Trust and Safety,Laura Blackett,openlibrary_work,high,True,216,1,0,0,0,2
book_778f10eac956cf7e,"The Summer Escape (Sunrise Cove, #6)",Jill Shalvis,openlibrary_work,high,True,211,0,0,0,0,1
book_9ec7b5df00283f40,The Backup Bride Proposal (Boots and Bouquets #4),Jaci Burton,openlibrary_work,high,True,319,0,0,0,0,1
book_b3e5a2b532422a18,The Unexpected Benefits of Being Run Over,Naseem Rochette,openlibrary_work,high,True,155,2,0,0,0,2
book_698d475628782539,Emotional Intelligence Habits,Travis Bradberry,openlibrary_work,high,True,189,2,0,0,0,2
book_516cffd2db2ae6c6,What We'll Burn Last,Heather  Chavez,openlibrary_work,high,True,265,0,0,0,0,1
book_57039a914dc44a2d,Northern Spy,Flynn Berry,openlibrary_work,high,True,353,4,0,0,0,2
book_35b4f3b254145739,The Ride of Her Life,Jennifer Dugan,openlibrary_work,high,True,333,0,0,0,0,1
book_24910a48933d8980,The Spoiled Heart,Sunjeev Sahota,openlibrary_work,high,True,121,1,0,0,0,2
book_235af2e9d0698db2,Echoes in the Stars,Gordon Frisbie,title_author,medium,False,135,0,0,0,0,1
book_6fa777bab09be79a,Becoming Mallory,Elaine Evans,title_author,medium,False,201,0,0,0,0,1
book_d51dc9c33931a36a,"The Love Remedy (The Damsels of Discovery, #1)",Elizabeth  Everett,openlibrary_work,high,True,190,1,0,0,0,2
book_14efb629372409c4,Someone Like You,Karen Kingsbury,openlibrary_work,high,True,279,8,0,0,0,2
book_7ed949e1303d684b,"The Stranger at Black Lake (Jess Lambert, #.5)",Christina  McDonald,isbn,high,False,168,0,0,0,0,1
book_132c64e9681952cb,Never Too Late,Danielle Steel,openlibrary_work,high,True,195,7,0,0,0,2
book_637646d7a31ed744,Secret Of The Sassafras,Olivia Sparrow,openlibrary_work,high,True,128,0,0,0,0,1
book_5674f09d40cc731a,The President's Wife,Tracey Enerson Wood,openlibrary_work,high,True,292,0,0,0,0,1
book_107961fc84f23289,Out on a Limb,Hannah Bonam-Young,openlibrary_work,high,True,130,4,0,0,0,2
book_408696c4e96d28d8,"Seventeen (Magic is Real, #1)",K.C. McMillian,title_author,medium,False,150,0,0,0,0,1
book_8915a24b0617e72a,Dear Wendy,Ann Zhao,openlibrary_work,high,True,278,0,0,0,0,1
book_dda419af41970ff2,Presence: The Art of Being at Home in Yourself,Tracy  Cochran,openlibrary_work,high,True,196,1,0,0,0,2
book_e1bf4c3add088700,"The Instruments of Darkness (Charlie Parker, #21)",John Connolly,openlibrary_work,high,True,147,2,0,0,0,2
book_f6c84f5838fa2eec,The Ballad of Darcy and Russell,Morgan Matson,openlibrary_work,high,True,213,0,0,0,0,1
book_948b032759cb6838,Not If You Break Up with Me First,G.F.  Miller,openlibrary_work,high,True,170,1,0,0,0,2
book_63f5e4f23ec1f90d,A Good Happy Girl,Marissa Higgins,openlibrary_work,high,True,159,5,0,0,0,2
book_cb118b7644830ffc,Better by Far,Hazel Hayes,openlibrary_work,high,True,122,1,0,0,0,2
book_37bf93b400349dfb,Imposter Syndrome and Other Confessions of Alejandra Kim,Patricia  Park,openlibrary_work,high,True,263,1,0,0,0,2
book_df0fc1e33e1c76b4,Sociopath,Patric Gagne,openlibrary_work,high,True,304,3,0,0,0,2
book_47cf1278c1af8db8,The Reappearance of Rachel Price,Holly  Jackson,openlibrary_work,high,True,217,8,0,0,0,2
book_4f44bdc30f1e2b9a,The Return of Ellie Black,Emiko Jean,openlibrary_work,high,True,215,8,2,0,0,3
book_61432455a91737ee,"Tangled Up in You (Meant to Be, #4)",Christina Lauren,openlibrary_work,high,True,266,0,0,0,0,1
book_8bd125acc507594e,"Moments for You (The Wilder Brothers, #7)",Carrie Ann Ryan,isbn,high,False,177,0,0,0,0,1
book_1570f91af68df341,"It Had to Be You (Under Suspicion, #8)",Mary Higgins Clark,openlibrary_work,high,True,212,0,0,0,0,1
book_c5c1472dc99b8dc8,The One That Got Away with Murder,Trish Lundy,openlibrary_work,high,True,221,0,0,0,0,1
book_c5bd0490a00c1ff8,Thirsty,Jas Hammonds,openlibrary_work,high,True,179,0,0,0,0,1
book_c73ef238e24d84c8,"Breakaway (Beyond the Play, #2)",Grace Reilly,openlibrary_work,high,True,257,1,0,0,0,2
book_cf86758cacffa75e,"Where the Library Hides (Secrets of the Nile, #2)",Isabel Ibañez,openlibrary_work,high,True,145,0,0,0,0,1
book_19dd863c0afbd875,The Waves Take You Home,María Alejandra Barrios Vélez,openlibrary_work,high,True,197,0,0,0,0,1
book_3cf9450a2ba464dd,Forgotten Sisters,Cynthia Pelayo,openlibrary_work,high,True,186,0,0,0,0,1
book_842d448f537c60b1,Cover Story,Rachel Lacey,openlibrary_work,high,True,150,0,0,0,0,1
book_6c18f37581058942,"A Forgotten Kill (Daniela Vega, #2)",Isabella Maldonado,openlibrary_work,high,True,172,0,0,0,0,1
book_7c3a2ae9816fb572,Hurt Mountain,Angela Crook,openlibrary_work,high,True,185,0,0,0,0,1
book_36c9fecbaf0161bc,When the World Goes Quiet,Gian Sardar,openlibrary_work,high,True,218,0,0,1,1,3
book_898e42b642159e5e,Hypnotized by Love,Sariah Wilson,isbn,high,False,227,0,0,0,0,1
book_8e3391e3f47a273b,The Waltham Murders,Susan Zalkind,openlibrary_work,high,True,183,0,0,0,0,1
book_764e4764c7f2ca18,Don't Forget Me,Rea Frey,openlibrary_work,high,True,185,0,0,0,0,1
book_6b91fc55958fe403,A Friend in the Dark,Samantha M. Bailey,openlibrary_work,high,True,163,0,2,0,0,2
book_e859471190ce3b19,If I Stopped Haunting You,Colby Wilkens,openlibrary_work,high,True,261,0,0,0,0,1
book_8e97a818fbf990f0,When Haru Was Here,Dustin Thao,openlibrary_work,high,True,148,0,0,0,0,1
book_f67e5c5188b87271,One House Left,Vincent Ralph,openlibrary_work,high,True,120,0,0,0,0,1
book_901e37199446dcfd,Fall for Him,Andie Burke,openlibrary_work,high,True,244,0,0,0,0,1
book_783f48093134cf43,Alley of Scented Roses,Abbas Mehran,isbn,high,False,137,0,0,0,0,1
book_7a5ef27f84d5fc59,The West Passage,Jared Pechaček,openlibrary_work,high,True,220,0,0,0,0,1
book_934ab355136da004,"In the Name of Family (The Love & Loyalty Series, #1)",Cynthia Coppola,openlibrary_work,high,True,254,2,0,0,0,2
book_909b369cad2d7d01,Did I Ever Tell You?,Genevieve Kingston,openlibrary_work,high,True,223,1,0,0,0,2
book_d1d95bfca070d2d0,Rancher's Seduction,Nicole Simon,openlibrary_work,high,True,73,2,0,0,0,2
book_335156b12c245165,Neighborhood Watch,Sarah Reida,openlibrary_work,high,True,241,0,0,0,0,1
book_ab081edc95856428,"Mistakes We Never Made (Mistakes We Never Made, #1)",Hannah    Brown,openlibrary_work,high,True,172,2,0,0,0,2
book_3b6b04637304e63a,"Think This, Not That: 12 Mindshifts to Breakthrough Limiting Beliefs and Become Who You Were Born to Be",Josh Axe,openlibrary_work,high,True,237,2,0,0,0,2
book_bacbfb5d45a15e21,"The Compound (The Compound Duology, #1)",Gwenna McAllis,openlibrary_work,high,True,255,2,0,0,0,2
book_80ebc8f563abe2d1,"The Rule Book (The Cheat Sheet, #2)",Sarah       Adams,openlibrary_work,high,True,198,3,0,0,0,2
book_ead09587acad8e48,Change the Story of Your Health: Using Shamanic and Jungian Techniques for Healing,Carl Greer,openlibrary_work,high,True,334,5,0,0,0,2
book_0333f5b484e7c88c,I Did Something Bad,Pyae Moe Thet War,openlibrary_work,high,True,270,0,0,0,0,1
book_822736ec14e393ec,Whenever You're Ready,Rachel Runya Katz,openlibrary_work,high,True,238,10,0,0,0,2
book_bb14945c8475c27d,You Had Me at Happy Hour,Timothy Janovsky,openlibrary_work,high,True,217,0,0,0,0,1
book_fc6cae61b7d4aa6d,"The Darkest Corner of the Heart (The Brightest Light, #2)",Lisina Coney,openlibrary_work,high,True,197,0,0,0,0,1
book_4040f524a7fe31f6,Saving Raine,Marian L. Thomas,openlibrary_work,high,True,188,1,0,0,0,2
book_af63d48610cdcad6,"Blindsided (Sean Colbeth Investigates, #1)",Christopher H. Jansmann,openlibrary_work,high,True,203,1,0,0,0,2
book_db110714912ae653,The Orchid: The Secret Code of Modern Goddesses,Rocio  Aquino,title_author,medium,False,229,0,0,0,0,1
book_d9e42d23693fe9d5,The Secret Keeper of Main Street,Trisha R. Thomas,openlibrary_work,high,True,138,1,0,0,0,2
book_2b08fcaf062cc5c4,I've Tried Being Nice: Essays,Ann Leary,openlibrary_work,high,True,137,0,0,0,0,1
book_67a89244f38e28c1,"The Last Hope (Maggie Hope, #11)",Susan Elia MacNeal,openlibrary_work,high,True,293,1,0,0,0,2
book_50ab96e56b9c8f03,"Stars and Smoke (Stars and Smoke, #1)",Marie Lu,openlibrary_work,high,True,257,2,0,0,0,2
book_3c5c4136c2fc84cc,With Your Friends,William  Grant,openlibrary_work,high,True,176,2,0,0,0,2
book_6e94a2603e0c34c3,The Paris Gown,Christine   Wells,openlibrary_work,high,True,288,0,0,0,0,1
book_537f347e747f8129,The Summer Pact,Emily Giffin,openlibrary_work,high,True,272,2,0,0,0,2
book_0ec5b4425537f879,"Between Never and Forever (The Hardy Billionaire Brothers, #3)",Shain Rose,openlibrary_work,high,True,199,1,0,0,0,2
book_0276561f683f071b,You Know What You Did,K.T. Nguyen,openlibrary_work,high,True,132,1,0,0,0,2
book_c9f48ac1422d5bf3,Playing Blackjack with God,Laurie Gregg,isbn,high,False,313,0,0,0,0,1
book_334c624d8e4e58f9,The Wild Side,Fern Michaels,openlibrary_work,high,True,231,0,0,0,0,1
book_be2b6ff3d285f6fb,"What Lies in Darkness (Jess Lambert, #2)",Christina  McDonald,openlibrary_work,high,True,173,0,0,0,0,1
book_e7ddb4b57c3944df,The Dominant,Sienna Snow,openlibrary_work,high,True,221,1,0,0,0,2
book_c2034dc6505bd729,The Other Side of Disappearing,Kate Clayborn,openlibrary_work,high,True,233,0,0,0,0,1
book_c5a05db853030309,"Pucking Wild (Jacksonville Rays Hockey, #2)",Emily Rath,openlibrary_work,high,True,119,12,0,1,0,3
book_446e0a3dca00ba1f,Bright Objects,Ruby Todd,openlibrary_work,high,True,227,0,0,0,0,1
book_950124bc5a2cbf74,"Never Come Back (Nora McTavish, #2)",Joe Hart,openlibrary_work,high,True,198,0,0,0,0,1
book_b4ef03393c16b15f,When She Was Me,Marlee Bush,openlibrary_work,high,True,152,0,0,0,0,1
book_1e1b52f743881e3d,The Charmed Friends of Trove Isle,Annie Rains,openlibrary_work,high,True,278,0,0,0,0,1
book_41c6a337e59b2158,The Medicine Woman of Galveston,Amanda Skenandore,openlibrary_work,high,True,272,0,0,0,0,1
book_b21a0b2204c69985,"Like Mother, Like Daughter",Kimberly McCreight,openlibrary_work,high,True,252,1,0,0,0,2
book_9ad173179409d165,I Thought I Knew: A Women's Fiction Novel,Melissa Trombetta,title_author,medium,False,159,0,0,0,0,1
book_3d41a0feca8f4043,The Bitter Truth,Shanora Williams,openlibrary_work,high,True,254,0,0,0,0,1
book_ad3a26e1c3ea2314,"One Cursed Rose (Grimm Bargains, #1)",Rebecca Zanetti,openlibrary_work,high,True,226,0,0,0,0,1
book_2d94aaa59d031bf3,That Night in the Library,Eva Jurczyk,openlibrary_work,high,True,174,0,0,0,0,1
book_b71cfcb3fecc304d,"The Gilded Crown (The Raven's Trade, #1)",Marianne  Gordon,openlibrary_work,high,True,204,0,0,0,0,1
book_0790ab879e46e129,The Dollmakers (Fallen Peaks),Lynn Buchanan,openlibrary_work,high,True,317,0,0,0,0,1
book_656250581e1b5dd6,The Third Wife of Faraday House,B.R.  Myers,openlibrary_work,high,True,245,0,0,0,0,1
book_fbc15cc29f20135a,"Rediscover Your Wisdom: Drawing on Answers from Your Past to Achieve Self-improvement, Growth, and Success",Rabbi Joel Stein,title_author,medium,False,197,0,0,0,0,1
book_dea8727b345fdd67,Be the Magic,Diane Pienta,openlibrary_work,high,True,157,2,0,0,0,2
book_7ef65b1f5a518be6,The Villain Edit,Laurie Devore,openlibrary_work,high,True,281,0,0,0,0,1
book_493e62d1377f4027,What It Takes to Heal: How Transforming Ourselves Can Change the World,Prentis Hemphill,openlibrary_work,high,True,259,0,0,0,0,1
book_05e181cc78668ee0,Crooked Seeds,Karen Jennings,openlibrary_work,high,True,294,1,0,0,0,2
book_e58ae62fc26d7eb8,Daughter of Calamity,Rosalie M. Lin,openlibrary_work,high,True,193,0,0,0,0,1
book_6ba4841b0f160788,"Camino Ghosts (Camino Island, #3)",John Grisham,openlibrary_work,high,True,299,3,0,0,0,2
book_a38f6d53eed20e53,The Darkest Water,Mark  Edwards,title_author,medium,False,198,0,0,0,0,1
book_413a2f5d4080d1e8,Watch List,Edward Y. Tanner,title_author,medium,False,170,0,0,0,0,1
book_2d5d62a9db021a48,Ash Dark as Night,Gary  Phillips,openlibrary_work,high,True,244,1,0,0,0,2
book_b72cf05d80f26884,The Sunken City (The Sunken City #1),Emma V.R. Noyes,title_author,medium,False,144,0,0,0,0,1
book_b9b3fb26d78770fc,"Five Broken Blades (The Broken Blades, #1)",Mai Corland,openlibrary_work,high,True,151,2,0,0,0,2
book_cb76eb4a3b26452e,"Good Night, Irene",Luis Alberto Urrea,openlibrary_work,high,True,236,2,0,0,0,2
book_6d5c43efc4655b71,Grown Woman Talk: Your Guide to Getting and Staying Healthy,Sharon Malone,openlibrary_work,high,True,370,3,0,0,0,2
book_0ec2b0e25d6f98ca,"The Power of the Esther Effect: Keys to Success in Marriage, Family, Career, Business and the Community for Every Her Where Heart Matters",Karen  Hypolite,title_author,medium,False,160,0,0,0,0,1
book_6839fcb0d28b1029,The Heart in Winter,Kevin Barry,openlibrary_work,high,True,226,1,0,0,0,2
book_511744b040b709fd,The Most Fun We Ever Had,Claire Lombardo,openlibrary_work,high,True,150,19,0,0,0,2
book_67f19ef6f1fde697,The Days I Loved You Most,Amy  Neff,openlibrary_work,high,True,227,0,0,0,0,1
book_f4f6712b99eeb434,The Honey Witch,Sydney J. Shields,openlibrary_work,high,True,98,0,0,0,0,1
book_c76028f759aa18e2,"Tell Me Everything (Amgash, #5)",Elizabeth Strout,openlibrary_work,high,True,284,3,0,0,0,2
book_39dd6436fe42909e,The Night We Lost Him,Laura Dave,openlibrary_work,high,True,112,1,0,0,0,2
book_8767402b526f89f6,The Puzzle Box,Danielle Trussoni,openlibrary_work,high,True,313,0,0,0,0,1
book_b300e488f70c2c57,The Paris Widow,Kimberly Belle,openlibrary_work,high,True,178,0,0,0,0,1
book_1ad3c52f4daadb07,"Why Everything That Doesn't Matter, Matters So Much: The Way of Love in a World of Hurt",Charlie Peacock,openlibrary_work,high,True,178,0,0,0,0,1
book_f0de1cfd0214c828,Rouge,Mona Awad,openlibrary_work,high,True,274,0,0,0,0,1
book_d91c48a638bc1b8c,Bright Young Women,Jessica Knoll,openlibrary_work,high,True,223,13,2,2,1,5
book_90d00acaf5fe8cc2,"The Sweetness at the Bottom of the Pie (Flavia de Luce, #1)",Alan Bradley,openlibrary_work,high,True,140,29,0,2,3,4
book_b67413228b9a849d,"Uninvited: Living Loved When You Feel Less Than, Left Out, and Lonely",Lysa  TerKeurst,openlibrary_work,high,True,212,8,0,0,0,2
book_297380d3c522f0e9,The Things We Leave Unfinished,Rebecca Yarros,openlibrary_work,high,True,249,8,0,0,0,2
book_f8d468347d423dab,If You Would Have Told Me,John Stamos,openlibrary_work,high,True,243,2,0,0,0,2
book_f790893d86d975f8,Romantic Comedy,Curtis Sittenfeld,openlibrary_work,high,True,293,0,0,0,0,1
book_6798de89a9ca842e,The Senator's Wife,Liv Constantine,openlibrary_work,high,True,277,7,0,0,0,2
book_d7890a6c31d48ece,"The Last Mrs. Parrish (Mrs. Parrish, #1)",Liv Constantine,openlibrary_work,high,True,185,10,0,1,0,3
book_fa3abd3c14b72314,Appetite for Innocence,Lucinda Berry,openlibrary_work,high,True,176,0,0,0,0,1
book_8ef3c2acdd5ec365,Saving Noah,Lucinda Berry,openlibrary_work,high,True,162,2,0,0,0,2
book_73f8afc91af668f8,All the Breaking Waves,Kerry Lonsdale,openlibrary_work,high,True,167,2,0,0,0,2
book_47d99884e4d87c4c,The Orphan Collector,Ellen Marie Wiseman,openlibrary_work,high,True,264,4,0,0,0,2
book_981900b1155541d6,"The Long Game (Green Oak, #1)",Elena  Armas,openlibrary_work,high,True,244,5,0,0,0,2
book_2558fb0e2cb80bab,I Have Some Questions for You,Rebecca Makkai,openlibrary_work,high,True,167,3,0,0,0,2
book_6dcd59b111f01249,Whalefall,Daniel Kraus,openlibrary_work,high,True,246,0,0,0,0,1
book_a5addff4af533f10,The Secret Recipe of Ella Dove (Dove Pond #3),Karen Hawkins,openlibrary_work,high,True,260,0,0,0,0,1
book_6df4c74a9c785e39,A Cup of Silver Linings (Dove Pond #2),Karen Hawkins,openlibrary_work,high,True,205,4,0,0,0,2
book_16edbc762a93e00f,"Love, Holly",Emily      Stone,openlibrary_work,high,True,264,0,0,0,0,1
book_91b8e162bd99937a,Dreamland,Nicholas Sparks,openlibrary_work,high,True,256,6,0,0,0,2
book_ac177d5451a532b7,Drowning,T.J. Newman,openlibrary_work,high,True,222,0,0,0,0,1
book_5fe1fe2398331939,"The Maid (Molly the Maid, #1)",Nita Prose,openlibrary_work,high,True,301,11,2,0,0,3
book_88571ac2c41f8889,Someone Else's Shoes,Jojo Moyes,openlibrary_work,high,True,194,6,0,0,0,2
book_3e4d36c2dbcdf58d,Paris: A Memoir for Young Women in the Age of Influencers,Paris Hilton,openlibrary_work,high,True,313,2,0,0,0,2
book_18c7b92609b802ac,Never Lie,Freida McFadden,openlibrary_work,high,True,160,8,1,0,0,3
book_b2c0ca75d9715b27,"Waiting for Tom Hanks (Waiting for Tom Hanks, #1)",Kerry Winfrey,openlibrary_work,high,True,163,3,0,0,0,2
book_b2100584562025b8,When Breath Becomes Air,Paul Kalanithi,openlibrary_work,high,True,314,49,2,6,0,4
book_dfa0e1e9e5a42eeb,A Season for Second Chances,Jenny Bayliss,openlibrary_work,high,True,195,1,0,0,0,2
book_f5bf07227b55c47e,First Lie Wins,Ashley Elston,openlibrary_work,high,True,169,3,0,0,0,2
book_449afbaa2fe43727,The Collected Regrets of Clover,Mikki Brammer,openlibrary_work,high,True,197,0,0,0,0,1
book_9c47a5a5442ed69e,The Scent Keeper,Erica Bauermeister,openlibrary_work,high,True,180,6,0,0,0,2
book_4a5f2963c6d14bfb,The Last Letter,Rebecca Yarros,openlibrary_work,high,True,155,1,0,2,0,3
book_ace6863ffa630ab0,What Lies in the Woods,Kate Alice Marshall,openlibrary_work,high,True,119,1,0,0,0,2
book_fcefba4f3f4ef78f,"Bright Lights, Big Christmas",Mary Kay Andrews,openlibrary_work,high,True,227,2,0,0,0,2
book_993702c0e3ae7db2,The Road to Christmas,Sheila Roberts,openlibrary_work,high,True,198,4,0,0,0,2
book_09d040211418488e,Not a Happy Family,Shari Lapena,openlibrary_work,high,True,152,20,0,0,0,2
book_56c2b08123f7c568,Watching You,Lisa Jewell,openlibrary_work,high,True,203,16,0,0,0,2
book_e9ec2d79fa27c15d,"The Christmas Bookshop (The Christmas Bookshop, #1)",Jenny Colgan,openlibrary_work,high,True,157,2,0,0,0,2
book_56a8522d218e30cb,Good Bad Girl,Alice Feeney,openlibrary_work,high,True,215,0,0,0,0,1
book_650414052a773938,All the Sinners Bleed,S.A. Cosby,title_author,medium,False,173,0,0,0,0,1
book_86570061a9a82245,In the Likely Event,Rebecca Yarros,openlibrary_work,high,True,138,6,2,0,0,3
book_9d73753a8044d9dd,Family Meal,Bryan Washington,openlibrary_work,high,True,221,0,0,0,0,1
book_4e96b3a2c3164154,The Maid's Diary,Loreth Anne White,openlibrary_work,high,True,191,0,0,0,0,1
book_aaa7bd4fec9ad664,Don't Let Her Stay,Nicola Sanders,openlibrary_work,high,True,131,1,0,0,0,2
book_0e98799c5a0ca7d1,The Coworker,Freida McFadden,openlibrary_work,high,True,148,9,2,0,0,3
book_845fc5606c3fddd1,4 Riverside Close,Diana Wilkinson,openlibrary_work,high,True,145,0,0,0,0,1
book_4087ce255ff7f83a,Top Five Regrets of the Dying: A Life Transformed by the Dearly Departing,Bronnie Ware,isbn,high,False,260,0,0,0,0,1
book_10b7c28b8bbd5228,Elon Musk,Walter Isaacson,openlibrary_work,high,True,346,3,0,0,0,2
book_a0be2fda5bf2562c,"All of Us Villains (All of Us Villains, #1)",Amanda Foody,openlibrary_work,high,True,189,2,0,0,0,2
book_1e83fbaafefe0906,The Leftover Woman,Jean Kwok,openlibrary_work,high,True,216,0,0,0,0,1
book_c7ceceaecfdca739,Demon Copperhead,Barbara Kingsolver,openlibrary_work,high,True,210,16,0,2,0,3
book_0c20fe8192e43317,The Seven Year Slip,Ashley Poston,openlibrary_work,high,True,270,0,0,0,0,1
book_8669ce2550c837b7,A Twisted Love Story,Samantha  Downing,openlibrary_work,high,True,167,0,0,0,0,1
book_38f364cde5a19e30,The Perfect Son,Freida McFadden,openlibrary_work,high,True,121,9,2,0,0,3
book_ba61f63e16a3f77a,Meet Me at the Lake,Carley Fortune,openlibrary_work,high,True,219,0,0,0,0,1
book_446d4ffe3f6cc487,"The Upside of Stress: Why Stress Is Good for You, and How to Get Good at It",Kelly McGonigal,openlibrary_work,high,True,255,10,0,0,0,2
book_14d14fe2bf66d8e8,The Kite Runner,Khaled Hosseini,openlibrary_work,high,True,137,74,11,14,4,5
book_310a8964515e7114,Come Closer,Sara Gran,openlibrary_work,high,True,236,9,0,0,0,2
book_12985e93d8732efa,Just Another Missing Person,Gillian McAllister,openlibrary_work,high,True,88,0,0,0,0,1
book_cc8ae049ba937799,None of This Is True,Lisa Jewell,openlibrary_work,high,True,199,2,0,0,0,2
book_20c735cbc719eefd,"The Way I Used to Be (The Way I Used to Be, #1)",Amber   Smith,openlibrary_work,high,True,138,12,0,0,0,2
book_4e4a901fbdad5cfd,All the Living and the Dead,Hayley Campbell,openlibrary_work,high,True,231,0,0,0,0,1
book_ce0d0053a7255b3e,One True Loves,Taylor Jenkins Reid,openlibrary_work,high,True,200,8,3,4,0,4
book_52b0f885d0e45ed8,How Not to Drown in a Glass of Water,Angie Cruz,openlibrary_work,high,True,191,6,0,0,0,2
book_ede22ab7b51551cc,If He Had Been with Me,Laura Nowlin,openlibrary_work,high,True,91,18,0,0,0,2
book_13207ce88b3525b7,"A Thousand Boy Kisses (A Thousand Boy Kisses, #1)",Tillie Cole,openlibrary_work,high,True,147,17,0,0,0,2
book_572526a8a30ad4a1,"When She Was Good (Cyrus Haven, #2)",Michael Robotham,openlibrary_work,high,True,87,4,0,0,0,2
book_97b74d3d4369aaa0,The Golden Spoon,Jessa Maxwell,openlibrary_work,high,True,122,0,0,0,0,1
book_586a3c22aeccfb63,"Good Girl, Bad Girl (Cyrus Haven, #1)",Michael Robotham,openlibrary_work,high,True,280,1,0,0,0,2
book_21274ef00cdf91e7,The Spare Room,Andrea Bartz,openlibrary_work,high,True,182,0,0,0,0,1
book_13615b9e62e2ba32,Other Birds,Sarah Addison Allen,openlibrary_work,high,True,130,6,0,0,0,2
book_c223c6f17f364762,Pretty Girls,Karin Slaughter,openlibrary_work,high,True,231,10,0,0,0,2
book_0665b490291e48de,Thirty Nothing,Lisa Jewell,openlibrary_work,high,True,183,0,0,0,0,1
book_ee0b21a7abb0d8ac,What the Neighbors Saw,Melissa Adelman,openlibrary_work,high,True,220,0,0,0,0,1
book_7a2e6bdd09e76de6,"Once Upon a Broken Heart (Once Upon a Broken Heart, #1)",Stephanie Garber,openlibrary_work,high,True,163,15,6,1,0,4
book_054ee1ab88a65d67,After I Do,Taylor Jenkins Reid,openlibrary_work,high,True,231,11,0,0,0,2
book_8ba73e70518b48b5,Zero Days,Ruth Ware,openlibrary_work,high,True,102,2,0,0,0,2
book_2c8f5e440aa42552,The Prisoner,B.A. Paris,openlibrary_work,high,True,159,9,0,0,0,2
book_2818c8fc0e1fe050,The Change,Kirsten Miller,openlibrary_work,high,True,292,0,0,0,0,1
book_20602ecb11295cba,Angel Falls,Kristin Hannah,openlibrary_work,high,True,159,14,0,0,0,2
book_d4b74e5a731787fa,"The Bluff (Calamity Montana, #2)",Willa Nash,title_author,medium,False,170,0,0,0,0,1
book_82d3c45d1bb03754,"The Bribe (Calamity Montana, #1)",Devney Perry,openlibrary_work,high,True,177,11,1,0,0,3
book_c0ff09472d554f7f,The Kind Worth Killing (Henry Kimball/Lily Kintner #1),Peter  Swanson,openlibrary_work,high,True,284,3,0,0,0,2
book_02c257a6025f82bd,"The Perfect Marriage (Perfect, #1)",Jeneva Rose,openlibrary_work,high,True,139,8,2,1,0,4
book_ace9b6920a621f05,The Missing Girl,Kerry McGinnis,openlibrary_work,high,True,285,1,0,0,0,2
book_3aecf037a9f714d0,Midnight at the Blackbird Café,Heather Webber,openlibrary_work,high,True,149,1,0,0,0,2
book_259c2f442d407dea,Leaving Time,Jodi Picoult,openlibrary_work,high,True,127,13,0,0,0,2
book_63d665daca3cb17e,"Icebreaker (Maple Hills, #1)",Hannah  Grace,openlibrary_work,high,True,158,14,0,0,0,2
book_49f1ee41cd8905c7,Black Ties & White Lies (Black Tie Billionaires #1),Kat Singleton,openlibrary_work,high,True,178,13,0,0,0,2
book_878286004aaedf50,Bad Mormon: A Memoir,Heather Gay,title_author,medium,False,236,0,0,0,0,1
book_455cd3c3a9e5869a,Carrie Soto Is Back,Taylor Jenkins Reid,openlibrary_work,high,True,272,6,0,0,0,2
book_b2262ebf4b57de85,Chasing the Boogeyman (The Boogeyman #1),Richard  Chizmar,openlibrary_work,high,True,265,1,0,0,0,2
book_facf1968013aacc2,The Silent Bride,Shalini Boland,openlibrary_work,high,True,170,0,0,0,0,1
book_fe9f9d1439d45180,"This Man (This Man, #1)",Jodi Ellen Malpas,openlibrary_work,high,True,115,4,0,0,0,2
book_5e2751b38c7bbbeb,Push,Nyla K.,openlibrary_work,high,True,400,3,0,0,0,2
book_2b39f852daf04195,I'm Glad My Mom Died,Jennette McCurdy,openlibrary_work,high,True,285,26,1,1,0,4
book_64af63a84b336db9,If This Is Love,Jewel E. Ann,openlibrary_work,high,True,114,1,0,0,0,2
book_f2826a519130c1b8,Two by Two,Nicholas Sparks,openlibrary_work,high,True,169,28,0,3,0,3
book_64e5e45e9c3a6087,The Love of My Life,Rosie Walsh,openlibrary_work,high,True,194,2,0,0,0,2
book_3fc41efd36d45d71,"Beartown (Beartown, #1)",Fredrik Backman,openlibrary_work,high,True,221,17,0,0,0,2
book_c1ab772560bab2c6,Lessons in Chemistry,Bonnie Garmus,openlibrary_work,high,True,184,14,0,0,0,2
book_6f2083d3d5a2ae49,Things I Wish I Told My Mother,Susan  Patterson,openlibrary_work,high,True,176,2,0,0,0,2
book_d22e9d5b9ed29dd0,These Silent Woods,Kimi Cunningham Grant,openlibrary_work,high,True,236,1,0,0,0,2
book_67dca3b56f47f09d,The Last Heir to Blackwood Library,Hester Fox,openlibrary_work,high,True,226,0,0,0,0,1
book_a147327db41b3e06,"The Shadow Girls (Natalie Lockhart, #4)",Alice Blanchard,openlibrary_work,high,True,136,0,0,0,0,1
book_99d2929c824dc27a,The Wheel of Healing with Ayurveda: An Easy Guide to a Healthy Lifestyle,Michelle S. Fondin,openlibrary_work,high,True,202,0,0,0,0,1
book_1b7a3ba6e22eb2c1,And There He Kept Her (Ben Packard #1),Joshua Moehling,openlibrary_work,high,True,221,3,0,1,0,3
book_e07562728e678696,The House in the Pines,Ana  Reyes,openlibrary_work,high,True,271,4,0,0,0,2
book_8cf56b09caff88cd,Daisy Darker,Alice Feeney,openlibrary_work,high,True,155,6,0,0,0,2
book_25e481dd406dfc40,Pretty Happy: Healthy Ways to Love Your Body – Kate Hudson's Authentic Wellness Guide: The Four Pillars for Vibrant Living,Kate  Hudson,openlibrary_work,high,True,251,3,0,0,0,2
book_c04bb890b01cd9b5,Just the Nicest Couple,Mary Kubica,openlibrary_work,high,True,226,0,0,0,0,1
book_5693b1571b97d401,Forever Never,Lucy Score,openlibrary_work,high,True,242,1,0,0,0,2
book_2535a957e3291d41,The Night of Many Endings,Melissa Payne,openlibrary_work,high,True,227,1,0,0,0,2
book_56e682f2c5eefd93,"A Good Girl's Guide to Murder (A Good Girl's Guide to Murder, #1)",Holly  Jackson,openlibrary_work,high,True,94,18,0,0,1,3
book_09fc58c30b900f70,"Bonhoeffer: Pastor, Martyr, Prophet, Spy",Eric Metaxas,openlibrary_work,high,True,353,15,0,0,0,2
book_6d156c0345ab6456,"Surrendering to Hunt (Wyoming Wilde, #2)",Jennifer Ryan,openlibrary_work,high,True,254,0,0,0,0,1
book_dfd2f743da999b35,The Storyteller: Tales of Life and Music,Dave Grohl,openlibrary_work,high,True,263,5,0,0,0,2
book_ff676584e235bf78,The Paper Palace,Miranda Cowley Heller,openlibrary_work,high,True,174,13,0,0,0,2
book_67f6cc9b38c110b6,The Second Husband,Kate White,openlibrary_work,high,True,214,0,0,0,0,1
book_3c2aba99b2637e68,Thank You for Listening,Julia  Whelan,openlibrary_work,high,True,268,0,0,0,0,1
book_101dd86581828fcd,Inside Out & Back Again,Thanhhà Lại,openlibrary_work,high,True,89,51,5,4,2,5
book_4bce980111d660ef,Rest and Be Thankful,Emma Glass,openlibrary_work,high,True,132,3,0,0,0,2
book_81ba4eef78ece9a5,Chase Wilde Comes Home (Wyoming Wilde #1),Jennifer Ryan,openlibrary_work,high,True,237,0,0,0,0,1
book_4b3b801bd67f24e4,The Taster,V.S. Alexander,openlibrary_work,high,True,234,10,0,1,0,3
book_0ea514337b1250aa,"Her Name Is Knight (Nena Knight, #1)",Yasmin Angoe,openlibrary_work,high,True,181,0,0,0,0,1
book_8f84c16913e41252,"The Book Woman's Daughter (The Book Woman of Troublesome Creek, #2)",Kim Michele Richardson,openlibrary_work,high,True,233,2,0,0,0,2
book_85a81e97e52f8c5b,Pandora's Jar: Women in the Greek Myths,Natalie Haynes,title_author,medium,False,186,0,0,0,0,1
book_185a2909ed3965b6,"Tomorrow, and Tomorrow, and Tomorrow",Gabrielle Zevin,openlibrary_work,high,True,252,5,0,0,0,2
book_a4a192ffd7d75bce,All the Dangerous Things,Stacy Willingham,openlibrary_work,high,True,215,0,0,0,0,1
book_3172e42c2becf80e,Spare,Prince Harry,openlibrary_work,high,True,193,6,0,0,0,2
book_01ef173004fa346e,The Ride of a Lifetime: Lessons Learned from 15 Years as CEO of the Walt Disney Company,Robert Iger,title_author,medium,False,380,0,0,0,0,1
book_a7c810c95423b962,Stories I Only Tell My Friends,Rob Lowe,openlibrary_work,high,True,178,6,0,0,0,2
book_de90497bc93cdbf6,"The Wrong Bride (The Windsors, #1)",Catharina Maura,openlibrary_work,high,True,87,0,0,0,0,1
book_0db4ef745ee5e46d,One of Us Is Dead,Jeneva Rose,openlibrary_work,high,True,188,7,0,1,0,3
book_bb0d59603e755f0a,Love and Other Words,Christina Lauren,openlibrary_work,high,True,250,1,0,0,0,2
book_92ce408b7dc8320b,"Exiles (Aaron Falk, #3)",Jane Harper,openlibrary_work,high,True,136,7,0,1,0,3
book_fd85fd77ef6c61d9,Blood Sugar,Sascha Rothchild,openlibrary_work,high,True,203,0,0,0,0,1
book_e702f5548161961d,"There Are No Saints (Sinners, #1)",Sophie Lark,openlibrary_work,high,True,224,1,0,0,0,2
book_6d333ee6fa4397ef,"A Rose for Her Grave and Other True Cases (Crime Files, #1)",Ann Rule,openlibrary_work,high,True,143,13,1,1,1,5
book_5a1ca29306c9631f,Becoming a King: The Path to Restoring the Heart of a Man,Morgan Snyder,openlibrary_work,high,True,317,1,0,0,0,2
book_ef56323542aa4d79,Beyond the Mapped Stars,Rosalyn Eves,openlibrary_work,high,True,141,0,0,0,0,1
book_63e3514c8a67f140,Twenty Years Later,Charlie Donlea,openlibrary_work,high,True,344,0,0,0,0,1
book_7bba6c1b19cbd412,Why We Sleep: Unlocking the Power of Sleep and Dreams,Matthew Walker,openlibrary_work,high,True,338,15,1,0,0,3
book_1b4891d054508f0e,"Harvest Moon (Riverbend, #3)",Denise Hunter,openlibrary_work,high,True,107,0,0,0,0,1
book_2be5f4f97fa30d3c,"Mulberry Hollow (Riverbend, #2)",Denise Hunter,openlibrary_work,high,True,120,0,0,0,0,1
book_2b8a216b548ba818,"Riverbend Gap (Riverbend, #1)",Denise Hunter,openlibrary_work,high,True,221,1,0,0,0,2
book_5dab139d35a25826,"The Summer I Turned Pretty (Summer, #1)",Jenny Han,openlibrary_work,high,True,100,26,0,1,1,4
book_75e23dda3aadb680,Our Missing Hearts,Celeste Ng,openlibrary_work,high,True,234,8,0,0,0,2
book_54db20d784c20e50,Everything Happens for a Reason: And Other Lies I've Loved,Kate Bowler,openlibrary_work,high,True,288,29,0,0,0,2
book_b0242686b1a2b9b9,"The Final Hunt (The Final Hunt, #1)",Audrey J. Cole,openlibrary_work,high,True,94,0,0,0,0,1
book_ce2b088a381bc183,The Last to Let Go,Amber   Smith,openlibrary_work,high,True,175,13,0,0,0,2
book_1d5870d7baf098de,Drowning Erin,Elizabeth O'Roark,openlibrary_work,high,True,117,0,0,0,0,1
book_37c8dd85158350a3,Waking Olivia (The Langstrom Brothers #1),Elizabeth O'Roark,openlibrary_work,high,True,120,0,0,0,0,1
book_cb14ff4039308659,I Have Some Questions for You,Rebecca Makkai,openlibrary_work,high,True,167,2,0,0,0,2
book_fcd7efe8a11d30ca,Looking for Jane,Heather     Marshall,openlibrary_work,high,True,175,0,0,0,0,1
book_8ec1d6b38787dfe7,Mean Baby: A Memoir of Growing Up,Selma Blair,openlibrary_work,high,True,222,2,0,0,0,2
book_83fc312ccbfda6ba,"Madly, Deeply: The Diaries of Alan Rickman",Alan Rickman,openlibrary_work,high,True,232,6,0,0,0,2
book_6a83b99b660e323a,Why Has Nobody Told Me This Before?,Julie      Smith,openlibrary_work,high,True,186,9,0,0,0,2
book_3fb5a9b70ff12d96,"Twisted Hate (Twisted, #3)",Ana Huang,openlibrary_work,high,True,243,14,2,0,0,3
book_ce58923445136e8b,"Delilah Green Doesn't Care (Bright Falls, #1)",Ashley Herring Blake,openlibrary_work,high,True,259,18,2,1,0,4
book_454f146c813b3481,More Than You'll Ever Know,Katie  Gutierrez,openlibrary_work,high,True,198,0,0,0,0,1
book_f09fb9fe28a27e9b,The It Girl,Ruth Ware,openlibrary_work,high,True,173,2,0,0,0,2
book_91c259c25f6f29e1,The Hotel Nantucket,Elin Hilderbrand,openlibrary_work,high,True,164,6,0,0,0,2
book_a8b89b58b89a74da,Nightcrawling,Leila Mottley,openlibrary_work,high,True,121,14,0,0,0,2
book_43b3bf7032efabaf,Notes on an Execution,Danya Kukafka,openlibrary_work,high,True,262,14,0,0,0,2
book_b7bfbd9a0b3185bd,The One Hundred Years of Lenni and Margot,Marianne Cronin,openlibrary_work,high,True,193,1,0,0,0,2
book_5b8dd3d6a40646c2,"Friends, Lovers, and the Big Terrible Thing",Matthew  Perry,openlibrary_work,high,True,284,7,0,0,0,2
book_a8035bfb338aa018,Now Is Not the Time to Panic,Kevin    Wilson,openlibrary_work,high,True,283,0,0,0,0,1
book_41c10bddf89a7c1c,Wonderland,Jennifer Hillier,openlibrary_work,high,True,280,1,0,0,0,2
book_1fd429b208cfb141,Still Alice,Lisa Genova,openlibrary_work,high,True,134,39,5,8,1,5
book_63c667a7c12c618a,The Paris Apartment,Lucy Foley,openlibrary_work,high,True,188,9,0,0,0,2
book_0898917b08bab36d,Daisy Jones & The Six,Taylor Jenkins Reid,openlibrary_work,high,True,235,16,0,0,0,2
book_6461d960ce500f76,"Promises and Pomegranates (Monsters & Muses, #1)",Sav R. Miller,openlibrary_work,high,True,270,2,0,0,0,2
book_3670577207adfb26,Tell Me Lies,Carola Lovering,openlibrary_work,high,True,292,5,0,0,0,2
book_3e0519735898005a,"How Are You, Really?: Living Your Truth One Answer at a Time – The NYT Bestselling Guide for Women Finding Balance and Joy",Jenna Kutcher,title_author,medium,False,371,0,0,0,0,1
book_4d8acd3c8bec90c7,The Forest of Vanishing Stars,Kristin Harmel,openlibrary_work,high,True,194,1,0,0,0,2
book_8290de3b13b90157,"Good Morning, Monster: A Therapist Shares Five Heroic Stories of Emotional Recovery",Catherine Gildiner,openlibrary_work,high,True,176,8,0,0,0,2
book_6cd8100e38db8d3b,Mad Honey,Jodi Picoult,openlibrary_work,high,True,246,4,0,0,0,2
book_92112e0dea9ab645,We Are the Light,Matthew Quick,openlibrary_work,high,True,191,2,0,0,0,2
book_41a621d43f484a67,Unfollowers: Unlikely Lessons on Faith from Those Who Doubted Jesus,Derek Cooper,openlibrary_work,high,True,147,3,1,0,0,3
book_3e503f0c7a508749,Unfollowers (Juniper Prize for Fiction),Leigh Ann Ruggiero,openlibrary_work,high,True,150,8,0,0,0,2
book_0a40d32abc117701,Wrong Place Wrong Time,Gillian McAllister,openlibrary_work,high,True,173,3,0,0,0,2
book_529397abc82bf5f6,The Complete Anti-Inflammatory Diet for Beginners: A No-Stress Meal Plan with Easy Recipes to Heal the Immune System,Dorothy Calimeris,openlibrary_work,high,True,89,10,0,0,0,2
book_21d9877bb0e60449,"In the Weeds (Lovelight, #2)",B.K. Borison,openlibrary_work,high,True,247,9,0,0,0,2
book_e72b04553876bd79,The Butcher,Jennifer Hillier,openlibrary_work,high,True,180,11,0,0,0,2
book_a9208496f884162a,The Widow,Kaira Rouda,isbn,high,False,171,0,0,0,0,1
book_d6187153151b1008,The Killing Song (Dr. Jo McCready #2),Lesley Mcevoy,openlibrary_work,high,True,186,0,0,0,0,1
book_85f785b9f2c1c2fb,The Quarry Girls,Jess Lourey,openlibrary_work,high,True,158,8,0,1,1,4
book_4625bd3a03631663,The House Across the Lake,Riley Sager,openlibrary_work,high,True,185,5,0,0,0,2
book_9ab2eb517df83274,True Heart Intuitive Tarot,Rachel True,openlibrary_work,high,True,171,0,0,0,0,1
book_7db21b147d2cc5ad,The Happiness Advantage: The Seven Principles of Positive Psychology That Fuel Success and Performance at Work,Shawn Achor,openlibrary_work,high,True,380,15,0,0,0,2
book_446a414264c8ad2f,Shiver,Allie Reynolds,openlibrary_work,high,True,115,1,0,0,0,2
book_7f73cd74468b7419,The Stranger in the Mirror,Liv Constantine,openlibrary_work,high,True,171,6,0,0,0,2
book_cb70b48c446a1a31,"Let Me Love You (All of Me, #2)",Siobhan     Davis,openlibrary_work,high,True,67,0,0,0,0,1
book_3aed8d4020aefaa2,No Cure for Being Human: (And Other Truths I Need to Hear),Kate Bowler,openlibrary_work,high,True,218,2,0,0,0,2
book_c2bcf5586e94678d,The Idea of You,Robinne Lee,openlibrary_work,high,True,188,9,0,0,0,2
book_cd9271f74976242c,Say I'm the One (All of Me Duet #1),Siobhan     Davis,openlibrary_work,high,True,354,1,0,0,0,2
book_57a5d8b3a1a9f3ee,The Night Shift,Alex Finlay,openlibrary_work,high,True,212,0,0,0,0,1
book_1a5d50c255dd4013,"Archer's Voice (Where Love Meets Destiny, #1)",Mia Sheridan,openlibrary_work,high,True,123,24,2,0,0,3
book_b73b2421f9ca4aa6,"Buy Yourself the F*cking Lilies: And Other Rituals to Fix Your Life, from Someone Who's Been There",Tara Schuster,openlibrary_work,high,True,279,2,0,0,0,2
book_e216f70e6a8c1cd8,The Book of Essie,Meghan MacLean Weir,openlibrary_work,high,True,211,11,0,0,0,2
book_237a351a52904079,Hidden Pictures,Jason Rekulak,openlibrary_work,high,True,238,7,4,1,0,4
book_8fb873168c5abad4,The Lost Girls of Willowbrook,Ellen Marie Wiseman,openlibrary_work,high,True,224,2,0,0,0,2
book_ffb3cae407478e01,This Might Hurt,Stephanie Wrobel,openlibrary_work,high,True,230,1,0,0,0,2
book_f4165215fa77363e,"This Vicious Grace (The Last Finestra, #1)",Emily Thiede,openlibrary_work,high,True,163,0,0,0,0,1
book_c417fae0cff721d1,We Are the Ants,Shaun David Hutchinson,openlibrary_work,high,True,226,17,0,0,0,2
book_583a38de49f7ed15,Poster Girl,Veronica Roth,openlibrary_work,high,True,203,0,0,0,0,1
book_5d5d180d6803bfad,Birds of California,Katie Cotugno,openlibrary_work,high,True,218,0,0,0,0,1
book_69d148397907b790,Just Another Love Song,Kerry Winfrey,openlibrary_work,high,True,203,0,0,0,0,1
book_5a1dbea53d87d13c,The Seven Husbands of Evelyn Hugo,Taylor Jenkins Reid,openlibrary_work,high,True,180,19,0,0,0,2
book_8296a46007f60554,"More Than A Body: Your Body Is an Instrument, Not an Ornament – A Research-Backed Health and Wellness Guide for Empowerment and Confidence",Lexie Kite,openlibrary_work,high,True,257,1,0,0,0,2
book_627f68eef92fc125,Quit Like a Woman: The Radical Choice to Not Drink in a Culture Obsessed with Alcohol,Holly Whitaker,openlibrary_work,high,True,394,10,0,0,0,2
book_a29929e83cfb67ba,The Measure,Nikki Erlick,openlibrary_work,high,True,221,7,0,0,0,2
book_4ed5f8050538c69c,The Book of Cold Cases,Simone St. James,openlibrary_work,high,True,234,3,0,0,0,2
book_a21a00fd4cc1b678,The Younger Wife,Sally Hepworth,openlibrary_work,high,True,122,0,0,0,0,1
book_e2167083ff2ad4d4,"A Return to Love: Reflections on the Principles of ""A Course in Miracles""",Marianne Williamson,openlibrary_work,high,True,115,5,0,0,0,2
book_d8eba6dbf7c4e4f1,Does It Hurt?,H.D. Carlton,openlibrary_work,high,True,213,10,0,0,0,2
book_e01818d7005576b5,Release (Release #1),Aly Martinez,openlibrary_work,high,True,168,0,0,0,0,1
book_6cc62b5d8c8b61bc,"The Fourth Monkey (4MK Thriller, #1)",J.D. Barker,openlibrary_work,high,True,91,2,0,0,0,2
book_e58549f13ea9b917,The Book of Lost Names,Kristin Harmel,openlibrary_work,high,True,321,10,0,0,0,2
book_558fcd603f7b19c1,"The Finish Line (The Ravenhood, #3)",Kate  Stewart,openlibrary_work,high,True,172,0,0,0,0,1
book_1ef72dbad0bf0ab2,You Are What You Eat: The Plan That Will Change Your Life,Gillian McKeith,openlibrary_work,high,True,134,4,0,0,0,2
book_55ba9778dd1fd126,Where the Forest Meets the Stars,Glendy Vanderah,openlibrary_work,high,True,251,2,0,0,0,2
book_c3c1370009c23418,"Exodus (The Ravenhood Duet, #2)",Kate  Stewart,openlibrary_work,high,True,244,0,0,0,0,1
book_8dccd0279eadc6e2,"Flock (The Ravenhood, #1)",Kate  Stewart,openlibrary_work,high,True,253,0,0,0,0,1
book_a2d0212c70b88020,The Murder Mile,Lesley Mcevoy,openlibrary_work,high,True,159,1,0,0,0,2
book_8e9750570c25c554,We Should All Be Feminists,Chimamanda Ngozi Adichie,openlibrary_work,high,True,184,32,1,1,0,4
book_df1bcaf064fb6c91,The Four Agreements: A Practical Guide to Personal Freedom,Miguel Ruiz,title_author,medium,False,1,0,0,0,0,1
book_a82de4d44acb5509,All Rhodes Lead Here,Mariana Zapata,openlibrary_work,high,True,63,1,0,0,0,2
book_84b5c533832a14ce,Unmasked: My Life Solving America's Cold Cases,Paul Holes,openlibrary_work,high,True,381,2,0,0,0,2
book_a0102ee39cb43e2c,The Perfect Stranger,Megan Miranda,openlibrary_work,high,True,213,27,0,0,0,2
book_f2674b76fac3f6aa,My Wife is Missing,D.J.  Palmer,openlibrary_work,high,True,263,2,0,0,0,2
book_570413ab74290689,You Are What You Love: The Spiritual Power of Habit | Examining How Culture Shapes Us | Deepening Discipleship through Christian Practices,James K.A. Smith,openlibrary_work,high,True,231,3,0,0,0,2
book_bd5e56dec0c22b06,Girls of Brackenhill,Kate Moretti,openlibrary_work,high,True,193,1,0,0,0,2
book_f45f7d9cd2d199b9,Before We Were Yours,Lisa Wingate,openlibrary_work,high,True,269,23,0,0,0,2
book_e1bbe589cd6b29b6,Her Final Words,Brianna Labuskes,openlibrary_work,high,True,148,0,0,0,0,1
book_13da1624c2c88cc5,"Trust No One (Devlin & Falco, #1)",Debra Webb,openlibrary_work,high,True,174,0,0,0,0,1
book_c4c36f99b0cfb519,The Vanishing Half,Brit Bennett,openlibrary_work,high,True,269,28,4,6,2,5
book_8526c391c4af233f,Fly Away (Firefly Lane #2),Kristin Hannah,openlibrary_work,high,True,371,11,0,0,0,2
book_3df6374880e49464,Cowboy Summer (Blue Sky Cowboys #1),Joanne Kennedy,openlibrary_work,high,True,227,0,0,0,0,1
book_cad89cc10ca03163,The Great Alone,Kristin Hannah,openlibrary_work,high,True,312,25,0,1,0,3
book_122817454942e78e,Goodnight June,Sarah Jio,openlibrary_work,high,True,114,12,1,0,0,3
book_a37cae3235a3bd6d,Seven Days in June,Tia Williams,openlibrary_work,high,True,256,12,0,0,0,2
book_5f66b229ede68a95,"Before She Disappeared (Frankie Elkin, #1)",Lisa Gardner,openlibrary_work,high,True,171,7,0,0,0,2
book_7246d79761aa6cf7,Do Not Disturb,Freida McFadden,openlibrary_work,high,True,180,8,2,0,0,3
book_02468e6a5c0914be,Behind Her Eyes,Sarah Pinborough,openlibrary_work,high,True,259,18,0,1,1,4
book_6a5231c729d2ebbe,The Stranger in the Lifeboat,Mitch Albom,openlibrary_work,high,True,293,12,0,0,0,2
book_cb241db4b5c5be25,June First,Jennifer Hartmann,openlibrary_work,high,True,544,0,0,0,0,1
book_b7d7f4a22225c80e,Insomnia,Sarah Pinborough,openlibrary_work,high,True,199,0,0,0,0,1
book_3edf054a871bb041,The Last One Home,Victoria Helen Stone,openlibrary_work,high,True,175,0,0,0,0,1
book_d9df6c4e03dc7ca5,We Were Never Here,Andrea Bartz,openlibrary_work,high,True,219,6,0,0,0,2
book_593e7588610527e1,Wish You Were Here,Jodi Picoult,openlibrary_work,high,True,301,7,0,0,0,2
book_72fdf3162ded1470,"Wolf Bait (Wolf Cove, #1)",Nina  West,openlibrary_work,high,True,226,0,0,0,0,1
book_53eaad48e0395380,Booth,Karen Joy Fowler,openlibrary_work,high,True,197,15,0,0,0,2
book_38d2c6fd89cfa7ed,"One Step Too Far (Frankie Elkin, #2)",Lisa Gardner,openlibrary_work,high,True,121,5,0,0,0,2
book_79f14827fc8707db,An Intentional Life: A Life-Giving Invitation to Uncover Your Passions and Unlock Your Purpose,Karen Stott,isbn,high,False,40,0,0,0,0,1
book_26c45446d2b85ad8,Unmissing,Minka Kent,openlibrary_work,high,True,178,0,0,0,0,1
book_a6ea7ab1e699fbe7,The Stillwater Girls,Minka Kent,openlibrary_work,high,True,219,3,0,0,0,2
book_e5c7ae6c7336a6d0,The Thinnest Air,Minka Kent,openlibrary_work,high,True,172,7,0,0,0,2
book_386ae17bd9c095e7,The Memory Watcher,Minka Kent,openlibrary_work,high,True,124,9,0,0,0,2
book_c408d89d9941d63c,Think Like a Monk: Train Your Mind for Peace and Purpose Every Day,Jay Shetty,openlibrary_work,high,True,439,11,1,1,1,5
book_111c8b40130c9ddc,His & Hers,Alice Feeney,openlibrary_work,high,True,100,5,0,0,0,2
book_ccd8698693662b9d,The Golden Couple,Greer Hendricks,openlibrary_work,high,True,143,2,0,0,0,2
book_49da0fbc8904e2f5,"Chasing Cupcakes: How One Broke, Fat Girl Transformed Her Life (and How You Can, Too)",Elizabeth Benton,isbn,high,False,135,0,0,0,0,1
book_6440c5340fac28b6,"The Anti-Anxiety Diet: A Whole Body Programme to Stop Racing Thoughts, Banish Worry and Live Panic-Free",Ali Miller,openlibrary_work,high,True,178,4,0,0,0,2
book_9a7cdd250745ac52,"Things We Never Got Over (Knockemout, #1)",Lucy Score,openlibrary_work,high,True,207,15,0,0,0,2
book_8af844980f2def3c,The Wish,Nicholas Sparks,openlibrary_work,high,True,192,6,0,0,0,2
book_de78ebde01fa03ab,Like Me,Hayley Phelan,openlibrary_work,high,True,212,1,0,0,0,2
book_87db0c75b3c43357,The Drowning Kind,Jennifer  McMahon,openlibrary_work,high,True,181,1,0,0,0,2
book_8ae43cf8fd4d10de,Breaking Free from Body Shame: Dare to Reclaim What God Has Named Good,Jess Connolly,openlibrary_work,high,True,236,1,0,0,0,2
book_4a0d725d3c3163f4,The Lobotomist's Wife,Samantha Greene Woodruff,openlibrary_work,high,True,195,11,3,3,4,5
book_c0ec829b897d9d32,The Longest Ride,Nicholas Sparks,openlibrary_work,high,True,310,22,0,1,0,3
book_6825f26499202e53,Before I Go to Sleep,S.J. Watson,openlibrary_work,high,True,269,0,0,0,0,1
book_61f4edce0fe7bbca,The Sweetness of Forgetting,Kristin Harmel,openlibrary_work,high,True,182,9,0,0,0,2
book_14237994881b573b,Local Woman Missing,Mary Kubica,openlibrary_work,high,True,122,1,0,0,0,2
book_6fef5e1082ea9698,Reminders of Him,Colleen Hoover,openlibrary_work,high,True,181,1,0,0,0,2
book_eb2ef3384ac32906,The Night She Disappeared,Lisa Jewell,openlibrary_work,high,True,107,3,0,0,0,2
book_c64ce0af8ab5871f,"Fortuity (Transcend, #3)",Jewel E. Ann,openlibrary_work,high,True,155,0,0,0,0,1
book_12750e8e69eabcf8,"Epoch (Transcend, #2)",Jewel E. Ann,openlibrary_work,high,True,133,0,0,0,0,1
book_4fb4deb1952c90c9,"Find Me (Ellie Hatcher, #6)",Alafair Burke,openlibrary_work,high,True,345,0,0,0,0,1
book_5206aab3425d320f,"Baking Me Crazy (Love at First Sight, #1)",Karla Sorensen,openlibrary_work,high,True,167,0,0,0,0,1
book_45e80edc94d9ee4d,Transcend (Transcend #1),Jewel E. Ann,openlibrary_work,high,True,141,1,0,0,0,2
book_7f0415bb13fb2a5e,All Grown Up,Vi Keeland,openlibrary_work,high,True,303,0,0,0,0,1
book_fd4e9ffd662f4f01,"The Secret (The Secret, #1)",Rhonda Byrne,openlibrary_work,high,True,207,14,0,0,0,2
book_f25634320043a99a,8 Weeks to Optimum Health: A Proven Program for Taking Full Advantage of Your Body's Natural Healing Power,Andrew Weil,isbn,high,False,222,0,0,0,0,1
book_665e36c1670ded5f,Shattered Dreams: God's Unexpected Path to Joy,Larry Crabb,isbn,high,False,146,0,0,0,0,1
book_2794da8e46c683c1,The Forbidden Man,Karina Halle,openlibrary_work,high,True,238,0,0,0,0,1
book_ad3ea3e5d0acb641,"The Lazy Genius Way: Embrace What Matters, Ditch What Doesn't, and Get Stuff Done",Kendra Adachi,title_author,medium,False,271,0,0,0,0,1
book_e0399b8c2bdc9a57,"Alone (Detective D.D. Warren, #1)",Lisa Gardner,openlibrary_work,high,True,347,13,0,3,0,3
book_692e341230a22e04,"The Lost Fisherman (Fisherman, #2)",Jewel E. Ann,openlibrary_work,high,True,62,1,0,0,0,2
book_63f8d073507dc097,"The Naked Fisherman (Fisherman, #1)",Jewel E. Ann,openlibrary_work,high,True,103,1,0,0,0,2
book_a466aa2e7c3ad194,I'll Give You the Sun,Jandy Nelson,openlibrary_work,high,True,171,50,0,1,0,3
book_ca655cae204e6054,"You Love Me (You, #3)",Caroline Kepnes,openlibrary_work,high,True,171,13,0,0,0,2
book_eb8493e9ac6bc400,The Joy of Missing Out: Live More by Doing Less,Tanya Dalton,openlibrary_work,high,True,136,0,0,0,0,1
book_d0596a18fe3ad688,Her Last Hope,Louise Guy,openlibrary_work,high,True,163,0,0,0,0,1
book_b307461b4eb7e958,Falling,T.J. Newman,openlibrary_work,high,True,65,4,0,0,0,2
book_b0bdb38142df7c39,The Ghostwriter,A.R. Torre,title_author,medium,False,104,0,0,0,0,1
book_06e60dae7d62a1cb,Rock Paper Scissors,Alice Feeney,openlibrary_work,high,True,166,6,0,0,0,2
book_2fe96e65b976731c,"Hidden Bodies (You, #2)",Caroline Kepnes,openlibrary_work,high,True,208,3,0,0,0,2
book_03fddff55633b464,"You (You, #1)",Caroline Kepnes,openlibrary_work,high,True,152,4,0,0,0,2
book_c7529aa8b4aae276,What's Left Unsaid,Emily Bleeker,openlibrary_work,high,True,209,1,0,0,0,2
book_53692b4014a3945f,The Best of Friends,Lucinda Berry,openlibrary_work,high,True,143,0,0,0,0,1
book_60c34104a1621021,One Year Gone,Avery Bishop,openlibrary_work,high,True,177,1,0,0,0,2
book_b3f7ef5ec4bf9498,The Casanova (The Miles High Club #3),T.L. Swan,isbn,high,False,233,0,0,0,0,1
book_447ce4a5925dc2c8,Every Last Secret,A.R. Torre,isbn,high,False,177,0,0,0,0,1
book_dd173f4b9f9e8515,"The Drowned Girls (Angie Pallorino, #1)",Loreth Anne White,openlibrary_work,high,True,217,3,0,0,0,2
book_19eaf0f1080d3153,The Good Lie,A.R. Torre,isbn,high,False,196,0,0,0,0,1
book_14df3cb15cc56ec5,"Riding Hard (Bennett Boys Ranch, #2)",Lauren Landish,openlibrary_work,high,True,221,1,0,0,0,2
book_31d19e5ca6690757,"Buck Wild (Bennett Boys Ranch, #1)",Lauren Landish,openlibrary_work,high,True,175,1,0,0,0,2
book_59eafa28cf33152f,The Guilty Husband,Stephanie DeCarolis,openlibrary_work,high,True,183,6,0,0,0,2
book_9a401d4eb8d099bd,"The Darkest Flower (Allison Barton, #1)",Kristin Wright,openlibrary_work,high,True,195,1,0,0,0,2
book_bffcf26d4969eac8,Girls of Glass,Brianna Labuskes,openlibrary_work,high,True,160,2,0,0,0,2
book_0252645051558904,It Ends with Her,Brianna Labuskes,openlibrary_work,high,True,118,1,0,0,0,2
book_f5efeebf3ef34eeb,"A Familiar Sight (Dr. Gretchen White, #1)",Brianna Labuskes,openlibrary_work,high,True,177,1,0,0,0,2
book_2c1f3355bcde0958,The Next Wife,Kaira Rouda,isbn,high,False,174,0,0,0,0,1
book_926fb4c2a8932013,The Perfect Marriage,Adam Mitzner,openlibrary_work,high,True,139,0,0,0,0,1
book_f6ab898547df100a,The Family Next Door,Sally Hepworth,openlibrary_work,high,True,163,6,0,0,0,2
book_45311bc5c48f171f,Find Me Alastar,T.L. Swan,title_author,medium,False,140,0,0,0,0,1
book_434bab2cc080d5b1,The Good Sister,Sally Hepworth,openlibrary_work,high,True,185,16,0,0,0,2
book_842c3aecb4c93d6d,Her Dark Lies,J.T. Ellison,openlibrary_work,high,True,129,4,0,0,0,2
book_653a7c95dc59ffde,"Mr. Spencer (Mr. Series, #2)",T.L. Swan,title_author,medium,False,204,0,0,0,0,1
book_8f17572f8654c5dc,"Mr. Masters (Mr. Series, #1)",T.L. Swan,title_author,medium,False,162,0,0,0,0,1
book_b53408bec6d7069b,"Dirty Like Me (Dirty, #1)",Jaine Diamond,openlibrary_work,high,True,216,0,0,0,0,1
book_eabb96180484d51a,"Finlay Donovan Is Killing It (Finlay Donovan, #1)",Elle Cosimano,openlibrary_work,high,True,197,11,0,0,0,2
book_a2d532462076f4ff,All the Ugly and Wonderful Things,Bryn Greenwood,openlibrary_work,high,True,183,12,0,0,0,2
book_1e95ff167ba8ea18,I Let You Go,Clare Mackintosh,openlibrary_work,high,True,109,13,0,0,0,2
book_52df238548290730,"Chain of Gold (The Last Hours, #1)",Cassandra Clare,openlibrary_work,high,True,194,8,6,1,1,5
book_6df6f34514dd248e,"Chain of Iron (The Last Hours, #2)",Cassandra Clare,openlibrary_work,high,True,221,6,0,0,0,2
book_a2e256abcd126921,"One of Us Is Lying (One of Us is Lying, #1)",Karen M. McManus,openlibrary_work,high,True,191,21,0,1,0,3
book_dae8e1ead6858a28,"Pride, Prejudice, and Other Flavors (The Rajes, #1)",Sonali Dev,openlibrary_work,high,True,241,1,0,0,0,2
book_dc7df1365a56e239,"Recipe for Persuasion (The Rajes, #2)",Sonali Dev,openlibrary_work,high,True,278,3,0,0,0,2
book_d7da049fde6481d2,Moonshine & Murder (Moonshine Hollow #1),Kathleen Brooks,openlibrary_work,high,True,176,0,0,0,0,1
book_a8018ab220848c7c,The Takeover (The Miles High Club #2),T.L. Swan,isbn,high,False,190,0,0,0,0,1
book_3d768b2a24cd3283,"City of Sin (Men of Manhattan, #1)",Ivy Smoak,openlibrary_work,high,True,207,0,0,0,0,1
book_15232cd598ed4e5e,"The Rogue (The Moorehouse Legacy, #4)",Jessica Bird,openlibrary_work,high,True,178,1,0,0,0,2
book_b4621b5dee590de2,In Five Years,Rebecca Serle,openlibrary_work,high,True,266,9,0,0,0,2
book_4d8bcfaf58f69d53,"The Shop on Blossom Street (Blossom Street, #1)",Debbie Macomber,openlibrary_work,high,True,188,11,4,2,2,5
book_ffab2db1886b00a9,FDR,Jean Edward Smith,openlibrary_work,high,True,384,8,1,1,0,4
book_e10d9a1b78d16d10,"The Renegade (The Moorehouse Legacy, #3)",J.R. Ward,openlibrary_work,high,True,121,0,0,0,0,1
book_90c5b294dcafb63e,The Last House Guest,Megan Miranda,openlibrary_work,high,True,227,5,0,0,0,2
book_809e6ceb0dda967d,Too Good to Be True,Carola Lovering,openlibrary_work,high,True,218,1,0,0,0,2
book_5c74bdc35b224aba,"The Player (The Moorehouse Legacy, #2)",J.R. Ward,openlibrary_work,high,True,173,0,0,0,0,1
book_99688c70dd9e2bf5,"The Rebel (The Moorehouse Legacy, #1)",J.R. Ward,openlibrary_work,high,True,151,0,0,0,0,1
book_5f28859ea5f3c66a,"Case Histories (Jackson Brodie, #1)",Kate Atkinson,openlibrary_work,high,True,119,25,0,2,0,3
book_aee4bbedba90ef72,Share Your Stuff. I'll Go First: 10 Questions to Take Your Friendships to the Next Level,Laura Tremaine,openlibrary_work,high,True,245,1,0,0,0,2
book_4dc73f96322a5d40,"The Night Swim (Rachel Krall, #1)",Megan Goldin,openlibrary_work,high,True,231,1,0,0,0,2
book_4da22e63c78b0ac0,"Yes & I Love You (Say Everything, #1)",Roni Loren,openlibrary_work,high,True,137,1,0,0,0,2
book_d9a1913205dc49bd,"The Searcher (Cal Hooper, #1)",Tana French,openlibrary_work,high,True,91,17,0,0,0,2
book_7e75fbf87683973b,Getting Lucky Number Seven (Taking Shots #1),Cindi Madsen,openlibrary_work,high,True,120,1,0,0,0,2
book_ae2e903a589e6eb2,"This Is Love (The Light to My Darkness #3) (The Haunted, #8)",Ivy Smoak,openlibrary_work,high,True,142,0,0,0,0,1
book_04ee9d180631b5d6,Rethinking Positive Thinking: Inside the New Science of Motivation,Gabriele Oettingen,openlibrary_work,high,True,444,4,0,0,0,2
book_f086e53fdf6787e2,A Whirlwind of Color (The Light to My Darkness #2),Ivy Smoak,openlibrary_work,high,True,35,0,0,0,0,1
book_d1197d1000cc3a4d,The Woman in the Window,A.J. Finn,title_author,medium,False,110,0,0,0,0,1
book_c0e8fbcea2562b47,The Light to My Darkness (The Light to My Darkness #1),Ivy Smoak,openlibrary_work,high,True,154,0,0,0,0,1
book_547b04f2aee0a93b,Home Before Dark,Riley Sager,openlibrary_work,high,True,278,21,6,1,0,4
book_38ecbe16184bb21b,The New Husband,D.J.  Palmer,openlibrary_work,high,True,237,3,0,0,0,2
book_fe59826cb86b5599,"Love & Olives (Love & Gelato, #3)",Jenna Evans Welch,openlibrary_work,high,True,220,7,0,0,0,2
book_be14474819652384,"Love & Luck (Love & Gelato, #2)",Jenna Evans Welch,openlibrary_work,high,True,178,13,0,1,0,3
book_f391df8d8f0a31a6,The Master (The Game Maker #2),Kresley Cole,openlibrary_work,high,True,167,16,0,0,0,2
book_7202030fe25625cc,All the Missing Girls,Megan Miranda,openlibrary_work,high,True,261,12,0,0,0,2
book_259e1be37b7f9735,If Life Were Easy It Wouldn't Be Hard,Sheri Dew,openlibrary_work,high,True,136,1,0,0,0,2
book_f1da284e4dead2fa,"The Professional (The Game Maker, #1)",Kresley Cole,openlibrary_work,high,True,199,7,0,1,0,3
book_2b09eb5d5744d362,"Lies, Lies, Lies",Adele Parks,openlibrary_work,high,True,137,5,0,0,0,2
book_ee5be9afe3aa3eaf,Reasons to Stay Alive,Matt Haig,openlibrary_work,high,True,204,20,1,1,0,4
book_e10ddabee7463825,One by One,Ruth Ware,openlibrary_work,high,True,118,4,0,0,0,2
book_e5e58383fa41fa2e,Making Marriage Simple: Ten Relationship-Saving Truths,Harville Hendrix,title_author,medium,False,240,0,0,0,0,1
book_f3875c6986a801da,The Untethered Soul: The Journey Beyond Yourself,Michael A. Singer,title_author,medium,False,213,0,0,0,0,1
book_2ea5697fe1da1d22,An Accusation,Wendy James,openlibrary_work,high,True,190,0,0,0,0,1
book_ca32ad130908b22a,Then She Was Gone,Lisa Jewell,openlibrary_work,high,True,140,23,0,0,0,2
book_813d00ded207eea4,The 7-Day Christian: How Living Your Beliefs Every Day Can Change the World,Brad Wilcox,openlibrary_work,high,True,120,1,0,0,0,2
book_54d1b45f9d97b907,"A Very Bossy Christmas (Very Holiday, #1)",Kayley Loring,openlibrary_work,high,True,212,1,0,0,0,2
book_836ee4449dd2e0c2,"Necessary Lies (Necessary Lies, #1)",Diane Chamberlain,openlibrary_work,high,True,225,14,0,2,0,3
book_058faebc31b0108a,Golden Answers: Why We Need the Book of Mormon,John Bytheway,isbn,high,False,88,0,0,0,0,1
book_ad1ce5209171b04f,The Theft of America’s Soul: Blowing the Lid Off the Lies That Are Destroying Our Country,Phil Robertson,openlibrary_work,high,True,321,0,0,0,0,1
book_b0653a55f9063c2d,Lock Every Door,Riley Sager,openlibrary_work,high,True,215,13,0,0,0,2
book_e7739ea5a280601d,I'll Be Gone in the Dark: One Woman's Obsessive Search for the Golden State Killer,Michelle McNamara,openlibrary_work,high,True,57,12,0,1,0,3
book_55cc04e85ddebc89,How Do I Know If I Know?,John Bytheway,openlibrary_work,high,True,10,7,0,0,0,2
book_127409f62af6ae74,How to Be a Good Wife,Emma  Chapman,openlibrary_work,high,True,167,10,0,0,0,2
book_20d96cf809caf4aa,Greenlights,Matthew McConaughey,openlibrary_work,high,True,301,11,0,0,0,2
book_686223032243a23c,25 Days 'Til Christmas,Poppy Alexander,openlibrary_work,high,True,216,1,0,0,0,2
book_91fc0600d96c9afb,Without Merit,Colleen Hoover,openlibrary_work,high,True,190,6,0,0,0,2
book_a60fefb106ffabd8,Didn't See That Coming: Putting Life Back Together When Your World Falls Apart,Rachel Hollis,openlibrary_work,high,True,227,2,0,0,0,2
book_6aef027d248e2c3a,Pretty Things,Janelle Brown,openlibrary_work,high,True,261,5,0,0,0,2
book_62005339c5ba5fdf,The Wife Who Knew Too Much,Michele Campbell,openlibrary_work,high,True,135,1,0,0,0,2
book_c7359e5991c94638,"It Ends with Us (It Ends with Us, #1)",Colleen Hoover,openlibrary_work,high,True,205,2,0,0,0,2
book_475437c23206020a,The Return,Nicholas Sparks,openlibrary_work,high,True,301,4,0,0,0,2
book_67b16a2802d09493,"Sin and Ink (Sweetest Taboo, #1)",Naima Simone,openlibrary_work,high,True,109,0,0,0,0,1
book_c9906f00fcf94809,A Stranger on the Beach,Michele Campbell,openlibrary_work,high,True,148,7,0,0,0,2
book_84ccb10c89487871,She Was the Quiet One,Michele Campbell,openlibrary_work,high,True,156,5,0,0,0,2
book_d60c5b3ea4323cee,It's Always the Husband,Michele Campbell,openlibrary_work,high,True,102,5,0,0,0,2
book_2e30a8e5bcf22902,"Committed (Betrothed, #4)",Penelope Sky,openlibrary_work,high,True,216,0,0,0,0,1
book_d2ee32066d9a8531,Lover (Betrothed #3),Penelope Sky,openlibrary_work,high,True,49,0,0,0,0,1
book_242b0065d927a8b4,Husband (Betrothed #2),Penelope Sky,openlibrary_work,high,True,106,0,0,0,0,1
book_296127a471dbf25f,The Wife,Alafair Burke,openlibrary_work,high,True,263,1,0,0,0,2
book_85fd645a6326ab04,"Wife (Betrothed, #1)",Penelope Sky,openlibrary_work,high,True,130,5,0,0,0,2
book_76d4a9e31e1b0516,"Fractured (Will Trent, #2)",Karin Slaughter,openlibrary_work,high,True,130,43,0,3,0,3
book_25e23d1df6409a30,"Maybe Now (Maybe, #2)",Colleen Hoover,openlibrary_work,high,True,157,7,0,0,0,2
book_2bd5821dbecd5282,"Maybe Someday (Maybe, #1)",Colleen Hoover,openlibrary_work,high,True,117,14,0,0,0,2
book_b75f59cf5d9c88e1,"Triptych (Will Trent, #1)",Karin Slaughter,openlibrary_work,high,True,205,16,0,1,0,3
book_caa04db30fdca072,This Secret Thing,Marybeth Mayhew Whalen,openlibrary_work,high,True,181,0,0,0,0,1
book_1a93f13983228597,The Marriage Lie,Kimberly Belle,openlibrary_work,high,True,173,11,0,0,0,2
book_fe60fc916dec7731,Little Secrets,Jennifer Hillier,openlibrary_work,high,True,289,6,0,0,0,2
book_4d753b2ba02d5415,Dear Wife,Kimberly Belle,openlibrary_work,high,True,193,1,0,0,0,2
book_ca02bbaf41c1336c,"Crave (Crave, #1)",Tracy Wolff,openlibrary_work,high,True,136,1,0,0,0,2
book_0d2614f3033178a5,The Vampire Curse (Shadow world: The Vampire Debt #2),Ali Winters,openlibrary_work,high,True,78,2,0,0,0,2
book_8f8f9cf81c5f9914,My Dark Vanessa,Kate Elizabeth Russell,openlibrary_work,high,True,267,18,0,0,0,2
book_a5b04806f3c199c4,The 5 AM Club: Own Your Morning. Elevate Your Life,Robin Sharma,openlibrary_work,high,True,265,4,0,0,0,2
book_991c6be8a1810ae4,A Good Marriage,Kimberly McCreight,openlibrary_work,high,True,215,4,0,0,0,2
book_57b183d7da9f11fd,Where They Found Her,Kimberly McCreight,openlibrary_work,high,True,238,6,0,0,0,2
book_072f5210b166817f,"After We Collided (After, #2)",Anna Todd,openlibrary_work,high,True,223,7,0,0,0,2
book_8a38ee0463c96cc8,I Know Who You Are,Alice Feeney,openlibrary_work,high,True,144,2,0,0,0,2
book_631ea4957281d5cd,Want,Lynn Steger Strong,openlibrary_work,high,True,188,7,0,0,0,2
book_1d458c6948f18288,"Playing to Win (Gridiron, #1)",Maci Monroe,title_author,medium,False,140,0,0,0,0,1
book_675ed817bca562a9,"The Truth About Him (Everything I Left Unsaid, #2)",M. O'Keefe,openlibrary_work,high,True,129,1,0,0,0,2
book_b2da66b517d2e8be,"365 dni (365 dni, #1)",Blanka Lipińska,openlibrary_work,high,True,101,10,0,0,0,2
book_6a5f0e089cd4438d,Sometimes I Lie,Alice Feeney,openlibrary_work,high,True,111,22,0,0,0,2
book_85f38adf93ae2639,Fake Like Me,Barbara Bourland,openlibrary_work,high,True,173,12,0,0,0,2
book_7b1f8abb4c237fe0,The Girl He Used to Know,Tracey Garvis Graves,openlibrary_work,high,True,101,4,5,5,2,5
book_e0b713e1e05049fa,Darling Rose Gold,Stephanie Wrobel,openlibrary_work,high,True,116,6,0,0,0,2
book_d9d1662530c8695f,"Freak (Creep, #2)",Jennifer Hillier,openlibrary_work,high,True,147,10,0,1,0,3
book_4988638eb1cdc64c,"Redemption Lake (A Winston Radhauser Mystery, #1)",Susan Clayton-Goldner,title_author,medium,False,139,0,0,0,0,1
book_94ea75d87f1f15f0,Truths I Never Told You,Kelly Rimmer,openlibrary_work,high,True,287,5,0,0,0,2
book_76c9f3e8a8d9bb93,Eleanor Oliphant Is Completely Fine,Gail Honeyman,openlibrary_work,high,True,177,54,7,2,0,4
book_0da11b503c4b8e38,That Affair Next Door,Anna Katharine Green,openlibrary_work,high,True,62,4,0,0,0,2
book_230868b59796b3d5,The Last Time I Lied,Riley Sager,title_author,medium,False,191,0,0,0,0,1
book_47a0e22b2125f54d,"Creep (Creep, #1)",Jennifer Hillier,openlibrary_work,high,True,248,8,0,0,0,2
book_9fe946cfd39f19dc,Everything I Never Told You,Celeste Ng,openlibrary_work,high,True,239,39,0,1,1,4
book_3dce0b2821ff9c91,Troublemaker: Surviving Hollywood and Scientology,Leah Remini,openlibrary_work,high,True,331,9,2,1,0,4
book_3548f41fa252c9a9,"Thief (Love Me with Lies, #3)",Tarryn Fisher,openlibrary_work,high,True,121,0,0,0,0,1
book_77fcb95bf37de72c,Jar of Hearts,Jennifer Hillier,openlibrary_work,high,True,294,10,0,0,0,2
book_ba56405d43d46a31,"The Emotion Code: How to Release Your Trapped Emotions for Abundant Health, Love, and Happiness (Updated and Expanded Edition)",Bradley  Nelson,openlibrary_work,high,True,262,3,0,0,0,2
book_b1ae8bb7086d9a09,Eight Perfect Murders,Peter  Swanson,openlibrary_work,high,True,296,13,0,0,0,2
book_c597561cfe311bf9,"After (After, #1)",Anna Todd,openlibrary_work,high,True,250,13,0,0,0,2
book_42ce1f5ea7706106,"Dirty Red (Love Me with Lies, #2)",Tarryn Fisher,openlibrary_work,high,True,139,0,0,0,0,1
book_34764fbf0a7c9710,My Lovely Wife,Samantha  Downing,openlibrary_work,high,True,95,15,0,0,0,2
book_d7e97d2767073e92,"Forget Me Not (Catalina Cove, #2)",Brenda Jackson,openlibrary_work,high,True,259,0,0,0,0,1
book_830dc1d74fde34f9,"The Hunter (Boston Belles, #1)",L.J. Shen,openlibrary_work,high,True,226,2,0,0,0,2
book_cd2781f2142dd723,Under the Table,Stephanie Evanovich,openlibrary_work,high,True,312,1,0,0,0,2
book_1f5055e590084dab,Fail Until You Don't,Bobby Bones,openlibrary_work,high,True,242,6,0,1,0,3
book_909105c0e0598420,"The Opportunist (Love Me with Lies, #1)",Tarryn Fisher,openlibrary_work,high,True,93,0,0,0,0,1
book_b09d75567f2b493f,The Vampire Debt,Ali Winters,openlibrary_work,high,True,253,3,0,0,0,2
book_b4d00d9687991afa,Zip It: The Keep It Shut 40-Day Challenge,Karen Ehman,title_author,medium,False,236,0,0,0,0,1
book_a86a2843ebaca5ea,Thief River Falls,Brian Freeman,openlibrary_work,high,True,182,0,0,0,0,1
book_323257187bed7cd9,"Eating, Drinking, Overthinking: The Toxic Triangle of Food, Alcohol, and Depression--and How Women Can Break Free",Susan Nolen-Hoeksema,openlibrary_work,high,True,174,19,0,0,0,2
book_884bc5bac5d9e244,The Subtle Art of Not Giving a F*ck: A Counterintuitive Approach to Living a Good Life,Mark Manson,openlibrary_work,high,True,324,0,0,0,0,1
book_506cdd63ecad4592,Becoming,Michelle Obama,openlibrary_work,high,True,242,41,1,6,0,4
book_1602aa7aa0a0d523,The Burning Girl,Claire Messud,openlibrary_work,high,True,148,14,0,0,0,2
book_089801556da8422b,"Girl, Stop Apologizing: A Shame-Free Plan for Embracing and Achieving Your Goals",Rachel Hollis,openlibrary_work,high,True,203,7,0,0,0,2
book_b260ea08c0177911,"Run Like a Girl 365 Days a Year: A Practical, Personal, Inspirational Guide for Women Athletes",Mina Samuels,openlibrary_work,high,True,241,1,0,0,0,2
book_ad2646388f6263ed,Little Children,Tom Perrotta,openlibrary_work,high,True,65,14,0,0,0,2
book_705ed2a03f98ebfe,Get Out of Your Own Way: A Skeptic's Guide to Growth and Fulfillment,Dave Hollis,openlibrary_work,high,True,271,5,0,0,0,2
book_58e9daa4f114364d,Open Book,Jessica Simpson,openlibrary_work,high,True,139,5,0,0,0,2
book_18640e893c5d3557,My Story,Elizabeth   Smart,openlibrary_work,high,True,270,18,1,2,0,4
book_800712e3d2d3032e,More Than the Tattooed Mormon,Al Carraway,openlibrary_work,high,True,211,3,1,0,0,3
book_a24fb5f8a3ba05ae,Wildly Optimistic,Al Carraway,openlibrary_work,high,True,223,1,0,0,0,2
book_8cdd162ae78dfc1f,The Body Double: A Novel,Emily Beyda,openlibrary_work,high,True,239,0,0,0,0,1
book_c268a26f8e60f455,"Devotion (The Hunted, #4)",Ivy Smoak,openlibrary_work,high,True,176,1,0,0,0,2
book_4a8e2fb4149b5666,"Eruption (The Hunted, #3)",Ivy Smoak,openlibrary_work,high,True,98,2,0,0,0,2
book_d3dc267128735d78,"Addiction (The Hunted, #2)",Ivy Smoak,openlibrary_work,high,True,107,0,0,0,0,1
book_b51cefeb80503731,"Temptation (The Hunted, #1)",Ivy Smoak,openlibrary_work,high,True,169,1,0,0,0,2
book_2b44e7dd6dd0c700,Braving the Wilderness,Brené Brown,openlibrary_work,high,True,357,12,0,0,0,2
book_43a2cd51f4d9df51,"The 21-Day Self-Love Challenge: Learn How to Love Yourself Unconditionally, Cultivate Self-Worth, Self-Compassion and Confidence (21-Day Challenges Book 6)",21 Day Challenges,title_author,medium,False,222,0,0,0,0,1
book_7e2ce714f60f7338,The Silent Patient,Alex Michaelides,openlibrary_work,high,True,209,15,0,1,0,3
book_fbb3122b8820f84d,"Anti-Diet: Reclaim Your Time, Money, Well-Being, and Happiness Through Intuitive Eating",Christy Harrison,openlibrary_work,high,True,298,3,0,0,0,2
book_1e9e486c31b30647,The Wives,Tarryn Fisher,openlibrary_work,high,True,98,3,0,0,0,2
book_eadf02081d632d68,The Housekeeper,Natalie Barelli,openlibrary_work,high,True,211,2,0,0,0,2
book_949c190140cfc492,Under Lying,Janelle Harris,openlibrary_work,high,True,150,0,0,0,0,1
book_e3a433799c34bab5,Girl Wash your Face,Rachel Hollis,openlibrary_work,high,True,226,4,0,0,0,2
book_3bae106c638fb57e,When I Was You,Minka Kent,openlibrary_work,high,True,160,0,0,0,0,1
book_a7574ec64ef70377,"Hide and Seek (Criminal Profiler, #4)",Mary Burton,openlibrary_work,high,True,164,2,0,0,0,2
book_b1810edb5bf340c4,Butterfly in Frost,Sylvia Day,openlibrary_work,high,True,175,0,0,0,0,1
book_0152b8425ff0f80d,"Dead End Girl (Violet Darger, #1)",L.T. Vargus,title_author,medium,False,230,0,0,0,0,1
book_74710ad65559bd4a,If I Was Your Girl,Meredith Russo,openlibrary_work,high,True,172,19,0,0,0,2
book_214115f6e31899c0,"The Mister (Mister & Missus, #1)",E.L. James,openlibrary_work,high,True,177,10,0,3,0,3
book_b52fe3cded0dbb25,"Cut and Run  (Criminal Profiler, #3)",Mary Burton,openlibrary_work,high,True,189,9,0,0,0,2
book_a7f2d89fa8898377,Unspeakable Things,Jess Lourey,openlibrary_work,high,True,158,0,0,0,0,1
book_35bdc4c268ea025f,In the Unlikely Event,L.J. Shen,openlibrary_work,high,True,202,0,0,0,0,1
book_1d4f3d4df5a7b5ae,Regretting You,Colleen Hoover,openlibrary_work,high,True,188,12,0,0,0,2
book_0babf1eda1a6260b,"Where There's Hope: Healing, Moving Forward, and Never Giving Up",Elizabeth   Smart,openlibrary_work,high,True,260,10,1,2,0,4
book_cfd6e12dd0c4d64a,The Secrets She Keeps,Michael Robotham,openlibrary_work,high,True,280,13,0,0,0,2
book_a75a02b7a1012b7b,An Unwanted Guest,Shari Lapena,openlibrary_work,high,True,167,14,0,2,0,3
book_0eaf6d4c7281a4b8,"The Family Upstairs (The Family Upstairs, #1)",Lisa Jewell,openlibrary_work,high,True,200,15,0,0,0,2
book_2ded543a2c17a9f3,"Fire On The Farm (Healed Hearts Romances, #1)",Betty Shreffler,openlibrary_work,high,True,208,0,0,0,0,1
book_c0bd800f78e65105,Come Home to Me,Liz Talley,openlibrary_work,high,True,177,3,0,0,0,2
book_878a140c5b9ba41f,"The Vanishing Season (The Collector, #4)",Dot Hutchison,openlibrary_work,high,True,170,0,0,0,0,1
book_64160eacd6cde831,When Never Comes,Barbara  Davis,openlibrary_work,high,True,171,1,0,0,0,2
book_67232b2e579d8c83,"If You Tell: A True Story of Murder, Family Secrets, and the Unbreakable Bond of Sisterhood",Gregg Olsen,openlibrary_work,high,True,123,0,0,0,0,1
book_02b69ea099508c4c,Little Voices,Vanessa Lillie,openlibrary_work,high,True,123,8,7,5,0,4
book_de433063c121bc45,"Sara's Game (Sara Winthrop, #1)",Ernie Lindsey,openlibrary_work,high,True,82,0,0,0,0,1
book_c3189d11f55f992c,Spilled Milk,K.L. Randis,openlibrary_work,high,True,120,2,0,0,0,2
book_a0d90a61b51d17c4,The Girl Who Lived,Christopher Greyson,openlibrary_work,high,True,211,8,0,0,0,2
book_096cc409483ac0ff,Lying Next to Me,Gregg Olsen,openlibrary_work,high,True,189,0,0,0,0,1
book_01d42e96f67be109,Just like Grey (The Complete Collection ONE) (Billionaire Romance #1),J.S. Cooke,title_author,medium,False,108,0,0,0,0,1
book_878d1e18eb6e600f,The Chain,Adrian McKinty,openlibrary_work,high,True,198,16,1,1,0,4
book_4b84bba2fa3c97e5,American Predator: The Hunt for the Most Meticulous Serial Killer of the 21st Century,Maureen Callahan,openlibrary_work,high,True,295,11,0,0,0,2
book_d6f82c96b4ea73d4,Every Breath,Nicholas Sparks,openlibrary_work,high,True,239,2,0,0,0,2
book_001f16b93b0fa10b,"Child's Play (DI Kim Stone, #11)",Angela Marsons,openlibrary_work,high,True,278,0,0,0,0,1
book_e44bde338eb5097e,"The Summer Children (The Collector, #3)",Dot Hutchison,openlibrary_work,high,True,182,23,0,0,0,2
book_8d44d05cd4e1a622,Roses of May (The Collector #2),Dot Hutchison,openlibrary_work,high,True,165,23,0,0,0,2
book_bf28660468813a4e,"The Butterfly Garden  (The Collector, #1)",Dot Hutchison,openlibrary_work,high,True,149,15,2,0,0,3
book_bba47f0f3f7c98bc,Change of Heart,Jodi Picoult,openlibrary_work,high,True,225,23,0,0,0,2
book_1d02e012558eebb8,House Rules,Jodi Picoult,openlibrary_work,high,True,172,14,0,0,0,2
book_d65eebfc4e94b8ce,My Sister's Keeper,Jodi Picoult,openlibrary_work,high,True,257,85,1,0,1,4
book_6061470e278fac0a,"My Sister's Grave (Tracy Crosswhite, #1)",Robert Dugoni,openlibrary_work,high,True,123,0,0,0,0,1
book_47e56a188b222b5b,Tender Morsels,Margo Lanagan,openlibrary_work,high,True,96,24,0,0,0,2
book_d2907cd524361566,"A Child Called ""It"" (Dave Pelzer, #1)",Dave Pelzer,title_author,medium,False,170,0,0,0,0,1
book_a1b59c603f064ee5,The Year of Magical Thinking,Joan Didion,openlibrary_work,high,True,234,64,2,2,2,5
book_580831ba53df2d7a,High Achiever: The Incredible True Story of One Addict's Double Life,Tiffany   Jenkins,openlibrary_work,high,True,136,0,0,0,0,1
book_dfb6576ee8401505,Only Ever Her,Marybeth Mayhew Whalen,openlibrary_work,high,True,110,0,0,0,0,1
book_132d1ac689e3d3b7,The Humans,Matt Haig,openlibrary_work,high,True,206,13,0,0,0,2
book_86e6bdd4e345b02f,False Step,Victoria Helen Stone,openlibrary_work,high,True,150,0,0,0,0,1
book_9009ec7479100590,Verity,Colleen Hoover,openlibrary_work,high,True,195,9,0,0,0,2
book_594ccbcba498d3c7,"Fidelity (Infidelity, #5)",Aleatha Romig,openlibrary_work,high,True,183,1,0,0,0,2
book_fda68e2a2611d41c,"Falling Into You (Falling, #1)",Jasinda Wilder,openlibrary_work,high,True,79,3,0,0,0,2
book_60f30f070cec95a0,Educated,Tara Westover,openlibrary_work,high,True,153,0,0,0,0,1
book_85432fa7984e3ba7,Holiday Sparks: A Steamy Small Town Contemporary Romance Novella,Shannon Stacey,openlibrary_work,high,True,161,0,0,0,0,1
book_eef5d992d45497bf,"Truth and Lies (DI Amy Winter, #1)",Caroline Mitchell,openlibrary_work,high,True,172,1,0,0,0,2
book_30ffb747837a5bc1,"Entrapment (Infidelity, #4)",Aleatha Romig,openlibrary_work,high,True,176,2,0,0,0,2
book_c986a3512e5ba181,"Deception (Infidelity, #3)",Aleatha Romig,openlibrary_work,high,True,306,2,0,0,0,2
book_b86b6f2bba9da350,"Cunning (Infidelity, #2)",Aleatha Romig,openlibrary_work,high,True,230,2,0,0,0,2
book_0fab7aad8a91f9ee,"Betrayal (Infidelity, #1)",Aleatha Romig,openlibrary_work,high,True,269,2,0,0,0,2
book_0beb72076c1640af,"All the Lies We Tell (Quarry Road, #1)",Megan Hart,isbn,high,False,152,0,0,0,0,1
book_8a43d3824995be9b,A Curve in the Road,Julianne MacLean,openlibrary_work,high,True,191,0,0,0,0,1
book_4b6610b1810f80d7,"Love & Gelato (Love & Gelato, #1)",Jenna Evans Welch,openlibrary_work,high,True,152,24,0,1,0,3
book_7a0323d22d27677c,"Thin Air (Jessica Shaw, #1)",Lisa    Gray,openlibrary_work,high,True,167,0,0,0,0,1
book_d442ff5b90043a53,Whisper Me This,Kerry Anne King,openlibrary_work,high,True,183,1,0,0,0,2
book_e8059b596c504154,"What Have You Done (Adler and Dwyer, #0.5)",Matthew Farrell,openlibrary_work,high,True,186,0,0,0,0,1
book_8c55c0484dfd6f11,"Say You're Sorry (Morgan Dane, #1)",Melinda Leigh,openlibrary_work,high,True,167,10,0,1,0,3
book_4810b011401f52b4,"The Perfect Child (Hannah Bauer, #1)",Lucinda Berry,openlibrary_work,high,True,186,5,0,0,0,2
book_6c92346844f69cfa,"Fired (Worked Up, #1)",Cora Brent,openlibrary_work,high,True,163,0,0,0,0,1
book_9da76ce6e4a654e1,"Burn for You (Slow Burn, #1)",J.T. Geissinger,isbn,high,False,193,0,0,0,0,1
book_5c32469954e35d56,Wicked Beautiful (Wicked Games #1),J.T. Geissinger,openlibrary_work,high,True,209,0,0,0,0,1
book_234acc7789066f26,To Have and To Hold (The Wife # 1),M.L.   Roberts,openlibrary_work,high,True,80,1,0,0,0,2
book_038d4501ccda7dfd,I Will Never Leave You,S.M. Thayer,isbn,high,False,141,0,0,0,0,1
book_1ce7c573a25ae2a4,"Say You'll Stay (The Hennington Brothers, #1)",Corinne Michaels,openlibrary_work,high,True,119,6,0,0,0,2
book_79c55e6c8467395a,The Contract (The Contract #1),Melanie Moreland,openlibrary_work,high,True,181,0,0,0,0,1
book_3be03efd82399a00,"One with You (Crossfire, #5)",Sylvia Day,openlibrary_work,high,True,156,4,0,0,0,2
book_ddc0634f3e3a054b,Nine Perfect Strangers,Liane Moriarty,openlibrary_work,high,True,248,18,0,0,0,2
book_bbce498e452ce064,"No Ordinary Billionaire (The Sinclairs, #1)",J.S. Scott,isbn,high,False,176,0,0,0,0,1
book_2f510f3699b1b011,The Wife Between Us,Greer Hendricks,openlibrary_work,high,True,95,16,0,0,0,2
book_313473c1d9eb6016,Ugly Love,Colleen Hoover,openlibrary_work,high,True,130,9,0,0,0,2
book_8de80053253a6e1e,"All Your Perfects (Hopeless, #3)",Colleen Hoover,openlibrary_work,high,True,119,15,0,0,0,2
book_8aba30b727ebbaf3,"Stay (Bleeding Stars, #5)",A.L. Jackson,title_author,medium,False,169,0,0,0,0,1
book_179513d0a527a2d6,Behind Closed Doors,B.A. Paris,openlibrary_work,high,True,326,28,2,2,0,4
book_719c88f8b9e8c3f4,I Feel Bad About My Neck and Other Thoughts on Being a Woman,Nora Ephron,openlibrary_work,high,True,257,21,1,1,0,4
book_698b8d6fd06b08e9,Stepbrother for Christmas,Amy Brent,openlibrary_work,high,True,175,0,0,0,0,1
book_cb146614bdb01b48,"Scorched (Surrender, #4)",Melody Anne,title_author,medium,False,201,0,0,0,0,1
book_cce6022177b286f7,"Seduced (Surrender, #3)",Melody Anne,title_author,medium,False,207,0,0,0,0,1
book_e00e4560f32c0e15,Caught by the Blizzard (Tellure Hollow #1),Adele Huxley,openlibrary_work,high,True,270,0,0,0,0,1
book_ac8a6ae3a8c214fb,"Surrender (Surrender, #1)",Melody Anne,openlibrary_work,high,True,239,0,0,0,0,1
book_2a32b26d35e0cf21,Little Fires Everywhere,Celeste Ng,openlibrary_work,high,True,213,29,26,2,1,5
book_632d0537ea3cae52,"Everything We Keep (Everything, #1)",Kerry Lonsdale,openlibrary_work,high,True,163,9,0,0,0,2
book_fd6b777973e5b65f,Eye of the Storm (Hart and Drake #4),C.J. Lyons,title_author,medium,False,340,0,0,0,0,1
book_37cd66ed055a7f47,"Nerves of Steel (Hart and Drake, #1)",C.J. Lyons,title_author,medium,False,179,0,0,0,0,1
book_aa64f4c59da9b11c,Happiness Sold Separately,Lolly Winston,openlibrary_work,high,True,173,8,0,0,0,2
book_1da0ac8280b08779,Good Grief,Lolly Winston,openlibrary_work,high,True,103,16,0,1,0,3
book_b067afc70b415035,The Shack,William Paul Young,openlibrary_work,high,True,143,14,0,1,1,4
book_facfe03acb171219,The Proper Care and Feeding of Husbands,Laura Schlessinger,openlibrary_work,high,True,239,18,0,0,0,2
book_df97b3a4ad2d4cfa,Essentialism: The Disciplined Pursuit of Less,Greg McKeown,openlibrary_work,high,True,211,15,0,0,0,2
book_83bf078804402d3c,"In the Clearing (Tracy Crosswhite, #3)",Robert Dugoni,openlibrary_work,high,True,138,7,0,0,0,2
book_ce9d1beb4dc9c1b1,"The Child Finder (Naomi Cottle, #1)",Rene Denfeld,openlibrary_work,high,True,257,6,0,1,0,3
book_5e1a69ef1e2247c2,The Shadow District,Arnaldur Indriðason,openlibrary_work,high,True,160,13,0,1,0,3
book_99ac952e52d3a47e,Bad Girls with Perfect Faces,Lynn Weingarten,openlibrary_work,high,True,126,7,0,0,0,2
book_e08e86f0d7225aae,"Last Kiss (First and Last, #2)",Laurelin Paige,openlibrary_work,high,True,127,9,0,0,0,2
book_f9083a7752bc829a,"First Touch (First and Last, #1)",Laurelin Paige,openlibrary_work,high,True,193,15,0,0,0,2
book_1ea9d5fccef2e0c2,"Free Me (The Found Duet, #1)",Laurelin Paige,openlibrary_work,high,True,186,3,0,1,0,3
book_70aa19c23062b63d,"Hudson (Fixed, #4)",Laurelin Paige,openlibrary_work,high,True,162,3,0,0,0,2
book_1cc31ada215773bd,"Forever with You (Fixed, #3)",Laurelin Paige,openlibrary_work,high,True,151,5,0,0,0,2
book_06ea7c34963c40b2,"Found in You (Fixed, #2)",Laurelin Paige,openlibrary_work,high,True,136,1,0,0,0,2
book_850a1e299b7e2c14,"Fixed on You (Fixed, #1)",Laurelin Paige,openlibrary_work,high,True,246,4,0,0,0,2
book_cd3c7f537f0a5625,Proof of Heaven: A Neurosurgeon's Journey into the Afterlife,Eben Alexander,openlibrary_work,high,True,252,14,1,0,0,3
book_c8a50f2a811100ef,"The Dry (Aaron Falk, #1)",Jane Harper,openlibrary_work,high,True,137,20,0,1,0,3
book_9910e91c663f9e37,The Good Widow,Liz Fenton,openlibrary_work,high,True,181,16,0,0,0,2
book_500425e5c0c507df,Middlesex,Jeffrey Eugenides,openlibrary_work,high,True,197,44,0,3,0,3
book_5db0bbda3343b61e,"Silent Child (Silent Child, #1)",Sarah A. Denzil,openlibrary_work,high,True,183,8,1,0,0,3
book_f9f21651aa297603,The Letter,Kathryn Hughes,openlibrary_work,high,True,230,1,0,0,0,2
book_c96d239a6f234b60,The Secret Wife,Gill Paul,openlibrary_work,high,True,134,1,0,0,0,2
book_e66679ed2b4a457e,"The Gravity of Us (Elements, #4)",Brittainy C. Cherry,openlibrary_work,high,True,144,1,0,0,0,2
book_4f201ed0949bfc28,Blood to Dust,L.J. Shen,openlibrary_work,high,True,175,0,0,0,0,1
book_39c320bc9d7f0b1c,"Vicious (Sinners of Saint, #1)",L.J. Shen,openlibrary_work,high,True,170,9,0,0,0,2
book_1af28b390344df35,Too Late,Colleen Hoover,openlibrary_work,high,True,180,3,0,0,0,2
book_75ef2a0367af39a7,"Lost in Me (Here and Now, #1)",Lexi Ryan,openlibrary_work,high,True,169,0,0,0,0,1
book_b7a71044a4981c4a,"Fall to You (Here and Now, #2)",Lexi Ryan,openlibrary_work,high,True,222,0,0,0,0,1
book_d371bceea5def4d9,"All for This (Here and Now, #3)",Lexi Ryan,title_author,medium,False,122,0,0,0,0,1
book_72b102a4f23c12f6,The Radium Girls: The Dark Story of America’s Shining Women,Kate  Moore,openlibrary_work,high,True,231,35,0,1,1,4
book_e8459726cf1d2f72,"The Dry (Aaron Falk, #1)",Jane Harper,openlibrary_work,high,True,136,47,0,1,0,3
book_f2403c233b7c383e,Winter Garden,Kristin Hannah,openlibrary_work,high,True,184,23,0,1,0,3
book_0c9409137abbc0e5,"Defy (Sinners of Saint, #0.5)",L.J. Shen,openlibrary_work,high,True,168,0,0,0,0,1
book_ba6604fc58f79e7c,The Happiness Hypothesis: Finding Modern Truth in Ancient Wisdom,Jonathan Haidt,openlibrary_work,high,True,53,10,5,0,0,3
book_b4c3bb23346390c9,"Left Behind (Left Behind, #1)",Tim LaHaye,openlibrary_work,high,True,49,3,0,1,0,3
book_207fff98031cbd6b,"Wrecking Ball (Hard to Love, #1)",P. Dangelico,openlibrary_work,high,True,193,0,0,0,0,1
book_6695e425d3431f8a,"Fifty Shades Darker (Fifty Shades, #2)",E.L. James,openlibrary_work,high,True,105,30,1,0,0,3
book_ef3bc70accc76eb0,The Last Act of Love,Cathy Rentzenbrink,openlibrary_work,high,True,260,19,0,0,0,2
book_4580312c030a84f4,See Me,Nicholas Sparks,openlibrary_work,high,True,241,25,0,1,0,3
book_ae31cddaa8daa9ef,Dark Places,Gillian Flynn,openlibrary_work,high,True,127,41,0,3,0,3
book_f6cf3d3622edda31,"Beautiful Disaster (Beautiful, #1)",Jamie McGuire,openlibrary_work,high,True,151,7,0,0,0,2
book_2f090b5efed90b37,Absolution (Absolution #1),Amanda  Dick,openlibrary_work,high,True,171,0,0,0,0,1
book_f64e4639504bcc35,"The Silent Sister (Riley MacPherson, #1)",Diane Chamberlain,openlibrary_work,high,True,130,22,0,1,0,3
book_eebb4391c5e51788,"Feel Again (Fate, #1)",Faith  Andrews,openlibrary_work,high,True,84,0,0,0,0,1
book_d98053cb6c6b6b18,Cold Cold Heart,Tami Hoag,openlibrary_work,high,True,209,30,0,0,0,2
book_04ec36e97fab4dba,"Of Love & Regret (Madison & Logan, #1)",S.H. Kolee,isbn,high,False,82,0,0,0,0,1
book_abbdbeb3e66a9dd5,"Afterworlds (Afterworlds, #1)",Scott Westerfeld,openlibrary_work,high,True,207,29,0,1,0,3
book_f93ad6a2b69a0311,"The Kind Worth Killing (Henry Kimball/Lily Kintner, #1)",Peter  Swanson,openlibrary_work,high,True,284,13,0,0,0,2
book_5636100ba1d5592c,"Exposed (Just One Night, #1.2)",Kyra Davis,openlibrary_work,high,True,185,2,0,0,0,2
book_de5efa2b40a6f85e,"Binding Agreement (Just One Night, #1.3)",Kyra Davis,openlibrary_work,high,True,153,2,0,0,0,2
book_ace878d971368d4e,The Husband's Secret,Liane Moriarty,openlibrary_work,high,True,177,13,0,2,1,4
book_e5efe3be97475860,Love the One You're With,Emily Giffin,openlibrary_work,high,True,194,10,0,0,0,2
book_9a2a5bf395b90251,Gone Girl,Gillian Flynn,openlibrary_work,high,True,180,41,11,6,1,5
book_07ad6185a64a8dd3,King of Kings,Bruce D. Porter,openlibrary_work,high,True,130,9,0,0,0,2
book_d4e3903a082c64be,We Are Water,Wally Lamb,openlibrary_work,high,True,258,30,0,0,0,2
book_5be2dd804e234dc7,"Déjà Dead (Temperance Brennan, #1)",Kathy Reichs,openlibrary_work,high,True,85,14,1,4,0,4
book_b151dd6b645fd0c0,Spelling It Like It Is,Tori Spelling,openlibrary_work,high,True,314,3,0,0,0,2
book_18fa8253153173e6,"Losing Hope (Hopeless, #2)",Colleen Hoover,openlibrary_work,high,True,152,10,0,0,0,2
book_610c310023e99b9e,"Because You Must Learn (Because You Are Mine, #1.4)",Beth Kery,isbn,high,False,172,0,0,0,0,1
book_838ac6dedb736105,"Because You Haunt Me (Because You Are Mine, #1.3)",Beth Kery,openlibrary_work,high,True,170,4,0,0,0,2
book_92a26032fbb9d0cd,"Because I Could Not Resist (Because You Are Mine, #1.2)",Beth Kery,isbn,high,False,201,0,0,0,0,1
book_4a8af154ab3bea4e,"Off Sides (Off, #1)",Sawyer Bennett,openlibrary_work,high,True,250,0,0,0,0,1
book_26502e77d14e7e2e,"Off Limits (Off, #2)",Sawyer Bennett,title_author,medium,False,209,0,0,0,0,1
book_7677e5d9e7c30aa8,"The Stranger (Just One Night, #1.1)",Kyra Davis,openlibrary_work,high,True,316,2,0,0,0,2
book_2c0227e5d9f1cbfb,"The Marriage Bargain (Marriage to a Billionaire, #1)",Jennifer Probst,openlibrary_work,high,True,126,0,0,0,0,1
book_39dc64e8e80693b6,The Silent Wife,A.S.A. Harrison,openlibrary_work,high,True,141,11,0,0,0,2
book_280739a452c7816e,"Entwined with You (Crossfire, #3)",Sylvia Day,openlibrary_work,high,True,100,0,0,0,0,1
book_e22cd7eb195e896d,"Walking Disaster (Beautiful, #2)",Jamie McGuire,openlibrary_work,high,True,109,6,0,0,0,2
book_122fc01253d39777,Tidal,Emily Snow,openlibrary_work,high,True,216,0,0,0,0,1
book_20ef35082871af9f,"Forever Us (Forever, #3)",Sandi Lynn,openlibrary_work,high,True,122,1,0,0,0,2
book_bcf1879b5f3c5b49,"Forever You (Forever, #2)",Sandi Lynn,openlibrary_work,high,True,148,1,0,0,0,2
book_0f1598cfb1e8af00,"Forever Black (Forever, #1)",Sandi Lynn,openlibrary_work,high,True,188,4,0,0,0,2
book_90cb29199ca12459,"Beauty from Surrender (Beauty, #2)",Georgia Cates,openlibrary_work,high,True,263,5,0,4,0,3
book_d589099aa2f605e8,"Beauty from Pain (Beauty, #1)",Georgia Cates,openlibrary_work,high,True,239,9,0,0,0,2
book_249b0743c7293dc3,Cloud Atlas,David  Mitchell,openlibrary_work,high,True,323,17,0,0,0,2
book_d1848751e2284983,"Devoured (Devoured, #1)",Emily Snow,openlibrary_work,high,True,255,4,0,1,0,3
book_cb7518178f3ec5b4,"Seducing Cinderella (Fighting for Love, #1)",Gina L. Maxwell,openlibrary_work,high,True,135,1,0,0,0,2
book_9ff6a4ffded5b3c7,"All over You (Devoured, #0.5)",Emily Snow,openlibrary_work,high,True,99,3,0,0,0,2
book_e937bb19cb4bcd80,"Consumed (Devoured, #2)",Emily Snow,openlibrary_work,high,True,258,1,0,0,0,2
book_a3ff797fa19e20a7,"This Girl (Slammed, #3)",Colleen Hoover,openlibrary_work,high,True,216,6,0,0,0,2
book_ee6908cee7ec4dc6,Carry Yourself Back to Me,Deborah  Reed,openlibrary_work,high,True,149,5,0,0,0,2
book_bfdec8f415d7bdd2,"Hearts in Darkness (Hearts in Darkness, #1)",Laura Kaye,openlibrary_work,high,True,147,4,0,0,0,2
book_fe271002e712c165,"These Is My Words: The Diary of Sarah Agnes Prine, 1881-1901, Arizona Territories (Sarah Agnes Prine, #1)",Nancy E. Turner,openlibrary_work,high,True,110,5,0,0,0,2
book_2fe602575d776bd1,The Language of Flowers,Vanessa Diffenbaugh,openlibrary_work,high,True,147,16,0,1,0,3
book_27ae8daeaa85abd6,Seven Years to Sin,Sylvia Day,openlibrary_work,high,True,138,8,0,0,0,2
book_ff6daf75d7c7a01e,"Reckless (Thoughtless, #3)",S.C. Stephens,openlibrary_work,high,True,116,0,0,0,0,1
book_eafe630a9e3a2234,"Effortless (Thoughtless, #2)",S.C. Stephens,openlibrary_work,high,True,75,8,0,0,0,2
book_f69d4cf9d33827e4,"Thoughtless (Thoughtless, #1)",S.C. Stephens,openlibrary_work,high,True,112,1,0,0,0,2
book_73d6d675ebca1036,"Be with Me (Wait for You, #2)",J. Lynn,openlibrary_work,high,True,190,5,0,0,0,2
book_90bf2823e300094e,"Wait for You (Wait for You, #1)",J. Lynn,openlibrary_work,high,True,303,6,0,0,0,2
book_b4707bf1a5ff6ea0,"Point of Retreat (Slammed, #2)",Colleen Hoover,openlibrary_work,high,True,63,8,0,1,0,3
book_62cfa074ade4adaf,"Slammed (Slammed, #1)",Colleen Hoover,openlibrary_work,high,True,127,13,0,0,0,2
book_6b51c8012ea4c369,The Pact,Jodi Picoult,openlibrary_work,high,True,140,8,0,0,1,3
book_45ba3cd6d5ec869f,"The Marriage Mistake (Marriage to a Billionaire, #3)",Jennifer Probst,openlibrary_work,high,True,136,12,0,1,0,3
book_82601fb7da0f0600,"The Marriage Trap (Marriage to a Billionaire, #2)",Jennifer Probst,openlibrary_work,high,True,143,11,0,1,0,3
book_8949d69210aae96a,"Falling for Her Fiance (Accidentally in Love, #1)",Cindi Madsen,openlibrary_work,high,True,121,1,0,0,0,2
book_5468f4ba2496aa1a,"Wrong Bed, Right Guy (Come Undone, #1)",Katee Robert,openlibrary_work,high,True,152,1,0,0,0,2
book_f6303fd73545c6bc,Cinderella Screwed Me Over,Cindi Madsen,openlibrary_work,high,True,156,1,0,0,0,2
book_8e28bb790fbe1431,"Pulse (Collide, #2)",Gail McHugh,openlibrary_work,high,True,182,4,0,2,0,3
book_c0994e264c619822,"Collide (Collide, #1)",Gail McHugh,openlibrary_work,high,True,151,8,0,0,0,2
book_197af603865964d9,Fire of the Covenant: The Story of the Willie and Martin Handcart Companies,Gerald N. Lund,openlibrary_work,high,True,199,3,0,0,0,2
book_a7f980171142f6cb,"Easy (Contours of the Heart, #1)",Tammara Webber,openlibrary_work,high,True,187,8,0,0,0,2
book_52e61f52c3b4fec7,"Hopeless (Hopeless, #1)",Colleen Hoover,openlibrary_work,high,True,141,4,0,0,0,2
book_de36a17839288769,Taming Natasha / Luring a Lady (The Stanislaskis #1-2),Nora Roberts,openlibrary_work,high,True,143,11,0,0,0,2
book_5f7122f5b574d275,"Where She Went (If I Stay, #2)",Gayle Forman,openlibrary_work,high,True,126,20,0,1,1,4
book_4b64c3749b1200f8,"If I Stay (If I Stay, #1)",Gayle Forman,openlibrary_work,high,True,97,44,0,1,0,3
book_11cb5529815dc77f,Never Let Me Go,Kazuo Ishiguro,openlibrary_work,high,True,182,41,0,2,1,4
book_072d3c287a4c8628,All the Broken Pieces,Cindi Madsen,openlibrary_work,high,True,157,10,0,0,0,2
book_5ae42495039cd476,"True Believer (Jeremy Marsh & Lexie Darnell, #1)",Nicholas Sparks,openlibrary_work,high,True,246,13,0,0,0,2
book_7333aa93472dd5fc,"At First Sight (Jeremy Marsh & Lexie Darnell, #2)",Nicholas Sparks,openlibrary_work,high,True,30,25,0,1,0,3
book_a2d172c2e5c85164,Safe Haven,Nicholas Sparks,openlibrary_work,high,True,213,20,0,0,0,2
book_bb29412804190aad,The Choice,Nicholas Sparks,openlibrary_work,high,True,157,18,0,0,0,2
book_48667f62c102bb9d,A Bend in the Road,Nicholas Sparks,openlibrary_work,high,True,185,25,0,1,0,3
book_06071b65deed7f25,The Rescue,Nicholas Sparks,openlibrary_work,high,True,368,20,0,1,0,3
book_6ea146780024a12e,Nights in Rodanthe,Nicholas Sparks,openlibrary_work,high,True,194,23,0,3,0,3
book_cda6eaad13b40dac,The Guardian,Nicholas Sparks,openlibrary_work,high,True,127,13,0,1,0,3
book_e970d0594472ee8c,"The Wedding (The Notebook, #2)",Nicholas Sparks,openlibrary_work,high,True,197,20,0,0,0,2
book_252f53617bd2198f,Message in a Bottle,Nicholas Sparks,openlibrary_work,high,True,405,10,0,0,0,2
book_022faf014a3ed409,The Lucky One,Nicholas Sparks,openlibrary_work,high,True,69,14,0,1,0,3
book_513103c9f6b97f96,The Last Song,Nicholas Sparks,openlibrary_work,high,True,151,27,3,3,3,5
book_a3aac880b14c8777,Dear John,Nicholas Sparks,openlibrary_work,high,True,138,14,0,0,0,2
book_accaee5cb1be6d81,"The Notebook (The Notebook, #1)",Nicholas Sparks,openlibrary_work,high,True,371,35,2,1,1,5
book_11fd0b8402c2118a,The Peach Keeper,Sarah Addison Allen,openlibrary_work,high,True,355,7,0,0,0,2
book_b0db17d0ad20ddef,"His Needs, Her Needs: Building an Affair-Proof Marriage",Willard F. Harley Jr.,openlibrary_work,high,True,167,7,0,1,0,3
book_9c6413b10e481136,The Middle Place,Kelly Corrigan,openlibrary_work,high,True,229,23,0,0,0,2
book_061e5435c4c88fe3,Unfinished Business,Nora Roberts,openlibrary_work,high,True,134,9,2,0,1,4
book_e583d3ecbd0ef12d,Fireworks Over Toccoa,Jeffrey Stepakoff,openlibrary_work,high,True,198,10,0,2,0,3
book_e680d734bb3968b9,"Reflected in You (Crossfire, #2)",Sylvia Day,openlibrary_work,high,True,123,7,0,0,0,2
book_1dede51e01276f01,"When in Doubt, Add Butter",Beth Harbison,openlibrary_work,high,True,252,4,0,0,0,2
book_89fcb89b164a3f25,Demons of the Sun,Cindi Madsen,openlibrary_work,high,True,150,0,0,0,0,1
book_2d5ff8b32ff102ae,"Bared to You (Crossfire, #1)",Sylvia Day,openlibrary_work,high,True,136,14,2,0,0,3
book_db68bab15660423e,"Hide and Seek (The Lying Game, #4)",Sara Shepard,openlibrary_work,high,True,155,17,0,0,0,2
book_3f89b75ec37a98f9,Making Your Husband Feel Loved: 20 Christian Women Share Their Secrets for a Fresh & Exciting Marriage,Betty Malz,openlibrary_work,high,True,1,14,0,0,0,2
book_7cb1b48825ff7bf8,Love Left Behind,S.H. Kolee,openlibrary_work,high,True,179,0,0,0,0,1
book_f92f3dc3928db010,"Two Truths and a Lie (The Lying Game, #3)",Sara Shepard,openlibrary_work,high,True,117,18,0,0,0,2
book_a9a5cf54d893873d,"Never Have I Ever (The Lying Game, #2)",Sara Shepard,openlibrary_work,high,True,172,25,0,0,0,2
book_88f6488ced0babe9,"The Lying Game (The Lying Game, #1)",Sara Shepard,openlibrary_work,high,True,184,19,0,0,0,2
book_cde11f3b4e61d9ef,The Girl Who Played with Fire (Millennium #2),Stieg Larsson,openlibrary_work,high,True,138,37,36,4,0,4
book_4147c9b86a6ac473,"The Girl Who Kicked the Hornet’s Nest (Millennium, #3)",Stieg Larsson,openlibrary_work,high,True,152,39,5,3,1,5
book_91c3af20efb85409,A Reliable Wife,Robert Goolrick,openlibrary_work,high,True,126,11,0,0,0,2
book_b91787cd563916de,The Heart of the 5 Love Languages,Gary Chapman,openlibrary_work,high,True,60,5,0,0,0,2
book_f8fc3b67f194563e,The Best of Me,Nicholas Sparks,openlibrary_work,high,True,149,28,8,7,1,5
book_1c885ff7ee24b506,Home Again,Kristin Hannah,openlibrary_work,high,True,164,13,0,0,0,2
book_f63b3bb364e06d60,Little Bee,Chris Cleave,openlibrary_work,high,True,103,29,0,1,0,3
book_55c446a0764f85c8,Nineteen Minutes,Jodi Picoult,openlibrary_work,high,True,271,38,0,1,0,3
book_6ad645f8ce64043b,She’s Come Undone,Wally Lamb,openlibrary_work,high,True,112,5,0,0,0,2
book_ab85794261128469,The Awakening,Kate Chopin,openlibrary_work,high,True,135,37,28,8,2,5
book_3d8e6eb218b9edf8,"Unearthly (Unearthly, #1)",Cynthia Hand,openlibrary_work,high,True,205,20,0,2,0,3
book_6c53b9f802282b79,"Firefly Lane (Firefly Lane, #1)",Kristin Hannah,openlibrary_work,high,True,494,18,0,0,0,2
book_8969b538af1e9eea,On Mystic Lake,Kristin Hannah,openlibrary_work,high,True,96,11,0,1,0,3
book_e233ba19b110aeb7,"Fifty Shades Freed (Fifty Shades, #3)",E.L. James,openlibrary_work,high,True,155,22,1,2,2,5
book_1e3dadfc027e8da2,"Fifty Shades of Grey (Fifty Shades, #1)",E.L. James,openlibrary_work,high,True,156,46,6,2,2,5
