canonical_book_id,reader_count,title,author,isbn,pages,publication_year,description,cover_url,openlibrary_work_id,openlibrary_edition_id,identity_method,identity_confidence,subjects,subject_people,subject_places,subject_times
book_e43c16396a52a705,3,"A Court of Mist and Fury (A Court of Thorns and Roses, #2)",Sarah J. Maas,1635575583,626.0,"Mon, 16 Mar 2026 17:19:08 -0700","The seductive and stunning #1 New York Times bestselling sequel to Sarah J. Maas's spellbinding A Court of Thorns and Roses .<br /><br />Feyre has undergone more trials than one human woman can carry in her heart. Though she's now been granted the powers and lifespan of the High Fae, she is haunted by her time Under the Mountain and the terrible deeds she performed to save the lives of Tamlin and his people.<br /><br />As her marriage to Tamlin approaches, Feyre's hollowness and nightmares consume her. She finds herself split into two different one who upholds her bargain with Rhysand, High Lord of the feared Night Court, and one who lives out her life in the Spring Court with Tamlin. While Feyre navigates a dark web of politics, passion, and dazzling power, a greater evil looms. She might just be the key to stopping it, but only if she can harness her harrowing gifts, heal her fractured soul, and decide how she wishes to shape her future-and the future of a world in turmoil.<br /><br />Bestselling author Sarah J. Maas's masterful storytelling brings this second book in her dazzling, sexy, action-packed series to new heights.",https://i.gr-assets.com/images/S/compressed.photo.goodreads.com/books/1620325671l/50659468._SY475_.jpg,OL17860744W,OL29858944M,openlibrary_work,high,"[""Fantasy"", ""Fiction"", ""Fairies"", ""Blessing and cursing"", ""Fantasy fiction"", ""Fairies, fiction"", ""nyt:young-adult-hardcover=2016-05-22"", ""New York Times bestseller"", ""nyt:young-adult-e-book=2016-05-22"", ""collectionID:TexChallenge2021"", ""collectionID:KellerChallenge"", ""collectionID:EanesChallenge"", ""collectionID:AlpineChallenge"", ""Adaptations"", ""Magic"", ""Courts and courtiers"", ""Fées"", ""Romans, nouvelles, etc. pour la jeunesse"", ""Cours et courtisans"", ""Fantasy & Magic"", ""Love & Romance"", ""Action & Adventure"", ""General"", ""series:A_Court_of_Thorns_and_Roses"", ""Children's fiction""]","[""Tam Lin (Legendary character)"", ""Nesta Archeron"", ""Rhysand"", ""Lucien Vanserra"", ""Tamlin"", ""Elain Archeron"", ""Feyre Archeron"", ""Azriel"", ""Cassian"", ""Morrigan""]","[""Prythian""]",[]
book_0c5332017a5ef7ef,3,"A Court of Thorns and Roses (A Court of Thorns and Roses, #1)",Sarah J. Maas,1635575567,419.0,"Fri, 13 Mar 2026 14:51:37 -0700","When nineteen-year-old huntress Feyre kills a wolf in the woods, a terrifying creature arrives to demand retribution. Dragged to a treacherous magical land she knows about only from legends, Feyre discovers that her captor is not truly a beast, but one of the lethal, immortal faeries who once ruled her world.<br /><br />At least, he’s not a beast all the time.<br /><br />As she adapts to her new home, her feelings for the faerie, Tamlin, transform from icy hostility into a fiery passion that burns through every lie she’s been told about the beautiful, dangerous world of the Fae. But something is not right in the faerie lands. An ancient, wicked shadow is growing, and Feyre must find a way to stop it, or doom Tamlin—and his world—forever.<br /><br />From bestselling author Sarah J. Maas comes a seductive, breathtaking book that blends romance, adventure, and faerie lore into an unforgettable read.",https://i.gr-assets.com/images/S/compressed.photo.goodreads.com/books/1620324329l/50659467._SY475_.jpg,OL17352669W,OL29858947M,openlibrary_work,high,"[""Fantasy"", ""Love"", ""Blessing and cursing"", ""Fairies"", ""Children's audiobooks"", ""Fiction"", ""Juvenile fiction"", ""Love stories"", ""Children's fiction"", ""Love, fiction"", ""Fantasy fiction"", ""Fairies, fiction"", ""nyt:young-adult=2015-05-24"", ""New York Times bestseller"", ""nyt:young-adult-paperback=2016-05-22"", ""collectionID:EanesChallenge"", ""collectionID:AlpineChallenge"", ""collectionID:ConroeChallenge"", ""Magic"", ""Man-woman relationships"", ""Älvor"", ""Kärlek"", ""Young adult fiction"", ""Teen fiction"", ""Juvenile works"", ""Young adult works"", ""Magi"", ""series:A_Court_of_Thorns_and_Roses"", ""Faerie"", ""Romance"", ""Courts ect."", ""Shipping"", ""Taxation"", ""Commerce"", ""Drum machine"", ""Sequencer (Musical instrument)""]","[""Nesta Archeron"", ""Tamlin"", ""Feyre Archeron"", ""Lucien Vanserra"", ""Elain Archeron"", ""Rhysand"", ""Amarantha""]","[""Prythian""]",[]
book_9b7e9310c31df95b,3,"A Court of Wings and Ruin (A Court of Thorns and Roses, #3)",Sarah J. Maas,1635575605,699.0,"Fri, 20 Mar 2026 06:16:55 -0700","<b>The epic third novel in the #1 bestselling Court of Thorns and Roses series by global phenomenon Sarah J. Maas.</b><br /><br />Feyre has returned to the Spring Court, determined to gather information on Tamlin's actions and learn what she can about the invading king threatening to bring her land to its knees. But to do so she must play a deadly game of deceit. One slip could bring doom not only for Feyre, but for everything-and everyone-she holds dear.<br /><br />As war bears down upon them all, Feyre endeavors to take her place amongst the High Fae of the land, balancing her struggle to master her powers-both magical and political-and her love for her court and family. Amidst these struggles, Feyre and Rhysand must decide whom to trust amongst the cunning and lethal High Lords, and hunt for allies in unexpected places.<br /><br />In this thrilling third book in the #1 bestselling series from Sarah J. Maas, the fate of Feyre's world is at stake as armies grapple for power over the one thing that could destroy it.",https://i.gr-assets.com/images/S/compressed.photo.goodreads.com/books/1585623092l/50659472.jpg,OL17823218W,OL29858946M,openlibrary_work,high,"[""War stories"", ""Fairy tales"", ""Fantasy fiction"", ""Women spies"", ""Spy stories"", ""Fiction"", ""Children's fiction"", ""Fairies, fiction"", ""nyt:series-books=2017-05-21"", ""New York Times bestseller"", ""Fairies"", ""Fantasy"", ""Spies"", ""collectionID:EanesChallenge"", ""Juvenile fiction"", ""Deception"", ""Imaginary wars and battles"", ""collectionID:AlpineChallenge"", ""series:A_Court_of_Thorns_and_Roses""]","[""Nesta Archeron"", ""Rhysand"", ""Lucien Vanserra"", ""Tamlin"", ""Elain Archeron"", ""Feyre Archeron"", ""Azriel"", ""Cassian""]","[""Prythian""]",[]
book_1603e89892336d3b,3,"A ​Court of Silver Flames (A Court of Thorns and Roses, #5)",Sarah J. Maas,168119628X,757.0,"Sun, 14 Jun 2026 23:34:27 -0700","<b>Sarah J. Maas's sexy, richly imagined series continues with the journey of Feyre's fiery sister, Nesta.</b><br /><br />Nesta Archeron has always been prickly-proud, swift to anger, and slow to forgive. And ever since being forced into the Cauldron and becoming High Fae against her will, she's struggled to find a place for herself within the strange, deadly world she inhabits. Worse, she can't seem to move past the horrors of the war with Hybern and all she lost in it.<br /><br />The one person who ignites her temper more than any other is Cassian, the battle-scarred warrior whose position in Rhysand and Feyre's Night Court keeps him constantly in Nesta's orbit. But her temper isn't the only thing Cassian ignites. The fire between them is undeniable, and only burns hotter as they are forced into close quarters with each other.<br /><br />Meanwhile, the treacherous human queens who returned to the Continent during the last war have forged a dangerous new alliance, threatening the fragile peace that has settled over the realms. And the key to halting them might very well rely on Cassian and Nesta facing their haunting pasts.<br /><br />Against the sweeping backdrop of a world seared by war and plagued with uncertainty, Nesta and Cassian battle monsters from within and without as they search for acceptance-and healing-in each other's arms.",https://i.gr-assets.com/images/S/compressed.photo.goodreads.com/books/1734440950l/53138095._SY475_.jpg,OL21703979W,OL29889699M,openlibrary_work,high,"[""Fiction, romance, fantasy"", ""Fiction, fantasy, epic"", ""Fiction, fantasy, romance"", ""nyt:combined-print-and-e-book-fiction=2021-03-07"", ""New York Times bestseller"", ""collectionID:EanesChallenge"", ""collectionID:AlpineChallenge"", ""nyt:trade-fiction-paperback=2022-09-25"", ""series:A_Court_of_Thorns_and_Roses"", ""Imaginary wars and battles"", ""Fiction"", ""Women spies"", ""Fairies"", ""Magic"", ""Courts and courtiers"", ""FICTION / Fantasy / Romantic"", ""FICTION / Fantasy / Action & Adventure"", ""FICTION / Romance / Fantasy"", ""Monsters""]","[""Nesta Archeron"", ""Rhysand"", ""Feyre Archeron"", ""Azriel"", ""Cassian""]","[""Prythian""]",[]
book_4387560b1141d752,3,"First-Time Caller (Heartstrings, #1)",B.K. Borison,0593641191,422.0,"Sun, 01 Mar 2026 17:16:07 -0800","<b>A hopeless romantic meets a demoralized radio host in this cozy, <i>Sleepless in Seattle</i>-inspired love story.</b><br /><br /><b>Aiden Valentine</b> has a secret: he's fallen out of love with love. And as the host of Baltimore's romance hotline, that's a bit of a problem. But when a young girl calls in to the station asking for dating advice for her mom, the interview goes viral, thrusting Aiden and <i>Heartstrings</i> into the limelight.<br /><br /><b>Lucie Stone</b> thought she was doing just fine. She has a good job; an incredible family; and a smart, slightly devious kid. But when all of Baltimore is suddenly scrutinizing her love life—or lack thereof—she begins to question if she's as happy as she believed. Maybe a little more romance wouldn't be such a bad thing.<br /><br />Everyone wants Lucie to find her happy ending...even the handsome, temperamental man calling the shots. But when sparks start to fly behind the scenes, Lucie must make the final decision between the radio-sponsored happily ever after or the man in the headphones next to her.",https://i.gr-assets.com/images/S/compressed.photo.goodreads.com/books/1718283728l/213243908._SY475_.jpg,OL42397881W,OL57571650M,openlibrary_work,high,"[""American literature"", ""Romance"", ""Contemporary"", ""Contemporary Romance"", ""Fiction"", ""Adult"", ""Friends To Lovers"", ""Forced Proximity"", ""Rom Com""]","[""Lucie Stone"", ""Aiden Valentine"", ""Grayson Harris"", ""Jackson Clark"", ""Maggie Lin""]",[],[]
book_89fb96b30a5389e4,3,"Iron Flame (The Empyrean, #2)",Rebecca Yarros,1649374178,623.0,"Sun, 08 Feb 2026 11:34:09 -0800","Everyone expected Violet Sorrengail to die during her first year at Basgiath War College—Violet included. But Threshing was only the first impossible test meant to weed out the weak-willed, the unworthy, and the unlucky. Now the real training begins, and Violet’s wondering how she’ll get through it. It’s not just that it’s grueling and maliciously brutal, or even that it’s designed to stretch the riders’ capacity for pain beyond endurance. It’s the new vice commandant, who’s made it his personal mission to teach Violet exactly how powerless she is—unless she betrays the man she loves.<br /><br />Although Violet’s body is weaker and frailer than everyone else’s, she has her wits—and a will of iron. Leadership forgets the most important lesson Basgiath taught her: Dragon riders make their own rules. But determination to survive won’t be enough this year, because Violet knows the secret hidden for centuries at Basgiath War College—and nothing, not even dragon fire, may be enough to save them in the end.",https://i.gr-assets.com/images/S/compressed.photo.goodreads.com/books/1706724269l/90202302._SY475_.jpg,OL34028551W,OL61227378M,openlibrary_work,high,"[""nyt:combined-print-and-e-book-fiction=2023-11-26"", ""New York Times bestseller"", ""Fiction, fantasy, action & adventure"", ""Fiction, fantasy, dragons & mythical creatures"", ""Fiction, fantasy, epic"", ""Serie:The_Empyrean""]",[],[],[]
book_9fbfd52ea619da84,3,People We Meet on Vacation,Emily Henry,0241997038,365.0,"Thu, 19 Feb 2026 20:46:47 -0800","<i>TWO FRIENDS<br />TEN TRIPS</i><br /><b>
  <i>THEIR LAST CHANCE TO FALL IN LOVE</i>
</b><br /><br />12 YEARS Poppy and Alex meet. They hate each other, and are pretty confident they'll never speak again.<br /><br />11 YEARS They're forced to share a ride home from college and by the end of it a friendship is formed. And a every year, one vacation together.<br /><br />10 YEARS Alex discovers his fear of flying on the way to Vancouver.<br />Poppy holds his hand the whole way.<br /><br />7 YEARS They get far too drunk and narrowly avoid getting matching tattoos in New Orleans.<br /><br />2 YEARS It all goes wrong.<br /><br /><b>THIS </b><b>Poppy asks Alex to join her on one last trip. A trip that will determine the rest of their lives.</b>",https://i.gr-assets.com/images/S/compressed.photo.goodreads.com/books/1646849976l/60581725._SY475_.jpg,OL22563730W,,openlibrary_work,high,"[""nyt:combined-print-and-e-book-fiction=2021-05-30"", ""New York Times bestseller"", ""Fiction, romance, contemporary"", ""Fiction, women"", ""American literature""]",[],[],[]
book_ebb9c7ab3c185f7c,3,Remarkably Bright Creatures,Shelby Van Pelt,0063204150,360.0,"Fri, 13 Feb 2026 21:56:06 -0800","<b><i>Remarkably Bright Creatures</i>, an exploration of friendship, reckoning, and hope, tracing a widow's unlikely connection with a giant Pacific octopus</b>.<br /><br />After Tova Sullivan's husband died, she began working the night shift at the Sowell Bay Aquarium, mopping floors and tidying up. Keeping busy has always helped her cope, which she's been doing since her eighteen-year-old son, Erik, mysteriously vanished on a boat in Puget Sound over thirty years ago.<br /><br />Tova becomes acquainted with curmudgeonly Marcellus, a giant Pacific octopus living at the aquarium. Marcellus knows more than anyone can imagine but wouldn't dream of lifting one of his eight arms for his human captors--until he forms a remarkable friendship with Tova.<br /><br />Ever the detective, Marcellus deduces what happened the night Tova's son disappeared. And now Marcellus must use every trick his old invertebrate body can muster to unearth the truth for her before it's too late.<br /><br />Shelby Van Pelt's <strong>debut novel</strong> is a gentle reminder that sometimes taking a hard look at the past can help uncover a future that once felt impossible.",https://i.gr-assets.com/images/S/compressed.photo.goodreads.com/books/1651600548l/58733693._SY475_.jpg,OL25382083W,OL34018342M,openlibrary_work,high,"[""nyt:hardcover-fiction=2022-05-22"", ""New York Times bestseller"", ""Octopuses"", ""Fiction"", ""Widows"", ""Human-animal relationships"", ""Mothers and sons"", ""Missing persons"", ""Investigation"", ""Poulpes"", ""Romans, nouvelles"", ""Veuves"", ""Relations homme-animal"", ""Mères et fils"", ""Personnes disparues"", ""Enquêtes"", ""Animal behavior"", ""Mother-son relationship"", ""Fiction, family life, general"", ""Fiction, animals""]",[],[],[]
book_2b8c06656979afd1,3,"The Girl With the Dragon Tattoo (Millennium, #1)",Stieg Larsson,0670069019,480.0,"Fri, 06 Jan 2017 13:12:53 -0800","Harriet Vanger, a scion of one of Sweden’s wealthiest families disappeared over forty years ago. All these years later, her aged uncle continues to seek the truth. He hires Mikael Blomkvist, a crusading journalist recently trapped by a libel conviction, to investigate. He is aided by the pierced and tattooed punk prodigy Lisbeth Salander. Together they tap into a vein of unfathomable iniquity and astonishing corruption.<br /><br />An international publishing sensation, Stieg Larsson’s The Girl with the Dragon Tattoo combines murder mystery, family saga, love story, and financial intrigue into one satisfyingly complex and entertainingly atmospheric novel.",https://i.gr-assets.com/images/S/compressed.photo.goodreads.com/books/1684638853l/2429135.jpg,OL5784622W,OL32362183M,openlibrary_work,high,"[""Fiction: Literature"", ""Novels"", ""Misogyny"", ""rape"", ""Book of Leviticus"", ""child sexual abuse"", ""finance"", ""secrecy"", ""aristocracy"", ""heiresses"", ""tattooing"", ""upper class"", ""industrialists"", ""Detective"", ""Mystery"", ""punk"", ""woman"", ""crime"", ""murder"", ""sex"", ""investigate"", ""death"", ""revenge"", ""justice"", ""trilogy"", ""Journalists Sweden Stockholm Fiction"", ""Missing persons Investigation Sweden Oland Fiction"", ""Computer hackers Sweden Stockholm Fiction"", ""mystery fiction"", ""21st Century Film and Literature"", ""Gender and Violence"", ""Scandinavian comparative literature"", ""women's and gender studies"", ""comparative literature"", ""thriller"", ""crime fiction"", ""Family secrets"", ""Fiction"", ""Investigation"", ""Missing persons"", ""Rich people"", ""Hackers"", ""nyt:combined_print_fiction=2012-03-03"", ""Suspense fiction"", ""Corruption"", ""New York Times bestseller"", ""Computer hackers"", ""Journalists"", ""Lisbeth Salander (Fictitious character)"", ""Mikael Blomqvist (Fictitious character)"", ""Swedish fiction"", ""Disappeared persons"", ""Reading Level-Grade 9"", ""Reading Level-Grade 11"", ""Reading Level-Grade 10"", ""Reading Level-Grade 12"", ""Reading materials"", ""Ética"", ""Spanish language materials"", ""Spanish language"", ""Novela"", ""Rich"", ""Personas desaparecidas"", ""Clase alta"", ""Journalists, fiction"", ""Fiction, suspense"", ""Missing persons, fiction"", ""Stockholm (sweden), fiction"", ""Large type books"", ""Mikael Blomkvist (Fictitious character)"", ""Internet Archive Wishlis"", ""Translations into English"", ""Families"", ""Fictional Works"", ""Fiction, thrillers, suspense"", ""Women private investigators"", ""Mikael Blomkvist"", ""Lisbeth"", ""Investigative reporting"", ""Romans, nouvelles"", ""Journalistes"", ""Journalisme d'enquête"", ""Personnes disparues"", ""Enquêtes"", ""German language materials"", ""Junge Frau"", ""Belletristische Darstellung"", ""Verschwinden"", ""Journalist"", ""Aufklärung <Kriminologie>"", ""Familie"", ""Sexueller Missbrauch"", ""Faschismus"", ""Kriminalfall"", ""Aufklärung"", ""Kriminalroman"", ""Schwedisch"", ""Kriminalliteratur"", ""Text"", ""Fiction, mystery & detective, general""]","[""Fictitious characters: Lisbeth Salander"", ""Mikhael Blomkvist"", ""Erika Berger"", ""Holger Palmgrem"", ""Henrik Vanger"", ""Harriet Vanger"", ""Martin Vanger"", ""Gottfried Vanger"", ""Isabella Vanger"", ""Cecilia Vanger"", ""Anita Vanger"", ""Birger Vanger"", ""Harald Vanger"", ""Hans-Erik Wennerström"", ""Robert Lindberg"", ""William Borg"", ""Monica Abrahamsson"", ""Pernilla Abrahamsson"", ""Nils Bjurman"", ""Dirch Frode"", ""Dragan Armansky"", ""Plague"", ""Christer Malm"", ""Janne Dahlman"", ""Gustaf Morell"", ""Anna Nygren"", ""Gunnar Nilsson""]","[""Sweden"", ""Stockholm"", ""Hedeby Island"", ""Australia"", ""Miami"", ""Marbella"", ""Spain"", ""Stockholm (Sweden)""]","[""21st century""]"
book_c26e36ad07272ab3,3,"The House in the Cerulean Sea (Cerulean Chronicles, #1)",T.J. Klune,,393.0,"Fri, 07 May 2021 21:59:39 -0700","<b>A magical island. A dangerous task. A burning secret.</b> <br /><br />Linus Baker leads a quiet, solitary life. At forty, he lives in a tiny house with a devious cat and his old records. As a Case Worker at the Department in Charge of Magical Youth, he spends his days overseeing the well-being of children in government-sanctioned orphanages. <br /><br />When Linus is unexpectedly summoned by Extremely Upper Management he's given a curious and highly classified assignment: travel to Marsyas Island Orphanage, where six dangerous children reside: a gnome, a sprite, a wyvern, an unidentifiable green blob, a were-Pomeranian, and the Antichrist. Linus must set aside his fears and determine whether or not they’re likely to bring about the end of days. <br /><br />But the children aren’t the only secret the island keeps. Their caretaker is the charming and enigmatic Arthur Parnassus, who will do anything to keep his wards safe. As Arthur and Linus grow closer, long-held secrets are exposed, and Linus must make a choice: destroy a home or watch the world burn. <br /><br />An enchanting story, masterfully told, <i>The House in the Cerulean Sea</i> is about the profound experience of discovering an unlikely family in an unexpected place—and realizing that family is yours.",https://i.gr-assets.com/images/S/compressed.photo.goodreads.com/books/1569514209l/45047384._SY475_.jpg,OL20656224W,,openlibrary_work,high,"[""Serie:Cerulean_Chronicles"", ""American literature"", ""nyt:trade-fiction-paperback=2021-01-17"", ""New York Times bestseller"", ""LGBTQ science fiction & fantasy"", ""LGBTQ young adult"", ""Fiction, fantasy, paranormal"", ""Fiction, occult & supernatural"", ""Magic"", ""Fiction"", ""Orphans"", ""Children"", ""Orphanages"", ""Institutional care"", ""Social workers"", ""Mythical animals"", ""FICTION / Fantasy / Contemporary"", ""FICTION / Fantasy / Humorous"", ""FICTION / Fantasy / Romantic"", ""End of the world""]","[""Linus Baker"", ""Arthur Parnassus""]","[""Marsyas Island""]",[]
book_e5ed67fd4e36755f,3,"The Last Thing He Told Me (Hannah Hall, #1)",Laura Dave,1501171348,307.0,"Tue, 10 Feb 2026 19:17:12 -0800","A Goodreads Top 20 Book of the Last 5 Years<br />Don’t miss the #1 New York Times bestselling blockbuster and Reese Witherspoon Book Club Pick that’s sold over 5 million copies<br /><br />Before Owen Michaels disappears, he smuggles a note to his beloved wife of one year: Protect her. Despite her confusion and fear, Hannah Hall knows exactly to whom the note refers—Owen’s sixteen-year-old daughter, Bailey. Bailey, who lost her mother tragically as a child. Bailey, who wants absolutely nothing to do with her new stepmother.<br /><br />As Hannah’s increasingly desperate calls to Owen go unanswered, as the FBI arrests Owen’s boss, as a US marshal and federal agents arrive at her Sausalito home unannounced, Hannah quickly realizes her husband isn’t who he said he was. And that Bailey just may hold the key to figuring out Owen’s true identity—and why he really disappeared.<br /><br />Hannah and Bailey set out to discover the truth. But as they start putting together the pieces of Owen’s past, they soon realize they’re also building a new future—one neither of them could have anticipated.",https://i.gr-assets.com/images/S/compressed.photo.goodreads.com/books/1603034599l/54981009.jpg,OL24161797W,OL31887801M,openlibrary_work,high,"[""nyt:combined-print-and-e-book-fiction=2021-05-23"", ""New York Times bestseller"", ""Missing persons, fiction"", ""Fiction, family life"", ""Fiction, women"", ""Fiction, thrillers, general"", ""nyt:trade-fiction-paperback=2023-04-09"", ""Missing persons"", ""Investigation"", ""Fiction"", ""Secrecy"", ""Stepdaughters"", ""Families"", ""Thrillers"", ""Suspense"", ""Women"", ""Family Life"", ""General"", ""Stepfamilies""]",[],[],[]
book_40dafb324311372c,3,The Love Hypothesis,Ali Hazelwood,0593336828,373.0,"Sun, 08 Feb 2026 11:00:03 -0800","<b>When a fake relationship between scientists meets the irresistible force of attraction, it throws one woman's carefully calculated theories on love into chaos</b><br /><br />As a third-year Ph.D. candidate, Olive Smith doesn't believe in lasting romantic relationships—but her best friend does, and that's what got her into this situation. Convincing Anh that Olive is dating and well on her way to a happily ever after was always going to take more than hand-wavy Jedi mind tricks: Scientists require proof. So, like any self-respecting biologist, Olive panics and kisses the first man she sees.<br /><br />That man is none other than Adam Carlsen, a young hotshot professor—and well-known ass. Which is why Olive is positively floored when Stanford's reigning lab tyrant agrees to keep her charade a secret and be her fake boyfriend. And when a big science conference goes haywire, putting Olive's career on the Bunsen burner, Adam surprises her again with his unyielding support and even more unyielding. . . six-pack abs.<br /><br />Suddenly their little experiment feels dangerously close to combustion. And Olive discovers that the only thing more complicated than a hypothesis on love is putting her own heart under the microscope.",https://i.gr-assets.com/images/S/compressed.photo.goodreads.com/books/1747519081l/56732449._SY475_.jpg,OL24178205W,OL31917995M,openlibrary_work,high,"[""American literature"", ""New York Times bestseller"", ""Romantic fiction"", ""rom-com"", ""romance"", ""College Life"", ""Women authors"", ""women in STEM"", ""Contemporary Romance"", ""Contemporary"", ""Fiction"", ""Adult"", ""New Adult"", ""Young adults""]",[],[],[]
book_78f9698ad059050a,3,"The Midnight Library (The Midnight World, #1)",Matt Haig,0525559477,288.0,"Tue, 07 Apr 2026 15:42:54 -0700","Between life and death there is a library.<br /><br />When Nora Seed finds herself in the Midnight Library, she has a chance to make things right. Up until now, her life has been full of misery and regret. She feels she has let everyone down, including herself. But things are about to change.<br /><br />The books in the Midnight Library enable Nora to live as if she had done things differently. With the help of an old friend, she can now undo every one of her regrets as she tries to work out her perfect life. But things aren't always what she imagined they'd be, and soon her choices place the library and herself in extreme danger.<br /><br />Before time runs out, she must answer the ultimate question: what is the best way to live?",https://i.gr-assets.com/images/S/compressed.photo.goodreads.com/books/1602190253l/52578297.jpg,OL20965973W,OL61174737M,openlibrary_work,high,"[""nyt:combined-print-and-e-book-fiction=2020-10-18"", ""New York Times bestseller"", ""New York Times reviewed"", ""Fiction, science fiction, general"", ""Fiction, fantasy, general"", ""Future life"", ""Fiction"", ""Regret"", ""Choice (Psychology)"", ""Libraries"", ""Decision making"", ""Vie future"", ""Romans, nouvelles"", ""Choix (Psychologie)"", ""Bibliothèques"", ""Prise de décision"", ""Literary"", ""FICTION / Science Fiction / Time Travel"", ""FICTION / Women"", ""FICTION / Literary"", ""nyt:trade-fiction-paperback=2023-05-28""]",[],[],[]
book_a16de6405c62e340,3,Untamed,Glennon Doyle,1984801252,333.0,"Tue, 12 May 2020 15:45:42 -0700","Soulful and uproarious, forceful and tender, <i>Untamed</i> is both an intimate memoir and a galvanizing wake-up call. It is the story of how one woman learned that a responsible mother is not one who slowly dies for her children, but one who shows them how to fully live. It is the story of navigating divorce, forming a new blended family, and discovering that the brokenness or wholeness of a family depends not on its structure but on each member’s ability to bring her full self to the table. And it is the story of how each of us can begin to trust ourselves enough to set boundaries, make peace with our bodies, honor our anger and heartbreak, and unleash our truest, wildest instincts so that we become women who can finally look at ourselves and say: There She Is.",https://i.gr-assets.com/images/S/compressed.photo.goodreads.com/books/1585832694l/52129515.jpg,OL20652361W,OL27925867M,openlibrary_work,high,"[""Women, united states, biography"", ""Christian women"", ""Christian life"", ""Happiness"", ""nyt:combined-print-and-e-book-nonfiction=2020-03-29"", ""New York Times bestseller"", ""LGBTQ biography and memoir""]","[""Glennon Doyle Melton (1976-)""]",[],[]
book_71ef049a203b81e9,2,"A Court of Frost and Starlight (A Court of Thorns and Roses, #4)",Sarah J. Maas,1635575621,272.0,"Sat, 06 Jun 2026 08:54:49 -0700","Feyre, Rhysand, and their friends are still busy rebuilding the Night Court and the vastly altered world beyond, recovering from the war that changed everything. But Winter Solstice is finally approaching, and with it, the joy of a hard-earned reprieve. <br /><br />Yet even the festive atmosphere can't keep the shadows of the past from looming. As Feyre navigates her first Winter Solstice as High Lady, her concern for those dearest to her deepens. They have more wounds than she anticipated-scars that will have a far-reaching impact on the future of their court. <br /><br />Bridging the events of <i>A Court of Wings and Ruin</i> with the later books in the series, <i>A Court of Frost and Starlight</i> explores the far-reaching effects of a devastating war and the fierce love between friends.",https://i.gr-assets.com/images/S/compressed.photo.goodreads.com/books/1585622963l/50659471.jpg,OL19655889W,OL29858945M,openlibrary_work,high,"[""Children's fiction"", ""Fantasy fiction"", ""Courts and courtiers"", ""Fiction"", ""Imaginary wars and battles"", ""Winter solstice"", ""Fairies"", ""Love, fiction"", ""Fairies, fiction"", ""Magic"", ""Fantasy & Magic"", ""Fantasy"", ""Young adult literature"", ""collectionID:EanesChallenge"", ""Courts and courtiers, fiction"", ""nyt:combined-print-and-e-book-fiction=2024-04-28"", ""New York Times bestseller"", ""collectionID:AlpineChallenge"", ""series:A_Court_of_Thorns_and_Roses"", ""Tam Lin (Legendary character)"", ""Adaptations"", ""Juvenile fiction""]","[""Rhysand"", ""Feyre Archeron""]","[""Prythian""]",[]
book_7972f2b30cec2ac0,2,A Flicker in the Dark,Stacy Willingham,1250803845,384.0,"Wed, 22 Apr 2026 01:12:53 -0700","When Chloe Davis was twelve, six teenage girls went missing in her small Louisiana town. By the end of the summer, her own father had confessed to the crimes and was put away for life, leaving Chloe and the rest of her family to grapple with the truth and try to move forward while dealing with the aftermath.<br /><br />Now twenty years later, Chloe is a psychologist in Baton Rouge and getting ready for her wedding. While she finally has a fragile grasp on the happiness she’s worked so hard to achieve, she sometimes feels as out of control of her own life as the troubled teens who are her patients. So when a local teenage girl goes missing, and then another, that terrifying summer comes crashing back. Is she paranoid, seeing parallels from her past that aren't actually there, or for the second time in her life, is Chloe about to unmask a killer?<br /><br />From debut author Stacy Willingham comes a masterfully done, lyrical thriller, certain to be the launch of an amazing career. A Flicker in the Dark is eerily compelling to the very last page.",https://i.gr-assets.com/images/S/compressed.photo.goodreads.com/books/1666573811l/59808291.jpg,OL24592608W,OL36664539M,openlibrary_work,high,"[""nyt:hardcover-fiction=2022-01-30"", ""New York Times bestseller"", ""Fiction, thrillers, psychological"", ""Baton rouge (la.), fiction"", ""Fiction, mystery & detective, women sleuths""]",[],[],[]
book_0b912917cca649de,2,"A Forbidden Alchemy (The Artisan Trilogy, #1)",Stacey McEwan,1668076187,470.0,"Thu, 02 Apr 2026 19:32:15 -0700","<b>Porywające romantasy, które zabiera czytelnika w świat tajemnic zmieniających wszystko, wojny klas oraz miłości, która musi stawić czoło tęsknocie, zdradzie i bolesnym sekretom.</b><br /><br /><b>Odkrycie, które zmienia wszystko.</b><br /><br />Nina Harrow i Patrick Colson mają po dwanaście lat, kiedy opuszczają zaniedbane górnicze miasteczka i trafiają do olśniewającego miasta Belavere, by odkryć, czy posiadają magiczny potencjał. Specjalny test pokaże, czy zostaną Kunsztownikami, klasą, która włada potężną magią żywiołów, czy Wyrobnikami, którzy służyć będą elitom stolicy.<br /><br />Akademia Kunsztu jest dla Niny spełnieniem marzeń o ucieczce od surowej rzeczywistości. Z kolei Patrick pragnie powrócić do swojej rodziny Wyrobników, której członkowie dzięki niezwykłej sile fizycznej wspierają funkcjonowanie miasta, dostarczając mu wydobywane w kopalniach idium.<br /><br /><b>Po dwóch stronach barykady.</b><br /><br />Kiedy Nina i Patrick odkrywają przerażającą prawdę, ich drogi się rozchodzą i każde musi samodzielnie dźwigać ciężar sekretu. Lata później Wyrobnicy wzniecają rebelię, a Nina i Patrick stają po przeciwnych stronach barykady. Zrządzeniem losu Nina zostaje pojmana przez oddział buntowników pod dowództwem Patricka, który nigdy o niej nie zapomniał i teraz rozpaczliwie potrzebuje jej pomocy w ważnej misji. Nina staje przed dramatycznym wyborem, od którego zależy los jej świata i… własne szczęście.",https://i.gr-assets.com/images/S/compressed.photo.goodreads.com/books/1740604113l/213660564._SY475_.jpg,OL42549171W,OL57758314M,openlibrary_work,high,[],[],[],[]
book_fe23b12e80870181,2,A Walk to Remember,Nicholas Sparks,,215.0,"Sat, 07 Mar 2020 20:30:28 -0800","There was a time when the world was sweeter...when the women in Beaufort, North Carolina, wore dresses, and the men donned hats...when something happened to a seventeen-year-old boy that would change his life forever. Every April, when the wind blows in from the sea and mingles with the scent of lilacs, Landon Carter remembers his last year at Beaufort High. It was 1958, and Landon had already dated a girl or two. He even swore that he had once been in love. Certainly the last person in town he thought he'd fall for was Jamie Sullivan, the daughter of the town's Baptist minister. A quiet girl who always carried a Bible with her schoolbooks, Jamie seemed content living in a world apart from the other teens. She took care of her widowed father, rescued hurt animals, and helped out at the local orphanage. No boy had ever asked her out. Landon would never have dreamed of it. Then a twist of fate made Jamie his partner for the homecoming dance, and Landon Carter's life would never be the same. Being with Jamie would show him the depths of the human heart and lead him to a decision so stunning it would send him irrevocably on the road to manhood. No other author today touches our emotions more deeply than Nicholas Sparks.<br />Illuminating both the strength and the gossamer fragility of our deepest emotions, his two New York Times bestsellers, <i>The Notebook</i> and <i>Message in a Bottle</i>, have established him as the leading author of today's most cherished love stories. Now, in <i>A Walk to Remember</i>, he tells a truly unforgettable story, one that glimmers with all of his magic, holding us spellbound-and reminding us that in life each of us may find one great love, the kind that changes everything...",https://i.gr-assets.com/images/S/compressed.photo.goodreads.com/books/1498755310l/35545737._SY475_.jpg,OL54813W,,openlibrary_work,high,"[""Fiction"", ""Teenage boys"", ""Children of clergy"", ""First loves"", ""Bildungsroman"", ""Love stories"", ""Fiction, romance, contemporary"", ""North carolina, fiction"", ""Large type books"", ""Study and teaching"", ""Fiction, romance, general""]","[""Landon and Jamie""]","[""Beaufort (N.C.)"", ""North Carolina""]",[]
book_8cc6904f3fbd0204,2,"A Wrinkle in Time (Time Quintet, #1)",Madeleine L'Engle,0440498058,211.0,"Fri, 06 Jan 2017 13:01:14 -0800","Winner of the 1963 Newbery Medal<br /><br /><b>It was a dark and stormy night.</b><br /><br />Out of this wild night, a strange visitor comes to the Murry house and beckons Meg, her brother Charles Wallace, and their friend Calvin O'Keefe on a most dangerous and extraordinary adventure—one that will threaten their lives and our universe.<br /><br /><i>A Wrinkle in Time</i> is the first book in Madeleine L'Engle's classic Time Quintet.",https://i.gr-assets.com/images/S/compressed.photo.goodreads.com/books/1329061522l/18131.jpg,OL41495W,OL26318808M,openlibrary_work,high,"[""Love"", ""sci-fi"", ""Newbery Medal"", ""Open Library Staff Picks"", ""Juvenile fiction"", ""Space and time"", ""Fiction"", ""Science fiction"", ""Friendship in adolesce"", ""Time travel"", ""Murry family (Fictitious character)"", ""Brothers and sisters"", ""Extraterrestrial beings"", ""Friendship"", ""Science Fiction, Fantasy, & Magic"", ""Classics"", ""Spanish: Young Adult (Gr. 10-12)"", ""Juvenile Fiction - Classics"", ""Văn học Mĩ"", ""Tiểu thuyết"", ""Missing persons"", ""Gifted children"", ""Newbery Medal books"", ""Families"", ""Family life"", ""Reading Level-Grade 7"", ""Reading Level-Grade 9"", ""Reading Level-Grade 8"", ""Reading Level-Grade 11"", ""Reading Level-Grade 10"", ""Reading Level-Grade 12"", ""Children's fiction"", ""Fantasy fiction"", ""Murry family (fictitious character), fiction"", ""Fathers and daughters, fiction"", ""Friendship, fiction"", ""Murry family (Fictitious characters)"", ""Adventure and adventurers, fiction"", ""American fiction"", ""Moral and ethical aspects"", ""Responsibility"", ""Decision making"", ""Good and evil"", ""A wrinkle in time"", ""Espacio y tiempo"", ""Novela"", ""Viaje en el tiempo"", ""Poopnce"", ""award:Newbery_award"", ""lexile:740"", ""lexile_range:701-800""]",[],[],[]
book_3e00d5aeb8fa0f64,2,All We Hunger For,Anna Mercier,125041668X,400.0,"Fri, 24 Apr 2026 10:14:21 -0700","<b>A young woman sneaks her way into a magical baking contest but gets pulled into an elusive aristocrat's lavish world and his nefarious plan as rebellion brews in their city―for fans of <i>A Magic Steeped in Poison</i>.</b><br /><br />In Anespérer, where magic comes alive through artistic skill, Elara Rousseau knows she'll never be selected for the Objet d’Art. The high-stakes baking competition will elect a new Souverain to join the ruling council, and someone from the slums would never be considered. But when a brooding figure from her past sneaks her into the Objet, Elara has the chance to compete for a better future... as long as no one uncovers her traitorous secret.<br /><br />Nikolas Dupont will do whatever it takes to impress his powerful father, a Souverain who hasn't officially recognized his son―like handpick a contestant to win and become his father's political pawn. But Elara is more than he bargained for, and she ignites his own subdued passions.<br /><br />Against all odds, Elara excels and becomes a hero to the city's poor, all while Nik’s faith in his father crumbles and the sparks between them burn brighter. As the competition heats up, Elara and Nik must choose: fight to win the competition and secure a future of safety for them both, or use the power of Elara’s art to spark a revolution.",https://i.gr-assets.com/images/S/compressed.photo.goodreads.com/books/1757000150l/237615241._SX318_.jpg,OL45867920W,OL62414744M,openlibrary_work,high,[],[],[],[]
book_7c9d1f4279bc3229,2,All the Light We Cannot See,Anthony Doerr,1476746583,531.0,"Fri, 06 Jan 2017 13:11:50 -0800","Marie-Laure lives in Paris near the Museum of Natural History, where her father works. When she is twelve, the Nazis occupy Paris and father and daughter flee to the walled citadel of Saint-Malo, where Marie-Laure's reclusive great uncle lives in a tall house by the sea. With them they carry what might be the museum's most valuable and dangerous jewel. <br /><br />In a mining town in Germany, Werner Pfennig, an orphan, grows up with his younger sister, enchanted by a crude radio they find that brings them news and stories from places they have never seen or imagined. Werner becomes an expert at building and fixing these crucial new instruments and is enlisted to use his talent to track down the resistance. Deftly interweaving the lives of Marie-Laure and Werner, Doerr illuminates the ways, against all odds, people try to be good to one another. <br /><br />From the highly acclaimed, multiple award-winning Anthony Doerr, the stunningly beautiful instant <i>New York Times</i> bestseller about a blind French girl and a German boy whose paths collide in occupied France as both try to survive the devastation of World War II. <br /><br /><i>An alternate cover for this ISBN can be found <a href=""https://www.goodreads.com/book/show/25210408-all-the-light-we-cannot-see"" rel=""nofollow noopener"">here</a></i>",https://i.gr-assets.com/images/S/compressed.photo.goodreads.com/books/1451445646l/18143977.jpg,OL16821606W,OL46538333M,openlibrary_work,high,"[""Blind"", ""FICTION / General"", ""Fiction"", ""Youth"", ""World War, 1939-1945"", ""FICTION / Literary"", ""FICTION / Historical"", ""History"", ""Reading Level-Grade 9"", ""Reading Level-Grade 11"", ""Reading Level-Grade 10"", ""Reading Level-Grade 12"", ""Large type books"", ""Fiction, historical"", ""World war, 1939-1945, fiction"", ""Germany, fiction"", ""France, fiction"", ""Literary"", ""General"", ""Historical"", ""Amerikanisches Englisch"", ""nyt:trade-fiction-paperback=2017-04-23"", ""New York Times bestseller"", ""nyt:hardcover-fiction=2014-05-25"", ""New York Times reviewed"", ""nyt:e-book-fiction=2014-06-08"", ""Juventud"", ""Guerra Mundial II, 1939-1945"", ""Ciegos"", ""Historia"", ""Novela"", ""Novela histórica"", ""Survival"", ""American fiction"", ""Friendship"", ""Fiction, historical, general"", ""18.06 Anglo-American literature"", ""Berliner Mauer"", ""Bildungsromans"", ""Fathers and daughters"", ""People with disabilities"", ""Historical fiction"", ""Children"", ""Roman"", ""Tweede Wereldoorlog"", ""Personnes aveugles"", ""Romans, nouvelles"", ""Guerre mondiale, 1939-1945"", ""Jeunesse"", ""German Occupation of France (1940-1945) fast (OCoLC)fst01353176"", ""World War (1939-1945) fast (OCoLC)fst01180924"", ""Portuguese language materials"", ""Enfants aveugles"", ""Enfants et guerre"", ""Histoire"", ""World War 2"", ""France""]",[],"[""Paris"", ""Saint-Malo"", ""Germany"", ""Russia"", ""France"", ""Saint-Malo (France)"", ""Francia""]","[""World War II"", ""German occupation, 1940-1945"", ""Ocupación alemana, 1940-1945"", ""Francia"", ""Alemania""]"
book_76ff1bc55bbc441f,2,An Infinite Love Story,Chanel Cleeton,0593816935,352.0,"Sun, 22 Mar 2026 09:18:40 -0700","<b>When an astronaut is lost in space, his wife relives their epic love as she attempts to unravel what truly happened to him, in this sweeping love story set against the backdrop of the 1960s Space Race, from the <i>New York Times</i> bestselling author of <i>The Lost Story of Eva Fuentes</i>.<br /></b><br />When Joe Mitchell launches into space, the world is watching. It’s 1968, and the country waits with anticipation and excitement for another successful mission, another celebration as America sets its sights on the Moon. And then comes the knock at the door.<br /><br />Joe Mitchell’s spacecraft has lost contact. He and his fellow astronauts onboard are feared to be dead. It’s his wife Vivian’s worst nightmare come to life, her grief suddenly taking center stage as the nation waits and mourns. In her quiet moments, Vivian relives their memorable story, unable to accept that this is the end to a love that felt as though it was written in the stars.<br /><br />As the investigation surrounding Joe’s lost spacecraft intensifies and the mishap is written off as an operator error, Vivian is determined to clear her husband’s name and uncover the mystery of what happened in space. When someone starts sending Vivian messages—messages she believes only Joe could send—she begins to wonder if their love is stronger than space and time, and she’ll do whatever it takes to bring her husband back to her.",https://i.gr-assets.com/images/S/compressed.photo.goodreads.com/books/1763798656l/242512660._SY475_.jpg,OL45745143W,,openlibrary_work,high,[],[],[],[]
book_0d297a7510cce2ab,2,"Anathema (The Eating Woods, #1)",Keri Lake,,690.0,"Sat, 14 Mar 2026 16:24:13 -0700","From the author of Nocticadia comes a spellbinding gothic dark fantasy about a shunned woman who is forced beyond the mortal realm's forbidden boundary, into a terrifying world of cursed souls and grotesque creatures.<br /><br />Only the banished know what lies beyond the woods ...<br /><br />There are whispers about what lurks in Witch Knell—the forest where sinners go to die. The villagers call it The Eating Woods because what’s taken is never given back. Only those who’ve lost their senses would dare to go near it.<br /><br />Or the banished.<br /><br />Maevyth Bronwick knows better than to breach the misty labyrinth of trees, but a tragic turn of events compels her beyond the archway of bones, to a boundary no mortal has crossed before. One that cloaks a dark and fantastical world that’s as dangerous as it is alluring.<br /><br />It’s there that he dwells, the cursed lord of Eidolon. The one tasked to keep her hidden from the magehood that seeks to crucify her in the name of an arcane prophesy. Zevander Rydainn, known to his prey as The Scorpion, is the coldest, most calculated assassin in all of Aethyria and he’d sooner toss his feisty ward to a pack of vicious fyredrakes than keep her safe.<br /><br />If only he could.<br /><br />Maevyth’s blood is the key to breaking his despised curse and vanquishing the slumbering evil in Witch Knell. Unfortunately for Lord Rydainn, fate has other plans for the irresistible little enchantress. And his growing obsession with her threatens to destroy everything.<br /><br />Including himself.<br /><br />Anathema is a full-length, gothic dark fantasy, the first book in The Eating Woods duology. Perfect for readers who enjoy a plot-heavy and atmospheric story with a unique magic system, a slow-burn romance and a touch of horror.",https://i.gr-assets.com/images/S/compressed.photo.goodreads.com/books/1712326978l/209741142._SY475_.jpg,OL44556720W,,openlibrary_work,high,[],[],[],[]
book_804f4abaca4e1440,2,Atomic Habits: An Easy & Proven Way to Build Good Habits & Break Bad Ones,James Clear,,319.0,"Thu, 24 Oct 2024 12:39:56 -0700","No matter your goals, <i>Atomic Habits</i> offers a proven framework for improving—every day. James Clear, one of the world's leading experts on habit formation, reveals practical strategies that will teach you exactly how to form good habits, break bad ones, and master the tiny behaviors that lead to remarkable results.<br /><br />If you're having trouble changing your habits, the problem isn't you. The problem is your system. Bad habits repeat themselves again and again not because you don't want to change, but because you have the wrong system for change. You do not rise to the level of your goals. You fall to the level of your systems. Here, you'll get a proven system that can take you to new heights.<br /><br />Clear is known for his ability to distill complex topics into simple behaviors that can be easily applied to daily life and work. Here, he draws on the most proven ideas from biology, psychology, and neuroscience to create an easy-to-understand guide for making good habits inevitable and bad habits impossible. Along the way, readers will be inspired and entertained with true stories from Olympic gold medalists, award-winning artists, business leaders, life-saving physicians, and star comedians who have used the science of small habits to master their craft and vault to the top of their field.<br /><br />Learn how to:<br />- Make time for new habits (even when life gets crazy);<br />- Overcome a lack of motivation and willpower;<br />- Design your environment to make success easier;<br />- Get back on track when you fall off course;<br />...and much more.<br /><br /><i>Atomic Habits</i> will reshape the way you think about progress and success, and give you the tools and strategies you need to transform your habits--whether you are a team looking to win a championship, an organization hoping to redefine an industry, or simply an individual who wishes to quit smoking, lose weight, reduce stress, or achieve any other goal.",https://i.gr-assets.com/images/S/compressed.photo.goodreads.com/books/1655988385l/40121378.jpg,,,title_author,medium,[],[],[],[]
book_150df1e99bc73021,2,"Before I Let Go (Skyland, #1)",Kennedy Ryan,1538706792,391.0,"Tue, 18 Oct 2022 09:19:48 -0700","Their love was supposed to last forever. But when life delivered blow after devastating blow, Yasmen and Josiah Wade found that love alone couldn’t solve or save everything.<br /><br /> It couldn’t save their marriage.<br /><br /> Yasmen wasn’t prepared for how her life fell apart, but she is finally starting to find joy again. She and Josiah have found a new rhythm, co-parenting their two kids and running a thriving business together. Yet like magnets, they’re always drawn back to each other, and now they’re beginning to wonder if they’re truly ready to let go of everything they once had.<br /><br /> Soon, one stolen kiss leads to another…and then more. It's hot. It's illicit. It's all good—until old wounds reopen. Is it too late for them to find forever? Or could they even be better, the second time around?<br /><br /><b>Award-winning and bestselling ""powerhouse"" author Kennedy Ryan is at her absolute best in this compelling, scorching novel about hope and healing, and what it truly means to love for a lifetime (<i>USA Today).</i></b>",https://i.gr-assets.com/images/S/compressed.photo.goodreads.com/books/1663130429l/60568471.jpg,OL27850288W,OL38064597M,openlibrary_work,high,"[""romance"", ""Fiction"", ""Contemporary"", ""love"", ""Marriage"", ""Psychological fiction""]","[""Yasmen Wade"", ""Josiah Wade""]",[],[]
book_2a61c423f7b6de3a,2,Big Little Lies,Liane Moriarty,0399167064,460.0,"Tue, 21 Mar 2017 08:49:21 -0700","Sometimes it’s the little lies that turn out to be the most lethal...<br /><br />A murder . . . a tragic accident . . . or just parents behaving badly? <br />What’s indisputable is that someone is dead. <br />But who did what?<br /><br />Big Little Lies follows three women, each at a crossroads: <br /><br />Madeline is a force to be reckoned with. She’s funny and biting, passionate, she remembers everything and forgives no one. Her ex-husband and his yogi new wife have moved into her beloved beachside community, and their daughter is in the same kindergarten class as Madeline’s youngest (how is this possible?). And to top it all off, Madeline’s teenage daughter seems to be choosing Madeline’s ex-husband over her. (How. Is. This. Possible?).<br /><br />Celeste is the kind of beautiful woman who makes the world stop and stare. While she may seem a bit flustered at times, who wouldn’t be, with those rambunctious twin boys? Now that the boys are starting school, Celeste and her husband look set to become the king and queen of the school parent body. But royalty often comes at a price, and Celeste is grappling with how much more she is willing to pay. <br /><br />New to town, single mom Jane is so young that another mother mistakes her for the nanny. Jane is sad beyond her years and harbors secret doubts about her son. But why? While Madeline and Celeste soon take Jane under their wing, none of them realizes how the arrival of Jane and her inscrutable little boy will affect them all.<br /><br />Big Little Lies is a brilliant take on ex-husbands and second wives, mothers and daughters, schoolyard scandal, and the dangerous little lies we tell ourselves just to survive.",https://i.gr-assets.com/images/S/compressed.photo.goodreads.com/books/1594851437l/19486412._SY475_.jpg,OL17116911W,OL25687542M,openlibrary_work,high,"[""Suburbs"", ""Murder"", ""Families"", ""Schools"", ""Divorce"", ""Parents"", ""Fiction"", ""Parenting"", ""Mystery fiction"", ""Female friendship"", ""Truthfulness and falsehood"", ""Domestic fiction"", ""Fiction, suspense"", ""Friendship, fiction"", ""Fiction, women"", ""Fiction, family life"", ""nyt:hardcover-fiction=2014-08-17"", ""New York Times bestseller"", ""New York Times reviewed"", ""Fiction, thrillers, suspense"", ""Fiction, family life, general"", ""Women"", ""nyt:trade-fiction-paperback=2015-08-30"", ""Type A behavior"", ""Large type books"", ""FICTION / Contemporary Woen"", ""Fiction, thrillers, general"", ""Fiction, media tie-in"", ""Mystery"", ""Contemporary"", ""Thriller"", ""Mystery Thriller"", ""Chick Lit"", ""Adult Fiction""]",[],[],"[""Present""]"
book_91c2e938d4b6cbd2,2,"Binding 13 (Boys of Tommen, #1)",Chloe Walsh,1728299950,618.0,"Sat, 28 Feb 2026 11:06:55 -0800","<b>An epic and unforgettable love story begins in <i>Binding 13</i>, the first in the international bestselling and TikTok-phenomenon The Boys of Tommen series, from Chloe Walsh.<br /><br />He wants to save her. She wants to hide.<br /><br />She's damaged. He's determined.<br /><br />Fate brought them together. Love binds them.</b><br />Johnny Kavanagh is the definition of popular. He is an all-star rugby player with loads of friends, which means he should be enjoying the many perks of his life. But what people don't know is that he has been dealing with a painful injury that could halt the magnificent trajectory of his career. This means he has no time for distractions or mistakes. Especially not a girlfriend.<br /><br />Shannon Lynch has been bullied all her life. She is shy and would rather hide herself away to make it through school. But when she arrives at Tommen College for a fresh start, she meets the notorious Johnny Kavanagh on her first day in a not-so-romantic way. What follows is a complicated friendship that turns into undeniable chemistry. It seems that Shannon won't be able to hold onto the anonymous status she once hoped for. But maybe that's alright?<br /><br />Johnny won't give up on Shannon. No matter what it might cost them both.",https://i.gr-assets.com/images/S/compressed.photo.goodreads.com/books/1698653725l/146943294._SY475_.jpg,OL35677398W,,openlibrary_work,high,"[""Series:Boys-of-Tommen""]",[],[],[]
book_d1ca1e362ac53853,2,"Blood Bound (Cursed Covenant, #1)",Ellis Hunter,1668233134,485.0,"Tue, 14 Apr 2026 21:08:12 -0700","<b>A debut high-stakes fantasy romance trilogy set against a once-in-a-generation duel to the death between rival witches and dragon riders as they battle to control the source of all magic in their kingdoms. Perfect for fans of <i>Fourth Wing</i>, <i>Throne of Glass</i>, and <i>Quicksilver</i>.</b><br /><br /><i>You duel or you die.</i><br /><br />Astrid has always known she is destined to die. She is the last Nachstern witch and heir to the Queendom of Arturea, cursed by a centuries-old covenant to duel the heir to the Kingdom of Vatra for the source of all magic: the Heart. And now Astrid’s time is up. She is heading into enemy territory to face Prince Zryan, the most powerful dragon rider in eons, with only her familiar, her potions, and her wits to aid her. She is going to die, and any chance her queendom has of curing the Blight that’s ravaging the lands and killing her people will die with her.<br /><br />Meanwhile, deep in dragon country, Skylar and her travelling troupe arrive in Vatra’s capital, ready to profit off the legions of spectators swarming to the city ahead of the duel. She despises the royals and all they stand for, especially as the King’s guard murdered her mother. But when her best friend disappears, suspected to have been taken in the conscription, her search takes her closer to the royals than she ever could have imagined.<br /><br />As the duel looms over the kingdom, Skylar and Astrid’s fates intertwine. They must battle a growing rebellion, their inner demons, and ultimately, those they love most, to determine if together they will save—or doom—their world.",https://i.gr-assets.com/images/S/compressed.photo.goodreads.com/books/1763738088l/241908745._SY475_.jpg,,,isbn,high,[],[],[],[]
book_66898b4cc15196dc,2,"Blood of Hercules (Villains of Lore, #1)",Jasmine Mas,,481.0,"Fri, 13 Feb 2026 22:02:13 -0800","Step into the Coliseum at the Spartan War Academy where monsters are made, immortality is won, and even a god can die…<br /><br />Alexis Hert isn’t a hero, and she certainly isn’t a god. All she’s ever been is a survivor.<br /><br />But the Fates disagree.<br /><br />When a blood test leads to her admittance at the Spartan War Academy, she’ll have to do more than merely survive.<br /><br />Alexis will have to claim her birthright: immortality.<br /><br />But immortality is a privilege, one earned in the crucible of the academy, where the heroes are villains and classrooms battlegrounds. While gladiators Achilles and Patro, her demanding mentors, hone her into a warrior, Augustus and Kharon, her professors and the brooding heirs to the underworld, haunt her steps and her thoughts.<br /><br />Because where there are gods, there are bound to be monsters, and there is more than one hunting Alexis…",https://i.gr-assets.com/images/S/compressed.photo.goodreads.com/books/1726257619l/218550582._SY475_.jpg,OL38674468W,,openlibrary_work,high,"[""Fiction, romance, general"", ""Fiction, fantasy, general""]",[],[],[]
book_cc4a741f87709d7c,2,Book Lovers,Emily Henry,0593334833,377.0,"Thu, 03 Mar 2022 20:31:19 -0800","<b>One summer. Two rivals. A plot twist they didn't see coming....</b><br /><br />Nora Stephens’ life is books—she’s read them all—and she is not that type of heroine. Not the plucky one, not the laidback dream girl, and especially not the sweetheart. In fact, the only people Nora is a heroine for are her clients, for whom she lands enormous deals as a cutthroat literary agent, and her beloved little sister Libby.<br /><br />Which is why she agrees to go to Sunshine Falls, North Carolina for the month of August when Libby begs her for a sisters’ trip away—with visions of a small-town transformation for Nora, who she’s convinced needs to become the heroine in her own story. But instead of picnics in meadows, or run-ins with a handsome country doctor or bulging-forearmed bartender, Nora keeps bumping into Charlie Lastra, a bookish brooding editor from back in the city. It would be a meet-cute if not for the fact that they’ve met many times and it’s never been cute.<br /><br />If Nora knows she’s not an ideal heroine, Charlie knows he’s nobody’s hero, but as they are thrown together again and again—in a series of coincidences no editor worth their salt would allow—what they discover might just unravel the carefully crafted stories they’ve written about themselves.",https://i.gr-assets.com/images/S/compressed.photo.goodreads.com/books/1638867089l/58690308.jpg,OL24801992W,OL34990822M,openlibrary_work,high,"[""Romance"", ""Fiction"", ""Contemporary"", ""Contemporary Romance"", ""Adult"", ""Books About Books""]",[],[],[]
book_976a1bef6b82402b,2,Braiding Sweetgrass,Robin Wall Kimmerer,1571313567,386.0,"Wed, 22 Apr 2026 01:05:49 -0700","<p>As a botanist, Robin Wall Kimmerer has been trained to ask questions of nature with the tools of science. As a member of the Citizen Potawatomi Nation, she embraces the notion that plants and animals are our oldest teachers. In <i>Braiding Sweetgrass</i>, Kimmerer brings these lenses of knowledge together to show that the awakening of a wider ecological consciousness requires the acknowledgment and celebration of our reciprocal relationship with the rest of the living world. For only when we can hear the languages of other beings are we capable of understanding the generosity of the earth, and learning to give our own gifts in return.</p><p>""Robin Wall Kimmerer writes about the natural world from a place of such abundant passion that one can never quite see the world the same way after having seen it through her eyes. In <i>Braiding Sweetgrass</i>, she takes us on a journey that is every bit as mythic as it is scientific, as sacred as it is historical, as clever as it is wise.""<br />—Elizabeth Gilbert, author of <i>Eat, Pray, Love</i> and <i>The Signature of All Things</i></p><p>""Robin Wall Kimmerer shows how the factual, objective approach of science can be enriched by the ancient knowledge of the indigenous people. It is the way she captures beauty that I love the most—the images of giant cedars and wild strawberries, a forest in the rain and a meadow of fragrant sweetgrass will stay with you long after you read the last page.""<br />—Jane Goodall, author of <i>Seeds of Hope</i> and <i>My Life with the Chimpanzees</i></p><p>""Everyone who cares about the environment—and everyone else, period—should have <i>Braiding Sweetgrass</i> on their table. It captures the true reverence between Native Americans and the earth, the relationship that we need to survive.""<br />—Oren Lyons, Faithkeeper, Onondaga Nation and Indigenous Environmental Leader</p>",https://i.gr-assets.com/images/S/compressed.photo.goodreads.com/books/1403405884l/20763843.jpg,OL16819897W,OL26434282M,openlibrary_work,high,"[""Botany"", ""Ecology"", ""Potawatomi Indians"", ""Indian philosophy"", ""Philosophy of nature"", ""Human-plant relationships"", ""Effect of human beings on"", ""Nature"", ""Indigenous peoples"", ""Philosophy"", ""Social life and customs"", ""Human ecology"", ""Biography"", ""SCIENCE / Life Sciences / Botany"", ""SOCIAL SCIENCE / Ethnic Studies / Native American Studies"", ""NATURE / Essays"", ""NATURE / Plants / General"", ""Nature, effect of human beings on"", ""Indians of north america, middle west"", ""Indians of north america, social life and customs"", ""nyt:paperback-nonfiction=2020-02-09"", ""New York Times bestseller"", ""Ethnoecology"", ""North American Indians"", ""Brauchtum"", ""Indianer"", ""Indigenes Volk"", ""Lokales Wissen"", ""Natur"", ""Naturphilosophie"", ""Ökologie"", ""Potawatomi"", ""Weisheit"", ""Indians of North America"", ""Essays"", ""Plants"", ""General"", ""Science"", ""Life Sciences"", ""Philosophie autochtone"", ""Ethnoécologie"", ""Philosophie de la nature"", ""Écologie humaine"", ""Philosophie"", ""Homme"", ""Influence sur la nature"", ""Relations homme-plante"", ""Botanique"", ""Potéouatamis"", ""Biographies"", ""Moeurs et coutumes"", ""Philosophie indienne d'Amérique"", ""Potawatomi (Indiens)"", ""Mœurs et coutumes"", ""Livres numériques"", ""Indiens d'Amérique"", ""E-books"", ""SOCIAL SCIENCE"", ""Discrimination & Race Relations"", ""Minority Studies"", ""Naturverständnis"", ""Botanik"", ""Electronic books"", ""the great longing"", ""hope"", ""Indigenous women"", ""Indigenous people"", ""Indigenous knowledge"", ""Indigenous knowledge - Health and medicine"", ""Indigenous knowledge - World view"", ""Indigenous knowledge - Ecology"", ""wisdom"", ""Sacred books"", ""Sacred space"", ""Sacred songs"", ""Sacred texts"", ""Modern Philosophy"", ""Philosophy and aesthetics"", ""Ancient Philosophy"", ""Sociolinguistics"", ""Religion and sociology"", ""Sociology of Knowledge"", ""Socioeconomic Factors"", ""The Holy"", ""holy spirit"", ""Spirituality"", ""Spiritual life"", ""Spiritualism"", ""Spiritual healing"", ""Religion & Spirituality"", ""New Age / Body, Mind & Spirit"", ""Spiritual Gifts"", ""BODY, MIND & SPIRIT / Nature Therapy"", ""Roots"", ""Roots (Botany)"", ""Ancestry"", ""English language"", ""Language and languages"", ""Language"", ""American indigenous languages"", ""Languages"", ""North & Central American indigenous languages"", ""Indigenous languages"", ""biocentrism"", ""Social sciences"", ""Earth sciences"", ""Herbs"", ""Herbicides"", ""Herbals"", ""Herb gardening"", ""Environmental protection"", ""Gardening"", ""rivers"", ""water"", ""sea"", ""land"", ""landscape"", ""Emigration and immigration"", ""Immigrants"", ""United states, emigration and immigration"", ""Women immigrants"", ""immigration"", ""Origin of species"", ""origin stories"", ""Genesis"", ""Bible"", ""Biblical teaching"", ""Bible, study and teaching"", ""Bible, criticism, interpretation, etc."", ""English Bible stories"", ""Women in the Bible"", ""Ancient History"", ""Ancient Geography"", ""Sweetgrass baskets"", ""sweetgrass"", ""arbres"", ""écosystème"", ""écologie"", ""foin d'odeur"", ""cercle de vie"", ""cercle de vie et de mort"", ""économie de subsistance"", ""économie de don"", ""peuples indigènes"", ""droits des indigènes"", ""indigènes américains"", ""terre"", ""sol"", ""pacanier"", ""spiritualité"", ""sociologie"", ""civilisation"", ""primitivisme"", ""méthode scientifique"", ""science indigène"", ""mouvement environnemental"", ""justice sociale"", ""activisme"", ""climat"", ""environnement"", ""espoir"", ""sagesse indigène"", ""fruits"", ""règne végétal"", ""règne animal"", ""animaux"", ""unité"", ""fraises"", ""générosité"", ""matriarcat"", ""terre mère"", ""tressage"", ""féminisme radical"", ""féminisme"", ""droits des femmes"", ""libération des femmes"", ""économie du don"", ""cadeau"", ""matrifocalité"", ""soins"", ""réciprocité"", ""vie"", ""vie végétale"", ""relations homme-environnement"", ""relations femmes-environnement"", ""baies"", ""racines"", ""économie"", ""culture des marchandises"", ""capitalisme"", ""culture"", ""critique de la culture"", ""anticapitalisme"", ""humanité"", ""empathie"", ""solidarité"", ""communauté"", ""soins de proximité"", ""résistance"", ""communisme"", ""propriété privée"", ""économie de marché"", ""justice"", ""politique"", ""histoires"", ""histoire"", ""histoire indigène"", ""histoire des amériques"", ""tabac sacré"", ""tabac"", ""rituels sacrés"", ""langue indigène"", ""langue"", ""laguages"", ""langues oubliées"", ""botánica"", ""hierba sagrada"", ""Hierbas medicinales y aromáticas"", ""Hierbas"", ""Hierbas medicinales y aromaticas"", ""naturaleza"", ""medio ambiente"", ""ecología"", ""sociología"", ""naturaleza humana"", ""seres humanos"", ""relaciones hombre-animal"", ""tierra"", ""suelo"", ""plantas"", ""animales"", ""vida vegetal"", ""vida"", ""fresas"", ""nueces"", ""comunicación vegetal"", ""lenguaje"", ""ciencia"", ""lenguaje de las plantas"", ""lenguaje de la ciencia"", ""lenguaje científico"", ""culturas"", ""culturas indígenas"", ""indígenas americanos"", ""américas"", ""relaciones mujer-animal"", ""mujer"", ""Mujeres"", ""derechos de la mujer"", ""madre tierra"", ""trenzado"", ""necesidades indígenas"", ""clima"", ""activismo"", ""cuidado"", ""economía"", ""economía del cuidado"", ""economía del regalo"", ""matrifocalidad"", ""matriarcado"", ""feminismo"", ""feminismo radical"", ""reciprocidad"", ""regalo"", ""gratitud"", ""esperanza"", ""lengua indígena"", ""comunidad"", ""comunidades indígenas"", ""américa del norte"", ""américa del sur"", ""descolonización"", ""colonización"", ""movimiento poscolonial"", ""colonialismo"", ""pecas"", ""árboles de nuez de peca"", ""tabaco"", ""tabaco sagrado"", ""Historia sagrada"", ""Textos sagrados"", ""Oratoria sagrada"", ""Sagrada Familia"", ""Espacio sagrado"", ""Libros sagrados"", ""Lugar sagrado"", ""lo sagrado"", ""bendición"", ""bendecido"", ""Acción de Gracias"", ""espiritualidad"", ""cultivos"", ""conocimiento"", ""conocimiento sagrado"", ""orígenes humanos"", ""conexión con la tierra"", ""ecosistema"", ""ecofeminismo"", ""Eingeborene"", ""Indigene Frau"", ""Indigene"", ""Indianersprachen"", ""Nordamerikas indianer"", ""Indianerin"", ""Indianerpolitik"", ""Eingeborene Sprachen"", ""Sprache"", ""Spachen"", ""Umwelt"", ""Umweltschutz"", ""Umweltpolitik"", ""Umweltethik"", ""Umweltökonomie"", ""Umweltbezogenes Management"", ""Wissenschaft"", ""Wissenschaftstheorie"", ""Politische Wissenschaft"", ""Wissenschaftliches Arbeiten"", ""Wissenschaftsphilosophie"", ""Wissenschaftler"", ""Eingeborenes Wissen"", ""Wissen"", ""Wissenssoziologie"", ""Süßgras"", ""Gesellschaft Soziologie"", ""Soziologie"", ""Soziologie, Gesellschaft"", ""Gesellschaft"", ""Amerikanisches Englisch"", ""Amerika"", ""Nordamerika"", ""Amerikas"", ""Flechten"", ""Körbe flechten"", ""Mutter Erde"", ""Erde"", ""Pflanzen"", ""Tiere"", ""Tierwelt Pflanzenwelt"", ""Pflanzenwelt"", ""Tierwelt"", ""Pflanzenökologie"", ""Pflanzenschutz"", ""Pflanzengesellschaft"", ""Pflanzenwachstum"", ""Bedrohte Pflanzen"", ""Tierethik"", ""Tierschutz"", ""Tierrecht"", ""Sprachphilosophie"", ""Ethik"", ""Gesellschaftskritik"", ""Ökosystem"", ""Politische Ökonomie"", ""Ökologische Bewegung"", ""Wirtschaft"", ""Wirtschaftspolitik"", ""Wirtschaftstheorie"", ""Wirtschaftsethik"", ""Wirtschaftsgeschichte"", ""Wirtschaftsbeziehungen"", ""Wirtschaftssystem"", ""Wirtschaftssoziologie"", ""Geschichte"", ""Kolonie -- Spanien -- Amerika -- Geschichte""]","[""Jane Goodall (1934-)"", ""The Guardian"", ""Potawatomi Tribe"", ""Aldo Leopold (1886-1948)"", ""Seattle Chief (1790-1866)"", ""Janine Benyus"", ""George Washington Carver (1864?-1943)"", ""Henry David Thoreau (1817-1862)"", ""John Muir (1838-1914)"", ""Charles Darwin (1809-1882)"", ""Carl Linnaeus (1707-1778)"", ""Francis of Assisi"", ""Saint (1182-1226)"", ""The Peacemaker"", ""Skywoman"", ""Francis of Assisi, Saint (1182-1226)""]","[""Onondaga Lake (N.Y.)"", ""Region Michigan, Lake"", ""The Great Lakes Region"", ""Northern Forests"", ""Pacific Northwest"", ""Northwest Pacific"", ""Turtle Island"", ""Los Andes"", ""Andes Region"", ""Andes"", ""Nordamerika""]",[]
book_e91676dc8f493d4a,2,"Breaking Dawn (The Twilight Saga, #4)",Stephenie Meyer,031606792X,756.0,"Sat, 07 Mar 2020 20:30:01 -0800","<b>""Don't be afraid,"" I murmured. ""We belong together.""<br />I was abruptly overwhelmed by the truth of my own words. <br />This moment was so perfect, so right, there was no way to doubt it.<br />His arms wrapped around me,<br />holding me against him....<br />It felt like every nerve ending in my body was a live wire.<br />""Forever,"" he agreed.</b><br /><br />WHEN YOU LOVED THE ONE WHO WAS KILLING YOU, IT LEFT YOU NO OPTIONS. How could you run, how could you fight, when doing so would hurt that beloved one? If your life was all you had to give, how could you not give it? If it was someone you truly loved?<br /><br />TO BE IRREVOCABLY IN LOVE WITH A VAMPIRE is both fantasy and nightmare woven into a dangerously heightened reality for Bella Swan. Pulled in one direction by her intense passion for Edward Cullen, and in another by her profound connection to werewolf Jacob Black, a tumultuous year of temptation, loss, and strife have led her to the ultimate turning point. Her imminent choice to either join the dark but seductive world of immortals or to pursue a fully human life has become the thread from which the fates of two tribes hangs.<br /><br />NOW THAT BELLA HAS MADE HER DECISION, a startling chain of unprecedented events is about to unfold with potentially devastating, and unfathomable, consequences. Just when the frayed strands of Bella's life - first discovered in <i>Twilight</i>, then scattered and torn in <i>New Moon</i> and <i>Eclipse</i> - seem ready to heal and knit together, could they be destroyed... forever?<br /><br />THE ASTONISHING, BREATHLESSLY anticipated conclusion to the Twilight Saga, <i>Breaking Dawn</i> illuminates the secrets and mysteries of this spellbinding romantic epic that has entranced millions.",https://i.gr-assets.com/images/S/compressed.photo.goodreads.com/books/1361039438l/1162543._SY475_.jpg,OL5720022W,OL37075046M,openlibrary_work,high,"[""series:Twilight"", ""series:Luz_e_Escuridão School stories"", ""Edward Cullen (Fictitious character)"", ""Vampires"", ""Bella Swan (Fictitious character)"", ""Juvenile fiction"", ""nyt:series_books=2008-03-15"", ""Fiction"", ""Werewolves"", ""Interpersonal relations"", ""Young adult fiction"", ""Mystery fiction"", ""New York Times bestseller"", ""High schools"", ""Schools"", ""Marriage"", ""Horror fiction"", ""Supernatural"", ""Children's fiction"", ""Vampires, fiction"", ""Werewolves, fiction"", ""Marriage, fiction"", ""Washington (state), fiction"", ""Supernatural, fiction"", ""Large type books"", ""Novela de misterio"", ""Hombres lobo"", ""Relaciones humanas"", ""Escuelas"", ""Vampiros"", ""Matrimonio"", ""Novela de terror"", ""Ficción"", ""Escuelas secundarias"", ""Yan qing xiao shuo"", ""Chang pian xiao shuo"", ""Paranormal fiction"", ""Triangles (Interpersonal relations)"", ""Russian language materials"", ""Horror stories"", ""Mystery and detective stories"", ""Man-woman relationships, fiction"", ""Vampir"", ""Phantastische Literatur"", ""Liebe"", ""Frau"", ""Dating (Social customs)"", ""Ouvrages de fiction"", ""Fiction, fantasy, general"", ""Swan, Bella (Personnage fictif)"", ""Romans, nouvelles"", ""Cullen, Edward (Personnage fictif)"", ""Black, Jacob (Personnage fictif)"", ""Loups-garous"", ""Adolescentes"", ""Vampiers"", ""Zwangerschap"", ""Verliefdheid"", ""Jeugdboeken ; verhalen"", ""Love, fiction"", ""Schools, fiction"", ""Romans, nouvelles, etc. pour la jeunesse"", ""Amours"", ""Mariage"", ""Portuguese fiction"", ""Cullen, Edward (Fictitious character"", ""Man-woman relationships""]","[""Bella Swan"", ""(fictitious character) Edward Cullen (Fictitious character)""]","[""Washington (State)"", ""Forks"", ""WA"", ""USA"", ""Forks (Wash.)"", ""Washington (État)""]","[""vampires and werewolf love""]"
book_4598456962eb868f,2,"Catching Fire (The Hunger Games, #2)",Suzanne Collins,0439023491,391.0,"Sat, 07 Mar 2020 20:29:49 -0800","<b>Sparks are igniting.<br />Flames are spreading.<br />And the Capitol wants revenge.</b><br /> <br />Against all odds, Katniss Everdeen has won the Hunger Games. She and fellow District 12 tribute Peeta Mellark are miraculously still alive. Katniss should be relieved, happy even. After all, she has returned to her family and her longtime friend, Gale. Yet nothing is the way Katniss wishes it to be. Gale holds her at an icy distance. Peeta has turned his back on her completely. And there are whispers of a rebellion against the Capitol—a rebellion that Katniss and Peeta may have helped create. <br /><br />Much to her shock, Katniss has fueled an unrest that she's afraid she cannot stop. And what scares her even more is that she's not entirely convinced she should try. As time draws near for Katniss and Peeta to visit the districts on the Capitol's cruel Victory Tour, the stakes are higher than ever. If they can't prove, without a shadow of a doubt, that they are lost in their love for each other, the consequences will be horrifying.<br /><br />In <i>Catching Fire</i>, the second novel of the Hunger Games trilogy, Suzanne Collins continues the story of Katniss Everdeen, testing her more than ever before . . . and surprising readers at every turn.",https://i.gr-assets.com/images/S/compressed.photo.goodreads.com/books/1586722941l/6148028.jpg,OL5735360W,OL61277962M,openlibrary_work,high,"[""Action/Adventure"", ""Fantasy"", ""teen fiction"", ""juvenile works"", ""interdependence"", ""independence"", ""Games"", ""Apocalyptic literature"", ""Competition"", ""teenage girls"", ""sisters"", ""poverty"", ""Contests"", ""Insurgency"", ""Open Library Staff Picks"", ""Survival"", ""Fiction"", ""Interpersonal relations"", ""Television programs"", ""Dystopias"", ""Adventures and Adventurers"", ""Television"", ""Courage"", ""Bravery"", ""Heroism"", ""Defiance and Talking Back"", ""Adventure and adventurers"", ""Girls"", ""Blind"", ""Books and reading"", ""Young adult fiction"", ""Television game shows"", ""Dystopian"", ""Science fiction"", ""Survival Stories"", ""Self-Esteem & Self-Reliance"", ""Action & Adventure"", ""JUVENILE FICTION"", ""Social Themes"", ""Survival skills"", ""Reading Level-Grade 9"", ""Reading Level-Grade 8"", ""Reading Level-Grade 11"", ""Reading Level-Grade 10"", ""Reading Level-Grade 12"", ""Children's fiction"", ""Interpersonal relations, fiction"", ""Contests, fiction"", ""Television, fiction"", ""Survival, fiction"", ""Reality television programs"", ""Large type books"", ""Katniss Everdeen (Fictitious character)"", ""Spanish language materials"", ""Supervivencia"", ""Novela juvenil"", ""Relaciones humanas"", ""Insurgencia"", ""Programas de televisión"", ""Concursos"", ""Distopías"", ""Spanish language"", ""nyt:chapter-books=2009-09-20"", ""New York Times bestseller"", ""Novela"", ""Televisión"", ""Programas"", ""Reading materials"", ""Phantastische Erzahlung"", ""Phantastische Literatur"", ""Wilderness survival"", ""Révoltes"", ""Romans, nouvelles, etc. pour la jeunesse"", ""Habiletés de survie"", ""Jeux télévisés"", ""Concours et compétitions"", ""Dystopies"", ""Filles"", ""Fiction, science fiction, general"", ""Serie:The_Hunger_Games"", ""Insurgency -- Fiction""]","[""Katniss Everdeen"", ""Peeta Mellark"", ""Gale Hawthorn"", ""President Snow"", ""Rue"", ""Thresh"", ""Bonnie"", ""Twill"", ""Haymitch"", ""Cinna"", ""Gloss"", ""Enobaria"", ""Brutus"", ""Effie Trinket"", ""Cashmere"", ""the Careers"", ""Johanna Mason"", ""Mags"", ""Beetee"", ""Wiress"", ""Finnick Odair"", ""Peacekeepers""]","[""Panem"", ""the Capitol"", ""District 12"", ""District 8"", ""District 13"", ""District 7"", ""District 1"", ""District 2"", ""District 4""]","[""In the Future""]"
book_4ee48df99f0db5e2,2,"City of Bones (The Mortal Instruments, #1)",Cassandra Clare,1416914285,485.0,"Sat, 07 Mar 2020 20:29:45 -0800","When fifteen-year-old Clary Fray heads out to the Pandemonium Club in New York City, she hardly expects to witness a murder—much less a murder committed by three teenagers covered with strange tattoos and brandishing bizarre weapons. Then the body disappears into thin air. It’s hard to call the police when the murderers are invisible to everyone else and when there is nothing—not even a smear of blood—to show that a boy has died. Or was he a boy?<br /><br />This is Clary’s first meeting with the Shadowhunters, warriors dedicated to ridding the earth of demons. It’s also her first encounter with Jace, a Shadowhunter who looks a little like an angel and acts a lot like a jerk. Within twenty-four hours Clary is pulled into Jace’s world with a vengeance, when her mother disappears and Clary herself is attacked by a demon. But why would demons be interested in ordinary mundanes like Clary and her mother? And how did Clary suddenly get the Sight? The Shadowhunters would like to know...",https://i.gr-assets.com/images/S/compressed.photo.goodreads.com/books/1432730315l/256683._SY475_.jpg,OL8455255W,OL8458200M,openlibrary_work,high,"[""Demonology"", ""Fiction"", ""Horror stories"", ""Supernatural"", ""Juvenile fiction"", ""Horror tales"", ""YOUNG ADULT FICTION"", ""Action & Adventure"", ""Paranormal fiction"", ""Paranormal"", ""Dark Fantasy"", ""Romance"", ""Fantasy"", ""Horror fiction"", ""Magic"", ""Large type books"", ""Children's fiction"", ""Supernatural, fiction"", ""Demonology, fiction"", ""New york (n.y.), fiction"", ""New York Times bestseller"", ""nyt:series_books=2010-07-10"", ""The Mortal Instruments Series"", ""Shadowhunters"", ""demons"", ""Reading Level-Grade 7"", ""Reading Level-Grade 9"", ""Reading Level-Grade 8"", ""Reading Level-Grade 11"", ""Reading Level-Grade 10"", ""Reading Level-Grade 12"", ""Mothers and daughters"", ""Hunters"", ""Teenage girls"", ""Good and evil"", ""Monsters"", ""Demonología"", ""Sobrenatural"", ""Teenagers"", ""Ficción"", ""Adolescentes"", ""Cuentos de terror"", ""Clary Fray (Fictitious character)"", ""Simon Lewis (Fictitious character)"", ""Magie"", ""Vampires"", ""Roman pour jeunes adultes"", ""Roman fantastique"", ""Démonologie"", ""Roman occulte"", ""Romans, nouvelles"", ""Fantasy fiction"", ""Interpersonal relations, fiction"", ""Social Issues - New Experience"", ""Lifestyles - City & Town Life"", ""Horror / Ghost Stories (Young Adult)"", ""Children's 12-Up - Fiction - Fantasy"", ""Children: Young Adult (Gr. 10-12)"", ""Science Fiction, Fantasy, & Magic"", ""Horror & Ghost Stories"", ""Juvenile Fiction / Science Fiction, Fantasy, Magic"", ""Children's Books - Young Adult Fiction""]","[""Clary"", ""Isabelle"", ""Jace"", ""Alex."", ""Clary Fray""]","[""New York"", ""New York City"", ""Paris"", ""Tokyo"", ""the City of Bones"", ""the Institute"", ""Nueva York"", ""New York (State)"", ""Nueva York (Estado)"", ""New York (N.Y.)""]","[""2007"", ""modern-day""]"
book_3190057ac1454e0f,2,Conform (The Conform Series),Ariel Sullivan,,416.0,"Thu, 02 Apr 2026 19:32:52 -0700","<b>In the far future, one young woman finds herself torn between two loves—and two sides of a rebellion boiling under the surface—in the first novel of a sweeping dystopian romance trilogy.</b><br /><br />Centuries after a catastrophic world war nearly decimated the human population, a city arose from the ashes, ruled by an elusive and technologically advanced group called the Illum.<br /><br />At twenty-seven, Emeline lives in limbo, wasting away her days in a job sorting ancient human art for destruction and waiting to be selected as a Mate for a procreation contract. Where others look forward to being chosen, Emeline has never felt like she fit into a society where a person’s worth is determined by constantly monitored genes, health, and the ability to procreate. She’s struggled to keep her discomfort secret, but when she is finally chosen, her Mate is revealed to be a member of the Illum named Collin, a man who seems to be harboring secrets of his own.<br /><br />It is the first time an Illum has taken a Mate in decades, leaving Emeline—and others—baffled as to why she was chosen. Soon, she is swept into the dangerous game of Courting, filled with ballgowns, lavish dinners, and watchful eyes, where one wrong move can mean elimination. While parts of this elite lifestyle are unexpectedly appealing, the more embroiled she becomes, the more she sees its dark underbelly—and a rebellion rising in secret. Collin is confusing, both cold and protective, and worse, she finds herself drawn to the very last person she should be falling for: Hal, one of the resistance leaders.<br /><br />As she draws closer to both Collin and Hal, the Illum exercise their power in increasingly brutal ways, forcing Emeline to question everything—most of all whether she’ll have to give up her heart and even her life to stop them.",https://i.gr-assets.com/images/S/compressed.photo.goodreads.com/books/1736221934l/223239535._SY475_.jpg,OL42409476W,,openlibrary_work,high,[],[],[],[]
book_047a77e05b6cbac7,2,"Crazy Rich Asians (Crazy Rich Asians, #1)",Kevin Kwan,0385536976,403.0,"Tue, 25 Feb 2020 21:32:41 -0800","Crazy Rich Asians is the outrageously funny debut novel about three super-rich, pedigreed Chinese families and the gossip, backbiting, and scheming that occurs when the heir to one of the most massive fortunes in Asia brings home his ABC (American-born Chinese) girlfriend to the wedding of the season.<br /><br />When Rachel Chu agrees to spend the summer in Singapore with her boyfriend, Nicholas Young, she envisions a humble family home, long drives to explore the island, and quality time with the man she might one day marry. What she doesn't know is that Nick's family home happens to look like a palace, that she'll ride in more private planes than cars, and that with one of Asia's most eligible bachelors on her arm, Rachel might as well have a target on her back.<br /><br />Initiated into a world of dynastic splendor beyond imagination, Rachel meets Astrid, the It Girl of Singapore society; Eddie, whose family practically lives in the pages of the Hong Kong socialite magazines; and Eleanor, Nick's formidable mother, a woman who has very strong feelings about who her son should—and should not—marry.<br /><br />Uproarious, addictive, and filled with jaw-dropping opulence, <i>Crazy Rich Asians</i> is an insider's look at the Asian JetSet; a perfect depiction of the clash between old money and new money; between Overseas Chinese and Mainland Chinese; and a fabulous novel about what it means to be young, in love, and gloriously, crazily rich.",https://i.gr-assets.com/images/S/compressed.photo.goodreads.com/books/1364852559l/16085481.jpg,OL17924837W,OL26644284M,openlibrary_work,high,"[""Rich people"", ""Fiancées"", ""Americans"", ""Social conflict"", ""Fiancés"", ""Fiction"", ""Romantic Comedy"", ""Family Life"", ""Romance"", ""Fiancees"", ""General"", ""Fiances"", ""Women"", ""Amerikanisches Englisch"", ""nyt:combined-print-and-e-book-fiction=2018-05-13"", ""New York Times bestseller"", ""New York Times reviewed"", ""Fiction, family life, general"", ""Singapore, fiction"", ""Single women"", ""Single men"", ""Rich"", ""Domestic fiction"", ""FICTION / Asian American"", ""FICTION / Contemporary Women"", ""Singaporean fiction (English)"", ""Humorous stories"", ""Riqueza"", ""Ficcion"", ""Luchas sociales"", ""Parejas solteras"", ""Chinese fiction"", ""Fiction, family life""]","[""Rachel Chu (Fictional character)"", ""Nicholas Young (Fictional character)""]","[""Singapore"", ""Manhattan"", ""New York City"", ""Singapore; New York City (Manhattan)"", ""Estadounidenses"", ""Singapur""]","[""2010s""]"
book_c2f67f099c04f8f8,2,"Crown of Midnight (Throne of Glass, #2)",Sarah J. Maas,1639730966,420.0,"Tue, 14 Apr 2026 18:02:03 -0700","<i>An alternative cover edition for this ISBN can be found <a href=""https://www.goodreads.com/book/show/17167166-crown-of-midnight"" rel=""nofollow noopener"">here</a>.</i><br /><br /><b>""A line that should never be crossed is about to be breached.<br /><br />It puts this entire castle in jeopardy—and the life of your friend.""</b><br /><br />From the throne of glass rules a king with a fist of iron and a soul as black as pitch. Assassin Celaena Sardothien won a brutal contest to become his Champion. Yet Celaena is far from loyal to the crown. She hides her secret vigilantly; she knows that the man she serves is bent on evil.<br /><br />Keeping up the deadly charade becomes increasingly difficult when Celaena realizes she is not the only one seeking justice. As she tries to untangle the mysteries buried deep within the glass castle, her closest relationships suffer. It seems no one is above questioning her allegiances—not the Crown Prince Dorian; not Chaol, the Captain of the Guard; not even her best friend, Nehemia, a foreign princess with a rebel heart.<br /><br />Then one terrible night, the secrets they have all been keeping lead to an unspeakable tragedy. As Celaena's world shatters, she will be forced to give up the very thing most precious to her and decide once and for all where her true loyalties lie... and whom she is ultimately willing to fight for.",https://i.gr-assets.com/images/S/compressed.photo.goodreads.com/books/1673566594l/76705490._SY475_.jpg,OL16809980W,OL39419295M,openlibrary_work,high,"[""Kings and rulers"", ""Assassins"", ""Love"", ""Courts and courtiers"", ""Juvenile fiction"", ""Fiction"", ""Fantasy"", ""Kings, queens, rulers"", ""Love stories"", ""Children's fiction"", ""Fantasy fiction"", ""Kings, queens, rulers, etc., fiction"", ""Courts and courtiers, fiction"", ""Love, fiction"", ""Criminals, fiction"", ""[series:Throne_of_Glass]""]","[""Celeana Sardothein"", ""Chaol Westfall"", ""Dorian Haillivard"", ""King of Adarlan"", ""Kaltain"", ""Duke of Perrington""]","[""Adarlan""]",[]
book_502bd7950f428739,2,"Daggermouth (The Heart, #1)",H.M.  Wolfe,,566.0,"Sat, 06 Jun 2026 10:17:42 -0700","<b>Set in a corrupt surveillance state ruled by the masked elite, this true enemies-to-lovers dystopian romance that’s <i>Conform</i> meets <i>V For Vendetta</i> follows a mercenary who botches the assassination of the president’s son and ends up forced to marry him.</b><br /><br />The first thing you’ll learn in New Found Haven is that mercy doesn’t exist. The second thing is that, from the highest glass atrium in the Heart to the windowless slums of the Boundary, the Veyra are always watching.<br /><br />The last lesson is the hardest, but you must remember it: Love outside of your ring is a death sentence.<br /><br />The city is carved into rings of privilege and poverty, ruled by the masked elite who will do whatever it takes to hold onto power. Obedience is demanded. Rebellion is crushed.<br /><br />Greyson Serel has spent his life caught between two worlds. Publicly, he’s the flawless heir to the presidency. Privately, he’s entangled in secrets that could topple the regime. But when he’s forced into a political marriage meant to bind him tighter to the government’s brutal laws, he finds himself shackled to a bride as lethal as she is unwilling.<br /><br />Shadera Kael is a mercenary raised to kill, not to wed. Yet when her bullet misses its mark, survival leaves her tied to the very man she was sent to eliminate. Trapped inside the corrupt heart of the city, she becomes both prisoner and wife, her every step watched, her every move tested.<br /><br />Their union is no love story—it’s a battlefield. As secrets come to light and betrayals fester within the walls of power, Greyson and Shadera must decide between annihilating each other or burning the city to the ground together.<br /><br />In a world where passion has consequences and loyalty is paid for in blood, their forced bond may be the spark that ignites a revolution. Or the fire that consumes them both.",https://i.gr-assets.com/images/S/compressed.photo.goodreads.com/books/1759157773l/239960837.jpg,OL44956458W,,openlibrary_work,high,[],[],[],[]
book_b07b7953ee9c010a,2,"Daring Greatly: How the Courage to Be Vulnerable Transforms the Way We Live, Love, Parent, and Lead",Brené Brown,1592408419,303.0,"Wed, 22 Apr 2026 01:05:51 -0700","The #1 New York Times bestseller. More than 2 million copies sold!<br /><br />Look for Brené Brown’s new podcast, Dare to Lead, as well as her ongoing podcast Unlocking Us !<br /><br />From thought leader Brené Brown, a transformative new vision for the way we lead, love, work, parent, and educate that teaches us the power of vulnerability.<br /> <br />“It is not the critic who counts; not the man who points out how the strong man stumbles, or where the doer of deeds could have done them better. The credit belongs to the man who is actually in the arena, whose face is marred by dust and sweat and blood; who strives valiantly; . . . who at the best knows in the end the triumph of high achievement, and who at worst, if he fails, at least fails while daring greatly. ”— Theodore Roosevelt<br /><br />Every day we experience the uncertainty, risks, and emotional exposure that define what it means to be vulnerable or to dare greatly. Based on twelve years of pioneering research, Brené Brown PhD, MSW, dispels the cultural myth that vulnerability is weakness and argues that it is, in truth, our most accurate measure of courage.<br /><br />Brown explains how vulnerability is both the core of difficult emotions like fear, grief, and disappointment, and the birthplace of love, belonging, joy, empathy, innovation, and creativity. She writes: “When we shut ourselves off from vulnerability, we distance ourselves from the experiences that bring purpose and meaning to our lives.”<br /><br />Daring Greatly is not about winning or losing. It’s about courage. In a world where “never enough” dominates and feeling afraid has become second nature, vulnerability is subversive. Uncomfortable. It’s even a little dangerous at times. And, without question, putting ourselves out there means there’s a far greater risk of getting criticized or feeling hurt. But when we step back and examine our lives, we will find that nothing is as uncomfortable, dangerous, and hurtful as standing on the outside of our lives looking in and wondering what it would be like if we had the courage to step into the arena—whether it’s a new relationship, an important meeting, the creative process, or a difficult family conversation. Daring Greatly is a practice and a powerful new vision for letting ourselves be seen.",https://i.gr-assets.com/images/S/compressed.photo.goodreads.com/books/1422215669l/24611767.jpg,OL16664399W,OL26630004M,openlibrary_work,high,"[""Risk"", ""Courage"", ""Assertiveness (Psychology)"", ""nyt:hardcover-advice=2012-09-30"", ""New York Times bestseller"", ""Assertiveness"", ""Morale""]",[],[],[]
book_472eb9123c8d469d,2,"Divergent (Divergent, #1)",Veronica Roth,0062024035,487.0,"Sat, 16 Jan 2021 14:49:14 -0800","In Beatrice Prior’s dystopian Chicago world, society is divided into five factions, each dedicated to the cultivation of a particular virtue: Candor (the honest), Abnegation (the selfless), Dauntless (the brave), Amity (the peaceful), and Erudite (the intelligent). On an appointed day of every year, all sixteen-year-olds must select the faction to which they will devote the rest of their lives. For Beatrice, the decision is between staying with her family and being who she really is, she can’t have both. So she makes a choice that surprises everyone, including herself.<br /><br />During the highly competitive initiation that follows, Beatrice renames herself Tris, and struggles alongside her fellow initiates to live out the choice they have made. Together, they must undergo extreme physical tests of endurance and intense psychological simulations, some with devastating consequences. As initiation transforms them all, Tris must determine who her friends really are, and where, exactly, a romance with a sometimes-fascinating, sometimes-exasperating boy fits into the life she’s chosen.<br /><br />But Tris also has a secret: one she’s kept hidden from everyone, because she’s been warned it can mean death. And as she discovers unrest and growing conflict that threatens to unravel her seemingly-perfect society, she also learns that her secret might be what helps her save those she loves...or it might be what destroys her.<br />.",https://i.gr-assets.com/images/S/compressed.photo.goodreads.com/books/1618526890l/13335037._SY475_.jpg,OL15719630W,OL25438684M,openlibrary_work,high,"[""New York Times bestseller"", ""nyt:paperback_books=2012-02-25"", ""Families"", ""Family"", ""Juvenile fiction"", ""Social classes"", ""Courage"", ""Fiction"", ""Identity"", ""Identity (Psychology)"", ""Dystopias"", ""Children's fiction"", ""Identity, fiction"", ""Family, fiction"", ""Courage, fiction"", ""Science fiction"", ""dystopian"", ""young adult"", ""dystopian fiction"", ""sci-fi"", ""YA"", ""dystopian YA"", ""bestseller"", ""future"", ""Family life"", ""Identity (Philosophical concept)"", ""YOUNG ADULT FICTION"", ""Romance"", ""Individuality"", ""Social Themes"", ""Values & Virtues"", ""Reading Level-Grade 7"", ""Reading Level-Grade 9"", ""Reading Level-Grade 8"", ""Reading Level-Grade 11"", ""Reading Level-Grade 10"", ""Reading Level-Grade 12"", ""Large type books"", ""Valentía"", ""Spanish language materials"", ""Familia"", ""Ficción"", ""Clases sociales"", ""Identidad (Psicología)"", ""Film adaptations"", ""Juvenile literature"", ""Science fiction films"", ""Divergent (Motion picture)"", ""Child and youth non-fiction"", ""Cinema"", ""Choice (Psychology)"", ""Conformity"", ""Affiliation (Philosophy)"", ""Science-fiction"", ""Choix (Psychologie)"", ""Romans, nouvelles"", ""Conformisme"", ""Roman pour jeunes adultes"", ""Identité (Psychologie)"", ""Familles"", ""Classes sociales""]","[""Beatrice (Tris)"", ""Candor"", ""Abnegation"", ""Dauntless"", ""Amity"", ""Erudite"", ""four""]","[""Chicago""]","[""dystopian future""]"
book_d8cf3f4d55577bff,2,"Dungeon Crawler Carl (Dungeon Crawler Carl, #1)",Matt Dinniman,,464.0,"Wed, 01 Jul 2026 19:31:43 -0700","<i>Alternate cover edition of ASIN <a href=""https://www.goodreads.com/book/show/54659324-dungeon-crawler-carl"" rel=""nofollow noopener"">B08BKGYQXW</a></i><br /><br /><br /><b>The apocalypse will be televised!</b><br /><br />A man. His ex-girlfriend's cat. A sadistic game show unlike anything in the universe: a dungeon crawl where survival depends on killing your prey in the most entertaining way possible.<br /><br />In a flash, every human-erected construction on Earth—from Buckingham Palace to the tiniest of sheds—collapses in a heap, sinking into the ground.<br /><br />The buildings and all the people inside have all been atomized and transformed into the dungeon: an 18-level labyrinth filled with traps, monsters, and loot. A dungeon so enormous, it circles the entire globe.<br /><br />Only a few dare venture inside. But once you're in, you can't get out. And what's worse, each level has a time limit. You have but days to find a staircase to the next level down, or it's game over. In this game, it's not about your strength or your dexterity. It's about your followers, your views. Your clout. It's about building an audience and killing those goblins with style.<br /><br /><b>You can't just survive here. You gotta survive big.</b><br /><br />You gotta fight with vigor, with excitement. You gotta make them stand up and cheer. And if you do have that ""it"" factor, you may just find yourself with a following. That's the only way to truly survive in this game—with the help of the loot boxes dropped upon you by the generous benefactors watching from across the galaxy.<br /><br />They call it <em>Dungeon Crawler World</em>. But for Carl, it's anything but a game.",https://i.gr-assets.com/images/S/compressed.photo.goodreads.com/books/1734203042l/56791389._SY475_.jpg,OL24593432W,,openlibrary_work,high,"[""series:Dungeon Crawler Carl"", ""genre:LitRPG"", ""genre:science fantasy""]",[],[],[]
book_fe524b384b00ec6a,2,"Eclipse (The Twilight Saga, #3)",Stephenie Meyer,0316160202,629.0,"Sat, 16 Jan 2021 14:54:46 -0800","<b>""BELLA?""<br />Edward's soft voice came from behind me. I turned to see him spring lightly up the porch steps, his hair windblown from running. He pulled me into his arms at once, just like he had in the parking lot, and kissed me again.<br />This kiss frightened me. There was too much tension, too strong an edge to the way his lips crushed mine - like he was afraid we had only so much time left to us.</b><br /><br />As Seattle is ravaged by a string of mysterious killings and a malicious vampire continues her quest for revenge, Bella once again finds herself surrounded by danger. In the midst of it all, she is forced to choose between her love for Edward and her friendship with Jacob - knowing that her decision has the potential to ignite the ageless struggle between vampire and werewolf. With her graduation quickly approaching, Bella has one more decision to make: life or death. But which is which?<br /><br />READERS CAPTIVATED BY <i>Twilight</i> AND <i>New Moon</i> will eagerly devour <i>Eclipse</i>, the much-anticipated third book in Stephenie Meyer's riveting vampire love saga.",https://i.gr-assets.com/images/S/compressed.photo.goodreads.com/books/1361038355l/428263.jpg,OL5720025W,OL61346164M,openlibrary_work,high,"[""New York Times bestseller"", ""Werewolves"", ""Interpersonal relations"", ""Vampires"", ""High schools"", ""Schools"", ""Fiction"", ""nyt:series_books=2008-03-15"", ""Novela de misterio"", ""Vampiros"", ""Hombres lobo"", ""Relaciones humanas"", ""Escuelas"", ""Novela de terror"", ""Ficción"", ""Escuelas secundarias"", ""Young adult fiction"", ""Schools in fiction"", ""Vampires in fiction"", ""Interpersonal relations in fiction"", ""Werewolves in fiction"", ""High schools in fiction"", ""Juvenile fiction"", ""Edward Cullen (Fictitious character)"", ""Bella Swan (Fictitious character)"", ""Children's fiction"", ""Vampires, fiction"", ""Werewolves, fiction"", ""Love, fiction"", ""Schools, fiction"", ""Washington (state), fiction"", ""Large type books"", ""vampire"", ""New York Times reviewed"", ""French language materials"", ""American fiction"", ""Translations into French"", ""Romans, ouvrages, etc. pour la jeunesse"", ""Littérature américaine"", ""Roman américain"", ""Romance"", ""Supernatural"", ""Vietnamese fiction"", ""Frau"", ""Liebe"", ""Vampir"", ""Paranormal fiction"", ""Vampiers"", ""Verliefdheid"", ""Jeugdboeken ; verhalen"", ""Polish language materials"", ""Chang pian xiao shuo"", ""Triangles (Interpersonal relations)"", ""Fictional Works""]","[""Bella"", ""Edward"", ""Jake"", ""Jacob""]","[""Seattle (Wash.)"", ""Washington (State)"", ""Washington (Estados Unidos : Estado)"", ""Seattle (Washington : Estado)"", ""Seattle"", ""Forks"", ""Alaska"", ""mei guo""]","[""Modern day society"", ""xian dai""]"
book_f1369ddf028f6d5d,2,"Empire of Flame and Thorns (Flame and Thorns, #1)",Marion Blackwood,9198904264,366.0,"Sun, 08 Feb 2026 11:28:39 -0800","<b>A fae rebel. A ruthless dragon commander.<br />And a deadly trial that will turn their lives upside down.</b><br /><br />Trapped in the Seelie Court by a forest of thorns, Selena Hale lives at the mercy of the dragon shifters. Her only chance to gain her freedom is by entering the Atonement Trials: a deadly competition that pits fae magic users against each other. Only three people can win, and Selena intends to be one of them.<br /><br />There is only one problem. Draven Ryat, the ruthless commander of the dragon shifter army, is determined to make her lose.<br /><br />He symbolizes everything that she hates, and if he finds out that she is also a member of the secret fae rebellion, he will not only mess with her chances to win, he will kill her. But the more time she spends with him, the more she finds herself inexplicably drawn to him.<br /><br />And nothing is more dangerous in a lethal trial than a distracted heart.<br /><br />Especially one that beats for the enemy…",https://i.gr-assets.com/images/S/compressed.photo.goodreads.com/books/1723733457l/217477109._SY475_.jpg,OL44475427W,,openlibrary_work,high,[],[],[],[]
book_77bdf22d5e1bd9b1,2,"Empire of Storms (Throne of Glass, #5)",Sarah J. Maas,1639731024,733.0,"Tue, 12 May 2026 14:03:33 -0700","<i>An alternative cover edition for this ISBN can be found <a href=""https://www.goodreads.com/book/show/29559052-empire-of-storms"" rel=""nofollow noopener"">here</a>.</i><br /><br />The long path to the throne has only just begun for Aelin Galathynius as war looms on the horizon. Loyalties have been broken and bought, friends have been lost and gained, and those who possess magic find themselves at odds with those who don't.<br /><br />With her heart sworn to the warrior-prince by her side, and her fealty pledged to the people she is determined to save, Aelin will delve into the depths of her power to protect those she loves. But as monsters emerge from the horrors of the past, and dark forces become poised to claim her world, the only chance for salvation will lie in a desperate quest that may mark the end of everything Aelin holds dear.<br /><br />In this breathtaking fifth installment of the <i>New York Times</i> bestselling Throne of Glass series, Aelin will have to choose what—and who—to sacrifice if she's to keep the world of Erilea from breaking apart.",https://i.gr-assets.com/images/S/compressed.photo.goodreads.com/books/1676979605l/76713323._SY475_.jpg,OL17625829W,OL39442305M,openlibrary_work,high,"[""Magic"", ""YA"", ""Quest"", ""High Fantasy"", ""Fiction"", ""Romance"", ""Fantasy"", ""Royalty"", ""Court"", ""Assassins"", ""JUVENILE FICTION / Love & Romance"", ""Juvenile fiction"", ""JUVENILE FICTION / Action & Adventure / General"", ""Kings, queens, rulers"", ""Love"", ""JUVENILE FICTION / Fantasy & Magic"", ""Queens"", ""Children's fiction"", ""Fantasy fiction"", ""Kings, queens, rulers, etc., fiction"", ""Love, fiction"", ""collectionID:EanesChallenge"", ""[series:Throne_of_Glass]""]",[],[],[]
book_f6dece964d7a5a74,2,"Fake It Till You Bake It (Sugar Blitz, #1)",Jamie Wesley,1250801850,336.0,"Sat, 29 Jan 2022 22:01:34 -0800","A reality star and a cupcake-baking football player pretend to be a couple in order to save his bakery in this sweet and sexy romance from Jamie Wesley, Fake It Till You Bake It.<br /><br />Jada Townsend-Matthews is the most reviled woman in America after turning down a proposal on a reality dating show. When she comes home to lick her wounds, Jada finds herself working at San Diego's newest cupcake bakery, Sugar Blitz, alongside the uptight owner and professional football player Donovan Dell.<br /><br />When a reporter mistakenly believes Jada and Donovan are an item, they realize they can use the misunderstanding to their advantage to help the struggling bakery and rehabilitate Jada's image. Faking a relationship should be simple, but sometimes love is the most unexpected ingredient.<br /><br />Fake it Till You Bake It is a sweet confection of a novel, the perfect story to curl up with and enjoy with a cupcake on the side.",https://i.gr-assets.com/images/S/compressed.photo.goodreads.com/books/1646650999l/58724876.jpg,OL25957967W,OL35035058M,openlibrary_work,high,[],[],[],[]
book_9360c1ee0c7c01b1,2,"Fire and Ice (Boston Bobcats, #2)",Carly Robyn,,382.0,"Mon, 20 Apr 2026 00:05:38 -0700","A spicy Fake Dating, Grumpy x Sunshine, hockey romance from bestselling author, Carly Robyn<br /><br /><br />One fake relationship, a delicious dash of chemistry, and a recipe that's bound to get messy.<br /><br />Kennedy Caplan bakes the best cakes in town, but taking her business to the next level requires more than butter and grit. She’s determined to turn her dreams into something bigger, even if the odds—and her bank account—are stacked against her.<br /><br />Cameron Davies, NHL goalie and resident grump, has perfected the art of shutting people out. He’s content with his small circle, until life throws him off balance: a toxic ex back in town, teammates who won’t stop hovering, and a spotlight that refuses to dim.<br /><br />His solution is as practical as it is risky: a fake relationship with Kennedy—his sister’s friend and the one person he can’t seem to ignore. The arrangement gives her business the financial investment it desperately needs, and provides Cameron a buffer from his ex and overprotective teammates.<br /><br />But what begins as a strategic arrangement soon blurs into late-night calls and sparks neither of them can deny. And the more they lean into the lie, they’re forced to face the question they’ve both been avoiding: what if this isn’t fake anymore?<br />Fire and Ice is a spicy hockey romance with heart, heat, humor, and a guaranteed HEA. This is the second book in the Boston Bobcats series and can be read as a standalone, although reading in order is recommended for the best experience!",https://i.gr-assets.com/images/S/compressed.photo.goodreads.com/books/1775162593l/250519816.jpg,,,title_author,medium,[],[],[],[]
book_cda86aed74a0895a,2,Fireworks (Scottish Spice #2),Bonnie Woods,0008753490,401.0,"Wed, 24 Jun 2026 09:20:25 -0700","<strong>From the author of the viral bestseller, <em>Kindling</em>, comes a new spicy autumnal romance set in the Scottish Highlands! </strong><br /><br /><strong>
  <em>Love can be explosive…</em>
</strong><br /><br />Things haven’t been easy for Eiley but she’s finally stepping into the light. With a new flat above the local bookshop, Thorn &amp; Thistle, and a job that lets her indulge her bookworm fantasies, Eiley is on the path to rediscovering who she is – until her village of Belbarrow gets an annoyingly self-important new fireman called Warren, who it seems is always there to throw cold water on her plans.<br /><br />Warren, with his hot looks and cool lines, is the last thing Eiley wants. Cocky, flirty and superior, she’s not about to be another notch on his belt. But when chaos sweeps through Eiley’s life, forcing her and Warren to team up to save the shop, sparks fly in ways she never expected.<br /><br />As autumn leaves swirl and the village gears up for their annual fireworks display, Eiley must navigate the smoking chemistry between them while facing the ghosts of her past. She knows that sometimes love hurts – but other times, it burns…<br /><br /><b>
  <i>This heartwarming autumnal romance explores the fiery connection between a determined single mum and a self-assured fireman.</i>
</b>",https://i.gr-assets.com/images/S/compressed.photo.goodreads.com/books/1745948850l/220257279._SY475_.jpg,OL42538534W,OL57741356M,openlibrary_work,high,[],[],[],[]
book_3f8bf5d8d168d820,2,"Fourth Wing (The Empyrean, #1)",Rebecca Yarros,1649374046,517.0,"Sun, 08 Feb 2026 11:33:42 -0800","A #1 New York Times bestseller • TV series in development at MGM Amazon Studios with Michael B. Jordan’s Outlier Society • Amazon Best Books of the Year, #4 • Apple Best Books of the Year 2023 • Barnes &amp; Noble Best Fantasy Book of 2023 • NPR “Books We Love” 2023 • Audible Best Books of 2023 • Hudson Book of the Year • Google Play Best Books of 2023 • Indigo Best Books of 2023 • Waterstones Book of the Year finalist • Goodreads Choice Award Winner • Newsweek Staffers’ Favorite Books of 2023 • Paste Magazine's Best Books of 2023<br /><br />""Suspenseful, sexy, and with incredibly entertaining storytelling, the first in Yarros' Empyrean series will delight fans of romantic, adventure-filled fantasy."" ―Booklist, starred review<br /><br />""Fourth Wing will have your heart pounding from beginning to end... A fantasy like you've never read before."" ―#1 New York Times bestselling author Jennifer L. Armentrout<br /><br /><br />Enter the brutal and elite world of a war college for dragon riders from #1 New York Times bestselling author Rebecca Yarros<br /><br />Twenty-year-old Violet Sorrengail was supposed to enter the Scribe Quadrant, living a quiet life among books and history. Now, the commanding general―also known as her tough-as-talons mother―has ordered Violet to join the hundreds of candidates striving to become the elite of Navarre: dragon riders.<br /><br />But when you’re smaller than everyone else and your body is brittle, death is only a heartbeat away...because dragons don’t bond to “fragile” humans. They incinerate them.<br /><br />With fewer dragons willing to bond than cadets, most would kill Violet to better their own chances of success. The rest would kill her just for being her mother’s daughter―like Xaden Riorson, the most powerful and ruthless wingleader in the Riders Quadrant.<br /><br />She’ll need every edge her wits can give her just to see the next sunrise.<br /><br />Yet, with every day that passes, the war outside grows more deadly, the kingdom's protective wards are failing, and the death toll continues to rise. Even worse, Violet begins to suspect leadership is hiding a terrible secret.<br /><br />Friends, enemies, lovers. Everyone at Basgiath War College has an agenda―because once you enter, there are only two ways out: graduate or die.<br /><br />The Empyrean series is best enjoyed in order.<br />Reading Order:<br />Book #1 Fourth Wing<br />Book #2 Iron Flame<br />Book #3 Onyx Storm",https://i.gr-assets.com/images/S/compressed.photo.goodreads.com/books/1761312598l/61431922._SY475_.jpg,OL29226517W,OL39767438M,openlibrary_work,high,"[""Fantasía"", ""Fantasy"", ""ficción"", ""ficciones"", ""Fiction"", ""Romántica"", ""Romance"", ""Romántico"", ""joven adulto"", ""Young adult fiction"", ""nyt:combined-print-and-e-book-fiction=2023-05-21"", ""New York Times bestseller"", ""Serie:The_Empyrean""]",[],[],[]
book_d19cb17ee489858c,2,"Fundamentals of Being a Good Girl (Academic Affairs, #1)",Julie Murphy,0063338394,416.0,"Sun, 08 Feb 2026 20:23:03 -0800","<strong>From #1 <em>New York Times</em> bestselling author Julie Murphy and <em>USA Today</em> bestselling author Sierra Simone comes a brand-new college town raunch-com about a sexy single dad professor and a feisty law school grad turned nanny in this steamy tale of Academic Affairs…</strong><br /><br /><strong>She wants to be a good girl. He’s dying to teach her.</strong><br /><br />New to town and freshly single, rookie lecturer Maddie isn’t looking for trouble … until she ends up in bed with Bram – a sexy, grumpy single dad – on her first night.<br /><br />The catch? He’s her new boss at home (he needs a nanny), and her colleague at work (he's a professor, too). So to make it work, they set some ground <br /><br />- No more sex<br /><br />- They can never be alone in the house together<br /><br />But Maddie’s great at breaking these rules, and Bram’s even better at dishing out consequences…",https://i.gr-assets.com/images/S/compressed.photo.goodreads.com/books/1754930912l/231391875._SY475_.jpg,,,isbn,high,[],[],[],[]
book_897304c6071a156f,2,"Game On (Into Darkness, #3)",Navessa Allen,1638932271,384.0,"Tue, 31 Mar 2026 21:02:56 -0700","<br /><br /><b>Book three in the No.1 <i>New York Times</i> bestselling Into Darkness series, following the dark rom-com sensations <i>Lights Out </i>and<i> Caught Up</i>. The game is on for these enemies-to-lovers with laugh-out-loud banter and scorching-hot brat play.</b><br /><br /><i>I hate that woman.</i><br /><br />Tyler Neumann has spent years looking for his father, and not because he wants to meet the man. No, he wants to <i>destroy</i> him. And he'll manipulate whoever he can to exact his revenge. <br /><br />Including Stella McCormick. She's everything Tyler hates. Her wealth and privilege have protected her for her entire life, and Tyler thinks it's time she finally paid the price. Whether she's ready to or not.<br /><br /><i>I hate that man.</i><br /><br />Stella might not believe in love at first sight, but loathing at first sight - no question. From the moment she sets eyes on Tyler in her tattoo parlor, she knows he's the devil planning to make her life hell.<br /><br />Forced to play the part of his girlfriend and invite him into her family's glittering circles, Stella quickly clocks Tyler's ulterior motives. But love and hate are two sides of the same coin, and soon she doesn't know which is being blackmailed by a man who wants to ruin her, or that they can't seem to keep their hands off each other.<br /><br /><b><i>Game On </i>is an enemies-to-lovers dark romance with morally grey characters. Some themes and scenes may be disturbing to readers. Please check the content warning at the beginning of the book.</b><br /><br /><b></b> <br />Enemies-to-lovers<br />Forced proximity<br />Fake dating<br />Rom-com <br />Morally gray MMC <br />Black cat FMC <br />Blackmail <br />Kidnapping <br />Power imbalance <br />Age gap <br />Betrayal and redemption <br />Dark past<br />Revenge",https://i.gr-assets.com/images/S/compressed.photo.goodreads.com/books/1759614724l/240382002.jpg,OL45106192W,OL62249945M,openlibrary_work,high,"[""Dark Romance"", ""Romance"", ""Enemies To Lovers"", ""Spicy"", ""Dark"", ""Fake Dating"", ""Smut"", ""Contemporary"", ""Fiction"", ""Enemies-to-lovers"", ""Forced proximity"", ""Rom-com"", ""Morally gray MMC"", ""Black cat FMC"", ""Blackmail"", ""Kidnapping"", ""Power imbalance"", ""Age gap"", ""Betrayal and redemption"", ""Dark past"", ""Revenge""]","[""Tyler Neumann"", ""Stella McCormick""]",[],[]
book_fb030ca2d10f0bf8,2,"Good Omens: The Nice and Accurate Prophecies of Agnes Nutter, Witch",Terry Pratchett,,491.0,"Tue, 25 Feb 2020 21:31:52 -0800","According to the Nice and Accurate Prophecies of Agnes Nutter - the world's only totally reliable guide to the future - the world will end on a Saturday. Next Saturday, in fact. Just after tea...<br /><br />People have been predicting the end of the world almost from its very beginning, so it’s only natural to be sceptical when a new date is set for Judgement Day. This time though, the armies of Good and Evil really do appear to be massing. The four Bikers of the Apocalypse are hitting the road. But both the angels and demons – well, one fast-living demon and a somewhat fussy angel – would quite like the Rapture not to happen.<br /><br />And someone seems to have misplaced the Antichrist…",https://i.gr-assets.com/images/S/compressed.photo.goodreads.com/books/1615552073l/12067.jpg,,,title_author,medium,[],[],[],[]
book_7b53293351d8a1e5,2,Gwen & Art Are Not in Love,Lex Croucher,1250847214,410.0,"Fri, 13 Feb 2026 22:03:55 -0800","<b><i>Heartstopper</i> meets <i>A Knight’s Tale</i> in this queer medieval rom-com YA debut about love, friendship, and being brave enough to change the course of history.</b><br /><br />It’s been hundreds of years since King Arthur’s reign. His descendant, Arthur, a future Lord and general gadabout, has been betrothed to Gwendoline, the quick-witted, short-tempered princess of England, since birth. The only thing they can agree on is that they despise each other.<br /><br />They’re forced to spend the summer together at Camelot in the run-up to their nuptials, and within 24 hours, Gwen has discovered Arthur kissing a boy, and Arthur has gone digging for Gwen's childhood diary and found confessions about her crush on the kingdom's only lady knight, Bridget Leclair.<br /><br />Realizing they might make better allies than enemies, Gwen and Art make a reluctant pact to cover for each other, and as things heat up at the annual royal tournament, Gwen is swept off her feet by her knight, and Arthur takes an interest in Gwen's royal brother. Lex Croucher's <i>Gwen &amp; Art Are Not in Love</i> is chock full of sword-fighting, found family, and romantic shenanigans destined to make readers fall in love.",https://i.gr-assets.com/images/S/compressed.photo.goodreads.com/books/1665319037l/61885131._SY475_.jpg,OL28019292W,OL39728231M,openlibrary_work,high,"[""nyt:young-adult-hardcover=2023-12-17"", ""New York Times bestseller"", ""Romance"", ""Young Adult"", ""LGBT"", ""Fantasy"", ""Queer"", ""Historical Fiction"", ""Lesbian"", ""Historical"", ""Fiction""]",[],[],[]
book_08b260e73af784c1,2,Happy Place,Emily Henry,0593441273,388.0,"Thu, 09 Feb 2023 21:42:51 -0800","<b>
  <i>Think of your happy place. . . .</i>
</b><br /><br /><b>HARRIET AND WYN</b> have been the perfect couple since they met in college—they go together like salt and pepper, honey and tea, lobster and rolls. Except now—for reasons they’re still not discussing—they don’t.<br /><br />They broke up five months ago . . . and still haven’t told their best friends. <br /><br />Which is how they find themselves sharing a bedroom at the Maine cottage that has been their friend group’s yearly getaway for the last decade. Their annual respite from the world, where for one vibrant, blissful week, they leave behind their daily lives; have copious amounts of cheese, wine, and seafood; and soak up the salty coastal air with the people who understand them most.<br /><br />Only this year, Harriet and Wyn are lying through their teeth while trying not to notice how desperately they still want each other. Because the cottage is for sale, and this is the last week they’ll all have together in this place. They can’t stand to break their friends’ hearts, and so they’ll play their parts. Harriet will be the driven surgical resident who never starts a fight, and Wyn will be the laidback charmer who never lets the cracks show. It’s a flawless plan (if you look at it from a great distance and through a pair of sunscreen-smeared sunglasses). After years of being in love, how hard can it be to fake it for one week . . . in front of those who know you best?",https://i.gr-assets.com/images/S/compressed.photo.goodreads.com/books/1660145160l/61718053.jpg,OL28607665W,OL39225506M,openlibrary_work,high,"[""nyt:combined-print-and-e-book-fiction=2023-05-14"", ""New York Times bestseller""]",[],[],[]
book_1cc45ad032983a9d,2,"Harry Potter and the Sorcerer's Stone (Harry Potter, #1)",J.K. Rowling,0439554934,309.0,"Fri, 06 Jan 2017 13:11:25 -0800","<i>""Turning the envelope over, his hand trembling, Harry saw a purple wax seal bearing a coat of arms; a lion, an eagle, a badger and a snake surrounding a large letter 'H'.""</i><br /><br />Harry Potter has never even heard of Hogwarts when the letters start dropping on the doormat at number four, Privet Drive. Addressed in green ink on yellowish parchment with a purple seal, they are swiftly confiscated by his grisly aunt and uncle. Then, on Harry's eleventh birthday, a great beetle-eyed giant of a man called Rubeus Hagrid bursts in with some astonishing news: Harry Potter is a wizard, and he has a place at Hogwarts School of Witchcraft and Wizardry. An incredible adventure is about to begin!",https://i.gr-assets.com/images/S/compressed.photo.goodreads.com/books/1474154022l/3._SY475_.jpg,OL82563W,OL26018592M,openlibrary_work,high,"[""series:Harry_Potter"", ""Ghosts"", ""Monsters"", ""Vampires"", ""Witches"", ""Challenges and Overcoming Obstacles"", ""Magic and Supernatural"", ""Cleverness"", ""School Life"", ""school stories"", ""Wizards"", ""Magic"", ""MAGIA"", ""MAGOS"", ""Juvenile fiction"", ""Fiction"", ""NOVELAS INGLESAS"", ""Schools"", ""orphans"", ""fantasy fiction"", ""England in fiction"", ""Witches in fiction"", ""Wizards in fiction"", ""Alchemy"", ""New York Times bestseller"", ""Juvenile literature"", ""Magic in fiction"", ""Open Library Staff Picks"", ""Juvenile audience"", ""Children's stories"", ""Juvenile works"", ""Schools in fiction"", ""Fantasy"", ""Hogwarts School of Witchcraft and Wizardry (Imaginary place)"", ""Harry Potter (Fictitious character)"", ""Ficción juvenil"", ""Escuelas"", ""Hogwarts School of Witchcraft and Wizardry (Imaginary organization)"", ""Translations from English"", ""Chinese fiction"", ""Hermione Granger (Fictitious character)"", ""Reading Level-Grade 9"", ""Reading Level-Grade 11"", ""Reading Level-Grade 10"", ""Reading Level-Grade 12"", ""Hogwarts school of witchcraft and wizardry (imaginary organization), fiction"", ""Children's fiction"", ""Schools, fiction"", ""England, fiction"", ""Potter, harry (fictitious character), fiction"", ""Wizards, fiction"", ""Magic, fiction"", ""Fiction, fantasy, general"", ""Magier"", ""Fabeltiere"", ""Lehrling"", ""Kinderbuch"", ""Stein der Weisen"", ""Ungeheuer"", ""Junge"", ""English language"", ""Translating into Welsh"", ""Modern history to 20th century: c 1700 to c 1900"", ""Literary theory"", ""English literature"", ""Ron Weasley (Fictitious character)"", ""Latin language materials"", ""Romans, nouvelles, etc. pour la jeunesse"", ""Poudlard, école de sorcellerie (Organisation imaginaire)"", ""Sorciers"", ""Sorcières"", ""Magie"", ""Internats"", ""Adventure and adventurers, fiction"", ""Action & Adventure"", ""Fantasy & Magic"", ""Social Themes"", ""Friendship"", ""Harry Potter (Fictional character)"", ""Friendship, fiction"", ""German language materials"", ""Witchcraft, fiction"", ""Wizard"", ""NOVELAS FANTÁSTICAS"", ""NOVELAS JUVENILES INGLESAS"", ""LITERATURA JUVENIL ESTADOUNIDENSE"", ""Écoles"", ""Hechicería"", ""Novela juvenil"", ""Ingleterra"", ""Mystery"", ""roman"", ""English Fantasy literature"", ""Translations into Marathi"", ""English fiction"", ""Translations into Chinese"", ""Children - harry potter"", ""Teen fiction"", ""Children - fiction & literature"", ""Science fiction & fantasy"", ""Fiction - people"", ""Places & cultures"", ""Adventure"", ""Supernatural"", ""harry potter"", ""j.k rowling"", ""spanish"", ""Spanish language materials""]","[""Harry Potter"", ""Ron Weasley"", ""Hermione Granger"", ""Neville Longbottom"", ""Rubeus Hagrid"", ""Albus Dumbledore"", ""Minerva McGonagall"", ""Nicolas Flamel"", ""Norbert"", ""Sorting Hat"", ""Severus Snape"", ""Quirinus Quirrell"", ""Petunia Dursley"", ""Draco Malfoy"", ""Argus Filch"", ""Vernon Dursley"", ""Dudley Dursley"", ""Fred Weasley"", ""George Weasley"", ""Ginny Weasley"", ""Molly Weasley"", ""Percy Weasley"", ""Vincent Crabbe"", ""Gregory Goyle"", ""Lee Jordan"", ""Scabbers"", ""Hannah Abbott"", ""Bloody Baron"", ""Susan Bones"", ""Terry Boot"", ""Mandy Brocklehurst"", ""Lavender Brown"", ""Millicent Bulstrode"", ""Nearly Headless Nick"", ""Fat Friar"", ""Fat Lady"", ""Justin Finch-Fetchley"", ""Seamus Finnigan"", ""Morag MacDougal"", ""Lily Moon"", ""Pansy Parkinson"", ""Padma Patil"", ""Parvati Patil"", ""Peeves"", ""Dean Thomas"", ""Lisa Turpin"", ""Blaise Zabini"", ""Harry Potter (Fictitious character)""]","[""England"", ""Hogwarts School of Witchcraft and Wizardry"", ""4 Privet Drive"", ""Diagon Alley"", ""Leaky Cauldron"", ""Gringotts Wizarding Bank"", ""Forbidden Forest"", ""King's Cross Station"", ""Platform Nine and Three-quarters"", ""London""]","[""Late 1990s""]"
book_5cbd2acf7cc73c54,2,"Hart's Landing (Hart's Landing, #1)",Melanie Harlow,1682816664,400.0,"Sun, 22 Mar 2026 09:19:49 -0700","<b>Four friends made a promise to live one night like it was their last.<br /><br />That night changed everything.</b><br /><br />Ten years ago, Mila Ferguson left behind a devastating fire, a stolen kiss, and a shattered circle of friends in her hometown of Hart’s Landing. But when a crisis brings her back, Mila just wants to get in and get out, unscathed by her mother’s constant criticism and unseen by her former crush, Everett McKean.<br /><br />Only … Everett is everywhere. The town’s attractive, beloved mayor has resisted settling down, but he’s never stopped wondering about Mila. Having her back in Hart’s Landing is the second chance he didn’t know he was waiting for—and he’s not about to waste it.<br /><br />As Mila slowly opens her heart to Everett and begins to rebuild her fractured friendships, she wonders if coming home was exactly what she needed. But old wounds threaten to open again when questions emerge about what really happened the night Mila left. Who’s really responsible for the fire that destroyed the bakery? And will knowing the truth free Mila from the past, or ignite a blaze that burns down the future she’s trying to build?<br /><br />People say you can never truly come home again, but sometimes coming home isn’t about where you’ve been. It’s about who you’re brave enough to become.<br /><br /><b><i>Sexy, heartfelt, and steeped in small-town charm, </i>Hart’s Landing<i> is a story of forgiveness, friendship, and finding the family who loves you no matter how far you wander.</i></b>",https://i.gr-assets.com/images/S/compressed.photo.goodreads.com/books/1764968989l/241652009._SY475_.jpg,OL45092439W,,openlibrary_work,high,[],[],[],[]
book_e69ea3449294aa8f,2,"Heated Rivalry (Game Changers, #2)",Rachel  Reid,1335534636,368.0,"Wed, 22 Apr 2026 01:13:01 -0700","Nothing interferes with Shane Hollander’s game—definitely not the sexy rival he loves to hate.<br /><br />Pro hockey star Shane Hollander isn’t just crazy talented, he’s got a spotless reputation. Hockey is his life. Now that he’s captain of the Montreal Voyageurs, he won’t let anything jeopardize that, especially the sexy Russian whose hard body keeps him awake at night.<br /><br />Boston Bears captain Ilya Rozanov is everything Shane’s not. The self-proclaimed king of the ice, he’s as cocky as he is talented. No one can beat him—except Shane. They’ve made a career on their legendary rivalry, but when the skates come off, the heat between them is undeniable. When Ilya realizes he wants more than a few secret hookups, he knows he must walk away. The risk is too great.<br /><br />As their attraction intensifies, they struggle to keep their relationship out of the public eye. If the truth comes out, it could ruin them both. But when their need for each other rivals their ambition on the ice, secrecy is no longer an option.",https://i.gr-assets.com/images/S/compressed.photo.goodreads.com/books/1764956862l/216148977._SY475_.jpg,OL25434351W,,openlibrary_work,high,"[""Series:Game-Changers"", ""LGTBI"", ""Fiction, romance, contemporary"", ""Romance"", ""Sports Romance"", ""Hockey"", ""M M Romance"", ""Enemies To Lovers"", ""Contemporary"", ""Queer""]","[""Shane Hollander"", ""Ilya Rozanov""]",[],[]
book_45cab445efc79ecb,2,Heathen & Honeysuckle,Sarah A. Bailey,1964264170,384.0,"Sun, 19 Apr 2026 23:51:52 -0700","Then:<br />Leo Graham knows nothing new ever happens in the small town of Pacific Shores. That is, until he runs into his new neighbor. Golden haired, honey-eyed, and sharp-tongued, Darby Andrews. The mischievous surfer is immediately smitten with the innocent girl-next-door, and vows to dedicate his summer to bringing out her wild side. As Leo and Darby’s budding friendship turns into a burning love that neither of them could’ve expected, Leo is determined to protect it at all costs. Until he finds the girl of his teenage dreams ran away in the middle of the night without so much as a goodbye.<br /><br />Now:<br />Darby Andrews is Crestwell, Kansas’s golden child. She’s always been a rule follower, save for one secret summer spent living with her grandmother in California; the consequences of which still haunt her a decade later. Darby’s always done what she was told, including agreeing to marry the man hand-picked by her demanding father. While perfect on paper, Darby knows what love is, and her engagement to Jackson Montague isn’t it. When the boy who’s heart she broke all those years ago shows up on the cusp of her nuptials claiming to have received a letter she never meant to send him, and an offer to run away, Darby’s left with a choice: remain the good girl she’s always been, or become the wild spirit she’s always wished to be.",https://i.gr-assets.com/images/S/compressed.photo.goodreads.com/books/1743337102l/224003913._SY475_.jpg,OL42450894W,OL57603411M,openlibrary_work,high,"[""Fiction, romance, general""]",[],[],[]
book_a302d28d8b3d5bc3,2,"Heir of Fire (Throne of Glass, #3)",Sarah J. Maas,,576.0,"Fri, 24 Apr 2026 14:52:09 -0700","Celaena has survived deadly contests and shattering heartbreak-but at an unspeakable cost. Now, she must travel to a new land to confront her darkest truth . . . a truth about her heritage that could change her life-and her future-forever. Meanwhile, brutal and monstrous forces are gathering on the horizon, intent on enslaving her world. Will Celaena find the strength to not only fight her inner demons, but to take on the evil that is about to be unleashed?",https://i.gr-assets.com/images/S/compressed.photo.goodreads.com/books/1673566654l/76706470._SY475_.jpg,OL17367560W,,openlibrary_work,high,"[""Magic"", ""YA"", ""High Fantasy"", ""Fiction"", ""Romance"", ""Fantasy"", ""Court"", ""Assassins"", ""Identity"", ""Identity (Psychology)"", ""Children's fiction"", ""Kings, queens, rulers, etc., fiction"", ""Criminals, fiction"", ""Identity, fiction"", ""Fantasy fiction"", ""Young adult fiction"", ""[series:Throne_of_Glass]"", ""Young Adult"", ""Female assassins""]",[],[],[]
book_ae434a1bbdfe2624,2,Hello Stranger,Katherine Center,1250283787,323.0,"Thu, 09 Feb 2023 21:44:31 -0800","<b>Love isn’t blind, it’s just a little blurry.</b><br /><br />Sadie Montgomery never saw what was coming . . . Literally! One minute she’s celebrating the biggest achievement of her life—placing as a finalist in the North American Portrait Society competition—the next, she’s lying in a hospital bed diagnosed with a “probably temporary” condition known as face blindness. She can see, but every face she looks at is now a jumbled puzzle of disconnected features. Imagine trying to read a book upside down and in another language. This is Sadie’s new reality with every face she sees.<br /><br />But, as she struggles to cope, hang on to her artistic dream, work through major family issues, and take care of her beloved dog, Peanut, she falls into—love? Lust? A temporary obsession to distract from the real problems in her life?—with not one man but two very different ones. The timing couldn’t be worse.<br /><br />If only her life were a little more in focus, Sadie might be able to find her way. But perceiving anything clearly right now seems impossible. Even though there are things we can only find when we aren’t looking. And there are people who show up when we least expect them. And there are always, always other ways of seeing.",https://i.gr-assets.com/images/S/compressed.photo.goodreads.com/books/1667138448l/61884987.jpg,OL28866624W,OL39778528M,openlibrary_work,high,"[""nyt:hardcover-fiction=2023-07-30"", ""New York Times bestseller"", ""Fiction, romance, romantic comedy""]",[],[],[]
book_b500439d29d53be2,2,"Hook, Line, and Sinker (Bellinger Sisters, #2)",Tessa Bailey,0063045699,353.0,"Thu, 03 Mar 2022 12:28:11 -0800","King crab fisherman Fox Thornton has a reputation as a sexy, carefree flirt. Everyone knows he's a guaranteed good time--in bed and out--and that's exactly how he prefers it. Until he meets Hannah Bellinger. She's immune to his charm and looks, but she seems to enjoy his... personality? And wants to be <em>friends</em>? Bizarre. But he likes her too much to risk a fling, so platonic pals it is.<br /><br />Now, Hannah's in town for work, crashing in Fox's spare bedroom. She knows he's a notorious ladies' man, but they're definitely <em>just friends</em>. In fact, she's nursing a hopeless crush on a colleague and Fox is just the person to help with her lackluster love life. Armed with a few tips from Westport's resident Casanova, Hannah sets out to catch her coworker's eye... yet the more time she spends with Fox, the more she wants <em>him </em>instead. As the line between friendship and flirtation begins to blur, Hannah can't deny she loves everything about Fox, but she refuses to be another notch on his bedpost.<br /><br />Living with his best friend should have been easy. Except now she's walking around in a towel, sleeping right across the hall, and Fox is fantasizing about waking up next to her for the rest of his life and... and... man overboard! He's fallen for her, hook, line, and sinker. Helping her flirt with another guy is pure torture, but maybe if Fox can tackle his inner demons and show Hannah he's all in, she'll choose him instead?<br /><br /><strong>In the follow-up to <em>It Happened One Summer</em>, Tessa Bailey delivers another deliciously fun rom-com about a former player who accidentally falls for his best friend while trying to help her land a different man...</strong>",https://i.gr-assets.com/images/S/compressed.photo.goodreads.com/books/1627068858l/58283080.jpg,OL25988707W,OL35079010M,openlibrary_work,high,"[""nyt:combined-print-and-e-book-fiction=2022-03-20"", ""New York Times bestseller""]",[],[],[]
book_41a8258e3828bdce,2,"House of Earth and Blood (Crescent City, #1)",Sarah J. Maas,1635574048,803.0,"Wed, 23 Sep 2026 16:43:39 -0700","Bryce Quinlan had the perfect life-working hard all day and partying all night-until a demon murdered her closest friends, leaving her bereft, wounded, and alone. When the accused is behind bars but the crimes start up again, Bryce finds herself at the heart of the investigation. She'll do whatever it takes to avenge their deaths.<br /><br />Hunt Athalar is a notorious Fallen angel, now enslaved to the Archangels he once attempted to overthrow. His brutal skills and incredible strength have been set to one purpose-to assassinate his boss's enemies, no questions asked. But with a demon wreaking havoc in the city, he's offered an irresistible deal: help Bryce find the murderer, and his freedom will be within reach.<br /><br />As Bryce and Hunt dig deep into Crescent City's underbelly, they discover a dark power that threatens everything and everyone they hold dear, and they find, in each other, a blazing passion-one that could set them both free, if they'd only let it.<br /><br />With unforgettable characters, sizzling romance, and page-turning suspense, this richly inventive new fantasy series delves into the heartache of loss, the price of freedom-and the power of love.",https://i.gr-assets.com/images/S/compressed.photo.goodreads.com/books/1559142847l/44778083.jpg,OL20650912W,OL27924119M,openlibrary_work,high,"[""American literature"", ""Fiction, fantasy, urban"", ""Fiction, romance, paranormal"", ""Fiction, fantasy, epic"", ""Fiction, romance, fantasy"", ""collectionID:EanesChallenge"", ""Fiction, romance, paranormal, general"", ""[series:SJM_Crescent:City]"", ""fiction"", ""angels"", ""demonology"", ""Fairies"", ""fantasy fiction"", ""murder""]","[""Bryce Quinlan"", ""Hunt Athalar""]","[""Crescent City""]",[]
book_b68a2bb3f7902b6f,2,How to Find Love in the Cereal Aisle,Alissa DeRogatis,1464223394,336.0,"Fri, 24 Apr 2026 10:12:23 -0700","<strong>From <em>Cosmopolitan's </em>Cosmo Reads imprint and the author of the smash hit <em>Call It What You Want</em> comes a fresh, charming romcom about the chaos of dating in your twenties, the ache of a brutal breakup, and the hilarious lengths one romance writer will go to get her spark back—including staging her own meet-cutes. Perfect for fans of Katherine Center and Emily Henry’s<em> Beach Read.</em></strong><br /><br /><em>If you can’t write a good meet-cute, maybe you need to live one first…</em><br /><br />Ainsley Green writes happily-ever-afters for a rabid fanbase of hopeless romantics. In real life? Her boyfriend just broke up with her, her editor wanted a new book yesterday and she’s starting to wonder if love actually exists beyond the pages of her favorite novels.<br /><br />So when Lucas, Ainsley’s best friend and biggest cheerleader, insists the best cure for writer’s block is real-life inspiration, she’s ready to try anything. Enter: the meet-cute plan, a mission to take her head out of her heartbreak and force meet-cutes IRL to spark some new ideas. But as failed missions bumping into strangers at the airport and spilling coffee on men at the cafe result in nothing but embarrassment and stained clothing, Ainsley begins to wonder if maybe the romance she’s been chasing already has a leading man.<br /><br />Because the truth about falling in love? It never goes according to plan.<br /><br />Equal parts heartbreak, humor, and hope, <em>How to Find Love in the Cereal Aisle </em>is a fresh, flirty send up of dating in the modern age and a reminder that love finds us when we stop performing and start living.",https://i.gr-assets.com/images/S/compressed.photo.goodreads.com/books/1765143111l/243125024._SY475_.jpg,,,isbn,high,[],[],[],[]
book_ca15ec7fdc415606,2,"In Your Dreams (When in Rome, #4)",Sarah       Adams,0593723716,368.0,"Fri, 19 Sep 2025 23:04:43 -0700","<b>A homecoming to Rome, Kentucky, sparks a new romance—and lots of drama—between two old family friends, from the <i>New York Times</i> bestselling author of <i>When in Rome, Practice Makes Perfect</i>, and <i>Beg, Borrow, or Steal</i></b><br /><br />Madison Walker left Rome, Kentucky, determined to prove she could make it in the culinary world. But after years of chasing success in New York, all she has to show for it is a shattered confidence and a desperate need for a fresh start. Coming home isn’t part of the plan—until an unexpected job offer lands in her lap, giving her a chance to rebuild everything she’s lost: the head chef position at a new farm-to-table restaurant in her hometown. The only catch? It comes from James Huxley, owner of Huxley Farm, her brother’s best friend . . . and the last person she wants to work for.<br /><br />James has always played it safe, keeping his head down and doing what’s expected of him in the family business and never contemplating anything different—until now when Madison’s happiness is on the line. He’s loved her quietly for years, knowing she’s never seen him as more than an annoyance. Now that she’s back, he’s determined to change that–even if it means he can only ever be her friend. The one problem? His charming, wildly successful younger brother, Tommy, seems determined to win her over first.<br /><br />Then Tommy is called away on business and Madison and James are tasked with launching the dreamy farm-to-table restaurant on their own. But as the town starts meddling in their relationship, Tommy’s pursuit of Madison grows more relentless, and Madison’s fears threaten to hold her back, keeping things strictly professional becomes impossible. And when an unexpected disaster on opening night collides with a long-simmering sibling feud, both Madison and James will have to face their biggest insecurities—and decide if love is worth the risk or if some dreams are safer left untouched.",https://i.gr-assets.com/images/S/compressed.photo.goodreads.com/books/1744220911l/231108669._SY475_.jpg,OL44560958W,OL60893538M,openlibrary_work,high,[],[],[],[]
book_4d0e8c0d4a4ff3ac,2,In a Holidaze,Christina Lauren,198212394X,307.0,"Fri, 25 Dec 2020 01:47:00 -0800","<b>Un deseo navideño, un héroe cariñoso y toda una vida en juego que te harán creer en el poder de los deseos y la magia de las fiestas.</b><br /><br />Es la época más maravillosa del año... pero no para Maelyn Jones, que vive con sus padres y odia su trabajo. Sin embargo, quizá lo peor de todo sea que esta es la última Navidad que celebrará en su lugar favorito del la cabaña nevada de Utah, donde ella y su familia han pasado todas las fiestas desde que nació.<br /><br />Al borde de un colapso nervioso, Mae lanza lo que cree que es una simple súplica al <b>""Por favor, muéstrame qué me hará feliz"".</b> Lo que sigue no es la escena más dichosa del año, sino los neumáticos rechinando, el metal chocando y, después, todo se vuelve negro. <b>Cuando despierta... está en un avión con destino a Utah, empezando las mismas vacaciones de hace unos instantes. </b><br /><br /><b>Con un desastre temporal hilarante que la envía de vuelta al avión una y otra vez, Mae debe descubrir cómo liberarse de ese extraño bucle, para poder, finalmente, encontrar a su verdadero amor bajo el muérdago.</b>",https://i.gr-assets.com/images/S/compressed.photo.goodreads.com/books/1601590329l/50892287._SY475_.jpg,OL21895914W,OL29862048M,openlibrary_work,high,"[""American literature"", ""nyt:trade-fiction-paperback=2020-10-25"", ""New York Times bestseller"", ""Fiction, holidays""]",[],[],[]
book_fb4d52f514dc2fec,2,"Insurgent (Divergent, #2)",Veronica Roth,0007442912,525.0,"Sat, 16 Jan 2021 14:54:44 -0800","One choice can transform you—or it can destroy you. But every choice has consequences, and as unrest surges in the factions all around her, Tris Prior must continue trying to save those she loves—and herself—while grappling with haunting questions of grief and forgiveness, identity and loyalty, politics and love.<br /><br />Tris's initiation day should have been marked by celebration and victory with her chosen faction; instead, the day ended with unspeakable horrors. War now looms as conflict between the factions and their ideologies grows. And in times of war, sides must be chosen, secrets will emerge, and choices will become even more irrevocable—and even more powerful. Transformed by her own decisions but also by haunting grief and guilt, radical new discoveries, and shifting relationships, Tris must fully embrace her Divergence, even if she does not know what she may lose by doing so.<br /><br /><i>New York Times</i> bestselling author Veronica Roth's much-anticipated second book of the dystopian <b>DIVERGENT</b> series is another intoxicating thrill ride of a story, rich with hallmark twists, heartbreaks, romance, and powerful insights about human nature.",https://i.gr-assets.com/images/S/compressed.photo.goodreads.com/books/1618525340l/11735983._SY475_.jpg,OL16325201W,OL25127023M,openlibrary_work,high,"[""Future"", ""faction"", ""Identity, fiction"", ""Family, fiction"", ""Courage, fiction"", ""Science fiction"", ""Children's fiction"", ""Dystopias"", ""Families"", ""Juvenile fiction"", ""Loyalty"", ""Fiction"", ""Grief"", ""Courage"", ""Practical Politics"", ""Social classes"", ""Love stories"", ""Identity"", ""Identity (Psychology)"", ""JUVENILE FICTION / Love & Romance"", ""JUVENILE FICTION / Dystopian"", ""Identity (Philosophical concept)"", ""Large type books"", ""JUVENILE FICTION / Social Themes / Adolescence"", ""JUVENILE FICTION / Girls & Women"", ""JUVENILE FICTION / Science Fiction"", ""JUVENILE FICTION / Social Issues / Adolescence"", ""Conduct of life"", ""Family life"", ""Social Issues"", ""Young adult fiction"", ""Girls & Women"", ""Adolescence"", ""Roman"", ""Love"", ""Individuality"", ""Amerikanisches Englisch"", ""Reading Level-Grade 7"", ""Reading Level-Grade 9"", ""Reading Level-Grade 8"", ""Reading Level-Grade 11"", ""Reading Level-Grade 10"", ""Reading Level-Grade 12"", ""nyt:chapter-books=2012-05-20"", ""New York Times bestseller"", ""Romance fiction"", ""Romans, nouvelles, etc. pour la jeunesse"", ""Dystopies"", ""Chagrin"", ""Loyauté"", ""Identité (Psychologie)"", ""Familles"", ""Classes sociales"", ""Familias"", ""Conducta (Ética)"", ""Spanish language materials"", ""Ficción juvenil"", ""Distopías"", ""Valentía"", ""Science-fiction"", ""American fiction"", ""Chang pian xiao shuo""]","[""Four"", ""Tris""]","[""Chicago"", ""Illinois"", ""mei guo""]","[""Future"", ""20th century"", ""xian dai""]"
book_68e30d4a5794fbe7,2,Into the Water,Paula Hawkins,0735211205,386.0,"Mon, 23 Feb 2026 20:13:25 -0800","<b>The author of the #1 New York Times bestseller and global phenomenon The Girl on the Train returns with Into the Water, her addictive new novel of psychological suspense.</b><br /><br />A single mother turns up dead at the bottom of the river that runs through town. Earlier in the summer, a vulnerable teenage girl met the same fate. They are not the first women lost to these dark waters, but their deaths disturb the river and its history, dredging up secrets long submerged.<br /> <br />Left behind is a lonely fifteen-year-old girl. Parentless and friendless, she now finds herself in the care of her mother's sister, a fearful stranger who has been dragged back to the place she deliberately ran from—a place to which she vowed she'd never return.<br /> <br />With the same propulsive writing and acute understanding of human instincts that captivated millions of readers around the world in her explosive debut thriller, <a href=""https://www.goodreads.com/book/show/22557272.The_Girl_on_the_Train"" title=""The Girl on the Train"" rel=""nofollow noopener"">The Girl on the Train</a>, Paula Hawkins delivers an urgent, twisting, deeply satisfying read that hinges on the deceptiveness of emotion and memory, as well as the devastating ways that the past can reach a long arm into the present.<br /> <br />Beware a calm surface—you never know what lies beneath.",https://i.gr-assets.com/images/S/compressed.photo.goodreads.com/books/1494055413l/33151805._SY475_.jpg,OL17765039W,OL26362212M,openlibrary_work,high,"[""Fiction"", ""Suicide victims"", ""Homecoming"", ""Criminal investigation"", ""Drowning victims"", ""Rivers"", ""Sisters"", ""Crimes against Women"", ""Suspense"", ""Contemporary Women"", ""Literary"", ""Murder"", ""Crimes against"", ""Women"", ""Fiction, psychological"", ""Fiction, thrillers, general"", ""nyt:hardcover-fiction=2017-05-21"", ""New York Times bestseller"", ""nyt:combined-print-and-e-book-fiction=2017-05-21"", ""FICTION / Literary"", ""FICTION / Suspense"", ""FICTION / Contemporary Women"", ""Suicide victims -- Fiction"", ""Drowning victims -- Fiction"", ""Criminal investigation -- Fiction"", ""Homecoming -- Fiction"", ""Sisters -- Fiction"", ""Women -- Crimes against -- Fiction"", ""Rivers -- Fiction"", ""Suicidés -- Romans, nouvelles, etc"", ""Noyés -- Romans, nouvelles, etc"", ""Enquêtes criminelles -- Romans, nouvelles, etc"", ""Retour au foyer -- Romans, nouvelles, etc"", ""Sœurs -- Romans, nouvelles, etc"", ""Femmes -- Crimes contre -- Romans, nouvelles, etc"", ""Women -- Crimes against"", ""Fiction, thrillers"", ""nyt:trade-fiction-paperback=2018-05-20""]",[],"[""Great Britain""]",[]
book_89d945fe64f3d937,2,"Kingdom of Ash (Throne of Glass, #7)",Sarah J. Maas,1639731067,984.0,"Mon, 25 May 2026 19:12:30 -0700","<i>An alternative cover edition for this ISBN can be found <a href=""https://www.goodreads.com/book/show/33590260-kingdom-of-ash"" rel=""nofollow noopener"">here</a>.</i><br /><br />Aelin Galathynius has vowed to save her people ― but at a tremendous cost. Locked within an iron coffin by the Queen of the Fae, Aelin must draw upon her fiery will as she endures months of torture. The knowledge that yielding to Maeve will doom those she loves keeps her from breaking, but her resolve is unraveling with each passing day…<br /><br />With Aelin captured, friends and allies are scattered to different fates. Some bonds will grow even deeper, while others will be severed forever. As destinies weave together at last, all must fight if Erilea is to have any hope of salvation.<br /><br />Years in the making, Sarah J. Maas's <i>New York Times</i> bestselling Throne of Glass series draws to an explosive conclusion as Aelin fights to save herself―and the promise of a better world.",https://i.gr-assets.com/images/S/compressed.photo.goodreads.com/books/1673567331l/76715522._SY475_.jpg,OL19352982W,OL39419296M,openlibrary_work,high,"[""Imaginary places"", ""Assassins"", ""Magic"", ""Imaginary wars and battles"", ""Queens"", ""Fiction"", ""Fiction, fantasy, epic"", ""Female assassins in fiction"", ""Young adult fiction, fantasy, dark fantasy"", ""[series:Throne_of_Glass]"", ""Reines"", ""Romans, nouvelles"", ""Lieux imaginaires"", ""Guerres et batailles imaginaires""]","[""Aelin Galathynius"", ""Rowan Whitethorn"", ""Chaol Westfall"", ""Manon Blackbeak"", ""Yrene Towers""]","[""Terrasen"", ""Adarlan""]",[]
book_dea2e8ebf9e7ce35,2,"Lassoed Love (Silver Saddle Ranch, #2)",Ann Einerson,1960325140,364.0,"Sun, 22 Mar 2026 09:18:07 -0700","Spicy lessons turn into undeniable chemistry, blurred lines, and broken rules between a reformed cowboy Casanova and the girl he’s secretly pined after for years in this steamy, friends-to-lovers, fake-dating, small-town romance by Ann Einerson.<br /><br />I wasn’t expecting to bail my little sister’s best friend out of jail. <br /><br />But what else could I do? I’ve wanted her for far longer than I care to admit. Too bad she thinks I’m a notorious playboy, leaving me firmly in the friend zone. Not that I didn’t earn that reputation once upon a time, but Birdie is the only one I have eyes for now.<br /><br />Luck is on my side when, after a few too many shots, the girl of my dreams propositions me. Will I be the first one to take her for a roll in the hay and teach her everything I know?<br /><br />Getting involved with the woman I’ve been yearning for is a bad idea. But it’s one I plan to take for a ride, especially when Birdie becomes my fake girlfriend with benefits.<br /><br />This might not be my first rodeo, but agreeing to give her spicy lessons blurs the lines between friendship and what lies beyond. If I’m already bending the rules, I’m determined to lasso her heart.",https://i.gr-assets.com/images/S/compressed.photo.goodreads.com/books/1772401718l/249158538._SY475_.jpg,,,isbn,high,[],[],[],[]
book_8e7a268429749153,2,"Legends & Lattes (Legends & Lattes, #1)",Travis Baldree,,296.0,"Sun, 08 Feb 2026 11:32:16 -0800","After a lifetime of bounties and bloodshed, Viv is hanging up her sword for the last time.<br /><br />The battle-weary orc aims to start fresh, opening the first ever coffee shop in the city of Thune. But old and new rivals stand in the way of success — not to mention the fact that no one has the faintest idea what coffee actually is.<br /><br />If Viv wants to put the blade behind her and make her plans a reality, she won't be able to go it alone.<br /><br />But the true rewards of the uncharted path are the travelers you meet along the way. And whether drawn together by ancient magic, flaky pastry, or a freshly brewed cup, they may become partners, family, and something deeper than she ever could have dreamed.",https://i.gr-assets.com/images/S/compressed.photo.goodreads.com/books/1654581271l/61242426._SY475_.jpg,OL27591348W,,openlibrary_work,high,"[""cozy fantasy"", ""Fantasy"", ""Romance"", ""Fiction"", ""Audiobook"", ""Cozy"", ""LGBT"", ""Queer"", ""Adult"", ""Lesbian"", ""LGBTQ+"", ""Fiction, fantasy, general"", ""nyt:trade-fiction-paperback=2022-11-27"", ""New York Times bestseller"", ""series:Legends & Lattes""]",[],[],[]
book_a13ffeaa4d614392,2,"Levels of Love (Novel Haven, #1)",Anabelle Stehl,,400.0,"Sat, 15 Aug 2026 19:35:24 -0700","A rivals-to-lovers forced proximity romance set in the competitive gaming world, featuring a sticker sheet to design your own cozy bookstore under the front cover and gorgeous stenciled edges.<br /><br />Lara vs. Luca.<br />Introverted vs Charismatic.<br />Cozy gamer vs. horror gamer.<br /><br />Lara is a shy programmer in London pouring her whole heart into Novel Haven, a gentle pixel-art game about books, healing, and community. Luca is the confident developer behind Desolate Dread, a psychological horror game that mines his own nightmares for inspiration. They couldn’t be more different, yet both are fighting for the same prize at the prestigious GameChanger Convention: recognition, visibility, and desperately needed prize money that could decide the future of their studios.",https://i.gr-assets.com/images/S/compressed.photo.goodreads.com/books/1760887251l/242974902._SY475_.jpg,OL45986388W,,openlibrary_work,high,[],[],[],[]
book_f68a9238e7989ed7,2,"Little Women (Little Women, #1)",Louisa May Alcott,,449.0,"Sat, 16 Jan 2021 14:52:33 -0800","Generations of readers young and old, male and female, have fallen in love with the March sisters of Louisa May Alcott’s most popular and enduring novel, <i>Little Women</i>. Here are talented tomboy and author-to-be Jo, tragically frail Beth, beautiful Meg, and romantic, spoiled Amy, united in their devotion to each other and their struggles to survive in New England during the Civil War.<br /><br /><p>It is no secret that Alcott based <i>Little Women</i> on her own early life. While her father, the freethinking reformer and abolitionist Bronson Alcott, hobnobbed with such eminent male authors as Emerson, Thoreau, and Hawthorne, Louisa supported herself and her sisters with ""woman’s work,” including sewing, doing laundry, and acting as a domestic servant. But she soon discovered she could make more money writing. <i>Little Women</i> brought her lasting fame and fortune, and far from being the ""girl’s book” her publisher requested, it explores such timeless themes as love and death, war and peace, the conflict between personal ambition and family responsibilities, and the clash of cultures between Europe and America.<br /><br />Note: <i>This is an alternate cover edition of ISBN 9780451529305.</i></p>",https://i.gr-assets.com/images/S/compressed.photo.goodreads.com/books/1562690475l/1934._SY475_.jpg,OL29983W,,openlibrary_work,high,"[""Romans"", ""Jeunes filles"", ""Soeurs"", ""Sisters"", ""Young women"", ""Fiction"", ""Fiction, women"", ""Young women, fiction"", ""Family life"", ""Literatura Norte Americana"", ""Families"", ""Juvenile fiction"", ""March family (Fictitious characters)"", ""Domestic fiction"", ""Bildungsromans"", ""Historical fiction"", ""Children's fiction"", ""Family life, fiction"", ""Sisters, fiction"", ""New england, fiction"", ""March family (fictitious characters), fiction"", ""American fiction (fictional works by one author)"", ""Fiction, family life, general"", ""Mothers and daughters, fiction"", ""History"", ""Dictionaries"", ""English language"", ""Spanish"", ""Familias"", ""Hermanas"", ""Madre e hijas"", ""Mothers and daughters"", ""Ficción"", ""Young men"", ""Social life and customs"", ""Manners and customs"", ""Fiction, coming of age"", ""Family, fiction"", ""Fiction, family life"", ""Children: Grades 4-6"", ""Family"", ""Fiction, general"", ""Coloring books"", ""German"", ""Literarne študije"", ""Little women"", "", Japanese language books, New England, Novela estadounidense, Američki građanski rat, ljubav, obitelj, odrastanje, growing up, žene, New England in fiction, Sisters in fiction, Family life in fiction, Mothers and daughters in fiction, Young women in fiction, Family in fiction,"", ""Literature"", ""collections"", "", American literature, New England -- Fiction, March family (Fictitious characters) -- Fiction, Sisters -- Fiction, Family life -- New England -- Fiction, Mothers and daughters -- Fiction, Young women -- Fiction, Autobiographical fiction, Children, Children's, Kids, Juvenile, American, Classic, Literature, Historical, Mothers, Daughtes, Married women, Orphans, Coming of life, Manners, Customs, Conduct of life, Social life, open_syllabus_project, Mother-daughter relationship, Folklore, Reading Level-Grade 5, Reading Level-Grade 4, Reading Level-Grade 7, Reading Level-Grade 6, Reading Level-Grade 8,"", ""biographical"", "", Buried treasure, Pirates, Adventure and adventurers, Robin Hood (Legendary character), Legends, English Adventure stories, Jungle animals, Feral children, Jungles, Animals, Short stories, Adaptations,"", ""historical"", ""general"", "","", ""romance"", "", Chang pian xiao shuo, Zhang pian xiao shuo, AR 8.6.,"", ""Animals"", ""Friendship"", ""England"", ""Treasure island (imaginary place)"", "", British and irish fiction (fictional works by one author), Coming of age, Spanish language materials, Famille March (Personnages fictifs),"", ""nouvelles"", ""etc. pour la jeunesse"", "", Mères et filles, Jeunes femmes, Sœurs, Familles, Madres e hijas, Novela juvenil, Jóvenes (Mujeres), Materiales en español, Novela, FICTION / Classics, Hermanos, Familia,"", ""Little women (Alcott"", ""Louisa May)"", "", Literature: Classics, Young Adult Books, Romance, Drama, Roman pour la jeunesse, Famille, Frères et soeurs,"", ""Drama (dramatic works by one author)"", ""Long now manual for civilization"", ""Juvenile literature"", ""Conduct of life"", ""Drama"", ""American literature""]","[""March family (Fictitious characters)-Fiction"", ""Louisa May Alcott (1832-1888)"", ""Jo March"", ""Beth March"", ""Meg March"", ""Amy March"", ""Gospođa March""]","[""Nouvelle-Angleterre"", ""New England"", ""Nueva Inglaterra"", ""United States"", ""Concord"", ""Massachusetts"", ""Mei guo"", ""Concord (Mass.)"", ""European Union countries""]","[""19th century"", ""Civil War, 1861-1865"", ""Siglo XIX"", ""Jin dai ."", ""Jindai"", ""1868-""]"
book_5db911923095da0f,2,"Lost and Found (Spunes, OR, #3)",Tarah DeWitt,1250329469,352.0,"Mon, 20 Apr 2026 00:00:25 -0700","<b>A stunning novel of romance and redemption set in the Spunes, OR world, filled with heartbreak and hope from ""master of emotion"" (Rachel Lynn Solomon) <i>USA Today</i> bestselling author Tarah DeWitt.</b><br /><br />Bea always wanted to be a mom, but she never expected she'd have to lose her best friend to do it. Armed with nothing but her best friend's eggs and a bucket list to complete, Bea's world is a sea of changes.<br /><br />When Silas steps in to give her a place to live when she needs it, Bea is half-relieved she has a longtime friend in her corner. A firefighter living in the wake of an accident, Silas has his own challenges to work through that have left him cautious and vulnerable in equal measure. At first, they expect nothing. But as these two former sunshines knit together in a love that has been unfulfilled till now, a new beginning comes out of the ashes of the past. One that will lead to a love that can withstand all the slings and arrows, joys and triumphs, that life can throw.",https://i.gr-assets.com/images/S/compressed.photo.goodreads.com/books/1759541427l/240019889._SY475_.jpg,OL45868557W,,openlibrary_work,high,[],[],[],[]
book_0341e75edd81937a,2,Love Lettering,Kate Clayborn,1496725174,307.0,"Sat, 16 Jan 2021 14:39:31 -0800","Meg Mackworth’s hand-lettering skill has made her famous as the Planner of Park Slope, designing beautiful custom journals for New York City’s elite. She has another skill too: reading signs that other people miss. Like the time she sat across from Reid Sutherland and his gorgeous fiancée, and knew their upcoming marriage was doomed to fail. Weaving a secret word into their wedding program was a little unprofessional, but she was sure no one else would spot it. She hadn’t counted on sharp-eyed, pattern-obsessed Reid . . .<br /><br />A year later, Reid has tracked Meg down to find out—before he leaves New York for good—how she knew that his meticulously planned future was about to implode. But with a looming deadline, a fractured friendship, and a bad case of creative block, Meg doesn’t have time for Reid’s questions—unless he can help her find her missing inspiration. As they gradually open up to each other about their lives, work, and regrets, both try to ignore the fact that their unlikely connection is growing deeper. But the signs are there—irresistible, indisputable, urging Meg to heed the messages Reid is sending her, before it’s too late . . .",https://i.gr-assets.com/images/S/compressed.photo.goodreads.com/books/1558904735l/44792512.jpg,OL20639262W,OL27900373M,openlibrary_work,high,[],[],[],[]
book_5cca494f1de71804,2,Love and Other Words,Christina Lauren,1501190539,432.0,"Sat, 16 Jan 2021 14:19:02 -0800","<b>
  <i>The story of the heart can never be unwritten.</i>
</b><br /><br />Macy Sorensen is settling into an ambitious if emotionally tepid routine: work hard as a new pediatrics resident, plan her wedding to an older, financially secure man, keep her head down and heart tucked away.<br /><br />But when she runs into Elliot Petropoulos—the first and only love of her life—the careful bubble she’s constructed begins to dissolve. Once upon a time, Elliot was Macy’s entire world—growing from her gangly bookish friend into the man who coaxed her heart open again after the loss of her mother...only to break it on the very night he declared his love for her.<br /><br />Told in alternating timelines between Then and Now, teenage Elliot and Macy grow from friends to much more—spending weekends and lazy summers together in a house outside of San Francisco devouring books, sharing favorite words, and talking through their growing pains and triumphs. As adults, they have become strangers to one another until their chance reunion. Although their memories are obscured by the agony of what happened that night so many years ago, Elliot will come to understand the truth behind Macy’s decade-long silence, and will have to overcome the past and himself to revive her faith in the possibility of an all-consuming love.<br /><br /><b>Love, loss, friendship, and the betrayals of the past all collide in this first fiction novel from <i>New York Times</i> and #1 international bestselling author Christina Lauren (<i>Autoboyography, Dating You / Hating You</i>).</b>",https://i.gr-assets.com/images/S/compressed.photo.goodreads.com/books/1667534514l/36206591._SY475_.jpg,OL19738192W,OL27350500M,openlibrary_work,high,"[""Physicians"", ""Man-woman relationships"", ""Alienation (Social psychology)"", ""First loves"", ""Reunions"", ""Fiction"", ""Fiction, general""]",[],"[""San Francisco (Calif.)""]",[]
book_45380546c885c94f,2,Love on the Brain,Ali Hazelwood,0593336852,368.0,"Thu, 24 Oct 2024 12:40:42 -0700","<b>A STEMinist rom-com in which a scientist is forced to work on a project with her nemesis--with explosive results.</b><br /><br />Like an avenging, purple-haired Jedi bringing balance to the mansplained universe, Bee Königswasser lives by a simple code: What would Marie Curie do? If NASA offered her the lead on a neuroengineering project--a literal dream come true after years scraping by on the crumbs of academia--Marie would accept without hesitation. Duh. But the mother of modern physics never had to co-lead with Levi Ward.<br /><br />Sure, Levi is attractive in a tall, dark, and piercing-eyes kind of way. And sure, he caught her in his powerfully corded arms like a romance novel hero when she accidentally damseled in distress on her first day in the lab. But Levi made his feelings toward Bee very clear in grad school--archenemies work best employed in their own galaxies far, far away.<br /><br />Now, her equipment is missing, the staff is ignoring her, and Bee finds her floundering career in somewhat of a pickle. Perhaps it's her occipital cortex playing tricks on her, but Bee could swear she can see Levi softening into an ally, backing her plays, seconding her ideas...devouring her with those eyes. And the possibilities have all her neurons firing. But when it comes time to actually make a move and put her heart on the line, there's only one question that matters: What will Bee Königswasser do?",https://i.gr-assets.com/images/S/compressed.photo.goodreads.com/books/1642069225l/60066655._SY475_.jpg,OL26350090W,OL39643885M,openlibrary_work,high,"[""American literature"", ""New York Times bestseller"", ""love hypothesis"", ""ali hazelwood"", ""love on the brain"", ""marie curie"", ""enemies to lovers"", ""grad school"", ""women in stem"", ""bee and levi"", ""levi ward"", ""got mail"", ""slow burn"", ""Fiction, romance, romantic comedy"", ""Fiction, romance, contemporary"", ""Fiction, romance, workplace""]",[],[],[]
book_37234c114420f783,2,"Love, Theoretically",Ali Hazelwood,,400.0,"Wed, 19 Jul 2023 08:04:51 -0700","<b>Rival physicists collide in a vortex of academic feuds and fake dating shenanigans in this delightfully STEMinist romcom from the <i>New York Times</i> bestselling author of <i>The Love Hypothesis</i> and <i>Love on the Brain</i>.</b><br /> <br />The many lives of theoretical physicist Elsie Hannaway have finally caught up with her. By day, she’s an adjunct professor, toiling away at grading labs and teaching thermodynamics in the hopes of landing tenure. By <i>other</i> day, Elsie makes up for her non-existent paycheck by offering her services as a fake girlfriend, tapping into her expertly honed people-pleasing skills to embody whichever version of herself the client needs.<br /> <br />Honestly, it’s a pretty sweet gig—until her carefully constructed Elsie-verse comes crashing down. Because Jack Smith, the annoyingly attractive and arrogant older brother of her favorite client, turns out to be the cold-hearted experimental physicist who ruined her mentor’s career and undermined the reputation of theorists everywhere. And he’s the same Jack Smith who rules over the physics department at MIT, standing right between Elsie and her dream job.<br /> <br />Elsie is prepared for an all-out war of scholarly sabotage but…those long, penetrating looks? Not having to be anything other than her true self when she’s with him? Will falling into an experimentalist’s orbit finally tempt her to put her most guarded theories on love into practice?",https://i.gr-assets.com/images/S/compressed.photo.goodreads.com/books/1666891996l/63106710._SY475_.jpg,OL28803485W,,openlibrary_work,high,"[""nyt:combined-print-and-e-book-fiction=2023-07-02"", ""New York Times bestseller"", ""Love & Romance""]",[],[],[]
book_cba963a1168220da,2,"Lovelight Farms (Lovelight, #1)",B.K. Borison,0593641124,332.0,"Tue, 30 Dec 2025 11:30:32 -0800","Two best friends fake date to reach their holiday happily ever after in this first romantic comedy in the Lovelight series.<br /><br />A pasture of dead trees. A hostile takeover of the Santa barn by a family of raccoons. And shipments that have mysteriously gone missing. Lovelight Farms is not the magical winter wonderland of Stella Bloom’s dreams.<br /><br />In an effort to save the Christmas tree farm she’s loved since she was a kid, Stella enters a contest with Instagram-famous influencer Evelyn St. James. With the added publicity and the $100,000 cash prize, Stella might just be able to save the farm from its financial woes. There’s just one problem. To make the farm seem like a romantic destination for the holidays, she lied on her application and said she owns Lovelight Farms with her boyfriend. Only…there is no boyfriend.<br /><br />Enter best friend Luka Peters. He just stopped by for some hot chocolate and somehow got a farm and a serious girlfriend in the process. But fake dating his best friend might be the best Christmas present he’s ever received.",https://i.gr-assets.com/images/S/compressed.photo.goodreads.com/books/1676664348l/122753311._SY475_.jpg,OL29236375W,,openlibrary_work,high,"[""Romance"", ""Christmas"", ""Friends To Lovers"", ""Holiday"", ""Contemporary"", ""Fake Dating"", ""Contemporary Romance"", ""Fiction"", ""Adult""]","[""Stella Bloom"", ""Evelyn St. James"", ""Luka Peters""]",[],[]
book_53cd5c3059c92621,2,"Miss Peregrine's Home for Peculiar Children (Miss Peregrine's Peculiar Children, #1)",Ransom Riggs,1594744769,352.0,"Fri, 06 Jan 2017 12:59:28 -0800","Alternate Cover edition for ISBN <a href=""https://www.goodreads.com/book/show/25879546-miss-peregrine-s-home-for-peculiar-children"" rel=""nofollow noopener"">9781594744761</a><br /><br />A mysterious island. An abandoned orphanage. A strange collection of very curious photographs. It all waits to be discovered in Miss Peregrine's Home for Peculiar Children, an unforgettable novel that mixes fiction and photography in a thrilling reading experience. As our story opens, a horrific family tragedy sets sixteen-year-old Jacob journeying to a remote island off the coast of Wales, where he discovers the crumbling ruins of Miss Peregrine's Home for Peculiar Children. As Jacob explores its abandoned bedrooms and hallways, it becomes clear that the children were more than just peculiar. They may have been dangerous. They may have been quarantined on a deserted island for good reason. And somehow-impossible though it seems-they may still be alive. A spine-tingling fantasy illustrated with haunting vintage photography, Miss Peregrine's Home for Peculiar Children will delight adults, teens, and anyone who relishes an adventure in the shadows.",https://i.gr-assets.com/images/S/compressed.photo.goodreads.com/books/1623449170l/9460487.jpg,OL16151508W,OL25032352M,openlibrary_work,high,"[""Orphanages"", ""Graphic novels"", ""Supernatural"", ""Grandfathers"", ""Teenage boys"", ""Islands"", ""Juvenile fiction"", ""Mystery and detective stories"", ""Fiction"", ""Reading Level-Grade 9"", ""Reading Level-Grade 11"", ""Reading Level-Grade 10"", ""Reading Level-Grade 12"", ""Detective and mystery stories"", ""Exceptional children"", ""Fantasy"", ""YOUNG ADULT FICTION"", ""Mystery fiction"", ""Horror"", ""Time Travel"", ""Comic books, strips"", ""nyt:chapter-books=2011-06-26"", ""New York Times bestseller"", ""Children's fiction"", ""Orphanages, fiction"", ""Wales, fiction"", ""Fantasy fiction"", ""Supernatural, fiction"", ""Grandparents, fiction"", ""Children's stories, American"", ""Large type books"", ""Science Fiction"", ""nyt:young-adult-paperback=2015-08-30"", ""series:Miss_Peregrine's_Peculiar_Children""]","[""Jacob"", ""Miss Peregrine""]","[""Wales""]",[]
book_0b88ac2b9391b47b,2,"Mistborn: The Final Empire (Mistborn, #1)",Brandon Sanderson,,541.0,"Tue, 25 Feb 2020 21:34:24 -0800","<b>
  <i>What if the whole world were a dead, blasted wasteland?</i>
</b><br /><br /><b>Mistborn</b><br />For a thousand years the ash fell and no flowers bloomed. For a thousand years the Skaa slaved in misery and lived in fear. For a thousand years the Lord Ruler, the ""Sliver of Infinity,"" reigned with absolute power and ultimate terror, divinely invincible. Then, when hope was so long lost that not even its memory remained, a terribly scarred, heart-broken half-Skaa rediscovered it in the depths of the Lord Ruler's most hellish prison. Kelsier ""snapped"" and found in himself the powers of a Mistborn. A brilliant thief and natural leader, he turned his talents to the ultimate caper, with the Lord Ruler himself as the mark.<br /><br />Kelsier recruited the underworld's elite, the smartest and most trustworthy allomancers, each of whom shares one of his many powers, and all of whom relish a high-stakes challenge. Then Kelsier reveals his ultimate dream, not just the greatest heist in history, but the downfall of the divine despot.<br /><br />But even with the best criminal crew ever assembled, Kel's plan looks more like the ultimate long shot, until luck brings a ragged girl named Vin into his life. Like him, she's a half-Skaa orphan, but she's lived a much harsher life. Vin has learned to expect betrayal from everyone she meets. She will have to learn trust if Kel is to help her master powers of which she never dreamed.<br /><br />Brandon Sanderson, fantasy's newest master tale-spinner and author of the acclaimed debut <i>Elantris</i>, dares to turn a genre on its head by asking a simple question: What if the prophesied hero failed to defeat the Dark Lord? The answer will be found in the Mistborn Trilogy, a saga of surprises that begins with the book in your hands. Fantasy will never be the same again.",https://i.gr-assets.com/images/S/compressed.photo.goodreads.com/books/1617768316l/68428._SY475_.jpg,OL5738148W,,openlibrary_work,high,"[""form:novel"", ""series:The Mistborn Saga"", ""series:Mistborn Original Trilogy"", ""genre:high fantasy"", ""Courts and courtiers"", ""Women revolutionaries"", ""Fiction"", ""Adventure"", ""Magic"", ""Thieves"", ""Nobility"", ""Covert Operations"", ""Mystical powers"", ""Upraising"", ""Epic"", ""Good and evil"", ""Slaves"", ""Fantasía"", ""Ficción"", ""Magia"", ""Adulto""]",[],[],[]
book_63a06456a1a01b64,2,"Mockingjay (The Hunger Games, #3)",Suzanne Collins,0439023513,392.0,"Sat, 07 Mar 2020 20:29:57 -0800","<b>My name is Katniss Everdeen.<br />Why am I not dead?<br />I should be dead.</b><br /><br />Katniss Everdeen, girl on fire, has survived, even though her home has been destroyed. Gale has escaped. Katniss's family is safe. Peeta has been captured by the Capitol. District 13 really does exist. There are rebels. There are new leaders. A revolution is unfolding.<br /><br />It is by design that Katniss was rescued from the arena in the cruel and haunting Quarter Quell, and it is by design that she has long been part of the revolution without knowing it. District 13 has come out of the shadows and is plotting to overthrow the Capitol. Everyone, it seems, has had a hand in the carefully laid plans—except Katniss.<br /><br />The success of the rebellion hinges on Katniss's willingness to be a pawn, to accept responsibility for countless lives, and to change the course of the future of Panem. To do this, she must put aside her feelings of anger and distrust. She must become the rebels' Mockingjay—no matter what the personal cost.",https://i.gr-assets.com/images/S/compressed.photo.goodreads.com/books/1586722918l/7260188._SY475_.jpg,OL14908941W,OL25441043M,openlibrary_work,high,"[""New York Times bestseller"", ""Sci-fi"", ""Young Adult"", ""nyt:series_books=2010-08-21"", ""Science fiction"", ""Interpersonal relations"", ""Television programs"", ""Insurgency"", ""Survival"", ""Contests"", ""Fiction"", ""Large type books"", ""Survival skills"", ""Young adult fiction"", ""Juvenile fiction"", ""Revenge"", ""Children's stories"", ""Survival Stories"", ""Dystopian"", ""Self-Esteem & Self-Reliance"", ""Action & Adventure"", ""Social Themes"", ""Television game shows"", ""Dystopias"", ""Girls"", ""Courage"", ""Children's fiction"", ""Television, fiction"", ""Contests, fiction"", ""Survival, fiction"", ""Interpersonal relations, fiction"", ""Reading Level-Grade 7"", ""Reading Level-Grade 9"", ""Reading Level-Grade 8"", ""Reading Level-Grade 11"", ""Reading Level-Grade 10"", ""Reading Level-Grade 12"", ""Katniss Everdeen (Fictitious character)"", ""Reality television programs"", ""nyt:series-books=2010-09-12"", ""New York Times reviewed"", ""Telerealites"", ""Romans"", ""Dystopies"", ""Science-fiction"", ""Dictature"", ""Television-verite"", ""Concours et competitions"", ""Habiletes de survie"", ""Spanish language materials"", ""Révoltes"", ""Romans, nouvelles, etc. pour la jeunesse"", ""Habiletés de survie"", ""Supervivencia"", ""Novela juvenil"", ""Televisión"", ""Programas"", ""Relaciones humanas"", ""Novela joven"", ""Spanish language"", ""Reading materials"", ""Téléréalité"", ""Insurgency -- Juvenile fiction"", ""Survival -- Juvenile fiction"", ""Television programs -- Juvenile fiction"", ""Interpersonal relations -- Juvenile fiction"", ""Contests -- Juvenile fiction"", ""Insurgency -- Fiction"", ""Survival skills -- Fiction"", ""Television programs -- Fiction"", ""Interpersonal relations -- Fiction"", ""Contests -- Fiction"", ""Serie:The_Hunger_Games""]","[""Katnis""]","[""USA""]","[""Future"", ""Dystopia""]"
book_a3c0008074694555,2,My Killer Vacation,Tessa Bailey,,290.0,"Sun, 22 Mar 2026 09:36:14 -0700","An all-new, spicy murder mystery from Tessa Bailey, #1 New York Times bestselling author of It Happened One Summer ...<br /><br />It was supposed to be a relaxing vacation in sweet, sunny Cape Cod—just me and my beloved brother—but discovering a corpse in our rental house really throws a wrench into our tanning schedule. Now a rude, crude bounty hunter has arrived on the back of his motorcycle to catch the killer and refuses to believe I can be helpful, despite countless hours of true crime podcast listening. Not to mention a fulfilling teaching career of wrangling second graders.<br /><br />A brash bounty hunter and an energetic elementary the murder-solving team no one asked for, but thanks to these pesky attempts on my life, we’re stuck together, come hell or high tide.<br /><br />I’m just here to do a job, not babysit an amateur sleuth. Although…it is becoming less and less of a hardship to have her around. Sure, she’s stubborn, distracting and can’t stay out of harm’s way. She’s also brave and beautiful and reminds me of the home I left behind three years ago. In other words, the painful hunger and protectiveness she is waking up in me is a threat to my peace of mind. Before I sink any deeper into this dangerous attraction, I need to solve this murder and get back on the road. But will fate take her from me before I realize the road has been leading to her all along?",https://i.gr-assets.com/images/S/compressed.photo.goodreads.com/books/1651256023l/60202760._SY475_.jpg,OL27739613W,,openlibrary_work,high,[],[],[],[]
book_99d721408b518b66,2,My Unfamiliar,Mara Rutherford,1250359902,352.0,"Tue, 04 Aug 2026 00:42:41 -0700","<b>Perfect for fans of Allison Saft and Catherine Bakewell, a grumpy mage and a familiar matchmaker navigate their surprising connection in Mara Rutherford's newest cozy fantasy novel.</b><br /><br />Winslow Green is known far and wide for her ability to match mages with the perfect animal familiar. Though she doesn't possess any magic, she has a knack for knowing what her customers need, even if they can't see if themselves.<br /><br />Still grieving the tragic death of his last familiar, Bastian Triplehorn reluctantly seeks Winnie's aid in finding a new partner. She's determined to live up to her reputation, despite Bastian's excessive grumpiness.<br />Until the inexplicable happens: Bastian sparks a familiar bond with Winnie instead.<br /><br />Impossible to deny, the two agree to help each other until they can solve the mystery of their connection. As Bastian and Winnie train for a royal mage competition that could solve all their problems-or ruin their lives forever-Winnie gets a taste of what it's like to have magic herself. And Bastian discovers that all of these unfamiliar feelings are a little like magic, too.",https://i.gr-assets.com/images/S/compressed.photo.goodreads.com/books/1768775002l/244967432._SY475_.jpg,,,isbn,high,[],[],[],[]
book_41f81946dfb55100,2,"New Moon (The Twilight Saga, #2)",Stephenie Meyer,0316160199,563.0,"Sat, 16 Jan 2021 14:54:42 -0800","<i>There is an alternate cover edition for ISBN13 9780316160193 <a href=""https://www.goodreads.com/book/show/22857914"" rel=""nofollow noopener"">here</a>.</i> <br /><br /><b>I knew we were both in mortal danger. Still, in that instant, I felt <i>well</i>. Whole. I could feel my heart racing in my chest, the blood pulsing hot and fast through my veins again. My lungs filled deep with the sweet scent that came off his skin. It was like there had never been any hole in my chest. I was perfect - not healed, but as if there had never been a wound in the first place. </b><br /><br />I FELT LIKE I WAS TRAPPED IN ONE OF THOSE TERRIFYING NIGHTMARES, the one where you have to run, run till your lungs burst, but you can't make your body move fast enough.... But this was no dream, and, unlike the nightmare, I wasn't running for my life; I was racing to save something infinitely more precious. My own life meant little to me today. <br /><br />FOR BELLA SWAN THERE IS ONE THING more important than life itself: Edward Cullen. But being in love with a vampire is even more dangerous than Bella could ever have imagined. Edward has already rescued Bella from the clutches of one evil vampire, but now, as their daring relationship threatens all that is near and dear to them, they realize their troubles may be just beginning....<br /><br />LEGIONS OF READERS ENTRANCED BY THE <i>New York Times</i> bestseller <i>Twilight</i> are hungry for the continuing story of star-crossed lovers Bell and Edward. In <i>New Moon</i>, Stephanie Meyer delivers another irresistible combination of romance and suspense with a supernatural spin. passionate, riveting, and full of surprising twists and turns, this vampire love saga is well on its way to literary immortality.",https://i.gr-assets.com/images/S/compressed.photo.goodreads.com/books/1630592760l/49041._SX318_.jpg,OL5720027W,OL37074932M,openlibrary_work,high,"[""series: Twilight"", ""series:Luz_e_Escuridão"", ""Vampires"", ""Juvenile fiction"", ""Werewolves"", ""High schools"", ""Schools"", ""Vampiros"", ""Hombres lobo"", ""Fiction"", ""Ficción"", ""Escuelas secundarias"", ""Washington (State)"", ""nyt:series_books=2008-03-15"", ""New York Times bestseller"", ""Vampires -- Fiction"", ""Werewolves -- Fiction"", ""High schools -- Fiction"", ""Schools -- Fiction"", ""Vampires -- Juvenile fiction"", ""Werewolves -- Juvenile fiction"", ""High schools -- Juvenile fiction"", ""Schools -- Juvenile fiction"", ""Washington (State) -- Fiction"", ""Washington (State) -- Juvenile fiction"", ""Barn- och ungdomslitteratur"", ""YOUNG ADULT FICTION"", ""Romance"", ""Skolan"", ""School stories"", ""Dating & Sex"", ""Paranormal"", ""Social Themes"", ""Kärlek"", ""Vampyrer"", ""Paranormal, Occult & Supernatural"", ""Vampires, fiction"", ""Children's fiction"", ""Werewolves, fiction"", ""Schools, fiction"", ""Washington (state), fiction"", ""Love, fiction"", ""Love"", ""Novela"", ""Fantasy"", ""Media Tie-In"", ""School & Education"", ""Spanish language"", ""Reading materials"", ""nyt:series_books=2010-07-11"", ""Large type books"", ""Edward Cullen (Fictitious character)"", ""Bella Swan (Fictitious character)"", ""Vietnamese fiction"", ""Cullen, Edward (Personnage fictif)"", ""Interpersonal relations"", ""Ecoles"", ""Romans, nouvelles, etc. pour la jeunesse"", ""Portuguese language materials"", ""Romance fiction"", ""Horror tales"", ""Phantastische Literatur"", ""Polish language materials"", ""Young adult fiction, romance, general"", ""Young adult fiction, fantasy, general"", ""Comic books, strips"", ""Graphic novels"", ""Romans, nouvelles"", ""Loups-garous"", ""Paranormal fiction"", ""Écoles secondaires"", ""Écoles""]","[""Bella"", ""Edward"", ""Jacob"", ""Mike"", ""Jessica"", ""Renee"", ""Charlie""]","[""Italy"", ""Washington (State)"", ""Seattle (Wash.)"", ""Seattle"", ""Washington (État)""]","[""modern time""]"
book_b47e8c2a17c34fa8,2,Nora Goes Off Script,Annabel Monaghan,0593420055,305.0,"Thu, 09 Feb 2023 21:45:42 -0800","""The perfect escape."" — USA Today<br /><br />""Readers who loved Emily Henry's Book Lovers are sure to savor Nora Goes Off Script ."" — Shelf Awareness<br /><br />Named one of the Best Beach Reads of Summer 2022 by The Washington Post • USA Today • Cosmopolitan • Southern Living • Country Living • Business Insider • Buzzfeed • Book Riot • The Augusta Chronicle<br /><br />Romance channel screenwriter Nora Hamilton knows the formula for love better than anyone. But when her too-good-to-work husband leaves her and their two kids, Nora turns her marriage’s collapse into cash, writing the best script of her life. When it’s picked up for the big screen and set to film at her home with former Sexiest Man Alive, Leo Vance, cast as her ex-husband, Nora’s life will never be the same.<br /><br />After shooting wraps, Nora finds Leo on her porch with a half-empty bottle of tequila and a proposition. He’ll pay a thousand dollars a day to stay for a week. She could use the money, but it’s the need in his eyes that makes her say yes. Seven it’s the blink of an eye or an eternity depending on how you look at it. Enough time to fall in love. Enough time to break your heart.",https://i.gr-assets.com/images/S/compressed.photo.goodreads.com/books/1668461556l/63314751.jpg,OL26596054W,OL43151814M,openlibrary_work,high,[],[],[],[]
book_1e65d89909f8db41,2,"Not in Love (Not in Love, #1)",Ali Hazelwood,1408728915,394.0,"Sun, 21 Jul 2024 16:30:50 -0700","<b>A forbidden, secret affair proves that all’s fair in love and science.</b> <br /><br />Rue Siebert might not have it all, but she has enough: a few friends she can always count on, the financial stability she yearned for as a kid, and a successful career as a biotech engineer at Kline, one of the most promising start-ups in the field of food science. Her world is stable, pleasant, and hard-fought. Until a hostile takeover and its offensively attractive front man threatens to bring it all crumbling down. <br /><br />Eli Killgore and his business partners want Kline, period. Eli has his own reasons for pushing this deal through - and he's a man who gets what he wants. With one burning exception: Rue. The woman he can't stop thinking about. The woman who's off-limits to him. <br /><br />Torn between loyalty and an undeniable attraction, Rue and Eli throw caution out the lab and the boardroom windows. Their affair is secret, no-strings-attached, and has a built-in deadline: the day one of their companies will prevail. But the heart is risky business - one that plays for keeps.",https://i.gr-assets.com/images/S/compressed.photo.goodreads.com/books/1696574108l/198716261._SY475_.jpg,OL37588709W,,openlibrary_work,high,"[""nyt:combined-print-and-e-book-fiction=2024-06-30"", ""New York Times bestseller"", ""Romance fiction""]","[""Rue Siebert and Eli Kilgore""]",[],"[""modern day collage/univristy""]"
book_1d82ce1d3113c812,2,On Thin Ice,Olivia   Belle,,320.0,"Tue, 31 Mar 2026 12:25:06 -0700","An actor hoping to fix his bad-boy reputation and a professional figure skater determined to win an ice-skating show begrudgingly team up in this sizzling, grumpy/sunshine romance.<br /><br />Luca Vasvault thought he was finished with show business. A former child star now labeled the disgraced has-been of Hollywood, he moved to the UK to care for his dying mother. Until an opportunity surfaces that Luca can’t resist—the leading role in a remake of his mother’s favorite film. The catch? He needs to straighten out his image first.<br /><br />His agent has the perfect plan to win the public's vote: sign Luca up for Stars on Ice, a figure skating competition where celebrities are paired with professionals. To give him his best shot at redemption, Luca's partnered with the show’s sweetheart, Matilda Stevens, a woman known for her unwavering composure, whistle-clean record, and winning smile. <br /><br />Competitive figure skating was always Matilda’s mother’s passion, not hers. Secretly, she hates the show, and the last thing she needs is to spend sixteen weeks with Hollywood’s most notorious bad boy. Especially when Luca seems determined to make her life miserable with his surly looks and annoyingly handsome-even-when-scowling face. But victory comes with prize money that will let Matilda quit Stars on Ice once and for all.<br /><br />With everything on the line, the two strike a deal: They will cast their differences aside and put on the showmance of a lifetime, both on and off the ice. After all, they're both performers for a living. How hard can it be?",https://i.gr-assets.com/images/S/compressed.photo.goodreads.com/books/1751942781l/238180480._SY475_.jpg,,,title_author,medium,[],[],[],[]
book_b69dc10ca2f32a58,2,"Onyx Storm (The Empyrean, #3)",Rebecca Yarros,1649374186,544.0,"Sun, 08 Feb 2026 11:34:20 -0800","After nearly eighteen months at Basgiath War College, Violet Sorrengail knows there’s no more time for lessons. No more time for uncertainty. Because the battle has truly begun, and with enemies closing in from outside their walls and within their ranks, it’s impossible to know who to trust.<br /><br />Now Violet must journey beyond the failing Aretian wards to seek allies from unfamiliar lands to stand with Navarre. The trip will test every bit of her wit, luck, and strength, but she will do anything to save what she loves—her dragons, her family, her home, and him.<br /><br />Even if it means keeping a secret so big, it could destroy everything. They need an army. They need power. They need magic. And they need the one thing only Violet can find—the truth. But a storm is coming...and not everyone can survive its wrath.",https://i.gr-assets.com/images/S/compressed.photo.goodreads.com/books/1766329694l/209439446._SY475_.jpg,OL41943074W,OL56973186M,openlibrary_work,high,"[""American literature"", ""Fiction, fantasy, epic"", ""Fiction, fantasy, romance"", ""Fiction, romance, fantasy"", ""Serie:The_Empyrean"", ""Onyx Storm"", ""Rebecca Yarros"", ""Onyx Storm Rebecca Yarros"", ""Roman Empire"", ""Books"", ""Rare books""]",[],[],[]
book_1828fccc4e39b9e7,2,Our Strange Duet,Erin A. Craig,,400.0,"Tue, 04 Aug 2026 00:41:23 -0700","<b>A reimagining of Andrew Lloyd Webber's <i>Phantom of the Opera</i>, spotlighting Christine Daaé as she rises to fame while torn between love, ambition, and the haunting secrets of the opera house from #1 <i>New York Times</i> bestselling author Erin A. Craig.</b><br /><br />Inspired by Gaston Leroux’s 1910 novel, <i>Le Fantôme de L’Opéra</i>, Andrew Lloyd Webber’s <i>The Phantom of the Opera</i> tells the story of a mysterious masked figure who lurks beneath the Paris Opera House, exercising a reign of terror over all who inhabit it.<br /><br />He falls madly in love with a young soprano, Christine Daaé, and devotes himself to nurturing her extraordinary talents, employing all of the devious methods at his command. <br /><br /><i>Our Strange Duet </i>centres Christine’s emotional journey and her agency within this sweeping, atmospheric opera.",https://i.gr-assets.com/images/S/compressed.photo.goodreads.com/books/1774975289l/246933562._SY475_.jpg,OL45940461W,,openlibrary_work,high,[],[],[],[]
book_436119d71542658f,2,"Outlander (Outlander, #1)",Diana Gabaldon,0440242940,850.0,"Fri, 24 Apr 2020 20:54:32 -0700","The year is 1945. Claire Randall, a former combat nurse, is just back from the war and reunited with her husband on a second honeymoon when she walks through a standing stone in one of the ancient circles that dot the British Isles. Suddenly she is a Sassenach—an “outlander”—in a Scotland torn by war and raiding border clans in the year of Our Lord...1743.<br /> <br />Hurled back in time by forces she cannot understand, Claire is catapulted into the intrigues of lairds and spies that may threaten her life, and shatter her heart. For here James Fraser, a gallant young Scots warrior, shows her a love so absolute that Claire becomes a woman torn between fidelity and desire—and between two vastly different men in two irreconcilable lives.",https://i.gr-assets.com/images/S/compressed.photo.goodreads.com/books/1659086907l/10964._SY475_.jpg,OL3261155W,OL7520304M,openlibrary_work,high,"[""Man-woman relationships, fiction"", ""Historical fiction"", ""Culloden, Battle of, Scotland, 1746"", ""Jacobite Rebellion, 1745-1746 in fiction"", ""History"", ""Scotland in fiction"", ""Fiction"", ""Jacobite Rebellion, 1745-1746"", ""Culloden, Battle of Scotland, 1746"", ""Time travel in fiction"", ""Culloden, Battle of, Scotland, 1746 in fiction"", ""Man-woman relationships in fiction"", ""Love stories"", ""Time travel"", ""Jacobite Rebellion (1745-1746) fast (OCoLC)fst00981043"", ""War stories"", ""Historical"", ""Culloden, Battle of (Scotland : 1746) fast (OCoLC)fst00884970"", ""Fantastic fiction"", ""Romance"", ""Fantasy"", ""Space and time"", ""Fantasy fiction"", ""Fiction, romance, time travel"", ""Fraser, claire (fictitious character), fiction"", ""Fiction, romance, historical"", ""Fiction, historical"", ""Fraser, jamie (fictitious character), fiction"", ""Jacobite rebellion, 1745-1746, fiction"", ""Scotland, fiction"", ""nyt:combined-print-and-e-book-fiction=2014-01-19"", ""New York Times bestseller"", ""Fiction, historical, general"", ""Action"", ""American literature"", ""Culloden (Scotland), Battle of, 1746"", ""Romantic suspense fiction"", ""English Historical fiction""]","[""Claire Randall"", ""Jamie Frazer"", ""Frank Randall"", ""Claire Randall (Fictitious character)"", ""Jamie Fraser (Fictitious character from Gabaldon)""]","[""Scotland"", ""England""]","[""18th century"", ""20th century"", ""1689-1745""]"
book_89d49d2f04127e36,2,"Part of Your World (Part of Your World, #1)",Abby Jimenez,1549135120,11.0,"Thu, 03 Mar 2022 20:31:27 -0800","<b><i>The New York Times</i> bestselling author of Life's Too Short delivers a refreshingly modern fairy tale perfect for fans of Casey McQuiston and Emily Henry.</b><br /><br />After a wild bet, gourmet grilled-cheese sandwich, and cuddle with a baby goat, Alexis Montgomery has had her world turned upside down. The cause: Daniel Grant, a ridiculously hot carpenter who’s ten years younger than her and as casual as they come—the complete opposite of sophisticated city-girl Alexis. And yet their chemistry is undeniable.<br /><br />While her ultra-wealthy parents want her to carry on the family legacy of world-renowned surgeons, Alexis doesn’t need glory or fame. She’s fine with being a “mere” ER doctor. And every minute she spends with Daniel and the tight-knit town where he lives, she’s discovering just what’s really important. Yet letting their relationship become anything more than a short-term fling would mean turning her back on her family and giving up the opportunity to help thousands of people.<br /><br />Bringing Daniel into her world is impossible, and yet she can’t just give up the joy she’s found with him either. With so many differences between them, how can Alexis possibly choose between her world and his?",https://i.gr-assets.com/images/S/compressed.photo.goodreads.com/books/1646246170l/57577284._SX318_.jpg,OL24865656W,,openlibrary_work,high,"[""nyt:combined-print-and-e-book-fiction=2022-05-08"", ""New York Times bestseller""]",[],[],[]
book_8257ba6272753268,2,"Practice Makes Perfect (When in Rome, #2)",Sarah       Adams,0593500806,335.0,"Fri, 20 Jan 2023 11:56:39 -0800","<b>A small-town sweetheart and an emotionally unavailable bad boy try to find some common ground in this chemistry-filled romance from the author of <i>The Cheat Sheet</i> and <i>When in Rome</i>.</b><br /><br />Annie Walker is on a quest to find her perfect match—someone who complements her happy, quiet life running the local flower shop in Rome, Kentucky. But finding her dream man may be harder than Annie imagined. Everyone knows everyone in her hometown, and the dating prospects are getting fewer by the day. After she overhears her latest date say she is “so unbelievably boring,” Annie starts to think the problem might be her. Is it too late to become flirtatious and fun like the leading ladies in her favorite romance movies? Maybe she only needs a little practice . . . and Annie has the perfect person in mind to be her tutor: Will Griffin.<br /><br />Will—the sexy, tattooed, and absolutely gorgeous bodyguard—is temporarily back in Rome, providing security for Amelia Rose as excitement builds for her upcoming marriage to Noah Walker, Annie’s brother. He has one personal objective while on the job: stay away from Annie Walker and any other possible attachments to this sleepy town. But no sooner than he gets settled, Will finds himself tasked with helping Annie find the love of her life by becoming the next leading lady of Rome, Kentucky. Will wants no part in changing the sweet and lovely Annie. He knows for a fact that some stuffy, straitlaced guy won’t make her happy, but he doesn’t have the heart to say no.<br /><br />Amid steamy practice dates and strictly “educational” tutoring lessons, Annie discovers there are more layers to Will’s usual stoic attitude. As the lines of their friendship become dangerously blurred, Annie reconsiders her dream guy. Maybe her love life doesn’t need to be perfect—it just needs to be real.",https://i.gr-assets.com/images/S/compressed.photo.goodreads.com/books/1659979546l/61897968.jpg,OL28775292W,OL39493120M,openlibrary_work,high,"[""Romance"", ""Fiction"", ""Small Town Romance"", ""nyt:trade-fiction-paperback=2023-05-21"", ""New York Times bestseller""]",[],[],[]
book_8a5f464d06acf324,2,Project Hail Mary,Andy Weir,0593135202,476.0,"Thu, 19 Feb 2026 20:45:59 -0800","Ryland Grace is the sole survivor on a desperate, last-chance mission—and if he fails, humanity and the earth itself will perish.<br /><br />Except that right now, he doesn’t know that. He can’t even remember his own name, let alone the nature of his assignment or how to complete it.<br /><br />All he knows is that he’s been asleep for a very, very long time. And he’s just been awakened to find himself millions of miles from home, with nothing but two corpses for company.<br /><br />His crewmates dead, his memories fuzzily returning, Ryland realizes that an impossible task now confronts him. Hurtling through space on this tiny ship, it’s up to him to puzzle out an impossible scientific mystery—and conquer an extinction-level threat to our species.<br /><br />And with the clock ticking down and the nearest human being light-years away, he’s got to do it all alone.<br /><br />Or does he?",https://i.gr-assets.com/images/S/compressed.photo.goodreads.com/books/1764703833l/54493401._SY475_.jpg,OL21745884W,OL30036715M,openlibrary_work,high,"[""hard science-fiction"", ""science-fiction"", ""sci-fi"", ""hard sci-fi"", ""nyt:hardcover-fiction=2021-05-23"", ""New York Times bestseller"", ""New York Times reviewed"", ""Fiction, science fiction, action & adventure"", ""Fiction, science fiction, hard science fiction"", ""End of the world"", ""Fiction"", ""Astronauts"", ""Space flight"", ""Memory disorders"", ""Survival"", ""Fin du monde"", ""Romans, nouvelles"", ""Astronautes"", ""Vol spatial"", ""Habiletés de survie"", ""FICTION / Science Fiction / Action & Adventure"", ""FICTION / Science Fiction / Hard Science Fiction"", ""FICTION / Thrillers / Suspense"", ""Survival after airplane accidents, shipwrecks"", ""nyt:trade-fiction-paperback=2022-11-13""]","[""Dr Ryland Grace"", ""Rocky"", ""Eva Stratt""]","[""Epsilon Eridani"", ""Earth"", ""Tau Ceti"", ""San Francisco (Calif.)"", ""Pasadena (Calif.)"", ""Antarctica"", ""40 Eridani"", ""Baikonur (Kazakhstan)"", ""South China Sea region"", ""Sahara Desert (Africa)""]",[]
book_f71ad8a30439877b,2,"Pucked (Pucked, #1)",Helena Hunting,0993800149,382.0,"Wed, 25 Sep 2024 02:56:48 -0700","With a famous NHL player for a stepbrother, Violet Hall is well acquainted with the playboy reputation of many a hockey star. So of course she isn't interested in legendary team captain Alex Waters or his pretty, beat-up face and rock-hard six-pack abs. But when Alex inadvertently obliterates Violet's misapprehension regarding the inferior intellect of hockey players, he becomes much more than just a hot body with the face to match. Suffering from a complete lapse in judgment, Violet discovers just how good Alex is with the hockey stick in his pants.<br /><br />Violet believes her night of orgasmic magic with Alex is just that: one night. But Alex starts to call. And text. And email and send extravagant - and quirky - gifts. Suddenly he's too difficult to ignore and nearly impossible not to like.<br /><br />The problem is, the media portrays Alex as a total player, and Violet doesn't want to be part of the game.",https://i.gr-assets.com/images/S/compressed.photo.goodreads.com/books/1712641085l/211087056.jpg,OL20978235W,,openlibrary_work,high,[],[],[],[]
book_7305e25cd7a9ba8d,2,"Queen of Shadows (Throne of Glass, #4)",Sarah J. Maas,,689.0,"Mon, 11 May 2026 16:14:37 -0700","<b>No masters. No limits. No regrets.</b><br /><br />Celaena Sardothien has embraced her identity as Aelin Galathynius, Queen of Terrasen. But before she can reclaim her throne, she must fight.<br /><br />She will fight for her cousin, a warrior prepared to die for her. She will fight for her friend, a young man trapped in an unspeakable prison. And she will fight for her people, enslaved to a brutal king and awaiting their lost queen's triumphant return.<br /><br />Everyone Aelin loves has been taken from her. Everything she holds dear is in danger. But she has the heart of a queen-and that heart beats for vengeance.<br /><br />In this fourth book in the #1 New York Times bestselling Throne of Glass series, no one will escape the queen's wrath.",https://i.gr-assets.com/images/S/compressed.photo.goodreads.com/books/1677267561l/123004944._SY475_.jpg,OL17718538W,,openlibrary_work,high,"[""Magic"", ""YA"", ""High Fantasy"", ""Fiction"", ""Romance"", ""Fantasy"", ""Royalty"", ""Court"", ""Rebellion"", ""Assassins"", ""Insurgency"", ""Juvenile fiction"", ""Identity"", ""Homecoming"", ""Demoniac possession"", ""Identity (Philosophical concept)"", ""Queens"", ""Children's fiction"", ""Fantasy fiction"", ""Identity, fiction"", ""Criminals, fiction"", ""[series:Throne_of_Glass]"", ""Swords""]","[""Aelin Galathynius"", ""Rowan Whitehorn"", ""Dorian Hallivard"", ""Chaol Westfall"", ""Manon Blackbeak"", ""Aedion Ashryver""]","[""Rifthold""]",[]
book_0e14ec2933cc9b52,2,Racing Hearts,Ann  Adams,0593976517,352.0,"Tue, 31 Mar 2026 12:24:30 -0700","<b> When a competitive rower’s losing streak threatens her Olympic dreams, she must train for the summer with a hometown coach to win it all back in this irresistible opposites-attract romance. </b><br /><br />Katherine Parker doesn’t just <i> dream </i> of rowing in the Olympics. She has a carefully crafted <i>plan</i>. With a strict training schedule, a meticulous diet, and no one else in her boat to slow her down, she’s as good as gold.<br /><br />Then her boyfriend breaks up with her at the starting line of a big race and Kath comes in dead last. She’s swiftly kicked off the team and out of the Olympic Training Center—the only place she’s ever felt at home.<br /><br />With one shot to win back her spot, Kath returns to her hometown to train with a new coach. The upside? Coach Adrian is hot. The downside? Instead of letting Kath follow her own training regimen, Adrian pushes her outside her comfort zone, urging her to try new things and let go of control.<br /><br />With her Olympic dreams on the line, Kath will have to choose: stick to her perfect plan, or find out if the key to winning—and happiness—is to embrace the part of rowing that makes it fun, one sweaty, sexy training session at a time.",https://i.gr-assets.com/images/S/compressed.photo.goodreads.com/books/1752521274l/233717136._SY475_.jpg,,,isbn,high,[],[],[],[]
book_5b358e098d30c085,2,"Ready Player One (Ready Player One, #1)",Ernest Cline,030788743X,480.0,"Sat, 08 Jul 2017 21:51:18 -0700","<i>Librarian's note: An alternate cover edition can be found <a href=""https://www.goodreads.com/book/show/54733514.here"" title=""here"" rel=""nofollow noopener"">here</a></i><br /><br /><b>IN THE YEAR 2044, reality is an ugly place.</b> The only time teenage Wade Watts really feels alive is when he's jacked into the virtual utopia known as the OASIS. Wade's devoted his life to studying the puzzles hidden within this world's digital confines, puzzles that are based on their creator's obsession with the pop culture of decades past and that promise massive power and fortune to whoever can unlock them. <br /><br />But when Wade stumbles upon the first clue, he finds himself beset by players willing to kill to take this ultimate prize. The race is on, and if Wade's going to survive, he'll have to win—and confront the real world he's always been so desperate to escape.",https://i.gr-assets.com/images/S/compressed.photo.goodreads.com/books/1500930947l/9969571._SY475_.jpg,OL15936512W,OL24842593M,openlibrary_work,high,"[""Regression (Civilization)"", ""Utopias"", ""Virtual reality"", ""Fiction"", ""Puzzles"", ""Fiction, science fiction, action & adventure"", ""Fiction, dystopian"", ""Shared virtual environments"", ""YOUNG ADULT FICTION / Computers & Digital Media"", ""YOUNG ADULT FICTION / Dystopian"", ""YOUNG ADULT FICTION / Media Tie-In"", ""YOUNG ADULT FICTION / Mysteries & Detective Stories"", ""YOUNG ADULT FICTION / Science Fiction / General"", ""nyt:trade-fiction-paperback=2012-06-24"", ""New York Times bestseller"", ""New York Times reviewed"", ""Gaming"", ""video games"", ""cyberpunk"", ""science fiction"", ""action"", ""adventure"", ""dystopian"", ""Future"", ""Realidad virtual"", ""Ficcion"", ""Regresión (Civilización)"", ""Rompecabezas""]","[""Wade Watts"", ""James Donovan Halliday"", ""Nolan Sorrento"", ""Art3mis"", ""Aech"", ""Richard Garriott"", ""Gary Gygax"", ""Wil Wheaton"", ""Cory Doctorow"", ""George Lucas"", ""Kevin Smith"", ""Steven Spielberg""]","[""Ohio"", ""United States""]","[""2044"", ""2045"", ""Future""]"
book_93593d34a4c5c28b,2,"Rewitched (Selcouth, #1)",Lucy Jane Wood,059382007X,384.0,"Sun, 08 Feb 2026 10:54:35 -0800","Belladonna Blackthorn hasn’t lost her magical spark . . . but she hasn’t seen it in a while, either.<br /><br />Balancing work at her beloved Lunar Books with protecting it from her toxic boss, who’s running it into the ground, and all the while concealing her witchcraft from the non-wicches around her – Belle is burnt out. Perfecting the potential of her magic is the last thing on her mind.<br /><br />But when her 30th birthday brings a summons from her coven, and a trial that tests her worthiness as a witch, Belle risks losing her magic forever. With the month of October to fix things, and signs that dark forces may be working against her, Belle will need all the help she can get – from the women in her life, from an unlikely mentor figure, and even an (infuriatingly handsome) watchman who’s sworn to protect her . . .<br /><br />With found family, slow burn romance and an uplifting message about self-love, this is the cosy, autumnal read that you've been waiting for.",https://i.gr-assets.com/images/S/compressed.photo.goodreads.com/books/1715885905l/210847437._SY475_.jpg,OL37927491W,OL51642094M,openlibrary_work,high,"[""English literature""]",[],[],[]
book_5fdb4ed6b666e950,2,Romantic Comedy,Curtis Sittenfeld,0399590943,309.0,"Sun, 23 Oct 2022 19:13:08 -0700","<b>A comedy writer thinks she’s sworn off love, until a dreamily handsome pop star flips the script on all her assumptions. <i>Romantic Comedy</i> is a hilarious, observant and deeply tender novel from <i>New York Times</i>–bestselling author Curtis Sittenfeld.</b><br /> <br />Sally Milz is a sketch writer for ""The Night Owls,"" the late-night live comedy show that airs each Saturday. With a couple of heartbreaks under her belt, she’s long abandoned the search for love, settling instead for the occasional hook-up, career success, and a close relationship with her stepfather to round out a satisfying life.<br /> <br />But when Sally’s friend and fellow writer Danny Horst begins dating Annabel, a glamorous actor who guest-hosted the show, he joins the not-so-exclusive group of talented but average-looking and even dorky men at the show—and in society at large—who’ve gotten romantically involved with incredibly beautiful and accomplished women. Sally channels her annoyance into a sketch called the ""Danny Horst Rule,"" poking fun at this phenomenon while underscoring how unlikely it is that the reverse would ever happen for a woman.<br /> <br />Enter Noah Brewster, a pop music sensation with a reputation for dating models, who signed on as both host and musical guest for this week’s show. Dazzled by his charms, Sally hits it off with Noah instantly, and as they collaborate on one sketch after another, she begins to wonder whether there might actually be sparks flying. But this isn’t a romantic comedy; it’s real life. And in real life, someone like him would never date someone like her...right?<br /> <br />With her keen observations and trademark ability to bring complex women to life on the page, Sittenfeld explores the neurosis-inducing and heart-fluttering wonder of love, while slyly dissecting the social rituals of romance and gender relations in the modern age.",https://i.gr-assets.com/images/S/compressed.photo.goodreads.com/books/1679496983l/62628727._SY475_.jpg,OL29225072W,OL40199342M,openlibrary_work,high,"[""nyt:combined-print-and-e-book-fiction=2023-04-23"", ""New York Times bestseller""]",[],[],[]
book_04ab0e4ac5ecce81,2,Same Time Next Summer,Annabel Monaghan,059354496X,336.0,"Wed, 22 Apr 2026 01:12:55 -0700","Beach Rules:<br />Do take long walks on the sand.<br />Do put an umbrella in every cocktail.<br />Do NOT run into your first love.<br /><br /> Sam’s life is on track. She has the perfect doctor fiancé, Jack (his strict routines are a good thing, really), a great job in Manhattan (unless they fire her), and is about to tour a wedding venue near her family’s Long Island beach house. Everything should go to plan, yet the minute she arrives, Sam senses something is off. Wyatt is here. Her Wyatt. But there’s no reason for a thirty-year-old engaged woman to feel panicked around the guy who broke her heart when she was seventeen. Right? <br /><br /> Yet being back at this beach, hearing notes from Wyatt’s guitar float across the night air from next door as if no time has passed—Sam’s memories come flooding back: the feel of Wyatt’s skin on hers, their nights in the treehouse, and the truth behind their split. Sam remembers who she used to be, and as Wyatt reenters her life their connection is as undeniable as it always was. She will have to make a choice.",https://i.gr-assets.com/images/S/compressed.photo.goodreads.com/books/1685352063l/62562931.jpg,OL29221668W,OL40194320M,openlibrary_work,high,[],[],[],[]
book_f99782f659d14207,2,Save the Date,Mallory Kass,1668094479,336.0,"Tue, 31 Mar 2026 12:24:50 -0700","<b>A romantic comedy of manners about a lavish wedding weekend gone very, very wrong with the slow-burn romance of Emily Henry and the fizzy humor of Sophie Kinsella.</b><br /><br /><br />The Bride: Beautiful, seemingly carefree Marigold, is tired of being treated like a shallow it-girl. That’s one of the many reasons she’s excited to marry Jonathan—the handsome, kind, respectable doctor of her dreams. So, when a shocking secret from her past threatens to ruin her wedding, she’ll do anything to make it disappear...even if it means tracking down a man she vowed to avoid forever.<br /> <br /><br />The Maid of Honor: As the bride’s best friend, all Natalie wants is for this wedding to go off without a hitch. There’s only one problem: Natalie has secretly been in love with the groom since college. When Marigold disappears, Natalie is forced to ask whether she can keep burying her feelings for the sake of friendship...or if she’s ready to risk everything to pursue her own happy ending.<br /> <br />The Sister: Olivia has spent her life cleaning up Marigold’s messes. So, she’s determined to keep the wedding on track for the sake of their mother, who’s battling cancer and longs for one last perfect weekend. But when Jonathan’s best man—a prickly academic with a heart of gold—ropes her into a fake dating scheme, sparks unexpectedly fly. Will Olivia sacrifice her own happiness again, or could this fake relationship turn into the truest choice she’s ever made?<br /> <br />Heartwarming, hilarious, and sparklingly romantic, <i>Save the Date </i>will have you cheering for love in all its messy, unexpected glory.",https://i.gr-assets.com/images/S/compressed.photo.goodreads.com/books/1750299941l/235992316._SY475_.jpg,OL45929604W,OL62488384M,openlibrary_work,high,[],[],[],[]
book_2a6710a4eb186a0b,2,Scandalized,Lauren Billings,,319.0,"Thu, 24 Oct 2024 12:40:48 -0700","Exhausted and on deadline with a story that could make or break her career, investigative journalist Georgia Ross is on the verge of a meltdown when a cancelled flight leaves her stuck in the airport overnight. But when a familiar face appears—the older brother of her childhood friend—and offers help, Gigi seems to have caught a break. <br /><br />Alec Kim is handsome, humble, and kind—exactly the sort of man that Gigi has forgotten existed after her own painful heartbreaks. An evening of reconnection followed by a night of no-strings-attached passion with Alec feels like a gift—that is, until Gigi finally realizes that their childhood connection isn’t the only reason he seems so familiar to her.<br /><br />Alec is determined to prove to Gigi that he is truly the man she thinks he is, even if it means coming clean about his fame—and his family’s connection to the story Gigi’s been working so hard to break. But as their feelings for each other grow deeper, Gigi and Alec must navigate a new reality…one where both of their hard-won careers are put directly in the path of an international scandal.",https://i.gr-assets.com/images/S/compressed.photo.goodreads.com/books/1774606101l/60253994._SY475_.jpg,OL45941671W,,openlibrary_work,high,[],[],[],[]
book_64fe8ba99bfd7074,2,Second First Impressions,Sally  Thorne,0062912852,352.0,"Wed, 22 Apr 2026 01:05:58 -0700","<i>Distraction (n): an extreme agitation of the mind or emotions.</i><br /><br />Ruthie Midona has worked the front desk at the Providence Luxury Retirement Villa for six years, dedicating her entire adult life to caring for the Villa’s residents, maintaining the property (with an assist from DIY YouTube tutorials), and guarding the endangered tortoises that live in the Villa’s gardens. Somewhere along the way, she’s forgotten that she’s young and beautiful, and that there’s a world outside of work—until she meets the son of the property developer who just acquired the retirement center.<br /><br />Teddy Prescott has spent the last few years partying, sleeping in late, tattooing himself when bored, and generally not taking life too seriously—something his father, who dreams of grooming Teddy into his successor, can’t understand. When Teddy needs a place to crash, his father seizes the chance to get him to grow up. He’ll let Teddy stay in one of the on-site cottages at the retirement home, but only if he works to earn his keep. Teddy agrees—he can change a few lightbulbs and clip some hedges, no sweat. But Ruthie has plans for Teddy too.<br /><br />Her two wealthiest and most eccentric residents have just placed an ad (yet another!) seeking a new personal assistant to torment. The women are ninety-year-old, four-foot-tall menaces, and not one of their assistants has lasted a full week. Offering up Teddy seems like a surefire way to get rid of the tall, handsome, unnerving man who won’t stop getting under her skin.<br /><br />Ruthie doesn’t count on the fact that in Teddy Prescott, the Biddies may have finally met their match. He’ll pick up Chanel gowns from the dry cleaner and cut Big Macs into bite-sized bits. He’ll do repairs around the property, make the residents laugh, and charm the entire villa. He might even remind Ruthie what it’s like to be young and fun again. But when she finds out Teddy’s father’s only fixing up the retirement home to sell it, putting everything she cares about in jeopardy, she’s left wondering if Teddy’s magic was all just a façade.<br /><br /><strong>From the <em>USA Today </em> bestselling author of <em>The Hating Game</em> and <em>99 Percent Mine</em> comes the clever, funny, and unforgettable story of a muscular, tattooed man hired as an assistant to two old women—under the watchful eye of a beautiful retirement home manager.</strong>",https://i.gr-assets.com/images/S/compressed.photo.goodreads.com/books/1617153103l/52219243._SY475_.jpg,OL21875593W,OL29829189M,openlibrary_work,high,"[""American literature""]",[],[],[]
book_080e8fe0ed0c7de5,2,Shark Heart,Emily Habeck,,415.0,"Sun, 17 May 2026 11:12:21 -0700","<b>“A unique and deeply emotional listening experience” <i>(AudioFile):</i> ✳Narrated by a full cast, this “beautifully written” <i>New York Times</i> Book Reviews Editors’ Choice (<a href=""https://www.goodreads.com/search/search?q=Anthony%20Doerr"" title=""Anthony Doerr"" rel=""nofollow noopener"">Anthony Doerr</a>) traces the marriage between Lewis and Wren after Lewis discovers he’s slowly transforming into a great white shark. ⭐“A bit Shakespeare, a bit Kafka, and a bit Disney… Stands out from the pack” <i>(Kirkus Reviews).</i></b><br /><br />For Lewis and Wren, their first year of marriage is also their last. A few weeks after their wedding, Lewis receives a rare diagnosis. He will retain most of his consciousness, memories, and intellect, but his physical body will transform into that of a great white shark. As Lewis develops the features and impulses of one of the most predatory creatures in the ocean, his complicated artist's heart struggles to make peace with his unfulfilled dreams.<br /><br />At first, Wren internally resists her husband's fate. Is there a way for them to be together after Lewis fully transforms? Then, a glimpse of Lewis's developing carnivorous nature activates long-repressed memories for Wren, whose story vacillates between her childhood living on a houseboat in Oklahoma, her time with a college ex-girlfriend, and her unusual friendship with a woman pregnant with twin birds. Woven throughout this daring novel is the story of Wren's mother, Angela, who becomes pregnant with Wren at fifteen in an abusive relationship amidst her parents' crumbling marriage. In the present, all of Wren's grief eventually collides, and she meets her fears with surrender, choosing to love fully, now.<br /><br />An emotional exploration of motherhood, marriage, transformation, and letting go, <i>Shark Heart </i>is an unforgettable love story about mothers and daughters, husbands and wives, animals and people--all while examining what it truly means to be human.",https://i.gr-assets.com/images/S/compressed.photo.goodreads.com/books/1726422330l/219207892._SY475_.jpg,OL31088287W,,openlibrary_work,high,[],[],[],[]
book_512eec1f0e386c41,2,Sharp Objects,Gillian Flynn,0297851535,254.0,"Fri, 13 Feb 2026 21:57:50 -0800","Fresh from a brief stay at a psych hospital, reporter Camille Preaker faces a troubling assignment: she must return to her tiny hometown to cover the unsolved murder of a preteen girl and the disappearance of another. For years, Camille has hardly spoken to her neurotic, hypochondriac mother or to the half-sister she barely knows: a beautiful thirteen-year-old with an eerie grip on the town. Now, installed in her old bedroom in her family's Victorian mansion, Camille finds herself identifying with the young victims—a bit too strongly. Dogged by her own demons, she must unravel the psychological puzzle of her own past if she wants to get the story—and survive this homecoming.<br /><br /><i>Librarian's Note: this is an alternate cover edition - ISBN 10: 0307341550 (ISBN 13: 9780307341556)</i>",https://i.gr-assets.com/images/S/compressed.photo.goodreads.com/books/1475695315l/18045891.jpg,OL5842018W,OL9644182M,openlibrary_work,high,"[""Fiction"", ""Women journalists"", ""Thriller"", ""Missouri, fiction"", ""Women journalists, fiction"", ""Fiction, suspense"", ""Fiction, family life"", ""Thrillers"", ""General"", ""Murder"", ""Investigation"", ""Children"", ""Crimes against"", ""Large type books"", ""nyt:trade-fiction-paperback=2012-09-02"", ""New York Times bestseller"", ""nyt:mass-market-paperback=2014-12-21"", ""Novela doméstica"", ""Novela de suspense"", ""Ficción"", ""Mujeres periodistas"", ""Fiction, thrillers, suspense"", ""Fiction, family life, general"", ""Femmes journalistes"", ""Romans, nouvelles"", ""Journalists"", ""Modern fiction""]",[],"[""Missouri""]",[]
book_79e0004998728910,2,Something in the Water,Catherine Steadman,1524797189,342.0,"Sun, 29 Dec 2024 19:08:07 -0800","<i>If you could make one simple choice that would change your life forever, would you?</i><br /><br />Erin is a documentary filmmaker on the brink of a professional breakthrough, Mark a handsome investment banker with big plans. Passionately in love, they embark on a dream honeymoon to the tropical island of Bora Bora, where they enjoy the sun, the sand, and each other. Then, while scuba diving in the crystal blue sea, they find something in the water. . . .<br /><br /><i>Could the life of your dreams be the stuff of nightmares?</i><br /><br />Suddenly the newlyweds must make a dangerous choice: to speak out or to protect their secret. After all, if no one else knows, who would be hurt? Their decision will trigger a devastating chain of events. . . .<br /><br /><i>Have you ever wondered how long it takes to dig a grave?</i><br /><br />Wonder no longer. Catherine Steadman's enthralling voice shines throughout this spellbinding debut novel. With piercing insight and fascinating twists, <i>Something in the Water</i> challenges the reader to confront the hopes we desperately cling to, the ideals we're tempted to abandon, and the perfect lies we tell ourselves.",https://i.gr-assets.com/images/S/compressed.photo.goodreads.com/books/1528120440l/36388243._SY475_.jpg,OL19749469W,OL26958700M,openlibrary_work,high,"[""Fiction"", ""Married people"", ""Honeymoons"", ""Fiction, thrillers"", ""Fiction, psychological"", ""Married people, fiction"", ""Fiction, thrillers, general"", ""nyt:hardcover-fiction=2018-06-24"", ""New York Times bestseller""]",[],"[""Bora-Bora (French Polynesia)""]",[]
book_174f4f9e54b0daa9,2,Student Union (The Undergrads #1),Julie   Murphy,1250428246,289.0,"Sun, 22 Mar 2026 09:19:05 -0700","<b>From #1 <i>New York Times</i>–bestselling author Julie Murphy comes a sexy rom com about a college marriage of convenience that goes way beyond chemistry 101...The first in a trilogy of romance novels that follows a group of girls as they navigate love, friendship, and new adulthood, this is perfect for fans of Elle Kennedy and Hannah Grace.</b><br /><br />CLOVER ROWAN WALSH knows The Plan.<br />1. Get a full ride to her dream school, Wexley University.<br />2. Conquer the school of business.<br />3. Say goodbye to the paycheck-to-paycheck life she and her mom have known for years.<br /><br />There’s just one hiccup. With the first semester rapidly approaching, Clover learns her housing grant has fallen through. But a loophole presents Married couples can live in the dorms for the price of one student. Clover is willing to sacrifice the sanctity of marriage . . . even if it means proposing to the one person she swore she’d never speak to again.<br /><br />Bennett Andrew Graves is the only heir to the Graves Coffee empire. After spending his first year at Wexley, squeaking by in classes and becoming personally acquainted with the female student body, he is looking forward to living off campus. Until the girl he grew up with (and whom he completely devastated years ago) walks back into his life with the most absurd <i>Will you marry me?</i><br /><br />Bennett can’t refuse Clover. He owes her this, but that doesn’t change the fact that these two can barely carry on a conversation without getting at each other’s throats. Forget about sharing a dorm—much less one bed.<br /><br />But as Clover and Bennett hide the true nature of their marriage, they find that playing house isn’t all that bad—especially with certain marital benefits in the mix. In fact, Clover and Bennett are soon forgetting the most important part of their fake marriage of convenience . . . that it’s supposed to be <i>fake</i>.",https://i.gr-assets.com/images/S/compressed.photo.goodreads.com/books/1761633427l/242508996._SX318_.jpg,OL45882849W,OL62431772M,openlibrary_work,high,[],[],[],[]
book_1af9b4f4231bd867,2,"The Assassin's Blade (Throne of Glass, #0.1-0.5)",Sarah J. Maas,1619632217,451.0,"Fri, 24 Apr 2026 14:51:46 -0700","Celaena Sardothien is her kingdom’s most feared assassin. Though she works for the powerful and ruthless Assassin’s Guild, Celaena yields to no one and trusts only her fellow killer for hire, Sam.<br /><br />When Celaena's scheming master, Arobynn Hamel, dispatches her on missions that take her from remote islands to hostile deserts, she finds herself acting independently of his wishes—and questioning her own allegiance. Along the way, she makes friends and enemies alike, and discovers that she feels far more for Sam than just friendship. But by defying Arobynn’s orders, Celaena risks unimaginable punishment, and with Sam by her side, he is in danger, too. They will have to risk it all if they hope to escape Arobynn’s clutches—and if they fail, they’ll lose not just a chance at freedom, but their lives . . .<br /><br />A prequel to Throne of Glass, this collection of five novellas offers readers a deeper look into the history of this cunning assassin and her enthralling—and deadly—world.<br /><br />Included in this volume:<br />The Assassin and the Pirate Lord<br />The Assassin and the Healer<br />The Assassin and the Desert<br />The Assassin and the Underworld<br />The Assassin and the Empire",https://i.gr-assets.com/images/S/compressed.photo.goodreads.com/books/1680869667l/126062562._SY475_.jpg,OL17546674W,OL39343070M,openlibrary_work,high,"[""Fiction, fantasy, collections & anthologies"", ""Female assassins in fiction"", ""Young adult fiction, fantasy, dark fantasy"", ""[series:Throne_of_Glass]"", ""Fantasy"", ""Assassins"", ""Fiction""]","[""Celaena Sardothien"", ""Sam Cortland"", ""Ansel of Briarcliff"", ""Arobynn Hamel"", ""Yrene Towers"", ""Lysandra""]","[""Erilea Rifthold"", ""Adarlan Skull's Bay"", ""Red Desert"", ""Innish""]",[]
book_863b88c9872da6df,2,"The Ballad of Songbirds and Snakes (The Hunger Games, #0)",Suzanne Collins,1338635174,528.0,"Sun, 23 Oct 2022 19:13:21 -0700","<b>Ambition will fuel him.<br />Competition will drive him.<br />But power has its price.</b><br /> <br />It is the morning of the reaping that will kick off the tenth annual Hunger Games. In the Capitol, eighteen-year-old Coriolanus Snow is preparing for his one shot at glory as a mentor in the Games. The once-mighty house of Snow has fallen on hard times, its fate hanging on the slender chance that Coriolanus will be able to outcharm, outwit, and outmaneuver his fellow students to mentor the winning tribute.<br /> <br />The odds are against him. He’s been given the humiliating assignment of mentoring the female tribute from District 12, the lowest of the low. Their fates are now completely intertwined—every choice Coriolanus makes could lead to favor or failure, triumph or ruin. Inside the arena, it will be a fight to the death. Outside the arena, Coriolanus starts to feel for his doomed tribute . . . and must weigh his need to follow the rules against his desire to survive no matter what it takes.",https://i.gr-assets.com/images/S/compressed.photo.goodreads.com/books/1619083873l/50794839.jpg,OL20716197W,OL28313761M,openlibrary_work,high,"[""Snow"", ""Panem"", ""Hunger Games"", ""Young adult fiction, science fiction, general"", ""Young adult fiction, action & adventure, survival stories"", ""Young adult fiction, dystopian"", ""The Ballad Of Songbirds And Snakes"", ""New York Times reviewed"", ""Science fiction"", ""Serie:The_Hunger_Games"", ""Juegos del hambre"", ""Interpersonal relations"", ""Juvenile fiction"", ""Television programs"", ""Survival"", ""Contests"", ""Insurgency""]","[""Coriolanus Snow"", ""Lucy Gray""]","[""Panem"", ""The Capitol"", ""El Capitolio""]","[""Futuro distopico""]"
book_c5c70db47ae62467,2,The Bodyguard,Katherine Center,1250219396,302.0,"Thu, 03 Mar 2022 20:31:48 -0800","She’s got his back.<br />Hannah Brooks looks more like a kindergarten teacher than somebody who could kill you with a wine bottle opener. Or a ballpoint pen. Or a dinner napkin. But the truth is, she’s an Executive Protection Agent (aka ""bodyguard""), and she just got hired to protect superstar actor Jack Stapleton from his middle-aged, corgi-breeding stalker.<br /><br />He’s got her heart.<br />Jack Stapleton’s a household name—captured by paparazzi on beaches the world over, famous for, among other things, rising out of the waves in all manner of clingy board shorts and glistening like a Roman deity. But a few years back, in the wake of a family tragedy, he dropped from the public eye and went off the grid.<br /><br />They’ve got a secret.<br />When Jack’s mom gets sick, he goes home to the family’s Texas ranch to help out. Only one catch: He doesn’t want his family to know about his stalker. Or the bodyguard thing. And so Hannah—against her will and her better judgment—finds herself pretending to be Jack’s girlfriend as a cover. Even though her ex, says no one will believe it.<br /><br />What could possibly go wrong?<br />Hannah hardly believes it, herself. But the more time she spends with Jack, the more real it all starts to seem. And there lies the heartbreak. Because it’s easy for Hannah to protect Jack. But protecting her own, long-neglected heart? That’s the hardest thing she’s ever done.",https://i.gr-assets.com/images/S/compressed.photo.goodreads.com/books/1637059607l/58724801.jpg,OL25958058W,OL35035196M,openlibrary_work,high,"[""nyt:hardcover-fiction=2022-08-07"", ""New York Times bestseller""]",[],[],[]
book_85893a56e077ab04,2,The Book Witch,Meg Shaffer,0593983580,301.0,"Sun, 22 Mar 2026 09:16:23 -0700","<b>
  <i>She can hop into any novel, but she just can’t stay there.</i>
</b><br /><br /><b>Come along with the Book Witch in this magical and inspiring love letter to reading from the <i>USA Today</i> bestselling author of <i>The Wishing Game</i>.<br /><br />Rainy March is a proud, third-generation Book Witch, sworn to defend works of fiction from all foes real and imaginary. With her magical umbrella and feline familiar, she jumps in and out of novels to fix malicious alterations and rogue heroes like a modern-day magical Nancy Drew.<br /><br />Book Witches live by a strict code: <i>Real people belong in the real world; fictional characters belong in works of fiction. Do not eat, drink, or sleep inside a fictional world, lest you become part of the story.</i> Falling in love with a fictional character? Don’t even think about it.<br /><br />Which is why Rainy has been forbidden from seeing the Duke of Chicago, the dashing British detective who stars in her favorite mystery series. If she’s ever caught with him again, she’ll be expelled from her book coven—and forced to give up the magical gifts that are as much a part of her as her own name.<br /><br />But when her beloved grandfather disappears and a priceless book is stolen, there’s only one person she trusts to help her solve the case: the Duke. Their quest takes them through the worlds of <i>Alice in Wonderland</i>, <i>King Arthur</i>, and other classics that will reveal hidden enemies and long-buried family secrets.</b>",https://i.gr-assets.com/images/S/compressed.photo.goodreads.com/books/1752075402l/238226952._SY475_.jpg,OL45112462W,OL61524761M,openlibrary_work,high,[],[],[],[]
book_b8a69a870b880377,2,"The Deal (Off-Campus, #1)",Elle Kennedy,,342.0,"Sat, 16 May 2026 22:23:35 -0700","<i>She’s about to make a deal with the college bad boy…</i><br /><br />Hannah Wells has finally found someone who turns her on. But while she might be confident in every other area of her life, she’s carting around a full set of baggage when it comes to sex and seduction. If she wants to get her crush’s attention, she’ll have to step out of her comfort zone and <i>make</i> him take notice…even if it means tutoring the annoying, childish, <i>cocky</i> captain of the hockey team in exchange for a pretend date.<br /><br /><i>...and it’s going to be oh so good</i><br /><br />All Garrett Graham has ever wanted is to play professional hockey after graduation, but his plummeting GPA is threatening everything he’s worked so hard for. If helping a sarcastic brunette make another guy jealous will help him secure his position on the team, he’s all for it. But when one unexpected kiss leads to the wildest sex of both their lives, it doesn’t take long for Garrett to realize that pretend isn’t going to cut it. Now he just has to convince Hannah that the man she wants looks a lot like <i>him</i>.",https://i.gr-assets.com/images/S/compressed.photo.goodreads.com/books/1777063919l/58953626._SY475_.jpg,OL42430111W,,openlibrary_work,high,"[""College students"", ""Fiction"", ""Hockey players"", ""Fake dating"", ""Friends to lovers"", ""Enemies to lovers"", ""Hockey"", ""Sports romance"", ""Swoonworthy hero"", ""Strong heroine"", ""Humorous"", ""Steamy"", ""Slow burn"", ""American literature"", ""Étudiants"", ""Romans, nouvelles"", ""Joueurs de hockey"", ""Series:Off-Campus""]",[],[],[]
book_80a27e319ea76a12,2,The Ex Talk,Rachel Lynn Solomon,,345.0,"Sun, 09 May 2021 13:21:43 -0700","Shay Goldstein has been a producer at her Seattle public radio station for nearly a decade, and she can't imagine working anywhere else. But lately it's been a constant clash between her and her newest colleague, Dominic Yun, who's fresh off a journalism master's program and convinced he knows everything about public radio.<br /><br />When the struggling station needs a new concept, Shay proposes a show that her boss green-lights with excitement. On The Ex Talk, two exes will deliver relationship advice live, on air. Their boss decides Shay and Dominic are the perfect co-hosts, given how much they already despise each other. Neither loves the idea of lying to listeners, but it's this or unemployment. Their audience gets invested fast, and it's not long before The Ex Talk becomes a must-listen in Seattle and climbs podcast charts.<br /><br />As the show gets bigger, so does their deception, especially when Shay and Dominic start to fall for each other. In an industry that values truth, getting caught could mean the end of more than just their careers.",https://i.gr-assets.com/images/S/compressed.photo.goodreads.com/books/1589505942l/53415121._SY475_.jpg,OL24172494W,,openlibrary_work,high,"[""Romance"", ""American literature""]",[],[],[]
book_0121428eee7aaf8d,2,"The Fifth Season (The Broken Earth, #1)",N.K. Jemisin,,512.0,"Sun, 26 Apr 2020 16:31:20 -0700","This is the way the world ends. Again.<br /><br />Three terrible things happen in a single day. Essun, a woman living an ordinary life in a small town, comes home to find that her husband has brutally murdered their son and kidnapped their daughter. Meanwhile, mighty Sanze -- the world-spanning empire whose innovations have been civilization's bedrock for a thousand years -- collapses as most of its citizens are murdered to serve a madman's vengeance. And worst of all, across the heart of the vast continent known as the Stillness, a great red rift has been torn into the heart of the earth, spewing ash enough to darken the sky for years. Or centuries.<br /><br />Now Essun must pursue the wreckage of her family through a deadly, dying land. Without sunlight, clean water, or arable land, and with limited stockpiles of supplies, there will be war all across the Stillness: a battle royale of nations not for power or territory, but simply for the basic resources necessary to get through the long dark night. Essun does not care if the world falls apart around her. She'll break it herself, if she must, to save her daughter.",https://i.gr-assets.com/images/S/compressed.photo.goodreads.com/books/1386803701l/19161852.jpg,OL17363125W,,openlibrary_work,high,"[""LGBTQ novels"", ""LGBTQ science fiction & fantasy"", ""Fiction, fantasy, epic"", ""Mothers and daughters, fiction"", ""Fiction, dystopian"", ""Fiction, fantasy, general"", ""New York Times reviewed"", ""Hugo Award Winner"", ""award:hugo_award=2016"", ""award:hugo_award=novel"", ""End of the world"", ""Fiction"", ""Kidnapping"", ""Families"", ""Mothers and daughters"", ""Parental kidnapping"", ""Earthquake zones"", ""Fin du monde"", ""Romans, nouvelles"", ""Familles"", ""Mères et filles"", ""Enlèvement d'enfant par les parents"", ""Zones sismiques"", ""Fantasy"", ""General"", ""Fantastischer Roman"", ""Amerikanisches Englisch"", ""Long now manual for civilization""]","[""Damaya"", ""Essun"", ""Syenite"", ""Alabaster"", ""Innon"", ""Binof"", ""Hoa"", ""Lerna"", ""Rask"", ""Jija"", ""Nassun"", ""Uche"", ""Corundum"", ""Schaffa"", ""Crack"", ""Verishe"", ""Erisset"", ""Misalem"", ""Shemshena"", ""Harlas"", ""Anafumeth""]","[""Castrima"", ""Dibars"", ""Arcara"", ""Allia"", ""Tirimo"", ""Palela"", ""Meov"", ""Fulcrum"", ""Yumenes""]",[]
book_63ec0431094f3965,2,The Final Score,Lana Ferguson,0593953711,384.0,"Sun, 22 Mar 2026 09:18:20 -0700","<b>A hockey player and a grad student are on thin ice until they meet their match in this sexy romance by <i>USA Today</i> bestselling author Lana Ferguson.</b><br /><br />Jack Baker is on top of the world now that he’s back on the rink where he belongs. But the high comes crashing down when he reinjures his arm immediately following his return to the ice, and this time, he might never be able to play again. After a lifetime as the strong, happy hockey guy whose sister needed him, Jack is left questioning everything he knows about himself.<br /><br />Abigail Thompson feels like she’s hit rock bottom. It’s only been a few months since the massive scandal that finally severed the cord between her and her narcissistic father. And now, in her last weeks of grad school, she’s been kicked out of her building with very short notice. The last thing she wants to do is ask her half-brother for help after what she’s put him through, but it’s looking like his best friend’s spare room might be her only choice.<br /><br />Jack is flighty, flirty, and a little full of himself—all the things Abby’s learned to avoid in men. However, spending every day together breaks the ice between them, and she starts to realize that Jack might not be who he seems. It’s possible that maybe, just maybe, he might be struggling as much as she is. Soon, confiding in each other leads to falling into bed, and this fling will either play with their hearts—or score them the ultimate goal of love.",https://i.gr-assets.com/images/S/compressed.photo.goodreads.com/books/1761197949l/242512674._SY475_.jpg,OL45345425W,,openlibrary_work,high,[],[],[],[]
book_541f75961981ca0a,2,"The Friend Zone (The Friend Zone, #1)",Abby Jimenez,,372.0,"Sat, 16 Jan 2021 14:37:55 -0800","Kristen Petersen doesn't do drama, will fight to the death for her friends, and has no room in her life for guys who just don't get her. She's also keeping a big secret: facing a medically necessary procedure that will make it impossible for her to have children.<br /> <br />Planning her best friend's wedding is bittersweet for Kristen—especially when she meets the best man, Josh Copeland. He's funny, sexy, never offended by her mile-wide streak of sarcasm, and always one chicken enchilada ahead of her hangry. Even her dog, Stuntman Mike, adores him. The only catch: Josh wants a big family someday. Kristen knows he'd be better off with someone else, but as their attraction grows, it's harder and harder to keep him at arm's length.<br /> <br /><b><i>The Friend Zone</i> will have you laughing one moment and grabbing for tissues the next as it tackles the realities of infertility and loss with wit, heart, and a lot of sass.</b>",https://i.gr-assets.com/images/S/compressed.photo.goodreads.com/books/1553782196l/41945163._SY475_.jpg,OL20880831W,,openlibrary_work,high,"[""American literature"", ""Man-woman relationships, fiction"", ""Fiction, romance, erotica"", ""Fiction, humorous""]",[],[],[]
book_e1d27fde0fd341a2,2,The Girl on the Train,Paula Hawkins,1594633665,336.0,"Fri, 06 Jan 2017 13:11:20 -0800","Rachel catches the same commuter train every morning. She knows it will wait at the same signal each time, overlooking a row of back gardens. She’s even started to feel like she knows the people who live in one of the houses. “Jess and Jason,” she calls them. Their life—as she sees it—is perfect. If only Rachel could be that happy. And then she sees something shocking. It’s only a minute until the train moves on, but it’s enough. Now everything’s changed. Now Rachel has a chance to become a part of the lives she’s only watched from afar. Now they’ll see; she’s much more than just the girl on the train...<br /><br /><i>An alternative cover edition for this ISBN can be found <a href=""https://www.goodreads.com/book/show/45692416"" rel=""nofollow noopener"">here</a>.</i>",https://i.gr-assets.com/images/S/compressed.photo.goodreads.com/books/1748242265l/22557272._SY475_.jpg,OL17112428W,OL25687007M,openlibrary_work,high,"[""Witnesses"", ""Murder victims"", ""Alcoholics"", ""Commuters"", ""Fiction"", ""Railroad travel"", ""Strangers"", ""nyt:mass-market-paperback=2016-09-11"", ""New York Times bestseller"", ""Fiction, psychological"", ""Fiction, thrillers, suspense"", ""London (england), fiction"", ""Psychological fiction"", ""Travel"", ""Railroads"", ""Suspense fiction"", ""Mystery fiction"", ""nyt:hardcover-fiction=2015-02-01"", ""New York Times reviewed"", ""Fiction, suspense"", ""Large type books"", ""English literature"", ""Drama"", ""English drama""]",[],"[""London (England)"", ""London"", ""England""]","[""Present Day""]"
book_0947910e6e5a722c,2,"The Giver (Giver, #1)",Lois Lowry,0385732554,208.0,"Tue, 09 Aug 2022 18:38:02 -0700","At the age of twelve, Jonas, a young boy from a seemingly utopian, futuristic world, is singled out to receive special training from The Giver, who alone holds the memories of the true joys and pain of life.",https://i.gr-assets.com/images/S/compressed.photo.goodreads.com/books/1342493368l/3636.jpg,OL1846076W,OL7441983M,openlibrary_work,high,"[""Social control"", ""Control (Psychology)"", ""Juvenile fiction"", ""Fiction"", ""Science fiction"", ""Memory"", ""Ethics"", ""Dystopias"", ""Blind"", ""Braille language materials"", ""Books and reading"", ""Children's fiction"", ""New York Times reviewed"", ""Literature"", ""Dystopian"", ""Sci Fi"", ""Novel"", ""Children's literature, study and teaching"", ""Children's literature, examinations, questions, etc."", ""Newbery Medal"", ""Ciencia-ficción"", ""Classic"", ""Individuality"", ""Comic books, strips"", ""Graphic novels"", ""YOUNG ADULT FICTION / Comics & Graphic Novels / Dystopian"", ""YOUNG ADULT FICTION / Comics & Graphic Novels / Fantasy"", ""YOUNG ADULT FICTION / Comics & Graphic Novels / Coming of Age"", ""Adventure and adventurers, fiction"", ""Liberty"", ""Social prediction"", ""award:Newbery_award"", ""Children's literature""]","[""Lois Lowry"", ""Jonas""]","[""America""]","[""The Future"", ""1993""]"
book_4a09172ab1b8983f,2,The Guest List,Lucy Foley,,319.0,"Sat, 18 Mar 2023 05:23:25 -0700","A wedding celebration turns dark and deadly in this deliciously wicked and atmospheric thriller reminiscent of Agatha Christie from the New York Times bestselling author of The Hunting Party.<br /><br />The bride – The plus one – The best man – The wedding planner – The bridesmaid – The body<br /><br />On an island off the coast of Ireland, guests gather to celebrate two people joining their lives together as one. The groom: handsome and charming, a rising television star. The bride: smart and ambitious, a magazine publisher. It’s a wedding for a magazine, or for a celebrity: the designer dress, the remote location, the luxe party favors, the boutique whiskey. The cell phone service may be spotty and the waves may be rough, but every detail has been expertly planned and will be expertly executed.<br /><br />But perfection is for plans, and people are all too human. As the champagne is popped and the festivities begin, resentments and petty jealousies begin to mingle with the reminiscences and well wishes. The groomsmen begin the drinking game from their school days. The bridesmaid not-so-accidentally ruins her dress. The bride’s oldest (male) friend gives an uncomfortably caring toast.<br /><br />And then someone turns up dead. Who didn’t wish the happy couple well? And perhaps more important, why?",https://i.gr-assets.com/images/S/compressed.photo.goodreads.com/books/1591461181l/52656911._SY475_.jpg,OL20742637W,,openlibrary_work,high,"[""English literature"", ""Fiction, suspense"", ""Ireland, fiction"", ""nyt:combined-print-and-e-book-fiction=2020-06-21"", ""New York Times bestseller"", ""Fiction, thrillers, suspense"", ""Weddings"", ""Fiction"", ""Murder"", ""Islands"", ""Thrillers"", ""Crime"", ""Psychological"", ""Suspense"", ""Homicide""]",[],[],[]
book_7197edfdfb686718,2,"The Handmaid’s Tale (The Handmaid's Tale, #1)",Margaret Atwood,038549081X,311.0,"Fri, 04 Aug 2017 15:14:50 -0700","Offred is a Handmaid in the Republic of Gilead. She may leave the home of the Commander and his wife once a day to walk to food markets whose signs are now pictures instead of words because women are no longer allowed to read. She must lie on her back once a month and pray that the Commander makes her pregnant, because in an age of declining births, Offred and the other Handmaids are valued only if their ovaries are viable. Offred can remember the years before, when she lived and made love with her husband, Luke; when she played with and protected her daughter; when she had a job, money of her own, and access to knowledge. But all of that is gone now…<br /><br />Funny, unexpected, horrifying, and altogether convincing, <i>The Handmaid's Tale</i> is at once scathing satire, dire warning, and tour de force.",https://i.gr-assets.com/images/S/compressed.photo.goodreads.com/books/1496592764l/38447.jpg,OL675783W,OL51647052M,openlibrary_work,high,"[""brothels"", ""Canadian authors"", ""Canadian fantasy fiction"", ""Canadian fiction (fictional works by one author)"", ""Christian fundamentalism"", ""Dystopian fiction"", ""Dystopias"", ""fantasy fiction"", ""Fiction"", ""Fiction, dystopian"", ""Fiction, fantasy, general"", ""handmaids"", ""Large type books"", ""Man-woman relationships"", ""Man-woman relationships, fiction"", ""military dictatorship"", ""Misogyny"", ""New York Times bestseller"", ""nyt:e-book-fiction=2017-01-22"", ""nyt:trade-fiction-paperback=2017-02-26"", ""Old Testament"", ""Political"", ""political fiction"", ""pregnancy"", ""religious fanaticism"", ""revolution"", ""science fiction"", ""Scrabble"", ""Social aspects"", ""theocracy"", ""theonomy"", ""totalitarianism"", ""United States Congress"", ""Women"", ""Study guides"", ""History and criticism"", ""Handmaid's tale (Atwood, Margaret)"", ""Roman canadien de langue anglaise"", ""Misogynie"", ""collectionID:EanesChallenge"", ""Romans, nouvelles"", ""Femmes"", ""collectionID:ConroeChallenge"", ""FICTION / Dystopian"", ""FICTION / Political"", ""FICTION / Science Fiction"", ""Teen fiction"", ""World literature"", ""Fiction subjects"", ""Science fiction & fantasy"", ""Comics & graphic novels, adaptations"", ""Comics & graphic novels, literary"", ""Comics & graphic novels, fantasy"", ""Dystopian"", ""Foreign relations"", ""Neutrality"", ""Long Now Manual for Civilization"", ""collection:otherwise_tiptree_award=retrohonor"", ""English literature""]","[""Margaret Atwood (1939-)"", ""Offred"", ""Commanders"", ""Rachel"", ""Bilhah"", ""Aunts"", ""Handmaids"", ""Marthas"", ""Econowives"", ""Moira"", ""Serena Joy"", ""Ofglen"", ""Nick"", ""Eyes of God"", ""Luke"", ""Professor Pieixoto""]","[""Republic of Gilead"", ""New England"", ""United States of America"", ""Canada"", ""Jezebel's"", ""Colonies""]",[]
book_2295bc4efb989170,2,"The Happy Ever After Playlist (The Friend Zone, #2)",Abby Jimenez,,401.0,"Sat, 16 Jan 2021 14:37:46 -0800","This is the second book in the companion series <i>The Friend Zone</i>.<br /><br />Two years after losing her fiancé, Sloan Monroe still can't seem to get her life back on track. But one trouble-making pup with a ""take me home"" look in his eyes is about to change everything. With her new pet by her side, Sloan finally starts to feel more like herself. Then, after weeks of unanswered texts, Tucker's owner reaches out. He's a musician on tour in Australia. And bottom line: He wants Tucker back.<br /><br />Well, Sloan's not about to give up her dog without a fight. As their flirty texts turn into long calls, Sloan can't deny a connection. There's no telling what could happen when they meet in person. The question is: With his music career on the rise, how long will Jason really stick around? And is it possible for Sloan to survive another heartbreak?",https://i.gr-assets.com/images/S/compressed.photo.goodreads.com/books/1565190701l/50208350._SX318_SY475_.jpg,OL20667427W,,openlibrary_work,high,"[""American literature""]",[],[],[]
book_99f833607884dd07,2,"The Hate U Give (The Hate U Give, #1)",Angie Thomas,0062498533,453.0,"Thu, 11 Mar 2021 21:26:52 -0800","Sixteen-year-old Starr Carter moves between two worlds: the poor neighborhood where she lives and the fancy suburban prep school she attends. The uneasy balance between these worlds is shattered when Starr witnesses the fatal shooting of her childhood best friend Khalil at the hands of a police officer. Khalil was unarmed.<br /><br />Soon afterward, his death is a national headline. Some are calling him a thug, maybe even a drug dealer and a gangbanger. Protesters are taking to the streets in Khalil’s name. Some cops and the local drug lord try to intimidate Starr and her family. What everyone wants to know is: what really went down that night? And the only person alive who can answer that is Starr.<br /><br />But what Starr does—or does not—say could upend her community. It could also endanger her life.<br /><br />Inspired by the Black Lives Matter movement, this is a powerful and gripping YA novel about one girl's struggle for justice.<br /><br /><i>An alternate cover edition of ISBN 9780062498533 can be found <a href=""https://www.goodreads.com/book/show/54296715-the-hate-u-give"" rel=""nofollow noopener"">here.</a></i>",https://i.gr-assets.com/images/S/compressed.photo.goodreads.com/books/1476284759l/32075671._SY475_.jpg,OL17714701W,OL26246256M,openlibrary_work,high,"[""black lives matter"", ""Fiction"", ""National Book Awards Longlist"", ""Race relations"", ""African American teenagers"", ""Police shootings"", ""Witnesses"", ""Police-community relations"", ""Juvenile fiction"", ""YOUNG ADULT FICTION"", ""People & Places"", ""United States"", ""African American"", ""Social Themes"", ""Emotions & Feelings"", ""Prejudice & Racism"", ""racism"", ""young adult"", ""social issues"", ""teen"", ""Children's fiction"", ""African americans, fiction"", ""Race relations, fiction"", ""nyt:young-adult-hardcover=2017-03-19"", ""New York Times bestseller"", ""collectionID:EanesChallenge"", ""YOUNG ADULT FICTION / People & Places / United States / African American"", ""YOUNG ADULT FICTION / Social Themes / Emotions & Feelings"", ""YOUNG ADULT FICTION / Social Themes / Prejudice & Racism"", ""collectionID:bannedbooks""]","[""Starr Carter"", ""Khalil"", ""Sekani Carter"", ""Hailey Grant"", ""Maya Young""]","[""United States"", ""Garden Heights""]","[""21st century""]"
book_a0c8979bd823baea,2,The Help,Kathryn Stockett,0399155341,451.0,"Sat, 07 Mar 2020 20:30:56 -0800","Three ordinary women are about to take one extraordinary step.<br /><br />Twenty-two-year-old Skeeter has just returned home after graduating from Ole Miss. She may have a degree, but it is 1962, Mississippi, and her mother will not be happy till Skeeter has a ring on her finger. Skeeter would normally find solace with her beloved maid Constantine, the woman who raised her, but Constantine has disappeared and no one will tell Skeeter where she has gone.<br /><br />Aibileen is a black maid, a wise, regal woman raising her seventeenth white child. Something has shifted inside her after the loss of her own son, who died while his bosses looked the other way. She is devoted to the little girl she looks after, though she knows both their hearts may be broken.<br /><br />Minny, Aibileen's best friend, is short, fat, and perhaps the sassiest woman in Mississippi. She can cook like nobody's business, but she can't mind her tongue, so she's lost yet another job. Minny finally finds a position working for someone too new to town to know her reputation. But her new boss has secrets of her own.<br /><br />Seemingly as different from one another as can be, these women will nonetheless come together for a clandestine project that will put them all at risk. And why? Because they are suffocating within the lines that define their town and their times. And sometimes lines are made to be crossed.<br /><br />In pitch-perfect voices, Kathryn Stockett creates three extraordinary women whose determination to start a movement of their own forever changes a town, and the way women, mothers, daughters, caregivers, friends, view one another. A deeply moving novel filled with poignancy, humor, and hope, The Help is a timeless and universal story about the lines we abide by, and the ones we don't. <br /><br /><br /><i>Librarian's note: An alternate cover edition can be found <a href=""https://www.goodreads.com/book/show/44768927.here"" title=""here"" rel=""nofollow noopener"">here</a></i>",https://i.gr-assets.com/images/S/compressed.photo.goodreads.com/books/1622355533l/4667024._SY475_.jpg,OL11999891W,OL16990642M,openlibrary_work,high,"[""novels"", ""Fiction"", ""Civil rights movements"", ""Household employees"", ""African American women"", ""literary fiction"", ""historical fiction"", ""domestic fiction"", ""Civil Rights Movement"", ""Literature"", ""mothers"", ""nyt:hardcover_fiction=2009-03-29"", ""New York Times bestseller"", ""Housekeepers"", ""caregivers"", ""friends"", ""daughters"", ""Reading Level-Grade 7"", ""Reading Level-Grade 6"", ""Reading Level-Grade 9"", ""Reading Level-Grade 8"", ""Reading Level-Grade 11"", ""Reading Level-Grade 10"", ""Reading Level-Grade 12"", ""Fictional Works"", ""Literary"", ""Historical"", ""Small Town & Rural"", ""African American"", ""NEW LIST 20091215"", ""Fiction, historical"", ""Mississippi, fiction"", ""African americans, fiction"", ""Large type books"", ""Derechos civiles"", ""Novela"", ""Movimientos sociales"", ""Afronorteamericanos"", ""Mujeres"", ""Historia"", ""Spanish language materials"", ""New York Times reviewed"", ""Fiction, historical, general"", ""Race relations"", ""Social conditions"", ""African American women household employees"", ""Relations raciales"", ""Roman américain"", ""Mouvements des droits de l'homme"", ""Noires am?ricaines"", ""Romans, nouvelles"", ""Traductions françaises"", ""Polish language materials"", ""Roman"", ""Civil rights movements -- Fiction"", ""African American women -- Fiction"", ""Jackson (Miss.) -- Fiction""]","[""Eugenia Phelan"", ""Treelore Clark"", ""The Leefolts"", ""Mrs. Walters"", ""Hilly Holbrook"", ""Aibileen Clark"", ""Minny Jackson"", ""Mae Mobley"", ""Elaine Stein"", ""Yule May"", ""Constantine"", ""Martin Luther King Jr. (1929-1968)"", ""James Meredith"", ""John F. Kennedy""]","[""Jackson (Miss.)"", ""Jackson"", ""Mississippi"", ""University of Mississippi"", ""Chicago"", ""Jackson (Mississ)"", ""Etats-Unis""]","[""1962"", ""1960"", ""1960-1964""]"
book_77efea1bc0690ac5,2,"The Hobbit, or There and Back Again",J.R.R. Tolkien,,366.0,"Fri, 06 Jan 2017 13:00:33 -0800","In a hole in the ground there lived a hobbit. Not a nasty, dirty, wet hole, filled with the ends of worms and an oozy smell, nor yet a dry, bare, sandy hole with nothing in it to sit down on or to eat: it was a hobbit-hole, and that means comfort.<br />Written for J.R.R. Tolkien’s own children, The Hobbit met with instant critical acclaim when it was first published in 1937. Now recognized as a timeless classic, this introduction to the hobbit Bilbo Baggins, the wizard Gandalf, Gollum, and the spectacular world of Middle-earth recounts of the adventures of a reluctant hero, a powerful and dangerous ring, and the cruel dragon Smaug the Magnificent. The text in this 372-page paperback edition is based on that first published in Great Britain by Collins Modern Classics (1998), and includes a note on the text by Douglas A. Anderson (2001).<br /><br />9780618260300",https://i.gr-assets.com/images/S/compressed.photo.goodreads.com/books/1546071216l/5907.jpg,,,title_author,medium,[],[],[],[]
book_a07f1e2b1bbf32e2,2,"The Honeymoon Crashers (Unhoneymooners, #1.5)",Christina Lauren,1797158147,200.0,"Tue, 06 Jun 2023 08:17:05 -0700","4 hours, 47 minutes <br /><br /><b>A perfectionist maid of honor and a carefree, surfer-bro best man team up to plan a wedding and end up finding a spark of their own in the first audio original from author duo Christina Lauren, a full-cast sequel to their <i>New York Times</i> bestseller <i>The Unhoneymooners.</i></b><br /><br />Ami is determined to break the Torres family wedding curse. Her own disaster of a reception ended with all the guests getting food poisoning, and she left her cheating husband soon after. But even though she’s still processing her own divorce, Ami won’t let her twin sister Olive’s day be anything but perfect. Olive may think she wants a private ceremony in Maui, where she and her fiancé Ethan first fell in love, but Ami knows better and secretly flies the whole Torres family out to surprise the couple. Now she and her meticulously organized binder have less than two weeks to get everything together for the big day, thousands of miles from home.<br /><br />Enter Brody, Ethan’s best man, who happens to be living in Maui and insists on helping with the preparations. His playfully elaborate schemes and happy-go-lucky attitude are the last thing Ami needs. When sparks start to fly, could it derail all her carefully laid plans?<br /><br />Equal parts hilarious and swoon-worthy, this full-cast production is your ticket to the ultimate destination wedding, bringing to life both a captivating couple and an unforgettable family. <i>The Honeymoon Crashers</i> is Christina Lauren at their charming, hilarious best.",https://i.gr-assets.com/images/S/compressed.photo.goodreads.com/books/1681322875l/128138997._SX318_.jpg,OL20153602W,,openlibrary_work,high,"[""Fiction, romance, contemporary"", ""Fiction, humorous"", ""nyt:trade-fiction-paperback=2021-06-06"", ""New York Times bestseller""]","[""Olive Torres"", ""Ethan Thomas"", ""Amelia Thomas"", ""Dane Thomas""]","[""Minnesota (United States)"", ""Maui"", ""Hawaii (United States)""]",[]
book_46736ead33d8d980,2,"The Housemaid (The Housemaid, #1)",Freida McFadden,1803144378,338.0,"Fri, 17 Jul 2026 20:31:14 -0700","Every day I clean the Winchesters’ beautiful house top to bottom. I collect their daughter from school. And I cook a delicious meal for the whole family before heading up to eat alone in my tiny room on the top floor.<br /><br />I try to ignore how Nina makes a mess just to watch me clean it up. How she tells strange lies about her own daughter. And how her husband Andrew seems more broken every day. But as I look into Andrew’s handsome brown eyes, so full of pain, it’s hard not to imagine what it would be like to live Nina’s life. The walk-in closet, the fancy car, the perfect husband.<br /><br />I only try on one of Nina’s pristine white dresses once. Just to see what it’s like. But she soon finds out… and by the time I realize my attic bedroom door only locks from the outside, it’s far too late.<br /><br />But I reassure myself: the Winchesters don’t know who I really am.<br /><br />They don’t know what I’m capable of…",https://i.gr-assets.com/images/S/compressed.photo.goodreads.com/books/1646534743l/60556912._SY475_.jpg,OL27729743W,,openlibrary_work,high,"[""nyt:trade-fiction-paperback=2023-05-14"", ""New York Times bestseller"", ""Thriller"", ""Mystery"", ""Fiction"", ""Mystery Thriller"", ""Suspense"", ""Crime"", ""Psychological Thriller"", ""Series:The-Housemaid"", ""Contemporary"", ""Romance"", ""Fiction, thrillers, domestic"", ""Fiction, thrillers, psychological"", ""Fiction, thrillers, suspense""]","[""Nina Winchester"", ""Andrew Winchester"", ""Wilhelmina \""Millie\"" Calloway"", ""Cecilia"", ""Enzo Accardi"", ""Millie Calloway""]",[],"[""Todays era""]"
book_255a1d3e00479766,2,"The Housemaid is Watching (The Housemaid, #3)",Freida McFadden,1464223319,400.0,"Sat, 25 Jul 2026 04:47:46 -0700","“You must be our new neighbors!” Mrs. Lowell gushes and waves across the picket fence. I clutch my daughter’s hand and smile back: but the second Mrs. Lowell sees my husband a strange expression crosses her face. In that moment I make a promise. We finally have a family home. My past is far, far behind us. And I’ll do anything to keep it that way…<br /><br />I used to clean other people’s houses—now, I can’t believe this home is actually mine. The charming kitchen, the quiet cul-de-sac, the huge yard where my kids can play. My husband and I saved for years to give our children the life they deserve.<br /><br />Even though I’m wary of our new neighbor Mrs. Lowell, when she invites us over for dinner it’s our chance to make friends. Her maid opens the door wearing a white apron, her hair in a tight bun. I know exactly what it’s like to be in her shoes. But her cold stare gives me chills…<br /><br />The Lowells’ maid isn’t the only strange thing on our street. I’m sure I see a shadowy figure watching us. My husband leaves the house late at night. And when I meet a woman who lives across the way, her words chill me to the bone: Be careful of your neighbors.<br /><br />Did I make a terrible mistake moving my family here?<br /><br />I thought I’d left my darkest secrets behind. But could this quiet suburban street be the most dangerous place of all?<br /><br />From New York Times, USA Today and Wall Street Journal bestselling author Freida McFadden comes the next installment of the unbelievably twisty, tension-packed and globally bestselling Housemaid series. This book can be enjoyed as a standalone read: and once you start, it will have you up all night racing through the pages until the final explosive twist.",https://i.gr-assets.com/images/S/compressed.photo.goodreads.com/books/1710781474l/199235727._SY475_.jpg,OL37576476W,OL50637231M,openlibrary_work,high,"[""nyt:combined-print-and-e-book-fiction=2024-06-30"", ""New York Times bestseller"", ""Fiction, thrillers, psychological"", ""Fiction, thrillers, suspense"", ""Thriller"", ""Mystery"", ""Fiction"", ""Mystery Thriller"", ""Suspense"", ""Crime"", ""Psychological Thriller"", ""Series:The-Housemaid"", ""Contemporary"", ""Romance"", ""Fiction, thrillers, domestic""]","[""Millie Accardi"", ""Enzo Accardi"", ""Suzette Lowell"", ""Jonathan Lowell"", ""Ada Accardi"", ""Nico Accardi"", ""Wilhelmina \""Millie\"" Calloway"", ""Millie Calloway""]",[],"[""Todays era""]"
book_8af02659a8dbce5d,2,"The Housemaid's Secret (The Housemaid, #2)",Freida McFadden,1837901317,311.0,"Fri, 17 Jul 2026 20:29:29 -0700","<i>As he continues showing me their incredible penthouse apartment, I have a terrible feeling about the woman behind closed doors. But I can't risk losing this job – not if I want to keep my darkest secret safe . . .</i><br /><br />It's hard to find an employer who doesn't ask too many questions about my past. So I thank my lucky stars that the Garricks miraculously give me a job, cleaning their stunning penthouse with views across the city and preparing fancy meals in their shiny kitchen. I can work here for a while, stay quiet until I get what I want. It's almost perfect. But I still haven't met Mrs Garrick, or seen inside the guest bedroom. I'm sure I hear her crying. I notice spots of blood around the neck of her white nightgowns when I'm doing laundry. And one day I can't help but knock on the door. When it gently swings open, what I see inside changes everything...<br /><br />That's when I make a promise. After all, I've done this before. I can protect Mrs. Garrick while keeping my own secrets locked up safe. Douglas Garrick has done wrong. He is going to pay. It's simply a question of how far I'm willing to go...",https://i.gr-assets.com/images/S/compressed.photo.goodreads.com/books/1664729357l/62848145._SY475_.jpg,OL34113490W,,openlibrary_work,high,"[""Fiction, thrillers, psychological"", ""Fiction, thrillers, domestic"", ""Thriller"", ""Mystery"", ""Fiction"", ""Mystery Thriller"", ""Suspense"", ""Crime"", ""Psychological Thriller"", ""Contemporary"", ""Series:The-Housemaid"", ""Romance"", ""Fiction, thrillers, suspense""]","[""Wilhelmina \""Millie\"" Calloway"", ""Douglas Garrick"", ""Wendy Garrick"", ""Millie Calloway""]",[],"[""Todays era""]"
book_a1793dca2326aa46,2,"The Hunger Games (The Hunger Games, #1)",Suzanne Collins,0439023483,374.0,"Sat, 07 Mar 2020 20:38:08 -0800","Winning means fame and fortune. Losing means certain death. The Hunger Games have begun. . . .<br /><br />In the ruins of a place once known as North America lies the nation of Panem, a shining Capitol surrounded by twelve outlying districts. The Capitol is harsh and cruel and keeps the districts in line by forcing them all to send one boy and one girl between the ages of twelve and eighteen to participate in the annual Hunger Games, a fight to the death on live TV.<br /><br />Sixteen-year-old Katniss Everdeen regards it as a death sentence when she steps forward to take her sister's place in the Games. But Katniss has been close to dead before-and survival, for her, is second nature. Without really meaning to, she becomes a contender. But if she is to win, she will have to start making choices that weigh survival against humanity and life against love.",https://i.gr-assets.com/images/S/compressed.photo.goodreads.com/books/1586722975l/2767052._SY475_.jpg,OL5735363W,OL37079411M,openlibrary_work,high,"[""severe poverty"", ""starvation"", ""oppression"", ""effects of war"", ""self-sacrifice"", ""Science fiction"", ""Apocalyptic fiction"", ""Dystopian fiction"", ""Fiction"", ""Juvenile works"", ""Novels"", ""Young adult works"", ""Juvenile fiction"", ""contensts"", ""Young adult fiction"", ""Game shows"", ""Television programs"", ""New York Times bestseller"", ""Contests"", ""nyt:series_books=2010-08-21"", ""Long Now Manual for Civilization"", ""Reality television programs"", ""Television game shows"", ""Survival"", ""Interpersonal relations"", ""Roman"", ""Amerikanisches Englisch"", ""Sisters"", ""Young women"", ""Dystopias"", ""Survival skills"", ""Blind"", ""Books and reading"", ""Reading Level-Grade 9"", ""Reading Level-Grade 8"", ""Reading Level-Grade 11"", ""Reading Level-Grade 10"", ""Reading Level-Grade 12"", ""Survival Stories"", ""Action & Adventure"", ""Children's fiction"", ""Survival, fiction"", ""Interpersonal relations, fiction"", ""Contests, fiction"", ""Television, fiction"", ""Large type books"", ""Future"", ""violent"", ""life risking"", ""bravery."", ""Roman pour jeunes adultes"", ""Habiletés de survie"", ""Roman d'aventures"", ""Concours et compétitions"", ""Relations humaines"", ""Romans, nouvelles"", ""Émissions televiseés"", ""Spanish language materials"", ""Supervivencia"", ""Novela juvenil"", ""Relaciones humanas"", ""Programas de televisión"", ""Concursos"", ""Fantastische Erzahlung"", ""Fantastische Literatur"", ""Action and adventure fiction"", ""Contests Fiction"", ""Fictional Work"", ""Interpersonal relations Fiction"", ""Jeux télévisés Romans, nouvelles, etc. pour la jeunesse"", ""Reality television programs Fiction"", ""Reality television programs Juvenile fiction"", ""Romans"", ""Survival Fiction"", ""Survival skills Fiction"", ""Television game shows Juvenile fiction"", ""Television programs Fiction"", ""Émissions télévisées"", ""Novela"", ""Televisión"", ""Programas"", ""Competencias"", ""American fiction"", ""Translations into Chinese"", ""Chinese language materials"", ""Romans, nouvelles, etc. pour la jeunesse"", ""Literature and fiction, juvenile"", ""Short stories"", ""Fantasy fiction"", ""American literature, study and teaching"", ""Serie:The_Hunger_Games""]","[""Katniss Everdeen"", ""Peeta Mellark"", ""Gale Hawthorne"", ""Elmo"", ""President Snow"", ""Primrose Everdeen"", ""Effie"", ""Haymitch Abernathy"", ""Cinna"", ""Effie Trincket"", ""Rue"", ""Cato"", ""Foxface"", ""Clove"", ""Thresh"", ""Madge Undersee"", ""Mayor Undersee"", ""Venia"", ""Flavius"", ""Octavia"", ""Atala"", ""Glimmer"", ""Caesar Flickerman"", ""Claudius Templesmith"", ""Gamemakers"", ""Peacekeepers""]","[""Panem"", ""The Capitol"", ""The Pentagon"", ""District 12"", ""The nation of Panem and District 12""]","[""Future""]"
book_ea176455b4000251,2,The Island Bakeshop (The Island Shop #2),Roseanna M. White,1965859631,265.0,"Fri, 24 Apr 2026 10:12:53 -0700","<b>Return to the Outer Banks in this heartwarming dual-timeline story of hope, courage, and the grace to begin anew.</b><br /><br />Filled with faith and second chances, <i>The Island Bakeshop</i> is a clean contemporary romance that will keep you turning pages late into the night.<br /><br />After her father suffers a heart attack, Harper Dailey leaves behind her thriving career at an upscale Savannah bakery to help save her family’s beloved Sunshine Bakery in Avon, North Carolina. As she tries to rebuild her life, her past comes crashing back—her ex-boyfriend who arrives with shocking he now owns the bakery building and may refuse to renew their lease.<br /><br />For Beckett Mills, Avon is a quiet refuge after his eight years of active service in the Navy. Focused on running his fishing charter business and keeping others at a distance, Beckett never expects to get involved in anyone else’s problems—until the fateful day he enters Sunshine Bakery and sees a beautiful Harper being harassed by her ex-boyfriend. Breaking his promise to himself, he steps in to save the day.<br /><br />Neither Harper nor Beckett is looking for love, but as the pasts they are running from collide and their paths continue to cross, they begin to wonder if God brought them together for a reason. Can Beckett let go of the troubles that haunt him and welcome Harper into his life? Will Harper realize she can face any challenge with God―and maybe Beckett―by her side?<br /><br />This book is perfect for readers who <br /><br />• Clean and inspirational romance <br />• Faith-filled contemporary fiction <br />• Small-town beach settings <br />• Second-chance love stories<br />• <i>The Island Bookshop</i> by Roseanna M. White<br />• Authors such as Denise Hunter and Courtney Walsh <br /><br />Escape to the sun-drenched shores of the Outer Banks and immerse yourself in another exciting and inspiring tale from Roseanna M. White.<br />",https://i.gr-assets.com/images/S/compressed.photo.goodreads.com/books/1774367894l/250190421._SY475_.jpg,,,isbn,high,[],[],[],[]
book_0083038ea9439c43,2,"The Lion, the Witch and the Wardrobe (Chronicles of Narnia, #1)",C.S. Lewis,,206.0,"Fri, 06 Jan 2017 12:26:05 -0800","Narnia… the land beyond the wardrobe door, a secret place frozen in eternal winter, a magical country waiting to be set free.<br /><br />Lucy is the first to find the secret of the wardrobe in the professor's mysterious old house. At first her brothers and sister don't believe her when she tells of her visit to the land of Narnia. But soon Edmund, then Peter and Susan step through the wardrobe themselves. In Narnia they find a country buried under the evil enchantment of the White Witch. When they meet the Lion Aslan, they realize they've been called to a great adventure and bravely join the battle to free Narnia from the Witch's sinister spell.",https://i.gr-assets.com/images/S/compressed.photo.goodreads.com/books/1353029077l/100915.jpg,OL40550440W,,openlibrary_work,high,[],[],[],[]
book_b823dccbf3ebcc9f,2,The Lovely Bones,Alice Sebold,0316166685,372.0,"Sat, 07 Mar 2020 20:31:11 -0800","""My name was Salmon, like the fish; first name, Susie. I was fourteen when I was murdered on December 6, 1973.""<br /><br />So begins the story of Susie Salmon, who is adjusting to her new home in heaven, a place that is not at all what she expected, even as she is watching life on earth continue without her -- her friends trading rumors about her disappearance, her killer trying to cover his tracks, her grief-stricken family unraveling. Out of unspeakable tragedy and loss, The Lovely Bones succeeds, miraculously, in building a tale filled with hope, humor, suspense, even joy.",https://i.gr-assets.com/images/S/compressed.photo.goodreads.com/books/1457810586l/12232938.jpg,OL5962664W,OL22236387M,openlibrary_work,high,"[""Murder"", ""Psychological fiction"", ""Teenage girls"", ""Familias"", ""Muchachas adolescentes"", ""Novela psicológica"", ""Bereavement"", ""Dead"", ""Murder victims' families"", ""Fiction"", ""Víctimas de asesinato"", ""Crimes against"", ""Ficción"", ""Delitos contra"", ""Novela hogareña"", ""Susie Salmon (Fictitious character)"", ""Homicide"", ""Girls"", ""Family life"", ""Domestic fiction"", ""Teenagers"", ""Families"", ""Ghost stories"", ""Future life"", ""Victims of crimes"", ""Spirits"", ""Fiction, psychological"", ""Fiction, family life"", ""Large type books"", ""nyt:trade-fiction-paperback=2009-08-30"", ""New York Times bestseller"", ""American fiction"", ""Fiction, family life, general"", ""Adolescentes"", ""Romans, nouvelles"", ""Crimes contre"", ""Familles de victimes d'homicide"", ""Murder victims' families--fiction"", ""Teenage girls--crimes against"", ""Teenage girls--crimes against--fiction"", ""Ps3619.e26 l68 2004"", ""813/.6"", ""Murder victims"", ""Abus sexuels? l'?gard des adolescentes"", ""Fiction, general"", ""Dutch fiction"", ""Familie"", ""Jenseits"", ""Kleinstadt"", ""Weibliche Jugend"", ""Beobachtung"", ""Trauerarbeit"", ""Sexualmord"", ""Deuil"", ""Morts""]","[""Alice Sebold""]",[],"[""1970-1973""]"
book_fc46472055a46ba8,2,The Martian,Andy Weir,0804139024,369.0,"Fri, 06 Jan 2017 13:13:27 -0800","Six days ago, astronaut Mark Watney became one of the first people to walk on Mars. <br /><br />Now, he’s sure he’ll be the first person to die there.<br /><br />After a dust storm nearly kills him and forces his crew to evacuate while thinking him dead, Mark finds himself stranded and completely alone with no way to even signal Earth that he’s alive—and even if he could get word out, his supplies would be gone long before a rescue could arrive. <br /><br />Chances are, though, he won’t have time to starve to death. The damaged machinery, unforgiving environment, or plain-old “human error” are much more likely to kill him first. <br /><br />But Mark isn’t ready to give up yet. Drawing on his ingenuity, his engineering skills — and a relentless, dogged refusal to quit — he steadfastly confronts one seemingly insurmountable obstacle after the next. Will his resourcefulness be enough to overcome the impossible odds against him?<br /><br />",https://i.gr-assets.com/images/S/compressed.photo.goodreads.com/books/1413706054l/18007564.jpg,OL17091839W,OL32815550M,openlibrary_work,high,"[""Science-Fiction"", ""Science Fiction & Fantasy"", ""Suspense & Thriller"", ""Science fiction"", ""Amerikanisches Englisch"", ""Astronauts"", ""Survival"", ""Fiction"", ""Survival skills"", ""Supervivencia"", ""Novela"", ""Astronautas"", ""Reading Level-Grade 7"", ""Reading Level-Grade 9"", ""Reading Level-Grade 8"", ""Reading Level-Grade 11"", ""Reading Level-Grade 10"", ""Reading Level-Grade 12"", ""Fiction, science fiction, action & adventure"", ""Fiction, science fiction, general"", ""Large type books"", ""Arabic language materials"", ""Romans, nouvelles"", ""nyt:hardcover-fiction=2014-03-02"", ""New York Times bestseller"", ""Chang pian xiao shuo"", ""Children's fiction"", ""Adventure and adventurers, fiction"", ""Fantasy fiction""]","[""Mark Watney (fictional character)"", ""Melissa Lewis (fictional character)"", ""Rick Martinez (fictional character)"", ""Beth Johanssen (fictional character)"", ""Chris Beck (fictional character)"", ""Alex Vogel (fictional character)"", ""Teddy Sanders (fictional character)"", ""Venkat Kapoor (fictional character)"", ""Mitch Henderson (fictional character)"", ""Mindy Park (fictional character)""]","[""Mars (Planet)"", ""Earth"", ""Acidalia Planitia (Mars)"", ""Schiaparelli (Mars)"", ""Houston (Tex.)"", ""Cape Canaveral (Fla.)"", ""Chicago (Ill.)"", ""Marte (Planeta)"", ""Mars (Planète)""]","[""2035""]"
book_ac62a8b976291a6a,2,"The Midnight Train (The Midnight World, #2)",Matt Haig,0593833376,296.0,"Tue, 07 Apr 2026 15:43:23 -0700","<b>When your life flashes before your eyes, where would you stop?</b><br /><br />No one can change the past, but the Midnight Train can take you there. The chance to re-live the moments that meant most. To see what kind of person you really were.<br /><br />For Wilbur his best days were with Maggie, the love of his life. On his honeymoon in Venice.<br /><br />Before he gave it all away.<br /><br />He wishes he could go back and live differently. But to do so risks everything . . .<br /><br />A magical, time-travelling love story, from the world of The Midnight Library.",https://i.gr-assets.com/images/S/compressed.photo.goodreads.com/books/1760153265l/242380266._SY475_.jpg,OL45341675W,,openlibrary_work,high,[],[],[],[]
book_b4dc9dcdd42513ec,2,The Night Circus,Erin Morgenstern,,506.0,"Sat, 16 Jan 2021 14:49:16 -0800","The circus arrives without warning. No announcements precede it. It is simply there, when yesterday it was not. Within the black-and-white striped canvas tents is an utterly unique experience full of breathtaking amazements. It is called Le Cirque des Rêves, and it is only open at night. <br /><br />But behind the scenes, a fierce competition is underway—a duel between two young magicians, Celia and Marco, who have been trained since childhood expressly for this purpose by their mercurial instructors. Unbeknownst to them, this is a game in which only one can be left standing, and the circus is but the stage for a remarkable battle of imagination and will. Despite themselves, however, Celia and Marco tumble headfirst into love—a deep, magical love that makes the lights flicker and the room grow warm whenever they so much as brush hands. <br /><br />True love or not, the game must play out, and the fates of everyone involved, from the cast of extraordinary circus performers to the patrons, hang in the balance, suspended as precariously as the daring acrobats overhead. <br /><br />Written in rich, seductive prose, this spell-casting novel is a feast for the senses and the heart.",https://i.gr-assets.com/images/S/compressed.photo.goodreads.com/books/1786033865l/9361589._SY475_.jpg,OL16086747W,,openlibrary_work,high,"[""New York Times bestseller"", ""Fiction"", ""Magicians"", ""Circus"", ""Games"", ""Circus performers"", ""nyt:hardcover_fiction=2011-12-24"", ""Psychokinesis"", ""Magic"", ""Fate and fatalism"", ""Roman"", ""Night"", ""Amerikanisches Englisch"", ""Competition (Psychology)"", ""Large type books"", ""Fiction, romance, fantasy"", ""Fiction, fantasy, historical"", ""New York Times reviewed"", ""American literature"", ""Ciracus""]",[],[],[]
book_1a49b38f34588e14,2,"The Obelisk Gate (The Broken Earth, #2)",N.K. Jemisin,,410.0,"Sat, 07 Feb 2026 10:19:18 -0800","Essun has found shelter, but not her missing daughter. Instead there is Alabaster Tenring, destroyer of the world, with a request that would seal the fate of the Stillness forever.",https://i.gr-assets.com/images/S/compressed.photo.goodreads.com/books/1788545076l/26228034.jpg,OL17842279W,,openlibrary_work,high,"[""Mothers and daughters"", ""End of the world"", ""Fiction"", ""Fiction, fantasy, epic"", ""Fiction, fantasy, general"", ""Hugo Award Winner"", ""award:hugo_award=2017"", ""award:hugo_award=novel"", ""Obelisks"", ""Enemies"", ""Fantasy"", ""Fin du monde"", ""Romans, nouvelles"", ""Mères et filles"", ""Obélisques"", ""Ennemis"", ""General"", ""Epic"", ""Action & Adventure"", ""Mother-daughter relationship"", ""Psychokinesis"", ""Long now manual for civilization""]","[""Essun"", ""Nessun"", ""Schaffa"", ""Ykka""]",[],[]
book_105b4bde5891ddbb,2,"The Poppy War (The Poppy War, #1)",R.F. Kuang,0062662597,545.0,"Sat, 07 Feb 2026 10:19:36 -0800","<b>An epic historical military fantasy, inspired by the bloody history of China’s twentieth century and filled with treachery and magic.</b><br /><br />When Rin aced the Keju—the Empire-wide test to find the most talented youth to learn at the Academies—it was a shock to everyone: to the test officials, who couldn’t believe a war orphan from Rooster Province could pass without cheating; to Rin’s guardians, who believed they’d finally be able to marry her off and further their criminal enterprise; and to Rin herself, who realized she was finally free of the servitude and despair that had made up her daily existence. That she got into Sinegard—the most elite military school in Nikan—was even more surprising.<br /><br />But surprises aren’t always good.<br /><br />Because being a dark-skinned peasant girl from the south is not an easy thing at Sinegard. Targeted from the outset by rival classmates for her color, poverty, and gender, Rin discovers she possesses a lethal, unearthly power—an aptitude for the nearly-mythical art of shamanism. Exploring the depths of her gift with the help of a seemingly insane teacher and psychoactive substances, Rin learns that gods long thought dead are very much alive—and that mastering control over those powers could mean more than just surviving school.<br /><br />For while the Nikara Empire is at peace, the Federation of Mugen still lurks across a narrow sea. The militarily advanced Federation occupied Nikan for decades after the First Poppy War, and only barely lost the continent in the Second. And while most of the people are complacent to go about their lives, a few are aware that a Third Poppy War is just a spark away . . .<br /><br />Rin’s shamanic powers may be the only way to save her people. But as she finds out more about the god that has chosen her, the vengeful Phoenix, she fears that winning the war may cost her humanity . . . and that it may already be too late.",https://i.gr-assets.com/images/S/compressed.photo.goodreads.com/books/1515691735l/35068705.jpg,OL19351054W,OL26807748M,openlibrary_work,high,"[""Fiction"", ""Fantasy"", ""Historical"", ""Epic"", ""Cultural Heritage"", ""Goddesses"", ""Imaginary wars and battles"", ""Magic"", ""Military education"", ""Shamans"", ""Fiction, fantasy, epic"", ""Fiction, fantasy, paranormal"", ""FICTION / Fantasy / Epic"", ""FICTION / Fantasy / Paranormal""]",[],[],[]
book_3bc4ce08c160b6cb,2,The Push,Ashley Audrain,1984881663,307.0,"Sat, 07 Feb 2026 10:07:46 -0800","<i>An alternative cover edition for this ISBN can be found <a href=""https://www.goodreads.com/book/show/56818956-the-push"" rel=""nofollow noopener"">here</a>.</i><br /><br /><b>A tense, page-turning psychological drama about the making and breaking of a family–and a woman whose experience of motherhood is nothing at all what she hoped for–and everything she feared.</b><br /><br />Blythe Connor is determined that she will be the warm, comforting mother to her new baby Violet that she herself never had.<br /><br />But in the thick of motherhood’s exhausting early days, Blythe becomes convinced that something is wrong with her daughter–she doesn’t behave like most children do.<br /><br />Or is it all in Blythe’s head? Her husband, Fox, says she’s imagining things. The more Fox dismisses her fears, the more Blythe begins to question her own sanity, and the more we begin to question what Blythe is telling us about her life as well.<br /><br />Then their son Sam is born–and with him, Blythe has the blissful connection she’d always imagined with her child. Even Violet seems to love her little brother. But when life as they know it is changed in an instant, the devastating fall-out forces Blythe to face the truth.<br /><br /><i>The Push</i> is a tour de force you will read in a sitting, an utterly immersive novel that will challenge everything you think you know about motherhood, about what we owe our children, and what it feels like when women are not believed.",https://i.gr-assets.com/images/S/compressed.photo.goodreads.com/books/1609854219l/52476830._SY475_.jpg,OL21694014W,OL31850286M,openlibrary_work,high,"[""nyt:hardcover-fiction=2021-01-24"", ""New York Times bestseller"", ""New York Times reviewed"", ""Mothers and daughters, fiction"", ""Fiction, thrillers, general"", ""Fiction, psychological"", ""Families"", ""Fiction"", ""Dysfunctional families"", ""Motherhood"", ""Mothers and daughters"", ""Familles"", ""Romans, nouvelles"", ""Familles inadaptées"", ""Maternité"", ""Mères et filles"", ""FICTION / Thrillers / Domestic"", ""FICTION / Family Life / General"", ""Mothers"", ""Mother-daughter relationship""]",[],[],[]
book_ed5316ae03a8e84f,2,The Second Chance Store,Lauren Bravo,0063277786,448.0,"Thu, 09 Feb 2023 21:45:04 -0800","<b>If clothes can get a second chance, why can’t we? Brimming with life, love, and the stories bound up in even the most everyday items, <em>The Second Chance Store</em> is a tale of friendship, loss, and dusting yourself off and starting over—a novel filled with humor and a testament to the enduring power and joy of charity shops.</b><br /><br />City dweller Gwen feels like she’s living a secondhand life. She’s thirty-eight, perpetually single, and in dire need of a dentist’s appointment. Her friends are busy procreating in the country, and conversations with her parents seem to revolve entirely around hedge borders and the trash pickup schedule. Above all she’s lonely. But then, isn’t everyone?<br /><br />Then she’s let go from a job she drifted into a decade ago and never left, and Gwen realizes it’s time to make a change, starting with cleaning out her apartment. In the charity shop where she literally and metaphorically unloads her baggage, she discovers a group of weird and wonderful people devoted to finding a new home for donated items that have lost their use elsewhere. Gwen volunteers there—and finds a new home for herself among her fellow workers while discovering joy in the untold stories of secondhand things.<br /><br />Now it’s time for Gwen to get out of her life in pause, and to find a way to move forward with bravery and humanity—and more regular dental care.",https://i.gr-assets.com/images/S/compressed.photo.goodreads.com/books/1669248975l/62925083.jpg,OL31142724W,OL42830906M,openlibrary_work,high,[],[],[],[]
book_023633bbf0117a08,2,The Someday Garden,Ashley Poston,0593952758,396.0,"Sun, 22 Mar 2026 09:18:48 -0700","<b>The new head gardener at the enchanting Lilymoor House stumbles upon a secret garden . . . with a mysterious man trapped inside, in the next magical novel from the <i>New York Times</i> bestselling author of <i>Sounds Like Love</i> and <i>The Seven Year Slip</i>.</b><br /><br />When Sophie Drear plans her escape to coastal Maine for the summer—for a temporary job revitalizing the storied grounds at Lilymoor House—she doesn’t expect to fall in love.<br /><br />But she does: With the beguiling land, the fragrant flowers, and the towering hedge maze. With the quirky staff and the enigmatic woman who owns the place.<br /><br />And then, the door appears. Never in the same place twice, it leads her to a secret, and unfinished, garden with a frustrated thundercloud of a man trapped inside.<br /><br />This mysterious garden is not the only sign that the future of Lilymoor is unstable: the foliage resists Sophie’s careful nurturing, vines threaten to strangle the hedges, and the manor’s owner has wild ideas about who will take over when she retires—including her inconveniently attractive nephew who is also there just for the summer.<br /><br />Despite herself, Sophie has come to care for the residents of Lilymoor just as much as she cares for its grounds. With the help of one man on the outside of the secret garden, and one man on the inside, she might be the only person who can figure out exactly what Lilymoor needs to bloom once more.",https://i.gr-assets.com/images/S/compressed.photo.goodreads.com/books/1763530735l/242000418._SY475_.jpg,OL45346044W,,openlibrary_work,high,[],[],[],[]
book_833ac806de11eed7,2,The Song of Achilles,Madeline Miller,,408.0,"Fri, 13 Feb 2026 21:57:26 -0800","<i>Alternate cover edition of <a href=""https://www.goodreads.com/book/show/59062169-the-song-of-achilles"" rel=""nofollow noopener"">ISBN 9780062060624</a>.</i><br /><br />Achilles, ""the best of all the Greeks,"" son of the cruel sea goddess Thetis and the legendary king Peleus, is strong, swift, and beautiful, irresistible to all who meet him. Patroclus is an awkward young prince, exiled from his homeland after an act of shocking violence. Brought together by chance, they forge an inseparable bond, despite risking the gods' wrath.<br /><br />They are trained by the centaur Chiron in the arts of war and medicine, but when word comes that Helen of Sparta has been kidnapped, all the heroes of Greece are called upon to lay siege to Troy in her name. Seduced by the promise of a glorious destiny, Achilles joins their cause, and torn between love and fear for his friend, Patroclus follows. Little do they know that the cruel Fates will test them both as never before and demand a terrible sacrifice.",https://i.gr-assets.com/images/S/compressed.photo.goodreads.com/books/1357177533l/13623848._SY475_.jpg,OL16509148W,,openlibrary_work,high,"[""Trojan War"", ""Achilles (Greek mythology)"", ""Male friendship"", ""Fiction"", ""Gay love"", ""Thetis"", ""Greeks"", ""History"", ""Trojan War. fast (OCoLC)fst01157294"", ""Friendship, fiction"", ""Fiction, historical"", ""Fiction, war & military"", ""LGBTQ historical fiction"", ""Stonewall Book Awards"", ""nyt:trade-fiction-paperback=2020-08-30"", ""New York Times bestseller"", ""New York Times reviewed"", ""Fiction, historical, general"", ""Amitié masculine"", ""Romans, nouvelles"", ""Guerre de Troie"", ""Gay fiction"", ""Long now manual for civilization"", ""American literature""]","[""Achilles"", ""Patroclus"", ""Chiron""]","[""Troy"", ""Phthia"", ""Turkey"", ""Troy (Extinct city)"", ""Greece""]","[""Ancient Greece"", ""To 146 B.C.""]"
book_35cae359263a3c26,2,"The Stone Sky (The Broken Earth, #3)",N.K. Jemisin,,416.0,"Sat, 07 Feb 2026 10:19:21 -0800","This is the way the world ends... for the last time. <br /><br />The Moon will soon return. Whether this heralds the destruction of humankind or something worse will depend on two women.<br /><br />Essun has inherited the power of Alabaster Tenring. With it, she hopes to find her daughter Nassun and forge a world in which every orogene child can grow up safe.<br /><br />For Nassun, her mother's mastery of the Obelisk Gate comes too late. She has seen the evil of the world, and accepted what her mother will not admit: that sometimes what is corrupt cannot be cleansed, only destroyed.<br /><br /><b>The remarkable conclusion to the post-apocalyptic and highly acclaimed trilogy that began with the multi-award-nominated <i>The Fifth Season.</i></b>",https://i.gr-assets.com/images/S/compressed.photo.goodreads.com/books/1478547421l/31817749._SY475_.jpg,OL17881901W,,openlibrary_work,high,"[""Good and evil"", ""Fiction"", ""Fiction, fantasy, epic"", ""New York Times reviewed"", ""award:nebula_award=novel"", ""Hugo Award Winner"", ""award:hugo_award=2018"", ""award:hugo_award=novel"", ""General"", ""Mothers and daughters"", ""End of the world"", ""Conduct of life"", ""Science fiction"", ""Action & Adventure"", ""Fantasy"", ""Epic"", ""Long Now Manual for Civilization"", ""FICTION / Fantasy / Epic"", ""FICTION / Action & Adventure""]",[],[],"[""La Terra Spezzata. Vol. 3""]"
book_1037a14d5f5e335b,2,The Switch,Beth O'Leary,1787475018,336.0,"Sun, 22 Mar 2026 09:33:42 -0700","<b>Eileen is sick of being 79.<br />Leena's tired of life in her twenties.<br />Maybe it's time they swapped places...</b><br /><br />When overachiever Leena Cotton is ordered to take a two-month sabbatical after blowing a big presentation at work, she escapes to her grandmother Eileen's house for some overdue rest. Eileen is newly single and about to turn eighty. She'd like a second chance at love, but her tiny Yorkshire village doesn't offer many eligible gentlemen.<br /><br />Once Leena learns of Eileen's romantic predicament, she proposes a a two-month swap. Eileen can live in London and look for love. Meanwhile Leena will look after everything in rural Yorkshire. But with gossiping neighbours and difficult family dynamics to navigate up north, and trendy London flatmates and online dating to contend with in the city, stepping into one another's shoes proves more difficult than either of them expected.<br /><br />Leena learns that a long-distance relationship isn't as romantic as she hoped it would be, and then there is the annoyingly perfect – and distractingly handsome – school teacher, who keeps showing up to outdo her efforts to impress the local villagers. Back in London, Eileen is a huge hit with her new neighbours, but is her perfect match nearer home than she first thought?",https://i.gr-assets.com/images/S/compressed.photo.goodreads.com/books/1573576865l/45134200.jpg,OL20742467W,,openlibrary_work,high,"[""Fiction, romance, contemporary"", ""Grandparents, fiction""]",[],[],[]
book_ea9d5d77da172078,2,"The Tattooist of Auschwitz (The Tattooist of Auschwitz, #1)",Heather   Morris,006287067X,272.0,"Tue, 06 Oct 2020 21:53:24 -0700","In April 1942, Lale Sokolov, a Slovakian Jew, is forcibly transported to the concentration camps at Auschwitz-Birkenau. When his captors discover that he speaks several languages, he is put to work as a <i>Tätowierer</i> (the German word for tattooist), tasked with permanently marking his fellow prisoners.<br /><br />Imprisoned for more than two and a half years, Lale witnesses horrific atrocities and barbarism—but also incredible acts of bravery and compassion. Risking his own life, he uses his privileged position to exchange jewels and money from murdered Jews for food to keep his fellow prisoners alive.<br /><br />One day in July 1942, Lale, prisoner 32407, comforts a trembling young woman waiting in line to have the number 34902 tattooed onto her arm. Her name is Gita, and in that first encounter, Lale vows to somehow survive the camp and marry her.<br /><br />A vivid, harrowing, and ultimately hopeful re-creation of Lale Sokolov's experiences as the man who tattooed the arms of thousands of prisoners with what would become one of the most potent symbols of the Holocaust, <i>The Tattooist of Auschwitz</i> is also a testament to the endurance of love and humanity under the darkest possible conditions.",https://i.gr-assets.com/images/S/compressed.photo.goodreads.com/books/1525962117l/38359036.jpg,OL19661009W,OL26962414M,openlibrary_work,high,"[""Fiction, biographical"", ""Holocaust, jewish (1939-1945), fiction"", ""World war, 1939-1945, fiction"", ""Jews, fiction"", ""Fiction, historical, general"", ""Man-woman relationships"", ""Tattoo artists"", ""World War, 1939-1945"", ""Holocaust, Jewish (1939-1945)"", ""Jews"", ""Auschwitz (Concentration camp)"", ""Fiction"", ""Fiction, historical"", ""nyt:combined-print-and-e-book-fiction=2018-09-23"", ""New York Times bestseller"", ""New York Times reviewed"", ""English literature"", ""FICTION / Historical / World War II"", ""FICTION / Jewish"", ""FICTION / Cultural Heritage""]",[],"[""Poland"", ""Auschwitz-Birkenau""]","[""1942""]"
book_8121f75479b6ea4e,2,The Wicker Husband,Ursula  Wills,,14.0,"Fri, 07 Aug 2026 10:01:39 -0700","an ugly girl who was short and dumpy, had one leg a bit shorter than the other, and her eyebrows met in the middle wanted to marry. Who will marry her while all the people made fun of her?<br /><br />Then, she married the wicker husband. what happened when she married him? What was the people's reaction?",https://i.gr-assets.com/images/S/compressed.photo.goodreads.com/books/1324128299l/13250089.jpg,,,title_author,medium,[],[],[],[]
book_04d4d34c31bf24c1,2,This Bird Has Flown,Susanna  Hoffs,0316409316,368.0,"Tue, 18 Oct 2022 09:29:32 -0700","Jane Start is thirty-three, broke, and recently single. Ten years prior, she had a hit song—written by world-famous superstar Jonesy—but Jane hasn’t had a breakout since. Now she's living out of four garbage bags at her parents’ house, reduced to performing to Karaoke tracks in Las Vegas.  Rock bottom .<br /><br />But when her longtime manager Pippa sends Jane to London to regroup, she’s seated next to an intriguing stranger on the flight—the  other  Tom Hardy, an elegantly handsome Oxford professor of literature. Jane is instantly smitten by Tom, and soon, truly inspired. But it’s not Jane’s past alone that haunts her second chance at stardom, and at love. Is Tom all that he seems? And can Jane emerge from the shadow of Jonesy's earlier hit, and into the light of her own?<br /><br />In turns deeply sexy, riotously funny, and utterly joyful,  This Bird Has Flown  explores love, passion, and the ghosts of our past, and offers a glimpse inside the music business that could only come from beloved songwriter Susanna Hoffs.",https://i.gr-assets.com/images/S/compressed.photo.goodreads.com/books/1660154275l/58313993.jpg,OL28763088W,OL39475621M,openlibrary_work,high,[],[],[],[]
book_7182ce6089ccb10a,2,This Time Next Year,Sophie Cousens,059319120X,330.0,"Wed, 22 Apr 2026 01:05:58 -0700","<b>Their lives began together, but their worlds couldn't be more different. After thirty years of missed connections, they're about to meet again...</b><br /><br />Minnie Cooper knows two things with certainty: that her New Year's birthday is unlucky, and that it's all because of Quinn Hamilton, a man she's never met. Their mothers gave birth to them at the same hospital just after midnight on New Year's Day, but Quinn was given the cash prize for being the first baby born in London in 1990--and the name Minnie was meant to have, as well. With luck like that, it's no wonder each of her birthdays has been more of a disaster than the one before.<br /><br />When Minnie unexpectedly runs into Quinn at a New Year's party on their mutual thirtieth birthday, she sees only more evidence that fortune has continued to favor him. The gorgeous, charming business owner truly seems to have it all--while Minnie's on the brink of losing her pie-making company and her home. But if Quinn and Minnie are from different worlds, why do they keep bumping into each other? And why is it that each fraught encounter leaves them both wanting more?<br /><br />A moving, joyful love story, <i>This Time Next Year</i> explores the way fate leads us to the people we least expect--no matter what the odds.",https://i.gr-assets.com/images/S/compressed.photo.goodreads.com/books/1583613651l/52193177.jpg,OL21679570W,OL30194042M,openlibrary_work,high,"[""nyt:trade-fiction-paperback=2020-12-20"", ""New York Times bestseller"", ""Fiction, romance, contemporary"", ""Birthdays"", ""Fiction"", ""Fate and fatalism"", ""New Year"", ""FICTION / Romance / Romantic Comedy"", ""FICTION / Romance / Contemporary"", ""FICTION / Women"", ""Man-woman relationship""]",[],[],[]
book_313e255ec78171f1,2,"Throne of Glass (Throne of Glass, #1)",Sarah J. Maas,163973094X,406.0,"Tue, 07 Apr 2026 12:24:50 -0700","<i>An alternative cover edition for this ISBN can be found <a href=""https://www.goodreads.com/book/show/16034235-throne-of-glass"" rel=""nofollow noopener"">here</a>.</i><br /><br />In a land without magic, where the king rules with an iron hand, an assassin is summoned to the castle. She comes not to kill the king, but to win her freedom. If she defeats twenty-three killers, thieves, and warriors in a competition, she is released from prison to serve as the king's champion. Her name is Celaena Sardothien. <br /><br />The Crown Prince will provoke her. The Captain of the Guard will protect her. But something evil dwells in the castle of glass—and it's there to kill. When her competitors start dying one by one, Celaena's fight for freedom becomes a fight for survival, and a desperate quest to root out the evil before it destroys her world.",https://i.gr-assets.com/images/S/compressed.photo.goodreads.com/books/1673566495l/76703559._SY475_.jpg,OL16607146W,OL39430939M,openlibrary_work,high,"[""Assassins"", ""Princes"", ""Courts and courtiers"", ""Prisoners"", ""Fiction"", ""Fantasy"", ""Court and courtiers"", ""Juvenile fiction"", ""Fantasy fiction"", ""Children's fiction"", ""Criminals, fiction"", ""Princes, fiction"", ""Courts and courtiers, fiction"", ""Contests"", ""Murder"", ""Investigation"", ""Triangles (Interpersonal relations)"", ""Fantasy & Magic"", ""Action & Adventure"", ""General"", ""Love & Romance"", ""Romans, nouvelles"", ""Cour et courtisans"", ""Prisonniers"", ""Roman fantastique"", ""Roman adolescent anglais"", ""Concours et compétitions"", ""Amours"", ""Assassin"", ""killer"", ""king"", ""princess"", ""prince"", ""Young adult fiction"", ""collectionID:EanesChallenge"", ""[series:Throne_of_Glass]"", ""nyt:trade-fiction-paperback=2024-06-02"", ""New York Times bestseller""]","[""The assassin"", ""Celaena. The prince"", ""Dorian. The Guard""]","[""kingdom outside""]","[""A fantasy version of the dark ages""]"
book_5dde58c1d2cee90b,2,"Tower of Dawn (Throne of Glass, #6)",Sarah J. Maas,1639731040,688.0,"Mon, 18 May 2026 18:47:04 -0700","<i>An alternative cover edition for this ISBN can be found <a href=""https://www.goodreads.com/book/show/31450852-tower-of-dawn"" rel=""nofollow noopener"">here</a>.</i><br /><br />Chaol Westfall and Nesryn Faliq have arrived in the shining city of Antica to forge an alliance with the Khagan of the Southern Continent, whose vast armies are Erilea's last hope. But they have also come to Antica for another purpose: to seek healing at the famed Torre Cesme for the wounds Chaol received in Rifthold.<br /><br />After enduring unspeakable horrors as a child, Yrene Towers has no desire to help the young lord from Adarlan, let alone heal him. Yet she has sworn an oath to assist those in need—and will honor it. But Lord Westfall carries shadows from his own past, and Yrene soon comes to realize they could engulf them both.<br /><br />In this sweeping parallel novel to the <i>New York Times</i> bestselling <i>Empire of Storms</i>, Chaol, Nesryn, and Yrene will have to draw on every scrap of their resilience if they wish to save their friends. But while they become entangled in the political webs of the khaganate, deep in the shadows of mighty mountains where warriors soar on legendary ruks, long-awaited answers slumber. Answers that might offer their world a chance at survival—or doom them all . . .",https://i.gr-assets.com/images/S/compressed.photo.goodreads.com/books/1673567264l/76714487._SY475_.jpg,OL17791167W,OL39453648M,openlibrary_work,high,"[""Fantasy"", ""Kings, queens, rulers"", ""Fiction"", ""Children's fiction"", ""Fantasy fiction"", ""Young adult fiction"", ""Magic"", ""YOUNG ADULT FICTION / Romance / General"", ""Healers"", ""YOUNG ADULT FICTION / Action & Adventure / General"", ""YOUNG ADULT FICTION / Fantasy / General"", ""Assassins"", ""Queens"", ""collectionID:EanesChallenge"", ""[series:Throne_of_Glass]"", ""Criminals, fiction"", ""Princes, fiction"", ""Courts and courtiers, fiction""]","[""Chaol Westfall"", ""Nesryn Faliq"", ""Sartaq"", ""Yrene Towers""]","[""Antica""]",[]
book_2161ccd9d4f3052d,2,Trad Wife,Saratoga Schaefer,,309.0,"Sun, 05 Jul 2026 21:33:03 -0700","<b>A ‘traditional wife’ influencer allows a demonic creature to impregnate her in this unnerving horror novel, perfect for fans of <i>Nightbitch </i>and <i>Mary</i>, from the author of <i>Serial Killer Support Group.</i><br /> <br /><i>Every #tradwife needs a baby. She’ll get one at any cost.</i></b><br /><br />When Camille Deming isn’t cooking, cleaning, or homesteading in her picture-perfect country farmhouse, she’s posting about her tradwife lifestyle for her online followers. She takes inspiration from other tradwives on social media, aspiring to be like them, but Camille’s missing a key component: a baby. And contrary to what she posts online, things with her husband Graham have been strained. Pressured by her eager followers, Camille fears that without a baby, her relationship will suffer and her social media will never grow out of its infancy.<br /><br />When Camille discovers a mysterious, decrepit well in the wheatfield behind her house, she makes a wish for a baby. Afterwards, she has unsettling experiences that she convinces herself are angelic in nature, and when she’s visited one night by a strange creature, her wish comes true. <br /><br />Camille’s pregnancy announcement gets more engagement than anything she’s ever posted—so what if Graham’s reaction is lukewarm? Camille’s life is finally falling into place. Never mind that her pregnancy is developing freakishly rapidly and she’s suddenly craving raw meat. Being a traditional wife is worth it.<br /><br /><i>Rosemary’s Baby </i>for the digital age, this disturbing horror novel is one you’ll want to devour in just one bite.",https://i.gr-assets.com/images/S/compressed.photo.goodreads.com/books/1756961332l/234775005._SY475_.jpg,OL45075265W,,openlibrary_work,high,"[""Demonology, fiction"", ""Horror fiction"", ""Housewives -- Fiction"", ""Internet personalities -- Fiction""]",[],[],[]
book_23085680ac1623cc,2,"Tress of the Emerald Sea (Hoid's Travails, #1)",Brandon Sanderson,,443.0,"Sun, 22 Feb 2026 10:43:44 -0800","<b>#1 New York Times bestselling author Brandon Sanderson expands his Cosmere universe shared by The Stormlight Archive and Mistborn with a new standalone novel for everyone who loved The Princess Bride.</b><br /><br />The only life Tress has known on her island home in an emerald-green ocean has been a simple one, with the simple pleasures of collecting cups brought by sailors from faraway lands and listening to stories told by her friend Charlie. But when his father takes him on a voyage to find a bride and disaster strikes, Tress must stow away on a ship and seek the Sorceress of the deadly Midnight Sea. Amid the spore oceans where pirates abound, can Tress leave her simple life behind and make her own place sailing a sea where a single drop of water can mean instant death?",https://i.gr-assets.com/images/S/compressed.photo.goodreads.com/books/1672574587l/60531406._SY475_.jpg,OL28687656W,,openlibrary_work,high,"[""series:Secret Projects"", ""fiction"", ""fantasy"", ""general"", ""Fiction, fantasy, general"", ""nyt:hardcover-fiction=2023-04-23"", ""New York Times bestseller"", ""Fiction, fantasy, epic""]",[],[],[]
book_43d6a936179e0c54,2,"Trial of the Sun Queen (Artefacts of Ouranos, #1)",Nisha J. Tuli,1538767481,400.0,"Sun, 17 May 2026 19:20:22 -0700","<b>Ten women. A deadly contest. Only one can win the Sun King's heart.</b><br /><br />Lor has endured twelve long years of torment under the Aurora King’s rule. Her only desire is to escape and pay him back for every moment of misery she's endured.<br /><br />When a surprise release finds her in the hands of the rival Sun King, Lor is thrust into the spotlight as she competes against nine other Tributes for the role of queen. If she wins his heart, she'll earn her freedom and finally get her revenge.<br /><br />But Lor doesn't belong in the Sun Queen Trials. Not only does she not understand why she was freed, she isn’t a citizen of the Sun King’s court. The other Tributes resent her presence and will stop at nothing to ensure Lor is removed from the competition, permanently.<br /><br />Now Lor must win, because if she loses, she dies. Or worse, she'll be returned to the evil—and now vengeful—Aurora King.",https://i.gr-assets.com/images/S/compressed.photo.goodreads.com/books/1690915228l/191755077._SY475_.jpg,OL31299169W,OL49276560M,openlibrary_work,high,"[""English literature""]",[],[],[]
book_028a98cc0b0843d0,2,"Twilight (The Twilight Saga, #1)",Stephenie Meyer,0316015849,544.0,"Sat, 16 Jan 2021 14:48:39 -0800","About three things I was absolutely positive.<br /><br />First, Edward was a vampire.<br /><br />Second, there was a part of him - and I didn't know how dominant that part might be - that thirsted for my blood.<br /><br />And third, I was unconditionally and irrevocably in love with him.<br /><br /><b>Deeply seductive and extraordinarily suspenseful, <i>Twilight</i> is a love story with bite.</b>",https://i.gr-assets.com/images/S/compressed.photo.goodreads.com/books/1700522826l/41865._SY475_.jpg,OL5720023W,OL37073278M,openlibrary_work,high,"[""series:Luz_e_Escuridão"", ""series:Twilight"", ""New York Times bestseller"", ""nyt:series_books=2008-03-15"", ""School & Education"", ""Vampires"", ""Juvenile Fiction"", ""Fiction"", ""Children's Books - Young Adult Fiction"", ""Science Fiction, Fantasy, & Magic"", ""Children: Young Adult (Gr. 10-12)"", ""Schools"", ""Love & Romance"", ""Horror & Ghost Stories"", ""Juvenile Fiction / Horror & Ghost Stories"", ""High schools"", ""Children's 12-Up - Fiction - Horror"", ""High school students"", ""First loves"", ""Vampires, fiction"", ""Schools, fiction"", ""Washington (state), fiction"", ""Children's fiction"", ""Love, fiction"", ""cheese"", ""Graphic novels"", ""Adaptations"", ""Large type books"", ""Vampiros"", ""Ficción juvenil"", ""Escuelas secundarias"", ""Escuelas"", ""nyt:hardcover-graphic-books=2010-04-04"", ""Edward Cullen (Fictitious character)"", ""Comic books, strips"", ""Bella Swan (Fictitious character)"", ""Twilight (Meyer, Stephenie)"", ""Motion pictures, juvenile literature"", ""Motion pictures"", ""Chinese language"", ""Chang pian xiao shuo"", ""Simplified characters"", ""Russian language materials"", ""Interpersonal attraction"", ""Upside-down books"", ""Teenagers"", ""Comics & graphic novels, romance"", ""Comics & graphic novels, fantasy"", ""Translations into Chinese"", ""Werewolves"", ""American fiction"", ""Yan qing xiao shuo"", ""Interpersonal relations, fiction"", ""Youth, fiction"", ""High school"", ""Junge Frau"", ""Vampir"", ""Verlieben"", ""School stories"", ""Reading materials"", ""Children's books"", ""Spanish language"", ""Novela juvenil"", ""Spanish language materials"", ""Translations from English"", ""Portuguese fiction"", ""Novela estadounidense"", ""Novela"", ""Interpersonal relations"", ""Polish language materials"", ""Romans, nouvelles, etc. pour la jeunesse"", ""Écoles"", ""Love"", ""Young adult fiction"", ""Persistence"", ""Friendship"", ""Romans, nouvelles"", ""Élèves du secondaire"", ""Écoles secondaires"", ""Premier amour"", ""Amour"", ""Roman pour jeunes adultes"", ""Persévérance"", ""Amitié"", ""Paranormal, Occult & Supernatural. . ."", ""Romance"", ""Paranormal"", ""Social Themes"", ""Dating & Sex"", ""Außenseiterin"", ""Gefahr"", ""Tochter"", ""Weibliche Jugend"", ""Wohnungswechsel"", ""Supernatural fiction"", ""Mishnah"", ""American Young adult fiction"", ""Roman pour jeunes adultes américain"", ""Comics & graphic novels, fantasy, general""]","[""Edward Cullen"", ""Bella Swan"", ""Jacob Black"", ""Carlisle Cullen"", ""Esme Cullen"", ""Alice Cullen"", ""Emmett Cullen"", ""Rosalie Hale"", ""Jasper Hale"", ""James"", ""Victoria"", ""Laurent"", ""Billy Black""]","[""Washington (State)"", ""Forks (Wash.)"", ""Seattle (Wash.)"", ""Seattle"", ""Phoenix (Ariz.)"", ""Washington (État)""]","[""xian dai"", ""Siglo XXI""]"
book_348c386da8966512,2,Violet Thistlewaite Is Not a Villain Anymore,Emily Krempholtz,0593954300,360.0,"Sun, 08 Feb 2026 11:05:33 -0800","A charming, must-listen cosy fantasy romance debut with grumpy/sunshine vibes, small-town magic, and heartwarming second chances<br /><br /><b>She traded curses for carnations. But old magic dies hard...</b><br /><br />Guy Shadowfade is dead, and Violet Thistlethwaite is out of a job. After a lifetime as the dark sorcerer's right-hand witch, she's ready to turn over a new leaf. And this time, she wants to sprout peonies instead of poison.<br /><br />The quiet town of Dragon's Rest seems like the perfect place to start over. Violet opens a flower shop, swears off dark magic, and does her best to be...good. Even if her reputation - and her mildly homicidal, sentient houseplant - make that tricky.<br /><br />Her vibrant bouquets soon charm the locals, but nothing she does seems to impress the grumpy (and infuriatingly gorgeous) Nathaniel Marsh, the alchemist she's forced to share a greenhouse with.<br /><br />But when a strange blight begins to rot the roots of Dragon's Rest, Violet and Nathaniel must work together - through their fears, pasts, and growing feelings - to save the town.<br /><br />And as old secrets start to surface, Violet can't help but <b>does a former villain like her truly deserve a happily-ever-after?</b>",https://i.gr-assets.com/images/S/compressed.photo.goodreads.com/books/1739957168l/228142770.jpg,OL44560456W,OL60853549M,openlibrary_work,high,"[""Fantasy"", ""Romance"", ""Cozy"", ""Romantasy"", ""Cozy Fantasy"", ""Fiction"", ""Witches"", ""Magic"", ""Adult"", ""American literature""]",[],[],[]
book_8f31a6915f490c54,2,Water for Elephants,Sara Gruen,1565125606,368.0,"Fri, 13 Feb 2026 21:57:46 -0800","When Jacob Jankowski, recently orphaned and suddenly adrift, jumps onto a passing train, he enters a world of freaks, drifters, and misfits, a second-rate circus struggling to survive during the Great Depression, making one-night stands in town after endless town. A veterinary student who almost earned his degree, Jacob is put in charge of caring for the circus menagerie. It is there that he meets Marlena, the beautiful young star of the equestrian act, who is married to August, the charismatic but twisted animal trainer. He also meets Rosie, an elephant who seems untrainable until he discovers a way to reach her. <br /><br />Beautifully written, Water for Elephants is illuminated by a wonderful sense of time and place. It tells a story of a love between two people that overcomes incredible odds in a world in which even love is a luxury that few can afford.",https://i.gr-assets.com/images/S/compressed.photo.goodreads.com/books/1667708346l/43641._SY475_.jpg,OL5813796W,OL8664290M,openlibrary_work,high,"[""Fiction"", ""circus performers"", ""depression era"", ""historical"", ""elephants"", ""romance"", ""nyt:combined-print-and-e-book-fiction=2011-02-13"", ""New York Times bestseller"", ""Circus"", ""Depressions"", ""Fiction, romance, historical"", ""Fiction, historical, general"", ""Novela histórica"", ""Circo"", ""Cuentos de amor"", ""Ficción"", ""Crisis económicas"", ""Artistas"", ""Social conditions"", ""Training"", ""nyt:e-book_fiction=2011-03-12"", ""Orphans"", ""History"", ""Fiction, historical"", ""Literature"", ""Great Depression, 1929-1939"", ""Historical fiction"", ""Love stories"", ""New York Times reviewed"", ""collectionID:EanesChallenge"", ""collectionID:bannedbooks"", ""Parents"", ""Death"", ""Circus animals"", ""Trainagles (Interpersonal relations)"", ""Triangles (Interpersonal relations)"", ""Literary"", ""Fiction / Literary"", ""Romance - Historical"", ""Fiction - General""]","[""Marlena"", ""Jacob Jankowski"", ""August"", ""Rosie""]","[""United States""]","[""1929"", ""1932"", ""1933-1945""]"
book_54b07a9eeb545052,2,"When in Rome (When in Rome, #1)",Sarah       Adams,0593500792,312.0,"Sun, 22 Mar 2026 09:31:26 -0700","Amelia Rose, known as Rae Rose to her adoring fans, is burned-out from years of maintaining her “princess of pop” image. Inspired by her favorite Audrey Hepburn film, Roman Holiday, she drives off in the middle of the night for a break in Rome . . . Rome, Kentucky, that is. <br /><br />When Noah Walker finds Amelia on his front lawn in her broken-down car, he makes it clear he doesn’t have the time or patience for celebrity problems. He’s too busy running the pie shop his grandmother left him and reminding his nosy but lovable neighbors to mind their own damn business. Despite his better judgment, he lets her stay in his guest room—but only until her car is fixed—then she’s on her own. <br /><br />Then Noah starts to see a different side of Rae Rose—she’s Amelia: kindhearted and goofy, yet lonely from years in the public eye. He can’t help but get close to her. Soon she’ll have to return to her glamorous life on tour, but until then, Noah will show Amelia all the charming small-town experiences she’s been missing, and she’ll help him open his heart to more. <br /><br />Amelia can’t resist falling for the cozy town and her grumpy tour guide, but even Audrey had to leave Rome eventually.",https://i.gr-assets.com/images/S/compressed.photo.goodreads.com/books/1649953979l/60178209._SY475_.jpg,OL27412480W,,openlibrary_work,high,"[""Romance"", ""Fiction"", ""Small town romance""]",[],[],[]
book_dc319c95ecffee4f,2,Where the Crawdads Sing,Delia Owens,0735219117,384.0,"Sun, 29 Mar 2020 21:33:25 -0700","For years, rumors of the “Marsh Girl” haunted Barkley Cove, a quiet fishing village. Kya Clark is barefoot and wild; unfit for polite society. So in late 1969, when the popular Chase Andrews is found dead, locals immediately suspect her.<br /><br />But Kya is not what they say. A born naturalist with just one day of school, she takes life's lessons from the land, learning the real ways of the world from the dishonest signals of fireflies. But while she has the skills to live in solitude forever, the time comes when she yearns to be touched and loved. Drawn to two young men from town, who are each intrigued by her wild beauty, Kya opens herself to a new and startling world—until the unthinkable happens.<br /><br />In <i>Where the Crawdads Sing</i>, Owens juxtaposes an exquisite ode to the natural world against a profound coming of age story and haunting mystery. Thought-provoking, wise, and deeply moving, Owens’s debut novel reminds us that we are forever shaped by the child within us, while also subject to the beautiful and violent secrets that nature keeps.<br /><br />The story asks how isolation influences the behavior of a young woman, who like all of us, has the genetic propensity to belong to a group. The clues to the mystery are brushed into the lush habitat and natural histories of its wild creatures.",https://i.gr-assets.com/images/S/compressed.photo.goodreads.com/books/1582135294l/36809135._SY475_.jpg,OL18766691W,OL27002289M,openlibrary_work,high,"[""Solitude"", ""Fiction"", ""Fiction, coming of age"", ""Fiction, mystery & detective, historical"", ""North carolina, fiction"", ""nyt:hardcover-fiction=2018-09-23"", ""New York Times bestseller"", ""Abandoned children"", ""Man-woman relationships"", ""Investigation"", ""Young women"", ""Murder"", ""nyt:combined-print-and-e-book-fiction=2018-09-30"", ""nyt:trade-fiction-paperback=2021-04-18"", ""Women hermits"", ""FICTION / Literary"", ""FICTION / Coming of Age"", ""FICTION / Contemporary Women"", ""Coming of age"", ""collectionid:nyt2020s""]","[""Young woman"", ""Catherine Danielle 'Kya' Clark""]","[""North Carolina"", ""Louisiana""]","[""1952-1970""]"
book_4870fdbce4215054,2,"Yes, Chef",Grace Reilly,0063384817,384.0,"Mon, 20 Apr 2026 00:07:25 -0700","<b>A tempting new romance from USA Today bestselling author Grace Reilly, in which a down-on-his-luck chef and a determined social media maven strike a reluctant deal to bring a beloved restaurant back to life.</b><br /><br /><i>If you can’t take the heat…get out of the kitchen.</i>After a public meltdown in one of Manhattan’s most elite restaurants, Chef Jack Hartman must return to his small Florida hometown. The only upside? He’ll be far away from Poppy Winfield – his former boss’s blonde, beautiful, utterly infuriating daughter – and the shrimp she threw at his head.<br /><br />Poppy is also desperate for an escape – from her disapproving family and from her infamy as an influencer without a serious bone in her body. With their reputations in ruins, Jack’s only ticket back to New York is turning the unloved restaurant of his childhood into the newest dining hotspot on the East Coast. And unfortunately for him, Poppy’s is using her well-honed social media skills to sell out his grand opening.<br /><br />As sparks fly and tensions reach boiling point, will Poppy and Jack be a recipe for disaster? Or could they be a perfect pairing …?<br /><br /><br />☀️Grumpy x sunshine<br /><br />🔪Chef romance<br /><br />🏙️Big city girl in a small town<br /><br />👩‍❤️‍👨Forced proximity<br /><br />🔥Friends with benefits<br /><br />🧠ADHD Rep",https://i.gr-assets.com/images/S/compressed.photo.goodreads.com/books/1769192372l/237811339._SY475_.jpg,,,isbn,high,[],[],[],[]
