canonical_book_id,title,author,isbn,pages,publication_year,description,cover_url,openlibrary_work_id,openlibrary_edition_id,identity_method,identity_confidence,subjects,subject_people,subject_places,subject_times
book_ca5c4a4fd8bc3895,"Vasmora (The Eating Woods, #3)",Keri Lake,,,"Thu, 03 Sep 2026 09:46:57 -0700","<b>In the harrowing conclusion of The Eating Woods trilogy, an age-old prophecy will come to pass, plunging the immortal world into a blighted web of destruction and despair.</b><br /> <br /><br /><br />Fate has never been entirely kind to Maevyth Bronwick. Though, after having survived a sinister plague, grotesque monsters, and gut-wrenching tragedy, she never imagined things could possibly get worse. But cursed gods, she was wrong.<br /><br />It seems fate was only sharpening its claws. <br /><br />Ensnared in the golden gauntlet of the most sadistic general in Aethyria, Maevyth faces the wrath of a jealous tyrant who longs to watch her suffer a slow and painful ruin.<br /><br />A torment said to be worse than death.<br /><br />Without the protection of her blood magic, Maevyth is no more than a powerless mortal and must fight the urge to succumb to the cruelty. Not an easy task, given the devastating loss she refuses to accept—and rightly so.<br /><br />Because Zevander “The Scorpion” Rydainn isn’t dead, after all.<br /><br />He’s very much alive and seething with vengeance. Brimming with rage. Merciless in his pursuit to reclaim his beloved mate and bring the ancient godsflame to anyone who stands in his way.<br /><br />A necessary brutality when a slumbering god awakens and Aethyria’s foretold destruction reignites the hunt of those who seek Maevyth’s precious blood.<br /><br />Prophecies will unravel. Walls will crumble. Kingdoms will fall. And through it all, a monolith of truth stands unbroken:<br />Their love may conquer all, but death will tear them apart.",https://i.gr-assets.com/images/S/compressed.photo.goodreads.com/books/1784663561l/255744423._SY475_.jpg,,,title_author,medium,[],[],[],[]
book_08edf7c3c2cfa011,"The Queen's Blade (The Broken Blade, #1)",Evelyn  Ward,,408.0,"Wed, 02 Sep 2026 16:21:20 -0700","<i>Go to sleep, or the Queen’s Blades will find you.<br />Be good, or the Queen’s Blades will get you.<br />Follow the edicts of the Goddess, or the Queen’s Blades will hunt you…<br />Will hurt you…<br />Will kill you…</i><br /><br />Every citizen in the realm knows Witches are the favored Faction. That’s why a Witch occupies the throne, and why the laws of the Eternal City grant Witches far more than their fair share.<br />And if any of the other Factions take issue with that? They’re likely to meet a swift death at the hands of the fabled Queen’s Blades, the four assassins vowed to protect the Queen and the realm itself.<br /><br />Even among the Queen’s Blades, Fey is an anomaly. As a Water Witch, her powers should have led her to a life of healing. But violence always came easier to Fey than healing ever did. The other Blades—three ruthless, savage Witches she is proud to call her sisters—love her all the more for it.<br /><br />But when one of the Blades is murdered, Fey becomes entangled in a mystery that threatens the very system she vowed to protect. And every clue she finds just raises more questions.<br />Who can she trust? What dark secrets are being kept from her and the other Blades? And perhaps the most dangerous question of who really killed her sister?<br /><br /><b>The Queen’s Blade is book one of The Broken Blade trilogy, a dark romantasy series with adult themes. Readers are advised this series contains adult content, strong language, and violence.</b>",https://i.gr-assets.com/images/S/compressed.photo.goodreads.com/books/1720911228l/216455312._SY475_.jpg,,,title_author,medium,[],[],[],[]
book_03c5201fae64c170,Dangerous Men (Fortune City Mafia #1),Evelyn  Ward,,408.0,"Wed, 02 Sep 2026 16:21:18 -0700","<i>“Careful, Sydney. No one likes an angry woman.”</i><br /><br />Sydney Sinclair has spent her life trying to be good.<br /><br />And it hasn’t always been easy.<br /><br />Reeling from a bad breakup, Sydney’s life takes an unexpected turn when a night out with her best friend leads to an encounter with Alec, a wealthy and enigmatic businessman. Soon Sydney finds herself entangled not only with Alec, but also his charismatic business partner, Ashton, and their cold and menacing associate, Sebastian.<br /><br />As Sydney navigates this complex new relationship, she uncovers a dangerous world she never imagined lurked beneath Fortune City, forcing her to confront her own buried past and the violent person she once was.<br /><br /><b>Dangerous Men is book one of the Fortune City Mafia series, a dark “why choose” mafia romance with adult themes. Readers are advised this series contains adult content, strong language, and violence.</b>",https://i.gr-assets.com/images/S/compressed.photo.goodreads.com/books/1746047437l/232488030._SY475_.jpg,,,title_author,medium,[],[],[],[]
book_8121f75479b6ea4e,The Wicker Husband,Ursula  Wills,,14.0,"Fri, 07 Aug 2026 10:01:39 -0700","an ugly girl who was short and dumpy, had one leg a bit shorter than the other, and her eyebrows met in the middle wanted to marry. Who will marry her while all the people made fun of her?<br /><br />Then, she married the wicker husband. what happened when she married him? What was the people's reaction?",https://i.gr-assets.com/images/S/compressed.photo.goodreads.com/books/1324128299l/13250089.jpg,,,title_author,medium,[],[],[],[]
book_03a0bf98fe8633bf,And So The Breaking Begins (Mindbreaker Duet #1; An Age of War and Prophecy #3),Lacey Lehotzky,,638.0,"Thu, 23 Jul 2026 17:29:03 -0700","<b>Duty. Desire. Defiance.</b><br /><br />Sylaira has spent her entire life running from the visions that torment her—and the crown who would cage her to control them. Her prophecies could decide life or death in the Angels’ war against the Demons.<br /><br />But Sylaira wants no part in the bloodshed.<br /><br />When the Angel monarchs send the realm’s deadliest killer to capture her, she knows the weaponization that awaits if she’s taken.<br /><br />Because her first vision was of <i>him</i>.<br /><br />Vaeron, the Mindbreaker. The monster sent to hunt her down. Her fated mate.<br /><br />Yet no matter how fast she flees, Sylaira can’t outrun destiny or the male bound to her.<br /><br />When Vaeron drags her to the Angel court, Sylaira learns its glitter hides a battlefield. And their bond is the sharpest weapon on it.<br /><br />She’d rather die than trust the male who stole her freedom. But Vaeron is the only one standing between her and those determined to exploit her Sight—even if protecting her means betraying everything he’s sworn to.<br /><br />The Goddess didn’t pair the most powerful Seer in centuries with the Mindbreaker out of mercy.<br /><br /><b>In the midst of war, one of them must break. </b><br /><br /><i>And So The Breaking Begins is the first book in the Mindbreaker Duet, a slow burn, enemies to lovers, high stakes dark fantasy romance with a villainous MMC and a fiery FMC. Perfect for fans of Carissa Broadbent, Raven Kennedy, and Sarah A Parker. </i><br /><br /><i>An Age of War and Prophecy is a series of interconnected duets and standalones with each book or duet having its own romance plot. The war plot requires full series commitment. You can start the series with either the Mindbreaker Duet or the Deathcaller Duet.</i><br /><br /><i>AAOWAP contains mature, dark themes that some readers might find disturbing. A full TW list is available on the author’s website.</i>",https://i.gr-assets.com/images/S/compressed.photo.goodreads.com/books/1770546389l/239702507._SY475_.jpg,,,title_author,medium,[],[],[],[]
book_ed64709bdc8c63d0,Horns of Wicked Ebony (Deathcaller Duet #2; An Age of War and Prophecy #2),Lacey Lehotzky,,740.0,"Thu, 23 Jul 2026 17:26:38 -0700","In the midst of war, love does not heal—it hunts. <br /><br />After surviving the brutal war camp and unraveling the cruel truths at the heart of Demon society, Assyria emerges not just as Rokath’s mate—but as a spark lit beneath centuries of carefully shaped stories. <br /><br />Assyria, the Imposter. A symbol of change. A symbol of hope. <br /><br />Veiled priestesses now bear swords. Forgotten daughters now wield power. And the army that once scorned Assyria must learn to kneel for her.<br /><br />But not everyone is ready to surrender. <br /><br />As Rokath struggles to hold a crumbling alliance together, old wounds crack open and long-buried truths rise. The three cousins who once shaped an obedient realm are now on the brink of war with one another. <br /><br />With the Angels preparing for another attack and the Demons fracturing from within, Rokath and Assyria must become more than lovers, more than leaders—they must become legends.<br /><br />Horns of Wicked Ebony is the second book in the Deathcaller Duet, an enemies to lovers, banter-filled high dark fantasy romance with a vicious, dangerous MMC and a fiery FMC. Perfect for fans of A Choice of Light and Dark, Carissa Broadbent, and LJ Andrews. An Age of War and Prophecy is a series of interconnected duets and standalones centering around the world-altering events of the Great War between the Angels and Demons. It contains mature, dark themes that some readers might find disturbing. A full TW list is available on the author’s website.",https://i.gr-assets.com/images/S/compressed.photo.goodreads.com/books/1752222347l/227886510._SY475_.jpg,,,title_author,medium,[],[],[],[]
book_989353140568bae3,"All Your Bloody Lies (The Filthy Duet, #1)",M.L. Burns,,393.0,"Thu, 25 Jun 2026 21:50:19 -0700","<b>Xeraphine Nora</b><br />For a decade, revenge has consumed my every waking thought. My sole desire? To mete out even a fraction of the suffering inflicted upon me by those five individuals. They believed they could silence me forever, burying me alive and leaving me for dead. Little did they know, it takes more than mundane means to kill a demon. I’m coming for you all, my sweets.<br /><br /><b>Kairhyse Monroe</b><br />Finding the demon responsible for these murders is what brought me to her, but my obsession is what keeps me chasing. Oh, Xeraphine, if you believe you’ll find freedom from my grasp, you are truly mistaken. I’m coming for you, my little demon.",https://i.gr-assets.com/images/S/compressed.photo.goodreads.com/books/1745503078l/214348168._SY475_.jpg,,,title_author,medium,[],[],[],[]
book_06ebe0d942dd7129,The Keyhole,Gigi Styx,,314.0,"Wed, 27 May 2026 14:55:30 -0700","Annalisa arrives at Rochester Manor, expecting a quiet job as a nanny. Instead, she’s drawn into a dark and dangerous affair with her mysterious employer, Edward Rochester.<br /><br />By day, Mr. Rochester is distant and formal. By night, he's a beast with depraved, unbridled appetites. The more Annalisa succumbs to his allure, the more she realizes he’s hiding something far worse than his desires. Strange noises, locked doors, and buried secrets leave her questioning not just her lover, but if she’ll make it out of the Manor alive.<br /><br />Caught in a web of passion, deception, and psychological unraveling, Annalisa must confront the horrifying truth about the man she can’t resist before it destroys her.<br /><br />Dark. Seductive. Twisted. The Keyhole will grip you from the first page to the last shocking twist.",https://i.gr-assets.com/images/S/compressed.photo.goodreads.com/books/1767107622l/241414344._SY475_.jpg,,,title_author,medium,[],[],[],[]
book_d89052e4e6544ad3,"The Exorcism of Faeries (Morbid Realities, #1)",J.L. Vampa,,416.0,"Tue, 14 Apr 2026 21:06:59 -0700","<b>From the #1 bestselling author of <i>Autumn of the Grimoire, </i>J.L. Vampa, comes a brand new dark academia romance in the vein of <i>Ninth Hous</i>e meets <i>If We Were Villains </i>and <i>Nocticadia.</i></b><br /><br />She is the daughter of morticians, studying Botany at Trinity College, Dublin. He is her Morbid Anatomy professor. And the Fae are possessing the good people of Dublin. Only Atta and Professor Murdoch can exorcize the fae, but can they fight their forbidden feelings for one another in the process?<br /><br /><i>It is said they are but lore.<br />It is said they are but demons.<br />It is said this is but a plague.<br /><br />Wayward spirits.<br />Ghosts.<br />Spectres.<br />Ghouls.<br />The truth beckons<br />Tick flick tick<br />The clock keeps time with the candle<br />Until they all get sick<br />Wax slides down the gilded stick<br />And the Fae invade with bramble</i><br /><br />---------------------------------<br /><b>Trinity College, Dublin<br /><br />5th November, 1993</b><br /><br /><i>He always reads standing in front of the shelf, one hand shoved in his pocket until it’s time to flip the page. It’s the first thing I noticed about him, while I was supposed to be studying. Instead, I watched him move from shelf to shelf and book to book. I had no idea at the time that I would one day meet him and he would change everything.<br /><br /><u>We</u></i> would change everything.<br /><br />-Excerpt from the diary of Ariatne Morrow, found in the wreckage at Ground Zero",https://i.gr-assets.com/images/S/compressed.photo.goodreads.com/books/1738710957l/226661169._SY475_.jpg,,,title_author,medium,[],[],[],[]
book_47c06284d50da265,"Land of Wolves: Revelations (Land of Wolves, #1)",Invi Wright,,382.0,"Wed, 08 Apr 2026 19:06:49 -0700","<b>Evelyn intends to kill the man she’s destined to love.</b><br /><br />She’s the shifter alpha’s fated mate, and the red marking on her hand is the proof. Captured as a child and raised in a human government facility, she’s the weapon that will finally bring the shifters to their knees.<br /><br />Evelyn knows her purpose. Get close. Learn the alpha’s secrets. Then kill him.<br /><br />Sent into shifter territory under the guise of a failed kidnapping, she quickly finds herself in the presence of her mate—the elusive Alpha Knox. He’s feared, ruthless, and yet nothing like the monster she was taught to expect. Instead of brutality, he offers protection. Instead of cruelty, he offers patience.<br /><br />For the first time in her life, Evelyn begins to question who the real enemy is.<br /><br />If she accepts the mate bond, she betrays her people. If she completes her mission, she destroys the only man who has ever treated her like she matters.",https://i.gr-assets.com/images/S/compressed.photo.goodreads.com/books/1770208494l/245704928._SY475_.jpg,,,title_author,medium,[],[],[],[]
book_c93460e7401f98f4,"Long Live (The Elementals of Iona, #1)",V.B. Lacey,,475.0,"Fri, 03 Apr 2026 08:33:53 -0700","Isla Belthare lives an ordinary life in her small village of Lockhurt. Since losing both her mother and the man she loved two years ago, all she wants is stability and peace. But her world is forever changed when her family is attacked on a journey away from home and she must travel to the Aataran mountain range to find them.<br /><br /><b>Across the realm, four ancient beings who control the elements of nature are awakening.</b><br /><br />After a civil war that tore the humans apart, the elementals entered a thousand year slumber. Now, they are being summoned to prevent a dark force that is greedy for power and threatening to overturn the balance of nature.<br /><br />When Isla’s path crosses with one of these elementals, she finds her fate is more entangled with theirs than she had ever imagined. As she risks it all to follow the elementals on their journey to defeat the unknown foe, she discovers that not everything may be as it seems. Isla is torn between protecting her loved ones or following her heart down a dangerous path of power and magic, of truth and lies. <br /><br /><b>What will they sacrifice to stop the coming storm?</b>",https://i.gr-assets.com/images/S/compressed.photo.goodreads.com/books/1681758133l/95584311.jpg,,,title_author,medium,[],[],[],[]
book_fabd28b25298febf,The Poet Empress,Shen Tao,,400.0,"Mon, 09 Mar 2026 11:59:48 -0700","<b>Debut author Shen Tao introduces readers to the lush, deadly world of <i>The Poet Empress, </i>a sweeping, epic and intimate fantasy perfect for fans of <i>The Serpent &amp; the Wings of Night, The Song of Achilles </i>and<i> She Who Became the Sun</i>.</b><br /><br />In the waning years of the Azalea Dynasty, the emperor is dying, the land consumed by famine, and poetry magic lost to all except the powerful.<br /><br />Wei Yin is desperate. After the fifth death of a sibling, with her family and village on the brink of starvation, she will do anything to save those she loves.<br /><br />Even offer herself as concubine to the cruel heir of the beautiful and brutal Azalea House.<br /><br />But in a twist of fate, the palace stands on the knife-edge of civil war with Wei trapped in its center…at the side of a violent prince.<br /><br />To survive, Wei must harden her heart, rely on her wit, and become dangerous herself. Even if it means becoming a poet in a world where women are forbidden to read—and composing the most powerful spell of all. A ballad of death...and love.<br /><br />The Poet Empress<i> is an epic fantasy that explores darker themes, subjects, and scenes that may not be suitable for all readers. Please see the author's content note at the beginning of the book.</i>",https://i.gr-assets.com/images/S/compressed.photo.goodreads.com/books/1765467685l/231127166._SX318_.jpg,,,title_author,medium,[],[],[],[]
book_c5244cb08c811908,"Hekate - The Witch (Goddesses of the Underworld, #1)",Nikita Gill,,376.0,"Fri, 13 Feb 2026 22:00:56 -0800","<b>In this stunning reimagining of Greek myth for fans of <i>Circe</i> and <i>Lore</i>, Nikita Gill showcases the underworld and its chthonic deities in all their glory, weaving a gripping story about the young goddess coming of age within their midst.</b><br /><br /><i>Hekate</i> sings the story of its eponymous heroine. Born into a world on fire and at war, she and her mother are left behind by the menfolk of their Titan family as the battle against the new Gods–the Olympians–begins. Soon, Hekate and her mother are forced to flee their home as the Olympians overpower and enslave the Titans, including Hekate’s father, Perses, and gain dominion over the universe. In a bid to protect Hekate from the clutches of Zeus and Poseidon, her mother leaves her in the underworld with the goddess Styx and king of the underworld, Hades, where she must make a life for herself and discover her divine purpose.<br />  <br /> Here begins Nikita Gill’s beautiful and propulsive reimagining of Hekate’s myth which unfolds into a coming-of-age adventure story and quest in which our young protagonist – not yet a goddess – sets out to discover what has happened to her parents, heal from the trauma of her separation from them, make a new home for herself in the underworld, and, eventually, step into her true power as a woman and goddess, before it’s too late.",https://i.gr-assets.com/images/S/compressed.photo.goodreads.com/books/1739361913l/227919563._SY475_.jpg,,,title_author,medium,[],[],[],[]
book_2797846a6b575416,Of the Stars and Sea (A Divine Trinity #1),Brianna Remus,,410.0,"Sun, 08 Feb 2026 11:26:44 -0800","<b>Of the Stars and Sea is a bingeable rivals-to-lovers Romantasy with sharp-witted banter, page-turning adventure and delectable spicy romance.</b><br /><br />A traitorous pirate lord. A bounty hunter with a score to settle. And an epic treasure that will grant them both the freedom they desire…unless they destroy each other first.<br /><br />Rowenya Stone is captain of the once fearsome pirate ship, the <i>Trinity</i>. Bound to her father’s old debts, Rowenya has been forced to break the Pirates’ Code by capturing her own kind in exchange for money. Tired of being shackled to her father’s past, Rowenya hatches a plan to steal an ancient artifact, said to unveil a map to the greatest treasure ever known to man.<br /><br />But the plan goes awry when Grayson Tyde, the most ruthless and feared pirate lord in the Southern Realm, intercepts them. When Grayson discovers Rowenya has one thing he does not—knowledge of the old gods’ language inscribed upon the artifact—he forces her onto his ship.<br /><br />However, they are not the only ones in search of the artifact, and as the threat of their enemies looms, Rowenya must trust the one person she’s always feared. But what terrifies her more is her perilous attraction to Grayson.<br /><br />In a world where love is a traitorous thing and danger lurks around every corner, Rowenya must decide if finding the treasure is worth losing her heart.",https://i.gr-assets.com/images/S/compressed.photo.goodreads.com/books/1752069457l/228707672._SY475_.jpg,,,title_author,medium,[],[],[],[]
book_779195f7189ab47f,"Stolen Midnights (Stolen Midnights, #1)",Katherine  Quinn,,450.0,"Sun, 08 Feb 2026 11:06:58 -0800","<b>This magical new YA romantasy from the </b><b>
  <i>New York Times</i>
</b><b> bestselling author of </b><b>
  <i>To Kill a Shadow</i>
</b><b> will steal your heart. Set in Andalay, a world where the ruling Fates bestow gifts among the favored, a thief must join forces with the palace darling after he unwittingly steals a necklace with the power to change everything.</b><br /> <br /> When Damien, a cold and hardened thief, is hired to steal a gift from the powerful Fates meant for Andalay’s sweetheart, Wren Hayes, he finds himself entangled in a web of secrets.<br /> <br /> The gift? A locket containing his own phototroph.<br /> <br /> Once the locket is opened, hidden truths unravel, ones that shed light on the ruthless ways of the upper-class society. Yearning for the three Fates and the magical gifts they bestow, the lords of Andalay will go to any length to keep their power—including murder.<br /> <br /> Brought together by destiny, and fighting a temptation that neither understand, Wren and Damien navigate a seedy world where the truth can destroy not only their lives, but the city itself.",https://i.gr-assets.com/images/S/compressed.photo.goodreads.com/books/1749525018l/236064367._SX318_.jpg,,,title_author,medium,[],[],[],[]
book_9626d50157537ac7,"The Ever King (The Ever Seas, #1)",L.J. Andrews,,408.0,"Sun, 08 Feb 2026 10:53:38 -0800","<b>They stole his crown, so he stole their daughter…</b><br /><br />For years Erik, the scarred king of the Ever Kingdom, has thought of nothing but vengeance against the man who killed his father and trapped him beneath the waves, making him a prisoner in his own realm.<br /><br />Until his enemy’s daughter unintentionally breaks the chains on the Ever, and Erik makes her the unwitting pawn in his vicious game of revenge.<br /><br />She’s innocent. He’s vicious. But he will take back what he lost, no matter the price.<br /><br />Unless she steals his heart first.<br /><br /><b>Welcome to the passionate world of the Ever Kingdom where pirates, sirens, and fae collide with Vikings in a dark fantasy romance between a villain and the innocent princess who holds his heart.</b><br /><br /><i>*Please note: This series is set in the same world as the bestselling Broken Kingdoms series, but can be read independently, and readers are encouraged to read the list of triggers inside*</i>",https://i.gr-assets.com/images/S/compressed.photo.goodreads.com/books/1693149239l/75384035.jpg,,,title_author,medium,[],[],[],[]
book_c84fccadf76f5d15,"Planet Adyn (Theonite, #1)",M.L. Wang,,298.0,"Sat, 07 Feb 2026 10:20:27 -0800","Joan Messi has spent thirteen lonely years hiding her supernatural abilities from her parents, her classmates, and everyone in her white bread suburban community. However, her little world of secrets is shattered when a pair of strangers arrive from a parallel dimension on the hunt for a nameless criminal. Now, after a lifetime of wondering how she got her powers, Joan might have found the beginnings of an answer. <br /><br />For Daniel Thundyil and his father, elemental powers and ego-maniacal supervillains are nothing new — although this is the first time a mission has brought them to a parallel dimension. Daniel's main concern in this new world isn't the looming threat of a godlike killer; it's fitting in at a school where the food is flavorless, everyone writes backwards in an ancient alphabet, and all the racial hierarchies seem to be reversed.",https://i.gr-assets.com/images/S/compressed.photo.goodreads.com/books/1462236482l/30077795._SY475_.jpg,,,title_author,medium,[],[],[],[]
book_47a6b994ec41014c,The Sword of Kaigen,M.L. Wang,,651.0,"Sat, 07 Feb 2026 10:20:08 -0800","On a mountainside at the edge of the Kaigenese Empire live the most powerful warriors in the world, superhumans capable of raising the sea and wielding blades of ice. For hundreds of years, the fighters of the Kusanagi Peninsula have held the Empire's enemies at bay, earning their frozen spit of land the name 'The Sword of Kaigen.' Born into Kusanagi's legendary Matsuda family, fourteen-year-old Mamoru has always known his purpose: to master his family's fighting techniques and defend his homeland. But when an outsider arrives and pulls back the curtain on Kaigen's alleged age of peace, Mamoru realizes that he might not have much time to become the fighter he was bred to be. Worse, the empire he was bred to defend may stand on a foundation of lies.<br /><br />Misaki told herself that she left the passions of her youth behind when she married into the Matsuda house. Determined to be a good housewife and mother, she hid away her sword, along with everything from her days as a fighter in a faraway country. But with her growing son asking questions about the outside world, the threat of an impending invasion looming across the sea, and her frigid husband grating on her nerves, Misaki finds the fighter in her clawing its way back to the surface.<br /><br />When the winds of war reach their peninsula, will the Matsuda family have the strength to defend their empire? Or will they tear each other apart before the true enemies even reach their shores?",https://i.gr-assets.com/images/S/compressed.photo.goodreads.com/books/1702907961l/41886271._SX318_.jpg,,,title_author,medium,[],[],[],[]
book_a210090a90df2ac7,"A Kiss of Iron (Shadows of the Tenebris Court, #1)",Clare Sager,,608.0,"Sat, 07 Feb 2026 10:17:26 -0800","<b>In the cut-throat game of court life, masters manipulate pawns—and you never know which one you are. One thing is certain: there’s no space on the board for love.</b><br /><br />A penniless noblewoman, Kat is on the verge of losing everything when she’s offered a well-paid job that could be her salvation… or her ruin. Drawn into court’s deadly intrigues, she’s given a single task: spy on the powerful fae lord known as the Night Queen’s Shadow.<br /><br />Bastian Marwood is handsome, ruthless, and cunning, but Kat can’t decide if he’s a threat to her kingdom or just her heart. To uncover the truth, she must play a dangerous game of desire and deceit, pushing him to reveal his secrets while protecting her own. But Bastian’s shadows have a hold on her—one she isn’t sure she wants to escape.<br /><br />Kat soon learns that at court, nothing is as it seems and even the best-laid plans can be destroyed in an instant. As a pawn on the board, she can’t afford to fall victim to love—only fight for survival.<br /><br /><b><i>A Kiss of Iron</i> is the first book in a new series featuring court intrigue, a morally grey hero, and an unforgettable enemies-to-lovers romance. Perfect for fans of <i>Gild</i> and <i>From Blood and Ash.</i></b>",https://i.gr-assets.com/images/S/compressed.photo.goodreads.com/books/1674852498l/75565941._SY475_.jpg,,,title_author,medium,[],[],[],[]
book_db9d523f74f9abe4,"The Adventures of Amina al-Sirafi (Amina al-Sirafi, #1)",S.A. Chakraborty,,483.0,"Sat, 07 Feb 2026 10:11:06 -0800","<b>Shannon Chakraborty, the bestselling author of <i>The City of Brass</i>, spins a new trilogy of magic and mayhem on the high seas in this tale of pirates and sorcerers, forbidden artifacts and ancient mysteries, in one woman’s determined quest to seize a final chance at glory—and write her own legend.</b><br /><br />Amina al-Sirafi should be content. After a storied and scandalous career as one of the Indian Ocean’s most notorious pirates, she’s survived backstabbing rogues, vengeful merchant princes, several husbands, and one actual demon to retire peacefully with her family to a life of piety, motherhood, and absolutely nothing that hints of the supernatural.<br /><br />But when she’s tracked down by the obscenely wealthy mother of a former crewman, she’s offered a job no bandit could refuse: retrieve her comrade’s kidnapped daughter for a kingly sum. The chance to have one last adventure with her crew, do right by an old friend, and win a fortune that will secure her family’s future forever? It seems like such an obvious choice that it must be God’s will.<br /><br />Yet the deeper Amina dives, the more it becomes alarmingly clear there’s more to this job, and the girl’s disappearance, than she was led to believe. For there’s always risk in wanting to become a legend, to seize one last chance at glory, to savor just a bit more power…and the price might be your very soul.",https://i.gr-assets.com/images/S/compressed.photo.goodreads.com/books/1663869260l/61294937.jpg,,,title_author,medium,[],[],[],[]
book_fb030ca2d10f0bf8,"Good Omens: The Nice and Accurate Prophecies of Agnes Nutter, Witch",Terry Pratchett,,491.0,"Tue, 25 Feb 2020 21:31:52 -0800","According to the Nice and Accurate Prophecies of Agnes Nutter - the world's only totally reliable guide to the future - the world will end on a Saturday. Next Saturday, in fact. Just after tea...<br /><br />People have been predicting the end of the world almost from its very beginning, so it’s only natural to be sceptical when a new date is set for Judgement Day. This time though, the armies of Good and Evil really do appear to be massing. The four Bikers of the Apocalypse are hitting the road. But both the angels and demons – well, one fast-living demon and a somewhat fussy angel – would quite like the Rapture not to happen.<br /><br />And someone seems to have misplaced the Antichrist…",https://i.gr-assets.com/images/S/compressed.photo.goodreads.com/books/1615552073l/12067.jpg,,,title_author,medium,[],[],[],[]
book_b6392dc0f4d4f0f8,"Wicked: The Life and Times of the Wicked Witch of the West (The Wicked Years, #1)",Gregory Maguire,,406.0,"Fri, 06 Jan 2017 13:01:27 -0800","<i>Alternative cover edition of ISBN 9780060987107</i><br /><br /><p>When Dorothy triumphed over the Wicked Witch of the West in L. Frank Baum's classic tale, we heard only her side of the story. But what about her arch-nemesis, the mysterious witch? Where did she come from? How did she become so wicked? And what is the true nature of evil? </p><p> Gregory Maguire creates a fantasy world so rich and vivid that we will never look at Oz the same way again. <i>Wicked</i> is about a land where animals talk and strive to be treated like first-class citizens, Munchkinlanders seek the comfort of middle-class stability and the Tin Man becomes a victim of domestic violence. And then there is the little green-skinned girl named Elphaba, who will grow up to be the infamous Wicked Witch of the West, a smart, prickly and misunderstood creature who challenges all our preconceived notions about the nature of good and evil.</p>",https://i.gr-assets.com/images/S/compressed.photo.goodreads.com/books/1437733293l/37442._SY475_.jpg,,,title_author,medium,[],[],[],[]
book_77efea1bc0690ac5,"The Hobbit, or There and Back Again",J.R.R. Tolkien,,366.0,"Fri, 06 Jan 2017 13:00:33 -0800","In a hole in the ground there lived a hobbit. Not a nasty, dirty, wet hole, filled with the ends of worms and an oozy smell, nor yet a dry, bare, sandy hole with nothing in it to sit down on or to eat: it was a hobbit-hole, and that means comfort.<br />Written for J.R.R. Tolkien’s own children, The Hobbit met with instant critical acclaim when it was first published in 1937. Now recognized as a timeless classic, this introduction to the hobbit Bilbo Baggins, the wizard Gandalf, Gollum, and the spectacular world of Middle-earth recounts of the adventures of a reluctant hero, a powerful and dangerous ring, and the cruel dragon Smaug the Magnificent. The text in this 372-page paperback edition is based on that first published in Great Britain by Collins Modern Classics (1998), and includes a note on the text by Douglas A. Anderson (2001).<br /><br />9780618260300",https://i.gr-assets.com/images/S/compressed.photo.goodreads.com/books/1546071216l/5907.jpg,,,title_author,medium,[],[],[],[]
book_d6f2eb8349337bfd,"Cross Check (D.C. Stars, #6)",Chelsea Curto,,778.0,"Tue, 22 Sep 2026 01:11:54 -0700","Amelia Green is making a name for herself as an assistant coach in the NHL. A woman who isn’t intimidated by the people who try to pull her down, she handles the attention on her without batting an eye. What she didn’t account for was the hockey player who keeps showing up in her life.<br /><br />Grant Everett is the newest player on the DC Stars roster and adjusting to life in the NHL. A guy who loves his teammates, he’s never one to break the rules. But after an accidental run-in with the league’s most talked about coach, Grant can’t stop thinking about Amelia no matter how off-limits she is.<br /><br />He should stay away from her. He’s supposed to stay away—she’s older. She’s not looking to date, and he’s someone who wants to settle down.<br /><br />Years of friendship and fighting their feelings turns to something more after one night together, and they never look back.<br />Except… hiding a relationship from the league isn’t easy.<br /><br />Between secret meetups and Amelia landing a new job as the head coach of the league’s newest expansion team, she and Grant are forced to confront their future. Is there a chance their relationship can withstand the scrutiny from those on the outside, or are they a quick cross check away from disaster?<br /><br />Cross Check is a spicy strangers-to-friends-to-lovers sports romance with an off-limits relationship, a woman in a male-dominated field, a man obsessed with her from the very beginning, and a guaranteed happily ever after.",https://i.gr-assets.com/images/S/compressed.photo.goodreads.com/books/1778790831l/244447224._SY475_.jpg,,,title_author,medium,[],[],[],[]
book_604f687bae7009ad,House of Deceit,N.E. Butcher,,411.0,"Sat, 15 Aug 2026 19:36:02 -0700","For fans of the reality TV show Big Brother , welcome to House of Deceit.<br /><br />In a cutthroat competition, loyalties will be tested and bridges will be burned. All par for the course in the House of Deceit. Newly single and recently unemployed Charlie Price wants nothing more than to ignore the crumbling pieces of her life. With dwindling savings and no luck in the job market, she's on the verge of giving up. That is until a drunken night with her best friend leads to an accidental application to join the cast of the riveting reality show, House of Deceit —a show notorious for its fierce contestants and enticing cash prize. Alec King, a disillusioned wrangler on the show, dreams of escaping his stagnant career and becoming a director. Choosing the season ten winner could be his ticket to success, and Charlie Price seems like the man to get him there. But there's a major problem—Charlie's application landed in the wrong pile, and since male wranglers cannot correspond with female contestants, their plans could go up in smoke. Despite the mix-up, Charlie and Alec realize they are each other's best chance to win the show, even if they can't seem to stop clashing at every turn. Yet when the cameras stop rolling, an undeniable romance catches them off guard, forcing them to navigate the treacherous waters of hidden desires. Their love story was never part of the script, but it just might be the best twist yet.",https://i.gr-assets.com/images/S/compressed.photo.goodreads.com/books/1687896869l/178623258._SY475_.jpg,,,title_author,medium,[],[],[],[]
book_a77bec0bfb9c2ecc,Light Up My Life,Kasie West,,336.0,"Tue, 04 Aug 2026 00:47:05 -0700","<b>Beloved YA romance author Kasie West (<i>P.S. I Like You</i>) returns with a charming, hilarious modern-day Romeo &amp; Juliet story about two rival families, one Christmas house decorating competition, and a blossoming forbidden relationship. Perfect for fans of <i>Pumpkin Spice and Everything Nice</i> and the forthcoming <i>Mint To Be</i>!</b><br /><br />Sixteen-year-old Jasmine Costas is a sensitive, shy artist who has spent her entire life going out of her way to avoid the bane of her existence, Ryan Moreno. On top of being an arrogant jerk, Ryan hails from the Moreno family, the Costas's next-door neighboors and longtime enemies. But this is Jasmine's older brother's last year of high school, so she's determined to make it the Best Christmas Ever. When it's announced that their town is holding an actual contest for Best Decorated House, Jasmine and her family are ready to wage an all-out war to claim the trophy. Until Jasmine and Ryan are accidentally locked in a pantry together during a holiday party, and she's forced to wonder if there's actually more to Ryan Moreno than meets the eye. And unfortunately, their chemistry is undeniable.A secret relationship blooms that threatens to completely upend the lives of their families as the Christmas decoration schemes and rivalries get wilder and more chaotic. <br /><br />Jasmine and Ryan <i>want</i> to be together. Can they convince their families to patch things up and embrace the holiday spirit? This charming story from the master of romantic-comedy, beloved author Kasie West, is a spirited exploration of the chaos of change, and the enduring magic of Christmas.",https://i.gr-assets.com/images/S/compressed.photo.goodreads.com/books/1781657935l/244141789._SY475_.jpg,,,title_author,medium,[],[],[],[]
book_05bfaffd4abad231,Fallin' Tides (Holly River #1),Tori  Ford,,416.0,"Tue, 04 Aug 2026 00:44:41 -0700","<b><i>Gilmore Girls</i> meets <i>The Notebook</i> in this small town romance with heart, humor, and heat.</b><br /><br /><b>Colt Mitchell</b> was a charity case, taken in by the prominent Sinclair family to keep their star quarterback son on track. After three years under their roof, Colt traded in his broken background for the Marines, dead set on leaving Holly River for good.<br /><br /><b>Alice Sinclair</b> was a dreamer, growing up in a house that worshipped trophies. Colt, her brother’s best friend, was the only one who truly saw her. When he left, Alice flooded his mailbox with hope—letters he devoured, but rarely answered.<br /><br />Until the last one arrived.<br /><br /><b>Now Colt Mitchell is back</b>. And the kid sister he remembers is gone. In her place is a woman on a mission. Alice has three months to turn her childhood home into the bookshop of her dreams, or lose it forever. And Colt’s hellbent on ensuring that happens, because when Colt was deployed, Alice’s letters saved him. And now he’s come home to repay the favor.<br /><br />But as the two race to finish renovations by the Fall Festival, and the <b>heat between them rises</b>, Colt realizes that the one woman who’s entirely off limits…is the <i>exact</i> one he wants.",https://i.gr-assets.com/images/S/compressed.photo.goodreads.com/books/1781081668l/251463477._SY475_.jpg,,,title_author,medium,[],[],[],[]
book_253933d9d0ba1858,Archenemies,Jody Wenner,,268.0,"Tue, 04 Aug 2026 00:42:26 -0700","Gemma Mortenson is ready to take the plunge. The question is: will she choose the bridge she has a strong personal attachment to, or fall for the man who has been hired to demolish it? Between caring for her elderly parents and doing crafts with the cherished members of Green Isle Senior Home, each morning she heads to the Redwood Bridge and stands at the precipice. Since learning something huge about this under-appreciated structure, Red has become everything to her. Now it’s scheduled for demolition, but the town of Pine River is uninterested in saving it. The construction crew turns out to be just one guy with (a cute butt and) a hard hat. Gemma stages her biggest protest yet, locking herself to the aging arches. Leo’s been doing his homework—on her and the bridge. Falling for the enemy isn’t what she has planned, but maybe—if she can get Leo to see her side—she won’t have to let go. Of Anything.",https://i.gr-assets.com/images/S/compressed.photo.goodreads.com/books/1781804710l/253885655._SY475_.jpg,,,title_author,medium,[],[],[],[]
book_a750d0048d0ad8fd,This Is Not Love at First Sight: A Cozy Fantasy Romance (Brothers of Fairwitch Isle),Tee Harlowe,,122.0,"Thu, 18 Jun 2026 15:51:14 -0700","<b>When two rival chefs with a royal feast to prepare get snowed in, it’s not just the oven that’s heating up . . .</b>Hating Liam Wolvern is in Elowyn’s blood. Their families have been rivals for centuries, each generation vying for the job of castle chef. It doesn’t help that Liam won the coveted role and now cooks for the high prince while Elowyn is stuck working at her family’s failing tavern.<br /><br />Elowyn’s ready to prove herself when she’s invited to prepare the upcoming Winter Solstice feast at the castle. Yes it means working with Liam, but it’s also her chance to shine.<br /><br />Unfortunately, Elowyn’s plans are thrown out the window when a storm hits and she’s snowed in with Liam. Now they not only have to make this feast, but they have to do it in a mischievous sentient kitchen with plans of its own.<br /><br />Worse, once they stop fighting long enough to cook, Elowyn realizes they might be a great team, that maybe she got Liam all wrong. But as tension builds and things start to heat up, she has to wonder . . . what happens when the snow melts?<br /><br /><i>This Is Not Love at First Sight</i> is a standalone spicy, cozy romantasy with forced proximity, enemies-to-lovers, and a magical kitchen with an attitude problem.",https://i.gr-assets.com/images/S/compressed.photo.goodreads.com/books/1774534311l/250269841._SY475_.jpg,,,title_author,medium,[],[],[],[]
book_7fefe4ce9f637d07,More Than a Little Turmoil: Hadley Hope Series Book Three,Sandra Lou Taylor,,333.0,"Tue, 05 May 2026 21:21:22 -0700",,https://i.gr-assets.com/images/S/compressed.photo.goodreads.com/books/1772403031l/249159306._SY475_.jpg,,,title_author,medium,[],[],[],[]
book_2ca2b3fea53221d2,"Falling for Ellen (Falling, #2)",Kaitlin Collins,,362.0,"Tue, 05 May 2026 21:20:27 -0700","Falling for Ellen was never in Fergus’ five-year plan, but when their paths repeatedly cross, the fall becomes inevitable. <br /><br />Fergus Morgan is the man with a plan. He has his days scheduled down to the minute and his whole life figured out. He’s going to graduate, become a best-selling author, teach English at the University of Edinburgh, and settle down in the city with a wife and two kids. One thing Fergus could never plan for is Ellen.<br /><br />Ellen McLean has never been one to fit society’s expectations and rules of what a woman should or should not do. The village outcast since childhood, she moved to Edinburgh in hopes of making a place for herself in the biomedical sciences. However, due to her gender, she is still an outcast and finds herself fighting to prove her worth. Again.",https://i.gr-assets.com/images/S/compressed.photo.goodreads.com/books/1755830287l/240466969._SY475_.jpg,,,title_author,medium,[],[],[],[]
book_2842dcaa4717f838,Choosing Chopsticks,Lori Scoby,,226.0,"Tue, 05 May 2026 21:20:07 -0700","Leo Sanders is a twenty-two year old Chinese, transracial adoptee who is grieving the recent loss of his mother. The last thing he wants to do is go to an Asian Adoptee Support Group, but he knew it would make his dad happy. What he didn’t expect to find was the hard truths about international adoption, a sense of belonging he’d never known before, and Sophie Chen-Parker.<br /><br />Sophie Chen-Parker is a twenty-five year old who runs an Asian Adoptee Support Group and works part-time at her family’s bakery. To many, she is a ray of sunshine and brightens every room she walks into. Despite her cheery disposition, Sophie holds a tumultuous family secret that she has repressed for years. It’s not until Leo strides into her life do things begin to re-surface.<br /><br />Neither of them anticipated finding solace, much less love. Will Leo find out Sophie’s secret or will it cost Sophie the man she loves?<br /><br />Spice <br /><br />🌶️🌶️ - Contains at least one intimate scene where reader is present.",https://i.gr-assets.com/images/S/compressed.photo.goodreads.com/books/1746073919l/232499775._SY475_.jpg,,,title_author,medium,[],[],[],[]
book_01438f6289e7f597,Kissing Bandit (Love at the Lake #1),Margaret Rose,,372.0,"Tue, 05 May 2026 21:18:38 -0700","<b>A sensitive list-maker learns to love again while starting over at the lake and running a former professional baseball player's father's estate sale in this thoughtful, bright, and steamy slow-burn romantic comedy.</b><br /><br /><i>Do you believe in soulmates? Well… Do you?</i><br /><br />Desperate to forget her ex, Francesca Bloomfield is escaping to the lake for the summer. She’s on her own with a flimsy business plan based on finding treasure in junk drawers and has a Volkswagen full of snacks. And she’s got one rule: no dating. Except, she really likes kissing, that part she’ll keep, and she starts a kissing list to prove it. Too bad she spends her last night in town dancing with a backward-hat-wearing wallflower looking for love.<br /><br />Meanwhile, former professional baseball player, John Boggs, has a bad case of the Cinderellas. The woman who set his world on fire during a dirty dancing scene he had no idea his wrecked body was capable of is dominating his thoughts. His first attempt at something other than a one-night stand on the road completely backfired. He took things slow, he gave her his number— <i>he dipped her</i> —and she <i>ran</i>.<br /><br />But fate has different plans. John is selling his father’s estate and Francesca magically appears on his doorstep with a brand new <i>Frannie’s Finds</i> estate sales business card. Their attraction is undeniable, though it’s clear they want different things. A road trip and a heroic rescue from Spirit Lake push them together at every turn and maybe, if they can sift through the clutter of a former life while unpacking their own hearts, they’ll realize they’re meant to be. <i>One kiss at a time</i>. If not, they risk forever holding onto the past instead of embracing their destiny.",https://i.gr-assets.com/images/S/compressed.photo.goodreads.com/books/1701790222l/203270667._SY475_.jpg,,,title_author,medium,[],[],[],[]
book_a6d20d893d5a6d69,Cold As Ice (Wilder Wolves),Laurea Matthews,,426.0,"Tue, 05 May 2026 21:18:20 -0700","<i>Book One in the Wilder Wolves hockey sports romance series!<i><br /><br />A year ago, Alondra Brown quit figuring skating, and since then, she's spent every day trying to piece back together the broken parts of the person she used to be.<br /><br />After an impulsive night out, Alondra finds herself caught in a lie, pretending to be the tutor for the charming stranger she kissed the night before, now realizing he's her father’s star hockey player, Jack Schultz.<br /><br />Avoiding Jack becomes impossible once he begs for their lie to become a reality after admitting he needs her help to maintain his eligibility to play. Caught between resisting the pull toward the hockey captain, and the fear of being hurt again, Alondra's surprised to find out there's more to Jack than the front he wears as the playboy who doesn't believe in love.<br /><br />The lines of their unlikely friendship become blurred as Jack and Alondra struggle to fight their connection. No matter how much they try to deny it, the heart wants exactly what it shouldn’t.</i></i>",https://i.gr-assets.com/images/S/compressed.photo.goodreads.com/books/1765605873l/245172671._SY475_.jpg,,,title_author,medium,[],[],[],[]
book_b97b1bbc6085d2e3,Off the Hook (Never Harbor),Julie Olivia,,436.0,"Tue, 05 May 2026 21:18:06 -0700","I need a nanny, but I may need her more. I know about my reputation as Never Harbor’s secluded single dad. But I have everything I my imaginative son, my dog, and our remodeled cottage by the sea. That is, until my nanny quits. My brother’s ex-fiancee, Wendy Darling, is an elementary school teacher with a free summer. The last thing I need is to get tangled in his mess, but my family thinks she’s a perfect fit for the job. Turns out, she fits in better than I could have imagined. Wendy is nothing like I expected. She’s kind and adventurous, with a beautiful laugh that washes my worst nightmares away. She pushes past my silence and sees more of my true self than anyone has in years. And my six-year-old son is falling for her just as quickly. Being with Wendy can never happen. Not when my younger brother is her ex-fiance. Not when she’s so close to our family. Not when our small coastal town gossips the way that it does. But after so long in the dark, Wendy makes me feel something . Falling for her feels a lot like flying instead. I know happy endings only belong in fairy tales, but I’m close to stealing one for myself. OFF THE HOOK is a grumpy-sunshine, single dad romance with lots of slow burn spice! This is book one in Never Harbor, a series of interconnected stand-alone contemporary romances inspired by Peter Pan.",https://i.gr-assets.com/images/S/compressed.photo.goodreads.com/books/1698054272l/200504820._SY475_.jpg,,,title_author,medium,[],[],[],[]
book_4533c98fc420b2db,Falling for Scotland,Kaitlin Collins,,291.0,"Wed, 22 Apr 2026 01:13:04 -0700","Lydia Foster is at a loss. She’s always wanted to be a teacher, but the job she once loved has left her at rock bottom. On a whim, she signs up to teach abroad in hopes of reigniting the passion she once had. It’s a risk selling her house and leaving everything behind to move to Scotland, but she doesn’t know what else to do.<br /><br />When Alec Morgan finds out his grandfather’s health is getting worse, he doesn’t hesitate to move to Edinburgh and take care of him. He’s his best friend after all. But watching his favorite person slowly disappear is devastating and he knows it will only get worse.",https://i.gr-assets.com/images/S/compressed.photo.goodreads.com/books/1746174541l/223830185._SY475_.jpg,,,title_author,medium,[],[],[],[]
book_d977698f6eb19287,The Scarred: An Epic Fantasy Series (Song of the Ellydian),C.K. Rieke,,312.0,"Wed, 22 Apr 2026 01:12:59 -0700","<b>Soren fears nothing, except… magic.</b>A decade has passed since the assault that shattered Soren Smythe's life, leaving scars both seen and unseen. Bound by an inescapable curse born of that fateful attack, Soren has turned to hunting bounties—his existence defined by pursuing only those criminals who deserve their reckoning.Within the realm of Aladran, Soren reigns as one of its most lethal figures, mastering his deadly craft. But can his unparalleled skills shield him from the relentless trauma of his own haunting past?From his greatest foe, the legendary Knight Wolf, to the highest echelons of power, Soren finds himself surrounded by adversaries at every crossroad. As he traverses shifting landscapes, evading those who seek his end—including the sinister Demons of Dusk, who stalk the night's unsuspecting prey—Soren's aspirations for a brighter future have all but waned to nothingness.Yet, a glimmer of hope emerges from an unexpected source—a figure from his past, now grown into a young woman, might hold the key to his redemption. That is, if she doesn't kill him first.In this world teeming with thrilling adventure, devastating lows, and powerful, melodic magic…Soren is… The Scarred.",https://i.gr-assets.com/images/S/compressed.photo.goodreads.com/books/1718726477l/206203546._SY475_.jpg,,,title_author,medium,[],[],[],[]
book_9360c1ee0c7c01b1,"Fire and Ice (Boston Bobcats, #2)",Carly Robyn,,382.0,"Mon, 20 Apr 2026 00:05:38 -0700","A spicy Fake Dating, Grumpy x Sunshine, hockey romance from bestselling author, Carly Robyn<br /><br /><br />One fake relationship, a delicious dash of chemistry, and a recipe that's bound to get messy.<br /><br />Kennedy Caplan bakes the best cakes in town, but taking her business to the next level requires more than butter and grit. She’s determined to turn her dreams into something bigger, even if the odds—and her bank account—are stacked against her.<br /><br />Cameron Davies, NHL goalie and resident grump, has perfected the art of shutting people out. He’s content with his small circle, until life throws him off balance: a toxic ex back in town, teammates who won’t stop hovering, and a spotlight that refuses to dim.<br /><br />His solution is as practical as it is risky: a fake relationship with Kennedy—his sister’s friend and the one person he can’t seem to ignore. The arrangement gives her business the financial investment it desperately needs, and provides Cameron a buffer from his ex and overprotective teammates.<br /><br />But what begins as a strategic arrangement soon blurs into late-night calls and sparks neither of them can deny. And the more they lean into the lie, they’re forced to face the question they’ve both been avoiding: what if this isn’t fake anymore?<br />Fire and Ice is a spicy hockey romance with heart, heat, humor, and a guaranteed HEA. This is the second book in the Boston Bobcats series and can be read as a standalone, although reading in order is recommended for the best experience!",https://i.gr-assets.com/images/S/compressed.photo.goodreads.com/books/1775162593l/250519816.jpg,,,title_author,medium,[],[],[],[]
book_4bfd56743b8acd42,Something Selfish (Sterling Springs Book 1),Dakota Forest,,390.0,"Mon, 20 Apr 2026 00:04:42 -0700","She’s the local barista, he’s the new chef in town.<br /><br />Kelsey Rivers has spent her life in the shadow of the Teton Mountains in her small Wyoming town. Between the constant flow of tourists and seasonal workers, she’s used to people not sticking around. What more could she need besides her best friend and fellow barista, her dog, and an unlimited supply of espresso shots?<br /><br />That is until a tattooed chef, with charming good looks and an even more charming personality, sits down next to her at the local bar. Kelsey can’t remember the last time anyone made her smile, let alone laugh the way he does.<br /><br />Opening a new restaurant in the trendy Wyoming town was only supposed to be a stopover on Sutton Sterling’s way to more culinary accolades, following in his older brother’s footsteps. From small town Sterling Springs, New Mexico to hotshot chef, who takes nothing seriously except what ends up on his menus, there’s one recipe he can’t figure out.<br /><br />What did Sutton do wrong two years ago when he met the local girl with the hard-to-earn smile, on his first night in town? No matter how hard he tries, she continues to maintain this one-sided grudge.<br /><br />A “stolen” car, a landslide, a lot of gelato, two furry sidekicks, and a shared love of reality TV keep bringing these two together. Will they take the hint and finally do something for themselves… SOMETHING SELFISH?",https://i.gr-assets.com/images/S/compressed.photo.goodreads.com/books/1775594411l/250763941._SY475_.jpg,,,title_author,medium,[],[],[],[]
book_41178319f9d0bd21,Golden Hour,Stephanie  Blackburn,,402.0,"Mon, 20 Apr 2026 00:04:27 -0700","George spends her summers in Jackson, Wyoming working on a ranch by day and bartending at night. She works harder than most and has never allowed herself to dream. All of that changes when The Billings Boys invite her on stage with them. The voice she's kept secret now has an audience.<br /><br />Born into a Boston Brahmin family, Caleb is hoping to drown out the noise in his head by melting into the crowded bar. He’s enchanted by George’s voice, but once they start talking, he falls further under her spell. Whiskey and jetlag might also be at play, but by the end of the night he works up the courage to invite her back to his vacation rental.<br /><br />George says yes because wants to see how the other half lives in their mansions with fantastic water pressure. But once they’re alone, she starts to see a side of Caleb that is unexpected and will keep her coming back to him again and again, even though her head is screaming that their lives are too different.<br /><br />Caleb has never had something this good, something worth fighting for. And while their chemistry is undeniable, it’s something more than that. It’s the kind of thing you’re lucky to find in your lifetime. But as George’s star rises and more people discover her undeniable charm, Caleb struggles to imagine there could be a place for him in her new life. He’s willing to fight for her, but will George choose to fight for him?",https://i.gr-assets.com/images/S/compressed.photo.goodreads.com/books/1763786901l/244267091._SY475_.jpg,,,title_author,medium,[],[],[],[]
book_0d22634f2c2343b3,"Flow (The New Bradfords, #3)",Tia Louise,,380.0,"Mon, 20 Apr 2026 00:04:10 -0700","<i>He’s loved her since childhood; one fake date might finally make it real.</i><br /><br />I was 15 years old when I stood on a hill in a peach orchard with the girl of my dreams, contemplating marriage. <br />Now I’m a hockey star, The Maverick Murphy.<br />I have flow on the ice and on my head, but I still have trouble forming sentences when she’s around.<br />And she’s all around—living in my house, sharing my space, so close, I can smell her perfume on my clothes.<br />I’m all grown up, and I’d still do anything for her.<br /><br />I was 15 when I stood on a hill in my family’s peach orchard with the cutest boy I knew and said I’d marry him on the spot.<br />Now that boy is a grown man, a hockey star with muscles and dimples and smoldering hazel eyes.<br />He’s also my new roommate, but I’m not here to fall in love.<br />Our beloved peach trees are dying, and I’m here to find a cure.<br /><br />When the town’s rich bully threatens to own our land and me along with it, I kind of snap. I kind of say Maverick’s mine for real.<br />It’s a lie. We’re only faking, but with every kiss, every touch, every stolen moment, reality starts to blur.<br />Still, as much as we want to pretend, he’s LA’s hockey champion, and when the semester ends, I’ll have to leave.<br />That’s reality.<br /><br /><b>(Flow is a hockey romance with a golden retriever hero, a STEM FMC, childhood friends to lovers, he falls first [and so hard], fake dating, close proximity, roommates to lovers, it’s always been you, hilariously meddling family, and loads of spicy fun. No cheating, no cliffhanger, and no third-act breakup.)</b>",https://i.gr-assets.com/images/S/compressed.photo.goodreads.com/books/1774274831l/250139156._SY475_.jpg,,,title_author,medium,[],[],[],[]
book_8307d3107d1e4bf1,Good at Being Alive,Elizabeth O'Roark,,368.0,"Mon, 20 Apr 2026 00:03:38 -0700","<b>A party girl and a grumpy British CEO fake a dream European honeymoon for a reality TV show that could save their travel agency—and give them both a new lease on life (and love)—if only they’d take the chance.</b><br /><br />Rebecca “Bex” Daniels has just lost everything: her father, stepmother, and beloved stepsister all died in a freak train accident, leaving her completely alone in the world and responsible for her family’s travel agency. Only a few months after the tragedy, her father’s UK partner, the straitlaced Theo Porter, reveals that the business is about to go under. Their only hope? A reality TV deal her father brokered before his death…with a slight rebrand: Now, Bex and Theo are to pose as newlyweds, exploring the world on an extended honeymoon.<br /><br />Bex and Theo couldn’t be more different—but though they initially clash, once filming gets underway, Bex discovers he’s also amusing, protective, and kind, the sort of man she’d want to be married to in real life, if she thought for a second she deserved him. As for Theo, he can't help but be swept up into the brilliant whirlwind that is Bex, but ever since his brother died, a real relationship is the last thing he wants.<br /><br />As Bex and Theo flit across Europe, from Capri to Paris, exploring sundrenched villas and remote fjords, they can't help but notice their walls coming down, and their arguments begin to feel a lot more like foreplay than fighting. But they each carry around more than enough emotional baggage, and they'll have to contend with public scandals, crushing grief, and their burgeoning fame before they can decide if they're ready to ride off into the sunset once the cameras stop rolling.",https://i.gr-assets.com/images/S/compressed.photo.goodreads.com/books/1760756901l/241715937._SY475_.jpg,,,title_author,medium,[],[],[],[]
book_d9d086628fb6fa55,You Jump First,Myah Ariel,,272.0,"Mon, 20 Apr 2026 00:01:13 -0700","<b><i>Better Than the Movies</i> meets <i>Beach Read</i> in this young adult rom-com about a girl whose heartbreak pact with her crush’s brother turns into something she never expected.</b><br /><br />Andie has had a hard year. With her parents now divorced, it’s just her and her mom at their lake house for the summer. But Andie is trying to forget about that and focus on reuniting with Patrick, her long-time, will-they-won’t-they crush. Did Andie and Patrick have a disastrous attempt at a first kiss last August? Well, yes. That’s behind them, though. This summer will be all sunshine and fireworks—literal and otherwise.<br /> <br />Tommy is supposed to have the perfect summer with his girlfriend, Chloe, who’s staying with his family at Big Bear Lake. He’ll finally feel like he fits in with the lake crew—something his brother, Patrick, always seems to do with ease. This summer will be all about working on his writing and being blissfully coupled up with the girl who has the most gorgeous eyes he’s ever seen. <br /> <br />Then Patrick shows up to the lake with a girlfriend<i> </i>of his own in tow and Tommy gets spectacularly dumped via text. Suddenly, Andie and Tommy are weighed down by heartbreak instead of buoyed up by romance. But who can better help you weather a broken heart than someone in the same boat?",https://i.gr-assets.com/images/S/compressed.photo.goodreads.com/books/1760887227l/242974867._SY475_.jpg,,,title_author,medium,[],[],[],[]
book_40d1eb3ae8370500,On a Flight to Sydney (Love Along the Way #1),J.A.  Forde,,361.0,"Sun, 19 Apr 2026 23:53:09 -0700","<b>What if the very last thing you’re looking for turns out to be exactly what you need?</b><br /><br /><b>Joss Morgan </b>is perfectly happy with her life in Sydney, thank-you-very-much. She may be single, have only one true friend, and live alone… but she doesn’t need a man… or more friends… or anything at all.<br /><br /><b>Wes Anderson</b> boards a flight to Sydney intent on escaping the cinders of his life—the dreams that have all gone up in smoke. One year. One year of freedom to be anyone he wants; that is, anyone but the man he always thought he'd be.<br /><br />When Joss and Wes’s worlds collide, he steals her breath—in more ways than one—and she seems to steal all the space in his already full head. Now, life is determined to throw them together and what starts as an awkward dance of unlikely friendship—each trying to contain their own emotional landmines—turns into something they never saw coming.<br /><br />But can two people with enough baggage to bring down a plane help each other heal? With their pasts lurking around every corner like airport security, Joss and Wes must decide: <br /><br /><b>Is it safer to fly solo or would a life together be worth all the risk?</b><br /><br /><br /><br />On a Flight to Sydney is the first book in the Love Along the Way series. It’s a swoony, laugh out loud, tug on your heartstrings, romance filled with friendship, surfing, and two people doing their best to navigate this thing called life.",https://i.gr-assets.com/images/S/compressed.photo.goodreads.com/books/1720073337l/213792675.jpg,,,title_author,medium,[],[],[],[]
book_7a3f13c4145276ba,For Butter or for Worse (Sweet Coastal Kisses),Dana LeCheminant,,189.0,"Sun, 19 Apr 2026 23:52:36 -0700","<b>In the quaint coastal town of Willow Cove, Georgie Carpenter returns to take over a bakery, only to discover that the sweet deal comes with an unexpected twist—a husband.</b><br /><br />Royal “King” Kingston, overwhelmed with balancing surf lessons and the responsibility of his late uncle’s struggling bakery, is shocked by Georgie’s return from the big city to his little town. Though she’s renowned as a pastry chef and could save the bakery, King can’t shake the memories of her rejection of his proposal a decade ago. Yet faced with the ultimatum of losing his uncle’s legacy or handing it over to the woman who broke his young heart, King reluctantly agrees to her help.<br /><br />However, there’s a catch—the bakery can only be passed down to family. Georgie suggests a a temporary marriage to facilitate the transfer of ownership. With no strings attached, they can part ways once the paperwork is done. King is reluctant but agrees to the plan out of necessity.<br /><br />But as their temporary arrangement evolves, both Georgie and King confront unexpected emotions and realize that what they bargained for may be more than they ever imagined. Will their makeshift marriage lead to a second chance at love, or will past insecurities tear them apart once again?",https://i.gr-assets.com/images/S/compressed.photo.goodreads.com/books/1710299839l/209741468._SY475_.jpg,,,title_author,medium,[],[],[],[]
book_d37486a5be195d5a,Harbingers of Death: The Complete Series,LeAnn Mason,,722.0,"Fri, 03 Apr 2026 00:15:09 -0700","<i>
  <b>For those serving life sentences, we bring sentences of death.</b>
</i><br /><br />Living life on the move and under the radar, you'd think I'd know not to scream when witnessing a murder but apparently not. Wrongfully accused, I’m tossed into lockup—with a grim cellmate.<br /><br />I guess that makes sense when I find out she’s a mythical death omen, and—kicker—so am I.<br /><br />Recruited into the secret Harbingers of Death organization’s Prison Unit, I join a sultry siren, broody hellhound, grim raven, and fiery phoenix, none of whom seem to like me much. Under a sexy-as-hell Egyptian god team lead, I help them ferry souls across the veil. With this new start, I have to leave my solo, nomad life behind, but honing my newly unbound powers and fitting into their family proves difficult.<br /><br />It gets worse when the mysterious past that made me an orphan catches up to vampires of all things—dead humans who cling to their souls to avoid crossing to the other side. They want to take out the last banshee and expose humans to the horrors that lurk in the shadows of death.<br /><br />Who’s screaming now? Oh, it’s still me.<br /><br /><b>
  <i>From co-authors L.B. Carter and LeAnn Mason comes the full Harbingers of Death trilogy plus a lengthy bonus epilogue of chapters. #bansheeScream with the HDPU in a gritty new adult tale of self-discovery, mysterious pasts, new powers, found family, and slow-burn romance with snarky shifters, gorgeous Egyptian gods, vengeful vampires, and quirky creatures of Greek, Celtic, and other pantheons of mythology.</i>
</b>",https://i.gr-assets.com/images/S/compressed.photo.goodreads.com/books/1718763302l/214236675._SY475_.jpg,,,title_author,medium,[],[],[],[]
book_4de4eec905f5cc04,Hope Drowned: a unique and mysterious YA Disaster Dystopian (Deadly Earth),L.B. Carter,,,"Fri, 03 Apr 2026 00:15:08 -0700","***#1 International Bestseller, 14th Best Indie Book of 2018 by Read Freely, #1 Amazon Hot New Release, 5 Stars from Readers Favorite***The waters of chaos are rising. It’s time to sink or swim. Sirena hasn’t spoken since the day she was found waterlogged on a riverbank. Her lips are sealed around a lone, horrific memory of her holding her father underwater and saying goodbye with a life-ending kiss. Now, Rena is treading water to fit in to a world in which she doesn’t belong. When a bully begins tormenting her, she fears it’s his life at stake. Misreading the situation, mysterious new student, Norton, comes to Sirena’s defense, as if she’s the one that needs help navigating shark invested waters. Seeking clues about a fateful car accident, he believes she's a treasure chest he needs to pry open. But high school is more difficult than the home schooled undercover investigator anticipated. When they discover links between her past and his missing friend, Nor and Rena fear foul play. The murky waters the past are churning in this small coastal town, dredging up dangerous truths that could put Rena’s life under a microscope and Norton in the line of fire. Storms are rolling in from all sides, threatening family and friends. Can Nor find a way to keep them from drowning or will those antagonizing Rena be caught in a maelstrom of her defensive fury? ----------------------------------------------***Fans of the Maze Runner, the Hunger Games, and the movies The Day After Tomorrow and 2012 will get sucked into the gripping trilogy reviewers call unique and refreshing with dynamic characters, a smattering of romance, and twists and turns of edge-of-your-seat action, mystery and danger!*** Grab the internationally bestselling, award-winning first book in the disaster dystopian trilogy called ""refreshing"" and ""unique""! (An upper YA with some sexual references and swearing.)---------------------------------------------- ""refreshingly different from the usual YA/NA plotlines and very cleverly put together ... an intelligent novel"" - Award-winning author C.L. Monaghan. ""[This book] delivers a riveting YA story woven with important topics, mystery, action-packed moments, and endearing characters."" - 5 stars from Readers Favorite",https://i.gr-assets.com/images/S/compressed.photo.goodreads.com/books/1668715078l/63342687._SY475_.jpg,,,title_author,medium,[],[],[],[]
book_1da5c040393566d6,Chopped,L.B. Carter,,24.0,"Fri, 03 Apr 2026 00:15:07 -0700",A wood nymph is uprooted at Christmas by a tree salesman.,https://s.gr-assets.com/assets/nophoto/book/111x148-675b3b2743c83e96e2540d2929d5f4d2.png,,,title_author,medium,[],[],[],[]
book_0e6f1b03d07c74eb,Loan Soul Series Books 1-4 (Loan Soul),L.B. Carter,,1175.0,"Fri, 03 Apr 2026 00:15:03 -0700","Awarded Reader's Favorite 2020 gold medal in Paranormal Fiction.<br />Voted Read Freely's 12th Best Indie Book of 2019 by readers!<br /><br />Why sell your soul to the Devil when you can take out a loan instead? Sounds like a great deal, right?<br /><br />It is for Darcie Rose, who regularly escapes Hell (literally) to sub into the bodies of the temporarily soulless. It's called the Souls on Loan Exchange, and she's employee of the month again... until something goes wrong.<br /><br />Stuck on Earth in the wrong body, facing her betraying ex, no less, she's just broken Lucifer's only two rules. Oh and she accidentally resurrected a taxidermy fox. Now, his surly demon henchmen is coming for her.<br /><br />Just Hell.<br /><br />Can they work together to root out Hell's traitor and stop his nefarious plans to expose possession to humans? Can Darcie face--and forgive--those in her past life who caused her premature fate when Hell hath no fury like a woman burned? Or will she earn eternal torture in purgatory instead of rest in peace?<br /><br /><br />The Loan Soul series is a whimsical paranormal-fiction ride with a strong, independent, hard-working heroine; slow-burn enemies-to-lovers romance; vengeance and second chances; adorable zombie animals; subverted stereotypes; and delightfully wicked twist on the occult.<br /><br /><br />""Who knew the working system in Hell could be so interesting? ... a bizarre but entertaining supernatural fantasy with an imaginative premise. ... an engaging story from start to finish."" ~5-star medal from Readers Favorite<br /><br />""Don't take my word for it, just pick up a copy and read. You won't regret it!"" ~5-star Amazon reviewer<br /><br />""Clear your schedule because the fast-paced 'bodyhoppin' (not an 80s dance) needs 100% focus so you can fully enjoy this hellish (in a good way) ride."" ~5-star Amazon UK reviewer<br /><br />""I was completely captivated through out the entire story never a dead moment. [...] L.B. Carter is a master at weaving comedy and supernatural suspense together into something truly spectacular!"" ~5-star Amazon reviewer",https://i.gr-assets.com/images/S/compressed.photo.goodreads.com/books/1678237860l/77551152._SY475_.jpg,,,title_author,medium,[],[],[],[]
book_e4c097cb7156a269,"Night Stalker (Branwyn Blood: The Exiled Fae of Texas, #0.5)",L.B. Carter,,,"Fri, 03 Apr 2026 00:15:01 -0700","From Underhill to Hill Country... exiled fae hunt for vengeance.<br /><br />A failed mission. A chance for redemption. A shamed half-breed Fae seeks to recover all she lost.<br /><br />My name is—well, I shouldn’t tell you; there’s power in knowing an Elf’s name. And Uncle just used mine to send me on a dangerous mission for the king... alone. <br /> <br />He’s hoping I won’t return, neatly eliminating the family’s shame. I’ve been trying to compensate for being half Pwca my whole life. Now, it’s time to embrace it.<br /><br />I’m not the only one after the child. But the prize my foe covets will be mine. I will get my redemption and my revenge.<br /> <br />I refuse to lose what little I have left.<br /> <br />– – –<br /><br />Night Stalker is the origin story of the Branwyn Blood: The Exiled Fae of Texas series by award-winning, internationally bestselling author L.B. Carter, which intertwines Welsh/Celtic lore, supernatural crime mystery, and mercenary action in a noir urban fantasy with antiheroes, gray villains, and diverse characters.<br /><br />THIS NOVELLA IS A GIFT FOR SUBSCRIBERS TO L.B. CARTER'S NEWSLETTER.",https://i.gr-assets.com/images/S/compressed.photo.goodreads.com/books/1650686600l/60864841._SY475_.jpg,,,title_author,medium,[],[],[],[]
book_4047d748110b00ae,"Shadow Keeper (Branwyn Blood: The Exiled Fae of Texas, #2)",L.B. Carter,,237.0,"Fri, 03 Apr 2026 00:15:00 -0700","From Underhill to Hill Country… exiled fae hoard for protection.<br /><br />BOUND TO SERVE. LEFT IN THE DARK. WITH DRAGONS THREATENING TO RESTART WAR, WHAT CAN AN IGNORANT BROWNIE DO TO KEEP PEACE?<br /><br />I thought I could relax once I figured out the loophole in my debilitating genetic condition to serve anyone who asks for delegation. Just call me middle management of human needs.<br /><br />But when Tylwyth Teg start calling in favors as well, there’s no skirting fae bargains. And it turns out there are a lot more of us hidden in Texas than I knew. If I can maintain our secrecy in this realm, my elf stalker won’t drag me to Underhill or report back to her leaders that the exiled community is a threat.<br /><br />After a schism among the dragons brings an ancient revolt back into the light, the flames of unrest lick at the peace treaty--with me in the midst of the fire fight. I may have to forgive Rhydian for keeping me ignorant of the truth. Some burning secrets are better left in the shadows.<br /><br /><br />___<br />Shadow Keeper is the second full-length novel of the Branwyn Blood: The Exiled Fae of Texas series by award-winning, internationally bestselling author L.B. Carter, which intertwines Welsh/Celtic lore, supernatural crime mystery, and mercenary action in a noir urban fantasy with antiheroes, gray villains, and diverse characters.",https://i.gr-assets.com/images/S/compressed.photo.goodreads.com/books/1713810255l/212000698._SY475_.jpg,,,title_author,medium,[],[],[],[]
book_627e3599c6049c4e,"The Quick Dead Fox (Loan Soul, #0.5)",L.B. Carter,,,"Fri, 03 Apr 2026 00:14:59 -0700","The quick dead fox jumps right over the grave, but he's not the one who needs to be laid to rest before Hell breaks loose...<br /><br />Darcie Rose is used to unusual summons back to Earth from Hell. But this time, she’s not the only dead not resting peacefully.<br /><br />When a bet lands Darcie in the middle of a graveyard mystery, it’s up to her and her loyal-beyond-death pet to unearth the truth. But a zombie celebrity and a reanimated taxidermy fox in LA draw as much attention as the missing bodies.<br /><br />They’re hens in a fox-den.<br /><br />Can they fix the error before they garner their own attention? And will Luci be the first to notice, damning her further into the lower circles of Hell?<br /><br />*The Quick Dead Fox is a free short story in the dark supernatural urban fantasy Loan Soul series available by subscribing to L.B. Carter’s newsletter. Chronologically, it takes place after Four Poor Souls but can be read as a standalone. Read the full comically hellacious mistrials of Darcie Rose and her undead fox via the book links at LBCarter.com.*",https://i.gr-assets.com/images/S/compressed.photo.goodreads.com/books/1581566398l/51215437._SX318_.jpg,,,title_author,medium,[],[],[],[]
book_89aefc9e6d88ceb2,Deadly Earth Omnibus,L.B. Carter,,722.0,"Fri, 03 Apr 2026 00:14:57 -0700","The Earth has turned on its inhabitants. Humanity is threatened. Storms, wildfires, droughts; our home planet has become the enemy. But a mysterious teen might hold the key to survival... if she herself can survive a tug-of-war between activists, scientists, and the government. Or can they come together to save the world crumbling around them?<br /><br />Journey into the complete internationally bestselling, award-winning upper YA Deadly Earth Omnibus with over 1000 pages featuring 3 full-length novels PLUS a brand-new, exclusive novella!<br /><br />BOOK 1 – HOPE DROWNED: The waters of chaos are rising. It's time to sink or swim.<br />BOOK 2 – TRUST BURNED: As the fire of fear spreads, some want to watch the world burn.<br />BOOK 3 – LOVE DESERTED: In the arid wasteland of distrust, only the strong survive.<br />NOVELLA – CALM THAWED: With the release of toxins, it's a fight for a breath of fresh air.<br /><br />Fans of the Maze Runner, the Hunger Games, and the movies The Day After Tomorrow and 2012 will get sucked into the gripping trilogy reviewers call unique and refreshing with dynamic characters, a smattering of romance, and twists and turns of edge-of-your-seat action, mystery and danger!<br /><br />""Refreshingly different from the usual YA/NA plotlines and very cleverly put together"" -Award-winning author C.L. Monaghan<br /><br />""A riveting YA story woven with important topics, mystery, action-packed moments, and endearing characters."" -Reader's Favorite (5 STARS)",https://i.gr-assets.com/images/S/compressed.photo.goodreads.com/books/1588895045l/53346986._SX318_.jpg,,,title_author,medium,[],[],[],[]
book_3ab79b0f52845be3,Fish(y) out of Water,L.B. Carter,,378.0,"Fri, 03 Apr 2026 00:14:55 -0700","Suzanna Kane's move to big-city Boston was the only part of Plan: Adult Life that might have been the first failure a bottle of wine couldn't fix. The only thing unpacked in Zanna's first post-university, parent-free apartment was her pet fish. And it was dead.<br /><br />...As was the body she stumbled over later that night.<br /><br />These feel like omens for something fishier when an anonymous sender starts emailing a chapter a day of a serial murder plot that all too coincidentally seems to mirror her own life, blurring reality and fiction and threatening to leave her belly up in the Charles River no matter how many pets she replaces to appease Karma.",https://i.gr-assets.com/images/S/compressed.photo.goodreads.com/books/1548428879l/43703353._SY475_.jpg,,,title_author,medium,[],[],[],[]
book_808547d1138962e5,Love Deserted (Climatic Climacteric Trilogy #3),L.B. Carter,,265.0,"Fri, 03 Apr 2026 00:14:55 -0700","In the arid wasteland of distrust, only the strong survive.<br /><br />After a genetic trade, Valerie Acton is able to convince even her own brother that she is actually superhuman creator Jennifer Tate. Having achieved her goal, she can head back to her role as Natural Disaster Management Director, unless the man who dated the real Jennifer Tate blows her cover.<br /><br />When he offered to remain behind in an arid wasteland to give his brother a chance to escape, Reed Stanley, didn’t expect to enjoy his sentence. But retaining his training as a bodyguard  to keep her alive is hard once he knows her secret... and the role she played in Jen's death.<br /><br />Trapped with what feels like the last man on Earth in the midst of a drought, Val must table her independent streak and reevaluate her plans to save her people. Reed, stuck protecting a gorgeous woman, must guard his damaged heart to focus on getting home. Not the type to sit on their rears, they edge toward murder as heating tempers turn flirtatious banter into dangerous games.<br /><br />That is if nature doesn't hunt them down before their rescue team does. Can they escape destruction and unite the world against the real enemy or will the Earth — and their tension — fry them first? <br /><br />***Fans of the Maze Runner, the Hunger Games, and the movies The Day After Tomorrow and 2012 will get sucked into the gripping trilogy reviewers call unique and refreshing with dynamic characters, a smattering of romance, and twists and turns of edge-of-your-seat action, mystery and danger!***<br /><br />Grab the highly anticipated final book in the internationally bestselling, award-winning disaster dystopian trilogy, called ""refreshing"" and ""unique""! (An upper YA/NA with some sexual references and swearing.)",https://i.gr-assets.com/images/S/compressed.photo.goodreads.com/books/1588894963l/53346983.jpg,,,title_author,medium,[],[],[],[]
book_5dd7b27401165f4d,Trust Burned (Climatic Climacteric Trilogy #2),L.B. Carter,,275.0,"Fri, 03 Apr 2026 00:14:53 -0700","As the fire of fear spreads, some want to watch the world burn.<br /><br />Henley Bickford earned a scholarship to a prestigious university after building her own bionic hand. Consumed by the fire to save people with her inventions, she works in the engineering sector of a high-tech lab, until she learns the ""termination"" clause in her robotics project contract is a literal one.<br /> <br />An ally on the outside warns Ace ""Buster"" Acton it's time to drop his covert task of stealing university research for the government. His new goal: extract a genetic mutant and the scientist who made her. <br />​<br />It’s not in Ace's nature to leave others behind — they could be an asset in a successful escape — while Henley, burned by betrayal, has no choice but to take ""the Bus'"" hand and run. With enemies blazing hot on their tail, they must collaborate with a competing team vying for their stolen goods if they hope to save countless lives... including their own. <br />​<br />Outrunning the brightest minds in the country won’t be easy. Can the growing band of misfits work together to warn the world of the billowing clouds of death closing in or will they be silenced by their own inventions?<br /><br /><br />***Fans of the Maze Runner, the Hunger Games, and the movies The Day After Tomorrow and 2012 will get sucked into the gripping trilogy reviewers call unique and refreshing with dynamic characters, a smattering of romance, and twists and turns of edge-of-your-seat action, mystery and danger!***<br /><br />Grab book 2 in the internationally bestselling, award-winning disaster dystopian trilogy, called ""refreshing"" and ""unique""! (An upper YA/NA with some sexual references and swearing.)",https://i.gr-assets.com/images/S/compressed.photo.goodreads.com/books/1588894917l/53346982.jpg,,,title_author,medium,[],[],[],[]
book_52f867c1ef4db8fb,"Four Poor Souls (Loan Souls, #4)",L.B. Carter,,236.0,"Fri, 03 Apr 2026 00:14:52 -0700","Larkynn Bern had prepared for death. Instead, life won’t let her go.<br /><br />A painful death was inevitable as cancer ravaged Larkynn’s body, but the reaper’s pull came much sooner than expected. And it toyed with her. After a near-death fall that did kill her best friend, her mind dragged her to the bowels of Hell. Locked in a psych ward, she hallucinated demons, zombies, and her deceased friend. <br /><br />She should have joined them, but Larkynn slipped right through the reaper's fingers.<br /><br />Larkynn's soul has gone missing from Hell, and it's up to a plucky cast of souls to find her without the living becoming aware. Can Larkynn escape with their help? When it comes to saving her soul or several others, will she decide to kill or remain in limbo? <br /><br />From Internationally Bestselling author L.B. Carter comes book four in the Loan Soul Series, the popular dark paranormal fantasy with a sardonic twist!",https://i.gr-assets.com/images/S/compressed.photo.goodreads.com/books/1585271492l/52727762._SY475_.jpg,,,title_author,medium,[],[],[],[]
book_4142a69f0f10b15e,"Shifters Cliff (The Fox and the Howl, #3)",L.B. Carter,,258.0,"Fri, 03 Apr 2026 00:14:48 -0700","It's the witches' turn to hunt.<br /><br />Once the Mills Pack fell apart, I hoped I might finally be safe to live a normal life — as normal as possible for a woman who used to turn into a fox. Daft of me.​<br /><br />When Aunt Ellen's former coven sister revealed magic to the humans of Bristol, she turned me into a threat. And I know first-hand that when threatened, an animal will do one of two things: cower or fight.<br /><br />I don't know whether the witches or the humans will dominate, but I do know one thing: the hunt no longer belongs to the wolf-shifters.<br /><br />In a twist, it's Cooper who may know a way that I can finally build a life for myself... for us. Without anyone else dying. I have enough spirits haunting me.<br /><br />***This is the magical conclusion to the haunting trilogy by award-winning internationally bestselling author L.B. Carter. Find out how Dot and Cooper tackle an ancient feud of shifters and witches — with a furry little fox tossed in the middle — in this mix of haunting urban fantasy and M/F star-crossed friends-to-enemies-to-lovers paranormal romance, perfect for fans of Deborah Harkness, Anne Bishop, and Christine Feehan.***",https://i.gr-assets.com/images/S/compressed.photo.goodreads.com/books/1621060367l/57879917._SY475_.jpg,,,title_author,medium,[],[],[],[]
book_76cf75b5c72cff31,"Three Broke Souls (Loan Soul, #3)",L.B. Carter,,308.0,"Fri, 03 Apr 2026 00:14:40 -0700","Darcie Rose thought a promotion would improve Hell. Instead she’s become the Devil’s henchman.<br /><br />A year since she started working for the Devil’s Deals Souls On Loan Exchange program, Darcie Rose has been promoted to demon. But the perk of portal-controlling powers doesn’t overshadow the cold-hearted task of her next mission: “Handle” all the taxidermied animals that she accidentally reanimated in order to restore Earth to its natural order.<br /><br />That isn’t the only cloud on her parade.<br /><br />Someone is collecting the scattered zombie animals before she can. Darcie has to call on those she ditched in Hell to solve this case, even her its-complicated ex-fiance, her it’s-more-complicated ex-best friend, and her it’s-most-complicated former jerk of a demon partner.<br /><br />Can they work together to find all the animals? Can Darcie convince herself to return her furry sidekick fox and lizard to the grave? Or will humanity be exposed to the horrors of Hell and the possessed among them, a failure Lucifer will definitely punish with more than just a demotion?<br /><br />From Internationally Bestselling author L.B. Carter comes book three in the Loan Soul Series, a dark supernatural urban fantasy with a sardonic twist!",https://i.gr-assets.com/images/S/compressed.photo.goodreads.com/books/1573174581l/48682472._SY475_.jpg,,,title_author,medium,[],[],[],[]
book_104094744d52340e,"Witches Bridge (The Fox and the Howl, #2)",L.B. Carter,,282.0,"Fri, 03 Apr 2026 00:14:39 -0700","Burned bridges have a habit of biting you in the tail.<br /><br />When Cooper chose his wolf-shifter pack over me, he crushed my little fox-shifter heart. With my own identity in turmoil, he'd been the one constant... and we'd been becoming more than secret friends.<br /><br />Now, I have no choice but to lean on the witches who've risen from the graves to join the ancient fight. But their motivation for helping me are far from noble.<br /><br />With Coop's allegiance in question, I don't know if I have the will to sacrifice him. After all, if the witches turn me into a deadly weapon against the new alpha,<br />I won't come out alive.<br /><br />If only what's dead and gone would stay that way.<br /><br /><br />This is the second book in a haunting urban fantasy and m/f star-crossed friends-to-enemies-to-lovers paranormal romance. Get twisted up in an ancient feud of shifters and witches — with a furry little fox tossed in the middle. Perfect for fans of Deborah Harkness, Anne Bishop, and Christine Feehan.<br />One-click to continue the story or start with book one, Wolves Wood.",https://i.gr-assets.com/images/S/compressed.photo.goodreads.com/books/1608601473l/56375983._SY475_.jpg,,,title_author,medium,[],[],[],[]
book_2e4ee8b8f6cbc934,"Body Snatcher (Branwyn Blood: The Exiled Fae of Texas, #1)",L.B. Carter,,,"Fri, 03 Apr 2026 00:14:38 -0700","From Underhill to Hill Country... exiled fae hide from oppression.<br /><br />DRIVEN TO HELP. COMPELLED TO HURT. IT FALLS TO AN OVERWORKED BROWNIE TO KEEP FAE DARKNESS IN CHECK.<br /><br />As a Brownie hidden in plain sight, one magic word uttered in my presence—even without my hearing aid—hijacks my autonomy and contorts me into a subservient Samaritan: help. <br /><br />When a child goes missing and bodies turn up around Austin, I'm compelled to hunt. The culprit had better pray I find them before the deadlier Fae exiled to Hill Country exterminate the threat using claws and teeth. <br /><br />But as I close in on the killer, I begin to fear my obedient nature could be used against me. Will the twisted agenda of a vengeful mind turn me into the villain? <br /><br /><br />–––<br />Body Snatcher is the first full-length novel of the Branwyn Blood: The Exiled Fae of Texas series by award-winning, internationally bestselling author L.B. Carter, which intertwines Welsh/Celtic lore, supernatural crime mystery, and mercenary action in a noir urban fantasy with antiheroes, gray villains, and diverse characters.",https://i.gr-assets.com/images/S/compressed.photo.goodreads.com/books/1709424223l/61648888._SY475_.jpg,,,title_author,medium,[],[],[],[]
book_f746275f4002cbe7,Hope Drowned (Climatic Climacteric Trilogy #1),L.B. Carter,,263.0,"Fri, 03 Apr 2026 00:14:37 -0700","The waters of chaos are rising. It’s time to sink or swim.<br /><br />Sirena hasn’t spoken since the day she was found waterlogged on a riverbank. Her lips are sealed around a lone, horrific memory of her holding her father underwater and saying goodbye with a life-ending kiss. Now, Rena is treading water to fit in to a world in which she doesn’t belong. When a bully begins tormenting her, she fears it’s his life at stake.<br /><br />Misreading the situation, mysterious new student, Norton, comes to Sirena’s defense, as if she’s the one that needs help navigating shark invested waters. Seeking clues about a fateful car accident, he believes she's a treasure chest he needs to pry open. But high school is more difficult than the home schooled undercover investigator anticipated.<br /><br />When they discover links between her past and his missing friend, Nor and Rena fear foul play. The murky waters the past are churning in this small coastal town, dredging up dangerous truths that could put Rena’s life under a microscope and Norton in the line of fire.<br /><br />Storms are rolling in from all sides, threatening family and friends. Can Nor find a way to keep them from drowning or will those antagonizing Rena be caught in a maelstrom of her defensive fury?",https://i.gr-assets.com/images/S/compressed.photo.goodreads.com/books/1588894855l/53346979._SY475_.jpg,,,title_author,medium,[],[],[],[]
book_7de3fdad0a526b4d,"Two Sold Mates (Loan Soul, #2)",L.B. Carter,,319.0,"Fri, 03 Apr 2026 00:14:35 -0700","Darcie Rose thought she had escaped Hell. Instead it followed her to Earth.<br /><br />When she died, Darcie Rose did all she could to return to the land of the living, including signing on to Lucifer’s loan program as a substitute soul. Now she's stuck on Earth, dragged there by the very man who caused her death. She’s desperate to return to the Overworld to avoid adding to her sentence of damnation. That’s not an easy feat, even for Luci’s best employee. Especially since Darcie’s new partner is an apathetic demon whose ignorance of the living threatens to expose them … and he’s wearing her former fiancé’s body. To dig her grave even deeper, her sidekicks are a one-eyed, undead fox and a zombie lizard.<br /><br />She’s a doubly dead girl walking … unless she can get her ducks on the road. <br /><br />Can Darcie break the ties that trap her in innocent casings on Earth, including the best friend who betrayed her? Can she convince the Devil’s henchman — and her broken, unbeating heart — to forgive a mistake made in the name of love?<br /><br />From internationally bestselling, award-winning author L.B. Carter comes the highly anticipated second book in the 5-STAR Loan Soul series, a dark supernatural urban fantasy with a sardonic twist.",https://i.gr-assets.com/images/S/compressed.photo.goodreads.com/books/1567120641l/52775019._SX318_SY475_.jpg,,,title_author,medium,[],[],[],[]
book_2e6676f21f00a473,"Grave Notice (Harbingers of Death, #3)",L.B. Carter,,230.0,"Fri, 03 Apr 2026 00:14:35 -0700","I saved my mother but damned myself.<br /><br />With the supernatural ability to foretell death, I expected to keep deadly company. But I never anticipated being prisoner to a horde of immortality-seeking undead. I was finally accepted by the HDPU — then I went and traded my freedom for my mother’s. Now, it’s my turn to endure abuse at the hands of the vampires who want my prophetic powers.<br /><br />But I’m still being hunted. Turns out not all vampires are on board with having a pet banshee on the leash, and some still want me silenced... for good. Time to kill two vamps with one stone — er, scream. With my mom aiding Seke and the team, we can show these fangers just what the last two banshees can do.<br /><br />Hopefully, I can complete my self-appointed mission before someone succeeds at putting me in an early grave.<br /><br /><br /><br />***For fans of Dannika Dark, Jennifer L. Armentrout, and Burn Notice comes a gritty NA tale of self-discovery, mysterious pasts, and slow-burn romance with snarky shifters, gorgeous Egyptian gods, and quirky creatures of Greek and Celtic mythology.***",https://i.gr-assets.com/images/S/compressed.photo.goodreads.com/books/1615234379l/57352738._SY475_.jpg,,,title_author,medium,[],[],[],[]
book_f3487a59f28b7cda,"Fatal Sight (Harbingers of Death, #2)",L.B. Carter,,335.0,"Fri, 03 Apr 2026 00:14:33 -0700","I am a banshee, and a Harbinger of Death. No matter how much I try to escape both.<br /><br />On my first real assignment after weeks of training with the Harbingers of Death Prison Unit, the plan goes wrong. Deadly wrong. And it's my fault.<br /><br />My haunting guilt and my new team’s hostility are enough to turn me away. I hoped Seke would fight for me, give me a reason to stay, but he sends me packing. So, I try a few new teams... until I want to scream.<br /><br />Time to head out on my own and hunt down the being who can rebind the deathly powers that only bring me trouble. But it turns out I’m not the only one doing the hunting, and suddenly, my mysterious past is running me down.<br /><br />Can banshees announce their own death? I have a lot to learn. Fast.<br /><br /><br />***For fans of Dannika Dark, Jennifer L. Armentrout, and Burn Notice comes a gritty NA tale of self-discovery, mysterious pasts, and slow-burn romance with snarky shifters, gorgeous Egyptian gods, and quirky creatures of Greek and Celtic mythology.***",https://i.gr-assets.com/images/S/compressed.photo.goodreads.com/books/1599268807l/55234156._SY475_.jpg,,,title_author,medium,[],[],[],[]
book_91c0d7acf2923eee,"Wolves Wood (The Fox and the Howl, #1)",L.B. Carter,,264.0,"Fri, 03 Apr 2026 00:14:33 -0700","An ancient feud. Secret magic. Forbidden romance. Death puts a stop to all... or is it the cause?<br /><br />I’m an “abomination” — Dot Pearson, the fox-shifter fueled by black magic — and, as such, banned from Wolves Wood. In turn, the Mills Pack wolf-shifters avoid the city… except my best friend, Cooper Mills, who’s not one for following rules.<br /><br />When we stumble on a dead wolf during one of his secret visits, I'm blamed, and my status tanks from threatened to endangered.<br /><br />Now, I have a 72-hour mourning period to find the true killer before the alpha begins the fox hunt. And unless he reveals our tryst to confirm my alibi and risks his life too, Coop must join the chase.<br /><br />With strangers drifting into Bristol on the autumn breeze and the dead whispering from the grave, exhuming hidden truths about my power, I don’t know who to trust. Forget passing my first year at uni — which side will I choose: the dark family who lied to me, or the caring guy whose father wants me dead?<br /><br />***Prepare for an ancient feud of shifters and witches — with a furry little fox tossed in the middle — in this mix of haunting urban fantasy and m/f star-crossed friends-to-enemies-to-lovers paranormal romance, perfect for fans of Deborah Harkness, Anne Bishop, and Christine Feehan.***",https://i.gr-assets.com/images/S/compressed.photo.goodreads.com/books/1601954704l/55576803._SY475_.jpg,,,title_author,medium,[],[],[],[]
book_ed1b052cf6d75401,"Mortal Scream (Harbingers of Death, #1)",L.B. Carter,,240.0,"Fri, 03 Apr 2026 00:14:31 -0700","Don't get caught. It's the most important lesson... and I failed.<br /><br />Living life on the move and under the radar, you'd think I'd know not to scream when witnessing a murder. It should be a no-brainer, but my mouth didn't get the memo, drawing the cops to the wrong conclusion: me. <br /><br />And the deaths don't stop there.<br /><br />When I foresee the demise of one of the officers, my open trap catches the attention of one of the scariest gangs in the whole prison. But they're not concerned with me -- they want the guard.<br /><br />They say they're a supernatural team tasked with overseeing the mortal sentence of convicted criminals... and apparently, I'm just like them. A Harbinger of Death.<br /><br />I thought getting locked up was the worst my life could get. Lesson learned.<br /><br /><br /><br />***For fans of Dannika Dark, Jennifer L. Armentrout, and Burn Notice comes a gritty NA tale of self-discovery, mysterious pasts, and slow-burn romance with snarky shifters, gorgeous Egyptian gods, and quirky creatures of Greek and Celtic mythology.***",https://i.gr-assets.com/images/S/compressed.photo.goodreads.com/books/1594133841l/54430946._SY475_.jpg,,,title_author,medium,[],[],[],[]
book_1d82ce1d3113c812,On Thin Ice,Olivia   Belle,,320.0,"Tue, 31 Mar 2026 12:25:06 -0700","An actor hoping to fix his bad-boy reputation and a professional figure skater determined to win an ice-skating show begrudgingly team up in this sizzling, grumpy/sunshine romance.<br /><br />Luca Vasvault thought he was finished with show business. A former child star now labeled the disgraced has-been of Hollywood, he moved to the UK to care for his dying mother. Until an opportunity surfaces that Luca can’t resist—the leading role in a remake of his mother’s favorite film. The catch? He needs to straighten out his image first.<br /><br />His agent has the perfect plan to win the public's vote: sign Luca up for Stars on Ice, a figure skating competition where celebrities are paired with professionals. To give him his best shot at redemption, Luca's partnered with the show’s sweetheart, Matilda Stevens, a woman known for her unwavering composure, whistle-clean record, and winning smile. <br /><br />Competitive figure skating was always Matilda’s mother’s passion, not hers. Secretly, she hates the show, and the last thing she needs is to spend sixteen weeks with Hollywood’s most notorious bad boy. Especially when Luca seems determined to make her life miserable with his surly looks and annoyingly handsome-even-when-scowling face. But victory comes with prize money that will let Matilda quit Stars on Ice once and for all.<br /><br />With everything on the line, the two strike a deal: They will cast their differences aside and put on the showmance of a lifetime, both on and off the ice. After all, they're both performers for a living. How hard can it be?",https://i.gr-assets.com/images/S/compressed.photo.goodreads.com/books/1751942781l/238180480._SY475_.jpg,,,title_author,medium,[],[],[],[]
book_1c6ebfe79606f8f2,Spark: The Revolutionary New Science of Exercise and the Brain,John J. Ratey,,305.0,"Sun, 22 Mar 2026 09:38:20 -0700","A groundbreaking and fascinating investigation into the transformative effects of exercise on the brain, from the bestselling author and renowned psychiatrist John J. Ratey, MD.<br /><br />Did you know you can beat stress, lift your mood, fight memory loss, sharpen your intellect, and function better than ever simply by elevating your heart rate and breaking a sweat? The evidence is incontrovertible: Aerobic exercise physically remodels our brains for peak performance.<br /><br />In Spark, John J. Ratey, M.D., embarks upon a fascinating and entertaining journey through the mind-body connection, presenting startling research to prove that exercise is truly our best defense against everything from depression to ADD to addiction to aggression to menopause to Alzheimer's.<br /><br />Filled with amazing case studies (such as the revolutionary fitness program in Naperville, Illinois, which has put this school district of 19,000 kids first in the world of science test scores), Spark is the first book to explore comprehensively the connection between exercise and the brain. It will change forever the way you think about your morning run -- -or, for that matter, simply the way you think.",https://i.gr-assets.com/images/S/compressed.photo.goodreads.com/books/1588774057l/8126136._SY475_.jpg,,,title_author,medium,[],[],[],[]
book_f760e436b034cea3,"The Body Keeps the Score: Brain, Mind, and Body in the Healing of Trauma",Bessel van der Kolk,,465.0,"Sun, 22 Mar 2026 09:36:06 -0700","<b>A pioneering researcher and one of the world’s foremost experts on traumatic stress offers a bold new paradigm for healing</b><br /><br /> <br /><br /> Trauma is a fact of life. Veterans and their families deal with the painful aftermath of combat; one in five Americans has been molested; one in four grew up with alcoholics; one in three couples have engaged in physical violence. Such experiences inevitably leave traces on minds, emotions, and even on biology. Sadly, trauma sufferers frequently pass on their stress to their partners and children.<br /><br /> <br /><br /> Renowned trauma expert Bessel van der Kolk has spent over three decades working with survivors. In <i>The Body Keeps the Score</i>, he transforms our understanding of traumatic stress, revealing how it literally rearranges the brain’s wiring—specifically areas dedicated to pleasure, engagement, control, and trust. He shows how these areas can be reactivated through innovative treatments including neurofeedback, mindfulness techniques, play, yoga, and other therapies. Based on Dr. van der Kolk’s own research and that of other leading specialists, <i>The Body Keeps the Score </i>offers proven alternatives to drugs and talk therapy—and a way to reclaim lives. <br />",https://i.gr-assets.com/images/S/compressed.photo.goodreads.com/books/1400724142l/22268254.jpg,,,title_author,medium,[],[],[],[]
book_f55db5a147b233a8,The Squat Bible: The Ultimate Guide to Mastering the Squat and Finding Your True Strength,Aaron Horschig,,210.0,"Sun, 22 Mar 2026 09:32:34 -0700","As a physical therapist, coach, and certified strength and conditioning specialist, Dr. Aaron Horschig began to notice the same patterns in athletes over and over. Many of them seemed to pushed themselves as athletes in the same ways they push themselves out in the real world.<br /><br />Living in a performance-based society, Dr. Horschig saw many athletes who seemed to not only want to be bigger and stronger but to get there faster. This mentality ultimately led to injuries and setbacks, preventing athletes from reaching their full potential.<br /><br />Now, after developing unique and easy-to-use techniques on how to train and move well, Dr. Horschig shares his invaluable insights with readers in The Squat The Ultimate Guide to Mastering the Squat and Finding Your True Strength.<br /><br />This detailed plan enables you to unearth the various weak spots within your body—the areas that leave you in pain and hinder your ability to perform—and completely change your approach to athleticism. Discover new strength, new power, and astounding potential you never knew you possessed.<br /><br />As the founder of SquatUniversity.com, Dr. Horschig knows that when you transform the way you work out, you transform your body—and your life.",https://i.gr-assets.com/images/S/compressed.photo.goodreads.com/books/1492114573l/34853155._SX318_.jpg,,,title_author,medium,[],[],[],[]
book_40c5d6341fb3eed3,What You Are Looking for is in the Library,Michiko Aoyama,,223.0,"Sun, 22 Mar 2026 09:29:34 -0700","<b>For fans of <i>Before the Coffee Gets Cold</i>, a charming, internationally bestselling Japanese novel about how the perfect book recommendation can change a readers’ life.</b><br /><br /><i>What are you looking for?</i> So asks Tokyo’s most enigmatic librarian. For Sayuri Komachi is able to sense exactly what each visitor to her library is searching for and provide just the book recommendation to help them find it.<br /><br />A restless retail assistant looks to gain new skills, a mother tries to overcome demotion at work after maternity leave, a conscientious accountant yearns to open an antique store, a recently retired salaryman searches for newfound purpose.<br /><br />In Komachi’s unique book recommendations they will find just what they need to achieve their dreams. <i>What You Are Looking For Is in the Library</i> is about the magic of libraries and the discovery of connection. This inspirational tale shows how, by listening to our hearts, seizing opportunity and reaching out, we too can fulfill our lifelong dreams. Which book will you recommend?",https://i.gr-assets.com/images/S/compressed.photo.goodreads.com/books/1686309635l/123191812.jpg,,,title_author,medium,[],[],[],[]
book_b018df578e59974c,Want: Sexual Fantasies by Anonymous (Submitted by Anonymous),Gillian Anderson,,400.0,"Sun, 22 Mar 2026 09:29:06 -0700","<b>A collection of confessions from women around the world, Want is a revelatory, sensational and game-changing exploration of women’s sexuality that asks, and How do women feel about sex when they have the freedom to be totally anonymous?</b>  <b>What do you want, when no-one is watching?</b><b>What do you want, when the lights are off? </b><b>What do you want, when you are anonymous?</b>   When we talk about sex, we talk about womanhood and motherhood, infidelity and exploitation, consent and respect, fairness and egalitarianism, love and hate, pleasure and pain. And yet for many reasons—some complicated, some not—so many of us don’t talk about it. Our deepest, most intimate fears and fantasies remain locked away inside of us, until someone comes along with the key.  <b>Here’s the key. </b>   In this generation-defining book, Gillian Anderson collects and introduces the anonymous letters of hundreds of self-identifying women from around the world (along with her own anonymous letter). From a Sikh woman who writes about her secret lust for her brother-in-law, an Apache American woman who wants to be worshipped like a divine creature, a white British woman who just wants to be properly kissed one last time, another who likes to role play as a panther, or a Hispanic Jewish woman living in Bangladesh, for whom the pinnacle of sexual arousal is a doorknob, Want reveals how women feel about sex when they have the freedom to be totally anonymous.  <b>What do you want?</b>",https://i.gr-assets.com/images/S/compressed.photo.goodreads.com/books/1718901728l/209191753._SY475_.jpg,,,title_author,medium,[],[],[],[]
book_224387a10ae3a90e,Science Matters: Achieving Scientific Literacy,Robert M. Hazen,,386.0,"Sun, 22 Mar 2026 09:28:35 -0700","<b>A science book for the general reader that is informative enough to be a popular textbook and yet well-written enough to appeal to general readers.</b> <b>""Hazen and Trefil [are] unpretentious--good, down-to-earth, we-can-explain-anything science teachers, the kind you wish you had but never did.""--<i>The New York Times Book Review</i></b><br /><br />Knowledge of the basic ideas and principles of science is fundamental to cultural literacy. But most books on science are often too obscure or too specialized to do the general reader much good.<br /><br /><i>Science Matters</i> is a rare exception--a science book that is informative enough for introductory courses in high school and college, and yet lucid enough for readers uncomfortable with scientific jargon and complicated mathematics. And now, revised and expanded, it is up-to-date, so that readers can enjoy Hazen and Trefil's refreshingly accessible explanations of the most recent developments in science, from particle physics to biotechnology.",https://i.gr-assets.com/images/S/compressed.photo.goodreads.com/books/1486837922l/6649144._SY475_.jpg,,,title_author,medium,[],[],[],[]
book_8c356e6aadfcc5c4,Veiled in Stars and Silver,J. Ann Curtis,,277.0,"Sun, 22 Mar 2026 09:26:46 -0700","He's the dread pirate captain who kidnapped her brothers.<br />She's out for revenge.<br /><br />For seven years, Wendy has been preparing for the day that she can finally return to Neverland, rescue her brothers, and take her vengeance on Captain Hook. But when she finally returns, things in Neverland aren't how Wendy remembers.<br /><br />Since when did Peter come off shallow and grating? And the captain of the Jolly Roger has a strange allure that is oddly difficult to resist. When Peter tells her that her brothers are dead, her world is shattered.<br /><br />And yet, Hook claims they are alive. He will lead her to them if she retrieves a powerful weapon capable of destroying all of Neverland. She can't trust his searing forget-me-not gaze. She shouldn't agree. But Wendy will do anything to find her brothers.<br /><br />Even bargain with evil itself in the form of one James Hook.<br /><br />Veiled in Stars and Silver is one of ten books in the Enemies Ever After series, a collection of standalone short novels featuring enemies-to-lovers fairy tale retellings with a touch of steam.",https://i.gr-assets.com/images/S/compressed.photo.goodreads.com/books/1691262699l/190067313._SY475_.jpg,,,title_author,medium,[],[],[],[]
book_b8375feee13373b3,"Math Games with Bad Drawings: 75 1/4 Simple, Challenging, Go-Anywhere Games—And Why They Matter",Ben Orlin,,355.0,"Sun, 22 Mar 2026 09:25:30 -0700","<b>Bestselling author and worst-drawing artist Ben Orlin expands his oeuvre with this interactive collection of mathematical games. With 70-plus games, each taking a minute to learn and a lifetime to master, this treasure trove will delight, educate, and entertain.</b>From beloved math popularizer Ben Orlin comes a masterfully compiled collection of dozens of playable mathematical games.<b></b>This ultimate game chest draws on mathematical curios, childhood classics, and soon-to-be classics, each hand-chosen to be (1) fun, (2) thought-provoking, and (3) easy to play. With just paper, pens, and the occasional handful of coins, you and a partner can enjoy hours of fun—and hours of challenge.Orlin’s sly humor, expansive knowledge, and so-bad-they’re-good drawings show us how simple rules summon our best thinking.<b>Games </b><br /><br />Ultimate Tic-Tac-ToeSproutsBattleshipQuantum Go FishDots and BoxesBlack HoleOrder and ChaosSequenciumPaper BoxingPropheciesArpeggiosBankerFrancoprussian LabyrinthCats and DogsAnd many more.",https://i.gr-assets.com/images/S/compressed.photo.goodreads.com/books/1640062542l/59900861._SY475_.jpg,,,title_author,medium,[],[],[],[]
book_323fbe737382c7a4,"Princeweaver (Land of the Wildest Skies, #1)",Elian J. Morgan,,400.0,"Sun, 22 Mar 2026 09:16:03 -0700","Their marriage is to save a warring kingdom. But in the process, it might destroy them both…<br /><br />Born with forbidden, nature-infused magic in an occupied land, anxious apothecary Meilyr survives by keeping his head down. Until he ends up engaged to invading prince Osian in order to save his brother’s life. Now, he is in a deadly game of cat-and-mouse to hide his true self.<br /><br />When nobles in Osian's court are gruesomely murdered by the same magic that flows through his veins, Meilyr realises someone is seeking revenge for his homeland. As suspicion towards him grows, he and the prince work together to uncover the killer, or risk losing the crown - or their lives.<br /><br />Between court politics, unwieldy magic and a murderer on the loose, Meilyr must keep his wits about him. Especially as his feelings for Osian grow deeper with every passing day...<br /><br />Combines the court intrigue and slow-burn yearning of A Taste of Gold and Iron with the folkloric grounding and lore that readers of Naomi Novik and Stephanie Garber will enjoy.",https://i.gr-assets.com/images/S/compressed.photo.goodreads.com/books/1758250615l/238767019._SY475_.jpg,,,title_author,medium,[],[],[],[]
book_f9f724503fae90ce,The Major's Welcome Home,Tessa Bailey,,98.0,"Tue, 30 Dec 2025 11:29:32 -0800","When Kenna Sutton is tasked with driving home newly returned Beck “True Blue” Collier, she expects the strategic Army mastermind to be a pasty number cruncher. Never at a loss for words, Kenna is nonetheless rendered speechless by the gorgeous, hard-bodied and utterly inexperienced Army Major that lands in her passenger seat. Outraged by Beck’s lack of a welcome home after seven long years overseas, Kenna takes matters into her own hands, giving Beck something he’s only ever fantasized about in his bunk. <br /> <br />Beck has never shied away from a test of will and Kenna gives new meaning to the word challenge. One problem? Kenna’s father is the Lieutenant General presenting Beck with a Silver Star and Beck is determined to treat Kenna with the respect she deserves. Kenna has other ideas, however, tempting Beck’s resolve at every turn. But how long can one lonely, starving man hope to resist the woman he craves? <br /> <br />**The Major's Welcome Home originally appeared in the OFF BASE anthology under the title OFF BASE: BECK AND KENNA** <br />",https://i.gr-assets.com/images/S/compressed.photo.goodreads.com/books/1531492145l/40799981._SY475_.jpg,,,title_author,medium,[],[],[],[]
book_0fa9e8aeed28d398,"Lost and Found (Sanctuary, #1)",Katharine  Sadler,,289.0,"Sun, 14 Dec 2025 19:52:29 -0800","According to Grant Holiday there are two kinds of people in the world: those who follow the rules and those who should stay the heck out of his forest.<br />Alone in the woods with forest ranger Grant Holiday scowling down at me is not the way I prefer to start my day. So what if he’s lean and fit and his eyes are this gorgeous shade of…<br /><br />It doesn’t matter because he’s making my tough week, heck my tough month, worse. It might be true I spent half the night at a campsite without paying, but I didn’t even sleep. Shouldn’t star gazing be free?<br /><br />But Grant insists on making me pay even though it’s his day off and I don’t have a cent to my name.<br /><br />When I get lost in the woods and Grant saves my life, I joke that our souls are now forever bonded. He doesn’t laugh. It’s not apparent he has a sense of humor.<br /><br />A smart woman would lie low, try to follow the rules, and avoid Grant Holiday, but he just keeps showing up and pointing out every rule I’m breaking, whether I’m rescuing an injured skunk or accepting a job at his brother’s bookstore.<br /><br />He’s the last person I want to see every day until… he isn’t.<br /><br />I’ve got trust issues, and he’s still in love with his ex. We should never work as a couple, but I can’t deny the attraction brewing between us. An attraction that might just go soul deep.",https://i.gr-assets.com/images/S/compressed.photo.goodreads.com/books/1662639276l/62333769._SY475_.jpg,,,title_author,medium,[],[],[],[]
book_5df7a8bcf55889c0,Dirty Laundry,April  Seymour,,319.0,"Fri, 19 Sep 2025 23:01:40 -0700","Delia, a bored-with-life, 29-year-old Manhattanite with a penchant for designer shoes and delicious coffee is traveling upstate for business when her car breaks down and her cell phone gets wet. After a three-mile trek in the rain with a broken high heel, she meets Clayton, a sexy, small-town mechanic who literally gives her the shirt off his back. It looks like her luck might be changing, and he could be the excitement she craves.<br /><br />When Clayton sees Delia—a mess in distress—at his local laundromat, he wants to come to her rescue. Despite her disheveled appearance, he notices she's pretty and sweet, and his attraction to her bubbles up within minutes. But, when unexpected complications muddy the water, they have to decide if the dirty laundry is worth spinning out for.<br /><br /><b>Contains strong language and descriptive spice.</b>",https://i.gr-assets.com/images/S/compressed.photo.goodreads.com/books/1755749046l/240425302._SY475_.jpg,,,title_author,medium,[],[],[],[]
book_f8c9ee859f217224,"Undeniably Corrupt (Boston's Irresistible Billionaires, #7)",J. Saman,,360.0,"Fri, 19 Sep 2025 23:01:24 -0700","<b>When my ex leaves me and my little girl penniless, the last person I expect to step in is my childhood sweetheart, Vander Moore.</b><br />It's been years since he walked out of my life, and now he's barreling back into it, seeking redemption, and making me an offer I can't refuse--to become his new assistant.<br />But everything has changed, including him. The broody, sinfully hot bad boy CEO doesn't trust anyone. Especially me. <br />It isn't long before we're butting heads and fighting at every turn. <br />He’s a walking red flag. One I need to stay far away from. <br />Except when life throws me yet another curveball and my daughter and I are forced to move in with him, I start to see the man behind the mask. <br />And all the tension and heat we've been resisting ignites, consuming us both. <br />But with each forbidden touch and toe-curling encounter, I give him another piece of my heart. <br />He says he'll do whatever it takes to keep me and my daughter safe. Even if it costs him everything.<br />But there are some things even this undeniably corrupt man can't hack his way out of. And it's coming for all of us.",https://i.gr-assets.com/images/S/compressed.photo.goodreads.com/books/1756154413l/240633915._SY475_.jpg,,,title_author,medium,[],[],[],[]
book_1ccbd8e7e8ccfa8c,Formula Dreams (Race Fever #4),Sawyer Bennett,,344.0,"Fri, 19 Sep 2025 23:01:11 -0700","<b>Things heat up on and off the track when the first female driver in Formula International history goes head-to-head with one of the sport’s biggest names. <i>Formula Dreams</i> is a high-speed enemies-to-lovers standalone romance.</b><br /><br />Francesca Accardi is rewriting the record books at Titans Racing. With the first female team owner in her corner and the weight of history on her shoulders, she knows the only way to silence doubters is to win. Every lap. Every race.<br /><br />Ronan Barnes dominates on Sunday and dares the world to judge him on Monday. Arrogant, electric, relentless, he has no time for niceties—or for the rookie who refuses to yield. Forced together for press tours and charity laps, their sniping becomes a spark neither can shake. But rival teams don’t tolerate distractions, sponsors spook fast, and one misstep could cost Francesca her seat and Ronan his shot at the championship.<br /><br />When Ronan’s private life—and his mother’s addiction—become an issue he can no longer avoid, Francesca is there as his emotional support. Compassion cracks his armor. He defends her in the paddock; she stands beside him when it matters. Enemies become allies. Allies become something no rule book can define.<br /><br />With a title on the line, they must her hard-won seat, his crown, or a future together—if they dare cross the line.",https://i.gr-assets.com/images/S/compressed.photo.goodreads.com/books/1756393616l/240759004._SY475_.jpg,,,title_author,medium,[],[],[],[]
book_5814494cdcba111b,Fresh Tracks (On the Slopes #3),Dakota Forest,,394.0,"Fri, 19 Sep 2025 23:00:05 -0700","Grace Chapman finds herself back in her hometown of Jackson, Wyoming for her brother’s wedding. Little does her family know, she just lost her dream job but always the optimist, she’s going to take the opportunity to extend her stay and ski the slopes she grew up on. When a charismatic rockstar makes her an offer to work for him, she refuses… the first time.<br /><br />After stepping out of the spotlight, Tommy Jacob, or TJ to his close friends, is just trying to enjoy a quiet life. Having spent years on stage in front of screaming fans, he’s finding peace near the water, fishing and swimming laps. TJ is content living out his days with a fishing rod in hand, rather than a guitar. Or so he thinks until a burst of color splashes into his life, changing everything.<br /><br />These two might have been on different life paths, but their connection is something the universe won’t let them ignore. <br /><br />Will they work together and drown out the world around them to make their own FRESH TRACKS?",https://i.gr-assets.com/images/S/compressed.photo.goodreads.com/books/1757013272l/241204406._SY475_.jpg,,,title_author,medium,[],[],[],[]
book_e272ff38c4a3d4f4,Shagged in the Bookshop (All For One and One For All #7),Cornelia Quick,,45.0,"Mon, 17 Feb 2025 23:27:26 -0800",,https://i.gr-assets.com/images/S/compressed.photo.goodreads.com/books/1687662530l/161024159._SY475_.jpg,,,title_author,medium,[],[],[],[]
book_cb9cbb0691ec9a60,Paging Dr. Hart,Melissa Dymond,,390.0,"Mon, 04 Nov 2024 17:43:12 -0800","<b>Her white coat hides a dark past, but his blazing touch makes her want to trade peril for passion.</b><br /><br />Ice Queen. That’s Dr. Tiffany Hart’s nickname in the hospital, but when she meets red-hot new hire Dr. Ethan Clark she loses her cool. He’s arrogant, annoying, and stupidly handsome.<br /><br />That’s okay. Frozen from a past filled with danger and betrayal, Tiffany is immune to charming men, even if they remember her favorite coffee and let her pick what to watch on TV.<br /><br />Dr. Ethan Clark comes from a long line of famous doctors. Wanting to escape his legacy and forge his own path, he’s happy to transfer to Tiffany’s hospital. Especially when he lays eyes on the fiery redhead doctor assigned to train him.<br /><br />Sure, she looks like she wants to punch him most of the time, but he can’t ignore the sparks between them so he vows to thaw her icy heart.<br /><br />When Ethan and Tiffany are sent back to his home hospital and then to a medical conference at Disney World, they’re forced to share close quarters. And when Tiffany’s past finally catches up to them, they have to fight for their lives.<br /><br /><b>Can this prescription for disaster turn into happily ever after?</b><br /><br />Paging Dr. Hart is a swoon-inducing, page-turning, medical romance book set in the Mercy Hospital world. Read if you like enemies-to-lovers, forced proximity, slow-burn chemistry, and pulse-pounding suspense.",https://i.gr-assets.com/images/S/compressed.photo.goodreads.com/books/1718045322l/214483495._SY475_.jpg,,,title_author,medium,[],[],[],[]
book_57b5a39948aefc96,"Meet Me at Midnight (Midnight, #1)",Max Monroe,,354.0,"Mon, 04 Nov 2024 17:41:08 -0800","<b>How good are you at keeping a secret? <br /><br />Because I, Juniper Perry, have been keeping a big one.</b> <br /><br />For over a decade, I’ve been crushing on the guy with the easy smile, warm brown eyes, and charismatic charm. He’s all the perfect things that, when you add them up, spell out <i>Man of my dreams.</i> <br /><br />I know that doesn’t sound bad at all, but there’s more to this story...<br /><br />We work together. <i>I’m a lowly intern, and he’s a high-powered executive.</i><br /><br />He’s my newest neighbor. <i>No joke—he’s temporarily living next door to me.</i><br /><br />And to top it all off, he’s my best friend’s older brother. <br /><br /><b>I’ve spent what feels like an eternity keeping my crush on him a secret, but recently, I’ve found a way to have him and my anonymity too. A way to chat and flirt and get <i>close</i> to him.</b> <br /><br />My best friend doesn’t know about these Midnight chats. <br /><br />And <i>he</i> doesn’t know I’m the girl he’s talking to night after night. <br /><br /><b>Beau Banks might be completely off-limits, but what happens at Midnight stays between us...</b>",https://i.gr-assets.com/images/S/compressed.photo.goodreads.com/books/1729516749l/220625984._SY475_.jpg,,,title_author,medium,[],[],[],[]
book_804f4abaca4e1440,Atomic Habits: An Easy & Proven Way to Build Good Habits & Break Bad Ones,James Clear,,319.0,"Thu, 24 Oct 2024 12:39:56 -0700","No matter your goals, <i>Atomic Habits</i> offers a proven framework for improving—every day. James Clear, one of the world's leading experts on habit formation, reveals practical strategies that will teach you exactly how to form good habits, break bad ones, and master the tiny behaviors that lead to remarkable results.<br /><br />If you're having trouble changing your habits, the problem isn't you. The problem is your system. Bad habits repeat themselves again and again not because you don't want to change, but because you have the wrong system for change. You do not rise to the level of your goals. You fall to the level of your systems. Here, you'll get a proven system that can take you to new heights.<br /><br />Clear is known for his ability to distill complex topics into simple behaviors that can be easily applied to daily life and work. Here, he draws on the most proven ideas from biology, psychology, and neuroscience to create an easy-to-understand guide for making good habits inevitable and bad habits impossible. Along the way, readers will be inspired and entertained with true stories from Olympic gold medalists, award-winning artists, business leaders, life-saving physicians, and star comedians who have used the science of small habits to master their craft and vault to the top of their field.<br /><br />Learn how to:<br />- Make time for new habits (even when life gets crazy);<br />- Overcome a lack of motivation and willpower;<br />- Design your environment to make success easier;<br />- Get back on track when you fall off course;<br />...and much more.<br /><br /><i>Atomic Habits</i> will reshape the way you think about progress and success, and give you the tools and strategies you need to transform your habits--whether you are a team looking to win a championship, an organization hoping to redefine an industry, or simply an individual who wishes to quit smoking, lose weight, reduce stress, or achieve any other goal.",https://i.gr-assets.com/images/S/compressed.photo.goodreads.com/books/1655988385l/40121378.jpg,,,title_author,medium,[],[],[],[]
book_83b23bdcdd716ca1,Holiday Star,Melissa Dymond,,396.0,"Sat, 05 Oct 2024 18:26:55 -0700","Please note--this book is offered in TWO different versions:<br /><br />1) A spicy/open-door version with mild explicit language and sex scenes<br /><br />2) A sweet/clean/closed-door version with no language and only kissing.<br /><br />I want ALL of my readers to feel comfortable, so please choose the best version for you.<br /><br />One doctor. One movie star. One house.<br />One month until Christmas.<br />What could go wrong?<br /><br />Dr. Gwen Wright is having a not-so-merry Christmas. For the month of December, she’s alone, house sitting for her mother and new stepfather.<br /><br />Her surgically precise world gets a plot twist when Caleb Lawson—world-famous movie star on the run from the paparazzi and his secrets—crash lands in her kitchen.<br /><br />Besides being a Hollywood heartthrob, Caleb is also her stepdad’s nephew. He thinks he has as much right to stay in the house as she does, but as far as Gwen’s concerned, she’s the landlord and he’s the squatter.<br /><br />The more they are forced to share the small space, the more Gwen is drawn to the moody celebrity. Sure, sometimes he can be a Grinch, but when Caleb finally touches Gwen, it makes her jingle bells ring.<br /><br />But the future looms like a foggy Christmas Eve. With no red-nosed reindeer to guide them, can Gwen and Caleb overcome their differences? After all, she’s ordinary, and he’s… a star.<br /><br />For them to fall in love is going to take a Christmas miracle.",https://i.gr-assets.com/images/S/compressed.photo.goodreads.com/books/1698141609l/200574588._SY475_.jpg,,,title_author,medium,[],[],[],[]
book_284ee8ed94e0e524,Fool Them Once,Kyra Parsi,,360.0,"Sat, 17 Aug 2024 18:40:28 -0700","Ethan and I did <i>not</i> get off to a great start in our… well in anything, really. <br /><br />He thought I was a burglar who’d broken into his penthouse in the middle of the night, I thought he was a sexy serial killer who was there to scary-movie-murder me… you get it. <br /><br />And that was just the beginning. A teaser if you will. Because a mere seven hours later, the loon slipped an arm around my waist, looked me dead in the face, and called me “sweetheart” in front of his grandmother. With, like, no warning whatsoever. <br /><br />So obviously, when he made me the insane offer of five hundred thousand dollars just to hold his arm at a few family events and play pretend, I politely declined. Because I’ve always made really good, healthy life choices and have fantastic self-preservation instincts. Especially when it comes to suspiciously attractive, wealthy men I barely know making promises that are way too good to be true. <br /><br />Oh wait, no I don’t. And I definitely said yes. <br /><br />But it’s fine. I have this all under control. I’m going to be able to pay off my loans, pay back Peter and Jo, and everything is going to be just <i>fine</i>.",https://i.gr-assets.com/images/S/compressed.photo.goodreads.com/books/1670014837l/63911356._SY475_.jpg,,,title_author,medium,[],[],[],[]
book_669a8236fe4c222f,In Love And War,Kyra Parsi,,233.0,"Thu, 15 Aug 2024 23:07:43 -0700","I didn’t see it coming.<br /><br />But, in all fairness, you could maybe, potentially, most definitely, say that I was just a <i>little</i> bit... distracted.<br /><br />It was the dimple. I think.<br /><br />Or it may have been his eyes.<br /><br />God, those <i>eyes</i>.<br /><br />...<br /><br />Alright, fine. It was the whole damn thing, okay? Head to stupid toe.<br /><br />The guy was gorgeous.<br /><br />Like, the type of gorgeous that knocks the breath right out of your lungs and makes you forget how to string together even simple, semi-coherent sentences.<br /><br />So, no, <i>of course</i> I didn't see it coming. <br /><br />I didn't even know the arrogant, pompous, uptight jerk <i>could</i> fire me without my father putting a stop to it, let alone predict that he would do it to promote his own personal agenda. <br /><br />But the second I figured it out was the second I started to plot my revenge. <br /><br />Seven years later, I’m back. And I’m not the same infatuated teenager he thought he could so easily dispose of. <br /><br />I’m here to fight. To take back what’s mine. <br /><br />This is war, and Zackary Evans is going down.",https://i.gr-assets.com/images/S/compressed.photo.goodreads.com/books/1688191160l/182125785._SY475_.jpg,,,title_author,medium,[],[],[],[]
book_7a84f9d251835201,"A Deal with the Bossy Devil (Bad Billionaire Bosses, #1)",Kyra Parsi,,434.0,"Sun, 11 Aug 2024 08:15:30 -0700","Vengeance (noun): Punishment served by an arrogant, insufferable billionaire who’s hellbent on making you suffer over a teeny, tiny, seven-hundred-million-dollar oopsie.<br /><br />I regret nothing.<br />…<br />Okay, maybe I regret some things.<br />In my defense, I was pretty sure I wouldn’t get caught.<br />Also in my defense, I had no way of knowing that “The Incident” would go viral.<br /><br />But Toronto’s most notorious billionaire isn’t exactly known for his generous or understanding spirit, and he doesn’t want to hear my excuses.<br />Not when my little public stunt cost him the biggest investment deal of his career.<br /><br />What he does want is cold, hard revenge.<br />And that’s how I find myself backed into a corner, forced to strike a deal with the snarly, green-eyed devil.<br />I have no choice but to be at his beck and call 24 hours a day, succumbing to his every bossy whim.<br />But as his demands—and the blistering tension—become increasingly unbearable, I can’t help but start to bite back.<br /><br />Adrien Cloutier isn’t a man to be messed with, though.<br />And as the old saying goes, bad girls deserve to be punished.<br /><br />This is a full-length enemies-to-lovers romance with loads of spicy banter and laugh-out-loud moments, featuring a dimpled bosshole devil in a suit and the smart-mouthed woman who brings him to his knees. (Literally.)<br /><br />✓ Enemies to lovers<br />✓ Fake relationship<br />✓ Only one bed<br />✓ Three slow-burn peppers<br />✓ Good girl",https://i.gr-assets.com/images/S/compressed.photo.goodreads.com/books/1713788027l/211974738.jpg,,,title_author,medium,[],[],[],[]
book_f0d9d9063001fefa,"Failure to Match (Bad Billionaire Bosses, #2)",Kyra Parsi,,430.0,"Fri, 09 Aug 2024 07:28:36 -0700","<b>He’s the arrogant, grumpy billionaire bane of my existence... and now I’m his full-time, live-in dating coach.</b><br /><br />I’ve never failed to match a client—until <i>him</i>.<br /><br />Jackson Sinclair has dragged me through eight months of matchmaking hell, and I have the carnage of broken hearts to prove it.<br />But I refuse to get fired from my dream job because of some infuriatingly gorgeous billionaire and his absurd criteria for a wife.<br /><br />The plan is simple.<br />All I have to do is infiltrate his penthouse, pretend to be his blind date, and figure out <i>what the actual f*ck his actual f*cking problem is</i>.<br />It’ll be fine. He doesn’t know what I look like.<br /><br />Except I nearly drown in Satan-clair’s massive pool, he figures out who I am, and now I’m forcibly glued to his side for the next 30 days.<br /><br />It’s a nightmare, until it’s not.<br />I hate him, until I discover everything he’s been hiding.<br />We fight, until the tension boils over into sizzling temptation.<br /><br />Jackson Sinclair may not believe in soulmates, and he may not believe in love, but little does he know, <b>he’s finally met his match…</b><br /><br />✓ Enemies to lovers<br />✓ <b>
  <i>Spicy banter</i>
</b><br />✓ Matchmaker<br />✓ Forced proximity<br />✓ Opposites attract<br />✓ Three slow-burn peppers<br />✓ MMC obsessed<br />✓ Good girl",https://i.gr-assets.com/images/S/compressed.photo.goodreads.com/books/1711589437l/210277479._SY475_.jpg,,,title_author,medium,[],[],[],[]
book_314f866c86eb6ff5,Bonker Doesn't Die,Hank Green,,26.0,"Fri, 19 Jul 2024 17:52:30 -0700","I am so pleased to present to you my short story ""Bonker Doesn't Die."" I'm not sure if I've ever mentioned this publicly, but the first time I imagined a protagonist named April May, it was for a young readers series I had considered writing called ""The Peculiar and Fuzzy Mysteries of April May."" They would be stories about a teenager who found people's pets, but in the process, also discovered dastardly plans and uncovered general misdeeds. <br /><br />I did a bunch of research on how pet detectiving works, and I still think it's a cool idea, but when I had an idea I was more excited about, I poached the character I had imagined as a precocious teen and made her into an adult. I also poached her name. It's weird how all of this works. <br />Well, one of the problems is, we don't get to see April doing much pet detective work in the duology. Another frequently identified problem, there's NOT ENOUGH ROBIN!! So, I thought I would solve both of those problems with this little story.<br /><br />""Bonker Doesn't Die"" takes place around mid-way through An Absolutely Remarkable Thing, and it does contain spoilers for that story!<br /><br />Thanks so much for supporting the Project for Awesome, and I hope you liked this story as much as I enjoyed writing it!<br /><br />Hank",https://i.gr-assets.com/images/S/compressed.photo.goodreads.com/books/1777560766l/59054237.jpg,,,title_author,medium,[],[],[],[]
book_f1c2b4f93ea3359a,The Adventures of Bubbie and Juju: Sharing Siblings,Maureen O'Hara,,4.0,"Thu, 16 Nov 2023 08:08:48 -0800",Two young siblings learn the power of sharing as they adventure through a magical forest.,https://i.gr-assets.com/images/S/compressed.photo.goodreads.com/books/1719718657l/200181113._SY475_.jpg,,,title_author,medium,[],[],[],[]
book_a7759fecebd41322,The Adventures of Juju and Bubbie: The Return of the Key (Bubbie and Juju Book 2),Maureen O'Hara,,4.0,"Thu, 16 Nov 2023 08:08:40 -0800","Siblings Bubbie and Juju continue their adventures, learning about the magic of sharing and being grateful for what you have.",https://i.gr-assets.com/images/S/compressed.photo.goodreads.com/books/1699387299l/201800121._SY475_.jpg,,,title_author,medium,[],[],[],[]
book_9e1f57054e4968f3,The Adventures of Bubbie and Juju : The Key's Lesson,Maureen O'Hara,,4.0,"Thu, 16 Nov 2023 08:08:39 -0800",Bubbie and Juju discover the key has some magical abilities they didn't know it had.,https://i.gr-assets.com/images/S/compressed.photo.goodreads.com/books/1699390531l/201801949._SY475_.jpg,,,title_author,medium,[],[],[],[]
book_e0ea20b2b0425602,How to Honeymoon Alone,Olivia Hayle,,306.0,"Tue, 06 Jun 2023 08:17:19 -0700","<b>A paradise island. Two strangers. The attraction they never saw coming…</b><br /><br />When Eden dumped her cheating ex before the wedding, the last thing she expected was to go on their tropical honeymoon alone. But with no refunds possible, she packs her budget guidebook and broken heart, and sets off.<br /><br />She plans to relax on the beach, swim in the ocean, and drink cocktails until she feels like herself again… or falls over. Whichever comes first. What she’s not expecting is the brusque, handsome stranger who sits down at her table on the first night.<br /><br />Philip Meyer is a grumpy workaholic, and so irritatingly cynical that it makes her forget she’s grieving just to prove him wrong about the world. The two have nothing in common… except trying to forget who they’ve left behind.<br /><br />The luxury resort isn’t too big, and fate soon pushes them together again. And again. Catamaran cruises and midnight swims give way to late night room service and whispered nothings. Maybe opposites really do attract.<br /><br /><b>But every vacation has to end, even the very best ones… Can these two opposites make it last?</b><br /><br /><i>This steamy romantic comedy is the perfect summer read! Great for fans of The Love Hypothesis or Beach Read, it involves a feisty heroine and the grumpy hero who reluctantly (but inevitably) falls for her charms...</i>",https://i.gr-assets.com/images/S/compressed.photo.goodreads.com/books/1682413818l/78580979._SY475_.jpg,,,title_author,medium,[],[],[],[]
book_863bb0ffddf8daff,"Twilight over the Aegean (Fresco Nights Saga, #6)",Deborah L. Cannon,,370.0,"Thu, 09 Feb 2023 21:49:41 -0800","WAS HELEN OF TROY WORTH DYING FOR?<br /><br />When Lucy Racine’s boss buys a statue of Helen of Troy, mysterious objects come to light. A stone head at the bottom of the Aegean Sea, a pot shard matching a valuable vase depicting the Trojan war, and an antique necklace worn by Lucy’s friend.<br /><br />At the ambassador’s villa, Lucy discovers a nearby chapel built from stolen artifacts hidden in ‘plain sight’, an antiquities dealer falls to his death from a staircase and a museum curator drowns on the beach. Both victims once owned pieces of the statue. <br /><br />To top it off, Lucy learns that her fiancé has one last secret. Is it connected to the statue?<br /><br />Lucy’s life is thrown into turmoil as she realizes that the number one suspect is her friend’s husband, the ambassador—a man the police cannot touch…",https://i.gr-assets.com/images/S/compressed.photo.goodreads.com/books/1657719521l/61434905._SY475_.jpg,,,title_author,medium,[],[],[],[]
book_40f91dd7176be884,A Touch of Frost,Renée R. Harper,,333.0,"Thu, 09 Feb 2023 21:47:56 -0800","<b>In a world where magic is outlawed, a shy 20-year-old tavern maid enlists in the military to learn runes and swordsmanship to protect the people she cares for. A Touch of Frost is a coming-of-age fantasy novel about an unlikely heroine who wanted a normal life. But fate has different plans, and the people she’s fighting to protect might be the greatest threat.</b><br /><br /><i>Tragedies and curses, like all bad things, came in threes. </i><br /><br />Most runes are forbidden within Aitera. Those who create them are executed or bound for fear they’d be the one prophesized to destroy the crown. Cybele cherished and adored the magic within her father’s stories of love and adventure until a curse stilled his beating heart, provoking fear within hers.<br /><br />At nearly twenty, in the goddess’s eyes, Cybele’s responsibility is to marry and have children, so when her estranged mother pens a letter requesting to rebuild their relationship while proposing to arrange a marriage for her, Cybele gratefully accepts. She believes this will give her the simple life she longs for.<br /><br />But when tragedy strikes, Cybele resents her weakness and foolishness, realizing that life isn’t simple and the world isn’t clearly divided between good and evil. As war looms overhead and Cybele’s forced from her home, a handsome stranger helps her and offers her the key to harnessing a strength she didn’t know she had.<br /><br />Cybele soon discovers the man who saved her holds many secrets, and the magic that’s taken everything from her could be her only chance of survival.",https://i.gr-assets.com/images/S/compressed.photo.goodreads.com/books/1674024191l/79331518._SY475_.jpg,,,title_author,medium,[],[],[],[]
book_3971d200fb114494,Love Report (Black Beauty in Love #2),Shellee Marie,,225.0,"Thu, 09 Feb 2023 21:46:52 -0800","Professional baseball player Dan Pelameno struck out with the woman of his dreams. So when she calls to set up an exclusive television interview with him, he jumps at the chance to set things right. He let her slip away once, but he won't make the same mistake.<br /><br />Celebrity news reporter Kendra Star thought she had moved on from Dan Pelameno until she had to see him again for a work assignment. When the encounter lands him a gig at her job, she promises to keep her distance from him and his charming ways. But the more she has to work with him, the harder he is to resist.",https://i.gr-assets.com/images/S/compressed.photo.goodreads.com/books/1672451058l/75434170._SY475_.jpg,,,title_author,medium,[],[],[],[]
book_65cfeb1406ffb07b,"The Agreement (Morally Grey Billionaires, #3)",L. Steele,,402.0,"Thu, 09 Feb 2023 21:43:32 -0800","He's my brother’s best friend<br />Also my new boss<br />And now my fake husband...<br /><br />Cade ‘the King’ Kingston, billionaire grumphole and the most sought-after sportsperson on the continent.<br />He’s also London’s most notorious bachelor with a ten-pack and a profile that would make Adonis weep.<br />Too bad he’s ruthless has a heart made of ice and is the most unfeeling brute I have ever met.<br />When my brother asks him to look out for me while he’s away, Cade engages me as his new Communications Manager.<br />Now he’s my boss, I definitely don’t want to get involved with him.<br />But I’ve harbored a secret crush on Cade, and when we start working together in close proximity, my feelings for him multiply.<br />When a stalker targets me, Cade proposes a fake marriage for my protection.<br />But he has secrets of his own...<br /><br />This is a swoony, angsty, banter-filled romance featuring a woman in over her head, a man in over his heart, and a Champagne loving Great Dane who plays matchmaker by mistake. It stands alone and comes complete with grand romantic gestures.",https://i.gr-assets.com/images/S/compressed.photo.goodreads.com/books/1670390806l/64405551._SY475_.jpg,,,title_author,medium,[],[],[],[]
book_86f6b8eae4d90a30,My What-if Girl,Kammie C. Rose,,203.0,"Thu, 09 Feb 2023 21:43:09 -0800","Everyone carries a flame for that one person they can't quite get over. The one that makes you wonder what if...<br />What if I had only said this, or what if I had only done that? Would we be together today?<br /><br />In this friends-to-lovers story, Baker and Annika are in their early thirties and have been best friends since high school. Baker doesn’t want change; his bachelor life in Charleston, South Carolina is humming along as planned. But one thing nags at him. Baker has always carried a torch for Sienna, a former girlfriend from years ago who has made it big in Hollywood. While Baker pursues Sienna, Annika tries to keep her romantic feelings for Baker private.<br /><br />Things get complicated when Annika decides to become a foster parent to a young boy, which threatens to change the relationship between Baker and Annika.<br /><br />Funny, romantic, and sexy—without explicit sexual details.<br />Mild, mild language.",https://i.gr-assets.com/images/S/compressed.photo.goodreads.com/books/1673117054l/75617796._SX318_.jpg,,,title_author,medium,[],[],[],[]
book_8bce9304ca4c0c02,Sweet & Spicy,A. Unda-Tames,,187.0,"Thu, 09 Feb 2023 21:38:41 -0800","Neither knows how to trust. Can they stand the heat in the kitchen and dish up the perfect romance?<br /><br />Nikki Evans’s confidence lies in ashes. Devastated and physically scarred from the fire that claimed her parents’ lives, the wealthy reporter retreats to Puerto Vallarta with her unfaithful fiancé. But a spark of hope reignites in her broken heart after interviewing a sexy rising-superstar chef.<br /><br />Diego San Roman believes love is a recipe for disaster. Burned when his wife abandoned him with two young daughters, the rags-to-riches culinary master is nevertheless intrigued by the attractive American covering his new opening. And after posing as her date to an exclusive VIP fashion show, he can’t deny their searing chemistry.<br /><br />Tossing her soured engagement ring in favor of steamy cooking lessons, Nikki is shocked to discover their unforgettable night out is now front-page celebrity gossip. And Diego fears her scheming ex will unearth long-buried secrets that could ruin his career… and their budding relationship.<br /><br />Can Nikki and Diego beat the bad press and whip up a happily ever after?<br /><br />Sweet and Spicy is the zesty first novel in the Latin Lovers contemporary romance series. If you like soft-hearted suitors, culinary intrigue, and beachside settings, then you’ll adore A. Unda-Tames’s delicious pairing.",https://i.gr-assets.com/images/S/compressed.photo.goodreads.com/books/1673476922l/75860104._SY475_.jpg,,,title_author,medium,[],[],[],[]
book_d6a250bcdbcbf122,Highlands Christmas,Amy Quick Parrish,,138.0,"Tue, 18 Oct 2022 09:32:45 -0700","Christmas wishes do come true.<br /><br />Melissa MacKenzie is an American interior designer with a seemingly happy life — until her husband Dave reveals he's been cheating on her and wants a divorce and the house. But when a letter informs her that she will inherit a home in Scotland, things start looking up. At the airport she inadvertently meets Colin McGregor, a charming Scottish-American lawyer who happens to be her husband's divorce lawyer. She's taken by his sexy Scottish accent and charm and, as fate would have it, he's on Melissa's flight to Edinburgh ... and on her train to Inverness, and happens to live in the same town where she's inherited her home.<br /><br />As sparks fly between Melissa and Colin, he agrees to help her secure the Scottish home that she believes she's entitled to. They dive right into Scottish culture — and each other's arms — as love and a new home seem within reach. Will they be able to succeed in both missions? Or will everything fall apart?<br /><br />Highlands Christmas is a romantic and delightful story that will set hearts afire. In a fairy tale as captivating as the Loch Ness monster, Melissa and Colin must cross an ocean to end up right where they belong... because home is where the heart is.",https://i.gr-assets.com/images/S/compressed.photo.goodreads.com/books/1665839240l/62997037._SY475_.jpg,,,title_author,medium,[],[],[],[]
book_33db1cb11beb60b6,Olive & Pear's Christmas Detour,Eve Kasey,,296.0,"Tue, 18 Oct 2022 09:32:11 -0700","For best friends, Olive and Pear, a holiday dream trip to the Maldives is rerouted by Christmas magic in this charming new steamy holiday romance by authors, Eve Kasey and Mia Heintzelman.<br /><br />One Christmas. Two Magical Love Stories.<br /><br />Snowflakes in Seattle<br /><br /><br />What's worse than missing a Christmas Eve flight to the Maldives with your bestie because your plane may have ""hit Santa?"" Ending up in Seattle with nowhere to stay but an old houseboat that happens to belong to your childhood crush. Grownup Wyatt's all construction muscles and innuendo, and fate seems determined to keep me houseboat-bound with the man whose name I doodled with mine.<br /><br />What if a place to stay for the night turns into a home with a man I don't want to leave?<br /><br /><br />Merry in Maldives<br /><br /><br />What's worse than being stuck on a daylong flight with the man who just fired you? Being stuck on a tropical island with him for the holidays. The remote Maldives and swanky seaside resort are a photographer's dream, but Mr. Comely, Calm, and Collected, Hollis James, keeps popping up in the frame, being all naughty and nice.<br /><br />What if the Christmas wish for my person was someone I never expected?",https://i.gr-assets.com/images/S/compressed.photo.goodreads.com/books/1664912833l/62881792._SY475_.jpg,,,title_author,medium,[],[],[],[]
book_d22ee3ab3ec3d96c,"Mistletoe and Mochas (Holidays and Heroes, #1)",Patricia D. Eddy,,108.0,"Mon, 03 Oct 2022 20:32:32 -0700","His pain keeps him isolated. Alone. Until Devan breaks through his walls.<br /><br />Mac hasn't voluntarily spoken to another soul in months. Not since a mortar attack left him scarred and in constant pain. But when he runs out of coffee, he heads out into the snowy, Boston winter to fuel his caffeine addiction.<br /><br />He's never been to Artist's Grind—part coffee shop, part local artist mecca—but when he sees Devan wiping graffiti off her door, something about her draws him in.<br /><br />One taste is all it takes for Mac to want more. Much more. But he won't subject anyone to his scars—or his particular brand of damage.<br /><br />He should walk away.<br /><br />He will.<br /><br />After one more cup.<br /><br />Devan doesn't need help defending her home. Her heart, on the other hand, is about to be stolen.<br /><br />Devan isn't going to let a little red paint scare her away. Even if the vandals are escalating.<br /><br />When Mr. Tall, Dark, and Sexy walks in, she doesn't see his scars. Only a man with a little hitch in his step, a rough voice, and a maddening personality. And the first guy she's wanted to know more about in years.<br /><br />Too bad he spooks at every personal question.<br /><br />A little danger, a little intrigue, and a lot of sexy banter will leave you turning these pages all night long.<br /><br />Fall in love with Mistletoe and Mochas, and let Devan and Mac's heat keep you warm for the holidays.<br /><br />Mistletoe and Mochas is the first book in the Holiday and Heroes series, but each book can be read as a complete standalone.",https://i.gr-assets.com/images/S/compressed.photo.goodreads.com/books/1543730848l/43077027._SY475_.jpg,,,title_author,medium,[],[],[],[]
book_045daf1b352e4893,Qualitative Research: A Guide to Design and Implementation,Sharan B. Merriam,,364.0,"Mon, 18 Jul 2022 23:14:11 -0700","<b>The bestselling guide to qualitative research, updated and expanded</b> Qualitative Research is the essential guide to understanding, designing, conducting, and presenting a qualitative research study. This fourth edition features new material covering mixed methods, action research, arts-based research, online data sources, and the latest in data analysis, including data analysis software packages as well as narrative and poetic analysis strategies. A new section offers multiple ways of presenting qualitative research findings. The reader-friendly, jargon-free style makes this book accessible to both novice and experienced researchers, emphasizing the role of a theoretical framework in designing a study while providing practical guidance.<br /><br />Qualitative research reaches beyond the what, where, and when of quantitative analysis to investigate the why and how behind human behavior and the reasons that govern such behavior, but this presents a number of significant challenges. This guide is an invaluable reference for students and practitioners alike, providing the deep understanding that this sometimes difficult area of research requires to produce accurate results. The book contains a step-by-step guide to analyzing qualitative data and an addendum for graduate students with a template for a thesis, dissertation, or grant application.<br /><br />Build a strong foundation in qualitative research theory and application Design and implement effective qualitative research studies Communicate findings more successfully with clear presentation Explore data sources, data analysis tools, and the different types of research",https://i.gr-assets.com/images/S/compressed.photo.goodreads.com/books/1437837177l/25977450._SY475_.jpg,,,title_author,medium,[],[],[],[]
book_7e62ea8f72dbd86b,Neuroteach: Brain Science and the Future of Education,Glenn Whitman,,237.0,"Mon, 18 Jul 2022 23:14:06 -0700","Teachers are brain changers. Thus it would seem obvious that an understanding of the brain – the organ of learning – would be critical to a teacher’s readiness to work with students. Unfortunately, in traditional public, public-charter, private, parochial, and home schools across the country, most teachers lack an understanding of how the brain receives, filters, consolidates, and applies learning for both the short and long term. Neuroteach was therefore written to help solve the problem teachers and school leaders have in knowing how to bring the growing body of educational neuroscience research into the design of their schools, classrooms, and work with each individual student. It is our hope, that Neuroteach will help ensure that one day, every student –regardless of zip code or school type—will learn and develop with the guidance of a teacher who knows the research behind how his or her brain works and learns.",https://i.gr-assets.com/images/S/compressed.photo.goodreads.com/books/1471192236l/31444936._SY475_.jpg,,,title_author,medium,[],[],[],[]
book_fe88df5ec0418631,To Hive and to Hold,Mae Harden,,93.0,"Tue, 17 May 2022 10:40:49 -0700","<b>
  <i>They’re going to make it through this fake engagement,<br />Or kill each other trying…</i>
</b><br /><br /><b>Alden</b><br /><br />I’ve saved for years. I pinched every penny, skipped nights at the bar, and cashed out my vacations, all so I could buy the town bakery. For twenty years, I’ve managed this place. Now the owner wants to sell to someone else, all because I don’t have a family to pass the bakery on to. <br /><br />In a moment of panic, I tell her I’m engaged to Cece Barnes, the literal last woman in Sycamore Mountain that would actually date me. Getting Cece to play along is going to cost me an arm and a leg, plus most of my sanity. But the longer I spend with the feisty beekeeper, the more I wish this wasn’t fake. <br /><br /><b>Cece</b><br /><br />I was done with men. Really, I was. Which is why I laughed so hard I hurt myself when Alden, the town flirt, showed up on my property, asking me to pretend to be his fiancé. And I kept laughing right until he promised to fund repairs on my crumbling farmhouse. I’m fiercely independent, but I’m also pragmatic and broke as hell. <br /><br />But when our dates start to feel real, and the kisses lose their platonic safety, I know I’m in too deep. My heart shouldn’t race when he looks at me. My ribs shouldn’t squeeze the breath out of my lungs when he touches me. I shouldn’t be falling in love with my fake fiancé… but I don’t think I can stop.<br /><br /><b>The MAN OF THE MONTH CLUB is a steamy small-town collection featuring a new hottie (or two!) every month. In 2022, escape to Sycamore Mountain, North Carolina and celebrate ALL the holidays with your favorite group of romance authors and their delicious mountain men. Can’t wait to see you there!</b>",https://i.gr-assets.com/images/S/compressed.photo.goodreads.com/books/1647081587l/60596466._SY475_.jpg,,,title_author,medium,[],[],[],[]
book_d7607be5169d3617,"Ashes (Modern-Day Fairy Tale, #1)",M.K. Harkins,,303.0,"Thu, 12 May 2022 11:56:28 -0700","If the dead could talk, they might warn her to never fall in love.<br /><br />Known as the girl whose wretched stepmother owned the local mortuary, Ashley Adams had no shortage of strange things in her life, and it wasn't the dead that surrounded her. Stuck with two lazy, obnoxious stepsisters, a cruel stepmother, and a job that earned her the title of freak, Ashley spent most days trying to stay under the radar. Falling in love was the last thing on her mind.<br /><br />Too bad, fate had other plans when the local celebrity, Harry James, landed in her life.<br /><br />Harry James doesn't like his current situation any better. Being a teenage rock-star-slash-heartthrob might have its perks, but it didn't prevent him from being sent out of state to serve out his senior year after a case of accidental arson. Combined with a controlling publicist, the countdown to freedom and being back on stage felt like a lifetime away.<br /><br />Never in a million years did Ashley or Harry expect to meet the one person who really gets them. Harry doesn't care about her social status, and Ashley isn't blinded by his fame. But as thrilling as their new relationship is, nothing can prepare them for jealous rivals, a greedy family, and life-changing choices that threaten to ambush their futures and separate them forever. <br /><br />Is their connection deep enough for them to survive it all, or will they realize life doesn't have happy endings after all?<br /><br />Ashes is a twisty retelling, like Another Cinderella Story, but with a dash of fairies, a bit of evil, and emotional twists and turns.<br /><br />Contains mild swearing and off-page violence.",https://i.gr-assets.com/images/S/compressed.photo.goodreads.com/books/1650499624l/60853664._SY475_.jpg,,,title_author,medium,[],[],[],[]
book_9dcf0abc3b96629f,The City of Infinite Life,J.M.  Mulligan,,370.0,"Wed, 04 May 2022 15:59:58 -0700","Everything Harper Lewis knows—from her software engineering job to her overly involved parents—is ripped from her when she suddenly awakens in a barren room, in a strange body, with a handsome man calling her someone else’s name. <br /><br />The man divulges three things: it’s 2123, the life she knew was a simulation, and she’s in danger. She doesn’t believe him, but she soon finds herself in a city that is nothing like the world she knew. It has pristine glassy streets and skyscrapers that pierce the clouds. People move like automatons, dress identically, and can heal instantaneously. And she’s called an ambassador—of what she has no clue—but she’s definitely someone important. <br /><br />Harper believes she is trapped in an alternate reality, but how did she get here? Who can she trust? Can she ever get home? And, if not, where does she really belong... <br /><br />THE CITY OF INFINITE LIFE is a fast-paced sci-fi adventure about surviving the unknown and discovering what it means to truly exist.",https://i.gr-assets.com/images/S/compressed.photo.goodreads.com/books/1638225081l/59700534._SY475_.jpg,,,title_author,medium,[],[],[],[]
book_d485b6aeb7aac021,Even Better Than the Real Thing,Melanie Summers,,332.0,"Wed, 04 May 2022 15:58:44 -0700","&gt;b&gt;He's the heir to a fortune. He’s my aloof, intimidating, insanely handsome boss. And he just asked me to marry him.<br />Hayden Stuart is the quintessential English lord. He went to the most exclusive private schools. He hangs out with royals and other richy rich A-listers. His summer home is a castle. <br /><br />Whereas I grew up on a peanut farm in Georgia. <br /><br />When the spit hits the fan for Hayden, he asks me to be his wife. He makes it very clear to me that this is all for show.<br /><br />Totally temporary. <br /><br />Business only. <br /><br />This is not a fake husband with benefits situation. <br /><br />Of course I say yes. <br /><br />Who wouldn’t want to live in a castle and have a staff take care of your every need? This is Beauty and the Beast, complete with the freaking library. Only Hayden’s crazy hot and knows how to eat soup without slurping it all over the place. <br /><br />The problem is, the more time I spend pretending to be Hayden’s wife, the more desperate I feel to believe the lie. <br /><br />And it’s not just about the castle. <br /><br />It’s about the man. <br /><br /><i>Even Better Than the Real Thing is a swoon-worthy, uber-fun, opposites attract romance about a fake marriage between two people who couldn't be more wrong for each other. It comes complete with a fabulous bestie, snarky staff, an evil stepbrother, and pastries fresh from the oven.</i>",https://i.gr-assets.com/images/S/compressed.photo.goodreads.com/books/1648849061l/60733810._SY475_.jpg,,,title_author,medium,[],[],[],[]
book_ae5e5a2a1e087eba,Make It A Great Day: How to Feel Awesome So That You Can Help Others,Jarrett Robertson,,118.0,"Sat, 29 Jan 2022 22:06:42 -0800","We all understand the things that we're ""supposed to do"" in<br />order to feel great (or is it that we definitely know what makes<br />us feel awful?), but chances are you have never been told<br />why. Drink water, exercise, read books, laugh, do this, don’t<br />do that. That's how you'll feel great. Is that it? The intent is<br />not for this to be another self-help book. The shelves and<br />internet are lined with such strategies. When the oxygen<br />mask deploys on an airplane you are instructed to fit yourself<br />first before assisting anyone else. Why? If you do not take<br />care of yourself, how are you supposed to help others?<br />The intent of this book is for you to find your oxygen mask so<br />that you can immediately turn to the person next to you and<br />help them.<br />Discover and explore the why behind the things you do every<br />day that make you feel awesome. Take control so that you<br />can give back, help others, and make it a great day!",https://i.gr-assets.com/images/S/compressed.photo.goodreads.com/books/1641395776l/59949766._SY475_.jpg,,,title_author,medium,[],[],[],[]
book_1f6f1155a29dfe46,S. Ship of Theseus,J.J. Abrams,,456.0,"Mon, 27 Dec 2021 16:30:03 -0800","One book. Two readers. A world of mystery, menace, and desire.<br /><br /><br />A young woman picks up a book left behind by a stranger. Inside it are his margin notes, which reveal a reader entranced by the story and by its mysterious author. She responds with notes of her own, leaving the book for the stranger, and so begins an unlikely conversation that plunges them both into the unknown.<br /><br /><br />The book: Ship of Theseus, the final novel by a prolific but enigmatic writer named V.M. Straka, in which a man with no past is shanghaied onto a strange ship with a monstrous crew and launched onto a disorienting and perilous journey.<br /><br /><br />The writer: Straka, the incendiary and secretive subject of one of the world’s greatest mysteries, a revolutionary about whom the world knows nothing apart from the words he wrote and the rumors that swirl around him.<br /><br /><br />The readers: Jennifer and Eric, a college senior and a disgraced grad student, both facing crucial decisions about who they are, who they might become, and how much they’re willing to trust another person with their passions, hurts, and fears.<br /><br /><br />S., conceived by filmmaker J. J. Abrams and written by award-winning novelist Doug Dorst, is the chronicle of two readers finding each other in the margins of a book and enmeshing themselves in a deadly struggle between forces they don’t understand, and it is also Abrams and Dorst’s love letter to the written word.",https://i.gr-assets.com/images/S/compressed.photo.goodreads.com/books/1385874755l/18755048.jpg,,,title_author,medium,[],[],[],[]
book_b2f30d357bd91ac8,Hot as Hades,Alisha Rai,,118.0,"Tue, 21 Dec 2021 00:29:43 -0800","Ensnaring the ultimate bad boy has its risks…and its rewards. It’s not easy being Hades. Constantly guarding his world against other meddling and ambitious deities is stressful work. So when a naked goddess falls directly into his lap, along with the news that he has to shelter her for the indefinite future, he is less than thrilled.  The Underworld isn’t the first place Persephone would pick for a vacation—who in their right mind would choose a dark palace over sunshine and flowers? Yet from Hades’s first touch, the dark, sexy ruler fascinates her and has her thinking a fling might be just the thing to while away her confinement. But trust each other? Not a chance. Until the day comes that Persephone must leave…and they realize that trusting each other is the only way they’ll ever meet again.",https://i.gr-assets.com/images/S/compressed.photo.goodreads.com/books/1616631645l/57519626._SY475_.jpg,,,title_author,medium,[],[],[],[]
book_2957c2dac0bca8d2,White Glove Life,M.L.  Wright,,258.0,"Thu, 07 Oct 2021 07:54:13 -0700","From the author of the hit novel No Reserves comes another glamorous peek into the world of high-end jewelry.<br /><br />What happens when your new perfect life loses its sparkle?<br /><br />Our heroine, Mad, has found her happily ever after with her new, wealthy, über handsome husband, Steve, and her dream job as the preeminent jewelry advisor for the esteemed prince of Qatar. Her white glove life of traveling around the world hunting for the rarest gemstones and jewelry may seem flawless from the outside, but the façade of her picture-perfect life is beginning to show cracks. <br /><br />Constantly on the move, Mad navigates deftly through electrifying auction rooms, turquoise atolls, snowcapped mountains, and the largest and most captivating cities in the world. However, in the face of all the glitz and charm, she finds herself making more and more personal sacrifices. Will she be able to discover what is genuinely important in her life before it all falls apart? Reunited with her friends (and an old romance), Mad goes on a thrilling adventure where she truly learns the meaning of perfection.",https://i.gr-assets.com/images/S/compressed.photo.goodreads.com/books/1631924736l/59017321._SY475_.jpg,,,title_author,medium,[],[],[],[]
book_5bf69ebb07d83ac6,Herlot of Alonia: A Medieval Fantasy Series (The Herlot of Alonia Series Book 1),Maria Rosestone,,428.0,"Wed, 18 Aug 2021 21:28:39 -0700","Experience a heroine's journey through magic, battle, and ancient secrets in HERLOT OF ALONIA, the first book in a medieval fantasy series.<br /><br />In the small village of Alonia, tucked away in the kingdom of Eraska, a baby girl named Herlot is born into the world beneath a full moon and a grove of willow trees. Herlot is healthy and clearly touched by magic, which forever marks her as an outsider. The people of Alonia worry that the strange events that surround Herlot mean she is a bad omen, but Herlot learns to rely on her imagination and makes new friends, like the unicorn Devotio, folding herself into the magical world around her.<br /><br />“No matter what happens, the stars can see you....You’re never alone.”<br /><br />Just as Herlot turns eighteen and has found her place in her village, the kingdom of Eraska is invaded by the evil King Felix--a man willing to perform unspeakable acts in his search for a source of power to conquer all. It is time for Herlot to find her voice, embrace her magic, and save her people.<br /><br />“Herlot of Alonia breathes new life into the meaning of magic, belief, and freedom told through an epic adventure that delivers action-packed moments, a journey of self-discovery for a dazzling heroine, and a heartwarming bond with a unicorn."" - Liz Konkel ""<br /><br />Rosestone has crafted a truly enchanting novel that encompasses everything that a traditional fantasy tale ought to have but also expands into so much more of an emotive coming of age tale… [An] inspiring and engaging tale that is pure magic on every page. Overall, I'd highly recommend Herlot of Alonia for fantasy fans everywhere."" - K.C. Finn<br /><br />""Herlot of Alonia is without a doubt a classic tale reminiscent of the wondrous adventures of The Lord Of The Rings. Steeped in the small kingdom of Eraska, we fall under the spell of Herlot, her family, friends, and the magical creatures that surround her, as she grows up in a land where riches are measured by the contents of souls, and gold is taboo to all.” - Steven Robson, Reader’s Favorite<br /><br />The Herlot of Alonia series Book 1:<br />Herlot of Alonia Book 2: Coming Winter 2022",https://i.gr-assets.com/images/S/compressed.photo.goodreads.com/books/1590691291l/53580114._SY475_.jpg,,,title_author,medium,[],[],[],[]
book_c066592f80bac805,The Sequel,John  Green,,,"Wed, 17 Feb 2021 13:23:58 -0800",This ebook was only available by donating to the Project for Awesome 2012.,https://i.gr-assets.com/images/S/compressed.photo.goodreads.com/books/1352726198l/15996374.jpg,,,title_author,medium,[],[],[],[]
book_77570ea2de58d4b0,The Price of Dawn,John Green,,,"Wed, 17 Feb 2021 13:23:47 -0800","""[a] brilliant and haunting novelization..."" - Augustus Waters<br /><br />The adventures of Staff Sergeant Max Mayhem, now available as a perk for people who donate to the Harry Potter Alliance's Equality FTW 2013 fundraiser!<br /><br />From Indiegogo: John Green will be providing us with an exclusive excerpt from THE PRICE OF DAWN: the book Augustus gives to Hazel in The Fault in Our Stars. THE PRICE OF DAWN is the novelization of a video game starring Staff Sergeant Max Mayhem. That’s right, it’s a fictional novel based on a fictional video game, all of which exists inside John Green’s bestselling work of fiction, The Fault in Our Stars. But now it’s REAL and it will be sent to you as a downloadable PDF.",https://i.gr-assets.com/images/S/compressed.photo.goodreads.com/books/1401917630l/18514092.jpg,,,title_author,medium,[],[],[],[]
book_c0b737084a7dcf3a,An Imperial Affliction,Peter Van Houten,,6.0,"Wed, 17 Feb 2021 13:23:21 -0800","6 short pages of An Imperial Affliction, the book read by Hazel Grace in The Fault in Our Stars, written by John Green as a P4A perk.",https://i.gr-assets.com/images/S/compressed.photo.goodreads.com/books/1419005627l/23959944.jpg,,,title_author,medium,[],[],[],[]
book_74b6922b4507045c,The War for Banks Island,John  Green,,48.0,"Wed, 17 Feb 2021 13:23:10 -0800","A sequel to John's 2010 p4a story ""Zombicorns,"" ""The War for Banks Island"" takes place thirty years after the zombie apocalypse and is set primarily on a remote Canadian island where Mia has escaped and lives in a large city of surviving humans. But after years of stability, the Zs encroach.",https://i.gr-assets.com/images/S/compressed.photo.goodreads.com/books/1345486567l/15838434.jpg,,,title_author,medium,[],[],[],[]
book_330f2c4480e7f940,Zombicorns,John  Green,,72.0,"Wed, 17 Feb 2021 13:22:58 -0800","(From novella introduction)<br /><br />Dearest Reader,<br />This is a bad zombie apocalypse novella. It was written in a hurry. It is riddled with inconsistencies. And it never quite arrives at whatever point it sought to make. But remember: The $25 you donated to charity in exchange for this steaming mess of prose will help our species shuffle along, and I hope you’ll feel warmed by your good deed as you read. Thank you for decreasing the overall worldwide level of suck, and as they say in my hometown: Don’t forget to be awesome.<br /><br />Best wishes!<br />John Green<br /><br />* The book has been made available under creative commons license, so it can be acquired legally here: <a target=""_blank"" rel=""noopener nofollow"" href=""http://effyeahnerdfighters.com/post/2835409604/didnt-get-your-chance-to-get-your-hands-on-john"">http://effyeahnerdfighters.com/post/2...</a> :)",https://i.gr-assets.com/images/S/compressed.photo.goodreads.com/books/1295492192l/10268370.jpg,,,title_author,medium,[],[],[],[]
book_79a634990418f104,Heracles' Bow,Madeline Miller,,10.0,"Tue, 16 Feb 2021 21:05:09 -0800","A short story published in a Waterstones Special Edition of The Song of Achilles &amp; 'We Love This Book'.<br /><br />About the Author - <br /><br />Madeline Miller is an American novelist, whose debut novel was The Song of Achilles.<br /><br />Miller spent ten years writing the book while she worked as a Latin and Greek teacher. The novel, set in Greece, tells the story of the love between Achilles and Patroclus.<br /><br />The Song of Achilles won the Orange Prize for Fiction, making Miller the fourth debut novelist to win the prize.",https://i.gr-assets.com/images/S/compressed.photo.goodreads.com/books/1587769475l/41107836._SX318_SY475_.jpg,,,title_author,medium,[],[],[],[]
book_43a029cc8de826d4,"Meet Felicity: An American Girl (American Girl: Felicity, #1)",Valerie Tripp,,69.0,"Sat, 16 Jan 2021 14:52:12 -0800","Felicity falls in love with a beautiful horse named Penny. When she discovers that the owner is cruel, she is determined to find a way to save Penny.",https://i.gr-assets.com/images/S/compressed.photo.goodreads.com/books/1544382972l/420159._SY475_.jpg,,,title_author,medium,[],[],[],[]
book_394eb5da57f9cdd1,A Scientific Guide to Successful Relationships,Emily Nagoski,,162.0,"Sat, 16 Jan 2021 14:33:12 -0800","A life partnership is a learning experience. We are constantly learning the ways we were wrong, and the ways we can be better, kinder, more patient, more empathetic, more respectful and more appreciative. Indeed, such a partnership is perhaps the most educational and most humbling experience most of us will have in our lives.<br /><br />The goal of this guide is to provide a practical summary of the science of romantic relationships. In addition to the evolutionary origins of the emotions that make relationships at once so challenging and so nourishing, it presents the skills and patterns that predict positive outcomes in relationships. Most importantly, the guide discusses how to implement this information, which can only be effectively applied in the context of the appropriate attitude. That attitude is, ""I'm never perfect, never done growing, and neither is my partner. But I'm always growing, and so is my partner, so we're exactly where we need to be.""",https://i.gr-assets.com/images/S/compressed.photo.goodreads.com/books/1360665458l/17368664.jpg,,,title_author,medium,[],[],[],[]
book_2d174aee86ff7cff,Don’t Go Baking My Heart: A Cosy Paranormal Grim Reaper & Baker Love Story (Village of Foxford),Kate  Callaghan,,372.0,"Tue, 08 Sep 2026 12:10:23 -0700","<b><i>Don’t Go Baking My Heart</i> is a paranormal romance filled with magic, found family, and forbidden love—perfect for fans of cosy small-town fantasy with a dark twist.</b><br /><br />In the realm between life and death, Grim Reaper <b>Peter Matherson</b> dutifully guides souls to their rest. But when he’s ordered to return to Foxford to claim the soul of a young woman from his past, his job doesn’t seem so simple.<br /><br />For <b>Faye Parker</b>, baking is her escape from an unhappy, controlling marriage. A new and unexpected friendship gives her the courage to start over—but she never expected Peter to be such a vital part of her journey. As their bond deepens and love begins to bloom, Peter faces the ultimate follow duty and lose her forever, or defy death itself.<br /><br />With his deadline closing in, will Peter sacrifice his soul to save hers? Or will love crumble like an overbaked pastry?<br /><br />🔮<b>Tropes &amp; Themes</b>🔮<b> </b><br />Grim Reaper X Baker<br />Magical Small Town<br />Forbidden Love<br />Best Friends To Lovers<br />Found Family<br />Fade To Black<br />Healing<br /><br /><i>Don’t Go Baking My Heart</i> is the second book in the interconnected stand-alone Village of Foxford series. It can be read as a stand-alone, but would be best enjoyed after reading Potions and Proposals to avoid spoilers.<br /><br /><i>Readers! Please </i> this is an adult paranormal romance with mature content and is not suitable for those under 18. This novel contains themes of and not limited to violence, death, escaping domestic violence, and discrimination based on the use of magic or the type of magical creature.",https://i.gr-assets.com/images/S/compressed.photo.goodreads.com/books/1776269148l/242463017._SY475_.jpg,,,title_author,medium,[],[],[],[]
book_b666fb9d65abcf56,Once Upon a Demon's Heart (Cruel Fates #1),K.M. Moronova,,,"Tue, 08 Sep 2026 11:05:38 -0700","This is no fairytale—It’s yearning and guilt of two burdened hearts that will leave readers breathless.<br /><br />Alira, a devoted demigod knight, has found herself trapped in the throes of a brutal curse. A time loop in which the demon kingdom’s Blood Knight kills her every time. She is haunted by the attack she led on the innocent village of Thornhall, and her guilt consumes her from the inside out. After the twentieth time loop, she has finally had enough. Something has to change, lest she die at the Blood Knight’s hand for the rest of time. A choice she hopes she won’t regret—one to end the war between demigods and demons. Alira is shocked when she realizes that she’s marrying the very knight who has slain her so many times.<br /><br />A daughter of Venus and a duke of demons. Their love is both cursed and destined—a marriage to save the fragility of their kingdoms.<br /><br />Kalel is as cruel as they come. A devourer who survives on the gilded blood of demigods. He wants to hate her as much as he did when Thornhall fell, but he finds himself warring with his heart over his emotions for her. Together, they unravel the truths of Faultore, that perhaps not everything is as it seems. The gods may be pulling more strings than they should.<br /><br />It’s not a question of what love can conquer; it is a matter of what they are prepared to demolish in the path of it.",https://i.gr-assets.com/images/S/compressed.photo.goodreads.com/books/1748622980l/235371996._SY475_.jpg,,,title_author,medium,[],[],[],[]
book_7bc513c797654467,The Girl is Mine,Laura    Wolfe,,298.0,"Tue, 08 Sep 2026 10:05:14 -0700","Two families want her. Now she's missing.<br /><br />Ava and Ryan Shetland were loving parents to Gracie in every way that mattered. They were there for her first steps, her first words, and her middle-of-the-night wakeups. They doted on her and watched her grow. Years passed with no contact from Gracie’s biological parents, so Ava and Ryan planned to permanently adopt their precious foster daughter. It was a step that was just a formality—until it wasn't. Weeks before the final adoption hearing, Gracie's biological parents reappear out of nowhere. The judge grants them custody. And just like that, Ava and Ryan's little girl is gone.<br /><br />They can't let it end there.<br /><br />So, when they discover the biological family is taking Gracie camping in the woods, they decide to follow them—to watch, to document, and to prove the court made a catastrophic mistake. When they return home armed with evidence of the other couple's bad behavior, the news is already breaking: Gracie has vanished. Police say she is lost in the wilderness. Ava knows better.<br /><br />But when Ava and Ryan's secret surveillance trip comes to light, suddenly, the couple who fought hardest to keep Gracie safe are the prime suspects in her disappearance. With every hour that passes, the case against them grows stronger, and Gracie’s odds of survival dwindle. But Ava refuses to stop searching. Because no matter what the courts decided, Gracie is her daughter, and her mother’s intuition tells her that Gracie is still alive.<br /><br />And as Ava inches closer to the truth, she knows only one thing for sure. A mother will do anything to protect her child.<br /><br />A gripping psychological thriller with pulse-pounding twists, perfect for fans of Gone Girl, The Marriage, and The Wife Between Us.",https://i.gr-assets.com/images/S/compressed.photo.goodreads.com/books/1782409465l/254568953._SY475_.jpg,,,title_author,medium,[],[],[],[]
book_9f0ff68367f777c7,"Perfect Wives, Perfect Lies: A Novel",Jennifer Anne Gordon,,288.0,"Tue, 08 Sep 2026 10:02:50 -0700","<b>For fans of </b><b>
  <i>The Hunting </i>
</b><b> A woman in mourning finds renewed purpose in her fake persona for an online mom group—but membership comes at a killer cost.</b><br /><br />In the wake of losing her son, Becca also lost her marriage and her moorings. Now, work and time spent with her best friend, Lynn, are what gets her through the day. But it's a private group of moms on social media that gets her through the long nights.<br /><br />Run by Karen, the holy grail of perfect wives, Mommy Wine Time is a place where women share stories, perfectly airbrushed photos, and advice disguised as humble brags. And it's where Becca pretends to be Lucy, with the help of a stock photo account. Lucy's an ideal wife and mother living a dahlia-filled life in Seattle, enjoying all the things that Becca is certain she'll never have again.<br /><br />But the line between Becca's truths and Lucy's lies starts to blur when a series of bad deeds, daring games, and too many bottles of cheap chardonnay reveals something darker. Soon, what began as mere petty crimes escalates to kidnapping, assault, revenge, and murder. Still, the more Becca pretends, the more alive she feels . . .<br /><br />This psychological thriller from the author of <i>Pretty/Ugly</i> takes the wine moms from <i>Big Little Lies</i> and <i>Desperate Housewives,</i> puts them in an online space where it's easier to hide their true identities, and then gives them even darker obsessions. <i>Cheers.</i>",https://i.gr-assets.com/images/S/compressed.photo.goodreads.com/books/1767973480l/246326745._SY475_.jpg,,,title_author,medium,[],[],[],[]
book_88d34bdb86f0dd6d,Sugar Sand Land: A Novel (The Reality Star Romance),Patricia Leavy,,224.0,"Tue, 08 Sep 2026 10:00:56 -0700","<b>For fans of Ashley Poston and Abby Jimenez, a contemporary romance—with a twist—about a media-savvy reality television star and a canceled country singer.</b><br /><br />Twenty-eight-year-old beauty Emerson Blue is the second most followed celebrity on social media. A self-proclaimed “living piece of art” who rose to fame as a reality star and then parlayed her celebrity into a megabucks career as an influencer, she seems to have everything.<br /> <br />Forty-eight-year-old Grammy winner Renn Walker is a fallen country music star. Years ago, he was canceled following allegations of sexual misconduct, and he has lived in seclusion ever since. Once a beloved figure, he seems to have lost it all.<br /> <br />When Emerson and Renn meet, sparks fly. Against all odds, a star obsessed with popularity and a recluse shunned by the world fall in love. Everyone in the public and media has an opinion and thinks they know Emerson and Renn. But in a world dominated by social media—a world that blurs the lines between what’s public and private, what’s real and what’s illusion—do we ever really know anyone?",https://i.gr-assets.com/images/S/compressed.photo.goodreads.com/books/1771601698l/248267347._SY475_.jpg,,,title_author,medium,[],[],[],[]
book_ca6b2e6973e825e5,"Potions & Prejudice (The Moonflower Witches, #1)",Tee Harlowe,,336.0,"Wed, 02 Sep 2026 12:36:15 -0700","<b>Witch hates warlock.</b><br /><br /><b>Warlock hates witch.</b><br /><br /><b>Warlock falls for witch.</b><br /><br /><b> . . . Things get very, very complicated.</b><br /><br />Elspeth Moonflower just wants to cast a spell. Unfortunately, that’s impossible due to a curse her grandmother cast that forces every witch in her family to marry before using magic. As a result, Elspeth and her sisters are outcasts, helping their mother run her traveling apothecary shop—while she complains that her daughters are all magicless spinsters.<br /><br />When their cart breaks down and strands them in the charming village of Thistlegrove, Elspeth’s older sister meets a handsome warlock who’s smitten. If only the warlock’s best friend wasn’t completely insufferable. Draven Darkstone is broody, arrogant, wealthy—a perfect example of why Elspeth never wants to marry. But for the sake of her sister, she needs to be nice.<br /><br />Which is hard when all Draven does is glower at her. It’s even harder when the glowering turns to longing glances. It’s downright impossible when he kisses her.<br /><br />Little does Elspeth know, the line between love and hate just got thinner.<br /><br /><i>The low-stakes fantasy of</i> Legends and Lattes <i>meets the romance of </i>Bridgerton<i> in</i> <b>Potions &amp; Prejudice</b><i>, a spicy cozy fantasy romance with a grumpy sentient cottage, an anxious miniature dragon, and all the cottagecore vibes.</i>",https://i.gr-assets.com/images/S/compressed.photo.goodreads.com/books/1780464969l/251511049._SY475_.jpg,,,title_author,medium,[],[],[],[]
book_c0679b9a42d099d3,Unfinished Business,Clare Osongco,,352.0,"Mon, 31 Aug 2026 12:54:40 -0700","<b>In this funny, warmly chaotic tale of love, a floundering office worker discovers her mother's ghost is trapped in the company Slack server, and must free her by resolving her own troubled love life.</b><br /><br />A few months ago, Ruby Ocampo’s mother, Adela, died at her desk at work. Now, lost and driven by a misplaced sense of obligation, Ruby’s taken a job at the megacorporation where Adela worked for decades—and, to her horror, she discovers her mother’s ghost is trapped in the company Slack.<br /><br />Ruby has never lived up to her mother’s expectations in life, but to set her free, she’ll have to resolve Adela’s unfinished business. She makes a list of all the ways she could live more like her mother would have wanted, covering everything from her stunted career to her love life (#5 on the list: date someone in a higher tax bracket!). Soon her quest to free Adela gets Ruby entangled with two men at the office who might be able to help: the estranged childhood friend her mom never approved of—who's the only one she can confide in about this supernatural crisis—and the hot but vaguely sinister junior executive who's been paying her a confusing amount of attention.<br /><br />In order to give her mom a chance at the afterlife, Ruby must address her shortcomings one by one—and reevaluate her inherited ideas about love, work, and what’s truly important along the way.",https://i.gr-assets.com/images/S/compressed.photo.goodreads.com/books/1763133513l/243596623._SY475_.jpg,,,title_author,medium,[],[],[],[]
book_d4be31edf722a4d5,Some People,Parini Shroff,,304.0,"Mon, 31 Aug 2026 12:53:45 -0700","<b>A man on the brink of divorce is forced to care for his injured future-ex-mother-in-law in this powerful, heartfelt novel from the nationally bestselling author of </b><b>
  <i>The Bandit Queens</i>
</b><b>.</b><br /> <br /> Malti Patel is absolutely fine. Concussed and bruised, maybe, but fine. Certainly fine enough to not need her daughter's soon-to-be-ex-husband, Nathan Whitlock, playing nurse in her home while she recuperates. And yet, that's exactly the quandry in which she finds herself. Her doctor insists on in-home supervision for seven days, and with her daughter, Kavya, abroad at grad school in India, Nathan proves too much of a do-gooder to let Malti rehabiliate alone. Seven days of Nathan, the man divorcing her daughter for all manner of cultural misunderstanding, emotional walls, simmering hostility...most of them having to do with Kavya's scars from her childhood with Malti.<br /> <br /> They want nothing to do with one another. But over the course of the week, as Malti grapples with the shadows of her past and Nathan ponders the wreckage of his marriage, they learn that they are the two people who know Kavya best—and the ones who have hurt her so deeply that she's left them both entirely.<br /> <br /> Rich with emotional depth, <i>Some People</i> paints a nuanced portrait of love, forgiveness, and our timeless quest for understanding and acceptance.",https://i.gr-assets.com/images/S/compressed.photo.goodreads.com/books/1759895697l/242514119._SY475_.jpg,,,title_author,medium,[],[],[],[]
book_35a4441dd3f59a5c,The Baby Bluff (Bar Down #2),Cali Melle,,336.0,"Sun, 30 Aug 2026 20:49:21 -0700","He’s spent his whole life protecting her—he just never expected to be protecting a secret this big.<br /><br />Lucy Taylor thought the hardest part of being the Hillford Ice Hawks’ new athletic trainer would be the pressure of working for a professional hockey team, but she was wrong.<br /><br />It’s the pressure of starting a new job, unexpectedly pregnant after a one-night stand, knowing she’s doing it all alone.<br /><br />Theo Simmons, the team’s star winger has always been her constant. Her childhood best friend and the one person who’s always been by her side. So, when he finds out about her pregnancy, he swears she won’t have to go through it by herself.<br /><br />And in a split second of panic, one lie slips out to the wrong people.<br /><br />The baby is his.<br /><br />What starts as damage control turns into a fake relationship to keep it all from falling apart. Somewhere between prenatal appointments and building a nursery, the line they swore to never cross vanishes completely.<br /><br />Theo should walk away before it goes too far, but pretending to be Lucy’s boyfriend is the easiest lie he’s ever told and the hardest to let go.<br /><br />And nine months was never going to be enough for him…",https://i.gr-assets.com/images/S/compressed.photo.goodreads.com/books/1779159229l/250901919._SY475_.jpg,,,title_author,medium,[],[],[],[]
book_ec76e4364269629d,West of Forever (Heartstone Ranch #1),Corinne Michaels,,11.0,"Sun, 09 Aug 2026 09:56:35 -0700","Tristan Stone is off limits.<br /><br />It doesn't matter that the grumpy, single dad did nothing wrong. He's a cowboy and his last name means I'm bound by blood to hate him. My family would never be okay with me having feelings for our enemy.<br /><br />When he stops—in the pouring rain—because I have a flat tire, the last thing I expect is for him to help me. I do my best to ignore the water sliding off his hat and how he fills out those jeans. My best, however, is not good enough. Each night I close my eyes and dream of a future we can never have.<br /><br />And after he defends me at the bar and we share a magical dance? It only gets worse. I know I should forget about him, but when I find him alone one night, I offer up a no-strings attached relationship that we both promise to keep secret. Sidelong glances across property lines morph into clandestine meetings under the stars wrapped up in each other's arms.<br /><br />Never mind that our families will never approve or that he told me he can never love again, I crave him.<br /><br />Soon our no feelings agreement is in tatters, and my heart belongs to that broken cowboy. Will he break it or will he defy them all and choose us instead?",https://i.gr-assets.com/images/S/compressed.photo.goodreads.com/books/1777312802l/251533383._SX318_.jpg,,,title_author,medium,[],[],[],[]
book_1f9e9d3b864bb738,The Fae Guardian,Elle Thrasher,,419.0,"Fri, 07 Aug 2026 22:47:06 -0700","<b>When the fae princess needs protecting, there is only one man for the job. </b><br /><br />Freija has spent her life shaping herself into the perfect Fjell Fae heir—disciplined, dutiful, and ready to defend her mountain realm. But when a hidden threat rises, the king assigns her a new bodyguard. That’s when her flawless façade begins to crack.<br /><br />Halvar is a weapon carved from war—stoic, ruthless, and drenched in a blood-soaked past. The general is everything she has been taught to avoid… and the only person she cannot resist. With every lingering glance, every tense training session, the line between princess and guard blurs.<br /><br />But death lurks in the mountain's tunnels, and the pressure to secure the royal line rises. When Freija is forced to make an appropriate marriage, she faces an impossible choice: follow her dreams, including the man she is falling for, or be the perfect crown princess.<br /><br />What will prevail? Duty or desire?<br /><br /><b>
  <i>The Fae Guardian is a standalone fantasy romance set in the Nordic Fae world. With sizzling chemistry, elemental magic, slow burn tension, and an mmc that would burn the world down for her, this Nordic inspired book is perfect for fans of Helen Scheuerer and LJ Andrews.</i>
</b>",https://i.gr-assets.com/images/S/compressed.photo.goodreads.com/books/1769200215l/244579229._SX318_.jpg,,,title_author,medium,[],[],[],[]
book_c18986625e06386b,The Pleasure Trap,Emelie Olsson,,416.0,"Wed, 05 Aug 2026 09:30:45 -0700","<b>
  <i>Three couples. Two weeks at an all-inclusive resort. One twisted game.</i>
</b><br /><br />Alice and Tom have been married for sixteen years and are desperate for a baby. Melissa and Callum are newlyweds, hoping their honeymoon will create social media gold. Rebecca and Ryan are childhood sweethearts who seem to have a picture-perfect marriage.<br /><br />When the couples befriend one another in Mexico, the decision to vacation together feels effortless, as though that was the plan all along. It was. No one suspects Rebecca and Ryan have a Game to play—or that Melissa and Tom have been selected for it.<br /><br />The goal is Seduce your target by whatever means necessary. It’s a Game Rebecca and Ryan have played before. But as boundaries are pushed and loyalties tested, will this Game finally be the one that goes too far?",https://i.gr-assets.com/images/S/compressed.photo.goodreads.com/books/1780972610l/251241230._SY475_.jpg,,,title_author,medium,[],[],[],[]
book_3e70257e874fafe1,"Heartbreaker (The Mavens, #2)",Morgan  Elizabeth,,,"Wed, 05 Aug 2026 09:27:55 -0700","Get ready to race with the Mavens... Heartbreaker is coming August 6!<br /><br />A grumpy sunshine, rivals-to-lovers monster truck romance between a bad-boy former IndyCar driver who needs to reform his image, and the undercover spy assigned to figure out who is sabotaging him!<br /><br /><br />Full Blurb Coming Soon!",https://i.gr-assets.com/images/S/compressed.photo.goodreads.com/books/1782848120l/254795529._SY475_.jpg,,,title_author,medium,[],[],[],[]
book_5e2aebdc3b24c966,The Last Man on Earth: A Survival Romance,Shae Sanders,,312.0,"Wed, 05 Aug 2026 09:26:01 -0700","Famous rapper Villain and his rowdy entourage are headed to his bachelor party in Brazil when his private jet crashes on a remote island. The only survivors are him and Ariana, the beautiful, older, no-nonsense in-flight concierge who can't stand him.<br /><br />Stranded with no rescue in sight, they have no choice but to work together if they want to survive. What begins as a fragile truce soon ignites into passion and forges a path to trust, understanding, and a love neither of them expected to find.<br /><br />But when rescue finally comes, reality hits hard--the headlines, the scrutiny, their grief, and the fiancee and boyfriend they left behind.<br /><br />Ultimately, they realize they have to Will they return to the lives they once knew, or fight for the new life they built together on that island?",https://i.gr-assets.com/images/S/compressed.photo.goodreads.com/books/1777673080l/249429609._SY475_.jpg,,,title_author,medium,[],[],[],[]
book_bc6385d43758beec,"One-Track Mind: A Second Chance, Friends to Lovers Romance with Spicy Lessons (Outlaw Series Book 3)",Erin Olivier,,343.0,"Sat, 01 Aug 2026 15:15:20 -0700","He's one of country music's biggest heartbreakers.<br />She's his manager and best friend. She's also been in love with him for years...<br />But he has no idea the first heart he ever broke was hers.<br /><br />As a member of the band Outlaw, Josh Harper is country music royalty. Long before the sold-out tours and platinum albums, he was just my best friend.<br /><br />He still is.<br /><br />He’s also the man I’ve loved for half my life… but that’s a closely guarded secret.<br /><br />I tried to move on once, building a life away from the memories, from the music, from him. My head told me I was finally free, but my heart knew better.<br /><br />When Josh needed me, I came back.<br /><br />Now, a decade later, we’re still tangled up in each other, crushed under the weight of everything I’ve spent years pretending not to feel.<br /><br />Until one night when he offers me something I can’t refuse:<br /><br />Friends with benefits.<br /><br />I’ve tried every other way to get over him… maybe getting under him will finally do the trick.<br /><br /><br />Perfect for readers who love:<br />Best Friends to Secret Lovers<br />Spicy Lessons<br />Second Chance Romance<br />It's Always Been You<br />Inexperienced FMC<br />Reformed Playboy MMC<br />Pining, Angst, and Humor<br /><br />This is book 3 in the Outlaw Series, but each book can be read as a standalone. HEA guaranteed!<br /><br />Outlaw Series:<br />Every Now and Then<br />Set the Record Straight<br />One-Track Mind",https://i.gr-assets.com/images/S/compressed.photo.goodreads.com/books/1785430703l/250606592._SY475_.jpg,,,title_author,medium,[],[],[],[]
book_b030ee08eb3ab6bb,Make Me (Play Me #4),Adriana Locke,,286.0,"Wed, 29 Jul 2026 18:25:57 -0700","I’ve always hated being told what to do.<br /><br />Imagine my surprise when my grandmother calls me back to Sugar Creek and casually informs me that she’s leaving me the farmhouse I grew up in and a sizable inheritance.<br /><br />There’s just one tiny little catch.<br /><br />I must prove I understand our family’s legacy, and that I can stop chasing whims and put down roots … by marrying Hartley Adler.",https://i.gr-assets.com/images/S/compressed.photo.goodreads.com/books/1775082342l/250280655._SY475_.jpg,,,title_author,medium,[],[],[],[]
book_c5391e944ee53f80,Danger Lies Within (The Ranfurly Mysteries),K.M. Krenik,,274.0,"Mon, 27 Jul 2026 07:08:23 -0700","Courtney Drake prefers her peaceful life in the mountains where her little town is quiet and unchanging, the only excitement an occasional dragon sighting.<br /><br />She takes a position as a nanny for five-year-old twins of a captivating Lord Robert Ranfurly and the last thing she plans on is falling in love. But as much as she tries to push back her feelings, the attraction for her new employer is undeniable.<br /><br />When a member of Lord Robert's staff is murdered and the entire household is in question, Courtney finds herself caught in a world of whispers and covert affairs. Little does she know that Lord Robert has secrets he keeps from everyone.<br /><br />Falling in love can be dangerous in <i>Danger Lies Within</i>, Book One of <i>The Ranfurly Mysteries</i> by K.M. Krenik.<br /><br />#Romance #Urban Fantasy #Mystery #Suspense #Sci-Fi #Dystopian #Dragons #Regency",https://i.gr-assets.com/images/S/compressed.photo.goodreads.com/books/1723265522l/217346747._SY475_.jpg,,,title_author,medium,[],[],[],[]
book_e7b020cd138dd2ab,"Falling for You (Falling For, #1)",Natasha Madison,,316.0,"Thu, 16 Jul 2026 06:51:52 -0700","<strong>A<em> USA TODAY</em> BESTSELLER</strong><br /><br /><strong><em>USA Today</em> and <em>Wall Street Journal</em> bestselling author Natasha Madison turns up the heat when a night of passion brings together a man who was never looking for love and a woman who thinks she doesn’t deserve it.</strong><br /><br />Theo Williams loved and lost once and isn’t interested in doing it again. He has his family and friends, and plenty of women passing through his new hometown who are happy with a no-strings-attached night of passion. Working as a partner at his cousin’s construction company, he’s perfectly content with his life—until he meets Collins Henderson, the one-night stand who will change his world forever.<br /><br />Collins grew up on the wrong side of her small hometown. Thanks to her parents’ shady schemes, every local knows a Henderson cannot be trusted. She works hard as a paramedic, putting in every extra hour she can to save for a better life. But every time she starts to get ahead, her parents show up to pull her back down. Having one night of passion with a man she doesn’t know is not something she’d normally do, but there was just something about him … And two months later, she finds herself unexpectedly pregnant.<br /><br />When she runs into the mysterious stranger again, she has to tell him, not because she needs or wants anything from him, just so he knows. But now he’s showing up at her house, cooking her meals, stocking her refrigerator, and doing everything he can for her. Collins has always taken care of herself. She wasn’t looking for a relationship, but she can’t deny the chemistry between them.<br /><br />She knows it’s only a matter of time before he learns who she is and changes his mind. She can’t let herself fall for this guy, but every day he’s getting harder to resist …",https://i.gr-assets.com/images/S/compressed.photo.goodreads.com/books/1770903973l/242618475._SY475_.jpg,,,title_author,medium,[],[],[],[]
book_84e4d0fa56f9f1d7,"Hi Pretty Girl, Bye Pretty Girl",Daniel Amory,,,"Thu, 16 Jul 2026 06:49:28 -0700","2026 Bestseller. ""Funny."" “Very Cute.” Catherine. Jake. Childhood Friends. Morocco. Spain. Bahamas Wedding. Love Triangle. From #1 Bestselling Author Daniel Amory (NYT, A&amp;E Television, The History Channel, Cameron's Court, The Lion in the Colosseum, Le Scapegoat, (In)famous), comes ""Hi Pretty Girl, Bye Pretty Girl."" They’ve shared scraped knees, embarrassing secrets, and twenty-two years of friendship. Falling in love was never part of the plan. As their lifelong friendship starts to feel dangerously different, turning friendship into something more means risking the one relationship they can’t afford to lose.<br /><br />""I make you nervous, don't I?"" asked Catherine.<br />She moved a little closer and, then, in an impassioned voice, she said, “Don’t be overdramatic, Jake. It’s just me.”<br />We stood there, face-to-face, watching each other’s every movement, as if standing still in time, in a surprisingly formal moment.<br />“You can say anything,” said Catherine.<br /><br />Hi Pretty Girl, Bye Pretty Girl is about childhood friends, Catherine and Jake, as they travel together during law school on a spring break trip to Morocco. Later that summer, after graduating law school and taking the bar exam, they go on another trip, but this time to Spain. With love in the air, things become complicated and conflict ensues. Back at home in Chicago, Catherine, torn by the complications of their relationship, suddenly announces that she is getting married, but to a guy that Jake knows is ""all wrong"" for her. Forced to confront his feelings for Catherine, Jake vows to stop the wedding. However, with the wedding in the Bahamas, things get even more complex and descend into discord (with the help of some new friends). ""Superb."" ""Loved it."" ""Timeless."" ""Very Well-Written.""<br /><br />As a journalist, Daniel Amory worked with The New York Times, A&amp;E Television and The History Channel. A cornerstone of Literary Romantic Comedies in 2026, Hi Pretty Girl, Bye Pretty Girl is one of his six novels.",https://i.gr-assets.com/images/S/compressed.photo.goodreads.com/books/1780367688l/252965111._SX318_.jpg,,,title_author,medium,[],[],[],[]
book_e18526f8fa324fa8,We Are Gathered Here Today,Bobby Finger,,320.0,"Thu, 16 Jul 2026 06:48:56 -0700","<b><i>The Wedding People </i>meets <i>The Celebrants </i>in this hilarious and profound novel about a recently engaged gay man second guessing marriage, and his cousin’s chaotic Texas wedding weekend with old friends and unexpected strangers that will help guide him to the truth, from the beloved author of <i>The Old Place.</i></b><br /><br />At 36, Finlay Hightower has attended countless incredible, cringe-worthy, and disastrous wedding celebrations with his best friends. Their secret to surviving wedding chaos? The Hour of Disrespect—a pact to reserve judgement to one hour after the couple’s Big Day, protecting the wedding glow and leaving only with the good memories.<br /><br />But this next wedding will test their decade-old tradition in more ways than one. Now, one of their own is getting married—Fin’s beloved cousin, Elaine—at a Wild West-themed venue in the sweltering Texas summer heat that is as meticulously itineraried as it is kitchy. Reserving opinions won’t be easy, and on top of that Fin has a secret that threatens his officiant he’s just gotten engaged to the man of his dreams, and a sense of unease has him questioning if he believes in the institution of marriage <i>at all</i>.<br /><br />As Fin joins the rambunctious and increasingly unhinged “queer table”, old friendships are tested and new relationships are formed. Will each guest hold back their particular views on love, commitment, and the wedding before Elaine can say “I do”? And if not, could those confessions ultimately give Fin the courage to uncover his truth?<br /><br />Like any good wedding, <i>We Are Gathered Here Today </i>is funny, heartfelt, and full of surprises. Like any terrible wedding, it’s something you’ll never forget.",https://i.gr-assets.com/images/S/compressed.photo.goodreads.com/books/1758078333l/241715899._SY475_.jpg,,,title_author,medium,[],[],[],[]
book_cf52e8b89f0fac50,Turning: A Novel,Wayne Feinstein,,251.0,"Tue, 14 Jul 2026 06:08:29 -0700","Can a lifetime of wrongs be made right?<br /><br />By almost every measure, Joe Fredericks, a real estate developer in New York City, is at the top. Successful, wealthy, and now the biggest developer in New York, he should feel as strong and solid as a Manhattan skyscraper. But one phone call from his ex-wife and that façade shatters. His college-age son, Steven, is dying of cancer and has forbidden Joe from visiting him in his final days.<br /><br />Steven’s death exposes how hollow Joe’s life really is. While trying to move forward, Joe can’t help but reflect on his past as waves of memories resurface. As he relives the pivotal moments of his life, can Joe determine what went wrong in time to save his strained relationship with his daughter and Steven’s twin, Laura? And can looking at his life in a new light help Joe find his future path in his career and in love?<br /><br /><b>PLEASE When you purchase this title, the accompanying PDF will be available in your Audible Library along with the audio.</b>",https://i.gr-assets.com/images/S/compressed.photo.goodreads.com/books/1778169585l/251941543._SY475_.jpg,,,title_author,medium,[],[],[],[]
book_625fc09be7686385,"Letters from the Last Apothecary (Tressport Magic, #1)",Bita Behzadi,,368.0,"Mon, 13 Jul 2026 06:07:30 -0700","<b>EMILY WILDE meets DIVINE RIVALS in this light romantic fantasy epistolary novel about a grumpy apothecarist, the whirlwind woman who comes to save his shop, and the letters that secretly unite them. <i>You've Got Mail </i>with a magical twist!</b><br /><br /><b>Josie Pinova doesn’t believe in fate—until fate seems to believe in her.</b><br /><br />The day after she’s fired, she wanders into the last magical apothecary in Tressport and lands an unexpected job. It’s not ideal, but it buys her time—and a paycheck—while she waits to hear if she's been accepted into the city’s prestigious Institute of Magic.<br /><br /><b>Aufidius Reid doesn’t believe in luck—and Josie feels like the worst kind.</b><br /><br />Opinionated, charming, and infuriatingly outsmarting him at every turn, she makes him feel like he’s constantly a step behind. To her, he’s uptight and impossible. Neither suspects they’re already falling for each other—through a months-long exchange of anonymous letters as fellow Institute hopefuls.<br /><br /><b>In the shop, they clash. On the page, they fall in love.</b><br /><br />But with the apothecary slated to close in six months—another casualty of Tressport’s rapid industrialization and rising anti-magic sentiment—they’ll have to fight for more than just their livelihoods. Josie is determined to prove that women like her belong in the world of structured spellwork. Reid is just as set on mastering his unruly magic and outrunning the past that’s held him back. Saving the shop might be their only shot—at meaningful magic, at true purpose, and at each other.<br /><br /><b>Set against the smog-choked skyline of Tressport inside a lush, green sanctuary of plants and old magics, this is a story of mistaken identity, reluctant partnership, and the quiet magic of being truly seen—on and off the page.</b>",https://i.gr-assets.com/images/S/compressed.photo.goodreads.com/books/1767672756l/241434390._SY475_.jpg,,,title_author,medium,[],[],[],[]
book_9d2d77fe869ca454,"Faults (Primrose Hill, #1)",Brittany Storm,,395.0,"Tue, 07 Jul 2026 20:32:50 -0700","Welcome to Primrose Hill, where the James family isn't just part of the community-they're the heart of it all.<br />Here, horses aren't just a passion-they're a way of life.<br /><br />After a string of setbacks, Addison James has returned home to the Texas Hill Country to chase her dream of running her own farm and finally living life on her own terms. She's sworn off men after a painful betrayal, but finds herself inconveniently drawn to the new veterinarian in town. He's charming, thoughtful, and impossibly tempting. Will her past destroy her chance at a future she never expected?<br /><br />Dean Adler may come from billionaire roots, but he's done letting anyone dictate his future. Becoming the new veterinarian in Primrose Hill is his chance at a quiet life and a fresh start. Trusting people has never come easy, and relationships are off the table until he finds himself distracted by his new town's sweetheart. If he lets himself fall, he could lose everything he's worked for… but pushing her away feels impossible. Is she worth the risk?<br /><br />In a town where family means everything, loyalty runs deep, and trust is earned, Addison's and Dean's worlds collide in ways that neither expected. Their chemistry is undeniable, and their connection unexpected.<br /><br />Can two guarded hearts take a chance on each other?<br /><br />Or will the past steal their shot at a future worth fighting for?",https://i.gr-assets.com/images/S/compressed.photo.goodreads.com/books/1770096419l/244480350._SY475_.jpg,,,title_author,medium,[],[],[],[]
book_526cbdc44a6e939f,Carried Away,Gracie Madison Elizabeth,,352.0,"Tue, 07 Jul 2026 05:58:37 -0700","Holly has always been a lucky girl. Opportunities follow her like a promise, and she almost always gets what she wants. So, when a handsome cowboy catches her eye during a quick trip to Nashville, she assumes he’s just another lucky distraction. Until fate throws her back into Dallas’s orbit, this time in Cape Cod. And the cowboy isn’t just a cowboy after all. A Vermont local, Dallas finds himself juggling farm chores, shifts at his aunt’s market, and the pressure of settling down. Wanting to please the people he loves, Dallas makes Holly an offer she can’t refuse—anything she wants in exchange for playing his girlfriend. Pretending is easy. Reminding herself that it's fake is the hard part. And Dallas is hiding a secret that could ruin not only his reputation but his deal with Holly if the truth comes out. But she won’t find out, right?<br /><br />Carried Away is perfect for fans of slow burn, sweet romance, fake dating stories.",https://i.gr-assets.com/images/S/compressed.photo.goodreads.com/books/1771374659l/248156622._SY475_.jpg,,,title_author,medium,[],[],[],[]
book_eeaf886405b5bddd,The MASH Up,Laura Marie Meyers,,332.0,"Tue, 07 Jul 2026 05:58:08 -0700","<b>It’s all fun and games until someone falls in love.<br /><br />MANSION • APARTMENT • SHACK • HOUSE</b><br /><br />Ruby Wynne is a staunch rule-follower who lives by the numbers. So when a surprising breakup – on her thirty-fifth birthday – ruins all her well-laid plans, Ruby makes an unexpected wish . . . Only to wake up inside a M.A.S.H. game from seventh grade.<br /><br />Settled in a Technicolor mansion, driving a tie-dye Jeep, and running a roller-disco restaurant, Ruby is living out her childhood dreams come true—with one exception. According to the game, Ruby’s “other half” is supposed to be Penn Hayes, her brother’s annoying, and annoyingly handsome, best friend. But there’s zero romance between them. Just like in real life, all they share is sarcasm. With no rules to follow and desperate to return to reality, Ruby makes her best guess at an escape plan: win Penn’s heart so the game comes completely true and she can go home.<br /><br />It’s unthinkable. On Ruby’s list of dos and don’ts, Penn Hayes is a lifelong don’t. But as Ruby navigates the magical world she dreamed up at thirteen, she wonders if, by finally throwing out her rules, she might just find her way home to the life and love she deserves.",https://i.gr-assets.com/images/S/compressed.photo.goodreads.com/books/1762488801l/242921595._SY475_.jpg,,,title_author,medium,[],[],[],[]
book_2ddcdf5f6d65be69,Light and Shadows,Darin Gibby,,328.0,"Tue, 07 Jul 2026 05:55:18 -0700",,https://i.gr-assets.com/images/S/compressed.photo.goodreads.com/books/1778200253l/251955200._SY475_.jpg,,,title_author,medium,[],[],[],[]
book_67df15f5ec8d3e98,The Solo Honeymoon: A Brief Beautiful True Love Story,Laura  Murphy,,256.0,"Sat, 04 Jul 2026 07:37:17 -0700","<b>A romantic, life-affirming memoir about a young woman’s solo honeymoon to Europe after her fiancé’s sudden death weeks before their wedding, and the community of hope and wonder she built along the way</b><br /><br />When Laura and Devon sat down to plan their honeymoon, Castellina in Chianti, Italy, was the obvious destination. Four months later, Laura found herself standing in a secret spot at the edge of the village watching the sunset. It would have been perfect, if Devon had been there with her. But Laura’s fiancé, the love of her life, had died in her arms a month before their wedding.<br /><br /><i>The Solo Honeymoon</i> follows Laura as she faces her fears and heartbreak by going alone on the honeymoon she had planned with Devon. From screaming from the mountaintops in Ireland to wandering the busy streets of London to dining on the French Riviera and watching the sun set over Castellina, Laura travels across Europe to find solid ground. Along the way, listeners learn her unique love story and come to know Devon and what made their relationship so special.<br /><br />The result is a beautiful exploration of what it means to choose life in the face of unimaginable pain. <i>The Solo Honeymoon</i> shines a light on the joy of love, the depths of grief, and all the beauty there is in the world.",https://i.gr-assets.com/images/S/compressed.photo.goodreads.com/books/1770965188l/242764867._SY475_.jpg,,,title_author,medium,[],[],[],[]
book_9f6fdafc6ff55778,The Bookshop Woman: My Year Transforming Lives—One Book at a Time,Nanako Hanada,,224.0,"Sat, 04 Jul 2026 07:37:01 -0700","<b>This international bestseller is the true story of a devoted book lover who finds connection in the vast sea of Tokyo by recommending to strangers the book that will change their lives.<br /><br /><i>“I'm the manager of a very unusual bookshop. I have over ten thousand books in my vast memory bank, and I'll recommend the perfect one for you.”</i></b><br /><br />Nanako Hanada is a passionate book lover who manages the Village Vanguard, an iconically eccentric bookstore in Tokyo. But her story takes a turn with the breakdown of her marriage. Spending her nights alone in Tokyo's four-hour capsules, she’s finding herself rather isolated. That's until Nanako finds the meet-up site Perfect Strangers.<br /><br />Perfect Strangers isn’t a dating site—it’s where people meet for thirty-minute bursts to find friendship or romance, build a network, or just share ideas. She sets up her profile promising to recommend people “the book that will change their life.” In the ensuing year, Nanako meets hundreds of people, a ragtag range of strangers who happen to believe in the power of a great book. Soon she discovers that she can connect with just about anyone, and bustling Tokyo begins to feel like a welcoming—if a bit quirky—small town.<br /><br />Written with comforting humor and populated by a delightful cast of Tokyo-ites, <i>The Bookshop Woman</i> is a soul-stirring book about a bookseller's self-discovery. Here she shares what every bookseller knows: Books can be joyful paths toward meaningful connections.",https://i.gr-assets.com/images/S/compressed.photo.goodreads.com/books/1767517857l/245324123._SY475_.jpg,,,title_author,medium,[],[],[],[]
book_835850f43a91cc5e,Engineering a Love Story,Kathleen Reidy,,372.0,"Sat, 04 Jul 2026 07:36:19 -0700","It's the year 2000—dot-coms, Bush v. Gore, and sky-high San Francisco rents. But while the country swoons with irrational exuberance, Chelsea Lefevre's life is collapsing faster than a tech bubble.<br /><br />She'd had everything she thought she was supposed to want: a house on Boston's North Shore, exquisite wedding china, a Waspy mother-in-law. A steady, safe marriage. But after a mortifying slip-up, Chelsea finds herself heading into the 21st century alone. Her lifeboat? A new job advising tech execs, taken to escape the misogyny she endured as a software engineer—only to discover she has a surprising knack for spotting the next hot thing.<br /><br />In this heady new world, Chelsea meets Seth Murphy, a magnetic sales executive at one of the country’s hottest startups. Professional boundaries make Seth off-limits, but Chelsea is tired of steady and safe. What starts as a casual fling soon spirals into a secret and intense affair, jeopardizing Chelsea’s career, newfound independence—and heart. <br /><br />But as the bubble bursts, Chelsea will have to decode the difference between good enough and too good to be true, and reckon with how much a smart woman can risk when she’s the only female in the room.<br /><br />Warm and witty, Engineering a Love Story is about growing up after a decade of adulthood and refusing to settle for a life that's less than the one you're capable of living.",https://i.gr-assets.com/images/S/compressed.photo.goodreads.com/books/1769127352l/245207129._SY475_.jpg,,,title_author,medium,[],[],[],[]
book_e302330cd8aa3330,"Ghost Me, Maybe",Manda Collins,,228.0,"Sat, 04 Jul 2026 07:34:01 -0700","In exchange for a large inheritance, a librarian from Cincinnati relocates to a small island to take over a historic library. But it seems her new home already has a tenant: the grumpy and all-too-handsome great-nephew of the property’s previous owner.<br /><br />As the two butt heads in an effort to stake their claims, they’re plagued by a series of strange “hauntings” that don’t seem to be coming from the great beyond. Now, poised to defend the library against these <i>living</i> threats, the two must join forces―and an undeniable attraction is soon brewing between them.",https://i.gr-assets.com/images/S/compressed.photo.goodreads.com/books/1769340388l/246237289._SY475_.jpg,,,title_author,medium,[],[],[],[]
book_17e4f5f43db025b5,"Hot Lips: An Angsty Second Chance, Rockstar Romance (Sexodus Series Book 1)",Liz Castle,,358.0,"Sat, 04 Jul 2026 07:23:19 -0700","An up-and-coming singer/songwriter and a young photographer taking the art world by storm must learn to put their past and pride aside to pursue the ultimate encore: another chance at love.<br /><br />Frankie never expected facing the past would hurt this way. And Ben never expected he would still want her so much...<br /><br />Three years ago, Frankie Holiday dumped the love of her life and left town with no explanation. Now the aspiring musician is back in Chicago, working hard to make her dreams of rock stardom a reality. After a lifetime of obligation and debt, she’s vowed never to be beholden to anyone ever again. So, when her ex walks back into her life, she knows it’s time her final past-due balance is paid.<br /><br />One drink. One apology.<br /><br />The last thing Ben Carver needs is to run into the woman he’d stupidly risked his heart and reputation for. He’s tried to move on with his life, but the talented photographer and art world darling has never truly gotten over her—or the brutal way she ended things between them.<br /><br />As the countdown to the biggest performance of Frankie’s career draws near, she will have to confront the secrets and lies that have fueled her music but also driven her to break both of their hearts.<br /><br />Can Frankie put her past and pride aside and be vulnerable enough to pursue the ultimate encore: another chance with the man she’s never stopped loving?<br /><br />Hot Lips is the debut novel by Liz Castle for fans of Lucy Parker and Elizabeth O’Roark, about the power of art and finding your true voice, set to an indie-rock soundtrack straight out of Coachella. This is the first book in a new series featuring members of the hard-working band Sexodus.",https://i.gr-assets.com/images/S/compressed.photo.goodreads.com/books/1780325520l/252948362._SY475_.jpg,,,title_author,medium,[],[],[],[]
book_031c58c4dd7380be,The Miller's Daughter,Joy Corwin,,478.0,"Sat, 04 Jul 2026 07:22:46 -0700","<b>
  <i>A mother's sin. A daughter's secret.</i>
</b><br /><br /><b>14th Century England</b><br /><br />A young girl, abandoned by her mother.<br />A Lord’s second son, under the thumb of his elder brother.<br />A notorious outlaw, trying to forget his past.<br />A beautiful captive, betrayed and sold by her father<br /><br /><b>Two timelines, years apart, tell their tale. Come along on their desperate journey. </b><br /><br />When Lisi flees a medieval convent in search of the mother who mysteriously abandoned her years before, she finds Katherine, a prostitute, on her deathbed.<br /><br />Now orphaned, she is taken in by a local miller's wife who tells no one of Lisi's identity or family secrets. Lisi soon befriends Rayner, a Lord's second son who attempts to break through her hardened exterior. But Rayner's twisted twin threatens to destroy any hope for their future.<br /><br />The mysteries of Lisi's past are gradually revealed when readers discover her mother was sold to an outlaw who took her to his hidden camp where his impulse to buy her threatens to destroy the life he carefully built to hide his past and deaden his heart. Katherine concocts a bold plan to escape but when she learns the outlaw is in danger, will she risk all to save him?<br /><br /><b>A puzzle of discovery where love is won and lost, villains wreak havoc, and a stolen legacy waits to be reclaimed.</b><br /><br />Through Katherine’s story, the reader discovers a world where survival often requires a cold heart – until an unexpected bond changes everything. And only by combining her mother’s past and her own present can Lisi save her future.<br /><br /><i>The Miller's Daughter</i> shifts seamlessly between the quiet tension of the village and the dangerous camps of 14th-century outlaws. It explores the plight of the lower class navigating a society designed to keep them invisible as well as the struggle of upper class characters bound by the expectations of their class. As Lisi uncovers the truth of her mother’s harrowing life, she realises that the dangers of the past are not as distant as she once believed.<br /><br />This evocative dual-timeline story will appeal to readers of sweeping historical fiction, adventure and action, and those who love a mystery surrounding unknown identities. <b>From the rich detail of the medieval English countryside to the internal politics of feudal villages, author Joy Corwin crafts an intimate, authentic, and often haunting exploration of bloodlines, betrayal, and the enduring power of a mother’s love.</b>",https://i.gr-assets.com/images/S/compressed.photo.goodreads.com/books/1775257033l/250607689._SY475_.jpg,,,title_author,medium,[],[],[],[]
book_f8b6c484877542a0,The Culinary Hill Cookbook: Modern Home Cooking with a Midwestern Heart,Meggan Hill,,386.0,"Fri, 19 Jun 2026 06:30:26 -0700",,https://i.gr-assets.com/images/S/compressed.photo.goodreads.com/books/1773762114l/249817086._SX318_.jpg,,,title_author,medium,[],[],[],[]
book_5cfbb0eb79594734,Sacred Ruin (Original Sin #3),Mila Kane,,464.0,"Fri, 19 Jun 2026 06:29:12 -0700","<b>He’s a devil in holy robes… and I’m trapped inside with him.<br /><br /><u><i>Katarina</i></u></b>My mother called in favors, pulled strings, and whispered prayers to get me accepted into the <b>revered Hallow Hall Institute</b>—a place for the lost, the broken, the <b>damned</b>.<br />She told me I was lucky. <b>Blessed.</b><br />Here, the doctors would mend my fractured mind, while the priests and nuns would <b>save my soul</b>.<br />They say I’m confused. That the <b>angels and devils</b> I see aren’t real.<br />Just <b>fevered delusions.</b><br /><br />But despite the holy men haunting the asylum’s halls, <b>evil lurks in the shadows</b>.<br />I feel it. I <b>see</b> it.<br />And then—<b>he arrives.</b><br /><br />He is handsome. <b>Charming.</b><br />A wolf wrapped in devotion, with scripture on his lips and sin in his eyes.<br />Within days, he has them all under his spell.<br />But when he looks at me… I <b>know</b>.<br /><br /><b>The devil himself has come to Hallow Hall.</b><br /><br /><br /><u>
  <i>
    <b>Massimo</b>
  </i>
</u>My life is built on <b>blood and vengeance</b>.<br />I <b>kill for money</b>. I <b>live for retribution</b>. Nothing else matters.<br /><br />But the trail of my mother’s tortured past leads me here—to <b>Hallow Hall</b>.<br />A place of whispers and suffering, where faith is a mask and <b>monsters wear crosses</b>.<br />To get close to the men who need to die, I put on the robes of the righteous.<br /><br />And then I see <b>her</b>.<br /><br />The girl who speaks to angels and demons.<br />The girl who sees <b>right through me</b>.<br /><br />She calls me <b>a devil</b>.<br />She’s right.<br /><br />And I’m going to drag her <b>into hell with me.</b><br /><br /><br /><i>This is a forbidden, age-gap dark mafia romance intended only for adult audiences and contains darker themes which should be read with caution.</i><br /><br /><br />",https://i.gr-assets.com/images/S/compressed.photo.goodreads.com/books/1762231072l/241387474._SY475_.jpg,,,title_author,medium,[],[],[],[]
book_3005f77eeac70f38,She Must Go,A.J.     Campbell,,322.0,"Fri, 19 Jun 2026 06:28:17 -0700","You look like the last girl…<br /><br />Beth Lakeland is flying home with her husband, Justin, after a rare weekend away. It was a birthday celebration. A chance, finally, to reconnect.<br /><br />But on the train to the airport, a young woman strikes up a conversation. Immy is friendly. Too friendly. And exactly Justin’s type.<br /><br />By the time the plane takes off, Immy is sitting beside Justin. By the time they land, Justin has invited her to stay the night. And by morning, he’s arranged for her to live in to help care for his mother.<br /><br />Beth wants Immy gone—needs her gone—but she’s part of the family now.<br /><br />Immy made sure of that. Because she isn’t here by accident…",https://i.gr-assets.com/images/S/compressed.photo.goodreads.com/books/1779968986l/252096062._SY475_.jpg,,,title_author,medium,[],[],[],[]
book_03ad4d21be3c25c0,"Small Town Smokeshow (The Calloway Ranch, #2)",Holly Renee,,303.0,"Wed, 03 Jun 2026 13:06:08 -0700","Hunter Calloway is a small town smokeshow and the kind of man my father warned me about.<br /><br />He’s got a reputation a mile wide, a smile that could burn through any girl’s good sense, and did I mention he’s also the man my sister once loved and left behind?<br /><br />He strolls through town like he owns it, tips his hat with a promise in his eyes, and slides those calloused hands across my bakery counter like they haven’t been haunting my dreams for years. He’s six feet of pure temptation wrapped in worn Wranglers, and every time I’m near him, it’s like striking a match during a drought…<br /><br />Dangerous, inevitable, and exactly what I shouldn’t want.<br /><br />I try to convince myself I don’t notice the way his gaze lingers, or the way he says my name as if he’s tasting it. But all my good intentions crumble to dust when we find ourselves alone under a sky full of stars with nothing but whiskey and want between us.<br /><br /><i>And it changes everything. </i><br /><br />We promise each other we’re just having fun, yet his fingertips brush across my skin when no one’s watching, and we pretend we don’t ache for each other in a room full of people who would never understand. Every kiss stays in the dark, every desire whispered like a secret, and every touch brands me with guilt.<br /><br />I know better than to fall for a cowboy like him.<br /><br />I know better than to want my sister’s past.<br /><br />But when his eyes find mine, I forget every reason I’ve ever had to say no.<br /><br />Every touch feels like a risk and every secret like a countdown. I’m lying to everyone, falling harder for a man who never promised me anything, and wondering how much longer I can pretend I don’t care whether I’m just another notch on his well-worn belt.<br /><br />Because I’m in love with Hunter Calloway regardless of the cost.",https://i.gr-assets.com/images/S/compressed.photo.goodreads.com/books/1783197437l/242470206._SY475_.jpg,,,title_author,medium,[],[],[],[]
book_f06704cf7122d8de,"Worthy of Fate (Realms in Peril, #1)",A.N. Caudle,,586.0,"Wed, 03 Jun 2026 13:05:53 -0700","<b>The Gem</b><br /><br />Marked by the Gods, Kya is forced to partake in a Trial for a chance to be deemed Worthy. If she succeeds, she’ll be gifted great powers. If she fails, she could lose her life or worse. But that’s only the start of her worries. Now, the same plague that took her home is spreading and threatening the fate of the realm. Can Kya survive the Trial of the Gods and gain the needed power to rid the world of the growing threat before it’s too late? Or will she be drawn to what awaits her in the shadows?<br /><br /><b>The Shadow</b><br /><br />Ryker has waited a long time for her—his mate. Now he’s found her. He plans to claim what is rightfully his, but dark forces threaten to destroy his Nation should he embrace the bond he so desperately desires. Unable to escape the drive to be near her, he waits for his precious gem, lingering in her shadow.<br /><br /><b>Worthy of Fate is the first book in a new adult, dark fantasy romance series with an intriguing magic system, dark forces, Spirits, and forbidden fated mates.</b>",https://i.gr-assets.com/images/S/compressed.photo.goodreads.com/books/1767720266l/205888187.jpg,,,title_author,medium,[],[],[],[]
book_276f80d1a72dbdb7,"Just Playing for Keeps (Hockey Ever After, #2)",Lauren Blakely,,456.0,"Wed, 03 Jun 2026 10:10:58 -0700","<b>A grumpy/sunshine fake dating hockey romance from #1 NYT Bestseller Lauren Blakely!</b><br /><br />Ever hear the story about the dating coach who got dumped on the hockey arena’s jumbotron?<br /><br />Everyone did. But I <i>lived </i>it. Including the moment when Lake Axelrod, the team’s broody, tattooed right winger, swooped in on skates to rescue me from public humiliation.<br /><br />Even more surprising? When the famously grumpy (and ridiculously sexy) hockey star insists on being my fake boyfriend for my sister’s high-profile wedding.<br /><br />It’s the perfect plan. His family stops pressuring him to settle down, and I’ll get the ultimate revenge, since my ex is the best man. Bonus – I might even salvage my professional reputation.<br /><br />We need rules though.<br /><br />1. To pull this off, everyone from <i>his</i> teammates to <i>my</i> boss has to believe we’re a real couple.<br />2. That means swoony touches and knee-weakening kisses are required.<br />3. When it ends, we walk away.<br /><br />But the intensity in Lake’s eyes after every post-game kiss makes me wonder if he’s pretending. With each whispered secret, the line between fake and real bends. Until it shatters one night in a hotel room.<br /><br />Soon, he isn’t just playing the protective boyfriend—he’s the only one who truly sees me.<br /><br />If I’m not careful, I’m going to break the most important rule of <b>don’t fall for your fake date.</b><br /><br /><b>This is Lake and Remy's romance. Tropes grumpy/sunshine hockey romance, fake dating, workplace romance, best friend's brother, obsessed hero</b>",https://i.gr-assets.com/images/S/compressed.photo.goodreads.com/books/1778640022l/246061959._SY475_.jpg,,,title_author,medium,[],[],[],[]
book_a033a7f8707be628,Booked on You,Lyra Parish,,318.0,"Thu, 28 May 2026 19:19:44 -0700","<b>I kiss and tell, then profit from it. He's the first man I want to keep off the page…</b><br /><br />My ex destroyed my life and my ability to write a single decent sentence. So I do what any desperate romance author with a contract on the line would do…take a workcation. I rent a bubble gum pink cottage in a touristy town and promise myself no distractions.<br /><br />Then I meet my temporary landlord.<br /><br />He has a jawline that belongs on a warning label and the kind of confidence that tells me he breaks hearts for a living. Each morning he makes me coffee and has me laughing. Every night I write scenes I swear aren't about him. Even though I know better.<br /><br />I’ve built my career writing about my relationships.<br />Every man. Every crush. Every heartbreak. Every dirty little detail. <br />My readers are going to love him. <br />That's exactly what I'm afraid of.<br /><br /><i>This is an opposites-attract spicy romcom where he falls first and fast. It's a standalone with a happily ever after. </i>",https://i.gr-assets.com/images/S/compressed.photo.goodreads.com/books/1778468147l/247513300._SY475_.jpg,,,title_author,medium,[],[],[],[]
book_b1f2c5ab55a81142,Pen Pal,J.T. Geissinger,,375.0,"Wed, 20 May 2026 19:08:22 -0700","<b>A USA Today, Publishers Weekly, and Amazon Charts bestselling novel</b><br /><br />The first letter arrived the day my husband was buried. It was postmarked from the state penitentiary, and contained a single sentence:<br /><br /><i>I’ll wait forever if I have to.</i><br /><br />It was signed by Dante, a man I didn’t know.<br /><br />Out of simple curiosity, I wrote back to ask him what exactly he was waiting for. His reply?<br /><br /><i>You.</i><br /><br />I told the mystery man he had the wrong girl. He said he didn’t. I said we’d never met, but he said I was wrong.<br /><br />We went back and forth, exchanging letters every week that grew increasingly more intimate. Then one day, the letters stopped. When I found out why, it was already too late.<br /><br />Dante was at my doorstep.<br /><br />And nothing on earth could have prepared me for what happened next.<br /><br />~~~~~~~~~~~~~~~~~~~~~~~~~~~<br /><br /><b>WARNING:</b> <br /><br />This novel contains content intended for a mature audience only. Due to explicit language, graphic sex, detailed depictions of death and grief, intense power play dynamics, and other possible triggers, <i>it is not suitable for sensitive readers.</i> (Full list of TWs on author's website.)",https://i.gr-assets.com/images/S/compressed.photo.goodreads.com/books/1643301835l/60192737._SY475_.jpg,,,title_author,medium,[],[],[],[]
book_f60814c7f7032c0a,Casually Yours,Vivian Jia Lac,,340.0,"Tue, 19 May 2026 07:54:50 -0700","<b>Dani Tsai and Parker Tran grew up inseparable in middle-of-nowhere Silverpine, Oregon. She was the bookish girl, introverted and dreamy; he was the quintessential boy next door: charming, popular, and destined to be a football star. They were an unlikely pair of best friends—until they left for college and their friendship came to an unexpected end.</b><br /><br />In the seven years since, Dani has moved on to pursue a writing career in New York City, where she’s determined to keep her distance from the boy she once called her best friend, even if it means staying away from her hometown. That is until a chance encounter brings her face-to-face with Parker again, who is now a hotshot sports marketing director on a temporary assignment in New York. He’s traded his jersey and cleats for designer suits and an Aston Martin, and even more puzzling is that he seems to think they can be friends again. Try as she might, Dani can’t resist his pull. Sparks fly, and an impulsive kiss leads to heated nights in his hotel suite. They make a tentative agreement: Until Parker leaves New York, they’ll keep things casual—just sex, no strings attached.<br /><br />Easier said than done. Challenges arise as Dani and Parker attempt to keep their relationship on the down low, especially when a sudden return to Silverpine forces them to sneak around their nosy families. As revelations about their past come to light, it becomes increasingly difficult to keep feelings out of the mix. In this second-chance, open-door romance and debut novel, the lines are bound to blur between lust and something deeper. Walls begin to crumble, and Dani and Parker soon find themselves far too close for <i>casual</i>.<br />",https://i.gr-assets.com/images/S/compressed.photo.goodreads.com/books/1766150499l/241497393._SY475_.jpg,,,title_author,medium,[],[],[],[]
book_dda2b564001d267a,Watching You,Kate Anslinger,,271.0,"Tue, 19 May 2026 07:52:58 -0700","Allie Winslow has hit rock bottom.<br /><br />At forty-two, she’s newly divorced, stuck in a job she’s wildly overqualified for, and struggling to rebuild a life that feels like it’s already passed her by. Her ex-husband has moved on to a younger, vibrant woman who can give him the one thing Allie never could: a child. Everywhere she turns, Allie is reminded of what she’s lost and what she’ll never have.<br /><br />Determined to take back control, she makes a simple New Year’s resolution: reinvent herself. It starts at the gym—where she encounters Julia Parker. Julia is everything Allie isn’t: effortlessly beautiful, confident, and composed. Her life appears flawless, both in person and online. To Allie, Julia isn’t just inspiring; she’s aspirational.<br /><br />So, Allie starts watching her. At first, it’s harmless—just a follow on social media and a glance across the gym. But fascination quickly turns into obsession, and Allie's quiet comparisons lead her down a dangerous path.<br /><br />What begins as a chance encounter evolves into an unexpected friendship, and for the first time in years, Allie feels seen, chosen. But as their bond deepens, small inconsistencies and contradictions begin to emerge.<br /><br />What happens when the line between admiration and obsession blurs?",https://i.gr-assets.com/images/S/compressed.photo.goodreads.com/books/1776088381l/250992699._SY475_.jpg,,,title_author,medium,[],[],[],[]
book_3e5480df3ace311b,Married With Benefits,Ellie  Palmer,,384.0,"Tue, 19 May 2026 07:47:10 -0700","<b>""I’ll devour anything Ellie Palmer writes."" —Jessica Joyce,<i> USA Today</i> bestselling author of <i>The Ex Vows</i><br /><br />A trope-filled delight of a rom com about two strangers who enter into a marriage of convenience that becomes anything but convenient.<br /><br /><i>For better or worse is just the beginning.</i></b><br /><br />Lainey Davis can't wait for the day she'll be able to escape her tiny Wisconsin town. But she’s not even close to covering her health insurance premiums and pricey migraine medication, let alone saving up enough to start over some place new. That is, until Lainey learns that through the archaic legal doctrine of adverse possession, she’s inadvertently squatted her way into owning a marvel of modern architecture.<br /><br />But Lainey owns only the house. The surrounding property, a lakeside money pit the previous owner used as a front to deal illegal reptiles, has been willed to Elliot Hodges, a D.C. architect who wants to rent out the place to fellow architecture lovers. Their assets are tied together, but neither can move forward without the other.<br /><br />Desperate, Elliot proposes an unconventional arrangement: marry him for health insurance and in exchange, Lainey will allow him to buy her out. Win-win: Lainey will finally have a way out of town, and he’ll own the house designed by his idol. Married in name only and living together while fixing up the property, Lainey and Elliot find themselves unable to keep their hopes, dreams, or bedsheets from getting entwined. And as their connection grows, Lainey’s no longer sure what’s more terrifying: leaving Elliot behind or letting him in.",https://i.gr-assets.com/images/S/compressed.photo.goodreads.com/books/1761524464l/243041132._SY475_.jpg,,,title_author,medium,[],[],[],[]
book_c9ab29ced30f9cbd,The Man,Laura Sims,,304.0,"Tue, 19 May 2026 07:46:23 -0700","<b>From the highly acclaimed author of <i>How Can I Help You</i>, a <i>New York Times</i> Best Thriller of the Year, a singular take on the domestic suspense novel that follows a 1960s housewife turned amateur photographer who begins to fear for her life when she notices the dark silhouette of a man in the background of her self-portraits.</b><br /><br />The photos Judith Stanley takes are just for her, a private passion to fill her suburban days. But when she shares them with Paul Sorenson, her new photography instructor, she's unprepared to hear his astonished praise. ""Stunning,"" he calls her photos. ""Extraordinary."" She has an uncanny eye, he says, and should consider publication. He could help. Except Judith has no interest in sharing her work; in fact, the mere idea of it frightens her.<br /><br />Still, emboldened by Paul’s encouragement, Judith ventures out beyond her quiet neighborhood to the city in search of increasingly striking images. When she starts to notice the dark shape of a man in the corner of her self-portraits, Judith is certain he's an attacker from her past. She doesn't know why he has returned, but she's sure of his the hoarse sound of his breathing, his hard grip on her elbow. Perhaps it would appease the man if she were to put her camera down and give up her private passion. But she can't; she refuses. Until one night when the man finally emerges from the shadows, and Judith’s story suddenly and irrevocably becomes his own.<br /><br />Chilling and heart-poundingly propulsive, <i>The Man</i> is a phenomenal and timely novel exploring the inescapable fear of living as a woman, the tantalizing seduction of artistic freedom, and the very real dangers that lurk both inside and outside the confines of the mind. <i>The Man</i> marks Laura Sims as an extraordinary talent at the top of her game; and this, her third novel, is her greatest achievement yet.",https://i.gr-assets.com/images/S/compressed.photo.goodreads.com/books/1762405681l/242512669._SY475_.jpg,,,title_author,medium,[],[],[],[]
book_4e8c6865b7664b18,Chasing Daylight: Four Memorable Stories of Love and Suspense,David P. Warren,,119.0,"Tue, 19 May 2026 07:43:50 -0700",,https://i.gr-assets.com/images/S/compressed.photo.goodreads.com/books/1773040457l/249472302._SY475_.jpg,,,title_author,medium,[],[],[],[]
book_d9cf06341ef63ef2,"Off the Grid (Average Gents, #1)",J.S.  Wood,,298.0,"Mon, 11 May 2026 12:51:19 -0700","Graham isn’t looking for love.<br /><br />As a matter of fact, he’s not looking for anything other than growing his business, helping his father not lose the family ranch and fixing his relationship with his brother.<br /><br />But when one of his handyman calls leads him to a broken down farmhouse on the edge of town, he finds a curvaceous beauty with an awkward charm that reels him right in.<br /><br />Quinn is looking for peace.<br /><br />When she moves out to the country with her spitfire daughter, the adventure begins... with a broken A/C and a sweat that has her desperate for help.<br /><br />Quinn takes one look at the hot, tall, and bearded handyman on her doorstep and knows she’s in big, big trouble.",https://i.gr-assets.com/images/S/compressed.photo.goodreads.com/books/1745873987l/118932722._SY475_.jpg,,,title_author,medium,[],[],[],[]
book_56c6c413208db859,Reap & Sow,Charlotte B. Plumb,,384.0,"Mon, 11 May 2026 09:05:05 -0700","<b>A young woman bargains with a demon to save her brothers, only to lose her heart in this slow-burn romantasy about dark magic, unlikely love, and the imperfect beauty of mortality.<br /><br />This stunning hardcover edition of Reap &amp; Sow will feature deluxe embellishments, including a dazzling metallic jacket, full color printed edges, patterned end papers, and a specially designed case.</b><br /><br />The penniless in Blackbridge have only two choices: Sell the body or sell the soul. And thanks to Eda Shaw, business is booming.<br /><br />Indentured to a capricious demon known as Mr. Night, Eda and her brothers arrange illicit Pacts on his behalf, luring the city's most desperate into trading years of their lives for their deepest desires. When a Pact goes awry and her brothers are arrested, Eda realizes she’ll need an infernal ally of her own: Kit'rath, an infuriating demon with a curious penchant for humanity and the only being in Blackbridge that Mr. Night seems to fear. As they race to rescue her family and save the city from ruin, an undeniable connection sparks between mortal and demon. <br /><br />But Kit's help doesn’t come cheap. Now, Eda risks losing her heart to the one who claims her years—and saving herself may prove the steepest cost of all. <br /><br /><b>Rich with gothic atmosphere, sharp wit, and simmering romantic tension, Reap &amp; Sow is a fantasy debut perfect for fans of Rachel Gillig, Hannah Whitten, and Heather Fawcett.</b>",https://i.gr-assets.com/images/S/compressed.photo.goodreads.com/books/1788618110l/242464658._SY475_.jpg,,,title_author,medium,[],[],[],[]
book_82522556ca573522,Not The Woman You Think,Hazel Calder,,257.0,"Mon, 11 May 2026 08:56:44 -0700","An anonymously written book.​​​​​​​<br />A successful life at a breaking point.<br />An impossible choice.<br /><br />With a meteoric career, a handsome, stable partner, a closet overflowing with luxury labels, and a bustling social calendar, Harriet’s glamorous life should be the envy of the small-town English friends she left behind years ago.<br /><br />And yet, something doesn’t hold. She may have spent her twenties and thirties acquiring wealth and status, but her friends have found something she lacks: the lasting financial and emotional stability she craves.<br /><br />Determined to take control, Harriet anonymously publishes an exposé about her life and relationship that rocks her social circles to the core. Stunned by its overnight success, she never anticipated the power it would have to upend everything.<br /><br />Exposure threatens her career. It could destroy her relationship. It may shatter the carefully curated life she’s built.<br /><br />Or it can set her free.<br /><br />This razor-sharp exploration of female ambition, the price of success, and the hidden costs of modern relationships challenges today’s notions of perception versus reality in a status-driven world. Certain to spark book club debates and ignite group chats everywhere, Hazel Calder’s fierce debut is perfect for fans of Big Little Lies, All Her Fault, and The Seven Husbands of Evelyn Hugo.",https://i.gr-assets.com/images/S/compressed.photo.goodreads.com/books/1777459511l/247514722._SY475_.jpg,,,title_author,medium,[],[],[],[]
book_b88d65e859d79b9c,Days of Feasting and Rejoicing,David Bergen,,192.0,"Mon, 11 May 2026 08:26:37 -0700","In this brilliant existential portrayal of identity, David Bergen introduces Esther Maile, an expat American living in Thailand in a house rented by the richer, more popular Christine. While on holiday in Bali, Christine is caught by an ocean wave and drowns. Esther rushes to save her, but in the chaos that ensues, the police arrive and confuse Esther for Christine.<br /><br />For someone who would prefer to be anyone but herself, this is the perfect solution — no matter the consequences. When a local Thai police captain, Net Wantok, begins to investigate Christine’s death and seeks out Esther, he is caught between his curiosity — she is charming, evasive, and flirtatious — and the awareness that people around Esther are disappearing. Sensing danger, Esther acts out of fear and pulls the one person who loves her into her perilous world.<br /><br />Bergen’s mesmerizing psychological drama hums with expatriate gossip, sexual tension, unexpected violence, a passion for food, and a woman who, seemingly unhindered by questions of truth or morality, hints at the darkness in all of us.",https://i.gr-assets.com/images/S/compressed.photo.goodreads.com/books/1767161856l/244314445._SY475_.jpg,,,title_author,medium,[],[],[],[]
book_90543efd22863a95,"Eat, Drink, and Be Merry: A Gospel Call to Bold Enjoyment",Raymond C. Ortlund Jr.,,160.0,"Wed, 06 May 2026 09:46:51 -0700","<b>Surprising Wisdom for Living Well in a Broken World</b><br /><br />Enjoying the human journey through this world can seem impossible. So much is going wrong in these dark days. And the daily personal demands never let up. Who has the time—much less the freedom of heart—to play, to laugh, to delight? What's more, those following Christ can also feel duty-bound to live in sacrificial austerity.<br /><br />But God's strategy for wise living <i>includes</i> bold enjoyment. In fact, any ""Christianity"" that feels embarrassed about enjoying God's good gifts dishonors him and leaves Christians with less to give their suffering world.<br /><br />With a pastor's heart, Ray Ortlund invites listeners to embrace God's strategy for facing reality and living well. Meditating on Ecclesiastes 11:9-10, Ortlund explains how following Christ here in this world is a nuanced mix of both suffering <i>and</i> happiness. Ecclesiastes is a gospel call to accept the suffering and to savor the happiness—and savor it <i>boldly</i>.<br /><br /><b>Delivers a Gospel Call to </b> Pastor Ray Ortlund reminds listeners that God not only allows us enjoyment but even commands it <b>Wise </b> Offers an extended meditation on Ecclesiastes 11:9–10, enriched with personal anecdotes and wisdom from Christians of the past <b></b> Affirms the actual joys God has placed in everyday life, defying today's cynical and sometimes hyperspiritual culture",https://i.gr-assets.com/images/S/compressed.photo.goodreads.com/books/1759909868l/242519750._SX318_.jpg,,,title_author,medium,[],[],[],[]
book_24d9239440916228,Portrait of a Haunting,Madison Tyler Nelson,,352.0,"Tue, 05 May 2026 08:59:51 -0700","<b>After fearing it all her life, a young woman embraces her ability to see ghosts after a murder occurs that appears dangerously linked to her past.</b><br /><br />To Tatum Alexander, the Sight—her ability to see spirits—has always been more of an affliction than a gift. Inheriting the power from her mother, Amarina, an infamous artist known for murdering her lover and using his blood for her final painting, Tatum has been reluctant to step into her talent or even get close to the man she loves.<br /><br />She's been able to find a safe space to hide her Sight with the largest witch coven in Manhattan and her best friend, Mischa. But when Mischa is murdered, a crime that's eerily connected to Amarina's, a traumatized Tatum must reckon with the loss and the sudden surge of spirits vying for her attention <i>and</i> her life.<br /><br />The spirits have a the murderer is coming for her next and a price <i>must</i> be paid. To learn the truth of her past and catch the killer she'll have to rely on her loved ones’ helping hands—some witchy friends, the man who won't let her go, and her eternally perplexing mother—in order to embrace her Sight while keeping them all safe.<br /><br />The clues will lead Tatum to a dangerous secret that Amarina has spent decades trying to keep. And when the secret is out, Tatum will be forced to risk the lives of those who know her... or risk it all.",https://i.gr-assets.com/images/S/compressed.photo.goodreads.com/books/1773288461l/246235608._SY475_.jpg,,,title_author,medium,[],[],[],[]
book_66d174e91ca66612,Love Felt Like This,Julie Olivia,,496.0,"Tue, 05 May 2026 08:59:11 -0700","<b>A grumpy rock star and a joyful children’s show creator revive television magic in this cozy small-town romance.</b><br /><br />Griffin Harvey lives his life in the spotlight. Reluctantly. The brooding famous singer-songwriter is on the cusp of composing his sophomore album . . . if only he could find the notes. But after gaining custody of his two-year-old daughter, the only music he’s writing is about shapes and counting to ten.<br /><br />Enter Beverly, who lives her life in the background producing children’s television and laughter. Except joy is hard to find when her nonprofit loses funding. She sinks all of her savings to revive the children’s show by herself, but when her variety show appearance collides with Griffin’s, their banter and chemistry is caught on live television.<br /><br />Suddenly, Griffin is singing a new tune. He needs a muse, and Beverly needs all the help she can get. With his secret daughter in tow, they hide out in her cozy mountain hometown, attempting to script, compose, and revive television magic. Their dynamic shouldn’t work. He’s all harsh tattoos and rough hands while she’s bright colors and gentle touches. Once their three months of work are done, they’ll return to their separate worlds. But what happens when it seems the true magic might be found in each other?",https://i.gr-assets.com/images/S/compressed.photo.goodreads.com/books/1771385876l/244970122._SY475_.jpg,,,title_author,medium,[],[],[],[]
book_d27ae750681caae4,A Shop Girl's Guide to Wooing a Lord (The Heiress Hunters #1),Shana Galen,,336.0,"Tue, 05 May 2026 08:58:22 -0700","<b>A down-on-her-luck shop girl and the son of an earl find they have more in common than they’d think—including sexual chemistry they can’t resist—in this fresh Regency romance by Shana Galen.</b><br /><br />Tamsin Archer might just be having the worst year of her life. And that’s saying something, considering her father is dead, her mother was maimed at work, and her family regularly sleeps under London’s bridges. But when her younger siblings go missing, Tamsin decides it’s time to step up and fight.<br /><br />Desperate times call for desperate measures, and Tamsin’s more than willing to take a few risks to reunite with her siblings. But while disguising herself to sneak into homes and steal from the rich, Tamsin is caught by Garrett Kildaire, an earl’s second son and the biggest threat she’s faced yet. Thinking quickly, Tamsin strikes a Garrett will get her into the exclusive places she needs to continue her search, and she’ll give him what he wants—her. <br /><br />Garrett knows he must be careful—being seen with a woman of a lower class could be the nail in the coffin for his family’s tenuous social standing. But resisting their chemistry proves impossible, and soon there’s much more between them than their bargain. But there are eyes everywhere, and as more focus lands on Tamsin and Garret, the unlikely pair wonder if their red-hot connection means giving up everything—and every<i>one</i>—they’ve ever known.",https://i.gr-assets.com/images/S/compressed.photo.goodreads.com/books/1764302695l/241434341._SY475_.jpg,,,title_author,medium,[],[],[],[]
book_1beca72c2fb63974,Unfinished Business (True North Book 2),Zoey Ford,,298.0,"Tue, 05 May 2026 08:29:05 -0700",,https://i.gr-assets.com/images/S/compressed.photo.goodreads.com/books/1776453362l/251168783._SY475_.jpg,,,title_author,medium,[],[],[],[]
book_2b3c09667794edf5,Another Life,D.M. Natalias,,507.0,"Fri, 01 May 2026 13:25:20 -0700","<i>
  <b>He wants her in the dirtiest and purest ways. He wants her in every way...</b>
</i><br /><br />In the fall of 2005, Jamie’s life seemed to be on track. He was starting one last semester of college, had a job lined up after graduation, and a room in his brother’s condo. Even with things seemingly going for him, Jamie couldn’t let go of his brooding attitude. He never saw a reason to get excited about anything…until he saw her.<br /><br />Lina was a shy freshman, who had no intention of standing out. Even with her aspirations to dance, Lina was more than comfortable blending into the chorus, keeping her soloist dreams to her bedroom. It was never her intention to fall in love, but fate had other plans when she met Jamie.<br /><br />The more Jamie grew enamored with Lina, the more he couldn’t shake the feeling that she was keeping a secret, and when catastrophe finally strikes, he is faced with hard choices he was not prepared for.<br /><br />In this erotic romance set in the mid 2000s, boundaries are pushed to their limit, emotions run high, and Jamie and Lina must pick up the pieces to mend what’s broken. But will their bond be strong enough to hold them together? Or will it all fall apart?",https://i.gr-assets.com/images/S/compressed.photo.goodreads.com/books/1771182304l/248061352._SY475_.jpg,,,title_author,medium,[],[],[],[]
book_37b8b5536832ec39,Mediterranean Diet Cookbook for Beginners: 2000+ Days of Flavorful 30-Minute Recipes with a 30-Day Meal Plan to Simplify Healthy Eating and Boost Your Well-Being,Julianna Wiggins,,78.0,"Fri, 01 May 2026 13:23:39 -0700",,https://i.gr-assets.com/images/S/compressed.photo.goodreads.com/books/1768683796l/246716387._SX318_.jpg,,,title_author,medium,[],[],[],[]
book_e4d54f81ddbc1546,Just For Tonight (Rinkside Romance #1),Sage  Wells,,368.0,"Fri, 01 May 2026 13:23:12 -0700","Lily Montgomery’s life in Los Angeles is turned upside down on a work trip to Vegas, where she meets Kai Brooks—a charismatic, physical, and dynamic defenseman for the Seattle Ice Wolves who claims he’s in town to catch a game. A few too many cocktails later, an impulsive wedding and a steamy two-night affair set their lives on an unexpected course. When Lily finds herself facing pregnancy alone, fate brings Kai back into the picture.<br /><br />Determined to be a part of his child’s life, Kai reappears at Lily’s doorstep, and soon she finds herself moving to Seattle to navigate the challenges of co-parenting. As roommates and reluctant partners, their shared days are filled with tender moments and undeniable chemistry, even as they struggle to keep their deeper feelings at bay.<br /><br />But when tragedy strikes, they’ll have to face not just their responsibilities—but their hearts. And as their carefully built walls start to crumble, Lily and Kai will have to is love worth the risk, or will fear keep them apart forever?",https://i.gr-assets.com/images/S/compressed.photo.goodreads.com/books/1755126621l/240109318._SY475_.jpg,,,title_author,medium,[],[],[],[]
book_c57faa6af308a0d8,The Notes Between Us: A contemporary and feel-good romantic comedy,Shirley Day,,229.0,"Mon, 27 Apr 2026 11:14:18 -0700","<b>She has the voice of a star. But can she find the courage to sing?</b><br /><br />Clara's always dreamed of being on stage. In the shower, she's sensational. In the choir, she blends right in. But when it comes to singing solo, nerves steal her voice. And so she watches as others chase their dreams from behind the reception desk at Delagado Sounds… the hottest record label in town.<br /><br />Everything changes overnight when Clara steps in to help Marco Delagado. He's handsome, infuriating and the reason she suddenly finds herself promoted to PA. One evening, she sneaks into the studio after hours and records a song but forgets to take the recording home – the next morning, the whole office is buzzing about a mysterious ""new voice"". The problem? Clara's too terrified to admit it's hers.<br /><br />As Marco and Clara search for the unknown singer, sparks fly between them. But the closer they get, the higher the Marco's business is on the line, a ruthless rival is out to destroy him, and if Clara doesn't reveal the truth and pluck up the nerve to sing, she risks losing not only her dream, but the man she's falling for.<br /><br /><b>Perfect for fans of Beth O'Leary and Paige Toon, </b><i>
  <b>The Notes Between Us</b>
</i><b> is a contemporary romance about finding love, having courage and following your voice.</b>",https://i.gr-assets.com/images/S/compressed.photo.goodreads.com/books/1766796333l/245814583._SY475_.jpg,,,title_author,medium,[],[],[],[]
book_e102548d67cc72b7,Happy Accidents: A Finding Maisy Novel,K.D. Elledge,,376.0,"Mon, 27 Apr 2026 10:50:59 -0700",,https://i.gr-assets.com/images/S/compressed.photo.goodreads.com/books/1774200235l/250110946._SY475_.jpg,,,title_author,medium,[],[],[],[]
book_4ccf81d120d3e2dd,Return to Sender,Stephanie Parente,,352.0,"Mon, 27 Apr 2026 10:48:30 -0700","<b>A heartwarming debut about overcoming grief and finding love when—and where—you least expect it</b><br /><br />Twenty-six-year-old Violet’s usually bulletproof optimism is faltering. Crushed by the sudden death of her father and subsequent custody of her rebellious teenage sister, Phoebe, it’s a struggle to do much of anything other than survive each day and try not to feel like she’s the world’s worst sister. <br /><br />Then Phoebe discovers a love letter written by the man who used to live in their apartment, a letter begging for its recipient to give him another chance. Reading it, Phoebe shows signs of life for the first time since their dad died—and Violet will stop at nothing to keep that smile on her face. Together, they track down the letter’s author, hoping to rectify a derailed happily ever after. <br /><br />Despite Dex being rather abrasive (valid) and more than a little enigmatic (intriguing), Phoebe talks him into a cross-country road trip to put the letter in the right hands.<br /><br />Violet is thrilled to see Phoebe thriving again, and with every pit stop they chip away at Dex’s moody exterior, finding that he’s actually charming, funny, and unfalteringly interested in everything Violet shares with him. Violet and Dex’s chemistry only grows the further west they travel, but the closer they get to their destination—and Dex’s former great love—something’s got to give.",https://i.gr-assets.com/images/S/compressed.photo.goodreads.com/books/1762488125l/242765273._SY475_.jpg,,,title_author,medium,[],[],[],[]
book_06a81e86fa569696,Killing Sadie,Rachel  Peterson,,304.0,"Mon, 27 Apr 2026 10:47:05 -0700","<b>Perfect for fans of <i>How to Survive Your Murder</i> and <i>Dead Girls Can’t Tell Secrets</i>, this young adult thriller unspools the truth behind a tragic murder through multiple unreliable narrators who all have secrets to keep.</b><br /><br />Here’s what we do know: there was another infamous barn party at the McClain family farm last night, and things went horribly wrong. By the end of the night, there were two dead bodies in the old barn: seventeen-year-old Sadie Cooper and her killer, Mason Vreeland. The murder was heartbreakingly witnessed by Sadie’s twin sister, Jayne, and Sadie died in her arms. Mason was killed by Sadie’s boyfriend, Ben, in an attempt to save Sadie.<br /> <br />Aside from figuring out Mason’s motive, it should be an open and shut case.<br /> <br />But it’s not.<br /> <br />The story unfolds just after the murders, and Jayne, Ben, and Sadie’s best friend, Liz, are telling the cops what transpired at the party and the events leading up to it. But little details don’t match. And those little details start to add up to big discrepancies. But who’s lying, and why?<br /> <br />The shocking truth is revealed in the third act, when the POV shifts to victim Sadie herself, in the days leading up to the party. Witness exactly what happened—and see if you can piece it all together. Because poor Sadie totally missed what was right in front of her.",https://i.gr-assets.com/images/S/compressed.photo.goodreads.com/books/1760923209l/242972737._SY475_.jpg,,,title_author,medium,[],[],[],[]
book_b3e1da8d9d809148,Hostile,Nicole Dykes,,326.0,"Fri, 24 Apr 2026 21:13:41 -0700","Grayson<br /><br />Life has been easy for me. Top of my class. Star quarterback of the football team. Every guy wants to be my friend, and every girl wants to date me.<br />Yeah, life is pretty sweet.<br />Except it’s not.<br />It’s all fake. School comes too easy for me, and I’m bored. Football isn’t fun anymore. The guys I hang out with aren’t really my friends.<br />And the girls? I don’t want to date them.<br />The only one I want to date . . . He’s a little bit . . . hostile.<br /><br />Rhett<br /><br />Life has never been easy for me. A foster kid, lucky enough to be adopted as a teen but who still can’t find a way to be happy.<br />I have two best friends who are amazing and supportive, and yet, I can’t bring myself to tell them my biggest secret.<br />Parents who pay for a private school a kid like me could never have dreamed of . . . that I hate.<br />It feels all wrong when it should feel right.<br />And I guess . . . that’s made me nothing but . . . hostile.",https://i.gr-assets.com/images/S/compressed.photo.goodreads.com/books/1648542280l/60167858._SX318_.jpg,,,title_author,medium,[],[],[],[]
book_0d1428f07001e575,Liar's Dice,Juliet Faithfull,,384.0,"Fri, 17 Apr 2026 09:38:31 -0700","<b>A heart-rending and hopeful debut about a teenage girl in 1970s Brazil who is unexpectedly torn away from her disabled twin sister—and who must learn what it means to fight for those we love when all the odds are stacked against us.</b><br /><br /><i>Everyone knows, but no one talks.</i><br /><br />Identical twins Dolores and Mita grow up in lockstep in rural Brazil, speaking their own secret language, dancing together, inseparable even when they sleep. But at age seven, they discover that Mita has a degenerative condition—and Dolores does not. On the cusp of adolescence, Mita's illness becomes debilitating, and without telling Dolores, their parents send Mita across the Atlantic Ocean to a hospital in their father’s native London.<br /><br />The rest of the family moves to Rio and begins to live a bourgeouis lifestyle, but Dolores is miserable there. She misses her small-town and most especially her twin, who her parents seem to have forgot ever existed. And she has no way to contact Mita—particularly since, at twelve years old, Dolores still cannot read or write. She is desperate to speak to her again—and desperately alone and unhappy at her posh new school. But everything begins to change when she meets a brave, headstrong girl from the favelas who shows Dolores a new side of Rio, and how to survive it. <br /><br />Tensions are on the rise with the dictatorial government cracking down on protesters and dissenters. Both at home and in the country at large, there are cover-ups at play—and Dolores pushes to find the truth about right and wrong, her lost sister and her place in life. In a setting where repression and silencing were part of everyday life, <i>Liar’s Dice</i> is about the secrets we hold, both personal and political, and the consequences of keeping them. Atmospheric and intimate, Juliet Faithfull's coming of age novel captures the intensity of forming your own identity, and the courage and love required to forge a different life.",https://i.gr-assets.com/images/S/compressed.photo.goodreads.com/books/1758250591l/239432819._SY475_.jpg,,,title_author,medium,[],[],[],[]
book_114bd7f68f56ef0e,A Latte Like Love,Michelle C. Harris,,512.0,"Thu, 16 Apr 2026 12:48:49 -0700","<b>Love is brewing as a barista falls for a reclusive artist struggling with the tragic aftermath of an accident in this charming, epic romance.</b><br /><br />Audrey Adams knows the exact routine for all her regular customers. That’s what happens when you work at the same Brooklyn coffee shop for years. So it’s completely normal that she notices Theo Sullivan, a shy new patron who comes in at exactly 8:17 a.m., right? And that this incredibly tall (and cute) man never drinks his coffee, always leaves a generous tip, only stays long enough to scribble in a notebook, and wears the same KN95 mask. Call it barista instincts or a reasonable reaction to Theo’s undeniable sweetness, but Audrey is crushing hard.<br /><br />Eagerly anticipating Theo's visits, Audrey relishes the precious few minutes they chat every time he orders his large, extra-hot Americano. When an incident reveals the horrific facial scar he's hiding beneath his mask, Theo flees the café in shame, dropping his sketchbook and leaving a part of his broken heart behind.<br /><br />Audrey decides to find Theo, return his book, and confess her feelings. Before long, they’re inseparable, talking nonstop and meeting up for dates at the coffee shop.<br /><br />But Theo is reluctant to fully let Audrey into his heart. He continues to hide his scar and refuses to talk about his past. Their feelings are bubbling under the surface, but will Theo—and the truth behind his accident—keep him from finding the love they've both been longing for?",https://i.gr-assets.com/images/S/compressed.photo.goodreads.com/books/1750214119l/236772844._SY475_.jpg,,,title_author,medium,[],[],[],[]
book_cd0f1ca4bd54350d,100 Mental Health Journaling Prompts,Richard French,,188.0,"Tue, 14 Apr 2026 09:32:52 -0700","<b>Transform Your Mental Health Journey, One Page at a Time</b><b>Discover the Gentle Power of Therapeutic Writing</b>There are moments when emotions feel overwhelming, when you're searching for a gentle way forward. You're not alone in this feeling, and healing can begin with something beautifully writing.<br /><br /><b>100 Mental Health Journaling Prompts</b> welcomes you into a practice that has helped countless people navigate anxiety, depression, stress, and life's most challenging moments. This isn't about quick fixes or complicated techniques—it's about meeting yourself with kindness on the page.<b>What You'll Discover </b><b>🌅</b><b> Daily Foundation Prompts</b> - Gentle check-ins that help you notice patterns before they overwhelm you<br /><b>🔍</b><b> Weekly Reflection Guides</b> - Deeper insights that reveal your own wisdom and growth<br /><b>🆘</b><b> Situational Support</b> - Targeted prompts ready when anxiety strikes, depression visits, or stress feels unmanageable<br /><b>🛡️</b><b> Complete Safety Protocols</b> - Evidence-based guidelines that keep you emotionally secure throughout your journey<br /><b>🤝</b><b> Professional Integration</b> - Clear guidance for working alongside therapists, counselors, and other mental health providers<b>Why This Book Feels Different</b>Created with both heart and science, every prompt draws from decades of therapeutic research while honoring your unique healing timeline. Whether you're taking your first steps toward mental wellness or deepening an existing practice, these thoughtfully crafted prompts meet you exactly where you are right now.<br />You'll find real stories from people like Sarah, who learned to work with her anxiety instead of fighting it, and James, who discovered that depression carried wisdom about what his life truly needed. Their journeys show how gentle, consistent practice creates lasting change.<b>What Makes This Approach Safe and </b>✓ <b>Evidence-Based Foundation</b> - Built on research from leading mental health institutions<br />✓ <b>Comprehensive Safety Guidelines</b> - Clear protocols for when to seek professional support<br />✓ <b>Culturally Sensitive</b> - Adaptable approaches that honor different backgrounds and healing styles<br />✓ <b>Crisis Resources Included</b> - Immediate support contacts and emergency guidance<br />✓ <b>Professional-Friendly</b> - Designed to complement therapy and medical treatment<b>Perfect For You </b>You're curious about therapeutic writing but don't know where to startYou want tools that work alongside professional mental health treatmentYou're seeking gentle, evidence-based approaches to emotional wellnessYou need support that's available whenever difficult moments ariseYou value both scientific backing and compassionate guidance<b>Your Healing Journey Matters</b>These pages become a caring companion that grows with you, offering exactly what you need when you need it most. No judgment, no pressure—just gentle encouragement and practical wisdom for navigating life's emotional landscape.<br /><br /><b>Start your transformation today.</b> Your mental wellness deserves this kind, evidence-based support.",https://i.gr-assets.com/images/S/compressed.photo.goodreads.com/books/1751336627l/237693476._SY475_.jpg,,,title_author,medium,[],[],[],[]
book_75f8e8860e240679,Not Precisely Mr. Knightley  (The Silver Teapot #2),Carolyn   Miller,,256.0,"Tue, 14 Apr 2026 09:31:15 -0700","Can the Matchmaker Find True Love?<br />Emma-Jane (EJ) Bennett and Jordan Knight are longtime best friends who codesigned the immensely successful dating app, Dream Match. Success starts to go to EJ's head when she gets caught up in the famous and money-hungry social circles and starts dating the son of a TV mogul. But Jordan's feelings have grown from friendship to more. He determines to protect her by exposing Eric Churchill for the two-timer he is, finally agreeing to attend a function with her at the Sydney Opera House. But his best intentions go awry when EJ is embarrassed and runs for the security of home, small-town roots, and The Silver Teapot Café, feeling like Jane Austen's chastised Emma--only without her Mr. Knightley.<br />Don't miss book 1 in The Silver Teapot series, Not Exactly Mr. Darcy",https://i.gr-assets.com/images/S/compressed.photo.goodreads.com/books/1777267178l/242083246._SY475_.jpg,,,title_author,medium,[],[],[],[]
book_e8034184ef3feb24,The Unstoppables,David Biro,,272.0,"Tue, 14 Apr 2026 09:29:00 -0700",,https://i.gr-assets.com/images/S/compressed.photo.goodreads.com/books/1772466239l/244330893.jpg,,,title_author,medium,[],[],[],[]
book_2af18c631d83c973,One Golden Ring (Angel Mountain Christmas #2),Clara Pines,,248.0,"Mon, 13 Apr 2026 09:43:58 -0700","<b>
  <i>I’ve been hiding my crush on Derek Lockwood as long as I’ve worked for him. But I’m not sure I can handle being his fake fiancée…</i>
</b><br /><br />When my boss brings me back to his hometown in the Pocono Mountains at Christmastime to help him run the business remotely while he looks after his sick grandfather, I’m pretty sure I can keep it together.<br /><br />After all, I’ve managed not to drool over the handsome single dad for the last three years. At least, not openly…<br /><br />But the mountains bring out another side of my boss—a side with a manly appetite, a side that chops wood in tight jeans and a flannel shirt, a side that howls at the moon just to make me laugh…<br /><br />And when the rugged widower asks me to wear his ring I’m basically swooning, even though it’s only a pretend engagement. I don’t love the idea of tricking his sweet grandpa, and everyone else in small town Angel Mountain, but I can never seem to say no to Derek Lockwood.<br /><br />It’s only when his daughter shows up that I know I’m in real trouble. I’ve been Judi-Bloom Lockwood’s biggest fan since she came to Take-Your-Daughter-to-Work-Day when she was only ten. But Judi-Bloom is thirteen now, she goes by “J.B.”, and I’m pretty sure my favorite math whiz is figuring out that something doesn’t add up…<br /><br /><b><i>One Golden Ring </i>is a clean &amp; wholesome Christmas romance, perfect for anyone who loves a lighthearted holiday rom-com and a happily-ever-after!<br /><br />If you love no spice romance books and you’re a fan of stories with tropes </b>Single Dad, Billionaire, Small town, Christmas Holiday, Fake Fiancée, Widower, Secret Crush, Falling for the Boss, Grumpy &amp; Sunshine, and more, this is the series for you!",https://i.gr-assets.com/images/S/compressed.photo.goodreads.com/books/1760397613l/242709604._SY475_.jpg,,,title_author,medium,[],[],[],[]
book_9e8408ba49c24241,The Top of the World (Far & Away #2),Elizabeth Camden,,336.0,"Mon, 13 Apr 2026 09:41:43 -0700","<b>They were perfect together—until powerful forces pulled them apart. Now fate has given them a second chance at the top of the world.</b><br /><br />Holly Fermoy fought her way out of poverty to build a successful career in the Air Force. Stationed at a remote Arctic base in northern Greenland, she is focused on her job—and trying to forget the college romance that once lit up her world.<br /><br />Quentin Chadwick, the privileged son from a powerful political dynasty, never got over the woman who vanished from his life without explanation. When he finally uncovers the truth behind her disappearance, he follows Holly to the edge of the world to make things right.<br /><br />Under the midnight sun, Holly and Quentin rediscover what once drew them together—but old wounds, buried secrets, and clashing values may tear them apart again.<br /><br /><i>The Top of the World</i> is a sweeping, heartfelt love story about second chances, resilience, and the courage to choose love against the odds.",https://i.gr-assets.com/images/S/compressed.photo.goodreads.com/books/1771021450l/247987004._SY475_.jpg,,,title_author,medium,[],[],[],[]
book_4e1fd318c067d5a0,Plant Lady,Minyoung Kang,,208.0,"Wed, 01 Apr 2026 07:41:03 -0700","In the heart of a quiet town, a young woman tends to her plant shop, but beneath the surface of her lush, green sanctuary lies something far darker….<br /><br />Will you dare to disrespect her plants?<br /><br />Tucked away in the corner of a neighborhood in Dosan, South Korea, is the Plant Shop. Shop owner Yoohee has started anew, and her meticulously grown foliage thrives under her tender care. To both her customers and herself, Plant Shop is a refuge, where petunias and marigolds bloom and the air itself is like an elixir of peace.<br /><br />By day, Yoohee dispenses advice on gardening, but she also finds herself offering a special service off the clock. Women who are at their wits’ end come to her about a man they hope might disappear from their lives. Pulling extra hours is taxing, but Yoohee has encountered—and dealt with—these kind of men in her own life, men who treated her (and her beloved plants) with utter disrespect. So as night falls, Yoohee trades her apron for a shovel and a hoe and disappears into her moonlit garden. There, she buries not just the remains of the day, but also the bloody remnants of a few unfortunate encounters.<br /><br />As men begin to disappear…will anyone ever suspect the Plant Lady?<br /><br />A highly acclaimed novel from South Korea, Plant Lady brings atmospheric tension and delicate humor to a story of obsession and misogyny that will keep you rooted right to its simmering last page.",https://i.gr-assets.com/images/S/compressed.photo.goodreads.com/books/1762405688l/243596348._SY475_.jpg,,,title_author,medium,[],[],[],[]
book_ff2f12d3c5064742,A Horse's World: A Neuroscientist's Journey into the Equine Mind,Janet L. Jones,,352.0,"Wed, 01 Apr 2026 07:39:57 -0700","<b>In the spirit of <i>An Immense World</i> and <i>Soul of an Octopus, </i>a leading neuroscientist and veteran horse trainer illuminates the mysteries of equine cognition and behavior, woven through the moving story of her own extraordinary bond with a Dutch Warmblood​</b> <b>named True North.</b><br /><br /> The bond between horses and humans is the stuff of legend. Two different beings, two different bodies and brains, yet energy sparks between them. When that energy is captured, it can produce a special union that no other prey and predator species share.<br /><br /><i>A Horse’s World</i> is the first book to illuminate the fascinating science of how horses think, feel, learn, and bond with their human companions. Tracing the story of a 1500-pound Dutch Warmblood named True North as he learns how to negotiate the human world, neuroscientist, veteran horse trainer, and former professional rider Janet Jones reveals surprising lessons about cross-species learning and communication, evidence of an astounding memory, and scientific insight into the miracle of the horse-human connection.<br />  <br /> Horses have so much to teach us about confidence, courage, humility, compassion. Whether you're an experienced rider or simply admire equine beauty and grace from afar, <i>A Horse's World</i> is both a revealing window into horses' hearts and minds, and an object lesson in how to build mutual trust with those whose internal worlds differ from our own.",https://i.gr-assets.com/images/S/compressed.photo.goodreads.com/books/1771622420l/242445402._SY475_.jpg,,,title_author,medium,[],[],[],[]
book_9e43ab240ad9f663,Love Beyond Reasonable Doubt: A Novel,Swati Hegde,,304.0,"Tue, 31 Mar 2026 14:52:57 -0700","<b>In this second-chance workplace romance, two lawyers find themselves working in the same office after a steamy vacation fling a year and a half ago, from the author of<i> Can't Help Faking in Love</i></b><br /><br />Naina Shetty is a proud workaholic, and she is gunning for a promotion at her law firm. No distractions will get in her way this time, not even the bad breakup that happened over a year ago. She brushed off her pain with a long vacation and a no-strings-attached fling with a handsome stranger, but now Naina is back to business.<br /><br />Unlucky-in-love Tejas Rajput hasn’t stopped thinking about the brown-eyed beauty he met on the beaches of Goa two summers ago. He’d been looking for a rebound to get over his ex—which is why he’d agreed to keep things strictly casual, use fake last names, and respond to all personal questions with “wrong answers only.” But he didn’t think he’d fall for her, hard, only for her to get on a plane and leave.<br /><br />When they cross paths again—this time working at the same office—Naina is adamant that her no-relationships policy won’t change, especially not for Tejas, whose disarming smile and easygoing charm could spell trouble. Her career will always come first.<br /><br />But as they team up for a case that could make or break their firm’s reputation, they discover that there’s something more than just sparks between them—and it might turn out to be true love.",https://i.gr-assets.com/images/S/compressed.photo.goodreads.com/books/1761275316l/240187291._SY475_.jpg,,,title_author,medium,[],[],[],[]
book_929b6cda26a5abe7,Once Upon a Cookbook: A Treasury of Recipes Inspired by Timeless Children's Books,Bryton Taylor,,144.0,"Tue, 31 Mar 2026 14:52:23 -0700","<b>Bring your family’s favorite children’s stories to life in a new way with kid-friendly recipes accompanied by charming storybook-style illustrations. </b><br /><br />Bond with the next generation of your family and introduce them to your favorite classic bedtime stories in a whole new way with this fully illustrated cookbook featuring 40 family-friendly recipes for breakfast, afternoon tea, light luncheons, drinks, desserts, and dinnertime.<br /> <br /> Ever want to try the Marches’ Christmas morning breakfast? What about a make-believe play session where you and the kids take off to Neverland? With recipes in this book like the <i>Little Women–</i>inspired Buckwheat Pancakes and Wendy’s Mammee-apple Slice, now you can! Each recipe is accompanied by a classically beautiful illustration of the recipe drawn by artist Emma Adams of illustration studio Fox &amp; Fables—and the cookbook itself is gorgeously designed to be right at home alongside the well-loved classics on your bookcase. Other recipes and stories let <br /> Pack a meal of Cress Sandwiches for a picnic with Mole and Rat. Prepare a hearty meal of Corn Dodgers with Huck and Jim along the Mississippi River. Re-create a traditional treat of Orange and Chocolate Almond Cookies inspired by <i>The Velveteen Rabbit. </i> Enjoy a delightful sip of Green Lemonade straight from the Emerald City. <br /><br /> This treasury is made to create beautiful, nostalgic memories of beloved childhood stories and features recipes perfect for preparing with, and sharing with, family members of all ages.",https://i.gr-assets.com/images/S/compressed.photo.goodreads.com/books/1758713063l/235991880._SX318_.jpg,,,title_author,medium,[],[],[],[]
book_83b1e87f038e24c5,Chasing the Clouds Away,Debbie Macomber,,320.0,"Tue, 31 Mar 2026 14:51:16 -0700","<b>From #1 <i>New York Times</i> bestselling author Debbie Macomber comes an uplifting story of an unforgettable chance encounter between a successful yet jaded businessman, and a woman who sees—but also expects—the best in everyone, sparking an unlikely romance that challenges their assumptions about generosity, trust, and the gifts of unforeseen love.</b><br /><br />Maisy Gallaher has always dreamt of becoming a nurse, a beacon of hope and healing for those in need. But when her father passed away, she selflessly set aside her aspirations to help her family. Despite knowing it was the right thing to do, she can’t help but wish for the path not taken.<br /><br />Chase Furst, on the other hand, is primarily focused on his own life and his work as a hardened bank executive and heir to a financial empire. His childhood was marred by his mother’s struggle with addiction, leaving him jaded and emotionally distant.<br /><br />Then he meets Maisy, a beautiful woman full of optimism and kindness who can see past his defenses. To his surprise and annoyance, Maisy offers to help Chase in a time of need, despite just meeting him. The two butt heads, especially when Maisy declines his offer of payment. Instead, she asks him to pay it forward to someone else—not with money or a quick fix, but through an act of true selflessness. Chase doesn’t know where to begin.<br /><br />Despite his skepticism, Chase is determined to rise to this challenge. And doing good for others leads Chase back to Maisy, who begins to break down his walls, even as she resists risking her own gentle heart. But the more time they spend together, the more they realize how much they have to learn from each other . . . and how much love could make a difference in their future.",https://i.gr-assets.com/images/S/compressed.photo.goodreads.com/books/1759766697l/239432838._SY475_.jpg,,,title_author,medium,[],[],[],[]
book_18b6d80cc98093c1,Dog Person,Camille Pagán,,336.0,"Tue, 31 Mar 2026 14:51:09 -0700","<b>In this delightfully heartwarming novel, an elderly dog is determined to help his grieving owner find a reason to go on after loss. Now, if only he’d stop getting in his way by being so very . . . human.</b><br /><br />Harold may be an aging mutt—but Amelia May, the romance novelist who adopted him, taught him a thing or two about the human heart before she died. And she also left Harold with a final to help her partner, Miguel, find love again.<br /><br />Trouble is, the grief-ridden recluse rarely goes out, not even to the bookstore he and Amelia owned together. Now it’s in danger of going under, and when a renowned author doesn’t show up for his event, it pushes the store’s already precarious finances into the red. In a final attempt to save the bookstore, Miguel and Harold set out to find the no-show and insist he fulfill his obligation. But instead, they’re greeted by Fiona, his sunny yet secretive sister.<br /><br />Fiona is intent on protecting her brother’s privacy—and to Harold’s horror, she doesn’t like dogs. But her precocious eleven-year-old daughter, who's also named Amelia, immediately befriends Harold . . . who can’t help but wonder if his Amelia was right when she said there are no coincidences in life.<br /><br />Harold’s quickly running out of time to accomplish his mission, but if he can just convince his infuriatingly stubborn person to let Fiona in, he’s certain Miguel will find something far more important than a missing his own happy ending.<br /><br />Uplifting, smartly observed, and hilariously insightful, <i>Dog Person</i> is as undeniably charming as its beloved narrator, Harold, and offers a much-needed reminder that while not all love is unconditional, it is still always worthwhile.",https://i.gr-assets.com/images/S/compressed.photo.goodreads.com/books/1752084463l/238226951._SY475_.jpg,,,title_author,medium,[],[],[],[]
book_e456959f52bdc554,Backstabbers,Eliza Jabore,,320.0,"Tue, 31 Mar 2026 14:49:56 -0700","<b>When three friends lose their way in a serial killer's old hunting ground, they must fight to survive the threat in the woods—and each other—in this spiky, heart-pounding slasher.</b><br /><br /><i>Never turn your back on a friend.</i><br /><br />Jade, Stef, and Zoe are hiking Washington's Bones Hollow Trail, braving cougars, black bears, and the storms that roll in without warning. The friends' paranoia isn't helped by listening to a true crime podcast about the serial killer who once roamed this same forest.<br /><br />Then when Stef twists her ankle—badly—there's no one to hear them scream for help. The only sign of life for miles is a cabin that looks to be straight out of a horror movie, with a man who's all too eager to invite them in.<br /><br />As things take a chilling turn, the friends must find a way to stay alive together. After all, who can you trust when your back's against the wall? But unfortunately for them, the only thing more twisted than this nightmare is their friendship . . .",https://i.gr-assets.com/images/S/compressed.photo.goodreads.com/books/1760640327l/241125379._SX318_.jpg,,,title_author,medium,[],[],[],[]
book_bafc56bd289596c2,The Good Girl Exception (Hellcats Hockey #2),Maren Moore,,492.0,"Tue, 31 Mar 2026 08:42:19 -0700","A steamy, forbidden, age-gap college hockey romance from USA Today Bestselling romance author Maren Moore.<br /><br />Maisie<br />The night I decided to stop being the good girl…I met him.<br />Dark eyes. Rough hands. Dangerous edge.<br />A stranger who made me forget every rule I’ve ever lived by.<br /><br />But turns out Wilder Hawthorne isn’t just the hookup I can’t stop thinking about.<br />He’s the new hockey coach at my university.<br />More than a decade older.<br />And the man who says I was a mistake…<br /><br />Now we’re forced to work together, pretending nothing happened.<br />Soon every glance starts to feel like a promise.<br />Every touch feels dangerous.<br />The more time I spend with the grumpy, callous coach, the more I wonder if I’m the one thing he can’t resist.<br />The way he looks at me says he’s already broken his own rules.<br />And the more he tries to keep his distance, the more I want to push him over the edge.<br /><br /><br />Wilder<br />Getting kicked out of the NHL was supposed to be rock bottom.<br />Now the only way to fix my reputation is coaching at the one place I never wanted to return to…Orleans University.<br /><br />New job. Clean image. No scandals.<br />Until her.<br />Maisie Delacroix.<br /><br />The sunshiney preacher’s daughter I spent one reckless night with before I knew who she was.<br />College student. My team’s new philanthropy liaison. The off-limits distraction I can’t afford.<br /><br />One rumor could cost me everything.<br /><br />She’s too sweet. Too innocent. Too good for a guy like me.<br /><br />But the more she looks at me like I’m worth saving, the more I realize the only thing more dangerous than crossing the line…is wanting to.<br /><br />The Good Girl Exception is a complete standalone in the Hellcats Hockey Series set in the Orleans University world.<br /><br />Tropes:<br />-Age Gap (10+ years)<br />-College Hockey Romance<br />-Coach x Student<br />-Grumpy x Sunshine<br />-Bad Boy x Good Girl<br />-Virgin Heroine<br />-Forced Proximity<br />-Forbidden Romance<br />-Past Trauma",https://i.gr-assets.com/images/S/compressed.photo.goodreads.com/books/1767822790l/240485550._SY475_.jpg,,,title_author,medium,[],[],[],[]
book_fc733c471cd80711,The Parisian Heist,Jo Piazza,,416.0,"Mon, 30 Mar 2026 10:26:44 -0700","<b>From the bestselling author of </b><b>
  <i>The Sicilian Inheritance</i>
</b><b> and </b><b>
  <i>Everyone Is Lying to You</i>
</b><b> comes a propulsive dual-timeline mystery drenched in art-world intrigue and brimming with family secrets, betrayal, and the intoxicating lure of power.</b><br /><br />Emma, a struggling American artist in Paris, thought she had left her dreams behind when she took a job cleaning for the city’s wealthy elite. Then she meets Stella Swanson, the widow of one of the most notorious art dealers in the business. The Swansons move in a world where billionaires, oligarchs, and heads of state pay fortunes for masterpieces. Drawn in by their dazzling wealth and the pull of a dangerously charming grandson, Emma becomes both a player and a pawn in a family battle to protect their empire and conceal its crimes.<br /><br />In the late 1800s, the young widow Jo van Gogh inherits hundreds of paintings from her brother-in-law Vincent that the art world deems worthless. Determined to prove their genius, and to secure a future for herself and her young son, she becomes consumed by Vincent’s legacy. As her devotion deepens, a vanished painting and a thwarted love affair leave her unsure who she can trust and how much of herself she’s willing to lose in the process.<br /><br />From glittering auction houses to the idyllic canals of Amsterdam and the grand museums of Paris, the lives of these two women converge as Emma uncovers the Swanson family’s darkest secrets and agrees to mastermind a daring heist inside the Musée d’Orsay. The stakes have never been higher, and these women refuse to be written out of history, no matter the cost.",https://i.gr-assets.com/images/S/compressed.photo.goodreads.com/books/1769234662l/242512716._SY475_.jpg,,,title_author,medium,[],[],[],[]
book_cd132493d651c3a5,What She Thought She Saw: A Psychological Thriller,Dan Grylles,,281.0,"Mon, 30 Mar 2026 10:24:46 -0700","<b>Los Angeles, 1977. Gwen Hansen has left her past behind - or so she tells herself.</b><br /><br />A fresh start in sunny California with her husband Roy, a detective working Hollywood's mean streets. New friends in the neighborhood. Weekly therapy sessions. A chance to forget what happened back in Kansas City.<br /> <br /><b>
  <i>But the past doesn't stay buried.</i>
</b><br /> <br />Roy comes home late, evasive about his cases. Her new friends - beautiful, confident Dianne; gossipy Tina; fitness-obsessed Sean. All have opinions about what to wear, where to go . . . and what Roy might be doing.<br /> <br />When women start turning up dead - the Hillside Strangler's latest victims - Gwen's carefully constructed world begins to fracture. She sees things. Hears things. Questions everything.<br /> <br />Is Roy hiding an affair? Are her friends really her friends? And if she's killed to protect herself before...<br /> <br /><i>Could she do it again?</i><br /> <br /><b>In a city where no one is who they seem, Gwen must untangle truth from deception before she loses everything she's fought so hard to keep. </b><br /> <br /><i>Start this twisty and suspenseful psychological thriller today!</i><br />",https://i.gr-assets.com/images/S/compressed.photo.goodreads.com/books/1771488727l/248208228._SY475_.jpg,,,title_author,medium,[],[],[],[]
book_f9ed757ac0d99f54,Kiss Slay Replay,Rachel   Harrison,,320.0,"Mon, 30 Mar 2026 10:23:16 -0700","<b>Every wedding guest’s worst nightmare is on repeat in this wild and twisty new horror novel from the <i>New York Times</i> bestselling author of <i>So Thirsty </i>and <i>Play Nice</i>.</b><br /><br />It’s the picture-perfect wedding The venue is dreamy, the weather is beautiful, love is in the air—and Willa Sullivan is having a bad time. She’s excited to celebrate her best friends finally having the big wedding they’ve always wanted, but this is the first time she’s seen her ex-fiancé in months, and he brought a date. Everything feels off, like she stumbled into an alternate universe. But things start to look up when Willa meets Danny, the groom’s charming and single childhood best friend. When they sneak off together, their rendezvous is interrupted by a masked killer terrorizing the reception. Willa and Danny fight to save the ones they love and survive the night, but the killer is unrelenting. A final girl, Willa is not.<br /><br />Or is she? She wakes up and it’s the morning of the wedding. She just had the most intense nightmare of her life. Only as the day unfolds, there are some uncanny coincidences that make her question whether it was really a dream, déjà vu, or something more sinister. After a horrifying turn of events, Willa comes to understand that she’s stuck in a loop of carnage and terror that she must learn how to escape or else suffer a fate worse than death—being an eternal wedding guest.",https://i.gr-assets.com/images/S/compressed.photo.goodreads.com/books/1771952059l/234746583._SY475_.jpg,,,title_author,medium,[],[],[],[]
book_363c635707b395e3,Harmless,Miranda Shulman,,288.0,"Mon, 30 Mar 2026 10:22:51 -0700","<b>Chilling, twisty, and surprisingly tender, <i>Harmless </i>explores the confusion and messiness of growing up—and asks if we can ever really outrun what haunts us most.</b><br /><br />Two years ago, Bea’s life was upended when her beloved twin sister, Audrey, died. Audrey was captivating, an extrovert, their mother’s golden child. Bea was “different,” too intense, and chronically lonely.<br /><br />Now, in her late twenties, having taken time away to grieve, Bea is back home in Park Slope, Brooklyn, her spirits finally buoyed by her plan to start a dog kennel. Inspired by the childhood dream she once shared with Audrey and old, now-estranged friends Tatum and Layla, she’s sure this will be the perfect ode to her sister’s life. Despite what people say, Bea knows she took good care of Audrey in the months before her death, and hopes to do the same for needy dogs. But she'll have to ask for help.<br /><br />Tatum is dissatisfied with her assistant-level publishing job and icked by her live-in college boyfriend. Layla, on the other hand, has a full-time assistant but no job, thanks to her mother’s immense fortune. Both are desperate for purpose and well-primed for Bea’s unexpected business proposition.<br /><br />But as they reintegrate into one another’s lives, simmering tensions—and attractions—emerge, and a sinister darkness breaks through to the surface. What do they really want from one another? What happens when buried secrets come to light? And when is the right time to abandon an outdated dream—or a lifelong friendship?",https://i.gr-assets.com/images/S/compressed.photo.goodreads.com/books/1752546579l/238766969._SY475_.jpg,,,title_author,medium,[],[],[],[]
book_69c51b5177aebe57,Gracie Harris Is Under Construction,Kate  Hash,,368.0,"Mon, 30 Mar 2026 10:22:18 -0700","In this resplendent debut novel, a beautiful love story unfolds for tenderhearted Gracie Harris—a mom of two and recent widow—as she navigates the unexpected curveballs that adulthood throws and takes her second chance to find love.<br /><br />Gracie Harris never intended to become the queen of grief. But when an essay she writes the night of her husband Ben’s memorial goes viral, she lands a popular column on love and loss and an impressive book deal.<br /><br />Now, the biggest tragedy of her life is the center of her world. With a looming book deadline and her kids at summer camp, Gracie escapes for a summer of solitude to the ramshackle mountain house she and Ben bought for their family before his death. When charming contractor Josh arrives on her doorstep to help renovate the home, Gracie discovers an unexpected connection that is energizing . . . and surprisingly flirtatious.<br /><br />As her feelings and resilience grow, Gracie must decide whether she’s ready to embrace a new version of her life. Gracie’s first Happily Ever After didn’t last as long as she’d expected. Now she has to wonder: Could Josh be her chance for a second great love story?",https://i.gr-assets.com/images/S/compressed.photo.goodreads.com/books/1731556034l/220999078._SY475_.jpg,,,title_author,medium,[],[],[],[]
book_f1ee29eab263444a,Last Kiss of Summer,Jessica M. Felleman,,320.0,"Wed, 18 Mar 2026 11:56:45 -0700","<b>A Walk to Remember meets Everything We Never Said in this heartbreaking and swoony YA love story about a girl whose summer of love takes a devastating turn.</b><br /><br />When Sera Watkins and her family arrive at their summer house on Cape Cod, she has one goal in mind: protect her heart from the boy who broke it, her next-door neighbor, Luke Tisdale. The problem is, Luke still has a piece of her heart—literally. When Sera received a new heart as a baby, the healthy valves of her old heart were given to Luke. Forever bonded, Luke and Sera grew up together, spending sun-soaked days swimming at their secret beach and painting at art camp. <br /><br />Then, two summers ago, their friendship almost turned into something more. Key word: almost. Because one fateful night, everything changed. Sera’s health took a turn for the worse. A family secret sent Luke spiraling. And they weren’t there for each other when it mattered the most.<br /><br />Now, Sera is ready for a fresh start, which means no more pining over the boy next door. But Luke has grown up a lot since she’s seen him, and the chemistry she felt two summers ago? It’s still there. Sera isn’t sure she’s brave enough to risk it all again, but when she gets some difficult news, she realizes there’s no time to waste. Maybe it’s finally Luke and Sera’s moment, their chance to enjoy the sweet kiss of summer together—before it’s too late.",https://i.gr-assets.com/images/S/compressed.photo.goodreads.com/books/1753932592l/239433089._SY475_.jpg,,,title_author,medium,[],[],[],[]
book_b12a4844e3b177f7,Southern Souls: A Haunting Story,Sarah Lauer Nakawatase,,432.0,"Wed, 18 Mar 2026 11:55:43 -0700","<b>""Prepare to be swept off your feet into a spine-tingling spooky tale wrapped in a steamy romance. <i>Southern Souls</i> is impossible to resist!"" -Christopher Amato, author of <i>Peace River Village </i></b><br /><br /><b>""<i>Southern Souls</i> is a paranormal romance that balances the joy of a new life with the horrors of the past. The suspense builds throughout, and Nakawatase seamlessly blends the stories of the past with the present. This paranormal tale will keep you reading late into the night."" -Gary Gerlacher, bestselling author of the <i>AJ Docker Medical Thrillers</i></b><br /><br />Seeking a fresh start, Jamie, a newly widowed mother of two, moves her family from a busy metropolis to a small Southern town. Their temporary accommodation is a colonial mansion in the heart of the Lowcountry. Formerly a rice plantation, this home is now a den of suspended souls, the darkest of which resides in the attic.<br /><br />Through her work in a medical office, Jamie meets Derek, a handsome, hard-bodied local farmer. As their attraction grows, the paranormal activity in the house unfolds. She hears voices and sees figures in the shadows. Worst of all, her innocent young son has become fast friends with the damned soul in the attic.<br /><br />With the aid of a local psychic-and with Derek at her side-Jamie is determined to eradicate the evil from the property as the spectral grasp on her son tightens. This malevolent spirit has crossed time and space, causing the disappearances of children from the plantation for over two hundred years, and now has its claws in her family. Will she be able to defeat the sinister pull of this poltergeist?<br /><br />Derek may be Jamie's second chance at love ... if they can make it out alive.",https://i.gr-assets.com/images/S/compressed.photo.goodreads.com/books/1773519534l/245345114._SY475_.jpg,,,title_author,medium,[],[],[],[]
book_ffc5119949119f68,In Your Court (The Westbridge State Series Book 1),Amanda Cirilli,,332.0,"Wed, 18 Mar 2026 11:54:34 -0700","Welcome to Westbridge State! This cozy college town is abuzz with excitement as our basketball team is headed to the NCAA March Madness tournament! Holly Lange, however, doesn’t care. She’s only focused on herself, reading, and her studies.<br />When she gets paired up to tutor a student athlete, she never expects it to be Westbridge’s local basketball celebrity star center, Hunter Jace. Yet, the more they get to know each other, the more they can’t seem to get enough of each other.<br />Will this unlikely pair make it through March Madness?",https://i.gr-assets.com/images/S/compressed.photo.goodreads.com/books/1764172192l/244467187._SY475_.jpg,,,title_author,medium,[],[],[],[]
book_885f6f27caddf8ad,Venus Love Trap,Jessica Sherry,,456.0,"Wed, 18 Mar 2026 11:54:03 -0700","<b>A heartbroken single dad. A restless scientist. One reunion that’s as angsty as it is irresistible in this spicy second chance romance from the author of </b><b>
  <i>Yes No Maybe</i>
</b><b> and </b><b>
  <i>Every Chance After</i>
</b><b>. </b><br /><br />The two most important people in Henry Greene’s life are his six-year-old son, Olly, and Venus Blake—his high school sweetheart that he hasn’t seen in ten years, not since the night that changed everything. He’s tried to forget her, but he can’t. Henry is caught between missing his best friend and resenting her for abandoning him.<br /><br />Venus Blake relies on logic, not love. Love is a trap—stifling, confining, no room to breathe. Venus craves space, adventure, and the freedom to indulge impulses that only hurt those closest to her—especially Henry, the only person she’s ever loved. For a decade, she’s traveled the world in the name of science, avoiding relationships, avoiding Henry, avoiding love.<br /><br />But Venus can’t run forever. When her impulses cause dire consequences, she must face what she’s avoided most—her hometown… and Henry.<br /><br />When her father forces their angsty reunion and a second chance, feelings clash with complications. He can’t walk away. She doesn’t know how to stay. But one last summer might be enough to rewrite their story—if their hearts can survive the experiment.",https://i.gr-assets.com/images/S/compressed.photo.goodreads.com/books/1764746569l/244459519._SY475_.jpg,,,title_author,medium,[],[],[],[]
book_634e3668ca988ea6,When You Loved Me,Beatriz Williams,,464.0,"Mon, 16 Mar 2026 09:05:39 -0700","<b>A young widow returns to her late father’s New England estate, only to be drawn into the hunt for the rumored pirate treasure that consumed his life, in this thrilling and moving novel from the <i>New York Times</i> bestselling author of <i>Husbands &amp; Lovers</i>.</b><br /><br />Local history insists that a legendary pirate buried his treasure somewhere beneath Windward, the decayed Cooper estate on Winthrop Island, but Lucy Cooper never trusted the fable that broke her family apart. When a widowed Lucy returns with her young daughter to grieve her estranged father, she discovers the property’s buried under a mountain of debt, and Ben Ressler has just turned up on her doorstep.<br /><br />Thirteen summers ago, a teenaged Lucy never meant to fall in love with Ben, a Dartmouth football star vacationing next door at the Peabody estate, and the object of an all-consuming crush by Laura Peabody, Lucy’s best friend. Those two weeks with Ben were the best and worst of Lucy’s life, dooming her friendship with Laura. Now Ben’s returned to live quietly in the Peabodys’ caretaker lodge, after a fatal accident ended his dazzling NFL career. He’s also the last person who saw Lucy’s father alive.<br /><br />As Lucy reconstructs her father’s troubling final days, she uncovers his research on the frozen winter of 1717, when a desperately wounded pirate sought refuge on Winthrop Island with an enigmatic healer. To Lucy, this history points the way to a different kind of how to forgive yourself for the mistakes of the past and earn a second chance at love. But just as Lucy’s long-buried emotions sear to the surface, a shocking turn of events reveals that someone else on the island will do whatever it takes to claim the fabled plunder.<br /><br />A timeless story of love and atonement, <i>When You Loved Me</i> maps both a centuries-old treasure hunt and the intimate territory of the human heart, weaving together past and present as only Beatriz Williams can.",https://i.gr-assets.com/images/S/compressed.photo.goodreads.com/books/1764840916l/242552365._SY475_.jpg,,,title_author,medium,[],[],[],[]
book_98715b26ab3414e3,Last Bite,Amy S. Peele,,312.0,"Mon, 16 Mar 2026 09:03:03 -0700","<b>A mouth-watering home run of a beach read, this lighthearted romantic comedy featuring a newly widowed fortysomething takes the reader on a joyful romp through-out some of Chicago’s finest eateries—with a dash of Cubs baseball on the side.</b><br /><br />In the heart of Chicago, forty-five-year-old Angie Sortino finds herself at a crossroads. Recently widowed, she discovers that her deceased husband, Vinnie, has left her penniless, and she is forced to take a job at Chicago City Hall as a cleaning woman until Vinnie’s City pension can be cleared up. Then her spirited twenty-two-year-old niece, Gina Paloni, and her best friend Kim Yang, approach her with a dream of starting a catering company targeting funeral parlors—and Angie sees a chance to reawaken her own culinary aspirations.<br /> <br /> As the three women embark on this new venture, they face the challenges of the catering business, from securing clients to perfecting their menu. Angie and Gina’s love for the Chicago Cubs adds a playful twist to their journey, as they often find inspiration in the vibrant atmosphere of Wrigley Field. Gina’s youthful enthusiasm contrasts with Angie’s cautious nature, leading to hilarious mishaps, unexpected romantic encounters, and heartfelt moments.<br /> <br /> Through late-night brainstorming sessions and spontaneous cooking experiments, Angie begins to find her voice, both in the kitchen and in her life. With the support of a respected funeral director, Gina and Kim, and an unexpected new love interest, Angie learns to embrace her worth and pursue happiness.",https://i.gr-assets.com/images/S/compressed.photo.goodreads.com/books/1750260064l/236558330._SY475_.jpg,,,title_author,medium,[],[],[],[]
book_1f7b165c8e5986e2,Booked at Midnight (Midnights on the Square #2),Emily W. Andersen,,370.0,"Wed, 11 Mar 2026 08:55:25 -0700","<b>Return to Aurelia’s magical bookshop in the second book in the Midnights On the Square series, featuring a brand new cast of beloved characters from the pages of classic novels.</b><br /><br />Now that writer and bookshop owner Aurelia has found love with her editor-turned-boyfriend Oliver, she has everything she’s ever wanted—love, a published novel, and of course, friendship with the literary characters who visit her shop every night at midnight. But when Oliver moves in, sneaking off for late-night bookish meetups becomes a lot more complicated.<br /><br />As Aurelia works to keep her midnight gatherings secret, she can’t shake the urge to help the downtrodden Harriet from <i>Little Dorrit</i> rewrite her story, but this time, crafting a new ending for a classic character proves to be a bigger challenge than before. Aurelia and Harriet will have to find their own voices so they both can claim the lives they deserve.<br /><br />Packed with all the warmth and bookish charm of the series debut, <i>Booked at Midnight</i> weaves together literary magic, enchanting romance, and the adventures of two women taking charge of their destinies … no matter the century.",https://i.gr-assets.com/images/S/compressed.photo.goodreads.com/books/1767745944l/246220879._SY475_.jpg,,,title_author,medium,[],[],[],[]
book_390c0088844d1aa0,The Forgotten Lore (Ellen Poe #1),Diana Peterfreund,,304.0,"Wed, 11 Mar 2026 08:54:30 -0700","<b>The first book in an exciting YA series about a teen girl, descended from Edgar Allan Poe, who must navigate the haunting legacy of her ancestor while learning to harness her own strength and intelligence, especially as she begins to commune with the dead.</b><br /> <br /> What happens when your tell-tale nightmares turn into reality and the ghost of Edgar Allan Poe won't seem to let you alone? For as long as she can remember, sixteen-year-old Ellen Poe's family has claimed to be long-lost descendants of Edgar Allan Poe. But when she moves in with her aunt in a Poe-themed B&amp;B, the nightmares that have always haunted her begin bleeding into Ellen’s waking hours. When she stumbles upon a journal in the house, none other than Edgar Allan Poe himself begins visiting her. Has the journal somehow released his ghost? And what does he want with Ellen? Through secret messages in his writings, she learns that the two share the same psychic ability to interact with spirits—which is what ultimately drove him mad. This thrilling new series for young adult listeners follows Ellen on her quest to learn more about her abilities, the afterlife, and the clues Poe has left for her (ciphers and cryptograms galore), in an effort to not suffer his same fate.",https://i.gr-assets.com/images/S/compressed.photo.goodreads.com/books/1758825799l/239680601.jpg,,,title_author,medium,[],[],[],[]
book_b0e9f80761817736,Wildflower,Becky Jenkinson,,352.0,"Wed, 11 Mar 2026 08:48:01 -0700","<b>A magical florist journeys from the kingdom’s capital to its wild woods to fulfill an unusual request, and stumbles upon friendship, conspiracy, and the buds of new love in this debut cozy fantasy.<br /><br />The book contains hand-drawn floral sketches inside!</b><br /><br />Cursed from birth to always tell the truth, magical florist Felicity “Fliss” Farrow chooses her words carefully to avoid trouble. But when she receives an anonymous request for a mysterious flower, her search leads her directly into trouble’s path: to Willoh Vane.<br /><br />Fliss knows the outcast—yet teasingly handsome—sorcerer is rumored to have used dark magic to corrupt the northern forest five years ago. She’s witnessed the resulting feud with Prince Bastion, whom her best friend, Card, is soon to marry. Despite her divided loyalty, Fliss reluctantly accepts Will’s help with gathering rare flowers and finds herself increasingly drawn to him.<br /><br />As the royal wedding approaches, Fliss fears the flowers she’s delivered are intended for a sinister purpose. But when her warnings are ignored, can she and Will save the kingdom from disaster, and ultimately discover what Fliss has sought for so long—the truth.",https://i.gr-assets.com/images/S/compressed.photo.goodreads.com/books/1765431352l/241716289._SY475_.jpg,,,title_author,medium,[],[],[],[]
book_554580dd150007cf,"The Hockey Situation (Billionaire Situation, #6)",Lyra Parish,,398.0,"Tue, 10 Mar 2026 17:27:04 -0700","<b>Hating Patterson Cross is easy.<br />Keeping my hands off him? Not so much.</b><br /><br />He's my ex-fiancé's identical twin brother, my father's star hockey player, and the man I've despised for years. That's three very good reasons I shouldn't ask Pattycakes to be my hookup for the season.<br />But I recklessly do it anyway.<br /><br />To my surprise, my biggest hater says yes.<br /><br />We agree to keep it secret. Behind closed doors, I'm his. In public, nothing changes. It's so much harder than it sounds. Because the more time I spend with Patterson, the more I realize hate was never the problem. It was just easier than admitting the truth.<br /><br /><br /><i>The Hockey Situation is an enemies-to-lovers, forbidden, sports romance with a happily ever after! It can be read as a stand-alone. Included: spicy scenes and a cocky hockey star who's playing to win…her heart.</i>",https://i.gr-assets.com/images/S/compressed.photo.goodreads.com/books/1770618516l/228951791._SY475_.jpg,,,title_author,medium,[],[],[],[]
book_ca2cc65af2900ec4,Toe to Toe,Falon Ballard,,333.0,"Mon, 09 Mar 2026 11:08:25 -0700","<b>It takes two to tango.</b><br /><br />Allegra Hart has been working her whole life to achieve one become a principal ballerina. When her director starts holding auditions for the lead role in the company’s latest production, Allegra sees this as her chance—maybe her <i>last </i>chance.<br /><br />The catch? The director wants someone with sex appeal, and he doesn’t think she’s up to the task. Determined to prove him wrong, Allegra enlists the help of the lead dancer of an all-male revue, Cord Donovan, a classically trained dancer who is also the sexiest man she’s ever met. In exchange for lessons on how to ramp up her sex appeal, she promises to help Cord choreograph a new partner piece for his show.<br /><br />As they practice their moves on and off the stage, Allegra and Cord find themselves battling a growing attraction, all the more illicit because Cord has sworn to never partner with a ballerina. Allegra is determined not to let a man derail her career, but what if she could have both love and success? Or will her involvement with Cord jeopardize everything she’s worked for?",https://i.gr-assets.com/images/S/compressed.photo.goodreads.com/books/1749995640l/236123583._SY475_.jpg,,,title_author,medium,[],[],[],[]
book_6644721e059b726d,"Coronation (Royally Forbidden, #1)",Cleo White,,406.0,"Mon, 09 Mar 2026 10:57:15 -0700","<b>
  <i>The Prince and Me</i>
</b><b> meets </b><b>
  <i>Scandal </i>
</b><b>in this royally high-spice, forbidden romance, from Amazon bestselling author Cleo White. </b><br /><br />Not every <i>Once-Upon-A-Time</i> ends in a <i>Happily-Ever-After</i>.<br /><br />My fairytale, for instance, didn’t come with a handsome Prince Charming, a night at the ball, or a magical pumpkin carriage.<br /><br />Instead, I got a bearded, bad-tempered king, a sex party for rich people, and a driver waiting to take me home after the royal asshole was finished with me.<br /><br />And they lived <i>Not </i><i>So </i><i>Happily Ever After.</i><br /><br /><i>The End.</i><br /><br />That should be it, right? Even missing some conventional fairytale elements, it’s clear no one is riding off into the sunset in the tale of the grumpy king and the naïve, much younger actress.<br /><br />Except, a positive pregnancy test just proved that, in this fairytale, <i>the end</i> isn’t <i>the end</i> at all.<br /><br />It's the beginning.",https://i.gr-assets.com/images/S/compressed.photo.goodreads.com/books/1760118241l/237922370._SY475_.jpg,,,title_author,medium,[],[],[],[]
book_cb2dfb0a978e5e57,"Yes, Chef",Grace Reilly,,,"Mon, 09 Mar 2026 06:21:27 -0700","<b>A tempting new romance from USA Today bestselling author Grace Reilly, in which a down-on-his-luck chef and a determined social media maven strike a reluctant deal to bring a beloved restaurant back to life.</b><br /><br /><i>If you can’t take the heat…get out of the kitchen.</i>After a public meltdown in one of Manhattan’s most elite restaurants, Chef Jack Hartman must return to his small Florida hometown. The only upside? He’ll be far away from Poppy Winfield – his former boss’s blonde, beautiful, utterly infuriating daughter – and the shrimp she threw at his head.<br /><br />Poppy is also desperate for an escape – from her disapproving family and from her infamy as an influencer without a serious bone in her body. With their reputations in ruins, Jack’s only ticket back to New York is turning the unloved restaurant of his childhood into the newest dining hotspot on the East Coast. And unfortunately for him, Poppy’s is using her well-honed social media skills to sell out his grand opening.<br /><br />As sparks fly and tensions reach boiling point, will Poppy and Jack be a recipe for disaster? Or could they be a perfect pairing …?<br /><br /><br />☀️Grumpy x sunshine<br /><br />🔪Chef romance<br /><br />🏙️Big city girl in a small town<br /><br />👩‍❤️‍👨Forced proximity<br /><br />🔥Friends with benefits<br /><br />🧠ADHD Rep",https://i.gr-assets.com/images/S/compressed.photo.goodreads.com/books/1763645281l/234736242._SY475_.jpg,,,title_author,medium,[],[],[],[]
book_95e5263ab3c31468,House of Spells and Secrets,Ivy Cassidy,,352.0,"Thu, 05 Mar 2026 09:57:32 -0800","<b>When three sisters return to the house that holds their forgotten legacy, the walls whisper of magic, betrayal, and the secrets their mother never told them.<br /> <br />A sweeping story of resilience, magic, and sisterhood perfect for fans of Alice Hoffman, Heather Webber, and Sarah Addison Allen.</b><br /><br />Rowan Connors has lived a fragmented, nomadic life with her triplet sisters, Saoirse and Caraline. Reeling from the sudden drowning of their erratic and secretive mother, Bridget, they uncover an old photograph of her standing in front of a manor they don’t recognize–and a final request scrawled on the back of the picture. The sisters set off to find answers to the questions they've always had about their mother's past, the place she once called home, and their own magical gifts. <br /><br />They arrive to find Swallow Hall sinking into the bay, and their grandmother, Everly, living alone within its dilapidated walls. But the house is more than crumbling brick and weathered stone. It breathes with magic, bound to the land and to the bloodline the sisters never knew they carried. As they settle into the house and the mystery of their family history deepens, they uncover  a hidden enemy tied to the magic of their ancestral line. With every discovery, Rowan begins to suspect that her mother's drowning was no accident, but part of a much older, more dangerous plan set in motion long before they were born.<br /><br />As the shadows of the past creep back into Swallow Hall and Everly disappears, Rowan must confront whatever forced Bridget to flee Swallow Hall before the house, its secrets, and the magic of their bloodline are erased forever.<br /><br />Readers looking for emotional sibling bonds and the ancestral mysteries of Nora Roberts’ <i>The Inheritance</i> will resonate with this stunning read.",https://i.gr-assets.com/images/S/compressed.photo.goodreads.com/books/1758597825l/237134638._SY475_.jpg,,,title_author,medium,[],[],[],[]
book_1120603d725ccb8d,The Midnight Book Club (Midnights On the Square #1),Emily W. Andersen,,373.0,"Thu, 05 Mar 2026 09:55:28 -0800","<b>If you could rewrite the story of your own life, would you be brave enough to take a chance at true love? </b><br /><br />When writer Aurelia Lyndham inherits a London bookshop from her beloved aunt, she assumes the whispers she hears late at night are nothing more than her imagination—or a talkative burglar. She never expected that the shop was home to characters who could step straight out of the pages of classic novels and into her life.<br /><br />Spending every night with the cast of <i>Sense and Sensibility</i>, <i>Little Women</i>, and <i>Anna Karenina</i> may not ignite her personal life, but it certainly unlocks her long-standing writer’s block. As she sets out to rewrite a character’s tragic ending, Aurelia discovers that she just might be on the path to crafting her own happy ending, too.<br /><br />Brimming with bookish charm, friendship, magic, and a heartwarming friends-to-lovers romance, this first book in the Midnights on the Square series is a love letter to the literary characters who shape our lives. Perfect for fans of Sarah Beth Durst, Ashley Poston, and Jackie Fraser.",https://i.gr-assets.com/images/S/compressed.photo.goodreads.com/books/1754253001l/239674466._SY475_.jpg,,,title_author,medium,[],[],[],[]
book_6e9a0709ba81c695,"A Bookish Story: a clean and wholesome, workplace, secret identity, book lovers romance",Heatherly Bell,,316.0,"Thu, 05 Mar 2026 09:40:39 -0800","<b>A female ghostwriter is recruited to be the face of the bestselling novel in the country, secretly written by a man. </b><br /><br />Luci Santana believes in love, especially when it comes to books. Since being forced to give up her apartment, she’d love to get out of her over-involved family’s backyard she-shed and resuscitate her life. She’s given a chance to supercharge her career when she’s recruited to be the face of the country’s bestselling novel.<br /><br />The romance book secretly written by a man.<br /><br />Years before he wrote the book that changed his life, literary author Ryan Brady was caught shaming the romance genre in a video. When his book is chosen by a celebrity morning show, a face to face interview is required. Suddenly his secret pen name desperately needs a woman’s face.<br /><br />Enter Luci.<br /><br />Luci hates the book everyone else raves about but it becomes her job to defend the book, the genre, and try not to get caught falling in love with the enemy.<br /><i>A grumpy/sunshine, he falls first, workplace romance for book lovers. Focused on the heroine's personal journey, the book is filled with family, books, music and the many different types of love, including romantic. Complete with HEA.</i>",https://i.gr-assets.com/images/S/compressed.photo.goodreads.com/books/1767405115l/246062017._SY475_.jpg,,,title_author,medium,[],[],[],[]
book_327fa2d21626ccf5,"Songbird of the Sorrows (Myths of the Empyrieos, #1)",Braidee Otto,,400.0,"Thu, 05 Mar 2026 09:39:49 -0800","<b>An outcast princess turned spy embarks on a mission to infiltrate a rival kingdom, but the secrets she uncovers force her to decide whether to follow orders or defy them.</b><br /><br /><b>
  <i>Ask no questions. Obey your orders. Respect your masters. But most of all, love no one.</i>
</b><br /><br />Spy. Thief. Princess. <i>Songbird</i>.<br /><br />Princess Aella was ousted from the Palace of Sorrows as a child, shattering her world and forcing her to abandon the truth of her royal lineage. Instead, she was raised in The Aviary, which disguises itself as a school for orphaned children but is actually a secret order designed to train its students as spies for an intelligence network embedded throughout the Empyrieos.<br /><br />Now twenty-three years old and having completed her final tests, Aella is summoned to join Alpha Flight, the Aviary’s elite team of assassins that’s led by none other than her former flame, Raven. Everything about him calls to her—he’s brave, loyal, and lethal. But is Raven worth breaking the rules and risking everything she’s worked so hard to achieve?<br /><br />Before she can decide, the Alpha Flight team is sent on a dangerous mission that tests Aella’s resolve in every way. Her role is crucial and she must assume her former title of Princess of the Sorrows, the identity she once had to forsake, to compete in the bridal trials held by the Prince of Eretria. As old sparks reignite and the harsh realities of the realm reveal themselves, the mission begins to unravel, and Aella must decide if she is brave enough to disobey her superiors in order to do what she believes is right.<br /><br /><i>Songbird of the Sorrows</i> is the first book in Myths of the Empyrieos, an epic romantic fantasy series that follows a feisty heroine through trials, a perilous heist, court intrigue, kingdom politics, and a journey of self-discovery, true love, and redemption.",https://i.gr-assets.com/images/S/compressed.photo.goodreads.com/books/1753411663l/236464696._SY475_.jpg,,,title_author,medium,[],[],[],[]
book_6f94a325e334845b,"The Hotshot (The Dugout, #1)",Piper Rayne,,366.0,"Wed, 18 Feb 2026 04:59:46 -0800","<b>Raising my cousin’s three kids wasn’t in my five-year plan.<br />Actually, it wasn’t in <i>any</i> plan.</b><br /><br />One minute I’m a single labor and delivery nurse living a quiet life and the next, I’m navigating guardianship hearings, meltdowns, and homework I’m pretty sure requires a math degree.<br /><br />Enter Hayes Carlisle.<br /><br />My best friend’s older brother.<br />Chicago Colts newest catcher.<br />And the man I once kissed and immediately pretended I didn’t.<br /><br />So, when the custody battle I’ve been dreading becomes a reality, I shouldn’t be surprised that Hayes swoops in with a wild idea—a fake relationship. According to him, pretending we’re together will polish his image and prove to the court I’m not taking on an instant family alone.<br /><br />But pretending to be Hayes’ girlfriend is a terrible idea.<br /><br />Because he remembers how to make me laugh.<br />Because he looks at me like our kiss wasn’t a one-time mistake.<br />Because the kids start asking him to read bedtime stories.<br />Because my heart starts wanting things my life doesn’t have room for.<br /><br />I can manage the chaos. I can fight for these kids.<br />But pretending not to fall for Hayes Carlisle?<br /><br />That might be the one thing I <i>can’t</i> do.",https://i.gr-assets.com/images/S/compressed.photo.goodreads.com/books/1768323115l/245482960._SY475_.jpg,,,title_author,medium,[],[],[],[]
book_ac6491c4242e37b3,"Cloud Nine (Snowy Peak, #1)",Amanda Sinatra,,374.0,"Wed, 18 Feb 2026 04:54:56 -0800","A snowboarder with nothing to lose.<br /><br />A photographer with something to prove.<br /><br />A deal that takes them to new heights.<br /><br />Hannah St. Pierre has sworn off men for good. After her last relationship went up in flames thanks to her new PCOS diagnosis, she's decided to focus on her health and growing her photography business in the heart of Boston. When her best friend Maya asks for help saving her family's ski resort in Vermont, Hannah packs her bags for a week of photography, snow, and fun.<br /><br />What she didn't plan on? Noah Hart-the arrogant, hot as sin, two-time-Olympian she's meant to work with to put Snowy Peak back on the map. Except he seems to want nothing more than to get in her way and pester her at every turn. <br /><br />When he's injured during practice, the two strike a deal: Hannah helps him get ready for the resort's New Year showcase, and he helps her unwind by any means necessary. As the clock ticks down and the line they drew in the snow starts to blur, they're both left wondering if they're ready to leave cloud nine...",https://i.gr-assets.com/images/S/compressed.photo.goodreads.com/books/1766284629l/228946989._SY475_.jpg,,,title_author,medium,[],[],[],[]
book_6fc392a15d12b736,Midnight Sunflowers,Ally  Williams,,398.0,"Sun, 01 Feb 2026 17:57:32 -0800","<b>When my grandmother died, she left me her beloved sunflower farm. <br />And now Ryder Blackwell wants to destroy it.</b><br /><br />He blusters into town with a BMW and a plan to build fugly apartments next to my grandmother's sunflower farm, but I won't let big Manhattan money ruin the charm of this place.<br /><br />He sends me gift baskets to win my favor. I push him into the stream. He buys an overpriced rooster to grease the mayor on my behalf. I deny the easement he so desperately needs. He strips down to his skivvies to save my historic water wheel and–<br /><br />I give in. Just a kiss. A touch. A night.<br /><br />But when he needs to take care of urgent business in Manhattan, my begrudging fondness for him turns to longing.<br /><br />We both have big lives in very different places. Responsibilities that can't be handled by anyone else.<br /><br />I just hope I can convince him to stay.",https://i.gr-assets.com/images/S/compressed.photo.goodreads.com/books/1767670100l/246174416._SY475_.jpg,,,title_author,medium,[],[],[],[]
book_e91f637dee368551,Muddy the Water,Matt Barrows,,258.0,"Thu, 15 May 2025 12:28:03 -0700","A popular fishing captain is murdered on his own trawler and everyone in Haversport, Massachusetts, knows the culprit is a young deckhand named Ben Broome -- including Detective Lillian Grimes. But Ben has discovered the perfect hiding as a reporter writing for the tiny Coastal Packet, a newspaper in South Carolina.<br /><br />When a half-eaten body washes in, it becomes the biggest story in the paper's history and brings cunning, charismatic Ben immediate success. But it also leads Grimes closer to the truth. She soon teams up with hungry rival reporter Florence Park to hunt Ben down before he can charm-or kill-his way to freedom.<br /><br />Shown from three perspectives, killer, detective, and reporter, <em>Muddy the Water</em> brings readers inside the newsroom of a struggling small newspaper on the bucolic South Carolina coast and speaks to the concept of identity-and whether anyone ever shows their true self.<br /><br />Praise for ""Muddy the Water:""<br /> ""This snappy, suspenseful thriller will keep you guessing until the final chapter and will make you wonder—can anyone be a journalist?"" — Katie Couric, journalist and author<br /> <br />""A page-turning ... twisty thriller."" -- Kirkus Reviews<br /><br />""Tremendous book. You'll be transfixed."" — Peter King, sportswriter and author<br /> <br />""It grabs you by the collar and won't let go."" — Jo Piazza, bestselling author of The Sicilian Inheritance",https://i.gr-assets.com/images/S/compressed.photo.goodreads.com/books/1736089084l/221069944._SY475_.jpg,,,title_author,medium,[],[],[],[]
book_f22661af0a24c4c7,She's So Bad,Bonita Fabian,,259.0,"Thu, 15 May 2025 12:27:43 -0700","<b>Caroline thought Sardinia, Italy would be her sanctuary. She was wrong ... </b>Still grieving the sudden loss of her husband, heiress Caroline escapes to her ancestral home with her estranged stepdaughter, Julia. She hopes that the island's rugged beauty will find her peace and bring them closer.<br /><br />But paradise turns perilous when a string of near-fatal accidents makes one thing terrifyingly clear—someone wants Caroline dead. What hidden truths could be worth killing for?<br /><br />Enter Giorgio, a handsome, charismatic younger man who convinces Caroline to invest in his new venture. Why would she agree at the risk of losing everything?<br /><br /><b>The Ultimate Betrayal Hides in Plain Sight.</b><br />A sun-soaked escape turns into a deadly game of deception as danger lurks behind every breathtaking vista, people turn up in strange places, and secrets are revealed. Who can be trusted as the line between truth and betrayal blurs?<br /><br /><i>She’s So Bad</i> is a gripping psychological thriller packed with deadly secrets and shocking twists that will keep you turning pages until the very last reveal.",https://i.gr-assets.com/images/S/compressed.photo.goodreads.com/books/1744885950l/231506132._SY475_.jpg,,,title_author,medium,[],[],[],[]
book_c9e5ecfa4bbd651e,"That's Amore (Lake Garda Mysteries, #1)",Heidi Troi,,280.0,"Thu, 15 May 2025 12:07:37 -0700","<b>A missing girl. A broken marriage. A town where secrets fester beneath the sunlit surface.</b><br /><br />When a wealthy young woman vanishes from a lakeside villa near Malcesine, Marescialla Bianca Rossi is sent to investigate. At first, she's almost relieved to leave Verona—and her violent ex-husband behind. A fresh start. A clear case.<br /><br />But nothing is as it seems.<br /><br />No ransom demand. No witnesses. Just a family full of secrets and a town that smiles too sweetly.<br /><br />Then there's her so-called assistant—arrogant, incompetent, and seemingly handpicked to sabotage her work. And her ex? Still lurking. Still calling. Still dangerous.<br /><br />As Bianca digs deeper, the case twists into something far darker. And her past begins to bleed into the present.<br /><br />Can she find the missing girl in time?<br /><br />Or will the shadows she thought she'd left behind finally catch up with her?",https://i.gr-assets.com/images/S/compressed.photo.goodreads.com/books/1737966235l/224025150._SY475_.jpg,,,title_author,medium,[],[],[],[]
book_3c3b9540a5e5a5e9,Her Ruthless Protector,S.J. Winter,,224.0,"Thu, 15 May 2025 11:50:59 -0700","Amidst glittering wealth, hidden threats, and the dangerous allure of the Russian mafia, Wendy finds herself unexpectedly plunged into a reality filled with luxury and danger she never imagined, where peril lurks around every corner. Drawn irresistibly into the orbit of Vladimir—a powerful, enigmatic man whose presence promises as much danger as safety—she discovers he is her anchor in this tumultuous new life. Vladimir, tasked with watching Wendy at the request of his brother-in-blood, Dima, thought he knew everything about her. However, meeting her in person awakens raw, unexpected emotions, disrupting his carefully maintained discipline.<br /><br />Wendy, a talented artist striving to carve out her identity amidst personal loss and professional pressure, quickly realizes Vladimir's protective instincts can border on suffocating, igniting fiery arguments and passionate confrontations. Their turbulent relationship tests loyalty and trust as threats escalate from hidden enemies. Danger becomes an everyday reality, blurring lines between trust and betrayal, forcing Wendy and Vladimir to confront their deepest fears—and desires.<br /><br />Richly layered with emotional depth, vivid characters, and unflinching authenticity, this gripping romantic thriller explores the complexities of love, power dynamics, and redemption. It’s a story that captures both the darkness and beauty of surrendering to a love that can either heal or destroy.",https://i.gr-assets.com/images/S/compressed.photo.goodreads.com/books/1745857431l/232265997._SY475_.jpg,,,title_author,medium,[],[],[],[]
book_35a05ef1e0f0f516,Living by the Word: 12 Practical Principles for Christian Living,Seth M. Jones,,187.0,"Thu, 15 May 2025 11:49:17 -0700","<p>
  <b>What if your life reflected not just belief in Jesus—but the way He lived?</b>
</p><br /><br /><p><i>Living by the Word</i> invites you to go beyond inspiration and into transformation—by grounding your life in the timeless wisdom of Scripture and the perfect example of Jesus Christ.</p><br /><br /><p>Through twelve essential principles—including Love, Wisdom, Self-Control, and Trust—you’ll discover a framework for spiritual growth, personal integrity, and everyday faithfulness. Each chapter is rooted in biblical truth, shaped by the life of Jesus, and designed to help you live what you believe.</p><br /><br /><p>
  <b>Inside You’ll Find:</b>
</p><br /><br /> <br />  <b>Twelve Core Principles</b>, drawn from Scripture and the life of Christ <br />  <b>Historical and Modern Examples</b>, showing these truths in action <br />  <b>Practical Application</b>, with clear steps for real-world impact <br />  <b>Modern-Day Parables</b>, connecting timeless wisdom to daily life <br />  <b>Reflection Prompts</b>, to deepen spiritual understanding and personal growth <br /> <br /><br /><p></p> <br /><br /><p>This book is more than a guide—it’s a call to live differently. To follow Jesus not just in belief, but in action. To build a life that is anchored, purposeful, and overflowing with the fruit of a faith lived out.</p><br /><br /><p>If you're ready to walk in step with God’s Word, <i>Living by the Word</i> is your next step forward.</p>",https://i.gr-assets.com/images/S/compressed.photo.goodreads.com/books/1745680701l/232078751._SY475_.jpg,,,title_author,medium,[],[],[],[]
book_ffc60b591048015e,"The Faking Game (The Billionaire Games, #1)",Olivia Hayle,,512.0,"Thu, 15 May 2025 11:41:55 -0700","<b>West Calloway is rich, arrogant, and my brother’s best friend. Now we’re faking a relationship in public… while he gives me dating lessons in private.</b><br /><br />When a stalker forces me out of my apartment, my brother insists I stay somewhere safe—in his best friend’s legendary estate. With the tall, handsome, <i>frustrating</i> man I once had a silly crush on, while he never liked me.<br /><br />But then West suggests we fake date to send a <i>I’m taken and well protected. </i>I agree on one condition… he helps me practice <i>real </i>dating.<br /><br />I don’t know how to date, and West doesn’t do love. It’s perfect. Soon, we’re practicing it all in secret. Dates. Kissing. Sleeping in the same bed. The only rule? My brother can never find out.<br /><br />West learns what I like, buys me gifts, praises me, and helps me to stop people-pleasing. Maybe I’ll even ask him to help with my virginity, too...<br /><br /><b>But the way he’s looking at me now? It’s not part of any lesson. And when he touches me, it feels like he’s forgotten this is just practice... </b>",https://i.gr-assets.com/images/S/compressed.photo.goodreads.com/books/1746461727l/232557312._SY475_.jpg,,,title_author,medium,[],[],[],[]
book_75b4460a2721eff7,Drive Your Plow Over the Bones of the Dead,Olga Tokarczuk,,274.0,"Sat, 10 Aug 2024 09:08:54 -0700","In a remote Polish village, Janina devotes the dark winter days to studying astrology, translating the poetry of William Blake, and taking care of the summer homes of wealthy Warsaw residents. Her reputation as a crank and a recluse is amplified by her not-so-secret preference for the company of animals over humans. Then a neighbor, Big Foot, turns up dead. Soon other bodies are discovered, in increasingly strange circumstances. As suspicions mount, Janina inserts herself into the investigation, certain that she knows whodunit. If only anyone would pay her mind . . .<br /><br />A deeply satisfying thriller cum fairy tale, <i>Drive Your Plow over the Bones of the Dead</i> is a provocative exploration of the murky borderland between sanity and madness, justice and tradition, autonomy and fate. Whom do we deem sane? it asks. Who is worthy of a voice?<br /><br />Duration: 11 hours 39 minutes.",https://i.gr-assets.com/images/S/compressed.photo.goodreads.com/books/1786711459l/51648276._SX318_.jpg,,,title_author,medium,[],[],[],[]
book_733f93c4319ef102,"All the Wrong Plays (Kluvberg, #2)",C.W. Farnsworth,,352.0,"Mon, 08 Apr 2024 07:45:30 -0700","He’s got all the right moves. And makes… <b>all the wrong plays</b>. <br /><br />Will Aster excels at two soccer and self-sabotage. Following a viral incident involving him and the club owner’s wife, his only option to continue playing is overseas on FC Kluvberg—a team known for not tolerating scandal. A last chance and a harsh wake-up call. <br /><br />Sophia Beck has spent her life avoiding football. Growing up in the shadow of her family’s stratospheric success in the sport left scars. About to begin her final year of university, she’s eager to pursue a career in photography, not receive an internship assignment involving her brother’s team. The last thing she expects is to meet a guy—a player—who makes her want to watch a game. <br /><br />He loves soccer. She resents it. Those contrary viewpoints collide when Will and Sophia discover something stronger than their conflicting emotions toward the sport—their feelings for each other. <br /><br />But… one wrong play can cost the game. And wrong plays are Will’s specialty.",https://i.gr-assets.com/images/S/compressed.photo.goodreads.com/books/1709843017l/209608270._SY475_.jpg,,,title_author,medium,[],[],[],[]
book_c36ce9494ceca90e,Under Pressure,Ellie  Thornton,,322.0,"Fri, 05 Apr 2024 09:15:05 -0700","<b>USA Today Bestselling Author Ellie Thornton welcomes you to the sunshine state! Looking for fun in the sun? Come to Diamond Cove, a beach community full of hilarious situations, meddling grandparents, and swoony romance. Lose your heart to this sweet romantic comedy about a NAVY SEAL, a hurricane, a treasure, pirates, and the SECOND CHANCE he never saw coming. </b><br /><br />All Bluebell St. James wants from her move to Diamond Cove is to settle down, find some security, and feel safe, but when her long-lost love walks into her bohemian boutique with four adorable little old ladies, all those dreams go up in flames in a whirlwind of emotions long buried. Sean broke her heart nine years ago, and she's not about to let him do it again.<br /><br />But when she learns he's suffering from a recent loss, her resolve weakens. She <i>can </i>protect her heart and be there for him. Right?<br /><br />Sean Clayton's life is simple in its complexity, and he likes it that way. All he has to do is pretend he's retired from the Navy while protecting a prince with a huge bounty on his head, find a sunken ship belonging to said prince's country with treasure worth millions on it before his rivals do, and keep his grandpa and his grandpa's crew out of mischief--which often proves more difficult than expected. Sean lives to serve, but when Bluebell, <i>Blue</i>, shows up in his life after nearly a decade, his priorities start to shift.<br /><br />Seeing her again makes him want to forget all his responsibilities and for once in his life do something for himself.<br /><br />But with someone always needing something from him, a hurricane about to hit, pirates on his tail, and unexpected horrors from Blue's past all coming at him at once, putting himself first seems like an impossible hurdle.<br /><br />Don Clayton has always had a soft spot for his grandson, Sean, one of the most selfless men he's had the privilege to know. So when Bluebell shows up again, Don knows what he has to do--no matter what it takes.<br /><br /><i>With emotions running high, catastrophic weather, bad guys lurking, and two stubborn lovebirds, the Secret seven might not know what hit 'em!</i>",https://i.gr-assets.com/images/S/compressed.photo.goodreads.com/books/1692660350l/176012689._SY475_.jpg,,,title_author,medium,[],[],[],[]
book_e30373e7c3b53b9f,Cold Record,Eric   Ferguson,,387.0,"Fri, 05 Apr 2024 09:14:45 -0700","<b>Where Is the Line Between Guilt and Innocence</b>?<br /><br /><b><i>“A remarkable and compelling courtroom drama”</i> – Kirkus Starred Reviews<br /><i>""Ferguson's Cold Record stands vibrantly as a literary triumph"" </i>– The Bookish Elf<br /><i>“A compelling blend of legal drama and heartfelt storytelling . . .”</i> – Literary Titan<br /><i>""Beautifully written . . . Must read""</i> – Reedsy Discovery Review<br /><i>""A superbly written courtroom drama that will leave readers hungry for more"" </i>– The Prairies Book Review<br /><i>""A clever plot, standing out from the usual courtroom drama""</i> – Netgalley reviewer<br /><i>""This doesn't disappoint, gritty and well written""</i> – Netgalley reviewer<br /><i>""Full of twists and turns, a complex and intriguing read""</i> – Netgalley reviewer<br />""Intriguing and clever"" – Netgalley reviewer </b><br /><br />After a young woman is found brutally murdered on an estate in remote northern California, detectives swiftly identify and arrest Andrew Rodarte, a young man passing through the area, for the crime. Returning to the arena after years away, veteran DA Sonya Brandstetter takes on the prosecution of Rodarte as a personal mission, while junior prosecutor John Patrick Howland – assisting to his own surprise – does little more than watch. But after a startling revelation at his trial raises the stakes for Rodarte, a late crisis irrevocably alters its course. And years later, Howland is called upon to revisit the killing, its agonizing aftermath, and the layered nature of truth itself.<br /><br />In this gripping debut novel, ideally suited for fans of courtroom drama and subtle legal mysteries, author Eric Ferguson draws on his 19 years of experience as a criminal prosecutor to create a powerful, authentic story of justice sought and served. Reflective and moving, <i>Cold Record </i>vividly explores the impact of a brutal crime on all those it touches – the victim and those who mourn her, those who seek justice in her wake, and even the defendant himself, whose own elusive narrative ultimately decides his fate. <br /><br /><i>''Ferguson presents his readers with a story that begins as a relatively straightforward Law &amp; Order-style procedural, but soon takes the reader on a ride that turns out to be much wilder than your average TV mystery. The author has nearly two decades of experience as an attorney in Southern California, and his deep knowledge of court proceedings is on full display through his novel’s many twists and turns.'' </i> – Kirkus Starred Reviews",https://i.gr-assets.com/images/S/compressed.photo.goodreads.com/books/1695443053l/199109649._SY475_.jpg,,,title_author,medium,[],[],[],[]
book_0eef0ac2c74a0224,"Emotions, Happiness and the Story of Our Lives: Inner knowledge from The Kaalmly Approach to create long-lasting happiness inround you",A.R. Kaalmly,,322.0,"Fri, 05 Apr 2024 09:13:49 -0700","<b>Give your happiness the foundation it needs</b><br /><br />Built upon wisdom from the ancients (Yoga, Tao, Tantra, Ayurveda) masterfully blended with modern science (psychology and biology) this book is a must-have for a happy life. It’s a roadmap that captures all essential fundamentals of happiness, with practicality and effectiveness at its core.<br /><br />The author, a corporate dropout, draws upon years of extensive research into a foolproof solution and shares the tips and tricks for injecting joy into every moment of life.<br /><br />Written in an easy-to-follow structure, with expertly distilled scientific and spiritual concepts that readers will connect with. Innovative, supportive and packed with lightbulb moments that brilliantly come together into a simple method at the end. Be it stress, anxiety, low moods, feeling disconnected or any other challenge in life, this book will empower you to make things better, to feel happier… and build the foundation for truly happy times ahead.<br /><br /><b>---------------------------------</b><br /><br /><b>More about this book </b><br /><br />This paradigm-shifting guide shows how we unknowingly encourage unhappiness in our lives, and how, with the right inner understanding, we can transform our lives for good.<br /><br />Besides using simple language to reveal ingenious insights, this book dares to redefine convention where required, so that complex concepts like emotions, ego, etc — conventional explanations of which generally leave us confused and conflicted within — become crystal clear … and lead to total inner harmony.<br /><br /><b>
  <i>What’s in this book </i>
</b><br /><br />The fresh perspectives in this book are laid out in two sections -<br /><br /><i>Inner Knowledge </i><br /><br />– What happiness is — at a fundamental level.<br /><br />– Why we have emotions and the mechanism behind them.<br /><br />– A <i>new, </i>life-transforming way to define emotions.<br /><br />– How the <i>body-mind</i> connection affects emotions.<br /><br />– How emotions cause disease and illness.<br /><br /><i>Prime Inner Knowledge</i><br /><br />– The story of our lives and the root cause of unpleasant emotions.<br /><br />– Tools and tips to deal with unpleasant emotions.<br /><br />– What prevents you from being your authentic self.<br /><br />– What/who constructs the ego and how to transform it into an ally.<br /><br />– How to harness your innate wisdom and know what is right for you.<br /><br />– A simple counterintuitive method to strengthen the foundation of your happiness… and experience contentment in day-to-day life.<br /><br />In summary, this book offers a comprehensive understanding of our inner world, which along with its insights and tips, forms a roadmap for self-enabled happiness — a must-have if you want to take charge and create a happier life.<br /><br /><b>
  <i>More to come in ‘The Kaalmly Approach’ series </i>
</b><br /><br /><i>Inner knowledge </i>(this book) is about – <b>Clarity</b> (and how to reclaim up to two-thirds of happiness whilst forming a rock-solid foundation). This will be followed <br /><br /><i>Outer knowledge</i>, which is about – <b>Creativity</b> (how to thrive in the outer world and happily achieve what you want).&amp; <i>Advanced knowledge </i>is about – <b>Spontaneity</b> (how to be as happy as you can be, that too, effortlessly).",https://i.gr-assets.com/images/S/compressed.photo.goodreads.com/books/1709818355l/209598516._SY475_.jpg,,,title_author,medium,[],[],[],[]
book_956a3c1030019a76,"Reframing Rich: Creating a Better Relationship with Your Money, Yourself, and Others",Steve Coughran,,264.0,"Fri, 05 Apr 2024 08:14:35 -0700","<b>Embracing a new money mindset for personal and financial growth</b><br /><br />Reframing Rich is a compelling and insightful book that will empower you to change the way you think about money, yourself, and others so you can reach your full potential. With a refreshingly positive and compassionate tone, Reframing Rich will enable you to discover more fulfilling mindsets when it comes to wealth and success that align with your personal goals and relationships. Not a get-rich-quick ruse, this candid exploration of the strategies that lead to financial wellness provides you with the tools to not only increase the number in your bank account but also achieve true satisfaction through how you view and use your money.<br /><br />Drawing on his own personal and professional experiences—from a kid in a low-income household to a young man struggling to get his start-up off the ground to the successful business leader and entrepreneur he is today—Steve provides practical strategies for overcoming limiting beliefs, managing financial anxiety, and creating a more abundant life. He utilizes his years of financial expertise to take the intimidation out of financial discussions and to make finance fun and accessible to all readers.<br /><br />Whether you're struggling with debt or simply looking for ways to improve your financial well-being, this book offers valuable insights and actionable advice that will help you achieve new wealth in all areas of your life.",https://i.gr-assets.com/images/S/compressed.photo.goodreads.com/books/1705426327l/205467748._SY475_.jpg,,,title_author,medium,[],[],[],[]
book_9d6d16de8e130e7b,Will You Pretend Marry Me,Christi Barth,,234.0,"Sat, 30 Mar 2024 06:07:52 -0700","Mega-pop star Kaia has a secret identity. Nobody knows she’s <i>also</i> ordinary Abigail Dilworth. With her latest world tour over, Abigail can finish her degree by student teaching. She’ll be incognito at a coastal Maine high school. When the semester’s over, then<i> </i>she’ll worry about whether to teach or continue her meteoric singing career. Except she’s off to a horrible start. There’s a meet-hate with the vice-principal (with a sexy academic look that can’t be ignored, but <i>should </i>be). And that’s the <i>best</i> thing to happen day one…<br /><br />Everett Reynolds is content juggling his career as vice principal and teacher….and<i> </i>his secret career as an analyst for the EPA. As for a personal life? Well, he’s got his friends. Anything more leads to heartbreak—he knows that from experience. He definitely doesn’t need an entitled (and, yeah, <i>stunning</i>) pop princess pretending to know how to handle his students.<br /><br />Abigail and Everett don’t like each other. Do they <i>want</i> each other? Beside the point. But circumstances lead to them needing each other. Who knew that Abigail asking him to be <i>Kaia’s</i> fake fiance would only be the tip of the favor iceberg? As they’re thrown together more, they learn that the difference between hate and love is razor-thin.And that secrets-–including how they really feel—always come out…",https://i.gr-assets.com/images/S/compressed.photo.goodreads.com/books/1709670104l/209529209._SY475_.jpg,,,title_author,medium,[],[],[],[]
book_2b62706ebf5ba6d2,The Obesity Code: Unlocking the Secrets of Weight Loss,Jason Fung,,308.0,"Wed, 20 Mar 2024 14:41:18 -0700","Everything you believe about how to lose weight is wrong. Weight gain and obesity are driven by hormones—in everyone—and only by understanding the effects of insulin and insulin resistance can we achieve lasting weight loss.<br /><br />In this highly readable and provocative book, Dr. Jason Fung sets out an original, robust theory of obesity that provides startling insights into proper nutrition. In addition to his five basic steps, a set of lifelong habits that will improve your health and control your insulin levels, Dr. Fung explains how to use intermittent fasting to break the cycle of insulin resistance and reach a healthy weight—for good.",https://i.gr-assets.com/images/S/compressed.photo.goodreads.com/books/1456687584l/29360011._SY475_.jpg,,,title_author,medium,[],[],[],[]
book_25d86aa3b8dc6f17,The First Sun,Mindi Hope,,353.0,"Wed, 20 Mar 2024 07:44:59 -0700","<b>They were two teenagers falling in love. One deadly promise changed everything. Eighteen years later, it’s still tearing them apart.</b><br /><br />It's been eighteen years since Abby stepped so much as a toe onto Sullivan Farm. Since the summer of the fire that killed her beloved neighbor and friend, Mona. When she's called back for her twin brother's wedding, Abby soon realizes nothing on Sullivan Farm has changed, including the spark of electricity she feels at the sight of David McCann and that beautifully scarred lower lip that taunts her fantasies.<br /><br />She’s been in love with him since she was ten years old. She just hasn’t been able to stand in the same room with him since that awful night. Maybe he is the only man she'll ever love, but he’s also the only person who knows the truth about how that fire started. After all, he helped her spark the first deadly flame. <br /><br />David promised himself he'd stay away from Abby when she returned home. He's done chasing her. He's over her. Or, at least, that's what he tells himself. But when his obsessive ex-girlfriend, Nan, suddenly turns her focus to Abby, David is forced to set aside the years of anger and move into the guesthouse with Abby to keep her safe. How the hell is he supposed to pretend he doesn't love her when he can smell her vanilla shampoo from where she sleeps?<br /><br />When Nan threatens to stop at nothing to keep them apart, the couple must finally face the feelings they left behind, the promise that destroyed them, and the secrets buried on Sullivan Farm.<br /><br /><br />The First Sun is a romance novel intended for adult readers. See the author's website for a full list of trigger warnings.",https://i.gr-assets.com/images/S/compressed.photo.goodreads.com/books/1706631683l/206245021._SY475_.jpg,,,title_author,medium,[],[],[],[]
book_a1a05227d06c75c3,The Bottom Line (Wordplay),Tobie Carter,,349.0,"Wed, 20 Mar 2024 07:44:44 -0700","The Hating Game meets By a Thread<br /><br />When the return on investment is love…<br /><br />Self-sacrificing Stella Daniels put her competitive finance career on ice, passing up promotions to help her elderly grandfather manage his struggling funeral home. Now with the mortuary in danger of closing, Stella must hustle for a promotion at the firm she’s been neglecting. But when she snaps at a rude--and dangerously handsome--customer at the funeral home, who happens to be a transferring employee competing for the same promotion, Stella’s professional and personal worlds collide.<br />Investment manager Jameson Brooks had it all—the car, the career, and the swanky flat—until news of his mother’s illness forced him to move to the States. In the wake of her death, Jameson’s estranged father offers him a job at his investment firm. The catch? No one can learn he’s the bastard son of the boss. However, under pressure to succeed at work and berated by a father he can’t please, Jameson’s mental health spirals, sending him back to old self-harming habits.<br />With the promotion to Project Manager on the table, Jameson and Stella fight to one up each other, but amidst the sabotage and late nights at the office, they’re both surprised to discover their rival might be the one bright spot in their increasingly dark days. But to bask in the sunshine, they’ll have to choose their greatest investment yet—themselves.<br /><br />This enemies to lovers brings the fire with a tenacious, ball-busting heroine who won't give up and a cinnamon roll disguised as an alpha in need of a little support. Come along for the ride as one bossy Brit tries to keep his heart and his secrets from the headstrong woman destined to break down his walls.<br /><br />The Bottom Line is an adult romance that features mature themes and content that may not be suitable for all audiences. Reader discretion is advised. For all content warnings, check the author's website.",https://i.gr-assets.com/images/S/compressed.photo.goodreads.com/books/1704940127l/204790566._SY475_.jpg,,,title_author,medium,[],[],[],[]
book_235af2e9d0698db2,Echoes in the Stars,Gordon Frisbie,,191.0,"Tue, 19 Mar 2024 07:43:34 -0700","Boo was a predominantly white Australian shepherd. Her only handicap, aside from bone-headed bravery, was deafness in one ear. Deafness is a common disability for the lethal white variety of this breed. She was found alone in a city park, brought to an animal shelter, and ended up with a man who had never owned a dog. For fifteen years man and dog enjoyed dog-sports, adventure, friendship, mishaps, law breaking, and (unofficial) law enforcement. This collection of stories and essays also includes a few other colorful characters who may, or may not, appreciate this honor. While Boo and her peers are the primary actors, the coyote sneaks into several stories and even demanded his own chapter. Much of the action takes place in the Front Range of Colorado and sometimes spills into other western states.",https://i.gr-assets.com/images/S/compressed.photo.goodreads.com/books/1670366125l/64397533._SX318_.jpg,,,title_author,medium,[],[],[],[]
book_6fa777bab09be79a,Becoming Mallory,Elaine Evans,,386.0,"Tue, 19 Mar 2024 07:43:17 -0700","<b>
  <i>Mallory is autistic …</i>
</b><br /><br />… and her mom, Laura Givens is on a mission to give her daughter the best life possible. Despite Mallory’s autism, anxiety, and depression. After pushing her denial and fears aside, Laura is determined to get Mallory the help she needs and won’t let anything, or anyone, stand in her way. Not even her husband, Scott, who is fiercely loyal. He loves his family with his whole heart and will protect them at any cost. So why does his daughter having a disability bother him so much? And why is he so against his wife seeking answers?<br /><br />Ever since she was a little girl, Mallory has wanted to feel “normal.” It’s difficult growing up, never wanting to be touched or dealing with the unique challenges that anxiety and depression throw at you. Suffocated by her parents’ care and concern, Mallory struggles to fit in with the neurotypical world around her.<br /><br />Will Laura and Scott come together as they tackle family indifference, unhelpful teachers, teenage angst, and first love to give Mallory the life she deserves? Can Mallory come to terms with her autism and mental illness on her personal journey of self-discovery? Will she ever Become Mallory?",https://i.gr-assets.com/images/S/compressed.photo.goodreads.com/books/1699903878l/202088011._SY475_.jpg,,,title_author,medium,[],[],[],[]
book_408696c4e96d28d8,"Seventeen (Magic is Real, #1)",K.C. McMillian,,152.0,"Tue, 19 Mar 2024 07:36:21 -0700","Witches blurring the lines of good &amp; evil, soul crushing betrayal, all roads point to murder!<br /><br />Losing her mother at a young age, sixteen-year-old Claudette is burdened with depression, haunted by the memories of her mother's untimely death.<br /><br />Unknowing of her fate, secrets come to light when her seventeenth birthday approaches, nothing is as it seems.<br />With her father marrying an evil woman, gifting her two equally vile step sisters, Claudette's world is upended when he accepts a job in a new town steeped in mystery, magic, and darkness.<br /><br />Mashalville is anything but normal.<br /><br />Settling into her new surroundings it’s not long before she realizes the real significance of turning seventeen.<br /><br />Forced into making a decision that will change her life forever, there’s only one question she has to answer.<br /><br />Will she keep her newfound magic or hold on to the normalcy of her past?<br /><br />** Please check Trigger Warnings**",https://i.gr-assets.com/images/S/compressed.photo.goodreads.com/books/1676090272l/110348555.jpg,,,title_author,medium,[],[],[],[]
book_db110714912ae653,The Orchid: The Secret Code of Modern Goddesses,Rocio  Aquino,,436.0,"Mon, 18 Mar 2024 07:23:10 -0700","A soul-stirring novel of healing, connection, and transformation — for women, and for anyone ready to explore the deeper truths within.<br /><br />The Orchid: The Secret Code of Modern Goddesses follows the intertwined journeys of five women, each at a life-altering crossroads. From different backgrounds and personal battles, they arrive at The Orchid — a mysterious, serene retreat hidden in the forests of Northern California — in search of something they can’t quite name.<br /><br />Through guided rituals, raw conversation, and silent reflection, they begin to unravel their stories and discover five powerful lessons: Awareness, Gratitude, Forgiveness, Acceptance, and Intention. These principles don’t just shift their perspective — they open a path to deep personal transformation and to that power that shines within us all.<br /><br />Inspired by the lived experiences of its co-authors, The Orchid blends fiction with universal truths. It invites readers of all genders to reflect, feel, and awaken. At its heart, this novel is about remembering who we are beneath the noise — and choosing who we want to become.<br /><br />For readers drawn to Women Who Run With the Wolves, Lessons in Chemistry, The Secret, and The Untethered Soul, The Orchid offers more than a story — it’s an invitation to remember that the wisdom we seek is already within us, and that self-love isn’t just the path forward… it’s the answer we’ve been searching for all along.",https://i.gr-assets.com/images/S/compressed.photo.goodreads.com/books/1708296779l/205962647._SY475_.jpg,,,title_author,medium,[],[],[],[]
book_9ad173179409d165,I Thought I Knew: A Women's Fiction Novel,Melissa Trombetta,,298.0,"Mon, 18 Mar 2024 05:00:50 -0700","Nicole saw her future as bright and independent—until it became something she had to fight to keep.<br /><br />It’s 1995 in Upstate New York, and Nicole Doherty is days away from her college graduation—that is, if she graduates—ready to move into her own apartment and start a new job at a prestigious accounting firm when an unseen assailant attacks her, only steps away from the safety of her dorm, changing her forever.<br /><br />Nicole is desperate to move on, vowing never to tell anyone what happened to her, but her past continues to follow her and pull her back. She’s forced to relearn how to trust herself and thrive in an uncontrollable reality, navigating relationships, old and new, often left wondering, do you ever really know someone?<br /><br />I Thought I Knew is an emotionally grounded women’s fiction novel about the long aftermath of choices made in silence, and the quiet resilience and determination required to keep building a life after trauma.",https://i.gr-assets.com/images/S/compressed.photo.goodreads.com/books/1702851356l/203948180._SY475_.jpg,,,title_author,medium,[],[],[],[]
book_fbc15cc29f20135a,"Rediscover Your Wisdom: Drawing on Answers from Your Past to Achieve Self-improvement, Growth, and Success",Rabbi Joel Stein,,236.0,"Mon, 18 Mar 2024 04:58:20 -0700","In Rediscover Your Wisdom Rabbi Joel Stein reveals a profound truth: the challenges that weigh on your mind today are echoes of battles you've already triumphed over. Drawing from his rich experiences in guiding individuals through challenges that stumped even the most seasoned experts, Rabbi Stein unveils a unique perspective on self-discovery: you are your own best guide, therapist, and advisor. Rediscover Your Wisdom is an invaluable guide that transcends conventional self-help and empowers you to reflect on your past experiences to conquer present-day challenges.<br /><br />This book will take you through:<br /><br />Practical techniques for self-reflection and introspection, enabling you to tap into your inner wisdom and resilience.<br />Strategies for navigating self-exploration, managing emotions effectively, and fostering healthier relationships.<br />Actionable steps to create personalized systems that facilitate ongoing growth and success in overcoming present challenges.<br />Through addressing common problems people face within the realms of identity, emotions, and relationships, Rabbi Stein provides a roadmap for acknowledging broader wisdom and strategies that apply to specific issues. Employing poignant stories and insightful anecdotes, Rediscover Your Wisdom invites you to see the larger thread that connects your daily challenges and create systems and reminders that will help you grow and succeed.",https://i.gr-assets.com/images/S/compressed.photo.goodreads.com/books/1709761974l/205975210.jpg,,,title_author,medium,[],[],[],[]
book_a38f6d53eed20e53,The Darkest Water,Mark  Edwards,,355.0,"Mon, 18 Mar 2024 04:55:36 -0700","In this chilling thriller from the bestselling author of Keep Her Secret, if you don’t take your dark secrets to the grave, maybe they’ll take you there first…<br /><br />Calvin finally owns the bakery of his dreams, in an idyllic village in the Lake District. After reluctantly following his wife Vicky’s advice to promote it on social media, he’s thrilled when a viral clip makes him a legend overnight. But then the creepy DMs start flooding in—all from a stranger who claims she’s his biggest fan.<br /><br />Meanwhile, a local recluse is found on a nearby beach, buried to his neck and left to drown, and the community goes into shock. Why would anyone want him dead? And who exactly was he? Detective Imogen Evans, new to the Lake District, is under pressure to find out before the killer strikes again.<br /><br />As the murder hunt gathers pace, Calvin’s obsessive admirer turns up right on cue after his assistant is injured in an accident, and to Vicky’s horror she’s here to stay. As events begin spiralling into darkness, is there anyone in this quiet backwater Calvin can trust—or have his mistakes already put him, and everyone he loves, in terrible danger?",https://i.gr-assets.com/images/S/compressed.photo.goodreads.com/books/1704802275l/193334824.jpg,,,title_author,medium,[],[],[],[]
book_413a2f5d4080d1e8,Watch List,Edward Y. Tanner,,402.0,"Mon, 18 Mar 2024 04:54:45 -0700","Hakim never thought about the terrorist watch list until the Transportation Safety Agency put him on it. Then his life fell apart. His wife left, his drivers license was revoked, and he was forced from his home.As Hakim flees his suburban Portland, Oregon home, he hopes to rediscover the anonymity and obscurity of his former life in the great National Parks. But an attack at Mt. Rainier makes him realize his plan could put his family, friends, and life in peril.Media attention begins to paint Hakim as a public enemy and an outsider in his native country. He tries to confront a government seemingly arrayed against him, but appearing in public becomes nearly impossible.Laying low in increasingly remote places, Hakim encounters a cannabis entrepreneur and a journalist who want to help. Can he trust two people he barely knows? Can he get back to the only life he's known?Hakim and his new friends must act quickly as a frenzied wave of fear pushes his pursuers toward acts of unspeakable hate.",https://i.gr-assets.com/images/S/compressed.photo.goodreads.com/books/1709924059l/208096924._SY475_.jpg,,,title_author,medium,[],[],[],[]
book_b72cf05d80f26884,The Sunken City (The Sunken City #1),Emma V.R. Noyes,,330.0,"Mon, 18 Mar 2024 04:53:44 -0700","Amare Bellamy is not a witch. Orphaned as a child and raised on a ship by the most dangerous men in the Caribbean, Amare is one thing and one thing alone: a pirate. And pirates hate magic. <br /><br />After a fateful storm plunges her to the depths of the ocean, Amare wakes to find herself in a strange new world: an underwater kingdom, where magic exists, but is strictly outlawed by the King—a man who claims to be her true father. <br /><br />As Amare struggles to fit into her new role as Princess of the Sunken City, she finds herself tangled in a web of love between two brothers—one good, one not so good. And as strange powers manifest within her, she must question everything she was raised to believe—especially if she has any hope of stopping the evil brewing at the bottom of the ocean.",https://i.gr-assets.com/images/S/compressed.photo.goodreads.com/books/1641605060l/59841022._SY475_.jpg,,,title_author,medium,[],[],[],[]
book_0ec2b0e25d6f98ca,"The Power of the Esther Effect: Keys to Success in Marriage, Family, Career, Business and the Community for Every Her Where Heart Matters",Karen  Hypolite,,55.0,"Mon, 18 Mar 2024 04:52:19 -0700","This book uses an age old story for a modern day perspective on personal commitment to personal excellence. It's a personal decision that inspires change for the better within a woman’s sphere of influence her marriage relationship with her husband, her family, her community, her career, her business, and even the Kingdom of GOD. As a woman makes a decision to change and pursue life to the ideal, it influences others for positive change. Everything changes with the success that comes from personal woman’s work. Working on yourself, personal development, and self-help with the help of Wisdom is woman’s work. The individual resolve is private. Yet, it has public impact. This is the power of woman’s work. It is the Power of the Esther Effect!<br /><br /><br /><br />This book shares…<br /><br />-Why woman’s work is so important<br /><br />-How the Power of the ESTHER EFFECT works<br /><br />-What real influence looks like<br /><br />-When asking for Wisdom is central to the Power of the ESTHER EFFECT",https://i.gr-assets.com/images/S/compressed.photo.goodreads.com/books/1708534518l/208954651._SY475_.jpg,,,title_author,medium,[],[],[],[]
book_650414052a773938,All the Sinners Bleed,S.A. Cosby,,344.0,"Thu, 14 Dec 2023 09:17:29 -0800","Titus Crowne is the first Black sheriff in the history of Charon County. A former FBI agent and security expert, Titus came home to take care of his father and look out for his troubled younger brother. He ran for Sheriff to make a difference, especially in the Black community, which has so often been treated unfairly by the police.<br /><br />But a year to the day after his election, a school shooting rocks the town. A beloved teacher is killed by a former student, and as Titus attempts to deescalate and get the boy to surrender, his deputies fire a fatal shot.<br /><br />In the investigation, it becomes clear that the student they shot had been abused by the dead teacher, as well as by unidentified perpetrators. The trail leads to buried bodies—and secrets. While Titus tries to track down a killer hiding in plain sight, while balancing daily duties like protecting Confederate pride marchers, he must face what it means to be a Black man wearing a police uniform in the American South.",https://i.gr-assets.com/images/S/compressed.photo.goodreads.com/books/1663544747l/62193738._SY475_.jpg,,,title_author,medium,[],[],[],[]
book_d4b74e5a731787fa,"The Bluff (Calamity Montana, #2)",Willa Nash,,338.0,"Tue, 18 Jul 2023 08:19:07 -0700","From USA Today Bestselling Author Devney Perry writing as Willa Nash comes a small town Montana romance.<br /><br />As Calamity’s newest resident, Everly Christian thought life in small-town Montana would be dull and tame—and she needs a little mundane after the last few chaotic years. But one night, boredom drives her to the local bar, where she finds herself sitting beside a handsome and mysterious artist.<br /><br />The man is anything but dull and tame, especially in the bedroom, and when she steps out of his shower and overhears his conversation, life gets interesting again.<br /><br />Reese Huxley needs a wife.<br /><br />And why shouldn’t Everly be the bride?<br /><br />She’s got her reasons for agreeing to the hasty nuptials—reasons she’s keeping to herself. As long as she can stop herself from falling in love with her husband, she’ll make it out of this sham marriage in one piece. But Everly has a weakness for wayward men, and the more Hux pushes her away, the more she realizes this bluff is anything but a lie.",https://i.gr-assets.com/images/S/compressed.photo.goodreads.com/books/1607658909l/55239381._SY475_.jpg,,,title_author,medium,[],[],[],[]
book_878286004aaedf50,Bad Mormon: A Memoir,Heather Gay,,303.0,"Tue, 20 Jun 2023 08:03:11 -0700","<b>INSTANT NEW YORK TIMES BESTSELLER</b> <b>Named one of Entertainment Tonight’s Best Celebrity Memoirs of 2023</b> <b>As seen in The New York Times, People, The Cut, Vulture, The Daily Beast, Today, Bustle, Us Weekly, Life &amp; Style, and Interview</b> <b>“No stone goes unturned” (People) in this memoir </b><b>about The Real Housewives of Salt Lake City star Heather Gay’s departure from the Mormon Church, and her unforeseen success in business, television, and single motherhood.</b>Straight off the slopes and into the spotlight, Heather Gay is famous for speaking the gospel truth. Whether as a businesswoman, mother, or television personality, she is unafraid to blaze a new trail, even if it means losing family, friends, and her community. Born and bred to be devout, Heather based her life around her faith. She attended Brigham Young University, served a mission in France, and married into Mormon royalty in the temple. But her life as a good Mormon abruptly ended when she lost the marriage and faith that she had once believed would last forever. With writing that is beautiful, sad, funny, and true, Heather recounts the difficult discovery of the darkness and damage that often exists behind a picture-perfect life, while examining the nuanced relationship between duty to self and duty to God. “An eye-opening firsthand account of religious indoctrination told with candor and sincerity” (Interview magazine), Bad Mormon is an unfiltered look at the religion that broke her heart.",https://i.gr-assets.com/images/S/compressed.photo.goodreads.com/books/1676088117l/59548772._SY475_.jpg,,,title_author,medium,[],[],[],[]
book_85a81e97e52f8c5b,Pandora's Jar: Women in the Greek Myths,Natalie Haynes,,308.0,"Thu, 16 Feb 2023 20:23:14 -0800","The Greek myths are one of the most important cultural foundation-stones of the modern world.<br /><br />Stories of gods and monsters are the mainstay of epic poetry and Greek tragedy, from Homer to Virgil to from Aeschylus to Sophocles and Euripides. And still, today, a wealth of novels, plays and films draw their inspiration from stories first told almost three thousand years ago. But modern tellers of Greek myth have usually been men, and have routinely shown little interest in telling women’s stories.<br /><br />Now, in <i>Pandora’s Jar,</i> Natalie Haynes – broadcaster, writer and passionate classicist – redresses this imbalance. Taking Greek creation myths as her starting point and then retelling the four great mythic sagas: the Trojan War, the Royal House of Thebes, Jason and the Argonauts, Heracles, she puts the female characters on equal footing with their menfolk. The result is a vivid and powerful account of the deeds – and misdeeds - of Hera, Aphrodite, Athene and Circe. And away from the goddesses of Mount Olympus it is Helen, Clytemnestra, Jocasta, Antigone and Medea who sing from these pages, not Paris, Agamemnon, Orestes or Jason.",https://i.gr-assets.com/images/S/compressed.photo.goodreads.com/books/1624615714l/58421710._SY475_.jpg,,,title_author,medium,[],[],[],[]
book_01ef173004fa346e,The Ride of a Lifetime: Lessons Learned from 15 Years as CEO of the Walt Disney Company,Robert Iger,,272.0,"Sat, 11 Feb 2023 17:31:14 -0800","<b>A grand vision defined: The CEO of The Walt Disney Company shares the ideas and values he has used to reinvent one of the most beloved companies in the world, and inspire the people who bring the magic to life.</b><br /><br />In 2005, Robert Iger became CEO of The Walt Disney Company during a difficult time. Morale had deteriorated, competition was more intense, and technology was changing faster than at any time in the company's history. ""I knew there was nothing to be gained from arguing over the past,"" Iger writes. ""The only thing that mattered was the future, and I believed I had a clear idea of the direction Disney needed to go."" It came down to three clear ideas: 1) Create the highest quality content Disney could produce. 2) Embrace and adopt technology instead of fighting it. And 3) Think bigger--think global--and turn Disney into a stronger brand in international markets.<br /><br />Twelve years later, Disney is the largest, most respected media company in the world counting Pixar, Marvel, Lucasfilm and 21st Century Fox among its properties. Its value is nearly five times what it was when Iger took over, and Iger is recognized as one of the most innovative and successful CEOs of our time.<br /><br />Now, he's sharing the lessons he's learned while running Disney and leading its 200,000 employees--taking big risks in the face of historic disruption; learning to inspire the people who work for you; leading with fairness and communicating principles clearly. This book is about the relentless curiosity that has driven Iger for forty-five years, since the day he started as a studio supervisor at ABC. It's also about thoughtfulness and respect, and a decency-over-dollars approach that has become the bedrock of every project and partnership Iger pursues, from a deep friendship with Steve Jobs in his final years to an abiding love of the evolving <i>Star Wars</i> myth.<br /><br />""Over the past fourteen years, I think I've learned so much about what real leadership is,"" Iger writes. ""But I couldn't have articulated all of this until I lived it. You can't fake it--and that's one of the key lessons in this book.""<br /><br /><i><b>Librarian Note:</b> This is an Advance Reader Copy issued with ISBN 9780399592096. That ISBN has been moved to the final published copy, found <a href=""https://www.goodreads.com/book/show/56635850-the-ride-of-a-lifetime"" rel=""nofollow noopener""><b><u>here</u></b></a></i>",https://i.gr-assets.com/images/S/compressed.photo.goodreads.com/books/1556036622l/44525305.jpg,,,title_author,medium,[],[],[],[]
book_3e0519735898005a,"How Are You, Really?: Living Your Truth One Answer at a Time – The NYT Bestselling Guide for Women Finding Balance and Joy",Jenna Kutcher,,317.0,"Tue, 29 Nov 2022 07:47:28 -0800","Forget hustle harder. Forget a mandatory 5 a.m. wake-up. Forget outlining your life plan in six-month, one-year, and five-year spans. We're living in a cultural shift as we reframe our perspectives around the purpose of work, what work/life balance really means, and how we want to spend our time on this planet. In her first book, Jenna Kutcher—entrepreneur, photographer, influencer, teacher, mom, and host of the wildly popular Goal Digger podcast—shares her philosophy on how to live a life that exists outside the tired cliché of “having it all.” How Are You, Really? is about taking a moment to soak up the richness of our experiences and creating a life that makes room for more actual living. <br /><br />When Jenna Kutcher was 23, she left her corporate job, bought a camera on Craigslist for $300, and started her own business as a wedding photographer. From that single investment in herself, she built a successful company, a thriving podcast, and a beautiful brand. But her driving force has never been about working harder/smarter/faster/better. What Jenna Kutcher embraces is the simple notion that we, women especially, crave lives of fulfillment. <br /><br />Divided into three sections, How Are You, Really? is a guide to creating such a life.<br /><br />In Part One: Who You Are, Jenna uses stories from her childhood, some career false starts, her marriage and path to motherhood, and more to show how to crystallize your sense of your own identity. Because how can you know what you really, truly want out of your future if you don’t see yourself clearly in the present? In Part Two: Who You Have, and Who Has You, Jenna shows the benefits of a support system, how mentorship and kindness can come in surprising ways and from surprising sources, and how to build your own authentic community. In Part Three: What You’re Going to Do About It, Jenna guides you through illustrations from her career on how to turn your deepest dream into a life that brings success, joy, and—most importantly--the time to enjoy the fruits of your labor. We all want, simply put, a life well-lived.<br /><br />So, ask yourself the question you’ve been avoiding.<br /><br />How are you, really?<br /><br />It’s time to find your answer, and start living.",https://i.gr-assets.com/images/S/compressed.photo.goodreads.com/books/1644286186l/60358561._SY475_.jpg,,,title_author,medium,[],[],[],[]
book_df1bcaf064fb6c91,The Four Agreements: A Practical Guide to Personal Freedom,Miguel Ruiz,,153.0,"Thu, 07 Jul 2022 12:39:06 -0700",1,https://i.gr-assets.com/images/S/compressed.photo.goodreads.com/books/1498854948l/35558933.jpg,,,title_author,medium,[],[],[],[]
book_ad3ea3e5d0acb641,"The Lazy Genius Way: Embrace What Matters, Ditch What Doesn't, and Get Stuff Done",Kendra Adachi,,221.0,"Mon, 27 Dec 2021 07:17:59 -0800","<b>Be productive without sacrificing peace of mind using Lazy Genius principles that help you focus on what really matters and let go of what doesn't.</b><br /><br />If you need a comprehensive strategy for a meaningful life but are tired of reading stacks of self-help books, here is an easy way that actually works. No more cobbling together life hacks and productivity strategies from dozens of authors and still feeling tired. The struggle is real, but it doesn't have to be in charge.<br /><br />With wisdom and wit, the host of <i>The Lazy Genius Podcast</i>, Kendra Adachi, shows you that it's not about doing more or doing less; it's about doing what matters to <i>you.</i> In this book, she offers fourteen principles that are both practical and purposeful, like a Swiss army knife for how to be a person. Use them in combination to ""lazy genius"" anything, from laundry and meal plans to making friends and napping without guilt. It's possible to be soulful and efficient at the same time, and this book is the blueprint.<br /><br /><i>The Lazy Genius Way</i> isn't a new list of things to do; it's a new way to see. Skip the rules about getting up at 5 a.m. and drinking more water. Let's just figure out how to be a good person who can get stuff done without turning into The Hulk. These Lazy Genius principles--such as Decide Once, Start Small, Ask the Magic Question, and more--offer a better way to approach your time, relationships, and piles of mail, no matter your personality or life stage. Be who you already are, just with a better set of tools.",https://i.gr-assets.com/images/S/compressed.photo.goodreads.com/books/1578759127l/50396242._SX318_.jpg,,,title_author,medium,[],[],[],[]
book_b0bdb38142df7c39,The Ghostwriter,A.R. Torre,,318.0,"Sun, 07 Nov 2021 07:37:14 -0800","<i>From New York Times Bestseller Alessandra Torre...</i><br />Four years ago, I lied. I stood in front of the police, my friends and family, and made up a story, my best one yet. And all of them believed me. <br /><br />I wasn't surprised. Telling stories is what made me famous. Fifteen bestsellers. Millions of fans. Fame and fortune.<br /><br />Now, I have one last story to write. It'll be my best one yet, with a jaw-dropping twist that will leave them stunned and gasping for breath.<br /><br />They say that sticks and stones will break your bones, but this story? It will be the one that kills me.",https://i.gr-assets.com/images/S/compressed.photo.goodreads.com/books/1606709784l/56095804._SY475_.jpg,,,title_author,medium,[],[],[],[]
book_45311bc5c48f171f,Find Me Alastar,T.L. Swan,,451.0,"Sun, 04 Jul 2021 12:27:43 -0700","Boredom, the root of my evil. <br /> <br />I had it all, dream job, boyfriend, stability. <br />So I did the unthinkable, I packed up and left everything that was dear to me. Set out on the journey of a lifetime and it was all going to plan until I met him. <br /> <br />Alastar O’Shea. <br /> <br />An enigmatic, artistic Irishman who had more sexual energy in his pinky finger than anything I had ever dreamed of. <br />I should have stayed away from him. <br />He was hot, toxic and the most exhilarating experience of my life. <br /> <br />Like a drug he entered my bloodstream. <br />Like a drug he brought me undone. <br />Did I meet him by chance or was it a calculated hit? <br /> <br />I did believe in fairy tales but he isn’t who I thought he was. <br />Will he find me? <br />Will it cost me my life? <br /> <br /> <br />",https://i.gr-assets.com/images/S/compressed.photo.goodreads.com/books/1477782185l/32807698._SY475_.jpg,,,title_author,medium,[],[],[],[]
book_653a7c95dc59ffde,"Mr. Spencer (Mr. Series, #2)",T.L. Swan,,572.0,"Thu, 03 Jun 2021 05:53:00 -0700","He was gorgeous, older, and had the worst reputation in all of England.<br />The way he looked at me sent shivers down my spine.<br /><br />Our first meeting was at a wedding, where he followed me outside and kissed me.<br /><br />Our second meeting ended in a huge fight with me kicking him out.<br /><br />Our third meeting, I went on a double, blind date.<br />You can imagine my surprise when I saw familiar blue eyes across the table opposite my friend.<br />Oh….no….<br /><br />He was sarcastic and witty and damn,<br />If he wasn’t the sexiest bastard I ever laid eyes on.<br /><br />Then he sent me an email listing thirty reasons<br />why I should go on a date with him.<br /><br />I was expecting a suave and intelligent list.<br />Curious, I read on.<br /><br />𝐑𝐞𝐚𝐬𝐨𝐧 𝟏 – 𝐈 𝐡𝐚𝐯𝐞 𝐰𝐡𝐢𝐭𝐞 𝐭𝐞𝐞𝐭𝐡<br />𝐑𝐞𝐚𝐬𝐨𝐧 𝟐 – 𝐈 𝐥𝐨𝐯𝐞 𝐦𝐲 𝐠𝐫𝐚𝐧𝐝𝐦𝐚<br />𝐑𝐞𝐚𝐬𝐨𝐧 𝟑 – 𝐈 𝐡𝐚𝐯𝐞 𝐚 𝐬𝐢𝐳𝐞 𝟏𝟑 𝐬𝐡𝐨𝐞 – 𝐲𝐨𝐮 𝐝𝐨 𝐭𝐡𝐞 𝐦𝐚𝐭𝐡.<br /><br />The man’s a fool, his list was some of the most ridiculous things I’ve ever read.<br />And the funniest.<br /><br />We laughed hard…and loved harder.<br /><br />You can outrun everything……except your past.<br />And his has caught up.<br /><br />Wild handsome players don’t fall for wholesome girls like me,<br />Or do they?",https://i.gr-assets.com/images/S/compressed.photo.goodreads.com/books/1550926738l/44094937._SY475_.jpg,,,title_author,medium,[],[],[],[]
book_8f17572f8654c5dc,"Mr. Masters (Mr. Series, #1)",T.L. Swan,,460.0,"Sat, 22 May 2021 11:16:16 -0700","He is powerful, older and my boss, a lethal combination. <br />Job satisfaction has taken on a whole new meaning. <br /> <br />When I lied on my resume, I didn’t expect it to matter. <br />I mean any child would love me; I was born to be a nanny. <br />I applied for a position working for a woman, or so I thought. <br />But Julian Masters is definitely all man…the kind you dream of licking chocolate from. <br /> <br />The first day was bad. <br />The kids were the spawn of the devil and I spied through a window and caught him doing something obscene…. and equally fascinating. <br /> <br />The second day was worse, he caught me snooping in his bathroom cabinet in my skimpy pyjamas and all hell broke loose. <br /> <br />On the third day, I ran over him in a golf cart. <br /> <br />And by day four I had decided that I wanted that chocolate…all of it. <br />Melted….on me. <br /> <br />But intelligent, widowed Judges don’t fall for ditzy nannies. <br />Or do they?",https://i.gr-assets.com/images/S/compressed.photo.goodreads.com/books/1527449344l/40222694._SY475_.jpg,,,title_author,medium,[],[],[],[]
book_d1197d1000cc3a4d,The Woman in the Window,A.J. Finn,,455.0,"Sun, 31 Jan 2021 18:04:34 -0800","Anna Fox lives alone, a recluse in her New York City home, unable to venture outside. She spends her day drinking wine (maybe too much), watching old movies, recalling happier times . . . and spying on her neighbors.<br /><br />Then the Russells move into the house across the way: a father, a mother and their teenage son. The perfect family. But when Anna, gazing out her window one night, sees something she shouldn’t, her world begins to crumble and its shocking secrets are laid bare.<br /><br />What is real? What is imagined? Who is in danger? Who is in control? In this diabolically gripping thriller, no one—and nothing—is what it seems.",https://i.gr-assets.com/images/S/compressed.photo.goodreads.com/books/1528225499l/40389527._SY475_.jpg,,,title_author,medium,[],[],[],[]
book_e5e58383fa41fa2e,Making Marriage Simple: Ten Relationship-Saving Truths,Harville Hendrix,,210.0,"Sun, 10 Jan 2021 00:06:28 -0800","<b>Change the relationship you have into the one you want.</b>Welcome to the Relationship Revolution! Making Marriage Simple is the accessible, essential road map to building a strong marriage in the modern world. Bestselling authors Harville Hendrix and Helen LaKelly Hunt distill into ten essential truths what they've learned about how to create a successful and satisfying relationship—both from their decades of “R&amp;D” in the marriage lab of their workshops, and from their own relationship journey.  In each chapter, Harville and Helen introduce a simple truth—such as “a frustration is a wish in disguise,”  “incompatibility is grounds for marriage,” or “conflict is growth trying to happen”—and then walk couples through easy yet effective exercises to help them apply each truth in real life, every day. Harville and Helen have spent their careers helping couples transform their marriages through research, workshops, and counseling. But marriage—even for marriage experts—is never easy, and a number of years ago they found themselves on the brink of divorce. Harville and Helen put themselves back through the exercises they’d coached so many other couples through, saving their marriage and helping them achieve a true partnership.This book is for <b>all</b> couples.  It offers the practical tools needed to transform one’s relationship into a rewarding and joyous marriage.  Written with humor, compassion, and honesty, and illustrated throughout with engaging line drawings, Making Marriage Simple is a strategic blueprint for creating a stronger, more satisfying partnership in today's world.",https://i.gr-assets.com/images/S/compressed.photo.goodreads.com/books/1388719698l/18904797.jpg,,,title_author,medium,[],[],[],[]
book_f3875c6986a801da,The Untethered Soul: The Journey Beyond Yourself,Michael A. Singer,,183.0,"Wed, 30 Dec 2020 21:24:35 -0800","What would it be like to free yourself from limitations and soar beyond your boundaries? What can you do each day to discover inner peace and serenity? <i>The Untethered Soul</i> offers simple yet profound answers to these questions.<br /><br />Whether this is your first exploration of inner space, or you’ve devoted your life to the inward journey, this book will transform your relationship with yourself and the world around you. You’ll discover what you can do to put an end to the habitual thoughts and emotions that limit your consciousness. By tapping into traditions of meditation and mindfulness, author and spiritual teacher Michael A. Singer shows how the development of consciousness can enable us all to dwell in the present moment and let go of painful thoughts and memories that keep us from achieving happiness and self-realization.<br /><br />Copublished with the Institute of Noetic Sciences (IONS) <i>The Untethered Soul</i> begins by walking you through your relationship with your thoughts and emotions, helping you uncover the source and fluctuations of your inner energy. It then delves into what you can do to free yourself from the habitual thoughts, emotions, and energy patterns that limit your consciousness. Finally, with perfect clarity, this book opens the door to a life lived in the freedom of your innermost being.",https://i.gr-assets.com/images/S/compressed.photo.goodreads.com/books/1354898395l/1963638.jpg,,,title_author,medium,[],[],[],[]
book_1d458c6948f18288,"Playing to Win (Gridiron, #1)",Maci Monroe,,64.0,"Wed, 24 Jun 2020 09:21:31 -0700","<i>Mr Perfect. Blake Wilkins</i><p></p><p>Quarterback at Iowa State. Projected 1st round draft pick by New England. Captain of the Cyclones. English major and all around good guy. He could have his pick of any of the smokin’ hot babes on campus. </p><p></p><p>
  <i>Chem Geek. Katelyn French</i>
</p><p></p><p> Her idea of fun was blowing up chemical reactions to cure cancer. Beat Alzheimer’s. Kick Superman’s ass. Football was not her thing until she met Blake. </p><p></p><p>
  <i>An unlikely couple</i>
</p><p></p><p> Pulled in different directions as college life comes to a close. Katelyn heading off to Stanford. Blake awaiting the NFL draft. Could they make a long distance romance work? </p><p></p><p>
  <i>Sex. Love. Jealousy.</i>
</p><p></p><p> Can their love withstand the jealousy and threats that surround them? </p><p></p><p>The Gridiron Series. </p><p></p><p>This is Book One in a five part Gridiron Series. Sexual content. 18+</p><p></p><p>Scroll up and grab a copy today</p>",https://i.gr-assets.com/images/S/compressed.photo.goodreads.com/books/1446081904l/27384938._SY475_.jpg,,,title_author,medium,[],[],[],[]
book_4988638eb1cdc64c,"Redemption Lake (A Winston Radhauser Mystery, #1)",Susan Clayton-Goldner,,306.0,"Wed, 10 Jun 2020 19:06:14 -0700","Tucson, Arizona – Eighteen-year-old Matt Garrison is harboring two terrible secrets: his involvement in the drowning death of his 12-year-old cousin, and a night of drunken sex with his best friend’s mother, Crystal, whom he finds dead in a bathtub of blood. Guilt forces Matt to act on impulse and hide his involvement with Crystal.<br /><br />Detective Winston Radhauser knows Matt is hiding something. But as the investigation progresses, Radhauser’s attention is focused on Matt’s father. Matt’s world closes in when his father is arrested for Crystal’s murder, and Travis breaks off their friendship.<br /><br />Despite his father’s guilty plea, Matt knows his dad is innocent and only trying to protect his son. Devastated and bent on self-destruction, Matt heads for the lake where his cousin died—the only place he believes can truly free him. Are some secrets better left buried?",https://i.gr-assets.com/images/S/compressed.photo.goodreads.com/books/1492293466l/34863920._SY475_.jpg,,,title_author,medium,[],[],[],[]
book_230868b59796b3d5,The Last Time I Lied,Riley Sager,,402.0,"Sun, 07 Jun 2020 09:15:23 -0700","Fifteen years ago, summer camper Emma Davis watched sleepily as her three cabin mates snuck out of their cabin in the dead of night. The last she--and anyone--saw of them was Vivian closing the cabin door behind her, hushing Emma with a finger pressed to her lips.<br /><br />Now a rising star in the NYC art scene, Emma turns her past into paintings.. They catch the attention of Francesca Harris-White, the socialite and wealthy owner of the very same Camp Nightingale--and when Francesca implores Emma to return to the camp as a painting counselor, Emma sees an opportunity to find closure and move on.<br /><br />Yet, it is immediately clear that all is not right at Camp Nightingale. Already haunted by surfacing memories, Emma is suddenly plagued by a security camera pointed directly at her cabin, mounting mistrust from Francesca, and, most disturbing of all, cryptic clues Vivian apparently left behind about the camp's twisted origins. And as history begins to repeat itself and three girls go missing again, Emma must face threats from both man and nature in order to uncover all the buried secrets--including what really happened all those years ago.",https://i.gr-assets.com/images/S/compressed.photo.goodreads.com/books/1511141004l/36626748._SY475_.jpg,,,title_author,medium,[],[],[],[]
book_b4d00d9687991afa,Zip It: The Keep It Shut 40-Day Challenge,Karen Ehman,,249.0,"Tue, 28 Apr 2020 22:37:07 -0700","This follow-up devotional to the New York Times bestseller Keep It Shut takes a deeper look at the advice and commands of Scripture concerning the tongue, offering practical how-to's that will inspire you to use your words to build, bless, encourage, and praise.<br /><br />Each day we speak thousands of words in dozens of places. One thing is certain about the words we speak, type, and they are powerful, and they have consequences. They can impart love and life or deliver discouragement and defeat.<br /><br />No wonder Scripture contains more than 3,500 verses about the power of the tongue. This devotional will take you on a journey over the next forty days to learn to choose and use your words wisely--saving you a boatload of regret and wounded relationships.<br /><br />Each of the forty interactive entries includes a Scripture-verse focus for the day, a story or teaching point, and reflection questions. Each entry ends with both an action that will help you carry out the directive in the verse and a prayer prompt. The entries in Zip It build upon each other, equipping you with new tools for how--or how not--to use your words.<br /><br />Ultimately, Zip It will challenge you to use your mouth with godly purposes. To build . . . not to break. To bless . . . not to badger. To encourage . . . not to embitter. To praise . . . not to pounce.",https://i.gr-assets.com/images/S/compressed.photo.goodreads.com/books/1479675563l/33020163._SX318_.jpg,,,title_author,medium,[],[],[],[]
book_43a2cd51f4d9df51,"The 21-Day Self-Love Challenge: Learn How to Love Yourself Unconditionally, Cultivate Self-Worth, Self-Compassion and Confidence (21-Day Challenges Book 6)",21 Day Challenges,,,"Thu, 26 Mar 2020 08:42:24 -0700","<p>Are you tired of being shy and uncertain about yourself? Tired of negative self-talk that makes you feel bad and stops you from living your life to the fullest?</p><p>Are you ready to learn how to truly love and accept yourself as the perfectly imperfect person you are now?</p><p>Most people nowadays suffer from low self-esteem. And of course we do! We live in a world where we call people who love themselves arrogant, where we encourage children to compete with one another in school, and where we immerse ourselves daily in media of all the millions of things we have to do before we are considered adequately lovable.</p><p>Low self-esteem, low confidence, self-doubt, self-hatred, shyness, guilt, shame, soul-crushing depression - call it whatever you want, the idea is the same: You, the person whose opinion should matter to you the most, don't accept yourself.</p><p><em>The 21-Day Self-Love Challenge</em> will help you to:</p> 
   Develop self-love and acceptance in an easy step-by-step way 
   Realize the importance of taking good care of yourself and your body, and how to bring this in practice 
   Let go of self-talk, behaviors, things, and people that do not serve you 
   Understand why most self-love books you've heard before didn't work 
   Develop new habits that will significantly boost your feelings of self-love on a daily basis 
   And much more!",https://i.gr-assets.com/images/S/compressed.photo.goodreads.com/books/1545924094l/43372739._SY475_.jpg,,,title_author,medium,[],[],[],[]
book_0152b8425ff0f80d,"Dead End Girl (Violet Darger, #1)",L.T. Vargus,,495.0,"Sun, 19 Jan 2020 16:11:24 -0800","Her body is broken. Wrapped in plastic. Dumped on the side of the road. She is the first. There will be more.<br /><br />The serial killer thriller that ""refuses to let go until you've read the last sentence.""<br /><br />The most recent body was discovered in the grease dumpster behind a Burger King. Dismembered. Shoved into two garbage bags and lowered into the murky oil.<br /><br />Now rookie agent Violet Darger gets the most important assignment of her career. She travels to the Midwest to face a killer unlike anything she's seen. Aggressive. Territorial. Deranged and driven.<br /><br />Another mutilated corpse was found next to a roller rink. A third in the gutter in a residential neighborhood.<br /><br />These bold displays of violence shock the rural community and rattle local law enforcement. <br /><br />Who could carry out such brutality? And why?<br /><br />Unfortunately for Agent Darger, there's little physical evidence to work with, and the only witnesses prove to be unreliable. The case seems hopeless.<br /><br />If she fails, more will die. He will kill again and again.<br /><br />The victims harbor dark secrets. The clues twist and writhe and refuse to keep still. And the killer watches the investigation on the nightly news, gleeful to relive the violence, knowing that he can't be stopped.<br /><br />A page-turning thriller packed with heart-stopping suspense. Fans of John Sandford, Jeffery Deaver, Karin Slaughter, and Lisa Gardner should get to know Violet Darger.",https://i.gr-assets.com/images/S/compressed.photo.goodreads.com/books/1491613880l/34820588._SY475_.jpg,,,title_author,medium,[],[],[],[]
book_01d42e96f67be109,Just like Grey (The Complete Collection ONE) (Billionaire Romance #1),J.S. Cooke,,1468.0,"Mon, 02 Sep 2019 10:08:39 -0700","Whether you loved or hated 50 Shades of Grey you will LOVE this story! <br />Sexy Billionaire Music Mogul Axel Maxwell has it all AND an obsession.  <br />He wants to be Just Like Grey... Christian Grey - since reading the book. <br />He knows what he wants and he ALWAYS Gets What he Wants, and his new secretary Holly Acosta is exactly what he desires.  <br />Holly is satisfied to have a good job but she's about to discover what she really wants is so much more. <br />A Funny, Quirky, Romantic Comedy that you will love and laugh reading. <br />This boxed set also includes the “Secrets and Lies - Complete Collection”",https://i.gr-assets.com/images/S/compressed.photo.goodreads.com/books/1443071798l/26807144._SX318_.jpg,,,title_author,medium,[],[],[],[]
book_d2907cd524361566,"A Child Called ""It"" (Dave Pelzer, #1)",Dave Pelzer,,184.0,"Tue, 02 Jul 2019 19:03:05 -0700","<i>Also see: Alternate Cover Editions for this ISBN [ACE] </i> <br /><b>
  <a href=""https://www.goodreads.com/book/show/25862303"" rel=""nofollow noopener"">ACE #1</a>
</b><br /><br />This book chronicles the unforgettable account of one of the most severe child abuse cases in California history. It is the story of Dave Pelzer, who was brutally beaten and starved by his emotionally unstable, alcoholic mother: a mother who played tortuous, unpredictable games—games that left him nearly dead. He had to learn how to play his mother's games in order to survive because she no longer considered him a son, but a slave; and no longer a boy, but an ""it."" Dave's bed was an old army cot in the basement, and his clothes were torn and raunchy. When his mother allowed him the luxury of food, it was nothing more than spoiled scraps that even the dogs refused to eat. The outside world knew nothing of his living nightmare. He had nothing or no one to turn to, but his dreams kept him alive—dreams of someone taking care of him, loving him and calling him their son.",https://i.gr-assets.com/images/S/compressed.photo.goodreads.com/books/1438400434l/60748._SY475_.jpg,,,title_author,medium,[],[],[],[]
book_8aba30b727ebbaf3,"Stay (Bleeding Stars, #5)",A.L. Jackson,,,"Thu, 27 Sep 2018 09:00:34 -0700","<b>From NYT &amp; USA Today Bestselling Author A.L. Jackson comes the next sexy, gripping Bleeding Stars Stand-Alone Novel…</b><br /><br />I’m Ash Evans.<br />The life of the party.<br />Hot. Rich. Charismatic.<br />A tattooed rock star with the world at my feet.<br />I burn through women faster than the strike of a match.<br /><br />I’ve embraced my lifestyle and live it to the fullest.<br />Until the day my lifestyle caught up to me.<br /><br />Willow Langston found me at my lowest.<br />Literally.<br />Facedown in a puddle of my own blood.<br /><br />I owe her my life and I have three months to repay that debt.<br />What I never should have done was touch her. Kiss her. Take her to my bed.<br /><br />Love wasn’t supposed to be a part of the equation.<br />I gave up that nasty complication a long damned time ago.<br />Now I want her more than my next breath.<br />But she doesn’t know what I know.<br /><br />Do I leave to protect her? Or can I face my demons and ask her to Stay?",https://i.gr-assets.com/images/S/compressed.photo.goodreads.com/books/1483637156l/26124443._SY475_.jpg,,,title_author,medium,[],[],[],[]
book_cb146614bdb01b48,"Scorched (Surrender, #4)",Melody Anne,,325.0,"Wed, 28 Feb 2018 21:28:10 -0800","Read the final book in the NYT Bestselling series: Surrender Scorched - Book Four Has Rachel been taken against her will by the powerful King Adriano, known to her as Ian? You will find out in the beginning of a story filled with romance, lust, conflict and heat. The king recently ascended the throne of Corythia, and his brother, Gianni, is out for revenge, for what he feels is rightfully his, a kingdom he once renounced. Meanwhile, Rachel is pregnant and determined not to fall for the handsome king's plot to get her to the altar. Shane has left on a mission for his special-operations team, and Lia is heartbroken that once again, the man she loves has lied to her. Do they have a chance of reconciliation, or has their story ended? Will Rafe and Ari finally become man and wife? Rafe proposed to Ari in Seduced, and she gave him an emphatic yes, but their wedding was cancelled when Rachel went missing. Will fate succeed in its desperate attempt to keep the couple apart? See the conclusion of these three strong women's stories, and learn what choices they make. Is love enough when the odds are stacked against them?",https://i.gr-assets.com/images/S/compressed.photo.goodreads.com/books/1378177416l/18449070.jpg,,,title_author,medium,[],[],[],[]
book_cce6022177b286f7,"Seduced (Surrender, #3)",Melody Anne,,325.0,"Sun, 25 Feb 2018 20:36:17 -0800","At the end of Submit, Arianna Harlow had enough pride in herself to walk away from Rafe Palazzo, who had started their relationship using blackmail. Though she’d fallen in love with him, she was strong enough to say goodbye. We saw the softer side of Rafe, especially toward the end, but it was too late…<br /><br />Or was it?<br /><br />Seduced begins almost two years after Ari starts her new life. She is teaching at a community college, and when she asks the class whether they have any questions for her, Rafe is there and has only one: Will you go on a date with me?<br /><br />What is Ari’s answer? You’ll find out in the third installment of Melody Anne’s New York Times best-selling series, Surrender.<br /><br />Along with Ari’s story, we will see what happens when Shane and Lia become trapped together on an island when a tropical storm hits, and how the sparks will fly again.<br /><br />And we can’t forget about Rachel Palazzo, who isn’t looking for love, but finds it in a shocking way.<br /><br />This story continues the lives of Ari, Lia and Rachel. These three women are resilient, determined, and worth loving. The question is, whether the men in their lives strong enough to keep them.",https://i.gr-assets.com/images/S/compressed.photo.goodreads.com/books/1384804338l/18668269.jpg,,,title_author,medium,[],[],[],[]
book_fd6b777973e5b65f,Eye of the Storm (Hart and Drake #4),C.J. Lyons,,213.0,"Sun, 12 Nov 2017 22:12:24 -0800","After all that they’ve been through, no one would deny that Hart and Drake deserve a happily-ever-after life together. <br /> <br />But, on the eve of their Christmas wedding, a threat long buried returns to threaten them. Not just their happiness, not only their lives, but everything they hold dear. <br /> <br />Separated and desperate to save each other, untangling a knot of mystery dating back to Hart’s Gram Rosa’s fight against the Nazis, and facing an enemy unlike any they’ve encountered before, both must search their hearts to find the strength to survive. <br /> <br />Meet the ER doctor who never quits…and the detective who will never give up on the love they share. <br /> <br />An unforgettable finale for an unforgettable couple who prove that two wounded souls have the power to save each other. <br /> <br /><b>New to Hart &amp; Drake? Their story begins in NERVES OF STEEL, the USA Today bestseller Sandra Brown called “the perfect blend of suspense and romance.”</b> <br /> <br />Want to be the first to know when CJ has a new book out or a special readers’ offer? Text: “Follow CJLyonsReaders” (without the quotes) to 40404 <br /> <br /><b>Praise for CJ Lyons and her bestselling Thrillers with Heart:</b> <br />“Everything a great thriller should be—action packed, authentic, and intense.” —#1 New York Times bestselling author Lee Child <br /> <br />“Compelling…I love how the characters come alive on every page.” —New York Times bestselling author Jeffery Deaver <br /> <br />“A pulse-pounding adrenaline rush.”—Lisa Gardner, New York Times bestselling author <br /> <br />“The perfect blend of romance and suspense. My kind of read.”—Sandra Brown, #1 New York Times bestselling author <br /> <br />“A high-stakes adventure with dire consequences.”—Steve Berry, New York Times bestselling author <br /> <br />“Packed with adrenaline.”—David Morrell, New York Times bestselling author <br /> <br />“Tense, whip-smart medical scenes … gripping.”—Tess Gerritson, New York Times bestselling author <br /> <br />“Harrowing, emotional, action-packed and brilliantly realized … an irresistible read.”—Susan Wiggs, New York Times bestselling author <br /> <br />“Exciting … engrossing, intriguing.”—Heather Graham, New York Times bestselling author <br /> <br />“An adrenaline rush and an all-around great read.”—Allison Brennan, New York Times bestselling author <br /> <br />“Breathtakingly fast-paced.”—Publishers Weekly <br /> <br />""Delves deep into the human soul."" ~RT Book Reviews",https://i.gr-assets.com/images/S/compressed.photo.goodreads.com/books/1422038177l/23627077.jpg,,,title_author,medium,[],[],[],[]
book_37cd66ed055a7f47,"Nerves of Steel (Hart and Drake, #1)",C.J. Lyons,,470.0,"Sun, 12 Nov 2017 22:11:48 -0800","Dr. Cassandra Hart is fighting a war. And losing. A deadly drug epidemic, a killer stalking her hospital…meet the ER doctor who never gives up.<br /><br />Cassie’s Pittsburgh ER has been deluged by young patients who have overdosed on a new drug, FX. After Cassie discovers that the source of the FX on the streets is her own hospital, her best friend is killed, and Cassie’s life is threatened. She is forced to place her trust in Detective Mickey Drake.<br /><br />Drake’s irascible charm eventually penetrates the barriers Cassie has built around herself, and their relationship progresses from professional to passionate. After Cassie discovers the truth behind the thefts, she and Drake must confront a killer. In the end, their only weapons are their new-found love and the courage it gives them.<br /><br />Written by a pediatric ER physician, NERVES OF STEEL combines gritty realism with the adrenalin rush of the ER. New York Times Bestseller CJ Lyons uses her insider’s knowledge of life behind the scenes to reveal the hidden truth of the medical world: No one is immune to danger.",https://i.gr-assets.com/images/S/compressed.photo.goodreads.com/books/1328304661l/8136487.jpg,,,title_author,medium,[],[],[],[]
book_d371bceea5def4d9,"All for This (Here and Now, #3)",Lexi Ryan,,,"Tue, 09 May 2017 10:54:02 -0700","What if you would never remember the day you made the most important decision of your life?<br /><br />That’s what they’re telling me about the day of my accident — the day I put on Max’s ring and chose him over Nate. I’m counting on the wisdom behind a decision I don’t remember making.<br /><br />Max is amazing — sexy, sweet, and kind. I was starting to believe happily-ever-after might be in my future after all. Then the unthinkable happened and my world imploded. If I’m going to make this work with Max, I need my missing memories, or at least answers from about those five days before my accident.<br /><br />But what does my future hold if those answers aren’t anything like I imagined?",https://i.gr-assets.com/images/S/compressed.photo.goodreads.com/books/1475979833l/32503086._SY475_.jpg,,,title_author,medium,[],[],[],[]
book_26502e77d14e7e2e,"Off Limits (Off, #2)",Sawyer Bennett,,224.0,"Fri, 01 Nov 2013 18:02:14 -0700","“There is a vulnerability there, hovering just below the surface. And I want to pick at it until I expose it. Then I want to kiss it."" <br /><br />Two years ago, Emily Burnham had an epiphany about the shallowness of her life. And she made it her mission to become a different person…a better woman. Out from under the controlling thumb of her mother, Emily is tasting the real world for the first time. And she likes it.<br /><br />Nixon Caldwell has served his time in the Marine Corps, surviving two brutal tours in Afghanistan. He is back home, surrounded by what he likes best…isolation. It's certainly the best way to avoid confrontation of the consuming guilt that is weighing him down.<br /><br />When an accident brings Emily and Nix together, he soon learns he is not the master of his own fate. Struggling with his own pain, Nix tries to guard himself against Emily’s charms. He wants her in his bed, but he doesn’t want her in his heart. <br /><br />Having grabbed life by the horns, Emily wants it all. But is she willing to accept just the small part of himself that Nix is offering? Can she reach the part of his soul that he has deemed to be Off Limits?",https://i.gr-assets.com/images/S/compressed.photo.goodreads.com/books/1365050639l/17607787.jpg,,,title_author,medium,[],[],[],[]
