source_embedding_row,target_embedding_row,similarity,source_book_id,source_title,source_author,target_book_id,target_title,target_author
0,997,0.74035704,book_41a8258e3828bdce,"House of Earth and Blood (Crescent City, #1)",Sarah J. Maas,book_cde5c83c2a3c95f3,"House of Flame and Shadow (Crescent City, #3)",Sarah J. Maas
1,4,0.60274255,book_0e6b9c5b22406186,Nettle & Bone,T. Kingfisher,book_9ba69a443c7383a4,"The Knave and the Moon (The Stonewater Kingdom, #2)",Rachel Gillig
2,626,0.61554307,book_9425f40f3ed52a0d,"Insatiable (The Edge of Darkness, #1)",Leigh Rivers,book_7972f2b30cec2ac0,A Flicker in the Dark,Stacy Willingham
2,128,0.6148293,book_9425f40f3ed52a0d,"Insatiable (The Edge of Darkness, #1)",Leigh Rivers,book_6ad2d658c8c96c8d,"Caught Up (Into Darkness, #2)",Navessa Allen
2,2726,0.6117005,book_9425f40f3ed52a0d,"Insatiable (The Edge of Darkness, #1)",Leigh Rivers,book_2535a957e3291d41,The Night of Many Endings,Melissa Payne
2,122,0.60724115,book_9425f40f3ed52a0d,"Insatiable (The Edge of Darkness, #1)",Leigh Rivers,book_d423bf6007e061df,"Marked by Masks and Secrets (Everlasting Possession, #1)",Maggie Sunseri
2,3027,0.60052943,book_9425f40f3ed52a0d,"Insatiable (The Edge of Darkness, #1)",Leigh Rivers,book_675ed817bca562a9,"The Truth About Him (Everything I Left Unsaid, #2)",M. O'Keefe
3,27,0.6658224,book_4b06783b0dc84876,"Burn of the Everflame (Kindred's Curse, #4)",Penn Cole,book_298d4b8d70daf3a1,"Spark of the Everflame (Kindred's Curse, #1)",Penn Cole
3,20,0.6504338,book_4b06783b0dc84876,"Burn of the Everflame (Kindred's Curse, #4)",Penn Cole,book_a7767e1adf07d916,"Heat of the Everflame (Kindred's Curse, #3)",Penn Cole
3,19,0.6251499,book_4b06783b0dc84876,"Burn of the Everflame (Kindred's Curse, #4)",Penn Cole,book_67d53299feaeb106,"Glow of the Everflame (Kindred's Curse, #2)",Penn Cole
4,14,0.70979273,book_9ba69a443c7383a4,"The Knave and the Moon (The Stonewater Kingdom, #2)",Rachel Gillig,book_f7cc03d4fc683c55,"The Knight and the Moth (The Stonewater Kingdom, #1)",Rachel Gillig
4,92,0.6110496,book_9ba69a443c7383a4,"The Knave and the Moon (The Stonewater Kingdom, #2)",Rachel Gillig,book_72a1ed24c8435d32,"When the Moon Hatched (Moonfall, #1)",Sarah A. Parker
5,2168,0.6603488,book_1a7081a7b1ddbdf6,"Kill for Me, Kill for You",Steve Cavanagh,book_01e051cbac545caa,If Books Could Kill,Kate Eberle
5,2243,0.61154824,book_1a7081a7b1ddbdf6,"Kill for Me, Kill for You",Steve Cavanagh,book_70b8f66db57290d3,You Girls Play Nice,K.D. Aldyn
6,627,0.8094938,book_220c6dbf3c162961,"A Touch of Darkness (Hades & Persephone, #1)",Scarlett St. Clair,book_ac8f7fec642d6e3f,"Lore Olympus: Volume Three (Lore Olympus, #3)",Rachel Smythe
6,1319,0.7931403,book_220c6dbf3c162961,"A Touch of Darkness (Hades & Persephone, #1)",Scarlett St. Clair,book_b2f30d357bd91ac8,Hot as Hades,Alisha Rai
6,1247,0.79089403,book_220c6dbf3c162961,"A Touch of Darkness (Hades & Persephone, #1)",Scarlett St. Clair,book_ff08df7b422e7774,"A Game of Retribution (Hades Saga, #2)",Scarlett St. Clair
6,964,0.7833295,book_220c6dbf3c162961,"A Touch of Darkness (Hades & Persephone, #1)",Scarlett St. Clair,book_7e6133b08aad1d5d,"Neon Gods (Dark Olympus, #1)",Katee Robert
6,614,0.7736664,book_220c6dbf3c162961,"A Touch of Darkness (Hades & Persephone, #1)",Scarlett St. Clair,book_8f709f59347d4b61,"Lore Olympus: Volume Five (Lore Olympus, #5)",Rachel Smythe
6,605,0.7584073,book_220c6dbf3c162961,"A Touch of Darkness (Hades & Persephone, #1)",Scarlett St. Clair,book_776254f2452f2b34,"Lore Olympus: Volume Six (Lore Olympus, #6)",Rachel Smythe
6,3298,0.7324863,book_220c6dbf3c162961,"A Touch of Darkness (Hades & Persephone, #1)",Scarlett St. Clair,book_89fcb89b164a3f25,Demons of the Sun,Cindi Madsen
6,624,0.73032755,book_220c6dbf3c162961,"A Touch of Darkness (Hades & Persephone, #1)",Scarlett St. Clair,book_25bc6899a7f004dc,"Lore Olympus: Volume Four (Lore Olympus, #4)",Rachel Smythe
6,639,0.71369517,book_220c6dbf3c162961,"A Touch of Darkness (Hades & Persephone, #1)",Scarlett St. Clair,book_608f61f97ccbd03f,"Lore Olympus: Volume One (Lore Olympus, #1)",Rachel Smythe
6,640,0.6657645,book_220c6dbf3c162961,"A Touch of Darkness (Hades & Persephone, #1)",Scarlett St. Clair,book_3e99da4f55b54487,"Lore Olympus: Volume Two (Lore Olympus, #2)",Rachel Smythe
6,601,0.63940346,book_220c6dbf3c162961,"A Touch of Darkness (Hades & Persephone, #1)",Scarlett St. Clair,book_3dfcb144d6eb58dd,"Lore Olympus: Volume Seven (Lore Olympus, #7)",Rachel Smythe
6,199,0.63667125,book_220c6dbf3c162961,"A Touch of Darkness (Hades & Persephone, #1)",Scarlett St. Clair,book_c5244cb08c811908,"Hekate - The Witch (Goddesses of the Underworld, #1)",Nikita Gill
6,196,0.6182514,book_220c6dbf3c162961,"A Touch of Darkness (Hades & Persephone, #1)",Scarlett St. Clair,book_1435f6dccccd2c5e,The Shadow of Perseus,Claire Heywood
7,225,0.6029736,book_c33ec4db42f2af1b,"Royal Hunt (Royal Fae, #1)",Raven Storm,book_08ca8d05f74d3a3d,"House of Beating Wings (The Kingdom of Crows, #1)",Olivia Wildenstein
9,182,0.7601186,book_ca5c4a4fd8bc3895,"Vasmora (The Eating Woods, #3)",Keri Lake,book_b6211d915da6d6d8,"Eldritch (The Eating Woods, #2)",Keri Lake
9,141,0.69626254,book_ca5c4a4fd8bc3895,"Vasmora (The Eating Woods, #3)",Keri Lake,book_0d297a7510cce2ab,"Anathema (The Eating Woods, #1)",Keri Lake
9,79,0.6267751,book_ca5c4a4fd8bc3895,"Vasmora (The Eating Woods, #3)",Keri Lake,book_db91a09cc9ae6ccc,"A Curse of Stars and Storms (The Choosing Chronicles, #3)",Elayna R. Gallea
10,16,0.61336803,book_08edf7c3c2cfa011,"The Queen's Blade (The Broken Blade, #1)",Evelyn Ward,book_90f4824e2b24783c,"Her Majesty's Royal Coven (Her Majesty's Royal Coven, #1)",Juno Dawson
12,646,0.63343394,book_cf59f0d729dc577c,"Tithe (Modern Faerie Tales, #1)",Holly Black,book_d00bf154c17dabab,The Legend Begins,Isobelle Carmody
12,142,0.6006955,book_cf59f0d729dc577c,"Tithe (Modern Faerie Tales, #1)",Holly Black,book_0c5332017a5ef7ef,"A Court of Thorns and Roses (A Court of Thorns and Roses, #1)",Sarah J. Maas
12,105,0.6003566,book_cf59f0d729dc577c,"Tithe (Modern Faerie Tales, #1)",Holly Black,book_ce21a668fb994a22,End of the Forest (Fae and Shadow #1),Zora Fox
12,1702,0.600065,book_cf59f0d729dc577c,"Tithe (Modern Faerie Tales, #1)",Holly Black,book_851a66772a96cb7f,Where We Go at Night,Ikwo Ntekim
13,2968,0.6502043,book_6f6be0f5c759c646,The September House,Carissa Orlando,book_547b04f2aee0a93b,Home Before Dark,Riley Sager
13,1614,0.60438794,book_6f6be0f5c759c646,The September House,Carissa Orlando,book_547a7abefe611fa7,The Sisters of Crimson House,Melissa Anderson Sweazy
14,2223,0.6320698,book_f7cc03d4fc683c55,"The Knight and the Moth (The Stonewater Kingdom, #1)",Rachel Gillig,book_f40fadff8540702a,Knight of the God King,Lauren Blackwood
19,20,0.7926196,book_67d53299feaeb106,"Glow of the Everflame (Kindred's Curse, #2)",Penn Cole,book_a7767e1adf07d916,"Heat of the Everflame (Kindred's Curse, #3)",Penn Cole
19,27,0.76255345,book_67d53299feaeb106,"Glow of the Everflame (Kindred's Curse, #2)",Penn Cole,book_298d4b8d70daf3a1,"Spark of the Everflame (Kindred's Curse, #1)",Penn Cole
19,2132,0.60467595,book_67d53299feaeb106,"Glow of the Everflame (Kindred's Curse, #2)",Penn Cole,book_cab6680dbc2115b4,Death Meets Cute,J. Penner
20,27,0.7896446,book_a7767e1adf07d916,"Heat of the Everflame (Kindred's Curse, #3)",Penn Cole,book_298d4b8d70daf3a1,"Spark of the Everflame (Kindred's Curse, #1)",Penn Cole
21,2450,0.6020144,book_4df37b1bdce2e151,The Five-Star Weekend,Elin Hilderbrand,book_6246954c7a37371f,Summer Fridays,Suzanne Rindell
22,2168,0.6093938,book_b46bfd143e982f62,The One That Got Away,Simon Wood,book_01e051cbac545caa,If Books Could Kill,Kate Eberle
25,26,0.7672867,book_d9be51a80aac9769,"King of Flesh & Bone (The Pale Court, #1)",Liv Zander,book_facbb33c3a110022,"Queen of Rot & Pain (The Pale Court, #2)",Liv Zander
25,76,0.607055,book_d9be51a80aac9769,"King of Flesh & Bone (The Pale Court, #1)",Liv Zander,book_a79db0c0411f5859,"Crown Me Yours (Heartstring Duet, #2)",Liv Zander
27,132,0.60990536,book_298d4b8d70daf3a1,"Spark of the Everflame (Kindred's Curse, #1)",Penn Cole,book_c755289b79be6865,"Rose in Chains (The Evermore Trilogy, #1)",Julie Soto
28,31,0.78419775,book_fd5bc50874463491,"Golden Son (Red Rising Saga, #2)",Pierce Brown,book_9a6e3f97384a91ca,"Red Rising (Red Rising Saga, #1)",Pierce Brown
30,56,0.77023053,book_c296d401243db765,"Carl's Doomsday Scenario (Dungeon Crawler Carl, #2)",Matt Dinniman,book_d8cf3f4d55577bff,"Dungeon Crawler Carl (Dungeon Crawler Carl, #1)",Matt Dinniman
31,2457,0.6076271,book_9a6e3f97384a91ca,"Red Rising (Red Rising Saga, #1)",Pierce Brown,book_a6f2e51e4936979c,"Red Queen (Red Queen, #1)",Victoria Aveyard
35,49,0.63720715,book_80e8c1db6da5ebbd,"Leather & Lark (Ruinous Love, #2)",Brynne Weaver,book_7224837f12d1492e,"Butcher & Blackbird (The Ruinous Love Trilogy, #1)",Brynne Weaver
36,46,0.7176794,book_255a1d3e00479766,"The Housemaid is Watching (The Housemaid, #3)",Freida McFadden,book_46736ead33d8d980,"The Housemaid (The Housemaid, #1)",Freida McFadden
36,2276,0.6192874,book_255a1d3e00479766,"The Housemaid is Watching (The Housemaid, #3)",Freida McFadden,book_9693de12e3315294,Dear Debbie,Freida McFadden
37,2647,0.6290791,book_b5f311e829de6747,"The Christmas Tree Farm (Dream Harbor, #3)",Laurie Gilmore,book_fcefba4f3f4ef78f,"Bright Lights, Big Christmas",Mary Kay Andrews
37,880,0.6199521,book_b5f311e829de6747,"The Christmas Tree Farm (Dream Harbor, #3)",Laurie Gilmore,book_cba963a1168220da,"Lovelight Farms (Lovelight, #1)",B.K. Borison
37,425,0.60657936,book_b5f311e829de6747,"The Christmas Tree Farm (Dream Harbor, #3)",Laurie Gilmore,book_f902fec5672cd5bf,"Starlight Christmas (Saddle Club, #13)",Bonnie Bryant
37,1809,0.60445076,book_b5f311e829de6747,"The Christmas Tree Farm (Dream Harbor, #3)",Laurie Gilmore,book_387921e4718a1f82,"Santa Maybe (The Holliday Girls, 2)",Hazel Henry
40,46,0.6169181,book_265354e89b986aeb,"The Housemaid's Wedding (The Housemaid, #2.5)",Freida McFadden,book_46736ead33d8d980,"The Housemaid (The Housemaid, #1)",Freida McFadden
42,168,0.6089823,book_03a0bf98fe8633bf,And So The Breaking Begins (Mindbreaker Duet #1; An Age of War and Prophecy #3),Lacey Lehotzky,book_a182ab6c4b0fc5df,"Slaying the Vampire Conqueror (Crowns of Nyaxia, #2.5)",Carissa Broadbent
43,2248,0.6003219,book_b52ee3a0dc9985c2,"Nightshade (Nightshade, #1)",Keri Lake,book_829af2ae52b90aaa,"Brighter Than Nine (Darker by Four, #2)",June C.L. Tan
44,158,0.71354616,book_ed64709bdc8c63d0,Horns of Wicked Ebony (Deathcaller Duet #2; An Age of War and Prophecy #2),Lacey Lehotzky,book_8ac4a57d2ae9dfca,"Eyes of Devious Burgundy (Deathcaller Duet, #1; An Age of War and Prophecy #1)",Lacey Lehotzky
44,149,0.6026932,book_ed64709bdc8c63d0,Horns of Wicked Ebony (Deathcaller Duet #2; An Age of War and Prophecy #2),Lacey Lehotzky,book_9e37408b82798f63,"The Wolf and the Crown of Blood (The Broken Accords, #1)",Elizabeth May
46,47,0.65446794,book_46736ead33d8d980,"The Housemaid (The Housemaid, #1)",Freida McFadden,book_8af02659a8dbce5d,"The Housemaid's Secret (The Housemaid, #2)",Freida McFadden
46,2277,0.6396302,book_46736ead33d8d980,"The Housemaid (The Housemaid, #1)",Freida McFadden,book_3492c01e2832e41f,The Housewife,Natalie Barelli
46,2276,0.62949765,book_46736ead33d8d980,"The Housemaid (The Housemaid, #1)",Freida McFadden,book_9693de12e3315294,Dear Debbie,Freida McFadden
46,1730,0.6262747,book_46736ead33d8d980,"The Housemaid (The Housemaid, #1)",Freida McFadden,book_a5ffb1a34b6a292f,Yesteryear,Caro Claire Burke
46,1881,0.6177689,book_46736ead33d8d980,"The Housemaid (The Housemaid, #1)",Freida McFadden,book_adfc9a4e32eb15df,Trad Wife,Sarah Langan
46,2656,0.61586845,book_46736ead33d8d980,"The Housemaid (The Housemaid, #1)",Freida McFadden,book_4e96b3a2c3164154,The Maid's Diary,Loreth Anne White
46,1705,0.6003374,book_46736ead33d8d980,"The Housemaid (The Housemaid, #1)",Freida McFadden,book_f5947a784ae514ed,They Say a Girl Died Here,Sarah Pinborough
48,183,0.65917087,book_9549d11ab01e88d8,"Haunting Adeline (Cat and Mouse, #1)",H.D. Carlton,book_fd18c4282c414b34,"Stalked by Seduction and Shadows (Eternal Obsession, #1)",Maggie Sunseri
51,1881,0.7268599,book_2161ccd9d4f3052d,Trad Wife,Saratoga Schaefer,book_adfc9a4e32eb15df,Trad Wife,Sarah Langan
52,53,0.71239614,book_fedcd58f6884e72e,"Kingdom of Claw (The Ashen, #2)",Demi Winters,book_08ba5238bd7c4ab2,"Dawn of the North (The Ashen, #3)",Demi Winters
52,61,0.69679534,book_fedcd58f6884e72e,"Kingdom of Claw (The Ashen, #2)",Demi Winters,book_df4a1a11fe04f0ff,"The Road of Bones (The Ashen, #1)",Demi Winters
52,246,0.6149161,book_fedcd58f6884e72e,"Kingdom of Claw (The Ashen, #2)",Demi Winters,book_9f87db2940019435,"A Fate Inked in Blood (Saga of the Unfated, #1)",Danielle L. Jensen
52,1620,0.60096586,book_fedcd58f6884e72e,"Kingdom of Claw (The Ashen, #2)",Demi Winters,book_b666fb9d65abcf56,Once Upon a Demon's Heart (Cruel Fates #1),K.M. Moronova
53,1924,0.60242784,book_08ba5238bd7c4ab2,"Dawn of the North (The Ashen, #3)",Demi Winters,book_9ba5aba766752683,"When the Light Returns (The Winter Dark, #2)",Joanna Ruth Meyer
60,1599,0.62770736,book_129506c075304529,"The Chalice of the Gods (Percy Jackson and the Olympians: The Senior Year Adventures, #1)",Rick Riordan,book_5dc6253c33231e91,"The Lightning Thief (Percy Jackson and the Olympians, #1)",Rick Riordan
63,218,0.6228782,book_2284d8be6bfbac6b,"Empire of the Vampire (Empire of the Vampire, #1)",Jay Kristoff,book_49300cd36dca9581,"We Who Will Die (Empire of Blood, #1)",Stacia Stark
64,140,0.72758853,book_1603e89892336d3b,"A ​Court of Silver Flames (A Court of Thorns and Roses, #5)",Sarah J. Maas,book_e43c16396a52a705,"A Court of Mist and Fury (A Court of Thorns and Roses, #2)",Sarah J. Maas
64,139,0.7014526,book_1603e89892336d3b,"A ​Court of Silver Flames (A Court of Thorns and Roses, #5)",Sarah J. Maas,book_9b7e9310c31df95b,"A Court of Wings and Ruin (A Court of Thorns and Roses, #3)",Sarah J. Maas
64,142,0.6696779,book_1603e89892336d3b,"A ​Court of Silver Flames (A Court of Thorns and Roses, #5)",Sarah J. Maas,book_0c5332017a5ef7ef,"A Court of Thorns and Roses (A Court of Thorns and Roses, #1)",Sarah J. Maas
64,75,0.65586233,book_1603e89892336d3b,"A ​Court of Silver Flames (A Court of Thorns and Roses, #5)",Sarah J. Maas,book_71ef049a203b81e9,"A Court of Frost and Starlight (A Court of Thorns and Roses, #4)",Sarah J. Maas
64,234,0.64341307,book_1603e89892336d3b,"A ​Court of Silver Flames (A Court of Thorns and Roses, #5)",Sarah J. Maas,book_050cf7cd4e6203ee,"The Silversmith (The Selvaren, #1)",L.J. Claren
64,97,0.63540626,book_1603e89892336d3b,"A ​Court of Silver Flames (A Court of Thorns and Roses, #5)",Sarah J. Maas,book_7305e25cd7a9ba8d,"Queen of Shadows (Throne of Glass, #4)",Sarah J. Maas
64,102,0.6322603,book_1603e89892336d3b,"A ​Court of Silver Flames (A Court of Thorns and Roses, #5)",Sarah J. Maas,book_a302d28d8b3d5bc3,"Heir of Fire (Throne of Glass, #3)",Sarah J. Maas
64,222,0.6274589,book_1603e89892336d3b,"A ​Court of Silver Flames (A Court of Thorns and Roses, #5)",Sarah J. Maas,book_f1369ddf028f6d5d,"Empire of Flame and Thorns (Flame and Thorns, #1)",Marion Blackwood
64,2460,0.60734487,book_1603e89892336d3b,"A ​Court of Silver Flames (A Court of Thorns and Roses, #5)",Sarah J. Maas,book_8d0d9be5e18b4c71,"Fate of the Sun King (Artefacts of Ouranos, #3)",Nisha J. Tuli
67,288,0.6223111,book_b5efd02a62ce5fa3,How to Kill a Witch: The Patriarchy's Guide to Silencing Women,Zoe Venditozzi,book_19f1548b73261976,The Once and Future Witches,Alix E. Harrow
69,603,0.6517119,book_8ea0c37192317a9c,"Mate (Bride, #2)",Ali Hazelwood,book_2b7942c130c0848e,Bride,Ali Hazelwood
70,1616,0.8101748,book_f1102e42f55fe09e,"Half City (Harker Academy, #1)",Kate Golden,book_1ab9fe205b15befb,"Cursed City (Harker Academy, #2)",Kate Golden
72,2440,0.62870085,book_5e00cf45e77cbc9e,How to Kill a Guy in Ten Dates,Shailee Thompson,book_3b59290be3f8f620,Swiped,L.M. Chilton
72,1686,0.6137253,book_5e00cf45e77cbc9e,How to Kill a Guy in Ten Dates,Shailee Thompson,book_3d052b7d67b9b79e,The Date,T.H. Murdock
72,2243,0.6083865,book_5e00cf45e77cbc9e,How to Kill a Guy in Ten Dates,Shailee Thompson,book_70b8f66db57290d3,You Girls Play Nice,K.D. Aldyn
72,1956,0.6071334,book_5e00cf45e77cbc9e,How to Kill a Guy in Ten Dates,Shailee Thompson,book_2b3c09667794edf5,Another Life,D.M. Natalias
72,2474,0.60508406,book_5e00cf45e77cbc9e,How to Kill a Guy in Ten Dates,Shailee Thompson,book_e870a76bb2dc8a2b,"The One that (Almost) Got Away (Palm Harbor, #1)",Kimberley O'Malley
73,166,0.61244637,book_0225afe291da9adf,Women of a Promiscuous Nature,Donna Everhart,book_fdd4f7fcf294e508,"The Female (The Female, #1)",Invi Wright
75,139,0.778544,book_71ef049a203b81e9,"A Court of Frost and Starlight (A Court of Thorns and Roses, #4)",Sarah J. Maas,book_9b7e9310c31df95b,"A Court of Wings and Ruin (A Court of Thorns and Roses, #3)",Sarah J. Maas
75,140,0.748812,book_71ef049a203b81e9,"A Court of Frost and Starlight (A Court of Thorns and Roses, #4)",Sarah J. Maas,book_e43c16396a52a705,"A Court of Mist and Fury (A Court of Thorns and Roses, #2)",Sarah J. Maas
75,142,0.69545877,book_71ef049a203b81e9,"A Court of Frost and Starlight (A Court of Thorns and Roses, #4)",Sarah J. Maas,book_0c5332017a5ef7ef,"A Court of Thorns and Roses (A Court of Thorns and Roses, #1)",Sarah J. Maas
76,77,0.75851107,book_a79db0c0411f5859,"Crown Me Yours (Heartstring Duet, #2)",Liv Zander,book_8af39c8f41ee0de1,"Crown Me Dead (Heartstring Duet, #1)",Liv Zander
78,80,0.76690835,book_4e2a8cd7ba583f0e,"A Heart of Desire and Deceit (The Choosing Chronicles, #2)",Elayna R. Gallea,book_f5d842809a480176,"A Game of Love and Betrayal (The Choosing Chronicles, #1)",Elayna R. Gallea
78,1765,0.6088382,book_4e2a8cd7ba583f0e,"A Heart of Desire and Deceit (The Choosing Chronicles, #2)",Elayna R. Gallea,book_32d0e7ab7682f3c5,Succubus: A Love Story,Kate Fox
78,2834,0.6080792,book_4e2a8cd7ba583f0e,"A Heart of Desire and Deceit (The Choosing Chronicles, #2)",Elayna R. Gallea,book_558fcd603f7b19c1,"The Finish Line (The Ravenhood, #3)",Kate Stewart
80,275,0.6181787,book_f5d842809a480176,"A Game of Love and Betrayal (The Choosing Chronicles, #1)",Elayna R. Gallea,book_a210090a90df2ac7,"A Kiss of Iron (Shadows of the Tenebris Court, #1)",Clare Sager
80,233,0.60555845,book_f5d842809a480176,"A Game of Love and Betrayal (The Choosing Chronicles, #1)",Elayna R. Gallea,book_e58c019b58688058,"Lady of Darkness (Lady of Darkness, #1)",Melissa K. Roehrich
86,94,0.83185625,book_89d945fe64f3d937,"Kingdom of Ash (Throne of Glass, #7)",Sarah J. Maas,book_77bdf22d5e1bd9b1,"Empire of Storms (Throne of Glass, #5)",Sarah J. Maas
86,97,0.7956754,book_89d945fe64f3d937,"Kingdom of Ash (Throne of Glass, #7)",Sarah J. Maas,book_7305e25cd7a9ba8d,"Queen of Shadows (Throne of Glass, #4)",Sarah J. Maas
86,115,0.72572654,book_89d945fe64f3d937,"Kingdom of Ash (Throne of Glass, #7)",Sarah J. Maas,book_313e255ec78171f1,"Throne of Glass (Throne of Glass, #1)",Sarah J. Maas
86,102,0.66609555,book_89d945fe64f3d937,"Kingdom of Ash (Throne of Glass, #7)",Sarah J. Maas,book_a302d28d8b3d5bc3,"Heir of Fire (Throne of Glass, #3)",Sarah J. Maas
86,109,0.638946,book_89d945fe64f3d937,"Kingdom of Ash (Throne of Glass, #7)",Sarah J. Maas,book_c2f67f099c04f8f8,"Crown of Midnight (Throne of Glass, #2)",Sarah J. Maas
86,103,0.63447833,book_89d945fe64f3d937,"Kingdom of Ash (Throne of Glass, #7)",Sarah J. Maas,book_1af9b4f4231bd867,"The Assassin's Blade (Throne of Glass, #0.1-0.5)",Sarah J. Maas
86,757,0.6183501,book_89d945fe64f3d937,"Kingdom of Ash (Throne of Glass, #7)",Sarah J. Maas,book_7349d468da49ca6b,"The Assassin and the Healer (Throne of Glass, #0.2)",Sarah J. Maas
86,224,0.60990417,book_89d945fe64f3d937,"Kingdom of Ash (Throne of Glass, #7)",Sarah J. Maas,book_8e90476e8a5a5b58,"A Dawn of Onyx (The Sacred Stones, #1)",Kate Golden
86,571,0.60693294,book_89d945fe64f3d937,"Kingdom of Ash (Throne of Glass, #7)",Sarah J. Maas,book_f314b1bf8461d2dc,"The Assassin and the Underworld (Throne of Glass, #0.4)",Sarah J. Maas
86,89,0.6051984,book_89d945fe64f3d937,"Kingdom of Ash (Throne of Glass, #7)",Sarah J. Maas,book_5dde58c1d2cee90b,"Tower of Dawn (Throne of Glass, #6)",Sarah J. Maas
89,94,0.65217626,book_5dde58c1d2cee90b,"Tower of Dawn (Throne of Glass, #6)",Sarah J. Maas,book_77bdf22d5e1bd9b1,"Empire of Storms (Throne of Glass, #5)",Sarah J. Maas
91,2416,0.7488105,book_43d6a936179e0c54,"Trial of the Sun Queen (Artefacts of Ouranos, #1)",Nisha J. Tuli,book_cbe9ae09a8289ee4,"Rule of the Aurora King (Artefacts of Ouranos, #2)",Nisha J. Tuli
91,2460,0.7202705,book_43d6a936179e0c54,"Trial of the Sun Queen (Artefacts of Ouranos, #1)",Nisha J. Tuli,book_8d0d9be5e18b4c71,"Fate of the Sun King (Artefacts of Ouranos, #3)",Nisha J. Tuli
93,1125,0.6042619,book_ce5b1dacb41ccf4e,"Fearless (The Powerless Trilogy, #3)",Lauren Roberts,book_7c58e90519af1389,"This Woven Kingdom (This Woven Kingdom, #1)",Tahereh Mafi
94,97,0.75934386,book_77bdf22d5e1bd9b1,"Empire of Storms (Throne of Glass, #5)",Sarah J. Maas,book_7305e25cd7a9ba8d,"Queen of Shadows (Throne of Glass, #4)",Sarah J. Maas
94,115,0.65394074,book_77bdf22d5e1bd9b1,"Empire of Storms (Throne of Glass, #5)",Sarah J. Maas,book_313e255ec78171f1,"Throne of Glass (Throne of Glass, #1)",Sarah J. Maas
94,109,0.6397028,book_77bdf22d5e1bd9b1,"Empire of Storms (Throne of Glass, #5)",Sarah J. Maas,book_c2f67f099c04f8f8,"Crown of Midnight (Throne of Glass, #2)",Sarah J. Maas
94,102,0.61323464,book_77bdf22d5e1bd9b1,"Empire of Storms (Throne of Glass, #5)",Sarah J. Maas,book_a302d28d8b3d5bc3,"Heir of Fire (Throne of Glass, #3)",Sarah J. Maas
96,135,0.6494725,book_6b172b4561ad78ff,"Magic Bites (Kate Daniels, #1)",Ilona Andrews,book_711d90ab7c47b439,"Her Soul to Take (Souls Trilogy, #1)",Harley Laroux
96,1694,0.6255226,book_6b172b4561ad78ff,"Magic Bites (Kate Daniels, #1)",Ilona Andrews,book_5d639b11c056a044,"Gravespell (Mages & Murder, #1)",James Trevino
97,115,0.8423664,book_7305e25cd7a9ba8d,"Queen of Shadows (Throne of Glass, #4)",Sarah J. Maas,book_313e255ec78171f1,"Throne of Glass (Throne of Glass, #1)",Sarah J. Maas
97,102,0.8179178,book_7305e25cd7a9ba8d,"Queen of Shadows (Throne of Glass, #4)",Sarah J. Maas,book_a302d28d8b3d5bc3,"Heir of Fire (Throne of Glass, #3)",Sarah J. Maas
97,109,0.79298764,book_7305e25cd7a9ba8d,"Queen of Shadows (Throne of Glass, #4)",Sarah J. Maas,book_c2f67f099c04f8f8,"Crown of Midnight (Throne of Glass, #2)",Sarah J. Maas
97,757,0.7642455,book_7305e25cd7a9ba8d,"Queen of Shadows (Throne of Glass, #4)",Sarah J. Maas,book_7349d468da49ca6b,"The Assassin and the Healer (Throne of Glass, #0.2)",Sarah J. Maas
97,103,0.7563141,book_7305e25cd7a9ba8d,"Queen of Shadows (Throne of Glass, #4)",Sarah J. Maas,book_1af9b4f4231bd867,"The Assassin's Blade (Throne of Glass, #0.1-0.5)",Sarah J. Maas
97,571,0.7381735,book_7305e25cd7a9ba8d,"Queen of Shadows (Throne of Glass, #4)",Sarah J. Maas,book_f314b1bf8461d2dc,"The Assassin and the Underworld (Throne of Glass, #0.4)",Sarah J. Maas
97,758,0.67597675,book_7305e25cd7a9ba8d,"Queen of Shadows (Throne of Glass, #4)",Sarah J. Maas,book_1f07468dc519ab84,"The Assassin and the Pirate Lord (Throne of Glass, #0.1)",Sarah J. Maas
97,756,0.67284757,book_7305e25cd7a9ba8d,"Queen of Shadows (Throne of Glass, #4)",Sarah J. Maas,book_ccb2aa051f965487,"The Assassin and the Desert (Throne of Glass, #0.3)",Sarah J. Maas
97,140,0.6005426,book_7305e25cd7a9ba8d,"Queen of Shadows (Throne of Glass, #4)",Sarah J. Maas,book_e43c16396a52a705,"A Court of Mist and Fury (A Court of Thorns and Roses, #2)",Sarah J. Maas
98,1051,0.6379629,book_8ff956ac6c74726e,Wife Shaped Bodies,Laura Cranehill,book_54270bcaf3497de8,The Wife App,Carolyn Mackler
98,1734,0.62402445,book_8ff956ac6c74726e,Wife Shaped Bodies,Laura Cranehill,book_1c5764d446982401,Hollow Bones,Jodi Picoult
98,2016,0.60073674,book_8ff956ac6c74726e,Wife Shaped Bodies,Laura Cranehill,book_27b21b0cba586166,My Husband's Wife,Alice Feeney
99,104,0.8858217,book_7162f5988c8f71b3,"All Systems Red (The Murderbot Diaries, #1)",Martha Wells,book_ad6bf828c126ed15,Murderbot Diaries Collection Complete Hardcover Series Set (The Murderbot Diaries #1-6),Martha Wells
100,2755,0.61035085,book_e442b4d390aa7bef,Murder Bot: The Novel: A Thriller Where the Story Wrote Itself Murder Followed By Sugar Gay Isber McMillan (Talk to Your Tools™ A Series on Working with Chat Bots),Sugar Gay Isber McMillan,book_63e3514c8a67f140,Twenty Years Later,Charlie Donlea
102,571,0.7959897,book_a302d28d8b3d5bc3,"Heir of Fire (Throne of Glass, #3)",Sarah J. Maas,book_f314b1bf8461d2dc,"The Assassin and the Underworld (Throne of Glass, #0.4)",Sarah J. Maas
102,115,0.7910611,book_a302d28d8b3d5bc3,"Heir of Fire (Throne of Glass, #3)",Sarah J. Maas,book_313e255ec78171f1,"Throne of Glass (Throne of Glass, #1)",Sarah J. Maas
102,757,0.77155244,book_a302d28d8b3d5bc3,"Heir of Fire (Throne of Glass, #3)",Sarah J. Maas,book_7349d468da49ca6b,"The Assassin and the Healer (Throne of Glass, #0.2)",Sarah J. Maas
102,756,0.7366283,book_a302d28d8b3d5bc3,"Heir of Fire (Throne of Glass, #3)",Sarah J. Maas,book_ccb2aa051f965487,"The Assassin and the Desert (Throne of Glass, #0.3)",Sarah J. Maas
102,109,0.7282727,book_a302d28d8b3d5bc3,"Heir of Fire (Throne of Glass, #3)",Sarah J. Maas,book_c2f67f099c04f8f8,"Crown of Midnight (Throne of Glass, #2)",Sarah J. Maas
102,103,0.71018344,book_a302d28d8b3d5bc3,"Heir of Fire (Throne of Glass, #3)",Sarah J. Maas,book_1af9b4f4231bd867,"The Assassin's Blade (Throne of Glass, #0.1-0.5)",Sarah J. Maas
102,758,0.6860439,book_a302d28d8b3d5bc3,"Heir of Fire (Throne of Glass, #3)",Sarah J. Maas,book_1f07468dc519ab84,"The Assassin and the Pirate Lord (Throne of Glass, #0.1)",Sarah J. Maas
102,140,0.60592055,book_a302d28d8b3d5bc3,"Heir of Fire (Throne of Glass, #3)",Sarah J. Maas,book_e43c16396a52a705,"A Court of Mist and Fury (A Court of Thorns and Roses, #2)",Sarah J. Maas
102,142,0.60424423,book_a302d28d8b3d5bc3,"Heir of Fire (Throne of Glass, #3)",Sarah J. Maas,book_0c5332017a5ef7ef,"A Court of Thorns and Roses (A Court of Thorns and Roses, #1)",Sarah J. Maas
103,115,0.81365466,book_1af9b4f4231bd867,"The Assassin's Blade (Throne of Glass, #0.1-0.5)",Sarah J. Maas,book_313e255ec78171f1,"Throne of Glass (Throne of Glass, #1)",Sarah J. Maas
103,571,0.79814976,book_1af9b4f4231bd867,"The Assassin's Blade (Throne of Glass, #0.1-0.5)",Sarah J. Maas,book_f314b1bf8461d2dc,"The Assassin and the Underworld (Throne of Glass, #0.4)",Sarah J. Maas
103,758,0.771814,book_1af9b4f4231bd867,"The Assassin's Blade (Throne of Glass, #0.1-0.5)",Sarah J. Maas,book_1f07468dc519ab84,"The Assassin and the Pirate Lord (Throne of Glass, #0.1)",Sarah J. Maas
103,109,0.7685893,book_1af9b4f4231bd867,"The Assassin's Blade (Throne of Glass, #0.1-0.5)",Sarah J. Maas,book_c2f67f099c04f8f8,"Crown of Midnight (Throne of Glass, #2)",Sarah J. Maas
103,756,0.7646427,book_1af9b4f4231bd867,"The Assassin's Blade (Throne of Glass, #0.1-0.5)",Sarah J. Maas,book_ccb2aa051f965487,"The Assassin and the Desert (Throne of Glass, #0.3)",Sarah J. Maas
103,757,0.7585308,book_1af9b4f4231bd867,"The Assassin's Blade (Throne of Glass, #0.1-0.5)",Sarah J. Maas,book_7349d468da49ca6b,"The Assassin and the Healer (Throne of Glass, #0.2)",Sarah J. Maas
105,233,0.684703,book_ce21a668fb994a22,End of the Forest (Fae and Shadow #1),Zora Fox,book_e58c019b58688058,"Lady of Darkness (Lady of Darkness, #1)",Melissa K. Roehrich
105,142,0.65556216,book_ce21a668fb994a22,End of the Forest (Fae and Shadow #1),Zora Fox,book_0c5332017a5ef7ef,"A Court of Thorns and Roses (A Court of Thorns and Roses, #1)",Sarah J. Maas
105,1853,0.6264423,book_ce21a668fb994a22,End of the Forest (Fae and Shadow #1),Zora Fox,book_d136ab82f3fc87da,Rain of Shadows and Endings (The Legacy #1),Melissa K. Roehrich
105,1702,0.6210697,book_ce21a668fb994a22,End of the Forest (Fae and Shadow #1),Zora Fox,book_851a66772a96cb7f,Where We Go at Night,Ikwo Ntekim
105,108,0.61373204,book_ce21a668fb994a22,End of the Forest (Fae and Shadow #1),Zora Fox,book_d89052e4e6544ad3,"The Exorcism of Faeries (Morbid Realities, #1)",J.L. Vampa
105,2177,0.6098521,book_ce21a668fb994a22,End of the Forest (Fae and Shadow #1),Zora Fox,book_a90f54ec03024f24,Heather,Caitlin Mullen
105,768,0.6029849,book_ce21a668fb994a22,End of the Forest (Fae and Shadow #1),Zora Fox,book_e4c097cb7156a269,"Night Stalker (Branwyn Blood: The Exiled Fae of Texas, #0.5)",L.B. Carter
105,646,0.6019528,book_ce21a668fb994a22,End of the Forest (Fae and Shadow #1),Zora Fox,book_d00bf154c17dabab,The Legend Begins,Isobelle Carmody
105,1664,0.6004214,book_ce21a668fb994a22,End of the Forest (Fae and Shadow #1),Zora Fox,book_1f9e9d3b864bb738,The Fae Guardian,Elle Thrasher
107,259,0.6020806,book_d1ca1e362ac53853,"Blood Bound (Cursed Covenant, #1)",Ellis Hunter,book_5babbfc3bf6fcf62,"On Wings of Blood (Bloodwing Academy, #1)",Briar Boleyn
109,115,0.84363806,book_c2f67f099c04f8f8,"Crown of Midnight (Throne of Glass, #2)",Sarah J. Maas,book_313e255ec78171f1,"Throne of Glass (Throne of Glass, #1)",Sarah J. Maas
109,571,0.73058736,book_c2f67f099c04f8f8,"Crown of Midnight (Throne of Glass, #2)",Sarah J. Maas,book_f314b1bf8461d2dc,"The Assassin and the Underworld (Throne of Glass, #0.4)",Sarah J. Maas
109,757,0.6872673,book_c2f67f099c04f8f8,"Crown of Midnight (Throne of Glass, #2)",Sarah J. Maas,book_7349d468da49ca6b,"The Assassin and the Healer (Throne of Glass, #0.2)",Sarah J. Maas
109,758,0.6768439,book_c2f67f099c04f8f8,"Crown of Midnight (Throne of Glass, #2)",Sarah J. Maas,book_1f07468dc519ab84,"The Assassin and the Pirate Lord (Throne of Glass, #0.1)",Sarah J. Maas
109,756,0.6333296,book_c2f67f099c04f8f8,"Crown of Midnight (Throne of Glass, #2)",Sarah J. Maas,book_ccb2aa051f965487,"The Assassin and the Desert (Throne of Glass, #0.3)",Sarah J. Maas
110,1923,0.7041091,book_d0a25ed0805c817b,The Drowning Woman,Robyn Harding,book_c38608a4f22a2ad1,The Drowning Season,Debra Webb
110,2882,0.7005637,book_d0a25ed0805c817b,The Drowning Woman,Robyn Harding,book_87db0c75b3c43357,The Drowning Kind,Jennifer McMahon
110,2677,0.6717887,book_d0a25ed0805c817b,The Drowning Woman,Robyn Harding,book_52b0f885d0e45ed8,How Not to Drown in a Glass of Water,Angie Cruz
110,2634,0.6668805,book_d0a25ed0805c817b,The Drowning Woman,Robyn Harding,book_ac177d5451a532b7,Drowning,T.J. Newman
110,2425,0.6418216,book_d0a25ed0805c817b,The Drowning Woman,Robyn Harding,book_3eb5f1f04e5a35e3,The Trouble with Drowning,Heather Hach
110,763,0.63741916,book_d0a25ed0805c817b,The Drowning Woman,Robyn Harding,book_4de4eec905f5cc04,Hope Drowned: a unique and mysterious YA Disaster Dystopian (Deadly Earth),L.B. Carter
110,1794,0.6365683,book_d0a25ed0805c817b,The Drowning Woman,Robyn Harding,book_8a6c6ed7fab04c9c,The Last to Drown: A Thriller,Noelle W. Ihli
110,1744,0.6293386,book_d0a25ed0805c817b,The Drowning Woman,Robyn Harding,book_55212d080ced95d2,Black Water Bones,S.E. Reed
110,2919,0.6226649,book_d0a25ed0805c817b,The Drowning Woman,Robyn Harding,book_dd173f4b9f9e8515,"The Drowned Girls (Angie Pallorino, #1)",Loreth Anne White
110,1684,0.61563116,book_d0a25ed0805c817b,The Drowning Woman,Robyn Harding,book_86a9e70f0352c161,The Sky Beneath Her,Mary Ellen Taylor
110,173,0.6118082,book_d0a25ed0805c817b,The Drowning Woman,Robyn Harding,book_68e30d4a5794fbe7,Into the Water,Paula Hawkins
110,780,0.6050145,book_d0a25ed0805c817b,The Drowning Woman,Robyn Harding,book_f746275f4002cbe7,Hope Drowned (Climatic Climacteric Trilogy #1),L.B. Carter
112,228,0.6863566,book_47c06284d50da265,"Land of Wolves: Revelations (Land of Wolves, #1)",Invi Wright,book_a7558fd8c799dfb5,"The Wolf King (The Wolf King, #1)",Lauren Palphreyman
112,178,0.6123268,book_47c06284d50da265,"Land of Wolves: Revelations (Land of Wolves, #1)",Invi Wright,book_a5af3329593d0e1f,"Dire Bound (The Wolves of Ruin, #1)",Sable Sorensen
113,114,0.651319,book_ac62a8b976291a6a,"The Midnight Train (The Midnight World, #2)",Matt Haig,book_78f9698ad059050a,"The Midnight Library (The Midnight World, #1)",Matt Haig
114,2643,0.6026467,book_78f9698ad059050a,"The Midnight Library (The Midnight World, #1)",Matt Haig,book_449afbaa2fe43727,The Collected Regrets of Clover,Mikki Brammer
115,757,0.8086433,book_313e255ec78171f1,"Throne of Glass (Throne of Glass, #1)",Sarah J. Maas,book_7349d468da49ca6b,"The Assassin and the Healer (Throne of Glass, #0.2)",Sarah J. Maas
115,571,0.8072014,book_313e255ec78171f1,"Throne of Glass (Throne of Glass, #1)",Sarah J. Maas,book_f314b1bf8461d2dc,"The Assassin and the Underworld (Throne of Glass, #0.4)",Sarah J. Maas
115,758,0.7595198,book_313e255ec78171f1,"Throne of Glass (Throne of Glass, #1)",Sarah J. Maas,book_1f07468dc519ab84,"The Assassin and the Pirate Lord (Throne of Glass, #0.1)",Sarah J. Maas
115,756,0.74791145,book_313e255ec78171f1,"Throne of Glass (Throne of Glass, #1)",Sarah J. Maas,book_ccb2aa051f965487,"The Assassin and the Desert (Throne of Glass, #0.3)",Sarah J. Maas
115,1748,0.6031648,book_313e255ec78171f1,"Throne of Glass (Throne of Glass, #1)",Sarah J. Maas,book_55bb5f2f2122cd2d,To Drown a Witch,Lindsey Olsson
119,2089,0.6235399,book_01fafad9722e5eef,"Feathers So Vicious (Court of Ravens, #1)",Liv Zander,book_8c5322a3e6440153,To Cage a Wild Bird (Divided Fates #1),Brooke Fast
119,2438,0.6090151,book_01fafad9722e5eef,"Feathers So Vicious (Court of Ravens, #1)",Liv Zander,book_3b8e0d2a26cd5781,"Keystone (Crossbreed, #1)",Dannika Dark
120,183,0.6132468,book_d3ffc76867e34f9f,"A Soul to Keep (Duskwalker Brides, #1)",Opal Reyne,book_fd18c4282c414b34,"Stalked by Seduction and Shadows (Eternal Obsession, #1)",Maggie Sunseri
122,183,0.7418515,book_d423bf6007e061df,"Marked by Masks and Secrets (Everlasting Possession, #1)",Maggie Sunseri,book_fd18c4282c414b34,"Stalked by Seduction and Shadows (Eternal Obsession, #1)",Maggie Sunseri
122,150,0.6278322,book_d423bf6007e061df,"Marked by Masks and Secrets (Everlasting Possession, #1)",Maggie Sunseri,book_180491689f6c4bed,"Lights Out (Into Darkness, #1)",Navessa Allen
122,233,0.6013676,book_d423bf6007e061df,"Marked by Masks and Secrets (Everlasting Possession, #1)",Maggie Sunseri,book_e58c019b58688058,"Lady of Darkness (Lady of Darkness, #1)",Melissa K. Roehrich
123,124,0.700112,book_fa8918a506603e50,"Poison Study (Study, #1)",Maria V. Snyder,book_d5def60f5f30f6b6,"Shadow Study (Soulfinders, #1; Study, #4)",Maria V. Snyder
127,128,0.64927083,book_897304c6071a156f,"Game On (Into Darkness, #3)",Navessa Allen,book_6ad2d658c8c96c8d,"Caught Up (Into Darkness, #2)",Navessa Allen
127,2442,0.6162168,book_897304c6071a156f,"Game On (Into Darkness, #3)",Navessa Allen,book_17316f07d9745b5d,Light Dark,Aleatha Romig
128,150,0.68636763,book_6ad2d658c8c96c8d,"Caught Up (Into Darkness, #2)",Navessa Allen,book_180491689f6c4bed,"Lights Out (Into Darkness, #1)",Navessa Allen
128,3232,0.61611485,book_6ad2d658c8c96c8d,"Caught Up (Into Darkness, #2)",Navessa Allen,book_7677e5d9e7c30aa8,"The Stranger (Just One Night, #1.1)",Kyra Davis
128,2442,0.61425936,book_6ad2d658c8c96c8d,"Caught Up (Into Darkness, #2)",Navessa Allen,book_17316f07d9745b5d,Light Dark,Aleatha Romig
128,183,0.6126998,book_6ad2d658c8c96c8d,"Caught Up (Into Darkness, #2)",Navessa Allen,book_fd18c4282c414b34,"Stalked by Seduction and Shadows (Eternal Obsession, #1)",Maggie Sunseri
128,2363,0.60873556,book_6ad2d658c8c96c8d,"Caught Up (Into Darkness, #2)",Navessa Allen,book_a01301b5b1a8df38,All the Colors of the Dark,Chris Whitaker
128,3089,0.606058,book_6ad2d658c8c96c8d,"Caught Up (Into Darkness, #2)",Navessa Allen,book_a7f2d89fa8898377,Unspeakable Things,Jess Lourey
128,2168,0.60242605,book_6ad2d658c8c96c8d,"Caught Up (Into Darkness, #2)",Navessa Allen,book_01e051cbac545caa,If Books Could Kill,Kate Eberle
128,2558,0.6000401,book_6ad2d658c8c96c8d,"Caught Up (Into Darkness, #2)",Navessa Allen,book_fc6cae61b7d4aa6d,"The Darkest Corner of the Heart (The Brightest Light, #2)",Lisina Coney
131,153,0.6586571,book_874aa6745537d33f,"Brimstone (Fae & Alchemy, #2)",Callie Hart,book_509879d935a4db51,"Quicksilver (Fae & Alchemy, #1)",Callie Hart
131,234,0.6141709,book_874aa6745537d33f,"Brimstone (Fae & Alchemy, #2)",Callie Hart,book_050cf7cd4e6203ee,"The Silversmith (The Selvaren, #1)",L.J. Claren
132,140,0.64455104,book_c755289b79be6865,"Rose in Chains (The Evermore Trilogy, #1)",Julie Soto,book_e43c16396a52a705,"A Court of Mist and Fury (A Court of Thorns and Roses, #2)",Sarah J. Maas
132,142,0.6301178,book_c755289b79be6865,"Rose in Chains (The Evermore Trilogy, #1)",Julie Soto,book_0c5332017a5ef7ef,"A Court of Thorns and Roses (A Court of Thorns and Roses, #1)",Sarah J. Maas
132,139,0.6146485,book_c755289b79be6865,"Rose in Chains (The Evermore Trilogy, #1)",Julie Soto,book_9b7e9310c31df95b,"A Court of Wings and Ruin (A Court of Thorns and Roses, #3)",Sarah J. Maas
134,421,0.6239383,book_85492c05de7c62b3,"Hooked (Never After, #1)",Emily McIntire,book_b97b1bbc6085d2e3,Off the Hook (Never Harbor),Julie Olivia
135,183,0.6010924,book_711d90ab7c47b439,"Her Soul to Take (Souls Trilogy, #1)",Harley Laroux,book_fd18c4282c414b34,"Stalked by Seduction and Shadows (Eternal Obsession, #1)",Maggie Sunseri
136,157,0.6268643,book_41b73577d65202e1,"Blood Orange (The Dracula Duet, #1)",Karina Halle,book_0a92c6fc8bd5b5ab,A Dowry of Blood,S.T. Gibson
139,140,0.8197077,book_9b7e9310c31df95b,"A Court of Wings and Ruin (A Court of Thorns and Roses, #3)",Sarah J. Maas,book_e43c16396a52a705,"A Court of Mist and Fury (A Court of Thorns and Roses, #2)",Sarah J. Maas
139,142,0.8012039,book_9b7e9310c31df95b,"A Court of Wings and Ruin (A Court of Thorns and Roses, #3)",Sarah J. Maas,book_0c5332017a5ef7ef,"A Court of Thorns and Roses (A Court of Thorns and Roses, #1)",Sarah J. Maas
140,142,0.8087015,book_e43c16396a52a705,"A Court of Mist and Fury (A Court of Thorns and Roses, #2)",Sarah J. Maas,book_0c5332017a5ef7ef,"A Court of Thorns and Roses (A Court of Thorns and Roses, #1)",Sarah J. Maas
141,182,0.78258514,book_0d297a7510cce2ab,"Anathema (The Eating Woods, #1)",Keri Lake,book_b6211d915da6d6d8,"Eldritch (The Eating Woods, #2)",Keri Lake
141,2545,0.60402143,book_0d297a7510cce2ab,"Anathema (The Eating Woods, #1)",Keri Lake,book_7a5ef27f84d5fc59,The West Passage,Jared Pechaček
142,222,0.6237872,book_0c5332017a5ef7ef,"A Court of Thorns and Roses (A Court of Thorns and Roses, #1)",Sarah J. Maas,book_f1369ddf028f6d5d,"Empire of Flame and Thorns (Flame and Thorns, #1)",Marion Blackwood
142,1907,0.62066185,book_0c5332017a5ef7ef,"A Court of Thorns and Roses (A Court of Thorns and Roses, #1)",Sarah J. Maas,book_22c3eba4aa7abdd8,"Queen of Roses (Blood of a Fae, #1)",Briar Boleyn
148,2132,0.61938894,book_63cd4d4351e2539b,The Poison Daughter,Sheila Masterson,book_cab6680dbc2115b4,Death Meets Cute,J. Penner
149,228,0.67638993,book_9e37408b82798f63,"The Wolf and the Crown of Blood (The Broken Accords, #1)",Elizabeth May,book_a7558fd8c799dfb5,"The Wolf King (The Wolf King, #1)",Lauren Palphreyman
149,1907,0.6080508,book_9e37408b82798f63,"The Wolf and the Crown of Blood (The Broken Accords, #1)",Elizabeth May,book_22c3eba4aa7abdd8,"Queen of Roses (Blood of a Fae, #1)",Briar Boleyn
149,218,0.60523736,book_9e37408b82798f63,"The Wolf and the Crown of Blood (The Broken Accords, #1)",Elizabeth May,book_49300cd36dca9581,"We Who Will Die (Empire of Blood, #1)",Stacia Stark
150,3250,0.6579884,book_180491689f6c4bed,"Lights Out (Into Darkness, #1)",Navessa Allen,book_bfdec8f415d7bdd2,"Hearts in Darkness (Hearts in Darkness, #1)",Laura Kaye
150,2442,0.62923366,book_180491689f6c4bed,"Lights Out (Into Darkness, #1)",Navessa Allen,book_17316f07d9745b5d,Light Dark,Aleatha Romig
151,177,0.8019011,book_bab6a2968202172b,"Two Twisted Crowns (The Shepherd King, #2)",Rachel Gillig,book_ff57e2bc4276469a,"One Dark Window (The Shepherd King, #1)",Rachel Gillig
154,2183,0.6630705,book_a00b62a951332064,They Never Learn,Layne Fargo,book_b18e1118e391e87e,Helpless,Jessica Knoll
154,1965,0.65827197,book_a00b62a951332064,They Never Learn,Layne Fargo,book_7bb1566654b490ea,Not a Strong Enough Word,Allie Samberts
154,787,0.64602214,book_a00b62a951332064,They Never Learn,Layne Fargo,book_dd70a67994f9b806,"Plot Twist (The Hollywood Series, #2)",Erin La Rosa
154,1266,0.6338408,book_a00b62a951332064,They Never Learn,Layne Fargo,book_173aa4e0e1b20e55,If You Ask Me,Libby Hubscher
154,1890,0.62112874,book_a00b62a951332064,They Never Learn,Layne Fargo,book_6cedac86b0102aaf,The Final Target,Nora Roberts
154,2578,0.6198926,book_a00b62a951332064,They Never Learn,Layne Fargo,book_950124bc5a2cbf74,"Never Come Back (Nora McTavish, #2)",Joe Hart
154,3089,0.61770487,book_a00b62a951332064,They Never Learn,Layne Fargo,book_a7f2d89fa8898377,Unspeakable Things,Jess Lourey
154,3104,0.61736405,book_a00b62a951332064,They Never Learn,Layne Fargo,book_a0d90a61b51d17c4,The Girl Who Lived,Christopher Greyson
154,3099,0.6159957,book_a00b62a951332064,They Never Learn,Layne Fargo,book_64160eacd6cde831,When Never Comes,Barbara Davis
154,3270,0.6141257,book_a00b62a951332064,They Never Learn,Layne Fargo,book_a7f980171142f6cb,"Easy (Contours of the Heart, #1)",Tammara Webber
154,1622,0.6101006,book_a00b62a951332064,They Never Learn,Layne Fargo,book_431be797b1627c46,Between the Lines,Haley Cass
154,3025,0.6085186,book_a00b62a951332064,They Never Learn,Layne Fargo,book_631ea4957281d5cd,Want,Lynn Steger Strong
154,918,0.60621834,book_a00b62a951332064,They Never Learn,Layne Fargo,book_4319c22130821ee1,Romance Is Dead,Katie Bohn
154,1485,0.60149586,book_a00b62a951332064,They Never Learn,Layne Fargo,book_a32fc85e0e998981,Speak,Laurie Halse Anderson
154,2314,0.60092735,book_a00b62a951332064,They Never Learn,Layne Fargo,book_5fb86f1d0bcf0496,You Belong Here,Megan Miranda
161,2256,0.6215501,book_188b9d311be68ff9,Sunshine,Robin McKinley,book_2681b9f01017a8ca,Sunlight Finds You,Laura Moriarty
161,2442,0.61191386,book_188b9d311be68ff9,Sunshine,Robin McKinley,book_17316f07d9745b5d,Light Dark,Aleatha Romig
162,163,0.7546507,book_d932d7fe8140c685,"The Hero and the Crown (Damar, #2)",Robin McKinley,book_d738a5470034d4c8,"The Blue Sword (Damar, #1)",Robin McKinley
164,2274,0.7586838,book_91c2e938d4b6cbd2,"Binding 13 (Boys of Tommen, #1)",Chloe Walsh,book_7483ef41901ba401,"Keeping 13 (Boys of Tommen, #2)",Chloe Walsh
164,1711,0.643705,book_91c2e938d4b6cbd2,"Binding 13 (Boys of Tommen, #1)",Chloe Walsh,book_a3140c53bdb7f5ab,"Saving 6 (Boys of Tommen, #3)",Chloe Walsh
164,1707,0.62649316,book_91c2e938d4b6cbd2,"Binding 13 (Boys of Tommen, #1)",Chloe Walsh,book_d8be47df975948fc,"Redeeming 6 (Boys of Tommen, #4)",Chloe Walsh
166,194,0.65648854,book_fdd4f7fcf294e508,"The Female (The Female, #1)",Invi Wright,book_9277307114ca36ab,The Women of Artemis,Hannah M. Lynn
166,2663,0.64097404,book_fdd4f7fcf294e508,"The Female (The Female, #1)",Invi Wright,book_1e83fbaafefe0906,The Leftover Woman,Jean Kwok
166,2366,0.6141969,book_fdd4f7fcf294e508,"The Female (The Female, #1)",Invi Wright,book_daa62057c05a3384,What Wild Women Do,Karma Brown
166,1910,0.61033404,book_fdd4f7fcf294e508,"The Female (The Female, #1)",Invi Wright,book_82522556ca573522,Not The Woman You Think,Hazel Calder
166,2030,0.60546756,book_fdd4f7fcf294e508,"The Female (The Female, #1)",Invi Wright,book_05b55836b298d72f,Lady X,Molly Fader
168,241,0.6983897,book_a182ab6c4b0fc5df,"Slaying the Vampire Conqueror (Crowns of Nyaxia, #2.5)",Carissa Broadbent,book_e145e68c5ae69265,"The Serpent and the Wings of Night (Crowns of Nyaxia, #1)",Carissa Broadbent
168,218,0.6152197,book_a182ab6c4b0fc5df,"Slaying the Vampire Conqueror (Crowns of Nyaxia, #2.5)",Carissa Broadbent,book_49300cd36dca9581,"We Who Will Die (Empire of Blood, #1)",Stacia Stark
171,283,0.64238083,book_cc4d0bb38988c178,"Malice (The Faithful and the Fallen, #1)",John Gwynne,book_26e80534825c9600,"The Shadow of the Gods (The Bloodsworn Saga, #1)",John Gwynne
171,345,0.62180465,book_cc4d0bb38988c178,"Malice (The Faithful and the Fallen, #1)",John Gwynne,book_b5c3f75ef28965fb,"Pawn of Prophecy (The Belgariad, #1)",David Eddings
172,921,0.7690538,book_4947be7238bdb5d8,"Gideon the Ninth (The Locked Tomb, #1)",Tamsyn Muir,book_fffcebdb7e40bd4d,"Harrow the Ninth (The Locked Tomb, #2)",Tamsyn Muir
173,344,0.66709495,book_68e30d4a5794fbe7,Into the Water,Paula Hawkins,book_e1d27fde0fd341a2,The Girl on the Train,Paula Hawkins
173,2531,0.6464282,book_68e30d4a5794fbe7,Into the Water,Paula Hawkins,book_3cf9450a2ba464dd,Forgotten Sisters,Cynthia Pelayo
173,1923,0.6403962,book_68e30d4a5794fbe7,Into the Water,Paula Hawkins,book_c38608a4f22a2ad1,The Drowning Season,Debra Webb
173,1684,0.62519103,book_68e30d4a5794fbe7,Into the Water,Paula Hawkins,book_86a9e70f0352c161,The Sky Beneath Her,Mary Ellen Taylor
173,2425,0.6131835,book_68e30d4a5794fbe7,Into the Water,Paula Hawkins,book_3eb5f1f04e5a35e3,The Trouble with Drowning,Heather Hach
173,2395,0.6107491,book_68e30d4a5794fbe7,Into the Water,Paula Hawkins,book_f61996ef36d3d8bd,"Stillhouse Lake (Stillhouse Lake, #1)",Rachel Caine
173,596,0.60713536,book_68e30d4a5794fbe7,Into the Water,Paula Hawkins,book_00b8b03058987a1f,Water Moon,Samantha Sotto Yambao
173,763,0.6060536,book_68e30d4a5794fbe7,Into the Water,Paula Hawkins,book_4de4eec905f5cc04,Hope Drowned: a unique and mysterious YA Disaster Dystopian (Deadly Earth),L.B. Carter
173,3056,0.60274196,book_68e30d4a5794fbe7,Into the Water,Paula Hawkins,book_a86a2843ebaca5ea,Thief River Falls,Brian Freeman
173,626,0.60088545,book_68e30d4a5794fbe7,Into the Water,Paula Hawkins,book_7972f2b30cec2ac0,A Flicker in the Dark,Stacy Willingham
175,176,0.60346586,book_2f4cd50d1d638bcc,Network Science,Albert-László Barabási,book_3e31ef193d231bc9,"Networks, Crowds, and Markets: Reasoning about a Highly Connected World",David Easley
177,2101,0.6076211,book_ff57e2bc4276469a,"One Dark Window (The Shepherd King, #1)",Rachel Gillig,book_7104ffea2ed3ab2d,"Curses, Keys, and Secret Societies (Sisters of Light and Shadow, #2)",Breanne Randall
178,228,0.61477315,book_a5af3329593d0e1f,"Dire Bound (The Wolves of Ruin, #1)",Sable Sorensen,book_a7558fd8c799dfb5,"The Wolf King (The Wolf King, #1)",Lauren Palphreyman
183,1594,0.67273235,book_fd18c4282c414b34,"Stalked by Seduction and Shadows (Eternal Obsession, #1)",Maggie Sunseri,book_e91676dc8f493d4a,"Breaking Dawn (The Twilight Saga, #4)",Stephenie Meyer
183,231,0.6466573,book_fd18c4282c414b34,"Stalked by Seduction and Shadows (Eternal Obsession, #1)",Maggie Sunseri,book_e1fe0b8eb66641aa,"Eternal Reign (Age of Vampires, #1)",Caroline Peckham
183,233,0.64457685,book_fd18c4282c414b34,"Stalked by Seduction and Shadows (Eternal Obsession, #1)",Maggie Sunseri,book_e58c019b58688058,"Lady of Darkness (Lady of Darkness, #1)",Melissa K. Roehrich
183,3193,0.624143,book_fd18c4282c414b34,"Stalked by Seduction and Shadows (Eternal Obsession, #1)",Maggie Sunseri,book_39c320bc9d7f0b1c,"Vicious (Sinners of Saint, #1)",L.J. Shen
183,2751,0.617422,book_fd18c4282c414b34,"Stalked by Seduction and Shadows (Eternal Obsession, #1)",Maggie Sunseri,book_e702f5548161961d,"There Are No Saints (Sinners, #1)",Sophie Lark
183,3156,0.61000407,book_fd18c4282c414b34,"Stalked by Seduction and Shadows (Eternal Obsession, #1)",Maggie Sunseri,book_8aba30b727ebbaf3,"Stay (Bleeding Stars, #5)",A.L. Jackson
183,2082,0.6054288,book_fd18c4282c414b34,"Stalked by Seduction and Shadows (Eternal Obsession, #1)",Maggie Sunseri,book_4055ab3235bce00b,"Into the Fading Twilight (Starlight Grove, #2)",Catherine Cowles
185,198,0.6368127,book_f172d3e1964b147c,The Witch of Colchis,Rosie Hewlett,book_4e25d4da833f55d4,"I, Medusa",Ayana Gray
185,815,0.63212156,book_f172d3e1964b147c,The Witch of Colchis,Rosie Hewlett,book_9318dc8b341ffcfd,Circe,Madeline Miller
186,1364,0.674761,book_227782382b6f7ccd,Psyche and Eros,Luna McNamara,book_cce2b5fa6ada479b,"Electric Idol (Dark Olympus, #2)",Katee Robert
186,1425,0.64334106,book_227782382b6f7ccd,Psyche and Eros,Luna McNamara,book_4fa8281a0014c8a4,"A Hush of Greek (Out of Olympus, #4)",Tina Folsom
186,1773,0.6037564,book_227782382b6f7ccd,Psyche and Eros,Luna McNamara,book_141eda1c3ac26b0b,This Immortal Heart,Jennifer Saint
187,198,0.7116567,book_963922ba71c3cdca,Stone Blind,Natalie Haynes,book_4e25d4da833f55d4,"I, Medusa",Ayana Gray
187,196,0.6124673,book_963922ba71c3cdca,Stone Blind,Natalie Haynes,book_1435f6dccccd2c5e,The Shadow of Perseus,Claire Heywood
188,1773,0.72427803,book_ad3e317705b33981,Hera,Jennifer Saint,book_141eda1c3ac26b0b,This Immortal Heart,Jennifer Saint
188,199,0.6358969,book_ad3e317705b33981,Hera,Jennifer Saint,book_c5244cb08c811908,"Hekate - The Witch (Goddesses of the Underworld, #1)",Nikita Gill
188,1247,0.63281673,book_ad3e317705b33981,Hera,Jennifer Saint,book_ff08df7b422e7774,"A Game of Retribution (Hades Saga, #2)",Scarlett St. Clair
188,1255,0.60275656,book_ad3e317705b33981,Hera,Jennifer Saint,book_ae8f53869eafc368,"Wicked Beauty (Dark Olympus, #3)",Katee Robert
194,247,0.6032093,book_9277307114ca36ab,The Women of Artemis,Hannah M. Lynn,book_4f9ea999bd5d3324,When Women Were Dragons,Kelly Barnhill
195,1773,0.61788684,book_66898b4cc15196dc,"Blood of Hercules (Villains of Lore, #1)",Jasmine Mas,book_141eda1c3ac26b0b,This Immortal Heart,Jennifer Saint
195,204,0.6024673,book_66898b4cc15196dc,"Blood of Hercules (Villains of Lore, #1)",Jasmine Mas,book_833ac806de11eed7,The Song of Achilles,Madeline Miller
196,198,0.6208727,book_1435f6dccccd2c5e,The Shadow of Perseus,Claire Heywood,book_4e25d4da833f55d4,"I, Medusa",Ayana Gray
196,3298,0.60634565,book_1435f6dccccd2c5e,The Shadow of Perseus,Claire Heywood,book_89fcb89b164a3f25,Demons of the Sun,Cindi Madsen
196,627,0.6036357,book_1435f6dccccd2c5e,The Shadow of Perseus,Claire Heywood,book_ac8f7fec642d6e3f,"Lore Olympus: Volume Three (Lore Olympus, #3)",Rachel Smythe
197,1436,0.63149655,book_ce15914a8b560382,The Hymn to Dionysus,Natasha Pulley,book_174a5261fa0ec0ee,"A Scent of Greek (Out of Olympus, #2)",Tina Folsom
197,204,0.6285233,book_ce15914a8b560382,The Hymn to Dionysus,Natasha Pulley,book_833ac806de11eed7,The Song of Achilles,Madeline Miller
198,815,0.6696453,book_4e25d4da833f55d4,"I, Medusa",Ayana Gray,book_9318dc8b341ffcfd,Circe,Madeline Miller
198,639,0.6428256,book_4e25d4da833f55d4,"I, Medusa",Ayana Gray,book_608f61f97ccbd03f,"Lore Olympus: Volume One (Lore Olympus, #1)",Rachel Smythe
198,627,0.62579143,book_4e25d4da833f55d4,"I, Medusa",Ayana Gray,book_ac8f7fec642d6e3f,"Lore Olympus: Volume Three (Lore Olympus, #3)",Rachel Smythe
198,1773,0.61584795,book_4e25d4da833f55d4,"I, Medusa",Ayana Gray,book_141eda1c3ac26b0b,This Immortal Heart,Jennifer Saint
199,627,0.68607324,book_c5244cb08c811908,"Hekate - The Witch (Goddesses of the Underworld, #1)",Nikita Gill,book_ac8f7fec642d6e3f,"Lore Olympus: Volume Three (Lore Olympus, #3)",Rachel Smythe
199,639,0.6594833,book_c5244cb08c811908,"Hekate - The Witch (Goddesses of the Underworld, #1)",Nikita Gill,book_608f61f97ccbd03f,"Lore Olympus: Volume One (Lore Olympus, #1)",Rachel Smythe
199,815,0.6504121,book_c5244cb08c811908,"Hekate - The Witch (Goddesses of the Underworld, #1)",Nikita Gill,book_9318dc8b341ffcfd,Circe,Madeline Miller
199,1247,0.6496078,book_c5244cb08c811908,"Hekate - The Witch (Goddesses of the Underworld, #1)",Nikita Gill,book_ff08df7b422e7774,"A Game of Retribution (Hades Saga, #2)",Scarlett St. Clair
199,614,0.6441756,book_c5244cb08c811908,"Hekate - The Witch (Goddesses of the Underworld, #1)",Nikita Gill,book_8f709f59347d4b61,"Lore Olympus: Volume Five (Lore Olympus, #5)",Rachel Smythe
199,1856,0.63934374,book_c5244cb08c811908,"Hekate - The Witch (Goddesses of the Underworld, #1)",Nikita Gill,book_5b970d30f3b1baf9,"The Throne of Broken Gods (Gods & Monsters, #2)",Amber V. Nicole
199,605,0.6393231,book_c5244cb08c811908,"Hekate - The Witch (Goddesses of the Underworld, #1)",Nikita Gill,book_776254f2452f2b34,"Lore Olympus: Volume Six (Lore Olympus, #6)",Rachel Smythe
199,640,0.6307441,book_c5244cb08c811908,"Hekate - The Witch (Goddesses of the Underworld, #1)",Nikita Gill,book_3e99da4f55b54487,"Lore Olympus: Volume Two (Lore Olympus, #2)",Rachel Smythe
199,964,0.625839,book_c5244cb08c811908,"Hekate - The Witch (Goddesses of the Underworld, #1)",Nikita Gill,book_7e6133b08aad1d5d,"Neon Gods (Dark Olympus, #1)",Katee Robert
199,624,0.6200348,book_c5244cb08c811908,"Hekate - The Witch (Goddesses of the Underworld, #1)",Nikita Gill,book_25bc6899a7f004dc,"Lore Olympus: Volume Four (Lore Olympus, #4)",Rachel Smythe
199,1319,0.61745596,book_c5244cb08c811908,"Hekate - The Witch (Goddesses of the Underworld, #1)",Nikita Gill,book_b2f30d357bd91ac8,Hot as Hades,Alisha Rai
199,1773,0.61217564,book_c5244cb08c811908,"Hekate - The Witch (Goddesses of the Underworld, #1)",Nikita Gill,book_141eda1c3ac26b0b,This Immortal Heart,Jennifer Saint
201,1899,0.7044564,book_512eec1f0e386c41,Sharp Objects,Gillian Flynn,book_8909c2513af52fce,Decomposition Book,Sara van Os
201,2755,0.67548776,book_512eec1f0e386c41,Sharp Objects,Gillian Flynn,book_63e3514c8a67f140,Twenty Years Later,Charlie Donlea
201,2052,0.67516154,book_512eec1f0e386c41,Sharp Objects,Gillian Flynn,book_7496475d16b288b0,Deep Dark Truth,Debra Webb
201,2927,0.6652312,book_512eec1f0e386c41,Sharp Objects,Gillian Flynn,book_f5efeebf3ef34eeb,"A Familiar Sight (Dr. Gretchen White, #1)",Brianna Labuskes
201,3208,0.6523448,book_512eec1f0e386c41,Sharp Objects,Gillian Flynn,book_ae31cddaa8daa9ef,Dark Places,Gillian Flynn
201,2479,0.64728713,book_512eec1f0e386c41,Sharp Objects,Gillian Flynn,book_8b4a017325b704d5,All Good People Here,Ashley Flowers
201,3022,0.6427026,book_512eec1f0e386c41,Sharp Objects,Gillian Flynn,book_57b183d7da9f11fd,Where They Found Her,Kimberly McCreight
201,1868,0.6402745,book_512eec1f0e386c41,Sharp Objects,Gillian Flynn,book_22b9a25d09334219,Finders Keepers,Natalie Barelli
201,2916,0.6396001,book_512eec1f0e386c41,Sharp Objects,Gillian Flynn,book_60c34104a1621021,One Year Gone,Avery Bishop
201,626,0.6324853,book_512eec1f0e386c41,Sharp Objects,Gillian Flynn,book_7972f2b30cec2ac0,A Flicker in the Dark,Stacy Willingham
201,2533,0.6313332,book_512eec1f0e386c41,Sharp Objects,Gillian Flynn,book_6c18f37581058942,"A Forgotten Kill (Daniela Vega, #2)",Isabella Maldonado
201,1705,0.6307784,book_512eec1f0e386c41,Sharp Objects,Gillian Flynn,book_f5947a784ae514ed,They Say a Girl Died Here,Sarah Pinborough
201,3016,0.6293904,book_512eec1f0e386c41,Sharp Objects,Gillian Flynn,book_4d753b2ba02d5415,Dear Wife,Kimberly Belle
201,2147,0.62863624,book_512eec1f0e386c41,Sharp Objects,Gillian Flynn,book_6d3e91c4a8782b04,How to Kill a Crime Writer,Sarah Lotz
201,2262,0.62840134,book_512eec1f0e386c41,Sharp Objects,Gillian Flynn,book_99a83db4490a904e,Deadly Ripples,Penny Goetjen
204,1433,0.6772291,book_833ac806de11eed7,The Song of Achilles,Madeline Miller,book_79a634990418f104,Heracles' Bow,Madeline Miller
210,270,0.7772549,book_ac6e20ca08e53ba2,"The Dragon Republic (The Poppy War, #2)",R.F. Kuang,book_5e68ca77d73918c9,"The Burning God (The Poppy War, #3)",R.F. Kuang
210,271,0.74493027,book_ac6e20ca08e53ba2,"The Dragon Republic (The Poppy War, #2)",R.F. Kuang,book_105b4bde5891ddbb,"The Poppy War (The Poppy War, #1)",R.F. Kuang
212,572,0.8448256,book_d19cb17ee489858c,"Fundamentals of Being a Good Girl (Academic Affairs, #1)",Julie Murphy,book_a80ad5ed4abb1e3a,Fundamentals of Being a Good Girl,Julie Murphy
212,919,0.6464919,book_d19cb17ee489858c,"Fundamentals of Being a Good Girl (Academic Affairs, #1)",Julie Murphy,book_927d7cd2148b69e7,Last on the List (Wait With Me #5),Amy Daws
213,1699,0.62891364,book_21ab90abac59090d,Tilt,Emma Pattee,book_ebf560b2a59cde0b,What We Found Instead: A Novel,Heidi Reimer
214,215,0.64587283,book_b69dc10ca2f32a58,"Onyx Storm (The Empyrean, #3)",Rebecca Yarros,book_89fb96b30a5389e4,"Iron Flame (The Empyrean, #2)",Rebecca Yarros
214,2455,0.61084235,book_b69dc10ca2f32a58,"Onyx Storm (The Empyrean, #3)",Rebecca Yarros,book_8fc652e0c51378f5,"War Storm (Red Queen, #4)",Victoria Aveyard
224,234,0.6403668,book_8e90476e8a5a5b58,"A Dawn of Onyx (The Sacred Stones, #1)",Kate Golden,book_050cf7cd4e6203ee,"The Silversmith (The Selvaren, #1)",L.J. Claren
224,1376,0.6261081,book_8e90476e8a5a5b58,"A Dawn of Onyx (The Sacred Stones, #1)",Kate Golden,book_216b5eb35c66c322,"From Blood and Ash (Blood and Ash, #1)",Jennifer L. Armentrout
228,1752,0.68272877,book_a7558fd8c799dfb5,"The Wolf King (The Wolf King, #1)",Lauren Palphreyman,book_f9c7ec2b227b9815,Her Wolf (Wolves of Montrevere #1),Sapir A. Englard
229,233,0.65293884,book_7e43f906dc531695,"White Horse Black Nights (The Godkissed Bride, #1)",Evie Marceau,book_e58c019b58688058,"Lady of Darkness (Lady of Darkness, #1)",Melissa K. Roehrich
232,2132,0.6280457,book_7a457d5b2a87ed0c,"A Tongue so Sweet and Deadly (Compelling Fates Saga, #1)",Sophia St. Germain,book_cab6680dbc2115b4,Death Meets Cute,J. Penner
232,286,0.6015283,book_7a457d5b2a87ed0c,"A Tongue so Sweet and Deadly (Compelling Fates Saga, #1)",Sophia St. Germain,book_235474e993c58ff0,"Broken Souls and Bones (Stonegate, #1)",L.J. Andrews
233,768,0.63801706,book_e58c019b58688058,"Lady of Darkness (Lady of Darkness, #1)",Melissa K. Roehrich,book_e4c097cb7156a269,"Night Stalker (Branwyn Blood: The Exiled Fae of Texas, #0.5)",L.B. Carter
233,2573,0.63787234,book_e58c019b58688058,"Lady of Darkness (Lady of Darkness, #1)",Melissa K. Roehrich,book_be2b6ff3d285f6fb,"What Lies in Darkness (Jess Lambert, #2)",Christina McDonald
233,2248,0.6297258,book_e58c019b58688058,"Lady of Darkness (Lady of Darkness, #1)",Melissa K. Roehrich,book_829af2ae52b90aaa,"Brighter Than Nine (Darker by Four, #2)",June C.L. Tan
233,1844,0.62401354,book_e58c019b58688058,"Lady of Darkness (Lady of Darkness, #1)",Melissa K. Roehrich,book_00437c4b12f37c23,"Daughter of the Dark (Daughters of Auquis, #1)",R.J. Valldeperas
233,2052,0.62268853,book_e58c019b58688058,"Lady of Darkness (Lady of Darkness, #1)",Melissa K. Roehrich,book_7496475d16b288b0,Deep Dark Truth,Debra Webb
233,275,0.6113334,book_e58c019b58688058,"Lady of Darkness (Lady of Darkness, #1)",Melissa K. Roehrich,book_a210090a90df2ac7,"A Kiss of Iron (Shadows of the Tenebris Court, #1)",Clare Sager
233,2722,0.6102529,book_e58c019b58688058,"Lady of Darkness (Lady of Darkness, #1)",Melissa K. Roehrich,book_8cf56b09caff88cd,Daisy Darker,Alice Feeney
233,2614,0.6047672,book_e58c019b58688058,"Lady of Darkness (Lady of Darkness, #1)",Melissa K. Roehrich,book_f0de1cfd0214c828,Rouge,Mona Awad
233,1907,0.60435176,book_e58c019b58688058,"Lady of Darkness (Lady of Darkness, #1)",Melissa K. Roehrich,book_22c3eba4aa7abdd8,"Queen of Roses (Blood of a Fae, #1)",Briar Boleyn
233,1702,0.60053295,book_e58c019b58688058,"Lady of Darkness (Lady of Darkness, #1)",Melissa K. Roehrich,book_851a66772a96cb7f,Where We Go at Night,Ikwo Ntekim
234,2460,0.63527477,book_050cf7cd4e6203ee,"The Silversmith (The Selvaren, #1)",L.J. Claren,book_8d0d9be5e18b4c71,"Fate of the Sun King (Artefacts of Ouranos, #3)",Nisha J. Tuli
234,873,0.60772634,book_050cf7cd4e6203ee,"The Silversmith (The Selvaren, #1)",L.J. Claren,book_323fbe737382c7a4,"Princeweaver (Land of the Wildest Skies, #1)",Elian J. Morgan
237,275,0.61541104,book_19b6911ed6b7d479,"These Hollow Vows (These Hollow Vows, #1)",Lexi Ryan,book_a210090a90df2ac7,"A Kiss of Iron (Shadows of the Tenebris Court, #1)",Clare Sager
238,2132,0.63035876,book_348c386da8966512,Violet Thistlewaite Is Not a Villain Anymore,Emily Krempholtz,book_cab6680dbc2115b4,Death Meets Cute,J. Penner
245,1038,0.6436889,book_40dafb324311372c,The Love Hypothesis,Ali Hazelwood,book_1e65d89909f8db41,"Not in Love (Not in Love, #1)",Ali Hazelwood
245,1049,0.62402326,book_40dafb324311372c,The Love Hypothesis,Ali Hazelwood,book_37234c114420f783,"Love, Theoretically",Ali Hazelwood
246,1620,0.63542145,book_9f87db2940019435,"A Fate Inked in Blood (Saga of the Unfated, #1)",Danielle L. Jensen,book_b666fb9d65abcf56,Once Upon a Demon's Heart (Cruel Fates #1),K.M. Moronova
246,1376,0.6307545,book_9f87db2940019435,"A Fate Inked in Blood (Saga of the Unfated, #1)",Danielle L. Jensen,book_216b5eb35c66c322,"From Blood and Ash (Blood and Ash, #1)",Jennifer L. Armentrout
246,1907,0.62769383,book_9f87db2940019435,"A Fate Inked in Blood (Saga of the Unfated, #1)",Danielle L. Jensen,book_22c3eba4aa7abdd8,"Queen of Roses (Blood of a Fae, #1)",Briar Boleyn
249,576,0.6313688,book_b3a81164a91d26cd,The Keeper of Magical Things,Julie Leong,book_2ed1f015451f3f1b,"Love's a Witch (The Scottish Charms, #1)",Tricia O'Malley
249,1740,0.6137419,book_b3a81164a91d26cd,The Keeper of Magical Things,Julie Leong,book_625fc09be7686385,"Letters from the Last Apothecary (Tressport Magic, #1)",Bita Behzadi
249,255,0.6126387,book_b3a81164a91d26cd,The Keeper of Magical Things,Julie Leong,book_fd31f3b781fd685b,Twig's Traveling Tomes,Gryffin Murphy
250,576,0.67627823,book_cc9c07d0da4d0d09,"Witchful Thinking (Elemental Love, #1)",Celestine Martin,book_2ed1f015451f3f1b,"Love's a Witch (The Scottish Charms, #1)",Tricia O'Malley
250,932,0.6675355,book_cc9c07d0da4d0d09,"Witchful Thinking (Elemental Love, #1)",Celestine Martin,book_f9df428d5c8fbdbe,This Spells Love,Kate Robb
250,258,0.6605668,book_cc9c07d0da4d0d09,"Witchful Thinking (Elemental Love, #1)",Celestine Martin,book_93593d34a4c5c28b,"Rewitched (Selcouth, #1)",Lucy Jane Wood
250,251,0.65221655,book_cc9c07d0da4d0d09,"Witchful Thinking (Elemental Love, #1)",Celestine Martin,book_f5958642d0c2e766,"Kiss and Spell (Elemental Love, #2)",Celestine Martin
250,2373,0.6348537,book_cc9c07d0da4d0d09,"Witchful Thinking (Elemental Love, #1)",Celestine Martin,book_13c9967a8114c021,"Under Your Spell (Theo & Cynthie, #1)",Laura Wood
250,795,0.6248394,book_cc9c07d0da4d0d09,"Witchful Thinking (Elemental Love, #1)",Celestine Martin,book_8eff28a2598841e0,"A Witch's Guide to Fake Dating a Demon (Glimmer Falls, #1)",Sarah Hawley
250,1636,0.6178498,book_cc9c07d0da4d0d09,"Witchful Thinking (Elemental Love, #1)",Celestine Martin,book_ca6b2e6973e825e5,"Potions & Prejudice (The Moonflower Witches, #1)",Tee Harlowe
250,1009,0.60729027,book_cc9c07d0da4d0d09,"Witchful Thinking (Elemental Love, #1)",Celestine Martin,book_bf4375f7b888ebb7,Best Hex Ever,Nadia El-Fassi
250,255,0.6070048,book_cc9c07d0da4d0d09,"Witchful Thinking (Elemental Love, #1)",Celestine Martin,book_fd31f3b781fd685b,Twig's Traveling Tomes,Gryffin Murphy
250,1267,0.6068194,book_cc9c07d0da4d0d09,"Witchful Thinking (Elemental Love, #1)",Celestine Martin,book_61a051e96123a8c3,"Not the Witch You Wed (Supernatural Singles, #1)",April Asher
250,630,0.6044538,book_cc9c07d0da4d0d09,"Witchful Thinking (Elemental Love, #1)",Celestine Martin,book_1a17476ef9783c07,"The Ex Hex (The Ex Hex, #1)",Erin Sterling
250,805,0.6044538,book_cc9c07d0da4d0d09,"Witchful Thinking (Elemental Love, #1)",Celestine Martin,book_5a5bdc4966271f87,"The Ex Hex (The Ex Hex, #1)",Erin Sterling
251,932,0.61443555,book_f5958642d0c2e766,"Kiss and Spell (Elemental Love, #2)",Celestine Martin,book_f9df428d5c8fbdbe,This Spells Love,Kate Robb
252,1386,0.65094084,book_d1b4d9be0ddef234,"In the Company of Witches (Evenfall Witches B&B, #1)",Auralee Wallace,book_b144ead279905f20,"A Letter to Three Witches (A Cupcake Coven Romance, #1)",Elizabeth Bass
252,1634,0.62931055,book_d1b4d9be0ddef234,"In the Company of Witches (Evenfall Witches B&B, #1)",Auralee Wallace,book_0af4c8bcc9a86c7c,The Witch,Freida McFadden
252,1704,0.62341845,book_d1b4d9be0ddef234,"In the Company of Witches (Evenfall Witches B&B, #1)",Auralee Wallace,book_fbac83e321e3a835,"Birth of the Witch (A Coven of Three Trilogy, #1)",Nora Roberts
252,253,0.6152116,book_d1b4d9be0ddef234,"In the Company of Witches (Evenfall Witches B&B, #1)",Auralee Wallace,book_c2a11b11718ed85e,A Witch's Guide to Magical Innkeeping,Sangu Mandanna
252,1111,0.6087788,book_d1b4d9be0ddef234,"In the Company of Witches (Evenfall Witches B&B, #1)",Auralee Wallace,book_a22dbb70e1669223,Mr. & Mrs. Witch,Gwenda Bond
252,288,0.60573876,book_d1b4d9be0ddef234,"In the Company of Witches (Evenfall Witches B&B, #1)",Auralee Wallace,book_19f1548b73261976,The Once and Future Witches,Alix E. Harrow
253,255,0.64866704,book_c2a11b11718ed85e,A Witch's Guide to Magical Innkeeping,Sangu Mandanna,book_fd31f3b781fd685b,Twig's Traveling Tomes,Gryffin Murphy
253,2165,0.6140453,book_c2a11b11718ed85e,A Witch's Guide to Magical Innkeeping,Sangu Mandanna,book_6270ccb60e7176bc,Something in the Walls,Daisy Pearce
253,258,0.6085377,book_c2a11b11718ed85e,A Witch's Guide to Magical Innkeeping,Sangu Mandanna,book_93593d34a4c5c28b,"Rewitched (Selcouth, #1)",Lucy Jane Wood
256,2165,0.62202847,book_f76857abea816ee7,House of Frank,Kay Synclaire,book_6270ccb60e7176bc,Something in the Walls,Daisy Pearce
258,576,0.64676446,book_93593d34a4c5c28b,"Rewitched (Selcouth, #1)",Lucy Jane Wood,book_2ed1f015451f3f1b,"Love's a Witch (The Scottish Charms, #1)",Tricia O'Malley
258,2614,0.6147036,book_93593d34a4c5c28b,"Rewitched (Selcouth, #1)",Lucy Jane Wood,book_f0de1cfd0214c828,Rouge,Mona Awad
258,1386,0.6145636,book_93593d34a4c5c28b,"Rewitched (Selcouth, #1)",Lucy Jane Wood,book_b144ead279905f20,"A Letter to Three Witches (A Cupcake Coven Romance, #1)",Elizabeth Bass
258,1267,0.6128736,book_93593d34a4c5c28b,"Rewitched (Selcouth, #1)",Lucy Jane Wood,book_61a051e96123a8c3,"Not the Witch You Wed (Supernatural Singles, #1)",April Asher
266,267,0.7847373,book_1e50df67b34fe212,"Foundation and Empire (Foundation, #2)",Isaac Asimov,book_c1d585ca6bcc4480,"Foundation (Foundation, #1)",Isaac Asimov
270,271,0.70205724,book_5e68ca77d73918c9,"The Burning God (The Poppy War, #3)",R.F. Kuang,book_105b4bde5891ddbb,"The Poppy War (The Poppy War, #1)",R.F. Kuang
272,273,0.7539474,book_35cae359263a3c26,"The Stone Sky (The Broken Earth, #3)",N.K. Jemisin,book_1a49b38f34588e14,"The Obelisk Gate (The Broken Earth, #2)",N.K. Jemisin
272,316,0.7369013,book_35cae359263a3c26,"The Stone Sky (The Broken Earth, #3)",N.K. Jemisin,book_0121428eee7aaf8d,"The Fifth Season (The Broken Earth, #1)",N.K. Jemisin
273,316,0.61336076,book_1a49b38f34588e14,"The Obelisk Gate (The Broken Earth, #2)",N.K. Jemisin,book_0121428eee7aaf8d,"The Fifth Season (The Broken Earth, #1)",N.K. Jemisin
274,287,0.71010053,book_ed5fdede20ba6f28,"The Strength of the Few (Hierarchy, #2)",James Islington,book_b45b6664e0c12db2,"The Will of the Many (Hierarchy, #1)",James Islington
275,854,0.6072022,book_a210090a90df2ac7,"A Kiss of Iron (Shadows of the Tenebris Court, #1)",Clare Sager,book_84e8db91eddcf76c,"Long Live Evil (Time of Iron, #1)",Sarah Rees Brennan
286,2253,0.763429,book_235474e993c58ff0,"Broken Souls and Bones (Stonegate, #1)",L.J. Andrews,book_367fd81dbd1ef806,"Heir of Twisted Lies (Stonegate, #2)",L.J. Andrews
288,1704,0.6677927,book_19f1548b73261976,The Once and Future Witches,Alix E. Harrow,book_fbac83e321e3a835,"Birth of the Witch (A Coven of Three Trilogy, #1)",Nora Roberts
288,859,0.6153323,book_19f1548b73261976,The Once and Future Witches,Alix E. Harrow,book_b909fbf9a244f5d8,First Witches Club,Maisey Yates
288,1634,0.61478853,book_19f1548b73261976,The Once and Future Witches,Alix E. Harrow,book_0af4c8bcc9a86c7c,The Witch,Freida McFadden
288,872,0.61457574,book_19f1548b73261976,The Once and Future Witches,Alix E. Harrow,book_85893a56e077ab04,The Book Witch,Meg Shaffer
288,1386,0.6014743,book_19f1548b73261976,The Once and Future Witches,Alix E. Harrow,book_b144ead279905f20,"A Letter to Three Witches (A Cupcake Coven Romance, #1)",Elizabeth Bass
289,1637,0.60085857,book_3bc4ce08c160b6cb,The Push,Ashley Audrain,book_1213cf9adc93e147,The Things You'll Never Know,Ashley Audrain
290,1051,0.6224991,book_92a0dc085495b6dc,My Husband,Maud Ventura,book_54270bcaf3497de8,The Wife App,Carolyn Mackler
291,2677,0.6137997,book_79e0004998728910,Something in the Water,Catherine Steadman,book_52b0f885d0e45ed8,How Not to Drown in a Glass of Water,Angie Cruz
295,1333,0.66705596,book_4a09172ab1b8983f,The Guest List,Lucy Foley,book_d05db943a81dfe81,The Wedding Ringer,Kerry Rea
295,1323,0.64837056,book_4a09172ab1b8983f,The Guest List,Lucy Foley,book_a0b1124cc0ab54da,The Paid Bridesmaid,Sariah Wilson
295,2331,0.6156762,book_4a09172ab1b8983f,The Guest List,Lucy Foley,book_e8c9ebddc7c180c8,The Wedding People,Alison Espach
295,1027,0.61458844,book_4a09172ab1b8983f,The Guest List,Lucy Foley,book_02efe01f42dceb56,She Doesn't Have a Clue,Jenny Elder Moke
295,789,0.605243,book_4a09172ab1b8983f,The Guest List,Lucy Foley,book_f99782f659d14207,Save the Date,Mallory Kass
298,300,0.7549052,book_628d6b0094e26533,"Christmas at the Restaurant (The Nantucket Restaurant, #2)",Pamela M. Kelley,book_bd443409a79d5a70,The Restaurant (The Nantucket Restaurant #1),Pamela M. Kelley
298,1513,0.60207283,book_628d6b0094e26533,"Christmas at the Restaurant (The Nantucket Restaurant, #2)",Pamela M. Kelley,book_82e39a4b616258d1,Christmas Shopaholic,Sophie Kinsella
299,3111,0.61710894,book_4d0e8c0d4a4ff3ac,In a Holidaze,Christina Lauren,book_e44bde338eb5097e,"The Summer Children (The Collector, #3)",Dot Hutchison
300,2776,0.64257705,book_bd443409a79d5a70,The Restaurant (The Nantucket Restaurant #1),Pamela M. Kelley,book_91c259c25f6f29e1,The Hotel Nantucket,Elin Hilderbrand
302,303,0.68911475,book_ea9d5d77da172078,"The Tattooist of Auschwitz (The Tattooist of Auschwitz, #1)",Heather Morris,book_65bd52721c185a7b,"Cilka's Journey (The Tattooist of Auschwitz, #2)",Heather Morris
313,1910,0.6214328,book_a16de6405c62e340,Untamed,Glennon Doyle,book_82522556ca573522,Not The Woman You Think,Hazel Calder
317,1329,0.6143099,book_436119d71542658f,"Outlander (Outlander, #1)",Diana Gabaldon,book_597f79682fe66aff,"Go Tell the Bees That I Am Gone (Outlander, #9)",Diana Gabaldon
329,1538,0.8033185,book_5b358e098d30c085,"Ready Player One (Ready Player One, #1)",Ernest Cline,book_1f2880bda1ff6031,"Ready Player Two (Ready Player One, #2)",Ernest Cline
330,2606,0.6726148,book_337d90c0c27f24b0,Confessions of a Domestic Failure,Bunmi Laditan,book_511744b040b709fd,The Most Fun We Ever Had,Claire Lombardo
332,1552,0.7602396,book_9a02cb5f643c45df,"The Da Vinci Code (Robert Langdon, #2)",Dan Brown,book_ee0deebbcb6444fa,"Angels & Demons (Robert Langdon, #1)",Dan Brown
335,2011,0.62751365,book_2a61c423f7b6de3a,Big Little Lies,Liane Moriarty,book_0d1428f07001e575,Liar's Dice,Juliet Faithfull
339,2453,0.60948014,book_0ce63e39ba857457,The Scarlet Letter,Nathaniel Hawthorne,book_82b2c31c5d142dfe,The Invisible Hour,Alice Hoffman
343,1456,0.678191,book_1cc45ad032983a9d,"Harry Potter and the Sorcerer's Stone (Harry Potter, #1)",J.K. Rowling,book_fc1daee2cd2c00ac,"Harry Potter and the Chamber of Secrets (Harry Potter, #2)",J.K. Rowling
343,1596,0.6009381,book_1cc45ad032983a9d,"Harry Potter and the Sorcerer's Stone (Harry Potter, #1)",J.K. Rowling,book_560a466d1e4685e4,"Harry Potter and the Order of the Phoenix (Harry Potter, #5)",J.K. Rowling
344,3216,0.6373484,book_e1d27fde0fd341a2,The Girl on the Train,Paula Hawkins,book_f93ad6a2b69a0311,"The Kind Worth Killing (Henry Kimball/Lily Kintner, #1)",Peter Swanson
344,2696,0.6224395,book_e1d27fde0fd341a2,The Girl on the Train,Paula Hawkins,book_c0ff09472d554f7f,The Kind Worth Killing (Henry Kimball/Lily Kintner #1),Peter Swanson
345,349,0.6984973,book_b5c3f75ef28965fb,"Pawn of Prophecy (The Belgariad, #1)",David Eddings,book_977c9a4ec61a44bd,Enchanters' End Game (The Belgariad #5),David Eddings
350,1566,0.74166965,book_77efea1bc0690ac5,"The Hobbit, or There and Back Again",J.R.R. Tolkien,book_9c7becc494c1e7f8,"The Hobbit, Part One",J.R.R. Tolkien
353,1458,0.8873246,book_0083038ea9439c43,"The Lion, the Witch and the Wardrobe (Chronicles of Narnia, #1)",C.S. Lewis,book_4195b55c1ef80a1c,"The Lion, the Witch and the Wardrobe: A Graphic Novel",Robin Lawrie
358,431,0.64801276,book_d6f2eb8349337bfd,"Cross Check (D.C. Stars, #6)",Chelsea Curto,book_08e5f9b933c84eb0,"Face Off (D.C. Stars, #1)",Chelsea Curto
358,1866,0.6115755,book_d6f2eb8349337bfd,"Cross Check (D.C. Stars, #6)",Chelsea Curto,book_3529d4df04726f6a,Fair Game (The Rules of the Rink #1),Ruth Stilling
359,616,0.7543709,book_7316031aaaa39661,"Stamped: Racism, Antiracism, and You",Jason Reynolds,book_871f1a87e7c95a52,How to Be an Antiracist (One World Essentials),Ibram X. Kendi
360,1310,0.6509052,book_e82e4b9fb2caa807,Faire Match (Heartland Renaissance Faire Book 1),Maria Shield,book_e756c454ae074905,"Well Traveled (Well Met, #4)",Jen DeLuca
361,912,0.6260308,book_4deaefad985ece5a,Checkered Love,Mary Rebekah,book_1ccbd8e7e8ccfa8c,Formula Dreams (Race Fever #4),Sawyer Bennett
365,705,0.63707507,book_4f72e2b52147d1e0,A Pirate's Life for Tea (Tomes & Tea #2),Rebecca Thorne,book_95f2f167752a1a8d,"The Pirate's Wish (The Assassin's Curse, #2)",Cassandra Rose Clarke
366,1142,0.62369597,book_07214450b8326da4,"Problematic Summer Romance (Not in Love, #2)",Ali Hazelwood,book_b2a90242404bbd00,Real Love,Rachel Lindsay
366,2721,0.61151826,book_07214450b8326da4,"Problematic Summer Romance (Not in Love, #2)",Ali Hazelwood,book_e07562728e678696,The House in the Pines,Ana Reyes
366,2347,0.61069834,book_07214450b8326da4,"Problematic Summer Romance (Not in Love, #2)",Ali Hazelwood,book_2da58e932c4981a0,The Third Wife,Lisa Jewell
370,1526,0.70313144,book_bc825f2559421e5b,Come Together: The Science (and Art!) of Creating Lasting Sexual Connections,Emily Nagoski,book_5befe6045b6a8096,Come as You Are: The Surprising New Science that Will Transform Your Sex Life,Emily Nagoski
370,1229,0.6213491,book_bc825f2559421e5b,Come Together: The Science (and Art!) of Creating Lasting Sexual Connections,Emily Nagoski,book_655aa9c9d5edd2eb,Sex Talks: The Five Conversations That Will Transform Your Love Life,Vanessa Marin
370,1525,0.61397463,book_bc825f2559421e5b,Come Together: The Science (and Art!) of Creating Lasting Sexual Connections,Emily Nagoski,book_394eb5da57f9cdd1,A Scientific Guide to Successful Relationships,Emily Nagoski
371,836,0.6220648,book_33316b2b317cde86,Mating in Captivity: Reconciling the Erotic and the Domestic,Esther Perel,book_b018df578e59974c,Want: Sexual Fantasies by Anonymous (Submitted by Anonymous),Gillian Anderson
373,1105,0.67242175,book_dc327d938f24f0c5,"The Summer Between Us (Love in Hawaii, #1)",Jennifer Probst,book_e90a920296f179d4,Summer Reading,Jenn McKinlay
373,2162,0.62454337,book_dc327d938f24f0c5,"The Summer Between Us (Love in Hawaii, #1)",Jennifer Probst,book_1f54efb2360640f3,The Summer Share,Jenn McKinlay
373,740,0.622941,book_dc327d938f24f0c5,"The Summer Between Us (Love in Hawaii, #1)",Jennifer Probst,book_d9d086628fb6fa55,You Jump First,Myah Ariel
373,1246,0.6100357,book_dc327d938f24f0c5,"The Summer Between Us (Love in Hawaii, #1)",Jennifer Probst,book_80e52804ee53d804,Float,Kate Marchant
378,1926,0.6173384,book_0428482618a35b50,Gilded Wings,Emily Thiede,book_a61a32425f6c0e5c,Hawk & Sparrow,Ayana Gray
379,1816,0.98967224,book_4577a4c2cb34dcbb,World's Okayest Oracle (Reluctantly) Seeks Demon (Supernatural Entanglements Book 2),Olivia Dade,book_30818ee2ec908551,World's Okayest Oracle (Reluctantly) Seeks Demon (Supernatural Entanglements),Olivia Dade
379,855,0.61069846,book_4577a4c2cb34dcbb,World's Okayest Oracle (Reluctantly) Seeks Demon (Supernatural Entanglements Book 2),Olivia Dade,book_794669efa4a3cb73,Zomromcom (Supernatural Entanglements Book 1),Olivia Dade
382,896,0.64573514,book_b097565b2e342082,The Time Traveler's Wife,Audrey Niffenegger,book_f877a775f63a4f26,Time for You,Elizabeth Davis
383,2476,0.60979676,book_e17290233a86874b,Solar Eclipse of the Heart,Kate Robb,book_e9666bc759562e78,The Astrology House,Carinn Jade
384,2156,0.6382834,book_99d721408b518b66,My Unfamiliar,Mara Rutherford,book_ed0ba1b8012f7a5d,"Strange Familiars (Seamere College, #1)",Keshe Chow
389,401,0.6112548,book_d5dcd4b1c795a476,"Caught on Camera (Love Through a Lens, #1)",Chelsea Curto,book_1027e9ecde360e02,"Off Camera (Love Through a Lens, #3)",Chelsea Curto
401,431,0.62492645,book_1027e9ecde360e02,"Off Camera (Love Through a Lens, #3)",Chelsea Curto,book_08e5f9b933c84eb0,"Face Off (D.C. Stars, #1)",Chelsea Curto
401,1040,0.6119837,book_1027e9ecde360e02,"Off Camera (Love Through a Lens, #3)",Chelsea Curto,book_65bfd981f5ea2b84,Same Time Next Year,Tessa Bailey
401,409,0.61130804,book_1027e9ecde360e02,"Off Camera (Love Through a Lens, #3)",Chelsea Curto,book_b1d996c1ec40af1c,"Sin Bin (D.C. Stars, #5)",Chelsea Curto
403,3237,0.6767534,book_f2810b449d98f84f,"Tattered Tides (Celestia Cove, #1)",Sarah A. Bailey,book_122fc01253d39777,Tidal,Emily Snow
403,931,0.6168637,book_f2810b449d98f84f,"Tattered Tides (Celestia Cove, #1)",Sarah A. Bailey,book_0ea2507848cf6d7f,Second Tide's the Charm,Chandra Blumberg
403,749,0.6004302,book_f2810b449d98f84f,"Tattered Tides (Celestia Cove, #1)",Sarah A. Bailey,book_249620cd80434c3a,Beyond the Break (Saltwater Springs #1),Tanisha Headley
405,625,0.73159415,book_b1dad0dc15d7ebe9,The Holiday Swap,Maggie Knox,book_54eec033f6b37d74,The Holiday Swap,Maggie Knox
408,879,0.72656155,book_b8a69a870b880377,"The Deal (Off-Campus, #1)",Elle Kennedy,book_94b9ea8e1f88d164,"The Score (Off-Campus, #3)",Elle Kennedy
408,1864,0.68556464,book_b8a69a870b880377,"The Deal (Off-Campus, #1)",Elle Kennedy,book_276f80d1a72dbdb7,"Just Playing for Keeps (Hockey Ever After, #2)",Lauren Blakely
408,1850,0.6577806,book_b8a69a870b880377,"The Deal (Off-Campus, #1)",Elle Kennedy,book_c242c56a70aab2aa,"The Mistake (Off-Campus, #2)",Elle Kennedy
408,409,0.6571798,book_b8a69a870b880377,"The Deal (Off-Campus, #1)",Elle Kennedy,book_b1d996c1ec40af1c,"Sin Bin (D.C. Stars, #5)",Chelsea Curto
408,3257,0.64936554,book_b8a69a870b880377,"The Deal (Off-Campus, #1)",Elle Kennedy,book_73d6d675ebca1036,"Be with Me (Wait for You, #2)",J. Lynn
408,868,0.63831794,book_b8a69a870b880377,"The Deal (Off-Campus, #1)",Elle Kennedy,book_63ec0431094f3965,The Final Score,Lana Ferguson
408,2135,0.62693334,book_b8a69a870b880377,"The Deal (Off-Campus, #1)",Elle Kennedy,book_bafc56bd289596c2,The Good Girl Exception (Hellcats Hockey #2),Maren Moore
408,1015,0.62023896,book_b8a69a870b880377,"The Deal (Off-Campus, #1)",Elle Kennedy,book_456656e13e6c716d,"Pucked Over (Pucked, #3)",Helena Hunting
408,730,0.6191926,book_b8a69a870b880377,"The Deal (Off-Campus, #1)",Elle Kennedy,book_9360c1ee0c7c01b1,"Fire and Ice (Boston Bobcats, #2)",Carly Robyn
408,1017,0.6178003,book_b8a69a870b880377,"The Deal (Off-Campus, #1)",Elle Kennedy,book_f71ad8a30439877b,"Pucked (Pucked, #1)",Helena Hunting
408,886,0.6158947,book_b8a69a870b880377,"The Deal (Off-Campus, #1)",Elle Kennedy,book_e18f690eb05b0872,"Pitcher Perfect (Big Shots, #4)",Tessa Bailey
408,1040,0.61507595,book_b8a69a870b880377,"The Deal (Off-Campus, #1)",Elle Kennedy,book_65bfd981f5ea2b84,Same Time Next Year,Tessa Bailey
408,738,0.6126535,book_b8a69a870b880377,"The Deal (Off-Campus, #1)",Elle Kennedy,book_f21f130ee8190eb9,Evening the Score,Lexi LaFleur Brown
408,2701,0.61015815,book_b8a69a870b880377,"The Deal (Off-Campus, #1)",Elle Kennedy,book_63d665daca3cb17e,"Icebreaker (Maple Hills, #1)",Hannah Grace
408,591,0.60265374,book_b8a69a870b880377,"The Deal (Off-Campus, #1)",Elle Kennedy,book_e69ea3449294aa8f,"Heated Rivalry (Game Changers, #2)",Rachel Reid
409,2701,0.65452385,book_b1d996c1ec40af1c,"Sin Bin (D.C. Stars, #5)",Chelsea Curto,book_63d665daca3cb17e,"Icebreaker (Maple Hills, #1)",Hannah Grace
409,2275,0.6458781,book_b1d996c1ec40af1c,"Sin Bin (D.C. Stars, #5)",Chelsea Curto,book_16d62048152b5e42,The Favorites,Layne Fargo
409,738,0.6083624,book_b1d996c1ec40af1c,"Sin Bin (D.C. Stars, #5)",Chelsea Curto,book_f21f130ee8190eb9,Evening the Score,Lexi LaFleur Brown
409,868,0.600711,book_b1d996c1ec40af1c,"Sin Bin (D.C. Stars, #5)",Chelsea Curto,book_63ec0431094f3965,The Final Score,Lana Ferguson
409,2272,0.6000048,book_b1d996c1ec40af1c,"Sin Bin (D.C. Stars, #5)",Chelsea Curto,book_ac6491c4242e37b3,"Cloud Nine (Snowy Peak, #1)",Amanda Sinatra
410,732,0.626806,book_47a492ed64de1e38,Wreck My Plans,Jillian Meadows,book_ce7daaaf51708175,The Roommate Rule,Georgia Stone
412,2532,0.6113054,book_5c385168fed3557b,The Bodyguard Affair,Amy Lea,book_842d448f537c60b1,Cover Story,Rachel Lacey
415,579,0.6954391,book_2ca2b3fea53221d2,"Falling for Ellen (Falling, #2)",Kaitlin Collins,book_4533c98fc420b2db,Falling for Scotland,Kaitlin Collins
415,1910,0.6161664,book_2ca2b3fea53221d2,"Falling for Ellen (Falling, #2)",Kaitlin Collins,book_82522556ca573522,Not The Woman You Think,Hazel Calder
417,1710,0.61228466,book_23f1745498f29312,"It Seemed Like a Good Idea (Darling Springs, #1)",Lauren Blakely,book_049bbc4a7ce78b8f,"I've Got a Crush on You (Darling Springs, #2)",Lauren Blakely
418,722,0.99195135,book_a205bf5954f8c7aa,Honey Bee Mine,Sarah T. Dubb,book_b98b8b7b5563f009,Honey Bee Mine,Sarah T. Dubb
419,1290,0.6395845,book_01438f6289e7f597,Kissing Bandit (Love at the Lake #1),Margaret Rose,book_90efe12f675ad2be,"Love on the Lake (Lakeside, #2)",Helena Hunting
419,983,0.61864126,book_01438f6289e7f597,Kissing Bandit (Love at the Lake #1),Margaret Rose,book_ff602d33e490bb6b,Kissing Toads,Danissa Wilson
420,738,0.6238177,book_a6d20d893d5a6d69,Cold As Ice (Wilder Wolves),Laurea Matthews,book_f21f130ee8190eb9,Evening the Score,Lexi LaFleur Brown
421,919,0.6110573,book_b97b1bbc6085d2e3,Off the Hook (Never Harbor),Julie Olivia,book_927d7cd2148b69e7,Last on the List (Wait With Me #5),Amy Daws
421,2606,0.6017559,book_b97b1bbc6085d2e3,Off the Hook (Never Harbor),Julie Olivia,book_511744b040b709fd,The Most Fun We Ever Had,Claire Lombardo
423,455,0.78356284,book_97f66ba297419ef8,"Horse Show (Saddle Club, #8)",Bonnie Bryant,book_205afbb25799c360,"Horse Shy (Saddle Club, #2)",Bonnie Bryant
423,518,0.7809924,book_97f66ba297419ef8,"Horse Show (Saddle Club, #8)",Bonnie Bryant,book_43d6274fcb406433,"Horse Wise (Saddle Club, #11)",Bonnie Bryant
423,439,0.7645399,book_97f66ba297419ef8,"Horse Show (Saddle Club, #8)",Bonnie Bryant,book_15c6e45ab5de2f3c,"High Horse (Saddle Club, #33)",Bonnie Bryant
423,493,0.75885165,book_97f66ba297419ef8,"Horse Show (Saddle Club, #8)",Bonnie Bryant,book_3d6950164ebe5205,"Horse Play (Saddle Club, #7)",Bonnie Bryant
423,451,0.75217223,book_97f66ba297419ef8,"Horse Show (Saddle Club, #8)",Bonnie Bryant,book_3add8af5fd91c7c5,"Horse Wise (Saddle Club, #11)",Bonnie Bryant
423,454,0.7479204,book_97f66ba297419ef8,"Horse Show (Saddle Club, #8)",Bonnie Bryant,book_bb11d9ac109bce9f,"Horse Power (Saddle Club, #4)",Bonnie Bryant
423,453,0.74726653,book_97f66ba297419ef8,"Horse Show (Saddle Club, #8)",Bonnie Bryant,book_64babb7484bf4745,"Horse Crazy (Saddle Club, #1)",Bonnie Bryant
423,537,0.7471268,book_97f66ba297419ef8,"Horse Show (Saddle Club, #8)",Bonnie Bryant,book_ddd91a47fb5dd3bc,"Best Friends (Saddle Club, #101)",Bonnie Bryant
423,515,0.743592,book_97f66ba297419ef8,"Horse Show (Saddle Club, #8)",Bonnie Bryant,book_9c9f52e237e7c4e7,"Yankee Swap (Saddle Club, #50)",Bonnie Bryant
423,456,0.7426604,book_97f66ba297419ef8,"Horse Show (Saddle Club, #8)",Bonnie Bryant,book_cf27e0168a2d2dca,"Horse Sense (Saddle Club, #3)",Bonnie Bryant
423,424,0.7346566,book_97f66ba297419ef8,"Horse Show (Saddle Club, #8)",Bonnie Bryant,book_906095cf9503cebc,"Trail Mates (Saddle Club, #5)",Bonnie Bryant
423,452,0.73103046,book_97f66ba297419ef8,"Horse Show (Saddle Club, #8)",Bonnie Bryant,book_21728dd022425a84,"Horse Play (Saddle Club, #7)",Bonnie Bryant
423,426,0.72993064,book_97f66ba297419ef8,"Horse Show (Saddle Club, #8)",Bonnie Bryant,book_93f3c20a5f2a5396,"Riding Camp (Saddle Club, #10)",Bonnie Bryant
423,554,0.7267908,book_97f66ba297419ef8,"Horse Show (Saddle Club, #8)",Bonnie Bryant,book_3e6962f28655d385,"Horse Magic (Saddle Club, #47)",Bonnie Bryant
423,527,0.72405356,book_97f66ba297419ef8,"Horse Show (Saddle Club, #8)",Bonnie Bryant,book_303967d60e61d062,"Horse-Sitters (Saddle Club, #53)",Bonnie Bryant
424,456,0.8445083,book_906095cf9503cebc,"Trail Mates (Saddle Club, #5)",Bonnie Bryant,book_cf27e0168a2d2dca,"Horse Sense (Saddle Club, #3)",Bonnie Bryant
424,454,0.8444158,book_906095cf9503cebc,"Trail Mates (Saddle Club, #5)",Bonnie Bryant,book_bb11d9ac109bce9f,"Horse Power (Saddle Club, #4)",Bonnie Bryant
424,446,0.834658,book_906095cf9503cebc,"Trail Mates (Saddle Club, #5)",Bonnie Bryant,book_186cc4cfbccd92a1,"Horse Games (Saddle Club, #16)",Bonnie Bryant
424,537,0.8263469,book_906095cf9503cebc,"Trail Mates (Saddle Club, #5)",Bonnie Bryant,book_ddd91a47fb5dd3bc,"Best Friends (Saddle Club, #101)",Bonnie Bryant
424,455,0.81454647,book_906095cf9503cebc,"Trail Mates (Saddle Club, #5)",Bonnie Bryant,book_205afbb25799c360,"Horse Shy (Saddle Club, #2)",Bonnie Bryant
424,427,0.80682975,book_906095cf9503cebc,"Trail Mates (Saddle Club, #5)",Bonnie Bryant,book_d28c6680f8202cfe,"Dude Ranch (Saddle Club, #6)",Bonnie Bryant
424,438,0.8048516,book_906095cf9503cebc,"Trail Mates (Saddle Club, #5)",Bonnie Bryant,book_310beec8f6618d70,"Silver Stirrups (Saddle Club, #65)",Bonnie Bryant
424,528,0.8002582,book_906095cf9503cebc,"Trail Mates (Saddle Club, #5)",Bonnie Bryant,book_377fbb85b328e3f3,"Stray Horse (Saddle Club, #100)",Bonnie Bryant
424,426,0.7986078,book_906095cf9503cebc,"Trail Mates (Saddle Club, #5)",Bonnie Bryant,book_93f3c20a5f2a5396,"Riding Camp (Saddle Club, #10)",Bonnie Bryant
424,439,0.7965925,book_906095cf9503cebc,"Trail Mates (Saddle Club, #5)",Bonnie Bryant,book_15c6e45ab5de2f3c,"High Horse (Saddle Club, #33)",Bonnie Bryant
424,556,0.79303813,book_906095cf9503cebc,"Trail Mates (Saddle Club, #5)",Bonnie Bryant,book_4ddd5ef6448c9f45,"Ranch Hands (Saddle Club, #29)",Bonnie Bryant
424,453,0.791788,book_906095cf9503cebc,"Trail Mates (Saddle Club, #5)",Bonnie Bryant,book_64babb7484bf4745,"Horse Crazy (Saddle Club, #1)",Bonnie Bryant
424,491,0.7917206,book_906095cf9503cebc,"Trail Mates (Saddle Club, #5)",Bonnie Bryant,book_4539e07773c16c96,"Nightmare (Saddle Club Super Edition, #6)",Bonnie Bryant
424,525,0.7914784,book_906095cf9503cebc,"Trail Mates (Saddle Club, #5)",Bonnie Bryant,book_00f7f811a105ee56,"Trail Ride (Saddle Club, #99)",Bonnie Bryant
424,507,0.7899768,book_906095cf9503cebc,"Trail Mates (Saddle Club, #5)",Bonnie Bryant,book_312dd58cd2f0791a,"Summer Horse (Saddle Club, #67)",Bonnie Bryant
425,537,0.7204653,book_f902fec5672cd5bf,"Starlight Christmas (Saddle Club, #13)",Bonnie Bryant,book_ddd91a47fb5dd3bc,"Best Friends (Saddle Club, #101)",Bonnie Bryant
425,553,0.71114457,book_f902fec5672cd5bf,"Starlight Christmas (Saddle Club, #13)",Bonnie Bryant,book_255adb0e23959454,"Autumn Trail (Saddle Club, #30)",Bonnie Bryant
425,472,0.7053387,book_f902fec5672cd5bf,"Starlight Christmas (Saddle Club, #13)",Bonnie Bryant,book_669af3df338fae1c,"Western Star (Saddle Club Super Edition, #3)",Bonnie Bryant
425,519,0.69159853,book_f902fec5672cd5bf,"Starlight Christmas (Saddle Club, #13)",Bonnie Bryant,book_f93759b6920f1b24,"Sea Horse (Saddle Club, #14)",Bonnie Bryant
425,432,0.6611313,book_f902fec5672cd5bf,"Starlight Christmas (Saddle Club, #13)",Bonnie Bryant,book_191f7524aca5213e,"Racehorse (Saddle Club, #21)",Bonnie Bryant
425,497,0.6564652,book_f902fec5672cd5bf,"Starlight Christmas (Saddle Club, #13)",Bonnie Bryant,book_b8e31a8644b66b66,"Summer Rider (Saddle Club, #68)",Bonnie Bryant
424,425,0.645006,book_906095cf9503cebc,"Trail Mates (Saddle Club, #5)",Bonnie Bryant,book_f902fec5672cd5bf,"Starlight Christmas (Saddle Club, #13)",Bonnie Bryant
425,438,0.63575673,book_f902fec5672cd5bf,"Starlight Christmas (Saddle Club, #13)",Bonnie Bryant,book_310beec8f6618d70,"Silver Stirrups (Saddle Club, #65)",Bonnie Bryant
425,455,0.6353742,book_f902fec5672cd5bf,"Starlight Christmas (Saddle Club, #13)",Bonnie Bryant,book_205afbb25799c360,"Horse Shy (Saddle Club, #2)",Bonnie Bryant
425,533,0.63491,book_f902fec5672cd5bf,"Starlight Christmas (Saddle Club, #13)",Bonnie Bryant,book_961e7fa924c293b6,"Holiday Horse (Saddle Club, #72)",Bonnie Bryant
425,528,0.6306212,book_f902fec5672cd5bf,"Starlight Christmas (Saddle Club, #13)",Bonnie Bryant,book_377fbb85b328e3f3,"Stray Horse (Saddle Club, #100)",Bonnie Bryant
425,491,0.6305213,book_f902fec5672cd5bf,"Starlight Christmas (Saddle Club, #13)",Bonnie Bryant,book_4539e07773c16c96,"Nightmare (Saddle Club Super Edition, #6)",Bonnie Bryant
425,545,0.6277983,book_f902fec5672cd5bf,"Starlight Christmas (Saddle Club, #13)",Bonnie Bryant,book_9aa0175f8ef92aed,"The Long Ride (Pine Hollow, #1)",Bonnie Bryant
425,485,0.6192895,book_f902fec5672cd5bf,"Starlight Christmas (Saddle Club, #13)",Bonnie Bryant,book_7f8b0cc76746b685,"Lucky Horse (Saddle Club, #89)",Bonnie Bryant
425,522,0.61668664,book_f902fec5672cd5bf,"Starlight Christmas (Saddle Club, #13)",Bonnie Bryant,book_e920ab05b05105d8,"Phantom Horse (Saddle Club, #59)",Bonnie Bryant
426,507,0.84907305,book_93f3c20a5f2a5396,"Riding Camp (Saddle Club, #10)",Bonnie Bryant,book_312dd58cd2f0791a,"Summer Horse (Saddle Club, #67)",Bonnie Bryant
426,497,0.8452858,book_93f3c20a5f2a5396,"Riding Camp (Saddle Club, #10)",Bonnie Bryant,book_b8e31a8644b66b66,"Summer Rider (Saddle Club, #68)",Bonnie Bryant
426,543,0.7971358,book_93f3c20a5f2a5396,"Riding Camp (Saddle Club, #10)",Bonnie Bryant,book_4307ce4cbf3d1a4e,"Pack Trip (Saddle Club, #18)",Bonnie Bryant
426,456,0.77570206,book_93f3c20a5f2a5396,"Riding Camp (Saddle Club, #10)",Bonnie Bryant,book_cf27e0168a2d2dca,"Horse Sense (Saddle Club, #3)",Bonnie Bryant
426,439,0.7702658,book_93f3c20a5f2a5396,"Riding Camp (Saddle Club, #10)",Bonnie Bryant,book_15c6e45ab5de2f3c,"High Horse (Saddle Club, #33)",Bonnie Bryant
426,446,0.76670504,book_93f3c20a5f2a5396,"Riding Camp (Saddle Club, #10)",Bonnie Bryant,book_186cc4cfbccd92a1,"Horse Games (Saddle Club, #16)",Bonnie Bryant
426,453,0.7637249,book_93f3c20a5f2a5396,"Riding Camp (Saddle Club, #10)",Bonnie Bryant,book_64babb7484bf4745,"Horse Crazy (Saddle Club, #1)",Bonnie Bryant
426,551,0.76251256,book_93f3c20a5f2a5396,"Riding Camp (Saddle Club, #10)",Bonnie Bryant,book_b110b70876dd6fe2,"Horse Trouble (Saddle Club, #23)",Bonnie Bryant
426,537,0.76223993,book_93f3c20a5f2a5396,"Riding Camp (Saddle Club, #10)",Bonnie Bryant,book_ddd91a47fb5dd3bc,"Best Friends (Saddle Club, #101)",Bonnie Bryant
426,427,0.75998056,book_93f3c20a5f2a5396,"Riding Camp (Saddle Club, #10)",Bonnie Bryant,book_d28c6680f8202cfe,"Dude Ranch (Saddle Club, #6)",Bonnie Bryant
426,556,0.7595877,book_93f3c20a5f2a5396,"Riding Camp (Saddle Club, #10)",Bonnie Bryant,book_4ddd5ef6448c9f45,"Ranch Hands (Saddle Club, #29)",Bonnie Bryant
426,448,0.7593591,book_93f3c20a5f2a5396,"Riding Camp (Saddle Club, #10)",Bonnie Bryant,book_64f8dd953cc9c2d2,"Rodeo Rider (Saddle Club, #12)",Bonnie Bryant
426,474,0.7581916,book_93f3c20a5f2a5396,"Riding Camp (Saddle Club, #10)",Bonnie Bryant,book_e4925f5d787d53b8,"Horseshoe (Saddle Club, #44)",Bonnie Bryant
426,436,0.75082624,book_93f3c20a5f2a5396,"Riding Camp (Saddle Club, #10)",Bonnie Bryant,book_cb3db40205e6bb85,"Saddlebags (Saddle Club, #42)",Bonnie Bryant
427,556,0.8076024,book_d28c6680f8202cfe,"Dude Ranch (Saddle Club, #6)",Bonnie Bryant,book_4ddd5ef6448c9f45,"Ranch Hands (Saddle Club, #29)",Bonnie Bryant
427,436,0.7980424,book_d28c6680f8202cfe,"Dude Ranch (Saddle Club, #6)",Bonnie Bryant,book_cb3db40205e6bb85,"Saddlebags (Saddle Club, #42)",Bonnie Bryant
427,494,0.7967385,book_d28c6680f8202cfe,"Dude Ranch (Saddle Club, #6)",Bonnie Bryant,book_cfe8c2565b6d8d62,"Quarter Horse (Saddle Club, #82)",Bonnie Bryant
427,448,0.79561263,book_d28c6680f8202cfe,"Dude Ranch (Saddle Club, #6)",Bonnie Bryant,book_64f8dd953cc9c2d2,"Rodeo Rider (Saddle Club, #12)",Bonnie Bryant
427,493,0.78924227,book_d28c6680f8202cfe,"Dude Ranch (Saddle Club, #6)",Bonnie Bryant,book_3d6950164ebe5205,"Horse Play (Saddle Club, #7)",Bonnie Bryant
427,539,0.78794706,book_d28c6680f8202cfe,"Dude Ranch (Saddle Club, #6)",Bonnie Bryant,book_f4be2a64fdb39a36,"Horse Tale (Saddle Club, #35)",Bonnie Bryant
427,445,0.76677823,book_d28c6680f8202cfe,"Dude Ranch (Saddle Club, #6)",Bonnie Bryant,book_39c136ea9bed1161,"Ghost Rider (Saddle Club, #24)",Bonnie Bryant
427,454,0.75793564,book_d28c6680f8202cfe,"Dude Ranch (Saddle Club, #6)",Bonnie Bryant,book_bb11d9ac109bce9f,"Horse Power (Saddle Club, #4)",Bonnie Bryant
427,453,0.7511108,book_d28c6680f8202cfe,"Dude Ranch (Saddle Club, #6)",Bonnie Bryant,book_64babb7484bf4745,"Horse Crazy (Saddle Club, #1)",Bonnie Bryant
427,466,0.7480306,book_d28c6680f8202cfe,"Dude Ranch (Saddle Club, #6)",Bonnie Bryant,book_8dbaddfd4ccb6dfe,THE SADDLE CLUB: HORSE WISE AND RODEO RIDER.,Bonnie. Bryant
427,439,0.74590445,book_d28c6680f8202cfe,"Dude Ranch (Saddle Club, #6)",Bonnie Bryant,book_15c6e45ab5de2f3c,"High Horse (Saddle Club, #33)",Bonnie Bryant
427,489,0.7453148,book_d28c6680f8202cfe,"Dude Ranch (Saddle Club, #6)",Bonnie Bryant,book_107bcbdc2ca9789a,"Wagon Trail (Saddle Club, #81)",Bonnie Bryant
427,455,0.74057096,book_d28c6680f8202cfe,"Dude Ranch (Saddle Club, #6)",Bonnie Bryant,book_205afbb25799c360,"Horse Shy (Saddle Club, #2)",Bonnie Bryant
428,431,0.6248764,book_19b15bc8b33988eb,"Hat Trick (D.C. Stars, #4)",Chelsea Curto,book_08e5f9b933c84eb0,"Face Off (D.C. Stars, #1)",Chelsea Curto
431,730,0.65946025,book_08e5f9b933c84eb0,"Face Off (D.C. Stars, #1)",Chelsea Curto,book_9360c1ee0c7c01b1,"Fire and Ice (Boston Bobcats, #2)",Carly Robyn
431,1864,0.6260594,book_08e5f9b933c84eb0,"Face Off (D.C. Stars, #1)",Chelsea Curto,book_276f80d1a72dbdb7,"Just Playing for Keeps (Hockey Ever After, #2)",Lauren Blakely
431,1017,0.615311,book_08e5f9b933c84eb0,"Face Off (D.C. Stars, #1)",Chelsea Curto,book_f71ad8a30439877b,"Pucked (Pucked, #1)",Helena Hunting
431,738,0.6104687,book_08e5f9b933c84eb0,"Face Off (D.C. Stars, #1)",Chelsea Curto,book_f21f130ee8190eb9,Evening the Score,Lexi LaFleur Brown
432,454,0.794575,book_191f7524aca5213e,"Racehorse (Saddle Club, #21)",Bonnie Bryant,book_bb11d9ac109bce9f,"Horse Power (Saddle Club, #4)",Bonnie Bryant
432,485,0.7775843,book_191f7524aca5213e,"Racehorse (Saddle Club, #21)",Bonnie Bryant,book_7f8b0cc76746b685,"Lucky Horse (Saddle Club, #89)",Bonnie Bryant
432,455,0.77123904,book_191f7524aca5213e,"Racehorse (Saddle Club, #21)",Bonnie Bryant,book_205afbb25799c360,"Horse Shy (Saddle Club, #2)",Bonnie Bryant
432,496,0.7680453,book_191f7524aca5213e,"Racehorse (Saddle Club, #21)",Bonnie Bryant,book_f86a91da104d9ae7,"Gold Medal Horse (Saddle Club, #55)",Bonnie Bryant
432,465,0.7625425,book_191f7524aca5213e,"Racehorse (Saddle Club, #21)",Bonnie Bryant,book_9c77c2dc89eba43d,"Broken Horse (Saddle Club, #61)",Bonnie Bryant
432,540,0.76089346,book_191f7524aca5213e,"Racehorse (Saddle Club, #21)",Bonnie Bryant,book_0610aaec503a12a6,"Horse Whispers (Saddle Club, #74)",Bonnie Bryant
432,527,0.75365925,book_191f7524aca5213e,"Racehorse (Saddle Club, #21)",Bonnie Bryant,book_303967d60e61d062,"Horse-Sitters (Saddle Club, #53)",Bonnie Bryant
432,441,0.7536063,book_191f7524aca5213e,"Racehorse (Saddle Club, #21)",Bonnie Bryant,book_020f80cc0fca5a0a,"Star Rider (Saddle Club, #19)",Bonnie Bryant
432,518,0.7482539,book_191f7524aca5213e,"Racehorse (Saddle Club, #21)",Bonnie Bryant,book_43d6274fcb406433,"Horse Wise (Saddle Club, #11)",Bonnie Bryant
432,539,0.7436009,book_191f7524aca5213e,"Racehorse (Saddle Club, #21)",Bonnie Bryant,book_f4be2a64fdb39a36,"Horse Tale (Saddle Club, #35)",Bonnie Bryant
432,466,0.7426287,book_191f7524aca5213e,"Racehorse (Saddle Club, #21)",Bonnie Bryant,book_8dbaddfd4ccb6dfe,THE SADDLE CLUB: HORSE WISE AND RODEO RIDER.,Bonnie. Bryant
432,438,0.74030083,book_191f7524aca5213e,"Racehorse (Saddle Club, #21)",Bonnie Bryant,book_310beec8f6618d70,"Silver Stirrups (Saddle Club, #65)",Bonnie Bryant
424,432,0.73890543,book_906095cf9503cebc,"Trail Mates (Saddle Club, #5)",Bonnie Bryant,book_191f7524aca5213e,"Racehorse (Saddle Club, #21)",Bonnie Bryant
432,495,0.738074,book_191f7524aca5213e,"Racehorse (Saddle Club, #21)",Bonnie Bryant,book_e9f3d63f42fa3f13,"Gold Medal Rider (Saddle Club, #54)",Bonnie Bryant
432,474,0.7372719,book_191f7524aca5213e,"Racehorse (Saddle Club, #21)",Bonnie Bryant,book_e4925f5d787d53b8,"Horseshoe (Saddle Club, #44)",Bonnie Bryant
433,491,0.7366241,book_96215a009f856a75,"Purebred (Saddle Club, #39)",Bonnie Bryant,book_4539e07773c16c96,"Nightmare (Saddle Club Super Edition, #6)",Bonnie Bryant
433,438,0.71642053,book_96215a009f856a75,"Purebred (Saddle Club, #39)",Bonnie Bryant,book_310beec8f6618d70,"Silver Stirrups (Saddle Club, #65)",Bonnie Bryant
433,514,0.71468836,book_96215a009f856a75,"Purebred (Saddle Club, #39)",Bonnie Bryant,book_e454b43cfb2355a0,Carole: The Inside Story (Saddle Club Inside Stories),Bonnie Bryant
424,433,0.70736337,book_906095cf9503cebc,"Trail Mates (Saddle Club, #5)",Bonnie Bryant,book_96215a009f856a75,"Purebred (Saddle Club, #39)",Bonnie Bryant
433,507,0.69934773,book_96215a009f856a75,"Purebred (Saddle Club, #39)",Bonnie Bryant,book_312dd58cd2f0791a,"Summer Horse (Saddle Club, #67)",Bonnie Bryant
433,545,0.69664323,book_96215a009f856a75,"Purebred (Saddle Club, #39)",Bonnie Bryant,book_9aa0175f8ef92aed,"The Long Ride (Pine Hollow, #1)",Bonnie Bryant
432,433,0.69466054,book_191f7524aca5213e,"Racehorse (Saddle Club, #21)",Bonnie Bryant,book_96215a009f856a75,"Purebred (Saddle Club, #39)",Bonnie Bryant
433,455,0.6812322,book_96215a009f856a75,"Purebred (Saddle Club, #39)",Bonnie Bryant,book_205afbb25799c360,"Horse Shy (Saddle Club, #2)",Bonnie Bryant
433,453,0.6765536,book_96215a009f856a75,"Purebred (Saddle Club, #39)",Bonnie Bryant,book_64babb7484bf4745,"Horse Crazy (Saddle Club, #1)",Bonnie Bryant
433,518,0.6755005,book_96215a009f856a75,"Purebred (Saddle Club, #39)",Bonnie Bryant,book_43d6274fcb406433,"Horse Wise (Saddle Club, #11)",Bonnie Bryant
433,538,0.6718868,book_96215a009f856a75,"Purebred (Saddle Club, #39)",Bonnie Bryant,book_a78a422837c2f4e1,"Horseflies (Saddle Club, #78)",Bonnie Bryant
433,540,0.6678071,book_96215a009f856a75,"Purebred (Saddle Club, #39)",Bonnie Bryant,book_0610aaec503a12a6,"Horse Whispers (Saddle Club, #74)",Bonnie Bryant
433,454,0.66751456,book_96215a009f856a75,"Purebred (Saddle Club, #39)",Bonnie Bryant,book_bb11d9ac109bce9f,"Horse Power (Saddle Club, #4)",Bonnie Bryant
433,465,0.6618682,book_96215a009f856a75,"Purebred (Saddle Club, #39)",Bonnie Bryant,book_9c77c2dc89eba43d,"Broken Horse (Saddle Club, #61)",Bonnie Bryant
433,502,0.6611583,book_96215a009f856a75,"Purebred (Saddle Club, #39)",Bonnie Bryant,book_0d1d8a2d1ac388bf,"Schooling Horse (Saddle Club, #84)",Bonnie Bryant
434,478,0.7755096,book_9bb86703883fa386,"Bridle Path (Saddle Club, #27)",Bonnie Bryant,book_b8b2bc244df4d1f3,"Riding Lesson (Saddle Club, #36)",Bonnie Bryant
434,496,0.75602376,book_9bb86703883fa386,"Bridle Path (Saddle Club, #27)",Bonnie Bryant,book_f86a91da104d9ae7,"Gold Medal Horse (Saddle Club, #55)",Bonnie Bryant
434,455,0.7453098,book_9bb86703883fa386,"Bridle Path (Saddle Club, #27)",Bonnie Bryant,book_205afbb25799c360,"Horse Shy (Saddle Club, #2)",Bonnie Bryant
434,439,0.7366703,book_9bb86703883fa386,"Bridle Path (Saddle Club, #27)",Bonnie Bryant,book_15c6e45ab5de2f3c,"High Horse (Saddle Club, #33)",Bonnie Bryant
434,527,0.731738,book_9bb86703883fa386,"Bridle Path (Saddle Club, #27)",Bonnie Bryant,book_303967d60e61d062,"Horse-Sitters (Saddle Club, #53)",Bonnie Bryant
434,460,0.73158664,book_9bb86703883fa386,"Bridle Path (Saddle Club, #27)",Bonnie Bryant,book_280eda4e914bd8b4,"Flying Horse (Saddle Club, #46)",Bonnie Bryant
434,466,0.7292489,book_9bb86703883fa386,"Bridle Path (Saddle Club, #27)",Bonnie Bryant,book_8dbaddfd4ccb6dfe,THE SADDLE CLUB: HORSE WISE AND RODEO RIDER.,Bonnie. Bryant
434,447,0.72769654,book_9bb86703883fa386,"Bridle Path (Saddle Club, #27)",Bonnie Bryant,book_d05bbb7f67825452,"A Summer Without Horses (Saddle Club Super Edition, #1)",Bonnie Bryant
434,461,0.7220839,book_9bb86703883fa386,"Bridle Path (Saddle Club, #27)",Bonnie Bryant,book_b83a1c85eaf7d151,"Riding Class (Saddle Club, #52)",Bonnie Bryant
434,465,0.7216021,book_9bb86703883fa386,"Bridle Path (Saddle Club, #27)",Bonnie Bryant,book_9c77c2dc89eba43d,"Broken Horse (Saddle Club, #61)",Bonnie Bryant
434,454,0.7185705,book_9bb86703883fa386,"Bridle Path (Saddle Club, #27)",Bonnie Bryant,book_bb11d9ac109bce9f,"Horse Power (Saddle Club, #4)",Bonnie Bryant
434,437,0.7183406,book_9bb86703883fa386,"Bridle Path (Saddle Club, #27)",Bonnie Bryant,book_e66a911b25f09a42,"Stable Manners (Saddle Club, #28)",Bonnie Bryant
434,526,0.71586967,book_9bb86703883fa386,"Bridle Path (Saddle Club, #27)",Bonnie Bryant,book_fd070e3248eb0463,"Sidesaddle (Saddle Club, #88)",Bonnie Bryant
434,539,0.7155893,book_9bb86703883fa386,"Bridle Path (Saddle Club, #27)",Bonnie Bryant,book_f4be2a64fdb39a36,"Horse Tale (Saddle Club, #35)",Bonnie Bryant
434,467,0.70923734,book_9bb86703883fa386,"Bridle Path (Saddle Club, #27)",Bonnie Bryant,book_2796bba9f97c1893,"Horse Trade (Saddle Club, #38)",Bonnie Bryant
435,459,0.8445722,book_c63be2406dd8629d,"Team Play (Saddle Club, #15)",Bonnie Bryant,book_03571b8ba158bee8,"Team Play (Saddle Club, #15)",Bonnie Bryant
435,446,0.81241477,book_c63be2406dd8629d,"Team Play (Saddle Club, #15)",Bonnie Bryant,book_186cc4cfbccd92a1,"Horse Games (Saddle Club, #16)",Bonnie Bryant
435,493,0.7684734,book_c63be2406dd8629d,"Team Play (Saddle Club, #15)",Bonnie Bryant,book_3d6950164ebe5205,"Horse Play (Saddle Club, #7)",Bonnie Bryant
435,449,0.75288945,book_c63be2406dd8629d,"Team Play (Saddle Club, #15)",Bonnie Bryant,book_40c77c1a95cbeb78,"Horsenapped! (Saddle Club, #17)",Bonnie Bryant
435,551,0.75131285,book_c63be2406dd8629d,"Team Play (Saddle Club, #15)",Bonnie Bryant,book_b110b70876dd6fe2,"Horse Trouble (Saddle Club, #23)",Bonnie Bryant
435,554,0.74424636,book_c63be2406dd8629d,"Team Play (Saddle Club, #15)",Bonnie Bryant,book_3e6962f28655d385,"Horse Magic (Saddle Club, #47)",Bonnie Bryant
435,535,0.7391366,book_c63be2406dd8629d,"Team Play (Saddle Club, #15)",Bonnie Bryant,book_c3ea4f8216f7f7a7,"Secret Horse (Saddle Club, #86)",Bonnie Bryant
426,435,0.73799986,book_93f3c20a5f2a5396,"Riding Camp (Saddle Club, #10)",Bonnie Bryant,book_c63be2406dd8629d,"Team Play (Saddle Club, #15)",Bonnie Bryant
424,435,0.7379911,book_906095cf9503cebc,"Trail Mates (Saddle Club, #5)",Bonnie Bryant,book_c63be2406dd8629d,"Team Play (Saddle Club, #15)",Bonnie Bryant
435,456,0.7345492,book_c63be2406dd8629d,"Team Play (Saddle Club, #15)",Bonnie Bryant,book_cf27e0168a2d2dca,"Horse Sense (Saddle Club, #3)",Bonnie Bryant
435,482,0.733083,book_c63be2406dd8629d,"Team Play (Saddle Club, #15)",Bonnie Bryant,book_e05929c51d6fc23d,"Driving Team (Saddle Club, #90)",Bonnie Bryant
435,474,0.72333765,book_c63be2406dd8629d,"Team Play (Saddle Club, #15)",Bonnie Bryant,book_e4925f5d787d53b8,"Horseshoe (Saddle Club, #44)",Bonnie Bryant
435,541,0.7208371,book_c63be2406dd8629d,"Team Play (Saddle Club, #15)",Bonnie Bryant,book_cefabace4106b537,"Rocking Horse (Saddle Club, #77)",Bonnie Bryant
435,539,0.7192776,book_c63be2406dd8629d,"Team Play (Saddle Club, #15)",Bonnie Bryant,book_f4be2a64fdb39a36,"Horse Tale (Saddle Club, #35)",Bonnie Bryant
435,454,0.71907866,book_c63be2406dd8629d,"Team Play (Saddle Club, #15)",Bonnie Bryant,book_bb11d9ac109bce9f,"Horse Power (Saddle Club, #4)",Bonnie Bryant
436,543,0.7906139,book_cb3db40205e6bb85,"Saddlebags (Saddle Club, #42)",Bonnie Bryant,book_4307ce4cbf3d1a4e,"Pack Trip (Saddle Club, #18)",Bonnie Bryant
424,436,0.7859334,book_906095cf9503cebc,"Trail Mates (Saddle Club, #5)",Bonnie Bryant,book_cb3db40205e6bb85,"Saddlebags (Saddle Club, #42)",Bonnie Bryant
436,556,0.7828239,book_cb3db40205e6bb85,"Saddlebags (Saddle Club, #42)",Bonnie Bryant,book_4ddd5ef6448c9f45,"Ranch Hands (Saddle Club, #29)",Bonnie Bryant
436,546,0.7643713,book_cb3db40205e6bb85,"Saddlebags (Saddle Club, #42)",Bonnie Bryant,book_5faa12506898a1f1,"Saddle Sore (Saddle Club, #66)",Bonnie Bryant
436,551,0.7572663,book_cb3db40205e6bb85,"Saddlebags (Saddle Club, #42)",Bonnie Bryant,book_b110b70876dd6fe2,"Horse Trouble (Saddle Club, #23)",Bonnie Bryant
436,445,0.7454019,book_cb3db40205e6bb85,"Saddlebags (Saddle Club, #42)",Bonnie Bryant,book_39c136ea9bed1161,"Ghost Rider (Saddle Club, #24)",Bonnie Bryant
436,449,0.745031,book_cb3db40205e6bb85,"Saddlebags (Saddle Club, #42)",Bonnie Bryant,book_40c77c1a95cbeb78,"Horsenapped! (Saddle Club, #17)",Bonnie Bryant
436,448,0.73932457,book_cb3db40205e6bb85,"Saddlebags (Saddle Club, #42)",Bonnie Bryant,book_64f8dd953cc9c2d2,"Rodeo Rider (Saddle Club, #12)",Bonnie Bryant
436,507,0.73703897,book_cb3db40205e6bb85,"Saddlebags (Saddle Club, #42)",Bonnie Bryant,book_312dd58cd2f0791a,"Summer Horse (Saddle Club, #67)",Bonnie Bryant
436,488,0.7294307,book_cb3db40205e6bb85,"Saddlebags (Saddle Club, #42)",Bonnie Bryant,book_2b35bb206996fc74,"Horse Fever (Saddle Club, #85)",Bonnie Bryant
436,456,0.7287526,book_cb3db40205e6bb85,"Saddlebags (Saddle Club, #42)",Bonnie Bryant,book_cf27e0168a2d2dca,"Horse Sense (Saddle Club, #3)",Bonnie Bryant
436,491,0.7252691,book_cb3db40205e6bb85,"Saddlebags (Saddle Club, #42)",Bonnie Bryant,book_4539e07773c16c96,"Nightmare (Saddle Club Super Edition, #6)",Bonnie Bryant
436,525,0.7235489,book_cb3db40205e6bb85,"Saddlebags (Saddle Club, #42)",Bonnie Bryant,book_00f7f811a105ee56,"Trail Ride (Saddle Club, #99)",Bonnie Bryant
437,455,0.80279255,book_e66a911b25f09a42,"Stable Manners (Saddle Club, #28)",Bonnie Bryant,book_205afbb25799c360,"Horse Shy (Saddle Club, #2)",Bonnie Bryant
437,454,0.7639425,book_e66a911b25f09a42,"Stable Manners (Saddle Club, #28)",Bonnie Bryant,book_bb11d9ac109bce9f,"Horse Power (Saddle Club, #4)",Bonnie Bryant
424,437,0.7586967,book_906095cf9503cebc,"Trail Mates (Saddle Club, #5)",Bonnie Bryant,book_e66a911b25f09a42,"Stable Manners (Saddle Club, #28)",Bonnie Bryant
437,438,0.74827385,book_e66a911b25f09a42,"Stable Manners (Saddle Club, #28)",Bonnie Bryant,book_310beec8f6618d70,"Silver Stirrups (Saddle Club, #65)",Bonnie Bryant
437,478,0.74774593,book_e66a911b25f09a42,"Stable Manners (Saddle Club, #28)",Bonnie Bryant,book_b8b2bc244df4d1f3,"Riding Lesson (Saddle Club, #36)",Bonnie Bryant
437,466,0.741258,book_e66a911b25f09a42,"Stable Manners (Saddle Club, #28)",Bonnie Bryant,book_8dbaddfd4ccb6dfe,THE SADDLE CLUB: HORSE WISE AND RODEO RIDER.,Bonnie. Bryant
437,461,0.73837984,book_e66a911b25f09a42,"Stable Manners (Saddle Club, #28)",Bonnie Bryant,book_b83a1c85eaf7d151,"Riding Class (Saddle Club, #52)",Bonnie Bryant
437,551,0.73185253,book_e66a911b25f09a42,"Stable Manners (Saddle Club, #28)",Bonnie Bryant,book_b110b70876dd6fe2,"Horse Trouble (Saddle Club, #23)",Bonnie Bryant
437,527,0.7301514,book_e66a911b25f09a42,"Stable Manners (Saddle Club, #28)",Bonnie Bryant,book_303967d60e61d062,"Horse-Sitters (Saddle Club, #53)",Bonnie Bryant
437,554,0.72803366,book_e66a911b25f09a42,"Stable Manners (Saddle Club, #28)",Bonnie Bryant,book_3e6962f28655d385,"Horse Magic (Saddle Club, #47)",Bonnie Bryant
437,526,0.7228341,book_e66a911b25f09a42,"Stable Manners (Saddle Club, #28)",Bonnie Bryant,book_fd070e3248eb0463,"Sidesaddle (Saddle Club, #88)",Bonnie Bryant
426,437,0.7181561,book_93f3c20a5f2a5396,"Riding Camp (Saddle Club, #10)",Bonnie Bryant,book_e66a911b25f09a42,"Stable Manners (Saddle Club, #28)",Bonnie Bryant
437,453,0.7160435,book_e66a911b25f09a42,"Stable Manners (Saddle Club, #28)",Bonnie Bryant,book_64babb7484bf4745,"Horse Crazy (Saddle Club, #1)",Bonnie Bryant
437,448,0.71524674,book_e66a911b25f09a42,"Stable Manners (Saddle Club, #28)",Bonnie Bryant,book_64f8dd953cc9c2d2,"Rodeo Rider (Saddle Club, #12)",Bonnie Bryant
438,455,0.81900275,book_310beec8f6618d70,"Silver Stirrups (Saddle Club, #65)",Bonnie Bryant,book_205afbb25799c360,"Horse Shy (Saddle Club, #2)",Bonnie Bryant
438,545,0.8006208,book_310beec8f6618d70,"Silver Stirrups (Saddle Club, #65)",Bonnie Bryant,book_9aa0175f8ef92aed,"The Long Ride (Pine Hollow, #1)",Bonnie Bryant
438,454,0.78746724,book_310beec8f6618d70,"Silver Stirrups (Saddle Club, #65)",Bonnie Bryant,book_bb11d9ac109bce9f,"Horse Power (Saddle Club, #4)",Bonnie Bryant
438,453,0.7861436,book_310beec8f6618d70,"Silver Stirrups (Saddle Club, #65)",Bonnie Bryant,book_64babb7484bf4745,"Horse Crazy (Saddle Club, #1)",Bonnie Bryant
438,478,0.7636932,book_310beec8f6618d70,"Silver Stirrups (Saddle Club, #65)",Bonnie Bryant,book_b8b2bc244df4d1f3,"Riding Lesson (Saddle Club, #36)",Bonnie Bryant
438,518,0.76046574,book_310beec8f6618d70,"Silver Stirrups (Saddle Club, #65)",Bonnie Bryant,book_43d6274fcb406433,"Horse Wise (Saddle Club, #11)",Bonnie Bryant
438,537,0.7573142,book_310beec8f6618d70,"Silver Stirrups (Saddle Club, #65)",Bonnie Bryant,book_ddd91a47fb5dd3bc,"Best Friends (Saddle Club, #101)",Bonnie Bryant
438,491,0.747409,book_310beec8f6618d70,"Silver Stirrups (Saddle Club, #65)",Bonnie Bryant,book_4539e07773c16c96,"Nightmare (Saddle Club Super Edition, #6)",Bonnie Bryant
438,514,0.7443211,book_310beec8f6618d70,"Silver Stirrups (Saddle Club, #65)",Bonnie Bryant,book_e454b43cfb2355a0,Carole: The Inside Story (Saddle Club Inside Stories),Bonnie Bryant
438,446,0.7413616,book_310beec8f6618d70,"Silver Stirrups (Saddle Club, #65)",Bonnie Bryant,book_186cc4cfbccd92a1,"Horse Games (Saddle Club, #16)",Bonnie Bryant
438,511,0.73435044,book_310beec8f6618d70,"Silver Stirrups (Saddle Club, #65)",Bonnie Bryant,book_0038ef028214a6f0,"Conformation Faults (Pine Hollow, #5)",Bonnie Bryant
438,513,0.7330539,book_310beec8f6618d70,"Silver Stirrups (Saddle Club, #65)",Bonnie Bryant,book_5333e9aeda6e9cd4,"English Rider (Saddle Club, #80)",Bonnie Bryant
439,467,0.80004466,book_15c6e45ab5de2f3c,"High Horse (Saddle Club, #33)",Bonnie Bryant,book_2796bba9f97c1893,"Horse Trade (Saddle Club, #38)",Bonnie Bryant
439,455,0.7953687,book_15c6e45ab5de2f3c,"High Horse (Saddle Club, #33)",Bonnie Bryant,book_205afbb25799c360,"Horse Shy (Saddle Club, #2)",Bonnie Bryant
439,545,0.79031324,book_15c6e45ab5de2f3c,"High Horse (Saddle Club, #33)",Bonnie Bryant,book_9aa0175f8ef92aed,"The Long Ride (Pine Hollow, #1)",Bonnie Bryant
439,507,0.7877903,book_15c6e45ab5de2f3c,"High Horse (Saddle Club, #33)",Bonnie Bryant,book_312dd58cd2f0791a,"Summer Horse (Saddle Club, #67)",Bonnie Bryant
439,478,0.78210104,book_15c6e45ab5de2f3c,"High Horse (Saddle Club, #33)",Bonnie Bryant,book_b8b2bc244df4d1f3,"Riding Lesson (Saddle Club, #36)",Bonnie Bryant
439,518,0.7786232,book_15c6e45ab5de2f3c,"High Horse (Saddle Club, #33)",Bonnie Bryant,book_43d6274fcb406433,"Horse Wise (Saddle Club, #11)",Bonnie Bryant
439,539,0.7751188,book_15c6e45ab5de2f3c,"High Horse (Saddle Club, #33)",Bonnie Bryant,book_f4be2a64fdb39a36,"Horse Tale (Saddle Club, #35)",Bonnie Bryant
439,541,0.7747712,book_15c6e45ab5de2f3c,"High Horse (Saddle Club, #33)",Bonnie Bryant,book_cefabace4106b537,"Rocking Horse (Saddle Club, #77)",Bonnie Bryant
439,494,0.7741307,book_15c6e45ab5de2f3c,"High Horse (Saddle Club, #33)",Bonnie Bryant,book_cfe8c2565b6d8d62,"Quarter Horse (Saddle Club, #82)",Bonnie Bryant
439,465,0.77324986,book_15c6e45ab5de2f3c,"High Horse (Saddle Club, #33)",Bonnie Bryant,book_9c77c2dc89eba43d,"Broken Horse (Saddle Club, #61)",Bonnie Bryant
439,447,0.7723317,book_15c6e45ab5de2f3c,"High Horse (Saddle Club, #33)",Bonnie Bryant,book_d05bbb7f67825452,"A Summer Without Horses (Saddle Club Super Edition, #1)",Bonnie Bryant
439,524,0.7678994,book_15c6e45ab5de2f3c,"High Horse (Saddle Club, #33)",Bonnie Bryant,book_c5b3b9141f671e24,"Painted Horse (Saddle Club, #75)",Bonnie Bryant
440,525,0.7432613,book_3e796536590bf416,"Beach Ride (Saddle Club, #26)",Bonnie Bryant,book_00f7f811a105ee56,"Trail Ride (Saddle Club, #99)",Bonnie Bryant
440,455,0.7360942,book_3e796536590bf416,"Beach Ride (Saddle Club, #26)",Bonnie Bryant,book_205afbb25799c360,"Horse Shy (Saddle Club, #2)",Bonnie Bryant
440,519,0.71465784,book_3e796536590bf416,"Beach Ride (Saddle Club, #26)",Bonnie Bryant,book_f93759b6920f1b24,"Sea Horse (Saddle Club, #14)",Bonnie Bryant
440,454,0.713858,book_3e796536590bf416,"Beach Ride (Saddle Club, #26)",Bonnie Bryant,book_bb11d9ac109bce9f,"Horse Power (Saddle Club, #4)",Bonnie Bryant
424,440,0.7128073,book_906095cf9503cebc,"Trail Mates (Saddle Club, #5)",Bonnie Bryant,book_3e796536590bf416,"Beach Ride (Saddle Club, #26)",Bonnie Bryant
440,556,0.7101898,book_3e796536590bf416,"Beach Ride (Saddle Club, #26)",Bonnie Bryant,book_4ddd5ef6448c9f45,"Ranch Hands (Saddle Club, #29)",Bonnie Bryant
440,442,0.7058002,book_3e796536590bf416,"Beach Ride (Saddle Club, #26)",Bonnie Bryant,book_40307bb8f4234c6e,"Sea Horse (Saddle Club, #14)",Bonnie Bryant
440,539,0.6952911,book_3e796536590bf416,"Beach Ride (Saddle Club, #26)",Bonnie Bryant,book_f4be2a64fdb39a36,"Horse Tale (Saddle Club, #35)",Bonnie Bryant
427,440,0.68782085,book_d28c6680f8202cfe,"Dude Ranch (Saddle Club, #6)",Bonnie Bryant,book_3e796536590bf416,"Beach Ride (Saddle Club, #26)",Bonnie Bryant
440,466,0.6864203,book_3e796536590bf416,"Beach Ride (Saddle Club, #26)",Bonnie Bryant,book_8dbaddfd4ccb6dfe,THE SADDLE CLUB: HORSE WISE AND RODEO RIDER.,Bonnie. Bryant
440,461,0.6859135,book_3e796536590bf416,"Beach Ride (Saddle Club, #26)",Bonnie Bryant,book_b83a1c85eaf7d151,"Riding Class (Saddle Club, #52)",Bonnie Bryant
437,440,0.6844003,book_e66a911b25f09a42,"Stable Manners (Saddle Club, #28)",Bonnie Bryant,book_3e796536590bf416,"Beach Ride (Saddle Club, #26)",Bonnie Bryant
440,485,0.6813357,book_3e796536590bf416,"Beach Ride (Saddle Club, #26)",Bonnie Bryant,book_7f8b0cc76746b685,"Lucky Horse (Saddle Club, #89)",Bonnie Bryant
440,453,0.67814636,book_3e796536590bf416,"Beach Ride (Saddle Club, #26)",Bonnie Bryant,book_64babb7484bf4745,"Horse Crazy (Saddle Club, #1)",Bonnie Bryant
439,440,0.6759354,book_15c6e45ab5de2f3c,"High Horse (Saddle Club, #33)",Bonnie Bryant,book_3e796536590bf416,"Beach Ride (Saddle Club, #26)",Bonnie Bryant
441,454,0.76277745,book_020f80cc0fca5a0a,"Star Rider (Saddle Club, #19)",Bonnie Bryant,book_bb11d9ac109bce9f,"Horse Power (Saddle Club, #4)",Bonnie Bryant
441,495,0.74637926,book_020f80cc0fca5a0a,"Star Rider (Saddle Club, #19)",Bonnie Bryant,book_e9f3d63f42fa3f13,"Gold Medal Rider (Saddle Club, #54)",Bonnie Bryant
441,461,0.73883605,book_020f80cc0fca5a0a,"Star Rider (Saddle Club, #19)",Bonnie Bryant,book_b83a1c85eaf7d151,"Riding Class (Saddle Club, #52)",Bonnie Bryant
441,485,0.72096187,book_020f80cc0fca5a0a,"Star Rider (Saddle Club, #19)",Bonnie Bryant,book_7f8b0cc76746b685,"Lucky Horse (Saddle Club, #89)",Bonnie Bryant
441,453,0.72065425,book_020f80cc0fca5a0a,"Star Rider (Saddle Club, #19)",Bonnie Bryant,book_64babb7484bf4745,"Horse Crazy (Saddle Club, #1)",Bonnie Bryant
441,474,0.7141249,book_020f80cc0fca5a0a,"Star Rider (Saddle Club, #19)",Bonnie Bryant,book_e4925f5d787d53b8,"Horseshoe (Saddle Club, #44)",Bonnie Bryant
441,527,0.7122982,book_020f80cc0fca5a0a,"Star Rider (Saddle Club, #19)",Bonnie Bryant,book_303967d60e61d062,"Horse-Sitters (Saddle Club, #53)",Bonnie Bryant
441,455,0.7112261,book_020f80cc0fca5a0a,"Star Rider (Saddle Club, #19)",Bonnie Bryant,book_205afbb25799c360,"Horse Shy (Saddle Club, #2)",Bonnie Bryant
441,521,0.70604926,book_020f80cc0fca5a0a,"Star Rider (Saddle Club, #19)",Bonnie Bryant,book_b9674101bdabdef1,"Starting Gate (Saddle Club, #91)",Bonnie Bryant
441,478,0.7048422,book_020f80cc0fca5a0a,"Star Rider (Saddle Club, #19)",Bonnie Bryant,book_b8b2bc244df4d1f3,"Riding Lesson (Saddle Club, #36)",Bonnie Bryant
441,496,0.7046578,book_020f80cc0fca5a0a,"Star Rider (Saddle Club, #19)",Bonnie Bryant,book_f86a91da104d9ae7,"Gold Medal Horse (Saddle Club, #55)",Bonnie Bryant
424,441,0.70149016,book_906095cf9503cebc,"Trail Mates (Saddle Club, #5)",Bonnie Bryant,book_020f80cc0fca5a0a,"Star Rider (Saddle Club, #19)",Bonnie Bryant
441,552,0.7007961,book_020f80cc0fca5a0a,"Star Rider (Saddle Club, #19)",Bonnie Bryant,book_675e7957520daa3b,"Stage Coach (Saddle Club, #37)",Bonnie Bryant
441,532,0.69123614,book_020f80cc0fca5a0a,"Star Rider (Saddle Club, #19)",Bonnie Bryant,book_b71fcb07c171ad3b,"Wild Horses (Saddle Club, #58)",Bonnie Bryant
442,519,0.8597542,book_40307bb8f4234c6e,"Sea Horse (Saddle Club, #14)",Bonnie Bryant,book_f93759b6920f1b24,"Sea Horse (Saddle Club, #14)",Bonnie Bryant
442,454,0.7565497,book_40307bb8f4234c6e,"Sea Horse (Saddle Club, #14)",Bonnie Bryant,book_bb11d9ac109bce9f,"Horse Power (Saddle Club, #4)",Bonnie Bryant
442,487,0.74903715,book_40307bb8f4234c6e,"Sea Horse (Saddle Club, #14)",Bonnie Bryant,book_008279540fb4fa3b,"Horse Blues (Saddle Club, #62)",Bonnie Bryant
442,548,0.7443942,book_40307bb8f4234c6e,"Sea Horse (Saddle Club, #14)",Bonnie Bryant,book_675a5a72df87930d,"Show Horse (Saddle Club, #25)",Bonnie Bryant
442,456,0.7435503,book_40307bb8f4234c6e,"Sea Horse (Saddle Club, #14)",Bonnie Bryant,book_cf27e0168a2d2dca,"Horse Sense (Saddle Club, #3)",Bonnie Bryant
424,442,0.7306962,book_906095cf9503cebc,"Trail Mates (Saddle Club, #5)",Bonnie Bryant,book_40307bb8f4234c6e,"Sea Horse (Saddle Club, #14)",Bonnie Bryant
442,493,0.7295745,book_40307bb8f4234c6e,"Sea Horse (Saddle Club, #14)",Bonnie Bryant,book_3d6950164ebe5205,"Horse Play (Saddle Club, #7)",Bonnie Bryant
427,442,0.72488093,book_d28c6680f8202cfe,"Dude Ranch (Saddle Club, #6)",Bonnie Bryant,book_40307bb8f4234c6e,"Sea Horse (Saddle Club, #14)",Bonnie Bryant
442,539,0.72457707,book_40307bb8f4234c6e,"Sea Horse (Saddle Club, #14)",Bonnie Bryant,book_f4be2a64fdb39a36,"Horse Tale (Saddle Club, #35)",Bonnie Bryant
442,527,0.724274,book_40307bb8f4234c6e,"Sea Horse (Saddle Club, #14)",Bonnie Bryant,book_303967d60e61d062,"Horse-Sitters (Saddle Club, #53)",Bonnie Bryant
442,473,0.7222378,book_40307bb8f4234c6e,"Sea Horse (Saddle Club, #14)",Bonnie Bryant,book_e8a1b98c040067f4,"Horse Love (Saddle Club, #93)",Bonnie Bryant
442,453,0.71950436,book_40307bb8f4234c6e,"Sea Horse (Saddle Club, #14)",Bonnie Bryant,book_64babb7484bf4745,"Horse Crazy (Saddle Club, #1)",Bonnie Bryant
442,455,0.7160286,book_40307bb8f4234c6e,"Sea Horse (Saddle Club, #14)",Bonnie Bryant,book_205afbb25799c360,"Horse Shy (Saddle Club, #2)",Bonnie Bryant
442,485,0.71534956,book_40307bb8f4234c6e,"Sea Horse (Saddle Club, #14)",Bonnie Bryant,book_7f8b0cc76746b685,"Lucky Horse (Saddle Club, #89)",Bonnie Bryant
442,451,0.70947134,book_40307bb8f4234c6e,"Sea Horse (Saddle Club, #14)",Bonnie Bryant,book_3add8af5fd91c7c5,"Horse Wise (Saddle Club, #11)",Bonnie Bryant
443,498,0.804224,book_b5dc6be488a0d367,"Hoof Beat (Saddle Club, #9)",Bonnie Bryant,book_68c3b29b4cd0990a,"Hoof Beat (Saddle Club, #9)",Bonnie Bryant
443,455,0.7449131,book_b5dc6be488a0d367,"Hoof Beat (Saddle Club, #9)",Bonnie Bryant,book_205afbb25799c360,"Horse Shy (Saddle Club, #2)",Bonnie Bryant
443,539,0.70548415,book_b5dc6be488a0d367,"Hoof Beat (Saddle Club, #9)",Bonnie Bryant,book_f4be2a64fdb39a36,"Horse Tale (Saddle Club, #35)",Bonnie Bryant
443,527,0.6943264,book_b5dc6be488a0d367,"Hoof Beat (Saddle Club, #9)",Bonnie Bryant,book_303967d60e61d062,"Horse-Sitters (Saddle Club, #53)",Bonnie Bryant
443,496,0.68973225,book_b5dc6be488a0d367,"Hoof Beat (Saddle Club, #9)",Bonnie Bryant,book_f86a91da104d9ae7,"Gold Medal Horse (Saddle Club, #55)",Bonnie Bryant
443,466,0.67625624,book_b5dc6be488a0d367,"Hoof Beat (Saddle Club, #9)",Bonnie Bryant,book_8dbaddfd4ccb6dfe,THE SADDLE CLUB: HORSE WISE AND RODEO RIDER.,Bonnie. Bryant
443,465,0.67574483,book_b5dc6be488a0d367,"Hoof Beat (Saddle Club, #9)",Bonnie Bryant,book_9c77c2dc89eba43d,"Broken Horse (Saddle Club, #61)",Bonnie Bryant
443,487,0.67196983,book_b5dc6be488a0d367,"Hoof Beat (Saddle Club, #9)",Bonnie Bryant,book_008279540fb4fa3b,"Horse Blues (Saddle Club, #62)",Bonnie Bryant
443,452,0.6660195,book_b5dc6be488a0d367,"Hoof Beat (Saddle Club, #9)",Bonnie Bryant,book_21728dd022425a84,"Horse Play (Saddle Club, #7)",Bonnie Bryant
443,515,0.66431785,book_b5dc6be488a0d367,"Hoof Beat (Saddle Club, #9)",Bonnie Bryant,book_9c9f52e237e7c4e7,"Yankee Swap (Saddle Club, #50)",Bonnie Bryant
443,518,0.66117096,book_b5dc6be488a0d367,"Hoof Beat (Saddle Club, #9)",Bonnie Bryant,book_43d6274fcb406433,"Horse Wise (Saddle Club, #11)",Bonnie Bryant
434,443,0.6605396,book_9bb86703883fa386,"Bridle Path (Saddle Club, #27)",Bonnie Bryant,book_b5dc6be488a0d367,"Hoof Beat (Saddle Club, #9)",Bonnie Bryant
443,454,0.65486956,book_b5dc6be488a0d367,"Hoof Beat (Saddle Club, #9)",Bonnie Bryant,book_bb11d9ac109bce9f,"Horse Power (Saddle Club, #4)",Bonnie Bryant
443,493,0.6548102,book_b5dc6be488a0d367,"Hoof Beat (Saddle Club, #9)",Bonnie Bryant,book_3d6950164ebe5205,"Horse Play (Saddle Club, #7)",Bonnie Bryant
443,514,0.6538124,book_b5dc6be488a0d367,"Hoof Beat (Saddle Club, #9)",Bonnie Bryant,book_e454b43cfb2355a0,Carole: The Inside Story (Saddle Club Inside Stories),Bonnie Bryant
444,539,0.7452538,book_289808986de1c8af,"Gift Horse (Saddle Club, #40)",Bonnie Bryant,book_f4be2a64fdb39a36,"Horse Tale (Saddle Club, #35)",Bonnie Bryant
444,524,0.73284876,book_289808986de1c8af,"Gift Horse (Saddle Club, #40)",Bonnie Bryant,book_c5b3b9141f671e24,"Painted Horse (Saddle Club, #75)",Bonnie Bryant
444,493,0.7279773,book_289808986de1c8af,"Gift Horse (Saddle Club, #40)",Bonnie Bryant,book_3d6950164ebe5205,"Horse Play (Saddle Club, #7)",Bonnie Bryant
444,467,0.72021174,book_289808986de1c8af,"Gift Horse (Saddle Club, #40)",Bonnie Bryant,book_2796bba9f97c1893,"Horse Trade (Saddle Club, #38)",Bonnie Bryant
444,494,0.71726096,book_289808986de1c8af,"Gift Horse (Saddle Club, #40)",Bonnie Bryant,book_cfe8c2565b6d8d62,"Quarter Horse (Saddle Club, #82)",Bonnie Bryant
444,449,0.7161221,book_289808986de1c8af,"Gift Horse (Saddle Club, #40)",Bonnie Bryant,book_40c77c1a95cbeb78,"Horsenapped! (Saddle Club, #17)",Bonnie Bryant
444,480,0.70827645,book_289808986de1c8af,"Gift Horse (Saddle Club, #40)",Bonnie Bryant,book_e100b4a22a1f9060,"Dream Horse (Saddle Club Super Edition, #4)",Bonnie Bryant
444,519,0.7082355,book_289808986de1c8af,"Gift Horse (Saddle Club, #40)",Bonnie Bryant,book_f93759b6920f1b24,"Sea Horse (Saddle Club, #14)",Bonnie Bryant
444,487,0.7071457,book_289808986de1c8af,"Gift Horse (Saddle Club, #40)",Bonnie Bryant,book_008279540fb4fa3b,"Horse Blues (Saddle Club, #62)",Bonnie Bryant
444,473,0.7069631,book_289808986de1c8af,"Gift Horse (Saddle Club, #40)",Bonnie Bryant,book_e8a1b98c040067f4,"Horse Love (Saddle Club, #93)",Bonnie Bryant
439,444,0.7067114,book_15c6e45ab5de2f3c,"High Horse (Saddle Club, #33)",Bonnie Bryant,book_289808986de1c8af,"Gift Horse (Saddle Club, #40)",Bonnie Bryant
444,485,0.70666635,book_289808986de1c8af,"Gift Horse (Saddle Club, #40)",Bonnie Bryant,book_7f8b0cc76746b685,"Lucky Horse (Saddle Club, #89)",Bonnie Bryant
444,536,0.705466,book_289808986de1c8af,"Gift Horse (Saddle Club, #40)",Bonnie Bryant,book_a1029bd48f05855a,"Horse Feathers (Saddle Club, #98)",Bonnie Bryant
444,518,0.70372146,book_289808986de1c8af,"Gift Horse (Saddle Club, #40)",Bonnie Bryant,book_43d6274fcb406433,"Horse Wise (Saddle Club, #11)",Bonnie Bryant
442,444,0.7000911,book_40307bb8f4234c6e,"Sea Horse (Saddle Club, #14)",Bonnie Bryant,book_289808986de1c8af,"Gift Horse (Saddle Club, #40)",Bonnie Bryant
445,454,0.78097093,book_39c136ea9bed1161,"Ghost Rider (Saddle Club, #24)",Bonnie Bryant,book_bb11d9ac109bce9f,"Horse Power (Saddle Club, #4)",Bonnie Bryant
445,476,0.7764913,book_39c136ea9bed1161,"Ghost Rider (Saddle Club, #24)",Bonnie Bryant,book_ac8acce500a56fdd,"Mystery Ride (Saddle Club, #48)",Bonnie Bryant
445,453,0.77350783,book_39c136ea9bed1161,"Ghost Rider (Saddle Club, #24)",Bonnie Bryant,book_64babb7484bf4745,"Horse Crazy (Saddle Club, #1)",Bonnie Bryant
445,554,0.7703022,book_39c136ea9bed1161,"Ghost Rider (Saddle Club, #24)",Bonnie Bryant,book_3e6962f28655d385,"Horse Magic (Saddle Club, #47)",Bonnie Bryant
424,445,0.7646798,book_906095cf9503cebc,"Trail Mates (Saddle Club, #5)",Bonnie Bryant,book_39c136ea9bed1161,"Ghost Rider (Saddle Club, #24)",Bonnie Bryant
445,455,0.7609681,book_39c136ea9bed1161,"Ghost Rider (Saddle Club, #24)",Bonnie Bryant,book_205afbb25799c360,"Horse Shy (Saddle Club, #2)",Bonnie Bryant
445,491,0.7526176,book_39c136ea9bed1161,"Ghost Rider (Saddle Club, #24)",Bonnie Bryant,book_4539e07773c16c96,"Nightmare (Saddle Club Super Edition, #6)",Bonnie Bryant
445,448,0.75058484,book_39c136ea9bed1161,"Ghost Rider (Saddle Club, #24)",Bonnie Bryant,book_64f8dd953cc9c2d2,"Rodeo Rider (Saddle Club, #12)",Bonnie Bryant
445,539,0.74398196,book_39c136ea9bed1161,"Ghost Rider (Saddle Club, #24)",Bonnie Bryant,book_f4be2a64fdb39a36,"Horse Tale (Saddle Club, #35)",Bonnie Bryant
445,551,0.74273074,book_39c136ea9bed1161,"Ghost Rider (Saddle Club, #24)",Bonnie Bryant,book_b110b70876dd6fe2,"Horse Trouble (Saddle Club, #23)",Bonnie Bryant
445,513,0.74001276,book_39c136ea9bed1161,"Ghost Rider (Saddle Club, #24)",Bonnie Bryant,book_5333e9aeda6e9cd4,"English Rider (Saddle Club, #80)",Bonnie Bryant
445,556,0.73819685,book_39c136ea9bed1161,"Ghost Rider (Saddle Club, #24)",Bonnie Bryant,book_4ddd5ef6448c9f45,"Ranch Hands (Saddle Club, #29)",Bonnie Bryant
439,445,0.73638797,book_15c6e45ab5de2f3c,"High Horse (Saddle Club, #33)",Bonnie Bryant,book_39c136ea9bed1161,"Ghost Rider (Saddle Club, #24)",Bonnie Bryant
446,454,0.82290244,book_186cc4cfbccd92a1,"Horse Games (Saddle Club, #16)",Bonnie Bryant,book_bb11d9ac109bce9f,"Horse Power (Saddle Club, #4)",Bonnie Bryant
446,449,0.81912875,book_186cc4cfbccd92a1,"Horse Games (Saddle Club, #16)",Bonnie Bryant,book_40c77c1a95cbeb78,"Horsenapped! (Saddle Club, #17)",Bonnie Bryant
446,528,0.81748116,book_186cc4cfbccd92a1,"Horse Games (Saddle Club, #16)",Bonnie Bryant,book_377fbb85b328e3f3,"Stray Horse (Saddle Club, #100)",Bonnie Bryant
446,456,0.8108099,book_186cc4cfbccd92a1,"Horse Games (Saddle Club, #16)",Bonnie Bryant,book_cf27e0168a2d2dca,"Horse Sense (Saddle Club, #3)",Bonnie Bryant
446,537,0.79433227,book_186cc4cfbccd92a1,"Horse Games (Saddle Club, #16)",Bonnie Bryant,book_ddd91a47fb5dd3bc,"Best Friends (Saddle Club, #101)",Bonnie Bryant
446,519,0.783014,book_186cc4cfbccd92a1,"Horse Games (Saddle Club, #16)",Bonnie Bryant,book_f93759b6920f1b24,"Sea Horse (Saddle Club, #14)",Bonnie Bryant
446,473,0.7824869,book_186cc4cfbccd92a1,"Horse Games (Saddle Club, #16)",Bonnie Bryant,book_e8a1b98c040067f4,"Horse Love (Saddle Club, #93)",Bonnie Bryant
446,455,0.78073543,book_186cc4cfbccd92a1,"Horse Games (Saddle Club, #16)",Bonnie Bryant,book_205afbb25799c360,"Horse Shy (Saddle Club, #2)",Bonnie Bryant
446,551,0.77434397,book_186cc4cfbccd92a1,"Horse Games (Saddle Club, #16)",Bonnie Bryant,book_b110b70876dd6fe2,"Horse Trouble (Saddle Club, #23)",Bonnie Bryant
446,548,0.772588,book_186cc4cfbccd92a1,"Horse Games (Saddle Club, #16)",Bonnie Bryant,book_675a5a72df87930d,"Show Horse (Saddle Club, #25)",Bonnie Bryant
446,554,0.77141297,book_186cc4cfbccd92a1,"Horse Games (Saddle Club, #16)",Bonnie Bryant,book_3e6962f28655d385,"Horse Magic (Saddle Club, #47)",Bonnie Bryant
446,453,0.76704204,book_186cc4cfbccd92a1,"Horse Games (Saddle Club, #16)",Bonnie Bryant,book_64babb7484bf4745,"Horse Crazy (Saddle Club, #1)",Bonnie Bryant
447,487,0.7904647,book_d05bbb7f67825452,"A Summer Without Horses (Saddle Club Super Edition, #1)",Bonnie Bryant,book_008279540fb4fa3b,"Horse Blues (Saddle Club, #62)",Bonnie Bryant
447,507,0.78596866,book_d05bbb7f67825452,"A Summer Without Horses (Saddle Club Super Edition, #1)",Bonnie Bryant,book_312dd58cd2f0791a,"Summer Horse (Saddle Club, #67)",Bonnie Bryant
447,539,0.7839738,book_d05bbb7f67825452,"A Summer Without Horses (Saddle Club Super Edition, #1)",Bonnie Bryant,book_f4be2a64fdb39a36,"Horse Tale (Saddle Club, #35)",Bonnie Bryant
447,518,0.7751657,book_d05bbb7f67825452,"A Summer Without Horses (Saddle Club Super Edition, #1)",Bonnie Bryant,book_43d6274fcb406433,"Horse Wise (Saddle Club, #11)",Bonnie Bryant
447,455,0.7658464,book_d05bbb7f67825452,"A Summer Without Horses (Saddle Club Super Edition, #1)",Bonnie Bryant,book_205afbb25799c360,"Horse Shy (Saddle Club, #2)",Bonnie Bryant
447,454,0.76412773,book_d05bbb7f67825452,"A Summer Without Horses (Saddle Club Super Edition, #1)",Bonnie Bryant,book_bb11d9ac109bce9f,"Horse Power (Saddle Club, #4)",Bonnie Bryant
447,471,0.7566929,book_d05bbb7f67825452,"A Summer Without Horses (Saddle Club Super Edition, #1)",Bonnie Bryant,book_6430b5caf994d377,"Tight Rein (Saddle Club, #57)",Bonnie Bryant
447,465,0.7529608,book_d05bbb7f67825452,"A Summer Without Horses (Saddle Club Super Edition, #1)",Bonnie Bryant,book_9c77c2dc89eba43d,"Broken Horse (Saddle Club, #61)",Bonnie Bryant
447,488,0.7497533,book_d05bbb7f67825452,"A Summer Without Horses (Saddle Club Super Edition, #1)",Bonnie Bryant,book_2b35bb206996fc74,"Horse Fever (Saddle Club, #85)",Bonnie Bryant
447,467,0.7495649,book_d05bbb7f67825452,"A Summer Without Horses (Saddle Club Super Edition, #1)",Bonnie Bryant,book_2796bba9f97c1893,"Horse Trade (Saddle Club, #38)",Bonnie Bryant
447,464,0.7489914,book_d05bbb7f67825452,"A Summer Without Horses (Saddle Club Super Edition, #1)",Bonnie Bryant,book_e8c961e5486ac042,"Pleasure Horse (Saddle Club, #51)",Bonnie Bryant
447,541,0.7479634,book_d05bbb7f67825452,"A Summer Without Horses (Saddle Club Super Edition, #1)",Bonnie Bryant,book_cefabace4106b537,"Rocking Horse (Saddle Club, #77)",Bonnie Bryant
447,451,0.7445475,book_d05bbb7f67825452,"A Summer Without Horses (Saddle Club Super Edition, #1)",Bonnie Bryant,book_3add8af5fd91c7c5,"Horse Wise (Saddle Club, #11)",Bonnie Bryant
447,496,0.74154484,book_d05bbb7f67825452,"A Summer Without Horses (Saddle Club Super Edition, #1)",Bonnie Bryant,book_f86a91da104d9ae7,"Gold Medal Horse (Saddle Club, #55)",Bonnie Bryant
448,556,0.80820346,book_64f8dd953cc9c2d2,"Rodeo Rider (Saddle Club, #12)",Bonnie Bryant,book_4ddd5ef6448c9f45,"Ranch Hands (Saddle Club, #29)",Bonnie Bryant
448,466,0.79040337,book_64f8dd953cc9c2d2,"Rodeo Rider (Saddle Club, #12)",Bonnie Bryant,book_8dbaddfd4ccb6dfe,THE SADDLE CLUB: HORSE WISE AND RODEO RIDER.,Bonnie. Bryant
424,448,0.7749014,book_906095cf9503cebc,"Trail Mates (Saddle Club, #5)",Bonnie Bryant,book_64f8dd953cc9c2d2,"Rodeo Rider (Saddle Club, #12)",Bonnie Bryant
448,470,0.75854516,book_64f8dd953cc9c2d2,"Rodeo Rider (Saddle Club, #12)",Bonnie Bryant,book_63b2cff0ab177dce,"Horse Talk (Saddle Club, #71)",Bonnie Bryant
448,474,0.75716734,book_64f8dd953cc9c2d2,"Rodeo Rider (Saddle Club, #12)",Bonnie Bryant,book_e4925f5d787d53b8,"Horseshoe (Saddle Club, #44)",Bonnie Bryant
448,454,0.75669706,book_64f8dd953cc9c2d2,"Rodeo Rider (Saddle Club, #12)",Bonnie Bryant,book_bb11d9ac109bce9f,"Horse Power (Saddle Club, #4)",Bonnie Bryant
448,539,0.7527561,book_64f8dd953cc9c2d2,"Rodeo Rider (Saddle Club, #12)",Bonnie Bryant,book_f4be2a64fdb39a36,"Horse Tale (Saddle Club, #35)",Bonnie Bryant
448,551,0.74845815,book_64f8dd953cc9c2d2,"Rodeo Rider (Saddle Club, #12)",Bonnie Bryant,book_b110b70876dd6fe2,"Horse Trouble (Saddle Club, #23)",Bonnie Bryant
439,448,0.7397493,book_15c6e45ab5de2f3c,"High Horse (Saddle Club, #33)",Bonnie Bryant,book_64f8dd953cc9c2d2,"Rodeo Rider (Saddle Club, #12)",Bonnie Bryant
448,478,0.7318199,book_64f8dd953cc9c2d2,"Rodeo Rider (Saddle Club, #12)",Bonnie Bryant,book_b8b2bc244df4d1f3,"Riding Lesson (Saddle Club, #36)",Bonnie Bryant
448,530,0.72831666,book_64f8dd953cc9c2d2,"Rodeo Rider (Saddle Club, #12)",Bonnie Bryant,book_6ce0fdb9aa35427f,"Horse Race (Saddle Club, #70)",Bonnie Bryant
449,535,0.8205606,book_40c77c1a95cbeb78,"Horsenapped! (Saddle Club, #17)",Bonnie Bryant,book_c3ea4f8216f7f7a7,"Secret Horse (Saddle Club, #86)",Bonnie Bryant
449,518,0.8116156,book_40c77c1a95cbeb78,"Horsenapped! (Saddle Club, #17)",Bonnie Bryant,book_43d6274fcb406433,"Horse Wise (Saddle Club, #11)",Bonnie Bryant
449,551,0.8109987,book_40c77c1a95cbeb78,"Horsenapped! (Saddle Club, #17)",Bonnie Bryant,book_b110b70876dd6fe2,"Horse Trouble (Saddle Club, #23)",Bonnie Bryant
449,451,0.80570376,book_40c77c1a95cbeb78,"Horsenapped! (Saddle Club, #17)",Bonnie Bryant,book_3add8af5fd91c7c5,"Horse Wise (Saddle Club, #11)",Bonnie Bryant
449,456,0.8045185,book_40c77c1a95cbeb78,"Horsenapped! (Saddle Club, #17)",Bonnie Bryant,book_cf27e0168a2d2dca,"Horse Sense (Saddle Club, #3)",Bonnie Bryant
449,474,0.7837372,book_40c77c1a95cbeb78,"Horsenapped! (Saddle Club, #17)",Bonnie Bryant,book_e4925f5d787d53b8,"Horseshoe (Saddle Club, #44)",Bonnie Bryant
449,554,0.77851045,book_40c77c1a95cbeb78,"Horsenapped! (Saddle Club, #17)",Bonnie Bryant,book_3e6962f28655d385,"Horse Magic (Saddle Club, #47)",Bonnie Bryant
449,453,0.77546185,book_40c77c1a95cbeb78,"Horsenapped! (Saddle Club, #17)",Bonnie Bryant,book_64babb7484bf4745,"Horse Crazy (Saddle Club, #1)",Bonnie Bryant
449,491,0.7727072,book_40c77c1a95cbeb78,"Horsenapped! (Saddle Club, #17)",Bonnie Bryant,book_4539e07773c16c96,"Nightmare (Saddle Club Super Edition, #6)",Bonnie Bryant
449,530,0.7711689,book_40c77c1a95cbeb78,"Horsenapped! (Saddle Club, #17)",Bonnie Bryant,book_6ce0fdb9aa35427f,"Horse Race (Saddle Club, #70)",Bonnie Bryant
424,449,0.77030873,book_906095cf9503cebc,"Trail Mates (Saddle Club, #5)",Bonnie Bryant,book_40c77c1a95cbeb78,"Horsenapped! (Saddle Club, #17)",Bonnie Bryant
449,454,0.7672115,book_40c77c1a95cbeb78,"Horsenapped! (Saddle Club, #17)",Bonnie Bryant,book_bb11d9ac109bce9f,"Horse Power (Saddle Club, #4)",Bonnie Bryant
449,513,0.76692355,book_40c77c1a95cbeb78,"Horsenapped! (Saddle Club, #17)",Bonnie Bryant,book_5333e9aeda6e9cd4,"English Rider (Saddle Club, #80)",Bonnie Bryant
449,493,0.7617786,book_40c77c1a95cbeb78,"Horsenapped! (Saddle Club, #17)",Bonnie Bryant,book_3d6950164ebe5205,"Horse Play (Saddle Club, #7)",Bonnie Bryant
446,450,0.75985426,book_186cc4cfbccd92a1,"Horse Games (Saddle Club, #16)",Bonnie Bryant,book_8d83d59cb398cb49,"Snow Ride (Saddle Club, #20)",Bonnie Bryant
424,450,0.74745524,book_906095cf9503cebc,"Trail Mates (Saddle Club, #5)",Bonnie Bryant,book_8d83d59cb398cb49,"Snow Ride (Saddle Club, #20)",Bonnie Bryant
426,450,0.7334931,book_93f3c20a5f2a5396,"Riding Camp (Saddle Club, #10)",Bonnie Bryant,book_8d83d59cb398cb49,"Snow Ride (Saddle Club, #20)",Bonnie Bryant
450,494,0.726452,book_8d83d59cb398cb49,"Snow Ride (Saddle Club, #20)",Bonnie Bryant,book_cfe8c2565b6d8d62,"Quarter Horse (Saddle Club, #82)",Bonnie Bryant
450,493,0.72529334,book_8d83d59cb398cb49,"Snow Ride (Saddle Club, #20)",Bonnie Bryant,book_3d6950164ebe5205,"Horse Play (Saddle Club, #7)",Bonnie Bryant
439,450,0.7211262,book_15c6e45ab5de2f3c,"High Horse (Saddle Club, #33)",Bonnie Bryant,book_8d83d59cb398cb49,"Snow Ride (Saddle Club, #20)",Bonnie Bryant
435,450,0.7132239,book_c63be2406dd8629d,"Team Play (Saddle Club, #15)",Bonnie Bryant,book_8d83d59cb398cb49,"Snow Ride (Saddle Club, #20)",Bonnie Bryant
427,450,0.71240205,book_d28c6680f8202cfe,"Dude Ranch (Saddle Club, #6)",Bonnie Bryant,book_8d83d59cb398cb49,"Snow Ride (Saddle Club, #20)",Bonnie Bryant
450,554,0.7096789,book_8d83d59cb398cb49,"Snow Ride (Saddle Club, #20)",Bonnie Bryant,book_3e6962f28655d385,"Horse Magic (Saddle Club, #47)",Bonnie Bryant
450,535,0.70926297,book_8d83d59cb398cb49,"Snow Ride (Saddle Club, #20)",Bonnie Bryant,book_c3ea4f8216f7f7a7,"Secret Horse (Saddle Club, #86)",Bonnie Bryant
449,450,0.70700526,book_40c77c1a95cbeb78,"Horsenapped! (Saddle Club, #17)",Bonnie Bryant,book_8d83d59cb398cb49,"Snow Ride (Saddle Club, #20)",Bonnie Bryant
450,543,0.70680535,book_8d83d59cb398cb49,"Snow Ride (Saddle Club, #20)",Bonnie Bryant,book_4307ce4cbf3d1a4e,"Pack Trip (Saddle Club, #18)",Bonnie Bryant
450,471,0.7022488,book_8d83d59cb398cb49,"Snow Ride (Saddle Club, #20)",Bonnie Bryant,book_6430b5caf994d377,"Tight Rein (Saddle Club, #57)",Bonnie Bryant
450,455,0.69935125,book_8d83d59cb398cb49,"Snow Ride (Saddle Club, #20)",Bonnie Bryant,book_205afbb25799c360,"Horse Shy (Saddle Club, #2)",Bonnie Bryant
450,491,0.6988224,book_8d83d59cb398cb49,"Snow Ride (Saddle Club, #20)",Bonnie Bryant,book_4539e07773c16c96,"Nightmare (Saddle Club Super Edition, #6)",Bonnie Bryant
451,518,0.9737176,book_3add8af5fd91c7c5,"Horse Wise (Saddle Club, #11)",Bonnie Bryant,book_43d6274fcb406433,"Horse Wise (Saddle Club, #11)",Bonnie Bryant
451,456,0.8209261,book_3add8af5fd91c7c5,"Horse Wise (Saddle Club, #11)",Bonnie Bryant,book_cf27e0168a2d2dca,"Horse Sense (Saddle Club, #3)",Bonnie Bryant
451,535,0.81356287,book_3add8af5fd91c7c5,"Horse Wise (Saddle Club, #11)",Bonnie Bryant,book_c3ea4f8216f7f7a7,"Secret Horse (Saddle Club, #86)",Bonnie Bryant
451,486,0.81242007,book_3add8af5fd91c7c5,"Horse Wise (Saddle Club, #11)",Bonnie Bryant,book_a87b074f820b2c41,"English Horse (Saddle Club, #79)",Bonnie Bryant
451,513,0.80803156,book_3add8af5fd91c7c5,"Horse Wise (Saddle Club, #11)",Bonnie Bryant,book_5333e9aeda6e9cd4,"English Rider (Saddle Club, #80)",Bonnie Bryant
451,521,0.8072122,book_3add8af5fd91c7c5,"Horse Wise (Saddle Club, #11)",Bonnie Bryant,book_b9674101bdabdef1,"Starting Gate (Saddle Club, #91)",Bonnie Bryant
451,541,0.80556166,book_3add8af5fd91c7c5,"Horse Wise (Saddle Club, #11)",Bonnie Bryant,book_cefabace4106b537,"Rocking Horse (Saddle Club, #77)",Bonnie Bryant
451,474,0.7944508,book_3add8af5fd91c7c5,"Horse Wise (Saddle Club, #11)",Bonnie Bryant,book_e4925f5d787d53b8,"Horseshoe (Saddle Club, #44)",Bonnie Bryant
451,493,0.791141,book_3add8af5fd91c7c5,"Horse Wise (Saddle Club, #11)",Bonnie Bryant,book_3d6950164ebe5205,"Horse Play (Saddle Club, #7)",Bonnie Bryant
451,551,0.78535146,book_3add8af5fd91c7c5,"Horse Wise (Saddle Club, #11)",Bonnie Bryant,book_b110b70876dd6fe2,"Horse Trouble (Saddle Club, #23)",Bonnie Bryant
451,455,0.78157526,book_3add8af5fd91c7c5,"Horse Wise (Saddle Club, #11)",Bonnie Bryant,book_205afbb25799c360,"Horse Shy (Saddle Club, #2)",Bonnie Bryant
451,540,0.77410233,book_3add8af5fd91c7c5,"Horse Wise (Saddle Club, #11)",Bonnie Bryant,book_0610aaec503a12a6,"Horse Whispers (Saddle Club, #74)",Bonnie Bryant
451,542,0.773058,book_3add8af5fd91c7c5,"Horse Wise (Saddle Club, #11)",Bonnie Bryant,book_060f9af46ec83488,"Horse Guest (Saddle Club, #73)",Bonnie Bryant
451,501,0.76914775,book_3add8af5fd91c7c5,"Horse Wise (Saddle Club, #11)",Bonnie Bryant,book_4493352eda3c1aab,"Stable Farewell (Saddle Club, #49)",Bonnie Bryant
452,493,0.88398916,book_21728dd022425a84,"Horse Play (Saddle Club, #7)",Bonnie Bryant,book_3d6950164ebe5205,"Horse Play (Saddle Club, #7)",Bonnie Bryant
452,554,0.7852156,book_21728dd022425a84,"Horse Play (Saddle Club, #7)",Bonnie Bryant,book_3e6962f28655d385,"Horse Magic (Saddle Club, #47)",Bonnie Bryant
452,455,0.778914,book_21728dd022425a84,"Horse Play (Saddle Club, #7)",Bonnie Bryant,book_205afbb25799c360,"Horse Shy (Saddle Club, #2)",Bonnie Bryant
452,527,0.76937157,book_21728dd022425a84,"Horse Play (Saddle Club, #7)",Bonnie Bryant,book_303967d60e61d062,"Horse-Sitters (Saddle Club, #53)",Bonnie Bryant
452,537,0.7667558,book_21728dd022425a84,"Horse Play (Saddle Club, #7)",Bonnie Bryant,book_ddd91a47fb5dd3bc,"Best Friends (Saddle Club, #101)",Bonnie Bryant
452,459,0.7575325,book_21728dd022425a84,"Horse Play (Saddle Club, #7)",Bonnie Bryant,book_03571b8ba158bee8,"Team Play (Saddle Club, #15)",Bonnie Bryant
452,529,0.7520653,book_21728dd022425a84,"Horse Play (Saddle Club, #7)",Bonnie Bryant,book_94a0e93f20c63d9f,"Horse Capades (Saddle Club, #64)",Bonnie Bryant
452,487,0.7490928,book_21728dd022425a84,"Horse Play (Saddle Club, #7)",Bonnie Bryant,book_008279540fb4fa3b,"Horse Blues (Saddle Club, #62)",Bonnie Bryant
452,539,0.7449578,book_21728dd022425a84,"Horse Play (Saddle Club, #7)",Bonnie Bryant,book_f4be2a64fdb39a36,"Horse Tale (Saddle Club, #35)",Bonnie Bryant
452,542,0.74066556,book_21728dd022425a84,"Horse Play (Saddle Club, #7)",Bonnie Bryant,book_060f9af46ec83488,"Horse Guest (Saddle Club, #73)",Bonnie Bryant
451,452,0.7393051,book_3add8af5fd91c7c5,"Horse Wise (Saddle Club, #11)",Bonnie Bryant,book_21728dd022425a84,"Horse Play (Saddle Club, #7)",Bonnie Bryant
452,456,0.73770654,book_21728dd022425a84,"Horse Play (Saddle Club, #7)",Bonnie Bryant,book_cf27e0168a2d2dca,"Horse Sense (Saddle Club, #3)",Bonnie Bryant
452,518,0.73608243,book_21728dd022425a84,"Horse Play (Saddle Club, #7)",Bonnie Bryant,book_43d6274fcb406433,"Horse Wise (Saddle Club, #11)",Bonnie Bryant
452,526,0.7342638,book_21728dd022425a84,"Horse Play (Saddle Club, #7)",Bonnie Bryant,book_fd070e3248eb0463,"Sidesaddle (Saddle Club, #88)",Bonnie Bryant
453,455,0.82400334,book_64babb7484bf4745,"Horse Crazy (Saddle Club, #1)",Bonnie Bryant,book_205afbb25799c360,"Horse Shy (Saddle Club, #2)",Bonnie Bryant
453,454,0.8239192,book_64babb7484bf4745,"Horse Crazy (Saddle Club, #1)",Bonnie Bryant,book_bb11d9ac109bce9f,"Horse Power (Saddle Club, #4)",Bonnie Bryant
453,532,0.8210732,book_64babb7484bf4745,"Horse Crazy (Saddle Club, #1)",Bonnie Bryant,book_b71fcb07c171ad3b,"Wild Horses (Saddle Club, #58)",Bonnie Bryant
453,491,0.81656814,book_64babb7484bf4745,"Horse Crazy (Saddle Club, #1)",Bonnie Bryant,book_4539e07773c16c96,"Nightmare (Saddle Club Super Edition, #6)",Bonnie Bryant
453,456,0.8107145,book_64babb7484bf4745,"Horse Crazy (Saddle Club, #1)",Bonnie Bryant,book_cf27e0168a2d2dca,"Horse Sense (Saddle Club, #3)",Bonnie Bryant
453,554,0.8061433,book_64babb7484bf4745,"Horse Crazy (Saddle Club, #1)",Bonnie Bryant,book_3e6962f28655d385,"Horse Magic (Saddle Club, #47)",Bonnie Bryant
453,551,0.8035151,book_64babb7484bf4745,"Horse Crazy (Saddle Club, #1)",Bonnie Bryant,book_b110b70876dd6fe2,"Horse Trouble (Saddle Club, #23)",Bonnie Bryant
453,474,0.8005228,book_64babb7484bf4745,"Horse Crazy (Saddle Club, #1)",Bonnie Bryant,book_e4925f5d787d53b8,"Horseshoe (Saddle Club, #44)",Bonnie Bryant
453,518,0.799468,book_64babb7484bf4745,"Horse Crazy (Saddle Club, #1)",Bonnie Bryant,book_43d6274fcb406433,"Horse Wise (Saddle Club, #11)",Bonnie Bryant
453,461,0.79540384,book_64babb7484bf4745,"Horse Crazy (Saddle Club, #1)",Bonnie Bryant,book_b83a1c85eaf7d151,"Riding Class (Saddle Club, #52)",Bonnie Bryant
453,507,0.7949655,book_64babb7484bf4745,"Horse Crazy (Saddle Club, #1)",Bonnie Bryant,book_312dd58cd2f0791a,"Summer Horse (Saddle Club, #67)",Bonnie Bryant
453,556,0.79143167,book_64babb7484bf4745,"Horse Crazy (Saddle Club, #1)",Bonnie Bryant,book_4ddd5ef6448c9f45,"Ranch Hands (Saddle Club, #29)",Bonnie Bryant
453,545,0.78689706,book_64babb7484bf4745,"Horse Crazy (Saddle Club, #1)",Bonnie Bryant,book_9aa0175f8ef92aed,"The Long Ride (Pine Hollow, #1)",Bonnie Bryant
454,455,0.8325304,book_bb11d9ac109bce9f,"Horse Power (Saddle Club, #4)",Bonnie Bryant,book_205afbb25799c360,"Horse Shy (Saddle Club, #2)",Bonnie Bryant
454,539,0.8056636,book_bb11d9ac109bce9f,"Horse Power (Saddle Club, #4)",Bonnie Bryant,book_f4be2a64fdb39a36,"Horse Tale (Saddle Club, #35)",Bonnie Bryant
454,527,0.80455065,book_bb11d9ac109bce9f,"Horse Power (Saddle Club, #4)",Bonnie Bryant,book_303967d60e61d062,"Horse-Sitters (Saddle Club, #53)",Bonnie Bryant
454,495,0.7986547,book_bb11d9ac109bce9f,"Horse Power (Saddle Club, #4)",Bonnie Bryant,book_e9f3d63f42fa3f13,"Gold Medal Rider (Saddle Club, #54)",Bonnie Bryant
454,461,0.7916742,book_bb11d9ac109bce9f,"Horse Power (Saddle Club, #4)",Bonnie Bryant,book_b83a1c85eaf7d151,"Riding Class (Saddle Club, #52)",Bonnie Bryant
454,513,0.78851783,book_bb11d9ac109bce9f,"Horse Power (Saddle Club, #4)",Bonnie Bryant,book_5333e9aeda6e9cd4,"English Rider (Saddle Club, #80)",Bonnie Bryant
454,474,0.7872771,book_bb11d9ac109bce9f,"Horse Power (Saddle Club, #4)",Bonnie Bryant,book_e4925f5d787d53b8,"Horseshoe (Saddle Club, #44)",Bonnie Bryant
454,456,0.7853124,book_bb11d9ac109bce9f,"Horse Power (Saddle Club, #4)",Bonnie Bryant,book_cf27e0168a2d2dca,"Horse Sense (Saddle Club, #3)",Bonnie Bryant
454,478,0.7841586,book_bb11d9ac109bce9f,"Horse Power (Saddle Club, #4)",Bonnie Bryant,book_b8b2bc244df4d1f3,"Riding Lesson (Saddle Club, #36)",Bonnie Bryant
455,545,0.8392651,book_205afbb25799c360,"Horse Shy (Saddle Club, #2)",Bonnie Bryant,book_9aa0175f8ef92aed,"The Long Ride (Pine Hollow, #1)",Bonnie Bryant
455,518,0.81315404,book_205afbb25799c360,"Horse Shy (Saddle Club, #2)",Bonnie Bryant,book_43d6274fcb406433,"Horse Wise (Saddle Club, #11)",Bonnie Bryant
455,537,0.8110907,book_205afbb25799c360,"Horse Shy (Saddle Club, #2)",Bonnie Bryant,book_ddd91a47fb5dd3bc,"Best Friends (Saddle Club, #101)",Bonnie Bryant
455,491,0.8108746,book_205afbb25799c360,"Horse Shy (Saddle Club, #2)",Bonnie Bryant,book_4539e07773c16c96,"Nightmare (Saddle Club Super Edition, #6)",Bonnie Bryant
455,493,0.80838853,book_205afbb25799c360,"Horse Shy (Saddle Club, #2)",Bonnie Bryant,book_3d6950164ebe5205,"Horse Play (Saddle Club, #7)",Bonnie Bryant
455,465,0.802318,book_205afbb25799c360,"Horse Shy (Saddle Club, #2)",Bonnie Bryant,book_9c77c2dc89eba43d,"Broken Horse (Saddle Club, #61)",Bonnie Bryant
455,461,0.7972574,book_205afbb25799c360,"Horse Shy (Saddle Club, #2)",Bonnie Bryant,book_b83a1c85eaf7d151,"Riding Class (Saddle Club, #52)",Bonnie Bryant
455,529,0.7968309,book_205afbb25799c360,"Horse Shy (Saddle Club, #2)",Bonnie Bryant,book_94a0e93f20c63d9f,"Horse Capades (Saddle Club, #64)",Bonnie Bryant
455,554,0.79331976,book_205afbb25799c360,"Horse Shy (Saddle Club, #2)",Bonnie Bryant,book_3e6962f28655d385,"Horse Magic (Saddle Club, #47)",Bonnie Bryant
456,528,0.83288753,book_cf27e0168a2d2dca,"Horse Sense (Saddle Club, #3)",Bonnie Bryant,book_377fbb85b328e3f3,"Stray Horse (Saddle Club, #100)",Bonnie Bryant
456,493,0.81319904,book_cf27e0168a2d2dca,"Horse Sense (Saddle Club, #3)",Bonnie Bryant,book_3d6950164ebe5205,"Horse Play (Saddle Club, #7)",Bonnie Bryant
456,518,0.81047773,book_cf27e0168a2d2dca,"Horse Sense (Saddle Club, #3)",Bonnie Bryant,book_43d6274fcb406433,"Horse Wise (Saddle Club, #11)",Bonnie Bryant
456,551,0.80848026,book_cf27e0168a2d2dca,"Horse Sense (Saddle Club, #3)",Bonnie Bryant,book_b110b70876dd6fe2,"Horse Trouble (Saddle Club, #23)",Bonnie Bryant
456,537,0.794274,book_cf27e0168a2d2dca,"Horse Sense (Saddle Club, #3)",Bonnie Bryant,book_ddd91a47fb5dd3bc,"Best Friends (Saddle Club, #101)",Bonnie Bryant
455,456,0.79203326,book_205afbb25799c360,"Horse Shy (Saddle Club, #2)",Bonnie Bryant,book_cf27e0168a2d2dca,"Horse Sense (Saddle Club, #3)",Bonnie Bryant
456,554,0.79188764,book_cf27e0168a2d2dca,"Horse Sense (Saddle Club, #3)",Bonnie Bryant,book_3e6962f28655d385,"Horse Magic (Saddle Club, #47)",Bonnie Bryant
456,473,0.7910667,book_cf27e0168a2d2dca,"Horse Sense (Saddle Club, #3)",Bonnie Bryant,book_e8a1b98c040067f4,"Horse Love (Saddle Club, #93)",Bonnie Bryant
456,535,0.78105694,book_cf27e0168a2d2dca,"Horse Sense (Saddle Club, #3)",Bonnie Bryant,book_c3ea4f8216f7f7a7,"Secret Horse (Saddle Club, #86)",Bonnie Bryant
458,549,0.95525193,book_ab9a7bcc96c33df5,Hay Fever (Saddle Club),bonnie-bryant,book_b65cee284ae90334,"Hay Fever (Saddle Club, #34)",Bonnie Bryant
458,493,0.7505144,book_ab9a7bcc96c33df5,Hay Fever (Saddle Club),bonnie-bryant,book_3d6950164ebe5205,"Horse Play (Saddle Club, #7)",Bonnie Bryant
458,550,0.71569324,book_ab9a7bcc96c33df5,Hay Fever (Saddle Club),bonnie-bryant,book_5230a4f36947b214,"Hayride (Saddle Club, #31)",Bonnie Bryant
452,458,0.6980933,book_21728dd022425a84,"Horse Play (Saddle Club, #7)",Bonnie Bryant,book_ab9a7bcc96c33df5,Hay Fever (Saddle Club),bonnie-bryant
451,458,0.6940906,book_3add8af5fd91c7c5,"Horse Wise (Saddle Club, #11)",Bonnie Bryant,book_ab9a7bcc96c33df5,Hay Fever (Saddle Club),bonnie-bryant
456,458,0.69383234,book_cf27e0168a2d2dca,"Horse Sense (Saddle Club, #3)",Bonnie Bryant,book_ab9a7bcc96c33df5,Hay Fever (Saddle Club),bonnie-bryant
458,518,0.6853482,book_ab9a7bcc96c33df5,Hay Fever (Saddle Club),bonnie-bryant,book_43d6274fcb406433,"Horse Wise (Saddle Club, #11)",Bonnie Bryant
458,473,0.67388856,book_ab9a7bcc96c33df5,Hay Fever (Saddle Club),bonnie-bryant,book_e8a1b98c040067f4,"Horse Love (Saddle Club, #93)",Bonnie Bryant
455,458,0.6694237,book_205afbb25799c360,"Horse Shy (Saddle Club, #2)",Bonnie Bryant,book_ab9a7bcc96c33df5,Hay Fever (Saddle Club),bonnie-bryant
458,471,0.6644479,book_ab9a7bcc96c33df5,Hay Fever (Saddle Club),bonnie-bryant,book_6430b5caf994d377,"Tight Rein (Saddle Club, #57)",Bonnie Bryant
458,554,0.66273713,book_ab9a7bcc96c33df5,Hay Fever (Saddle Club),bonnie-bryant,book_3e6962f28655d385,"Horse Magic (Saddle Club, #47)",Bonnie Bryant
458,541,0.6613177,book_ab9a7bcc96c33df5,Hay Fever (Saddle Club),bonnie-bryant,book_cefabace4106b537,"Rocking Horse (Saddle Club, #77)",Bonnie Bryant
424,458,0.6604494,book_906095cf9503cebc,"Trail Mates (Saddle Club, #5)",Bonnie Bryant,book_ab9a7bcc96c33df5,Hay Fever (Saddle Club),bonnie-bryant
453,458,0.6597686,book_64babb7484bf4745,"Horse Crazy (Saddle Club, #1)",Bonnie Bryant,book_ab9a7bcc96c33df5,Hay Fever (Saddle Club),bonnie-bryant
458,540,0.65633416,book_ab9a7bcc96c33df5,Hay Fever (Saddle Club),bonnie-bryant,book_0610aaec503a12a6,"Horse Whispers (Saddle Club, #74)",Bonnie Bryant
459,493,0.80210435,book_03571b8ba158bee8,"Team Play (Saddle Club, #15)",Bonnie Bryant,book_3d6950164ebe5205,"Horse Play (Saddle Club, #7)",Bonnie Bryant
455,459,0.7408797,book_205afbb25799c360,"Horse Shy (Saddle Club, #2)",Bonnie Bryant,book_03571b8ba158bee8,"Team Play (Saddle Club, #15)",Bonnie Bryant
446,459,0.71754074,book_186cc4cfbccd92a1,"Horse Games (Saddle Club, #16)",Bonnie Bryant,book_03571b8ba158bee8,"Team Play (Saddle Club, #15)",Bonnie Bryant
459,541,0.7084714,book_03571b8ba158bee8,"Team Play (Saddle Club, #15)",Bonnie Bryant,book_cefabace4106b537,"Rocking Horse (Saddle Club, #77)",Bonnie Bryant
459,554,0.7052275,book_03571b8ba158bee8,"Team Play (Saddle Club, #15)",Bonnie Bryant,book_3e6962f28655d385,"Horse Magic (Saddle Club, #47)",Bonnie Bryant
459,475,0.70207417,book_03571b8ba158bee8,"Team Play (Saddle Club, #15)",Bonnie Bryant,book_bb3308be966e910b,"Stable Witch (Saddle Club, #41)",Bonnie Bryant
451,459,0.7003232,book_3add8af5fd91c7c5,"Horse Wise (Saddle Club, #11)",Bonnie Bryant,book_03571b8ba158bee8,"Team Play (Saddle Club, #15)",Bonnie Bryant
447,459,0.6961982,book_d05bbb7f67825452,"A Summer Without Horses (Saddle Club Super Edition, #1)",Bonnie Bryant,book_03571b8ba158bee8,"Team Play (Saddle Club, #15)",Bonnie Bryant
459,518,0.6961254,book_03571b8ba158bee8,"Team Play (Saddle Club, #15)",Bonnie Bryant,book_43d6274fcb406433,"Horse Wise (Saddle Club, #11)",Bonnie Bryant
454,459,0.6920574,book_bb11d9ac109bce9f,"Horse Power (Saddle Club, #4)",Bonnie Bryant,book_03571b8ba158bee8,"Team Play (Saddle Club, #15)",Bonnie Bryant
423,459,0.69159114,book_97f66ba297419ef8,"Horse Show (Saddle Club, #8)",Bonnie Bryant,book_03571b8ba158bee8,"Team Play (Saddle Club, #15)",Bonnie Bryant
459,542,0.6915132,book_03571b8ba158bee8,"Team Play (Saddle Club, #15)",Bonnie Bryant,book_060f9af46ec83488,"Horse Guest (Saddle Club, #73)",Bonnie Bryant
459,539,0.6900708,book_03571b8ba158bee8,"Team Play (Saddle Club, #15)",Bonnie Bryant,book_f4be2a64fdb39a36,"Horse Tale (Saddle Club, #35)",Bonnie Bryant
460,466,0.78056407,book_280eda4e914bd8b4,"Flying Horse (Saddle Club, #46)",Bonnie Bryant,book_8dbaddfd4ccb6dfe,THE SADDLE CLUB: HORSE WISE AND RODEO RIDER.,Bonnie. Bryant
460,527,0.76913774,book_280eda4e914bd8b4,"Flying Horse (Saddle Club, #46)",Bonnie Bryant,book_303967d60e61d062,"Horse-Sitters (Saddle Club, #53)",Bonnie Bryant
460,496,0.7645347,book_280eda4e914bd8b4,"Flying Horse (Saddle Club, #46)",Bonnie Bryant,book_f86a91da104d9ae7,"Gold Medal Horse (Saddle Club, #55)",Bonnie Bryant
460,467,0.74475175,book_280eda4e914bd8b4,"Flying Horse (Saddle Club, #46)",Bonnie Bryant,book_2796bba9f97c1893,"Horse Trade (Saddle Club, #38)",Bonnie Bryant
460,465,0.74091244,book_280eda4e914bd8b4,"Flying Horse (Saddle Club, #46)",Bonnie Bryant,book_9c77c2dc89eba43d,"Broken Horse (Saddle Club, #61)",Bonnie Bryant
460,478,0.7402216,book_280eda4e914bd8b4,"Flying Horse (Saddle Club, #46)",Bonnie Bryant,book_b8b2bc244df4d1f3,"Riding Lesson (Saddle Club, #36)",Bonnie Bryant
455,460,0.73427457,book_205afbb25799c360,"Horse Shy (Saddle Club, #2)",Bonnie Bryant,book_280eda4e914bd8b4,"Flying Horse (Saddle Club, #46)",Bonnie Bryant
460,539,0.7309186,book_280eda4e914bd8b4,"Flying Horse (Saddle Club, #46)",Bonnie Bryant,book_f4be2a64fdb39a36,"Horse Tale (Saddle Club, #35)",Bonnie Bryant
454,460,0.73064613,book_bb11d9ac109bce9f,"Horse Power (Saddle Club, #4)",Bonnie Bryant,book_280eda4e914bd8b4,"Flying Horse (Saddle Club, #46)",Bonnie Bryant
460,515,0.72418416,book_280eda4e914bd8b4,"Flying Horse (Saddle Club, #46)",Bonnie Bryant,book_9c9f52e237e7c4e7,"Yankee Swap (Saddle Club, #50)",Bonnie Bryant
460,485,0.72007275,book_280eda4e914bd8b4,"Flying Horse (Saddle Club, #46)",Bonnie Bryant,book_7f8b0cc76746b685,"Lucky Horse (Saddle Club, #89)",Bonnie Bryant
447,460,0.71737576,book_d05bbb7f67825452,"A Summer Without Horses (Saddle Club Super Edition, #1)",Bonnie Bryant,book_280eda4e914bd8b4,"Flying Horse (Saddle Club, #46)",Bonnie Bryant
439,460,0.71447843,book_15c6e45ab5de2f3c,"High Horse (Saddle Club, #33)",Bonnie Bryant,book_280eda4e914bd8b4,"Flying Horse (Saddle Club, #46)",Bonnie Bryant
460,461,0.70759726,book_280eda4e914bd8b4,"Flying Horse (Saddle Club, #46)",Bonnie Bryant,book_b83a1c85eaf7d151,"Riding Class (Saddle Club, #52)",Bonnie Bryant
461,546,0.83080924,book_b83a1c85eaf7d151,"Riding Class (Saddle Club, #52)",Bonnie Bryant,book_5faa12506898a1f1,"Saddle Sore (Saddle Club, #66)",Bonnie Bryant
461,478,0.79703134,book_b83a1c85eaf7d151,"Riding Class (Saddle Club, #52)",Bonnie Bryant,book_b8b2bc244df4d1f3,"Riding Lesson (Saddle Club, #36)",Bonnie Bryant
461,532,0.7735472,book_b83a1c85eaf7d151,"Riding Class (Saddle Club, #52)",Bonnie Bryant,book_b71fcb07c171ad3b,"Wild Horses (Saddle Club, #58)",Bonnie Bryant
461,474,0.76653063,book_b83a1c85eaf7d151,"Riding Class (Saddle Club, #52)",Bonnie Bryant,book_e4925f5d787d53b8,"Horseshoe (Saddle Club, #44)",Bonnie Bryant
461,466,0.7612767,book_b83a1c85eaf7d151,"Riding Class (Saddle Club, #52)",Bonnie Bryant,book_8dbaddfd4ccb6dfe,THE SADDLE CLUB: HORSE WISE AND RODEO RIDER.,Bonnie. Bryant
439,461,0.76113164,book_15c6e45ab5de2f3c,"High Horse (Saddle Club, #33)",Bonnie Bryant,book_b83a1c85eaf7d151,"Riding Class (Saddle Club, #52)",Bonnie Bryant
424,461,0.7558664,book_906095cf9503cebc,"Trail Mates (Saddle Club, #5)",Bonnie Bryant,book_b83a1c85eaf7d151,"Riding Class (Saddle Club, #52)",Bonnie Bryant
461,527,0.7492769,book_b83a1c85eaf7d151,"Riding Class (Saddle Club, #52)",Bonnie Bryant,book_303967d60e61d062,"Horse-Sitters (Saddle Club, #53)",Bonnie Bryant
461,491,0.74826515,book_b83a1c85eaf7d151,"Riding Class (Saddle Club, #52)",Bonnie Bryant,book_4539e07773c16c96,"Nightmare (Saddle Club Super Edition, #6)",Bonnie Bryant
461,495,0.74403435,book_b83a1c85eaf7d151,"Riding Class (Saddle Club, #52)",Bonnie Bryant,book_e9f3d63f42fa3f13,"Gold Medal Rider (Saddle Club, #54)",Bonnie Bryant
461,507,0.74137926,book_b83a1c85eaf7d151,"Riding Class (Saddle Club, #52)",Bonnie Bryant,book_312dd58cd2f0791a,"Summer Horse (Saddle Club, #67)",Bonnie Bryant
461,492,0.7396598,book_b83a1c85eaf7d151,"Riding Class (Saddle Club, #52)",Bonnie Bryant,book_90ff5dc85b05d5da,"Hobbyhorse (Saddle Club, #60)",Bonnie Bryant
462,537,0.6712309,book_abaafbab189c5f03,Just For Girls: Happy Horse Day & Friends Forever,Bonnie Bryant,book_ddd91a47fb5dd3bc,"Best Friends (Saddle Club, #101)",Bonnie Bryant
462,519,0.6569558,book_abaafbab189c5f03,Just For Girls: Happy Horse Day & Friends Forever,Bonnie Bryant,book_f93759b6920f1b24,"Sea Horse (Saddle Club, #14)",Bonnie Bryant
462,487,0.6342664,book_abaafbab189c5f03,Just For Girls: Happy Horse Day & Friends Forever,Bonnie Bryant,book_008279540fb4fa3b,"Horse Blues (Saddle Club, #62)",Bonnie Bryant
424,462,0.61942375,book_906095cf9503cebc,"Trail Mates (Saddle Club, #5)",Bonnie Bryant,book_abaafbab189c5f03,Just For Girls: Happy Horse Day & Friends Forever,Bonnie Bryant
462,508,0.61885756,book_abaafbab189c5f03,Just For Girls: Happy Horse Day & Friends Forever,Bonnie Bryant,book_594bef015c89efef,"Stable Groom (Saddle Club, #45)",Bonnie Bryant
462,488,0.615469,book_abaafbab189c5f03,Just For Girls: Happy Horse Day & Friends Forever,Bonnie Bryant,book_2b35bb206996fc74,"Horse Fever (Saddle Club, #85)",Bonnie Bryant
462,520,0.6082535,book_abaafbab189c5f03,Just For Girls: Happy Horse Day & Friends Forever,Bonnie Bryant,book_5c0d75d05da0a628,"Stable Hearts (Saddle Club, #63)",Bonnie Bryant
462,533,0.6072686,book_abaafbab189c5f03,Just For Girls: Happy Horse Day & Friends Forever,Bonnie Bryant,book_961e7fa924c293b6,"Holiday Horse (Saddle Club, #72)",Bonnie Bryant
462,507,0.60428464,book_abaafbab189c5f03,Just For Girls: Happy Horse Day & Friends Forever,Bonnie Bryant,book_312dd58cd2f0791a,"Summer Horse (Saddle Club, #67)",Bonnie Bryant
462,473,0.60212076,book_abaafbab189c5f03,Just For Girls: Happy Horse Day & Friends Forever,Bonnie Bryant,book_e8a1b98c040067f4,"Horse Love (Saddle Club, #93)",Bonnie Bryant
463,535,0.7357161,book_47568704677f12b2,"Show Judge (Saddle Club, #95)",Bonnie Bryant,book_c3ea4f8216f7f7a7,"Secret Horse (Saddle Club, #86)",Bonnie Bryant
424,463,0.7156489,book_906095cf9503cebc,"Trail Mates (Saddle Club, #5)",Bonnie Bryant,book_47568704677f12b2,"Show Judge (Saddle Club, #95)",Bonnie Bryant
456,463,0.7144164,book_cf27e0168a2d2dca,"Horse Sense (Saddle Club, #3)",Bonnie Bryant,book_47568704677f12b2,"Show Judge (Saddle Club, #95)",Bonnie Bryant
463,548,0.7084154,book_47568704677f12b2,"Show Judge (Saddle Club, #95)",Bonnie Bryant,book_675a5a72df87930d,"Show Horse (Saddle Club, #25)",Bonnie Bryant
446,463,0.6870539,book_186cc4cfbccd92a1,"Horse Games (Saddle Club, #16)",Bonnie Bryant,book_47568704677f12b2,"Show Judge (Saddle Club, #95)",Bonnie Bryant
463,513,0.684334,book_47568704677f12b2,"Show Judge (Saddle Club, #95)",Bonnie Bryant,book_5333e9aeda6e9cd4,"English Rider (Saddle Club, #80)",Bonnie Bryant
449,463,0.6832821,book_40c77c1a95cbeb78,"Horsenapped! (Saddle Club, #17)",Bonnie Bryant,book_47568704677f12b2,"Show Judge (Saddle Club, #95)",Bonnie Bryant
463,516,0.6729454,book_47568704677f12b2,"Show Judge (Saddle Club, #95)",Bonnie Bryant,book_2bc488dbcc5b6707,"New Rider (The Saddle Club, #96)",Bonnie Bryant
463,530,0.67216265,book_47568704677f12b2,"Show Judge (Saddle Club, #95)",Bonnie Bryant,book_6ce0fdb9aa35427f,"Horse Race (Saddle Club, #70)",Bonnie Bryant
463,528,0.66659856,book_47568704677f12b2,"Show Judge (Saddle Club, #95)",Bonnie Bryant,book_377fbb85b328e3f3,"Stray Horse (Saddle Club, #100)",Bonnie Bryant
451,463,0.6643779,book_3add8af5fd91c7c5,"Horse Wise (Saddle Club, #11)",Bonnie Bryant,book_47568704677f12b2,"Show Judge (Saddle Club, #95)",Bonnie Bryant
463,518,0.6516876,book_47568704677f12b2,"Show Judge (Saddle Club, #95)",Bonnie Bryant,book_43d6274fcb406433,"Horse Wise (Saddle Club, #11)",Bonnie Bryant
453,463,0.65148604,book_64babb7484bf4745,"Horse Crazy (Saddle Club, #1)",Bonnie Bryant,book_47568704677f12b2,"Show Judge (Saddle Club, #95)",Bonnie Bryant
454,463,0.65103316,book_bb11d9ac109bce9f,"Horse Power (Saddle Club, #4)",Bonnie Bryant,book_47568704677f12b2,"Show Judge (Saddle Club, #95)",Bonnie Bryant
463,552,0.64805967,book_47568704677f12b2,"Show Judge (Saddle Club, #95)",Bonnie Bryant,book_675e7957520daa3b,"Stage Coach (Saddle Club, #37)",Bonnie Bryant
439,464,0.76354986,book_15c6e45ab5de2f3c,"High Horse (Saddle Club, #33)",Bonnie Bryant,book_e8c961e5486ac042,"Pleasure Horse (Saddle Club, #51)",Bonnie Bryant
464,466,0.76330274,book_e8c961e5486ac042,"Pleasure Horse (Saddle Club, #51)",Bonnie Bryant,book_8dbaddfd4ccb6dfe,THE SADDLE CLUB: HORSE WISE AND RODEO RIDER.,Bonnie. Bryant
464,467,0.76229894,book_e8c961e5486ac042,"Pleasure Horse (Saddle Club, #51)",Bonnie Bryant,book_2796bba9f97c1893,"Horse Trade (Saddle Club, #38)",Bonnie Bryant
464,478,0.7583401,book_e8c961e5486ac042,"Pleasure Horse (Saddle Club, #51)",Bonnie Bryant,book_b8b2bc244df4d1f3,"Riding Lesson (Saddle Club, #36)",Bonnie Bryant
464,496,0.74613786,book_e8c961e5486ac042,"Pleasure Horse (Saddle Club, #51)",Bonnie Bryant,book_f86a91da104d9ae7,"Gold Medal Horse (Saddle Club, #55)",Bonnie Bryant
464,518,0.7400457,book_e8c961e5486ac042,"Pleasure Horse (Saddle Club, #51)",Bonnie Bryant,book_43d6274fcb406433,"Horse Wise (Saddle Club, #11)",Bonnie Bryant
461,464,0.72834235,book_b83a1c85eaf7d151,"Riding Class (Saddle Club, #52)",Bonnie Bryant,book_e8c961e5486ac042,"Pleasure Horse (Saddle Club, #51)",Bonnie Bryant
464,487,0.72830504,book_e8c961e5486ac042,"Pleasure Horse (Saddle Club, #51)",Bonnie Bryant,book_008279540fb4fa3b,"Horse Blues (Saddle Club, #62)",Bonnie Bryant
464,465,0.7245108,book_e8c961e5486ac042,"Pleasure Horse (Saddle Club, #51)",Bonnie Bryant,book_9c77c2dc89eba43d,"Broken Horse (Saddle Club, #61)",Bonnie Bryant
464,474,0.7209249,book_e8c961e5486ac042,"Pleasure Horse (Saddle Club, #51)",Bonnie Bryant,book_e4925f5d787d53b8,"Horseshoe (Saddle Club, #44)",Bonnie Bryant
464,527,0.7161459,book_e8c961e5486ac042,"Pleasure Horse (Saddle Club, #51)",Bonnie Bryant,book_303967d60e61d062,"Horse-Sitters (Saddle Club, #53)",Bonnie Bryant
464,494,0.7112397,book_e8c961e5486ac042,"Pleasure Horse (Saddle Club, #51)",Bonnie Bryant,book_cfe8c2565b6d8d62,"Quarter Horse (Saddle Club, #82)",Bonnie Bryant
454,464,0.7091706,book_bb11d9ac109bce9f,"Horse Power (Saddle Club, #4)",Bonnie Bryant,book_e8c961e5486ac042,"Pleasure Horse (Saddle Club, #51)",Bonnie Bryant
455,464,0.7080581,book_205afbb25799c360,"Horse Shy (Saddle Club, #2)",Bonnie Bryant,book_e8c961e5486ac042,"Pleasure Horse (Saddle Club, #51)",Bonnie Bryant
465,496,0.8432795,book_9c77c2dc89eba43d,"Broken Horse (Saddle Club, #61)",Bonnie Bryant,book_f86a91da104d9ae7,"Gold Medal Horse (Saddle Club, #55)",Bonnie Bryant
465,518,0.8037367,book_9c77c2dc89eba43d,"Broken Horse (Saddle Club, #61)",Bonnie Bryant,book_43d6274fcb406433,"Horse Wise (Saddle Club, #11)",Bonnie Bryant
465,551,0.77587014,book_9c77c2dc89eba43d,"Broken Horse (Saddle Club, #61)",Bonnie Bryant,book_b110b70876dd6fe2,"Horse Trouble (Saddle Club, #23)",Bonnie Bryant
465,502,0.7701541,book_9c77c2dc89eba43d,"Broken Horse (Saddle Club, #61)",Bonnie Bryant,book_0d1d8a2d1ac388bf,"Schooling Horse (Saddle Club, #84)",Bonnie Bryant
465,528,0.7652788,book_9c77c2dc89eba43d,"Broken Horse (Saddle Club, #61)",Bonnie Bryant,book_377fbb85b328e3f3,"Stray Horse (Saddle Club, #100)",Bonnie Bryant
465,540,0.7647952,book_9c77c2dc89eba43d,"Broken Horse (Saddle Club, #61)",Bonnie Bryant,book_0610aaec503a12a6,"Horse Whispers (Saddle Club, #74)",Bonnie Bryant
465,539,0.76451397,book_9c77c2dc89eba43d,"Broken Horse (Saddle Club, #61)",Bonnie Bryant,book_f4be2a64fdb39a36,"Horse Tale (Saddle Club, #35)",Bonnie Bryant
451,465,0.7623755,book_3add8af5fd91c7c5,"Horse Wise (Saddle Club, #11)",Bonnie Bryant,book_9c77c2dc89eba43d,"Broken Horse (Saddle Club, #61)",Bonnie Bryant
465,507,0.76124716,book_9c77c2dc89eba43d,"Broken Horse (Saddle Club, #61)",Bonnie Bryant,book_312dd58cd2f0791a,"Summer Horse (Saddle Club, #67)",Bonnie Bryant
465,491,0.7587521,book_9c77c2dc89eba43d,"Broken Horse (Saddle Club, #61)",Bonnie Bryant,book_4539e07773c16c96,"Nightmare (Saddle Club Super Edition, #6)",Bonnie Bryant
465,478,0.75433534,book_9c77c2dc89eba43d,"Broken Horse (Saddle Club, #61)",Bonnie Bryant,book_b8b2bc244df4d1f3,"Riding Lesson (Saddle Club, #36)",Bonnie Bryant
453,465,0.75366366,book_64babb7484bf4745,"Horse Crazy (Saddle Club, #1)",Bonnie Bryant,book_9c77c2dc89eba43d,"Broken Horse (Saddle Club, #61)",Bonnie Bryant
466,496,0.78372526,book_8dbaddfd4ccb6dfe,THE SADDLE CLUB: HORSE WISE AND RODEO RIDER.,Bonnie. Bryant,book_f86a91da104d9ae7,"Gold Medal Horse (Saddle Club, #55)",Bonnie Bryant
466,478,0.78225523,book_8dbaddfd4ccb6dfe,THE SADDLE CLUB: HORSE WISE AND RODEO RIDER.,Bonnie. Bryant,book_b8b2bc244df4d1f3,"Riding Lesson (Saddle Club, #36)",Bonnie Bryant
466,527,0.7797259,book_8dbaddfd4ccb6dfe,THE SADDLE CLUB: HORSE WISE AND RODEO RIDER.,Bonnie. Bryant,book_303967d60e61d062,"Horse-Sitters (Saddle Club, #53)",Bonnie Bryant
454,466,0.771168,book_bb11d9ac109bce9f,"Horse Power (Saddle Club, #4)",Bonnie Bryant,book_8dbaddfd4ccb6dfe,THE SADDLE CLUB: HORSE WISE AND RODEO RIDER.,Bonnie. Bryant
455,466,0.7660314,book_205afbb25799c360,"Horse Shy (Saddle Club, #2)",Bonnie Bryant,book_8dbaddfd4ccb6dfe,THE SADDLE CLUB: HORSE WISE AND RODEO RIDER.,Bonnie. Bryant
466,467,0.75997597,book_8dbaddfd4ccb6dfe,THE SADDLE CLUB: HORSE WISE AND RODEO RIDER.,Bonnie. Bryant,book_2796bba9f97c1893,"Horse Trade (Saddle Club, #38)",Bonnie Bryant
439,466,0.758837,book_15c6e45ab5de2f3c,"High Horse (Saddle Club, #33)",Bonnie Bryant,book_8dbaddfd4ccb6dfe,THE SADDLE CLUB: HORSE WISE AND RODEO RIDER.,Bonnie. Bryant
466,495,0.75572145,book_8dbaddfd4ccb6dfe,THE SADDLE CLUB: HORSE WISE AND RODEO RIDER.,Bonnie. Bryant,book_e9f3d63f42fa3f13,"Gold Medal Rider (Saddle Club, #54)",Bonnie Bryant
467,539,0.813766,book_2796bba9f97c1893,"Horse Trade (Saddle Club, #38)",Bonnie Bryant,book_f4be2a64fdb39a36,"Horse Tale (Saddle Club, #35)",Bonnie Bryant
467,478,0.78543204,book_2796bba9f97c1893,"Horse Trade (Saddle Club, #38)",Bonnie Bryant,book_b8b2bc244df4d1f3,"Riding Lesson (Saddle Club, #36)",Bonnie Bryant
467,527,0.7737711,book_2796bba9f97c1893,"Horse Trade (Saddle Club, #38)",Bonnie Bryant,book_303967d60e61d062,"Horse-Sitters (Saddle Club, #53)",Bonnie Bryant
467,496,0.7585413,book_2796bba9f97c1893,"Horse Trade (Saddle Club, #38)",Bonnie Bryant,book_f86a91da104d9ae7,"Gold Medal Horse (Saddle Club, #55)",Bonnie Bryant
467,544,0.753823,book_2796bba9f97c1893,"Horse Trade (Saddle Club, #38)",Bonnie Bryant,book_5e411cc82155c36f,"Chocolate Horse (Saddle Club, #32)",Bonnie Bryant
465,467,0.7284679,book_9c77c2dc89eba43d,"Broken Horse (Saddle Club, #61)",Bonnie Bryant,book_2796bba9f97c1893,"Horse Trade (Saddle Club, #38)",Bonnie Bryant
467,526,0.7255254,book_2796bba9f97c1893,"Horse Trade (Saddle Club, #38)",Bonnie Bryant,book_fd070e3248eb0463,"Sidesaddle (Saddle Club, #88)",Bonnie Bryant
467,494,0.72457194,book_2796bba9f97c1893,"Horse Trade (Saddle Club, #38)",Bonnie Bryant,book_cfe8c2565b6d8d62,"Quarter Horse (Saddle Club, #82)",Bonnie Bryant
455,467,0.7241269,book_205afbb25799c360,"Horse Shy (Saddle Club, #2)",Bonnie Bryant,book_2796bba9f97c1893,"Horse Trade (Saddle Club, #38)",Bonnie Bryant
467,487,0.7223613,book_2796bba9f97c1893,"Horse Trade (Saddle Club, #38)",Bonnie Bryant,book_008279540fb4fa3b,"Horse Blues (Saddle Club, #62)",Bonnie Bryant
468,507,0.73109937,book_a8c841f74a073526,"Horse Spy (Saddle Club, #94)",Bonnie Bryant,book_312dd58cd2f0791a,"Summer Horse (Saddle Club, #67)",Bonnie Bryant
468,491,0.7090918,book_a8c841f74a073526,"Horse Spy (Saddle Club, #94)",Bonnie Bryant,book_4539e07773c16c96,"Nightmare (Saddle Club Super Edition, #6)",Bonnie Bryant
449,468,0.7042536,book_40c77c1a95cbeb78,"Horsenapped! (Saddle Club, #17)",Bonnie Bryant,book_a8c841f74a073526,"Horse Spy (Saddle Club, #94)",Bonnie Bryant
455,468,0.6987844,book_205afbb25799c360,"Horse Shy (Saddle Club, #2)",Bonnie Bryant,book_a8c841f74a073526,"Horse Spy (Saddle Club, #94)",Bonnie Bryant
468,530,0.6987117,book_a8c841f74a073526,"Horse Spy (Saddle Club, #94)",Bonnie Bryant,book_6ce0fdb9aa35427f,"Horse Race (Saddle Club, #70)",Bonnie Bryant
468,551,0.6970067,book_a8c841f74a073526,"Horse Spy (Saddle Club, #94)",Bonnie Bryant,book_b110b70876dd6fe2,"Horse Trouble (Saddle Club, #23)",Bonnie Bryant
424,468,0.695642,book_906095cf9503cebc,"Trail Mates (Saddle Club, #5)",Bonnie Bryant,book_a8c841f74a073526,"Horse Spy (Saddle Club, #94)",Bonnie Bryant
436,468,0.6921489,book_cb3db40205e6bb85,"Saddlebags (Saddle Club, #42)",Bonnie Bryant,book_a8c841f74a073526,"Horse Spy (Saddle Club, #94)",Bonnie Bryant
468,493,0.6915686,book_a8c841f74a073526,"Horse Spy (Saddle Club, #94)",Bonnie Bryant,book_3d6950164ebe5205,"Horse Play (Saddle Club, #7)",Bonnie Bryant
468,554,0.6909038,book_a8c841f74a073526,"Horse Spy (Saddle Club, #94)",Bonnie Bryant,book_3e6962f28655d385,"Horse Magic (Saddle Club, #47)",Bonnie Bryant
468,540,0.68902457,book_a8c841f74a073526,"Horse Spy (Saddle Club, #94)",Bonnie Bryant,book_0610aaec503a12a6,"Horse Whispers (Saddle Club, #74)",Bonnie Bryant
426,468,0.6847708,book_93f3c20a5f2a5396,"Riding Camp (Saddle Club, #10)",Bonnie Bryant,book_a8c841f74a073526,"Horse Spy (Saddle Club, #94)",Bonnie Bryant
468,518,0.684646,book_a8c841f74a073526,"Horse Spy (Saddle Club, #94)",Bonnie Bryant,book_43d6274fcb406433,"Horse Wise (Saddle Club, #11)",Bonnie Bryant
427,468,0.6836909,book_d28c6680f8202cfe,"Dude Ranch (Saddle Club, #6)",Bonnie Bryant,book_a8c841f74a073526,"Horse Spy (Saddle Club, #94)",Bonnie Bryant
438,468,0.6833548,book_310beec8f6618d70,"Silver Stirrups (Saddle Club, #65)",Bonnie Bryant,book_a8c841f74a073526,"Horse Spy (Saddle Club, #94)",Bonnie Bryant
449,469,0.7204282,book_40c77c1a95cbeb78,"Horsenapped! (Saddle Club, #17)",Bonnie Bryant,book_17538432ef226920,"Photo Finish (Saddle Club, #43)",Bonnie Bryant
469,530,0.7175563,book_17538432ef226920,"Photo Finish (Saddle Club, #43)",Bonnie Bryant,book_6ce0fdb9aa35427f,"Horse Race (Saddle Club, #70)",Bonnie Bryant
424,469,0.7157672,book_906095cf9503cebc,"Trail Mates (Saddle Club, #5)",Bonnie Bryant,book_17538432ef226920,"Photo Finish (Saddle Club, #43)",Bonnie Bryant
469,518,0.7126348,book_17538432ef226920,"Photo Finish (Saddle Club, #43)",Bonnie Bryant,book_43d6274fcb406433,"Horse Wise (Saddle Club, #11)",Bonnie Bryant
469,474,0.70682824,book_17538432ef226920,"Photo Finish (Saddle Club, #43)",Bonnie Bryant,book_e4925f5d787d53b8,"Horseshoe (Saddle Club, #44)",Bonnie Bryant
432,469,0.70368624,book_191f7524aca5213e,"Racehorse (Saddle Club, #21)",Bonnie Bryant,book_17538432ef226920,"Photo Finish (Saddle Club, #43)",Bonnie Bryant
469,556,0.699764,book_17538432ef226920,"Photo Finish (Saddle Club, #43)",Bonnie Bryant,book_4ddd5ef6448c9f45,"Ranch Hands (Saddle Club, #29)",Bonnie Bryant
469,551,0.6961806,book_17538432ef226920,"Photo Finish (Saddle Club, #43)",Bonnie Bryant,book_b110b70876dd6fe2,"Horse Trouble (Saddle Club, #23)",Bonnie Bryant
469,525,0.69593006,book_17538432ef226920,"Photo Finish (Saddle Club, #43)",Bonnie Bryant,book_00f7f811a105ee56,"Trail Ride (Saddle Club, #99)",Bonnie Bryant
451,469,0.6931652,book_3add8af5fd91c7c5,"Horse Wise (Saddle Club, #11)",Bonnie Bryant,book_17538432ef226920,"Photo Finish (Saddle Club, #43)",Bonnie Bryant
469,552,0.6838568,book_17538432ef226920,"Photo Finish (Saddle Club, #43)",Bonnie Bryant,book_675e7957520daa3b,"Stage Coach (Saddle Club, #37)",Bonnie Bryant
453,469,0.68119776,book_64babb7484bf4745,"Horse Crazy (Saddle Club, #1)",Bonnie Bryant,book_17538432ef226920,"Photo Finish (Saddle Club, #43)",Bonnie Bryant
469,491,0.6777408,book_17538432ef226920,"Photo Finish (Saddle Club, #43)",Bonnie Bryant,book_4539e07773c16c96,"Nightmare (Saddle Club Super Edition, #6)",Bonnie Bryant
469,535,0.6757485,book_17538432ef226920,"Photo Finish (Saddle Club, #43)",Bonnie Bryant,book_c3ea4f8216f7f7a7,"Secret Horse (Saddle Club, #86)",Bonnie Bryant
439,469,0.6750586,book_15c6e45ab5de2f3c,"High Horse (Saddle Club, #33)",Bonnie Bryant,book_17538432ef226920,"Photo Finish (Saddle Club, #43)",Bonnie Bryant
470,551,0.7576568,book_63b2cff0ab177dce,"Horse Talk (Saddle Club, #71)",Bonnie Bryant,book_b110b70876dd6fe2,"Horse Trouble (Saddle Club, #23)",Bonnie Bryant
470,554,0.7533835,book_63b2cff0ab177dce,"Horse Talk (Saddle Club, #71)",Bonnie Bryant,book_3e6962f28655d385,"Horse Magic (Saddle Club, #47)",Bonnie Bryant
470,493,0.75090563,book_63b2cff0ab177dce,"Horse Talk (Saddle Club, #71)",Bonnie Bryant,book_3d6950164ebe5205,"Horse Play (Saddle Club, #7)",Bonnie Bryant
470,529,0.7444781,book_63b2cff0ab177dce,"Horse Talk (Saddle Club, #71)",Bonnie Bryant,book_94a0e93f20c63d9f,"Horse Capades (Saddle Club, #64)",Bonnie Bryant
470,556,0.74147856,book_63b2cff0ab177dce,"Horse Talk (Saddle Club, #71)",Bonnie Bryant,book_4ddd5ef6448c9f45,"Ranch Hands (Saddle Club, #29)",Bonnie Bryant
453,470,0.74023247,book_64babb7484bf4745,"Horse Crazy (Saddle Club, #1)",Bonnie Bryant,book_63b2cff0ab177dce,"Horse Talk (Saddle Club, #71)",Bonnie Bryant
439,470,0.7369468,book_15c6e45ab5de2f3c,"High Horse (Saddle Club, #33)",Bonnie Bryant,book_63b2cff0ab177dce,"Horse Talk (Saddle Club, #71)",Bonnie Bryant
426,470,0.73513055,book_93f3c20a5f2a5396,"Riding Camp (Saddle Club, #10)",Bonnie Bryant,book_63b2cff0ab177dce,"Horse Talk (Saddle Club, #71)",Bonnie Bryant
470,474,0.7343913,book_63b2cff0ab177dce,"Horse Talk (Saddle Club, #71)",Bonnie Bryant,book_e4925f5d787d53b8,"Horseshoe (Saddle Club, #44)",Bonnie Bryant
470,530,0.7316474,book_63b2cff0ab177dce,"Horse Talk (Saddle Club, #71)",Bonnie Bryant,book_6ce0fdb9aa35427f,"Horse Race (Saddle Club, #70)",Bonnie Bryant
470,507,0.7285845,book_63b2cff0ab177dce,"Horse Talk (Saddle Club, #71)",Bonnie Bryant,book_312dd58cd2f0791a,"Summer Horse (Saddle Club, #67)",Bonnie Bryant
456,470,0.7276392,book_cf27e0168a2d2dca,"Horse Sense (Saddle Club, #3)",Bonnie Bryant,book_63b2cff0ab177dce,"Horse Talk (Saddle Club, #71)",Bonnie Bryant
424,470,0.7207828,book_906095cf9503cebc,"Trail Mates (Saddle Club, #5)",Bonnie Bryant,book_63b2cff0ab177dce,"Horse Talk (Saddle Club, #71)",Bonnie Bryant
455,470,0.7205761,book_205afbb25799c360,"Horse Shy (Saddle Club, #2)",Bonnie Bryant,book_63b2cff0ab177dce,"Horse Talk (Saddle Club, #71)",Bonnie Bryant
471,483,0.8008594,book_6430b5caf994d377,"Tight Rein (Saddle Club, #57)",Bonnie Bryant,book_892d96197613fa8c,Stevie: The Inside Story (Saddle Club Inside Stories),Bonnie Bryant
471,473,0.7777226,book_6430b5caf994d377,"Tight Rein (Saddle Club, #57)",Bonnie Bryant,book_e8a1b98c040067f4,"Horse Love (Saddle Club, #93)",Bonnie Bryant
471,493,0.76500314,book_6430b5caf994d377,"Tight Rein (Saddle Club, #57)",Bonnie Bryant,book_3d6950164ebe5205,"Horse Play (Saddle Club, #7)",Bonnie Bryant
455,471,0.76249003,book_205afbb25799c360,"Horse Shy (Saddle Club, #2)",Bonnie Bryant,book_6430b5caf994d377,"Tight Rein (Saddle Club, #57)",Bonnie Bryant
471,524,0.74326897,book_6430b5caf994d377,"Tight Rein (Saddle Club, #57)",Bonnie Bryant,book_c5b3b9141f671e24,"Painted Horse (Saddle Club, #75)",Bonnie Bryant
471,507,0.7432333,book_6430b5caf994d377,"Tight Rein (Saddle Club, #57)",Bonnie Bryant,book_312dd58cd2f0791a,"Summer Horse (Saddle Club, #67)",Bonnie Bryant
471,484,0.74265367,book_6430b5caf994d377,"Tight Rein (Saddle Club, #57)",Bonnie Bryant,book_8cd66a23817b93b5,"Hard Hat (Saddle Club, #97)",Bonnie Bryant
424,471,0.73486817,book_906095cf9503cebc,"Trail Mates (Saddle Club, #5)",Bonnie Bryant,book_6430b5caf994d377,"Tight Rein (Saddle Club, #57)",Bonnie Bryant
453,471,0.731336,book_64babb7484bf4745,"Horse Crazy (Saddle Club, #1)",Bonnie Bryant,book_6430b5caf994d377,"Tight Rein (Saddle Club, #57)",Bonnie Bryant
439,471,0.73003364,book_15c6e45ab5de2f3c,"High Horse (Saddle Club, #33)",Bonnie Bryant,book_6430b5caf994d377,"Tight Rein (Saddle Club, #57)",Bonnie Bryant
471,488,0.7273032,book_6430b5caf994d377,"Tight Rein (Saddle Club, #57)",Bonnie Bryant,book_2b35bb206996fc74,"Horse Fever (Saddle Club, #85)",Bonnie Bryant
471,554,0.725206,book_6430b5caf994d377,"Tight Rein (Saddle Club, #57)",Bonnie Bryant,book_3e6962f28655d385,"Horse Magic (Saddle Club, #47)",Bonnie Bryant
471,491,0.7235583,book_6430b5caf994d377,"Tight Rein (Saddle Club, #57)",Bonnie Bryant,book_4539e07773c16c96,"Nightmare (Saddle Club Super Edition, #6)",Bonnie Bryant
471,494,0.7206769,book_6430b5caf994d377,"Tight Rein (Saddle Club, #57)",Bonnie Bryant,book_cfe8c2565b6d8d62,"Quarter Horse (Saddle Club, #82)",Bonnie Bryant
472,553,0.76611745,book_669af3df338fae1c,"Western Star (Saddle Club Super Edition, #3)",Bonnie Bryant,book_255adb0e23959454,"Autumn Trail (Saddle Club, #30)",Bonnie Bryant
472,539,0.7275944,book_669af3df338fae1c,"Western Star (Saddle Club Super Edition, #3)",Bonnie Bryant,book_f4be2a64fdb39a36,"Horse Tale (Saddle Club, #35)",Bonnie Bryant
472,537,0.7240125,book_669af3df338fae1c,"Western Star (Saddle Club Super Edition, #3)",Bonnie Bryant,book_ddd91a47fb5dd3bc,"Best Friends (Saddle Club, #101)",Bonnie Bryant
472,527,0.72226477,book_669af3df338fae1c,"Western Star (Saddle Club Super Edition, #3)",Bonnie Bryant,book_303967d60e61d062,"Horse-Sitters (Saddle Club, #53)",Bonnie Bryant
472,487,0.7140893,book_669af3df338fae1c,"Western Star (Saddle Club Super Edition, #3)",Bonnie Bryant,book_008279540fb4fa3b,"Horse Blues (Saddle Club, #62)",Bonnie Bryant
472,533,0.70714533,book_669af3df338fae1c,"Western Star (Saddle Club Super Edition, #3)",Bonnie Bryant,book_961e7fa924c293b6,"Holiday Horse (Saddle Club, #72)",Bonnie Bryant
472,496,0.70194536,book_669af3df338fae1c,"Western Star (Saddle Club Super Edition, #3)",Bonnie Bryant,book_f86a91da104d9ae7,"Gold Medal Horse (Saddle Club, #55)",Bonnie Bryant
432,472,0.70018816,book_191f7524aca5213e,"Racehorse (Saddle Club, #21)",Bonnie Bryant,book_669af3df338fae1c,"Western Star (Saddle Club Super Edition, #3)",Bonnie Bryant
472,556,0.69613004,book_669af3df338fae1c,"Western Star (Saddle Club Super Edition, #3)",Bonnie Bryant,book_4ddd5ef6448c9f45,"Ranch Hands (Saddle Club, #29)",Bonnie Bryant
448,472,0.6960983,book_64f8dd953cc9c2d2,"Rodeo Rider (Saddle Club, #12)",Bonnie Bryant,book_669af3df338fae1c,"Western Star (Saddle Club Super Edition, #3)",Bonnie Bryant
472,515,0.69460887,book_669af3df338fae1c,"Western Star (Saddle Club Super Edition, #3)",Bonnie Bryant,book_9c9f52e237e7c4e7,"Yankee Swap (Saddle Club, #50)",Bonnie Bryant
455,472,0.6922842,book_205afbb25799c360,"Horse Shy (Saddle Club, #2)",Bonnie Bryant,book_669af3df338fae1c,"Western Star (Saddle Club Super Edition, #3)",Bonnie Bryant
437,472,0.6875962,book_e66a911b25f09a42,"Stable Manners (Saddle Club, #28)",Bonnie Bryant,book_669af3df338fae1c,"Western Star (Saddle Club Super Edition, #3)",Bonnie Bryant
426,472,0.68597305,book_93f3c20a5f2a5396,"Riding Camp (Saddle Club, #10)",Bonnie Bryant,book_669af3df338fae1c,"Western Star (Saddle Club Super Edition, #3)",Bonnie Bryant
473,528,0.8108033,book_e8a1b98c040067f4,"Horse Love (Saddle Club, #93)",Bonnie Bryant,book_377fbb85b328e3f3,"Stray Horse (Saddle Club, #100)",Bonnie Bryant
473,488,0.7946776,book_e8a1b98c040067f4,"Horse Love (Saddle Club, #93)",Bonnie Bryant,book_2b35bb206996fc74,"Horse Fever (Saddle Club, #85)",Bonnie Bryant
473,485,0.78971934,book_e8a1b98c040067f4,"Horse Love (Saddle Club, #93)",Bonnie Bryant,book_7f8b0cc76746b685,"Lucky Horse (Saddle Club, #89)",Bonnie Bryant
473,537,0.78905284,book_e8a1b98c040067f4,"Horse Love (Saddle Club, #93)",Bonnie Bryant,book_ddd91a47fb5dd3bc,"Best Friends (Saddle Club, #101)",Bonnie Bryant
424,473,0.78795266,book_906095cf9503cebc,"Trail Mates (Saddle Club, #5)",Bonnie Bryant,book_e8a1b98c040067f4,"Horse Love (Saddle Club, #93)",Bonnie Bryant
473,542,0.77330685,book_e8a1b98c040067f4,"Horse Love (Saddle Club, #93)",Bonnie Bryant,book_060f9af46ec83488,"Horse Guest (Saddle Club, #73)",Bonnie Bryant
473,519,0.7706245,book_e8a1b98c040067f4,"Horse Love (Saddle Club, #93)",Bonnie Bryant,book_f93759b6920f1b24,"Sea Horse (Saddle Club, #14)",Bonnie Bryant
455,473,0.7696557,book_205afbb25799c360,"Horse Shy (Saddle Club, #2)",Bonnie Bryant,book_e8a1b98c040067f4,"Horse Love (Saddle Club, #93)",Bonnie Bryant
473,491,0.76657903,book_e8a1b98c040067f4,"Horse Love (Saddle Club, #93)",Bonnie Bryant,book_4539e07773c16c96,"Nightmare (Saddle Club Super Edition, #6)",Bonnie Bryant
473,545,0.7631147,book_e8a1b98c040067f4,"Horse Love (Saddle Club, #93)",Bonnie Bryant,book_9aa0175f8ef92aed,"The Long Ride (Pine Hollow, #1)",Bonnie Bryant
473,507,0.7621239,book_e8a1b98c040067f4,"Horse Love (Saddle Club, #93)",Bonnie Bryant,book_312dd58cd2f0791a,"Summer Horse (Saddle Club, #67)",Bonnie Bryant
453,473,0.7591131,book_64babb7484bf4745,"Horse Crazy (Saddle Club, #1)",Bonnie Bryant,book_e8a1b98c040067f4,"Horse Love (Saddle Club, #93)",Bonnie Bryant
474,518,0.82285076,book_e4925f5d787d53b8,"Horseshoe (Saddle Club, #44)",Bonnie Bryant,book_43d6274fcb406433,"Horse Wise (Saddle Club, #11)",Bonnie Bryant
474,507,0.8145107,book_e4925f5d787d53b8,"Horseshoe (Saddle Club, #44)",Bonnie Bryant,book_312dd58cd2f0791a,"Summer Horse (Saddle Club, #67)",Bonnie Bryant
474,556,0.80118185,book_e4925f5d787d53b8,"Horseshoe (Saddle Club, #44)",Bonnie Bryant,book_4ddd5ef6448c9f45,"Ranch Hands (Saddle Club, #29)",Bonnie Bryant
474,551,0.7969908,book_e4925f5d787d53b8,"Horseshoe (Saddle Club, #44)",Bonnie Bryant,book_b110b70876dd6fe2,"Horse Trouble (Saddle Club, #23)",Bonnie Bryant
474,491,0.7949869,book_e4925f5d787d53b8,"Horseshoe (Saddle Club, #44)",Bonnie Bryant,book_4539e07773c16c96,"Nightmare (Saddle Club Super Edition, #6)",Bonnie Bryant
424,474,0.7731445,book_906095cf9503cebc,"Trail Mates (Saddle Club, #5)",Bonnie Bryant,book_e4925f5d787d53b8,"Horseshoe (Saddle Club, #44)",Bonnie Bryant
474,535,0.7685884,book_e4925f5d787d53b8,"Horseshoe (Saddle Club, #44)",Bonnie Bryant,book_c3ea4f8216f7f7a7,"Secret Horse (Saddle Club, #86)",Bonnie Bryant
446,474,0.7660608,book_186cc4cfbccd92a1,"Horse Games (Saddle Club, #16)",Bonnie Bryant,book_e4925f5d787d53b8,"Horseshoe (Saddle Club, #44)",Bonnie Bryant
474,541,0.7621354,book_e4925f5d787d53b8,"Horseshoe (Saddle Club, #44)",Bonnie Bryant,book_cefabace4106b537,"Rocking Horse (Saddle Club, #77)",Bonnie Bryant
474,530,0.76127005,book_e4925f5d787d53b8,"Horseshoe (Saddle Club, #44)",Bonnie Bryant,book_6ce0fdb9aa35427f,"Horse Race (Saddle Club, #70)",Bonnie Bryant
475,493,0.77428716,book_bb3308be966e910b,"Stable Witch (Saddle Club, #41)",Bonnie Bryant,book_3d6950164ebe5205,"Horse Play (Saddle Club, #7)",Bonnie Bryant
475,554,0.7426493,book_bb3308be966e910b,"Stable Witch (Saddle Club, #41)",Bonnie Bryant,book_3e6962f28655d385,"Horse Magic (Saddle Club, #47)",Bonnie Bryant
471,475,0.7177439,book_6430b5caf994d377,"Tight Rein (Saddle Club, #57)",Bonnie Bryant,book_bb3308be966e910b,"Stable Witch (Saddle Club, #41)",Bonnie Bryant
475,494,0.7061783,book_bb3308be966e910b,"Stable Witch (Saddle Club, #41)",Bonnie Bryant,book_cfe8c2565b6d8d62,"Quarter Horse (Saddle Club, #82)",Bonnie Bryant
475,541,0.7048068,book_bb3308be966e910b,"Stable Witch (Saddle Club, #41)",Bonnie Bryant,book_cefabace4106b537,"Rocking Horse (Saddle Club, #77)",Bonnie Bryant
452,475,0.70362663,book_21728dd022425a84,"Horse Play (Saddle Club, #7)",Bonnie Bryant,book_bb3308be966e910b,"Stable Witch (Saddle Club, #41)",Bonnie Bryant
427,475,0.703128,book_d28c6680f8202cfe,"Dude Ranch (Saddle Club, #6)",Bonnie Bryant,book_bb3308be966e910b,"Stable Witch (Saddle Club, #41)",Bonnie Bryant
475,506,0.7004953,book_bb3308be966e910b,"Stable Witch (Saddle Club, #41)",Bonnie Bryant,book_b816a2a265f8ad88,"Horse Thief (Saddle Club, #83)",Bonnie Bryant
435,475,0.6978229,book_c63be2406dd8629d,"Team Play (Saddle Club, #15)",Bonnie Bryant,book_bb3308be966e910b,"Stable Witch (Saddle Club, #41)",Bonnie Bryant
475,526,0.69082963,book_bb3308be966e910b,"Stable Witch (Saddle Club, #41)",Bonnie Bryant,book_fd070e3248eb0463,"Sidesaddle (Saddle Club, #88)",Bonnie Bryant
475,535,0.6900593,book_bb3308be966e910b,"Stable Witch (Saddle Club, #41)",Bonnie Bryant,book_c3ea4f8216f7f7a7,"Secret Horse (Saddle Club, #86)",Bonnie Bryant
475,536,0.68780327,book_bb3308be966e910b,"Stable Witch (Saddle Club, #41)",Bonnie Bryant,book_a1029bd48f05855a,"Horse Feathers (Saddle Club, #98)",Bonnie Bryant
455,475,0.68486536,book_205afbb25799c360,"Horse Shy (Saddle Club, #2)",Bonnie Bryant,book_bb3308be966e910b,"Stable Witch (Saddle Club, #41)",Bonnie Bryant
446,475,0.68439794,book_186cc4cfbccd92a1,"Horse Games (Saddle Club, #16)",Bonnie Bryant,book_bb3308be966e910b,"Stable Witch (Saddle Club, #41)",Bonnie Bryant
455,476,0.75358474,book_205afbb25799c360,"Horse Shy (Saddle Club, #2)",Bonnie Bryant,book_ac8acce500a56fdd,"Mystery Ride (Saddle Club, #48)",Bonnie Bryant
476,493,0.7296603,book_ac8acce500a56fdd,"Mystery Ride (Saddle Club, #48)",Bonnie Bryant,book_3d6950164ebe5205,"Horse Play (Saddle Club, #7)",Bonnie Bryant
453,476,0.71767867,book_64babb7484bf4745,"Horse Crazy (Saddle Club, #1)",Bonnie Bryant,book_ac8acce500a56fdd,"Mystery Ride (Saddle Club, #48)",Bonnie Bryant
454,476,0.7131283,book_bb11d9ac109bce9f,"Horse Power (Saddle Club, #4)",Bonnie Bryant,book_ac8acce500a56fdd,"Mystery Ride (Saddle Club, #48)",Bonnie Bryant
476,554,0.71287656,book_ac8acce500a56fdd,"Mystery Ride (Saddle Club, #48)",Bonnie Bryant,book_3e6962f28655d385,"Horse Magic (Saddle Club, #47)",Bonnie Bryant
476,507,0.7009009,book_ac8acce500a56fdd,"Mystery Ride (Saddle Club, #48)",Bonnie Bryant,book_312dd58cd2f0791a,"Summer Horse (Saddle Club, #67)",Bonnie Bryant
424,476,0.6970985,book_906095cf9503cebc,"Trail Mates (Saddle Club, #5)",Bonnie Bryant,book_ac8acce500a56fdd,"Mystery Ride (Saddle Club, #48)",Bonnie Bryant
476,525,0.6943026,book_ac8acce500a56fdd,"Mystery Ride (Saddle Club, #48)",Bonnie Bryant,book_00f7f811a105ee56,"Trail Ride (Saddle Club, #99)",Bonnie Bryant
427,476,0.69236374,book_d28c6680f8202cfe,"Dude Ranch (Saddle Club, #6)",Bonnie Bryant,book_ac8acce500a56fdd,"Mystery Ride (Saddle Club, #48)",Bonnie Bryant
446,476,0.69220066,book_186cc4cfbccd92a1,"Horse Games (Saddle Club, #16)",Bonnie Bryant,book_ac8acce500a56fdd,"Mystery Ride (Saddle Club, #48)",Bonnie Bryant
476,491,0.69147646,book_ac8acce500a56fdd,"Mystery Ride (Saddle Club, #48)",Bonnie Bryant,book_4539e07773c16c96,"Nightmare (Saddle Club Super Edition, #6)",Bonnie Bryant
461,476,0.6865803,book_b83a1c85eaf7d151,"Riding Class (Saddle Club, #52)",Bonnie Bryant,book_ac8acce500a56fdd,"Mystery Ride (Saddle Club, #48)",Bonnie Bryant
476,515,0.68646866,book_ac8acce500a56fdd,"Mystery Ride (Saddle Club, #48)",Bonnie Bryant,book_9c9f52e237e7c4e7,"Yankee Swap (Saddle Club, #50)",Bonnie Bryant
437,476,0.6817757,book_e66a911b25f09a42,"Stable Manners (Saddle Club, #28)",Bonnie Bryant,book_ac8acce500a56fdd,"Mystery Ride (Saddle Club, #48)",Bonnie Bryant
427,477,0.7367649,book_d28c6680f8202cfe,"Dude Ranch (Saddle Club, #6)",Bonnie Bryant,book_0e925dc0e460325b,"Cutting Horse (Saddle Club, #56)",Bonnie Bryant
477,556,0.72814476,book_0e925dc0e460325b,"Cutting Horse (Saddle Club, #56)",Bonnie Bryant,book_4ddd5ef6448c9f45,"Ranch Hands (Saddle Club, #29)",Bonnie Bryant
477,521,0.70816714,book_0e925dc0e460325b,"Cutting Horse (Saddle Club, #56)",Bonnie Bryant,book_b9674101bdabdef1,"Starting Gate (Saddle Club, #91)",Bonnie Bryant
465,477,0.70628655,book_9c77c2dc89eba43d,"Broken Horse (Saddle Club, #61)",Bonnie Bryant,book_0e925dc0e460325b,"Cutting Horse (Saddle Club, #56)",Bonnie Bryant
477,539,0.70479894,book_0e925dc0e460325b,"Cutting Horse (Saddle Club, #56)",Bonnie Bryant,book_f4be2a64fdb39a36,"Horse Tale (Saddle Club, #35)",Bonnie Bryant
477,529,0.69678605,book_0e925dc0e460325b,"Cutting Horse (Saddle Club, #56)",Bonnie Bryant,book_94a0e93f20c63d9f,"Horse Capades (Saddle Club, #64)",Bonnie Bryant
470,477,0.6959182,book_63b2cff0ab177dce,"Horse Talk (Saddle Club, #71)",Bonnie Bryant,book_0e925dc0e460325b,"Cutting Horse (Saddle Club, #56)",Bonnie Bryant
477,551,0.6924209,book_0e925dc0e460325b,"Cutting Horse (Saddle Club, #56)",Bonnie Bryant,book_b110b70876dd6fe2,"Horse Trouble (Saddle Club, #23)",Bonnie Bryant
449,477,0.69142747,book_40c77c1a95cbeb78,"Horsenapped! (Saddle Club, #17)",Bonnie Bryant,book_0e925dc0e460325b,"Cutting Horse (Saddle Club, #56)",Bonnie Bryant
436,477,0.6892438,book_cb3db40205e6bb85,"Saddlebags (Saddle Club, #42)",Bonnie Bryant,book_0e925dc0e460325b,"Cutting Horse (Saddle Club, #56)",Bonnie Bryant
477,493,0.68600684,book_0e925dc0e460325b,"Cutting Horse (Saddle Club, #56)",Bonnie Bryant,book_3d6950164ebe5205,"Horse Play (Saddle Club, #7)",Bonnie Bryant
477,540,0.68237346,book_0e925dc0e460325b,"Cutting Horse (Saddle Club, #56)",Bonnie Bryant,book_0610aaec503a12a6,"Horse Whispers (Saddle Club, #74)",Bonnie Bryant
448,477,0.6822307,book_64f8dd953cc9c2d2,"Rodeo Rider (Saddle Club, #12)",Bonnie Bryant,book_0e925dc0e460325b,"Cutting Horse (Saddle Club, #56)",Bonnie Bryant
451,477,0.6800661,book_3add8af5fd91c7c5,"Horse Wise (Saddle Club, #11)",Bonnie Bryant,book_0e925dc0e460325b,"Cutting Horse (Saddle Club, #56)",Bonnie Bryant
477,518,0.6790298,book_0e925dc0e460325b,"Cutting Horse (Saddle Club, #56)",Bonnie Bryant,book_43d6274fcb406433,"Horse Wise (Saddle Club, #11)",Bonnie Bryant
455,478,0.7824936,book_205afbb25799c360,"Horse Shy (Saddle Club, #2)",Bonnie Bryant,book_b8b2bc244df4d1f3,"Riding Lesson (Saddle Club, #36)",Bonnie Bryant
478,496,0.77874017,book_b8b2bc244df4d1f3,"Riding Lesson (Saddle Club, #36)",Bonnie Bryant,book_f86a91da104d9ae7,"Gold Medal Horse (Saddle Club, #55)",Bonnie Bryant
478,495,0.77532375,book_b8b2bc244df4d1f3,"Riding Lesson (Saddle Club, #36)",Bonnie Bryant,book_e9f3d63f42fa3f13,"Gold Medal Rider (Saddle Club, #54)",Bonnie Bryant
478,527,0.7634773,book_b8b2bc244df4d1f3,"Riding Lesson (Saddle Club, #36)",Bonnie Bryant,book_303967d60e61d062,"Horse-Sitters (Saddle Club, #53)",Bonnie Bryant
453,478,0.75338244,book_64babb7484bf4745,"Horse Crazy (Saddle Club, #1)",Bonnie Bryant,book_b8b2bc244df4d1f3,"Riding Lesson (Saddle Club, #36)",Bonnie Bryant
474,478,0.7506674,book_e4925f5d787d53b8,"Horseshoe (Saddle Club, #44)",Bonnie Bryant,book_b8b2bc244df4d1f3,"Riding Lesson (Saddle Club, #36)",Bonnie Bryant
480,485,0.7455087,book_e100b4a22a1f9060,"Dream Horse (Saddle Club Super Edition, #4)",Bonnie Bryant,book_7f8b0cc76746b685,"Lucky Horse (Saddle Club, #89)",Bonnie Bryant
455,480,0.72158796,book_205afbb25799c360,"Horse Shy (Saddle Club, #2)",Bonnie Bryant,book_e100b4a22a1f9060,"Dream Horse (Saddle Club Super Edition, #4)",Bonnie Bryant
480,524,0.7207582,book_e100b4a22a1f9060,"Dream Horse (Saddle Club Super Edition, #4)",Bonnie Bryant,book_c5b3b9141f671e24,"Painted Horse (Saddle Club, #75)",Bonnie Bryant
480,487,0.7190942,book_e100b4a22a1f9060,"Dream Horse (Saddle Club Super Edition, #4)",Bonnie Bryant,book_008279540fb4fa3b,"Horse Blues (Saddle Club, #62)",Bonnie Bryant
480,539,0.7153345,book_e100b4a22a1f9060,"Dream Horse (Saddle Club Super Edition, #4)",Bonnie Bryant,book_f4be2a64fdb39a36,"Horse Tale (Saddle Club, #35)",Bonnie Bryant
480,493,0.71467334,book_e100b4a22a1f9060,"Dream Horse (Saddle Club Super Edition, #4)",Bonnie Bryant,book_3d6950164ebe5205,"Horse Play (Saddle Club, #7)",Bonnie Bryant
480,484,0.7129948,book_e100b4a22a1f9060,"Dream Horse (Saddle Club Super Edition, #4)",Bonnie Bryant,book_8cd66a23817b93b5,"Hard Hat (Saddle Club, #97)",Bonnie Bryant
480,494,0.71065044,book_e100b4a22a1f9060,"Dream Horse (Saddle Club Super Edition, #4)",Bonnie Bryant,book_cfe8c2565b6d8d62,"Quarter Horse (Saddle Club, #82)",Bonnie Bryant
480,548,0.7097322,book_e100b4a22a1f9060,"Dream Horse (Saddle Club Super Edition, #4)",Bonnie Bryant,book_675a5a72df87930d,"Show Horse (Saddle Club, #25)",Bonnie Bryant
447,480,0.70923746,book_d05bbb7f67825452,"A Summer Without Horses (Saddle Club Super Edition, #1)",Bonnie Bryant,book_e100b4a22a1f9060,"Dream Horse (Saddle Club Super Edition, #4)",Bonnie Bryant
480,496,0.7091657,book_e100b4a22a1f9060,"Dream Horse (Saddle Club Super Edition, #4)",Bonnie Bryant,book_f86a91da104d9ae7,"Gold Medal Horse (Saddle Club, #55)",Bonnie Bryant
439,480,0.7032348,book_15c6e45ab5de2f3c,"High Horse (Saddle Club, #33)",Bonnie Bryant,book_e100b4a22a1f9060,"Dream Horse (Saddle Club Super Edition, #4)",Bonnie Bryant
473,480,0.70257723,book_e8a1b98c040067f4,"Horse Love (Saddle Club, #93)",Bonnie Bryant,book_e100b4a22a1f9060,"Dream Horse (Saddle Club Super Edition, #4)",Bonnie Bryant
467,480,0.69915223,book_2796bba9f97c1893,"Horse Trade (Saddle Club, #38)",Bonnie Bryant,book_e100b4a22a1f9060,"Dream Horse (Saddle Club Super Edition, #4)",Bonnie Bryant
452,481,0.6798418,book_21728dd022425a84,"Horse Play (Saddle Club, #7)",Bonnie Bryant,book_1a67103d3f37baf9,"Million-Dollar Horse (Saddle Club, #92)",Bonnie Bryant
481,493,0.63365936,book_1a67103d3f37baf9,"Million-Dollar Horse (Saddle Club, #92)",Bonnie Bryant,book_3d6950164ebe5205,"Horse Play (Saddle Club, #7)",Bonnie Bryant
481,527,0.6274383,book_1a67103d3f37baf9,"Million-Dollar Horse (Saddle Club, #92)",Bonnie Bryant,book_303967d60e61d062,"Horse-Sitters (Saddle Club, #53)",Bonnie Bryant
481,487,0.6159353,book_1a67103d3f37baf9,"Million-Dollar Horse (Saddle Club, #92)",Bonnie Bryant,book_008279540fb4fa3b,"Horse Blues (Saddle Club, #62)",Bonnie Bryant
465,481,0.6152015,book_9c77c2dc89eba43d,"Broken Horse (Saddle Club, #61)",Bonnie Bryant,book_1a67103d3f37baf9,"Million-Dollar Horse (Saddle Club, #92)",Bonnie Bryant
444,481,0.61397123,book_289808986de1c8af,"Gift Horse (Saddle Club, #40)",Bonnie Bryant,book_1a67103d3f37baf9,"Million-Dollar Horse (Saddle Club, #92)",Bonnie Bryant
481,518,0.6128018,book_1a67103d3f37baf9,"Million-Dollar Horse (Saddle Club, #92)",Bonnie Bryant,book_43d6274fcb406433,"Horse Wise (Saddle Club, #11)",Bonnie Bryant
481,488,0.60966015,book_1a67103d3f37baf9,"Million-Dollar Horse (Saddle Club, #92)",Bonnie Bryant,book_2b35bb206996fc74,"Horse Fever (Saddle Club, #85)",Bonnie Bryant
473,481,0.60913444,book_e8a1b98c040067f4,"Horse Love (Saddle Club, #93)",Bonnie Bryant,book_1a67103d3f37baf9,"Million-Dollar Horse (Saddle Club, #92)",Bonnie Bryant
481,530,0.60883904,book_1a67103d3f37baf9,"Million-Dollar Horse (Saddle Club, #92)",Bonnie Bryant,book_6ce0fdb9aa35427f,"Horse Race (Saddle Club, #70)",Bonnie Bryant
481,528,0.60598487,book_1a67103d3f37baf9,"Million-Dollar Horse (Saddle Club, #92)",Bonnie Bryant,book_377fbb85b328e3f3,"Stray Horse (Saddle Club, #100)",Bonnie Bryant
481,539,0.60172963,book_1a67103d3f37baf9,"Million-Dollar Horse (Saddle Club, #92)",Bonnie Bryant,book_f4be2a64fdb39a36,"Horse Tale (Saddle Club, #35)",Bonnie Bryant
446,482,0.7092792,book_186cc4cfbccd92a1,"Horse Games (Saddle Club, #16)",Bonnie Bryant,book_e05929c51d6fc23d,"Driving Team (Saddle Club, #90)",Bonnie Bryant
482,521,0.70334244,book_e05929c51d6fc23d,"Driving Team (Saddle Club, #90)",Bonnie Bryant,book_b9674101bdabdef1,"Starting Gate (Saddle Club, #91)",Bonnie Bryant
454,482,0.6905185,book_bb11d9ac109bce9f,"Horse Power (Saddle Club, #4)",Bonnie Bryant,book_e05929c51d6fc23d,"Driving Team (Saddle Club, #90)",Bonnie Bryant
459,482,0.6850643,book_03571b8ba158bee8,"Team Play (Saddle Club, #15)",Bonnie Bryant,book_e05929c51d6fc23d,"Driving Team (Saddle Club, #90)",Bonnie Bryant
482,530,0.6839779,book_e05929c51d6fc23d,"Driving Team (Saddle Club, #90)",Bonnie Bryant,book_6ce0fdb9aa35427f,"Horse Race (Saddle Club, #70)",Bonnie Bryant
474,482,0.673167,book_e4925f5d787d53b8,"Horseshoe (Saddle Club, #44)",Bonnie Bryant,book_e05929c51d6fc23d,"Driving Team (Saddle Club, #90)",Bonnie Bryant
456,482,0.6724007,book_cf27e0168a2d2dca,"Horse Sense (Saddle Club, #3)",Bonnie Bryant,book_e05929c51d6fc23d,"Driving Team (Saddle Club, #90)",Bonnie Bryant
482,551,0.67079127,book_e05929c51d6fc23d,"Driving Team (Saddle Club, #90)",Bonnie Bryant,book_b110b70876dd6fe2,"Horse Trouble (Saddle Club, #23)",Bonnie Bryant
424,482,0.67075795,book_906095cf9503cebc,"Trail Mates (Saddle Club, #5)",Bonnie Bryant,book_e05929c51d6fc23d,"Driving Team (Saddle Club, #90)",Bonnie Bryant
427,482,0.66452706,book_d28c6680f8202cfe,"Dude Ranch (Saddle Club, #6)",Bonnie Bryant,book_e05929c51d6fc23d,"Driving Team (Saddle Club, #90)",Bonnie Bryant
482,493,0.66189766,book_e05929c51d6fc23d,"Driving Team (Saddle Club, #90)",Bonnie Bryant,book_3d6950164ebe5205,"Horse Play (Saddle Club, #7)",Bonnie Bryant
482,488,0.66163015,book_e05929c51d6fc23d,"Driving Team (Saddle Club, #90)",Bonnie Bryant,book_2b35bb206996fc74,"Horse Fever (Saddle Club, #85)",Bonnie Bryant
453,482,0.659709,book_64babb7484bf4745,"Horse Crazy (Saddle Club, #1)",Bonnie Bryant,book_e05929c51d6fc23d,"Driving Team (Saddle Club, #90)",Bonnie Bryant
482,535,0.65264875,book_e05929c51d6fc23d,"Driving Team (Saddle Club, #90)",Bonnie Bryant,book_c3ea4f8216f7f7a7,"Secret Horse (Saddle Club, #86)",Bonnie Bryant
455,483,0.7655944,book_205afbb25799c360,"Horse Shy (Saddle Club, #2)",Bonnie Bryant,book_892d96197613fa8c,Stevie: The Inside Story (Saddle Club Inside Stories),Bonnie Bryant
483,524,0.7516719,book_892d96197613fa8c,Stevie: The Inside Story (Saddle Club Inside Stories),Bonnie Bryant,book_c5b3b9141f671e24,"Painted Horse (Saddle Club, #75)",Bonnie Bryant
483,537,0.7376543,book_892d96197613fa8c,Stevie: The Inside Story (Saddle Club Inside Stories),Bonnie Bryant,book_ddd91a47fb5dd3bc,"Best Friends (Saddle Club, #101)",Bonnie Bryant
483,491,0.7269527,book_892d96197613fa8c,Stevie: The Inside Story (Saddle Club Inside Stories),Bonnie Bryant,book_4539e07773c16c96,"Nightmare (Saddle Club Super Edition, #6)",Bonnie Bryant
473,483,0.72408295,book_e8a1b98c040067f4,"Horse Love (Saddle Club, #93)",Bonnie Bryant,book_892d96197613fa8c,Stevie: The Inside Story (Saddle Club Inside Stories),Bonnie Bryant
483,493,0.7229347,book_892d96197613fa8c,Stevie: The Inside Story (Saddle Club Inside Stories),Bonnie Bryant,book_3d6950164ebe5205,"Horse Play (Saddle Club, #7)",Bonnie Bryant
446,483,0.7209538,book_186cc4cfbccd92a1,"Horse Games (Saddle Club, #16)",Bonnie Bryant,book_892d96197613fa8c,Stevie: The Inside Story (Saddle Club Inside Stories),Bonnie Bryant
483,539,0.7206919,book_892d96197613fa8c,Stevie: The Inside Story (Saddle Club Inside Stories),Bonnie Bryant,book_f4be2a64fdb39a36,"Horse Tale (Saddle Club, #35)",Bonnie Bryant
447,483,0.7165408,book_d05bbb7f67825452,"A Summer Without Horses (Saddle Club Super Edition, #1)",Bonnie Bryant,book_892d96197613fa8c,Stevie: The Inside Story (Saddle Club Inside Stories),Bonnie Bryant
483,529,0.713928,book_892d96197613fa8c,Stevie: The Inside Story (Saddle Club Inside Stories),Bonnie Bryant,book_94a0e93f20c63d9f,"Horse Capades (Saddle Club, #64)",Bonnie Bryant
483,526,0.712553,book_892d96197613fa8c,Stevie: The Inside Story (Saddle Club Inside Stories),Bonnie Bryant,book_fd070e3248eb0463,"Sidesaddle (Saddle Club, #88)",Bonnie Bryant
439,483,0.711879,book_15c6e45ab5de2f3c,"High Horse (Saddle Club, #33)",Bonnie Bryant,book_892d96197613fa8c,Stevie: The Inside Story (Saddle Club Inside Stories),Bonnie Bryant
435,483,0.7115495,book_c63be2406dd8629d,"Team Play (Saddle Club, #15)",Bonnie Bryant,book_892d96197613fa8c,Stevie: The Inside Story (Saddle Club Inside Stories),Bonnie Bryant
483,494,0.70479083,book_892d96197613fa8c,Stevie: The Inside Story (Saddle Club Inside Stories),Bonnie Bryant,book_cfe8c2565b6d8d62,"Quarter Horse (Saddle Club, #82)",Bonnie Bryant
484,524,0.7931385,book_8cd66a23817b93b5,"Hard Hat (Saddle Club, #97)",Bonnie Bryant,book_c5b3b9141f671e24,"Painted Horse (Saddle Club, #75)",Bonnie Bryant
473,484,0.72685486,book_e8a1b98c040067f4,"Horse Love (Saddle Club, #93)",Bonnie Bryant,book_8cd66a23817b93b5,"Hard Hat (Saddle Club, #97)",Bonnie Bryant
484,494,0.7266376,book_8cd66a23817b93b5,"Hard Hat (Saddle Club, #97)",Bonnie Bryant,book_cfe8c2565b6d8d62,"Quarter Horse (Saddle Club, #82)",Bonnie Bryant
484,493,0.7108066,book_8cd66a23817b93b5,"Hard Hat (Saddle Club, #97)",Bonnie Bryant,book_3d6950164ebe5205,"Horse Play (Saddle Club, #7)",Bonnie Bryant
439,484,0.7097975,book_15c6e45ab5de2f3c,"High Horse (Saddle Club, #33)",Bonnie Bryant,book_8cd66a23817b93b5,"Hard Hat (Saddle Club, #97)",Bonnie Bryant
484,536,0.7042959,book_8cd66a23817b93b5,"Hard Hat (Saddle Club, #97)",Bonnie Bryant,book_a1029bd48f05855a,"Horse Feathers (Saddle Club, #98)",Bonnie Bryant
455,484,0.69716185,book_205afbb25799c360,"Horse Shy (Saddle Club, #2)",Bonnie Bryant,book_8cd66a23817b93b5,"Hard Hat (Saddle Club, #97)",Bonnie Bryant
447,484,0.6957917,book_d05bbb7f67825452,"A Summer Without Horses (Saddle Club Super Edition, #1)",Bonnie Bryant,book_8cd66a23817b93b5,"Hard Hat (Saddle Club, #97)",Bonnie Bryant
423,484,0.6893225,book_97f66ba297419ef8,"Horse Show (Saddle Club, #8)",Bonnie Bryant,book_8cd66a23817b93b5,"Hard Hat (Saddle Club, #97)",Bonnie Bryant
484,485,0.6869788,book_8cd66a23817b93b5,"Hard Hat (Saddle Club, #97)",Bonnie Bryant,book_7f8b0cc76746b685,"Lucky Horse (Saddle Club, #89)",Bonnie Bryant
484,539,0.6805461,book_8cd66a23817b93b5,"Hard Hat (Saddle Club, #97)",Bonnie Bryant,book_f4be2a64fdb39a36,"Horse Tale (Saddle Club, #35)",Bonnie Bryant
483,484,0.6786339,book_892d96197613fa8c,Stevie: The Inside Story (Saddle Club Inside Stories),Bonnie Bryant,book_8cd66a23817b93b5,"Hard Hat (Saddle Club, #97)",Bonnie Bryant
467,484,0.67663825,book_2796bba9f97c1893,"Horse Trade (Saddle Club, #38)",Bonnie Bryant,book_8cd66a23817b93b5,"Hard Hat (Saddle Club, #97)",Bonnie Bryant
485,539,0.7851907,book_7f8b0cc76746b685,"Lucky Horse (Saddle Club, #89)",Bonnie Bryant,book_f4be2a64fdb39a36,"Horse Tale (Saddle Club, #35)",Bonnie Bryant
455,485,0.7768426,book_205afbb25799c360,"Horse Shy (Saddle Club, #2)",Bonnie Bryant,book_7f8b0cc76746b685,"Lucky Horse (Saddle Club, #89)",Bonnie Bryant
485,540,0.76483124,book_7f8b0cc76746b685,"Lucky Horse (Saddle Club, #89)",Bonnie Bryant,book_0610aaec503a12a6,"Horse Whispers (Saddle Club, #74)",Bonnie Bryant
454,485,0.76366645,book_bb11d9ac109bce9f,"Horse Power (Saddle Club, #4)",Bonnie Bryant,book_7f8b0cc76746b685,"Lucky Horse (Saddle Club, #89)",Bonnie Bryant
485,528,0.7602931,book_7f8b0cc76746b685,"Lucky Horse (Saddle Club, #89)",Bonnie Bryant,book_377fbb85b328e3f3,"Stray Horse (Saddle Club, #100)",Bonnie Bryant
453,485,0.76013404,book_64babb7484bf4745,"Horse Crazy (Saddle Club, #1)",Bonnie Bryant,book_7f8b0cc76746b685,"Lucky Horse (Saddle Club, #89)",Bonnie Bryant
485,542,0.7572801,book_7f8b0cc76746b685,"Lucky Horse (Saddle Club, #89)",Bonnie Bryant,book_060f9af46ec83488,"Horse Guest (Saddle Club, #73)",Bonnie Bryant
485,518,0.75274503,book_7f8b0cc76746b685,"Lucky Horse (Saddle Club, #89)",Bonnie Bryant,book_43d6274fcb406433,"Horse Wise (Saddle Club, #11)",Bonnie Bryant
485,527,0.75121045,book_7f8b0cc76746b685,"Lucky Horse (Saddle Club, #89)",Bonnie Bryant,book_303967d60e61d062,"Horse-Sitters (Saddle Club, #53)",Bonnie Bryant
465,485,0.749694,book_9c77c2dc89eba43d,"Broken Horse (Saddle Club, #61)",Bonnie Bryant,book_7f8b0cc76746b685,"Lucky Horse (Saddle Club, #89)",Bonnie Bryant
485,491,0.73998654,book_7f8b0cc76746b685,"Lucky Horse (Saddle Club, #89)",Bonnie Bryant,book_4539e07773c16c96,"Nightmare (Saddle Club Super Edition, #6)",Bonnie Bryant
485,496,0.73655534,book_7f8b0cc76746b685,"Lucky Horse (Saddle Club, #89)",Bonnie Bryant,book_f86a91da104d9ae7,"Gold Medal Horse (Saddle Club, #55)",Bonnie Bryant
486,513,0.8404956,book_a87b074f820b2c41,"English Horse (Saddle Club, #79)",Bonnie Bryant,book_5333e9aeda6e9cd4,"English Rider (Saddle Club, #80)",Bonnie Bryant
486,518,0.8093455,book_a87b074f820b2c41,"English Horse (Saddle Club, #79)",Bonnie Bryant,book_43d6274fcb406433,"Horse Wise (Saddle Club, #11)",Bonnie Bryant
486,535,0.795058,book_a87b074f820b2c41,"English Horse (Saddle Club, #79)",Bonnie Bryant,book_c3ea4f8216f7f7a7,"Secret Horse (Saddle Club, #86)",Bonnie Bryant
486,521,0.7847513,book_a87b074f820b2c41,"English Horse (Saddle Club, #79)",Bonnie Bryant,book_b9674101bdabdef1,"Starting Gate (Saddle Club, #91)",Bonnie Bryant
486,541,0.7499084,book_a87b074f820b2c41,"English Horse (Saddle Club, #79)",Bonnie Bryant,book_cefabace4106b537,"Rocking Horse (Saddle Club, #77)",Bonnie Bryant
486,501,0.7473402,book_a87b074f820b2c41,"English Horse (Saddle Club, #79)",Bonnie Bryant,book_4493352eda3c1aab,"Stable Farewell (Saddle Club, #49)",Bonnie Bryant
454,486,0.7352286,book_bb11d9ac109bce9f,"Horse Power (Saddle Club, #4)",Bonnie Bryant,book_a87b074f820b2c41,"English Horse (Saddle Club, #79)",Bonnie Bryant
474,486,0.7309252,book_e4925f5d787d53b8,"Horseshoe (Saddle Club, #44)",Bonnie Bryant,book_a87b074f820b2c41,"English Horse (Saddle Club, #79)",Bonnie Bryant
465,486,0.7273136,book_9c77c2dc89eba43d,"Broken Horse (Saddle Club, #61)",Bonnie Bryant,book_a87b074f820b2c41,"English Horse (Saddle Club, #79)",Bonnie Bryant
447,486,0.7198364,book_d05bbb7f67825452,"A Summer Without Horses (Saddle Club Super Edition, #1)",Bonnie Bryant,book_a87b074f820b2c41,"English Horse (Saddle Club, #79)",Bonnie Bryant
486,532,0.7162167,book_a87b074f820b2c41,"English Horse (Saddle Club, #79)",Bonnie Bryant,book_b71fcb07c171ad3b,"Wild Horses (Saddle Club, #58)",Bonnie Bryant
486,540,0.7156152,book_a87b074f820b2c41,"English Horse (Saddle Club, #79)",Bonnie Bryant,book_0610aaec503a12a6,"Horse Whispers (Saddle Club, #74)",Bonnie Bryant
486,488,0.7081256,book_a87b074f820b2c41,"English Horse (Saddle Club, #79)",Bonnie Bryant,book_2b35bb206996fc74,"Horse Fever (Saddle Club, #85)",Bonnie Bryant
449,486,0.7071936,book_40c77c1a95cbeb78,"Horsenapped! (Saddle Club, #17)",Bonnie Bryant,book_a87b074f820b2c41,"English Horse (Saddle Club, #79)",Bonnie Bryant
487,527,0.78792137,book_008279540fb4fa3b,"Horse Blues (Saddle Club, #62)",Bonnie Bryant,book_303967d60e61d062,"Horse-Sitters (Saddle Club, #53)",Bonnie Bryant
487,537,0.7742456,book_008279540fb4fa3b,"Horse Blues (Saddle Club, #62)",Bonnie Bryant,book_ddd91a47fb5dd3bc,"Best Friends (Saddle Club, #101)",Bonnie Bryant
487,539,0.767103,book_008279540fb4fa3b,"Horse Blues (Saddle Club, #62)",Bonnie Bryant,book_f4be2a64fdb39a36,"Horse Tale (Saddle Club, #35)",Bonnie Bryant
455,487,0.7627792,book_205afbb25799c360,"Horse Shy (Saddle Club, #2)",Bonnie Bryant,book_008279540fb4fa3b,"Horse Blues (Saddle Club, #62)",Bonnie Bryant
487,493,0.7558062,book_008279540fb4fa3b,"Horse Blues (Saddle Club, #62)",Bonnie Bryant,book_3d6950164ebe5205,"Horse Play (Saddle Club, #7)",Bonnie Bryant
487,496,0.75426054,book_008279540fb4fa3b,"Horse Blues (Saddle Club, #62)",Bonnie Bryant,book_f86a91da104d9ae7,"Gold Medal Horse (Saddle Club, #55)",Bonnie Bryant
487,488,0.74936634,book_008279540fb4fa3b,"Horse Blues (Saddle Club, #62)",Bonnie Bryant,book_2b35bb206996fc74,"Horse Fever (Saddle Club, #85)",Bonnie Bryant
487,542,0.7490735,book_008279540fb4fa3b,"Horse Blues (Saddle Club, #62)",Bonnie Bryant,book_060f9af46ec83488,"Horse Guest (Saddle Club, #73)",Bonnie Bryant
454,487,0.7481766,book_bb11d9ac109bce9f,"Horse Power (Saddle Club, #4)",Bonnie Bryant,book_008279540fb4fa3b,"Horse Blues (Saddle Club, #62)",Bonnie Bryant
424,487,0.74739957,book_906095cf9503cebc,"Trail Mates (Saddle Club, #5)",Bonnie Bryant,book_008279540fb4fa3b,"Horse Blues (Saddle Club, #62)",Bonnie Bryant
487,548,0.744871,book_008279540fb4fa3b,"Horse Blues (Saddle Club, #62)",Bonnie Bryant,book_675a5a72df87930d,"Show Horse (Saddle Club, #25)",Bonnie Bryant
473,487,0.7392083,book_e8a1b98c040067f4,"Horse Love (Saddle Club, #93)",Bonnie Bryant,book_008279540fb4fa3b,"Horse Blues (Saddle Club, #62)",Bonnie Bryant
488,551,0.7824348,book_2b35bb206996fc74,"Horse Fever (Saddle Club, #85)",Bonnie Bryant,book_b110b70876dd6fe2,"Horse Trouble (Saddle Club, #23)",Bonnie Bryant
456,488,0.76517767,book_cf27e0168a2d2dca,"Horse Sense (Saddle Club, #3)",Bonnie Bryant,book_2b35bb206996fc74,"Horse Fever (Saddle Club, #85)",Bonnie Bryant
488,540,0.76396227,book_2b35bb206996fc74,"Horse Fever (Saddle Club, #85)",Bonnie Bryant,book_0610aaec503a12a6,"Horse Whispers (Saddle Club, #74)",Bonnie Bryant
488,491,0.7616924,book_2b35bb206996fc74,"Horse Fever (Saddle Club, #85)",Bonnie Bryant,book_4539e07773c16c96,"Nightmare (Saddle Club Super Edition, #6)",Bonnie Bryant
446,488,0.7584095,book_186cc4cfbccd92a1,"Horse Games (Saddle Club, #16)",Bonnie Bryant,book_2b35bb206996fc74,"Horse Fever (Saddle Club, #85)",Bonnie Bryant
488,546,0.7578573,book_2b35bb206996fc74,"Horse Fever (Saddle Club, #85)",Bonnie Bryant,book_5faa12506898a1f1,"Saddle Sore (Saddle Club, #66)",Bonnie Bryant
488,537,0.7560514,book_2b35bb206996fc74,"Horse Fever (Saddle Club, #85)",Bonnie Bryant,book_ddd91a47fb5dd3bc,"Best Friends (Saddle Club, #101)",Bonnie Bryant
488,507,0.752848,book_2b35bb206996fc74,"Horse Fever (Saddle Club, #85)",Bonnie Bryant,book_312dd58cd2f0791a,"Summer Horse (Saddle Club, #67)",Bonnie Bryant
451,488,0.7514892,book_3add8af5fd91c7c5,"Horse Wise (Saddle Club, #11)",Bonnie Bryant,book_2b35bb206996fc74,"Horse Fever (Saddle Club, #85)",Bonnie Bryant
488,542,0.7497355,book_2b35bb206996fc74,"Horse Fever (Saddle Club, #85)",Bonnie Bryant,book_060f9af46ec83488,"Horse Guest (Saddle Club, #73)",Bonnie Bryant
488,519,0.7461843,book_2b35bb206996fc74,"Horse Fever (Saddle Club, #85)",Bonnie Bryant,book_f93759b6920f1b24,"Sea Horse (Saddle Club, #14)",Bonnie Bryant
488,493,0.7441194,book_2b35bb206996fc74,"Horse Fever (Saddle Club, #85)",Bonnie Bryant,book_3d6950164ebe5205,"Horse Play (Saddle Club, #7)",Bonnie Bryant
489,525,0.75203687,book_107bcbdc2ca9789a,"Wagon Trail (Saddle Club, #81)",Bonnie Bryant,book_00f7f811a105ee56,"Trail Ride (Saddle Club, #99)",Bonnie Bryant
466,489,0.7301066,book_8dbaddfd4ccb6dfe,THE SADDLE CLUB: HORSE WISE AND RODEO RIDER.,Bonnie. Bryant,book_107bcbdc2ca9789a,"Wagon Trail (Saddle Club, #81)",Bonnie Bryant
489,556,0.7288627,book_107bcbdc2ca9789a,"Wagon Trail (Saddle Club, #81)",Bonnie Bryant,book_4ddd5ef6448c9f45,"Ranch Hands (Saddle Club, #29)",Bonnie Bryant
489,540,0.7186272,book_107bcbdc2ca9789a,"Wagon Trail (Saddle Club, #81)",Bonnie Bryant,book_0610aaec503a12a6,"Horse Whispers (Saddle Club, #74)",Bonnie Bryant
489,494,0.7173681,book_107bcbdc2ca9789a,"Wagon Trail (Saddle Club, #81)",Bonnie Bryant,book_cfe8c2565b6d8d62,"Quarter Horse (Saddle Club, #82)",Bonnie Bryant
489,507,0.7115331,book_107bcbdc2ca9789a,"Wagon Trail (Saddle Club, #81)",Bonnie Bryant,book_312dd58cd2f0791a,"Summer Horse (Saddle Club, #67)",Bonnie Bryant
424,489,0.70876175,book_906095cf9503cebc,"Trail Mates (Saddle Club, #5)",Bonnie Bryant,book_107bcbdc2ca9789a,"Wagon Trail (Saddle Club, #81)",Bonnie Bryant
461,489,0.706095,book_b83a1c85eaf7d151,"Riding Class (Saddle Club, #52)",Bonnie Bryant,book_107bcbdc2ca9789a,"Wagon Trail (Saddle Club, #81)",Bonnie Bryant
489,491,0.70583636,book_107bcbdc2ca9789a,"Wagon Trail (Saddle Club, #81)",Bonnie Bryant,book_4539e07773c16c96,"Nightmare (Saddle Club Super Edition, #6)",Bonnie Bryant
489,527,0.7044405,book_107bcbdc2ca9789a,"Wagon Trail (Saddle Club, #81)",Bonnie Bryant,book_303967d60e61d062,"Horse-Sitters (Saddle Club, #53)",Bonnie Bryant
439,489,0.70368695,book_15c6e45ab5de2f3c,"High Horse (Saddle Club, #33)",Bonnie Bryant,book_107bcbdc2ca9789a,"Wagon Trail (Saddle Club, #81)",Bonnie Bryant
489,553,0.70018256,book_107bcbdc2ca9789a,"Wagon Trail (Saddle Club, #81)",Bonnie Bryant,book_255adb0e23959454,"Autumn Trail (Saddle Club, #30)",Bonnie Bryant
426,489,0.69982284,book_93f3c20a5f2a5396,"Riding Camp (Saddle Club, #10)",Bonnie Bryant,book_107bcbdc2ca9789a,"Wagon Trail (Saddle Club, #81)",Bonnie Bryant
489,539,0.6974896,book_107bcbdc2ca9789a,"Wagon Trail (Saddle Club, #81)",Bonnie Bryant,book_f4be2a64fdb39a36,"Horse Tale (Saddle Club, #35)",Bonnie Bryant
490,540,0.71213365,book_803f7d0904e92f9c,"Before They Rode Horses (Saddle Club Super Edition, #5)",Bonnie Bryant,book_0610aaec503a12a6,"Horse Whispers (Saddle Club, #74)",Bonnie Bryant
465,490,0.6967732,book_9c77c2dc89eba43d,"Broken Horse (Saddle Club, #61)",Bonnie Bryant,book_803f7d0904e92f9c,"Before They Rode Horses (Saddle Club Super Edition, #5)",Bonnie Bryant
485,490,0.69084454,book_7f8b0cc76746b685,"Lucky Horse (Saddle Club, #89)",Bonnie Bryant,book_803f7d0904e92f9c,"Before They Rode Horses (Saddle Club Super Edition, #5)",Bonnie Bryant
490,523,0.6883128,book_803f7d0904e92f9c,"Before They Rode Horses (Saddle Club Super Edition, #5)",Bonnie Bryant,book_9036b0a449ea5c30,"Horse Care (Saddle Club, #76)",Bonnie Bryant
490,518,0.685763,book_803f7d0904e92f9c,"Before They Rode Horses (Saddle Club Super Edition, #5)",Bonnie Bryant,book_43d6274fcb406433,"Horse Wise (Saddle Club, #11)",Bonnie Bryant
446,490,0.6846831,book_186cc4cfbccd92a1,"Horse Games (Saddle Club, #16)",Bonnie Bryant,book_803f7d0904e92f9c,"Before They Rode Horses (Saddle Club Super Edition, #5)",Bonnie Bryant
490,539,0.6778247,book_803f7d0904e92f9c,"Before They Rode Horses (Saddle Club Super Edition, #5)",Bonnie Bryant,book_f4be2a64fdb39a36,"Horse Tale (Saddle Club, #35)",Bonnie Bryant
449,490,0.67240214,book_40c77c1a95cbeb78,"Horsenapped! (Saddle Club, #17)",Bonnie Bryant,book_803f7d0904e92f9c,"Before They Rode Horses (Saddle Club Super Edition, #5)",Bonnie Bryant
488,490,0.66903955,book_2b35bb206996fc74,"Horse Fever (Saddle Club, #85)",Bonnie Bryant,book_803f7d0904e92f9c,"Before They Rode Horses (Saddle Club Super Edition, #5)",Bonnie Bryant
490,507,0.668731,book_803f7d0904e92f9c,"Before They Rode Horses (Saddle Club Super Edition, #5)",Bonnie Bryant,book_312dd58cd2f0791a,"Summer Horse (Saddle Club, #67)",Bonnie Bryant
490,551,0.6671983,book_803f7d0904e92f9c,"Before They Rode Horses (Saddle Club Super Edition, #5)",Bonnie Bryant,book_b110b70876dd6fe2,"Horse Trouble (Saddle Club, #23)",Bonnie Bryant
490,542,0.66420406,book_803f7d0904e92f9c,"Before They Rode Horses (Saddle Club Super Edition, #5)",Bonnie Bryant,book_060f9af46ec83488,"Horse Guest (Saddle Club, #73)",Bonnie Bryant
474,490,0.663023,book_e4925f5d787d53b8,"Horseshoe (Saddle Club, #44)",Bonnie Bryant,book_803f7d0904e92f9c,"Before They Rode Horses (Saddle Club Super Edition, #5)",Bonnie Bryant
490,538,0.6629217,book_803f7d0904e92f9c,"Before They Rode Horses (Saddle Club Super Edition, #5)",Bonnie Bryant,book_a78a422837c2f4e1,"Horseflies (Saddle Club, #78)",Bonnie Bryant
490,533,0.66090024,book_803f7d0904e92f9c,"Before They Rode Horses (Saddle Club Super Edition, #5)",Bonnie Bryant,book_961e7fa924c293b6,"Holiday Horse (Saddle Club, #72)",Bonnie Bryant
491,507,0.81636274,book_4539e07773c16c96,"Nightmare (Saddle Club Super Edition, #6)",Bonnie Bryant,book_312dd58cd2f0791a,"Summer Horse (Saddle Club, #67)",Bonnie Bryant
491,502,0.7989437,book_4539e07773c16c96,"Nightmare (Saddle Club Super Edition, #6)",Bonnie Bryant,book_0d1d8a2d1ac388bf,"Schooling Horse (Saddle Club, #84)",Bonnie Bryant
491,551,0.7861081,book_4539e07773c16c96,"Nightmare (Saddle Club Super Edition, #6)",Bonnie Bryant,book_b110b70876dd6fe2,"Horse Trouble (Saddle Club, #23)",Bonnie Bryant
491,518,0.77744806,book_4539e07773c16c96,"Nightmare (Saddle Club Super Edition, #6)",Bonnie Bryant,book_43d6274fcb406433,"Horse Wise (Saddle Club, #11)",Bonnie Bryant
491,528,0.7703457,book_4539e07773c16c96,"Nightmare (Saddle Club Super Edition, #6)",Bonnie Bryant,book_377fbb85b328e3f3,"Stray Horse (Saddle Club, #100)",Bonnie Bryant
446,491,0.7631437,book_186cc4cfbccd92a1,"Horse Games (Saddle Club, #16)",Bonnie Bryant,book_4539e07773c16c96,"Nightmare (Saddle Club Super Edition, #6)",Bonnie Bryant
491,554,0.76192814,book_4539e07773c16c96,"Nightmare (Saddle Club Super Edition, #6)",Bonnie Bryant,book_3e6962f28655d385,"Horse Magic (Saddle Club, #47)",Bonnie Bryant
491,525,0.7604291,book_4539e07773c16c96,"Nightmare (Saddle Club Super Edition, #6)",Bonnie Bryant,book_00f7f811a105ee56,"Trail Ride (Saddle Club, #99)",Bonnie Bryant
453,492,0.7786023,book_64babb7484bf4745,"Horse Crazy (Saddle Club, #1)",Bonnie Bryant,book_90ff5dc85b05d5da,"Hobbyhorse (Saddle Club, #60)",Bonnie Bryant
492,518,0.77404904,book_90ff5dc85b05d5da,"Hobbyhorse (Saddle Club, #60)",Bonnie Bryant,book_43d6274fcb406433,"Horse Wise (Saddle Club, #11)",Bonnie Bryant
455,492,0.7412821,book_205afbb25799c360,"Horse Shy (Saddle Club, #2)",Bonnie Bryant,book_90ff5dc85b05d5da,"Hobbyhorse (Saddle Club, #60)",Bonnie Bryant
492,507,0.7380744,book_90ff5dc85b05d5da,"Hobbyhorse (Saddle Club, #60)",Bonnie Bryant,book_312dd58cd2f0791a,"Summer Horse (Saddle Club, #67)",Bonnie Bryant
492,532,0.7367426,book_90ff5dc85b05d5da,"Hobbyhorse (Saddle Club, #60)",Bonnie Bryant,book_b71fcb07c171ad3b,"Wild Horses (Saddle Club, #58)",Bonnie Bryant
465,492,0.7361281,book_9c77c2dc89eba43d,"Broken Horse (Saddle Club, #61)",Bonnie Bryant,book_90ff5dc85b05d5da,"Hobbyhorse (Saddle Club, #60)",Bonnie Bryant
474,492,0.73564065,book_e4925f5d787d53b8,"Horseshoe (Saddle Club, #44)",Bonnie Bryant,book_90ff5dc85b05d5da,"Hobbyhorse (Saddle Club, #60)",Bonnie Bryant
491,492,0.7346646,book_4539e07773c16c96,"Nightmare (Saddle Club Super Edition, #6)",Bonnie Bryant,book_90ff5dc85b05d5da,"Hobbyhorse (Saddle Club, #60)",Bonnie Bryant
478,492,0.73177433,book_b8b2bc244df4d1f3,"Riding Lesson (Saddle Club, #36)",Bonnie Bryant,book_90ff5dc85b05d5da,"Hobbyhorse (Saddle Club, #60)",Bonnie Bryant
492,554,0.72298115,book_90ff5dc85b05d5da,"Hobbyhorse (Saddle Club, #60)",Bonnie Bryant,book_3e6962f28655d385,"Horse Magic (Saddle Club, #47)",Bonnie Bryant
451,492,0.722897,book_3add8af5fd91c7c5,"Horse Wise (Saddle Club, #11)",Bonnie Bryant,book_90ff5dc85b05d5da,"Hobbyhorse (Saddle Club, #60)",Bonnie Bryant
492,553,0.72070897,book_90ff5dc85b05d5da,"Hobbyhorse (Saddle Club, #60)",Bonnie Bryant,book_255adb0e23959454,"Autumn Trail (Saddle Club, #30)",Bonnie Bryant
492,542,0.71694285,book_90ff5dc85b05d5da,"Hobbyhorse (Saddle Club, #60)",Bonnie Bryant,book_060f9af46ec83488,"Horse Guest (Saddle Club, #73)",Bonnie Bryant
492,551,0.7143425,book_90ff5dc85b05d5da,"Hobbyhorse (Saddle Club, #60)",Bonnie Bryant,book_b110b70876dd6fe2,"Horse Trouble (Saddle Club, #23)",Bonnie Bryant
493,554,0.8112125,book_3d6950164ebe5205,"Horse Play (Saddle Club, #7)",Bonnie Bryant,book_3e6962f28655d385,"Horse Magic (Saddle Club, #47)",Bonnie Bryant
424,493,0.7767788,book_906095cf9503cebc,"Trail Mates (Saddle Club, #5)",Bonnie Bryant,book_3d6950164ebe5205,"Horse Play (Saddle Club, #7)",Bonnie Bryant
493,518,0.7764516,book_3d6950164ebe5205,"Horse Play (Saddle Club, #7)",Bonnie Bryant,book_43d6274fcb406433,"Horse Wise (Saddle Club, #11)",Bonnie Bryant
493,542,0.7763093,book_3d6950164ebe5205,"Horse Play (Saddle Club, #7)",Bonnie Bryant,book_060f9af46ec83488,"Horse Guest (Saddle Club, #73)",Bonnie Bryant
453,493,0.7675253,book_64babb7484bf4745,"Horse Crazy (Saddle Club, #1)",Bonnie Bryant,book_3d6950164ebe5205,"Horse Play (Saddle Club, #7)",Bonnie Bryant
493,548,0.7670668,book_3d6950164ebe5205,"Horse Play (Saddle Club, #7)",Bonnie Bryant,book_675a5a72df87930d,"Show Horse (Saddle Club, #25)",Bonnie Bryant
494,524,0.77689075,book_cfe8c2565b6d8d62,"Quarter Horse (Saddle Club, #82)",Bonnie Bryant,book_c5b3b9141f671e24,"Painted Horse (Saddle Club, #75)",Bonnie Bryant
494,539,0.766353,book_cfe8c2565b6d8d62,"Quarter Horse (Saddle Club, #82)",Bonnie Bryant,book_f4be2a64fdb39a36,"Horse Tale (Saddle Club, #35)",Bonnie Bryant
494,548,0.7627895,book_cfe8c2565b6d8d62,"Quarter Horse (Saddle Club, #82)",Bonnie Bryant,book_675a5a72df87930d,"Show Horse (Saddle Club, #25)",Bonnie Bryant
493,494,0.75420296,book_3d6950164ebe5205,"Horse Play (Saddle Club, #7)",Bonnie Bryant,book_cfe8c2565b6d8d62,"Quarter Horse (Saddle Club, #82)",Bonnie Bryant
446,494,0.7403762,book_186cc4cfbccd92a1,"Horse Games (Saddle Club, #16)",Bonnie Bryant,book_cfe8c2565b6d8d62,"Quarter Horse (Saddle Club, #82)",Bonnie Bryant
494,556,0.7362087,book_cfe8c2565b6d8d62,"Quarter Horse (Saddle Club, #82)",Bonnie Bryant,book_4ddd5ef6448c9f45,"Ranch Hands (Saddle Club, #29)",Bonnie Bryant
494,526,0.72647864,book_cfe8c2565b6d8d62,"Quarter Horse (Saddle Club, #82)",Bonnie Bryant,book_fd070e3248eb0463,"Sidesaddle (Saddle Club, #88)",Bonnie Bryant
448,494,0.72224575,book_64f8dd953cc9c2d2,"Rodeo Rider (Saddle Club, #12)",Bonnie Bryant,book_cfe8c2565b6d8d62,"Quarter Horse (Saddle Club, #82)",Bonnie Bryant
495,496,0.81068873,book_e9f3d63f42fa3f13,"Gold Medal Rider (Saddle Club, #54)",Bonnie Bryant,book_f86a91da104d9ae7,"Gold Medal Horse (Saddle Club, #55)",Bonnie Bryant
495,513,0.72970533,book_e9f3d63f42fa3f13,"Gold Medal Rider (Saddle Club, #54)",Bonnie Bryant,book_5333e9aeda6e9cd4,"English Rider (Saddle Club, #80)",Bonnie Bryant
455,495,0.7199605,book_205afbb25799c360,"Horse Shy (Saddle Club, #2)",Bonnie Bryant,book_e9f3d63f42fa3f13,"Gold Medal Rider (Saddle Club, #54)",Bonnie Bryant
495,534,0.7168641,book_e9f3d63f42fa3f13,"Gold Medal Rider (Saddle Club, #54)",Bonnie Bryant,book_2e7d8405d3006675,"Show Jumper (Saddle Club, #87)",Bonnie Bryant
424,495,0.7150885,book_906095cf9503cebc,"Trail Mates (Saddle Club, #5)",Bonnie Bryant,book_e9f3d63f42fa3f13,"Gold Medal Rider (Saddle Club, #54)",Bonnie Bryant
438,495,0.71471655,book_310beec8f6618d70,"Silver Stirrups (Saddle Club, #65)",Bonnie Bryant,book_e9f3d63f42fa3f13,"Gold Medal Rider (Saddle Club, #54)",Bonnie Bryant
465,495,0.70966005,book_9c77c2dc89eba43d,"Broken Horse (Saddle Club, #61)",Bonnie Bryant,book_e9f3d63f42fa3f13,"Gold Medal Rider (Saddle Club, #54)",Bonnie Bryant
474,495,0.7078468,book_e4925f5d787d53b8,"Horseshoe (Saddle Club, #44)",Bonnie Bryant,book_e9f3d63f42fa3f13,"Gold Medal Rider (Saddle Club, #54)",Bonnie Bryant
495,527,0.70633614,book_e9f3d63f42fa3f13,"Gold Medal Rider (Saddle Club, #54)",Bonnie Bryant,book_303967d60e61d062,"Horse-Sitters (Saddle Club, #53)",Bonnie Bryant
496,527,0.76881254,book_f86a91da104d9ae7,"Gold Medal Horse (Saddle Club, #55)",Bonnie Bryant,book_303967d60e61d062,"Horse-Sitters (Saddle Club, #53)",Bonnie Bryant
496,539,0.7668209,book_f86a91da104d9ae7,"Gold Medal Horse (Saddle Club, #55)",Bonnie Bryant,book_f4be2a64fdb39a36,"Horse Tale (Saddle Club, #35)",Bonnie Bryant
454,496,0.7575164,book_bb11d9ac109bce9f,"Horse Power (Saddle Club, #4)",Bonnie Bryant,book_f86a91da104d9ae7,"Gold Medal Horse (Saddle Club, #55)",Bonnie Bryant
455,496,0.7495866,book_205afbb25799c360,"Horse Shy (Saddle Club, #2)",Bonnie Bryant,book_f86a91da104d9ae7,"Gold Medal Horse (Saddle Club, #55)",Bonnie Bryant
496,555,0.74244785,book_f86a91da104d9ae7,"Gold Medal Horse (Saddle Club, #55)",Bonnie Bryant,book_8fce320cce316590,"The Secret of the Stallion (Saddle Club Super Edition, #2)",Bonnie Bryant
497,507,0.885888,book_b8e31a8644b66b66,"Summer Rider (Saddle Club, #68)",Bonnie Bryant,book_312dd58cd2f0791a,"Summer Horse (Saddle Club, #67)",Bonnie Bryant
453,497,0.7767664,book_64babb7484bf4745,"Horse Crazy (Saddle Club, #1)",Bonnie Bryant,book_b8e31a8644b66b66,"Summer Rider (Saddle Club, #68)",Bonnie Bryant
497,543,0.7760865,book_b8e31a8644b66b66,"Summer Rider (Saddle Club, #68)",Bonnie Bryant,book_4307ce4cbf3d1a4e,"Pack Trip (Saddle Club, #18)",Bonnie Bryant
424,497,0.75303227,book_906095cf9503cebc,"Trail Mates (Saddle Club, #5)",Bonnie Bryant,book_b8e31a8644b66b66,"Summer Rider (Saddle Club, #68)",Bonnie Bryant
491,497,0.74841154,book_4539e07773c16c96,"Nightmare (Saddle Club Super Edition, #6)",Bonnie Bryant,book_b8e31a8644b66b66,"Summer Rider (Saddle Club, #68)",Bonnie Bryant
497,525,0.7446899,book_b8e31a8644b66b66,"Summer Rider (Saddle Club, #68)",Bonnie Bryant,book_00f7f811a105ee56,"Trail Ride (Saddle Club, #99)",Bonnie Bryant
497,551,0.74392354,book_b8e31a8644b66b66,"Summer Rider (Saddle Club, #68)",Bonnie Bryant,book_b110b70876dd6fe2,"Horse Trouble (Saddle Club, #23)",Bonnie Bryant
474,497,0.74138284,book_e4925f5d787d53b8,"Horseshoe (Saddle Club, #44)",Bonnie Bryant,book_b8e31a8644b66b66,"Summer Rider (Saddle Club, #68)",Bonnie Bryant
497,556,0.73867816,book_b8e31a8644b66b66,"Summer Rider (Saddle Club, #68)",Bonnie Bryant,book_4ddd5ef6448c9f45,"Ranch Hands (Saddle Club, #29)",Bonnie Bryant
497,519,0.73701024,book_b8e31a8644b66b66,"Summer Rider (Saddle Club, #68)",Bonnie Bryant,book_f93759b6920f1b24,"Sea Horse (Saddle Club, #14)",Bonnie Bryant
488,497,0.72668934,book_2b35bb206996fc74,"Horse Fever (Saddle Club, #85)",Bonnie Bryant,book_b8e31a8644b66b66,"Summer Rider (Saddle Club, #68)",Bonnie Bryant
456,497,0.72645545,book_cf27e0168a2d2dca,"Horse Sense (Saddle Club, #3)",Bonnie Bryant,book_b8e31a8644b66b66,"Summer Rider (Saddle Club, #68)",Bonnie Bryant
497,553,0.72497594,book_b8e31a8644b66b66,"Summer Rider (Saddle Club, #68)",Bonnie Bryant,book_255adb0e23959454,"Autumn Trail (Saddle Club, #30)",Bonnie Bryant
497,532,0.715083,book_b8e31a8644b66b66,"Summer Rider (Saddle Club, #68)",Bonnie Bryant,book_b71fcb07c171ad3b,"Wild Horses (Saddle Club, #58)",Bonnie Bryant
498,531,0.658047,book_68c3b29b4cd0990a,"Hoof Beat (Saddle Club, #9)",Bonnie Bryant,book_a549783a8f29f288,Lisa: The Inside Story (Saddle Club Inside Stories),Bonnie Bryant
465,498,0.6565324,book_9c77c2dc89eba43d,"Broken Horse (Saddle Club, #61)",Bonnie Bryant,book_68c3b29b4cd0990a,"Hoof Beat (Saddle Club, #9)",Bonnie Bryant
498,527,0.65049136,book_68c3b29b4cd0990a,"Hoof Beat (Saddle Club, #9)",Bonnie Bryant,book_303967d60e61d062,"Horse-Sitters (Saddle Club, #53)",Bonnie Bryant
498,551,0.64936185,book_68c3b29b4cd0990a,"Hoof Beat (Saddle Club, #9)",Bonnie Bryant,book_b110b70876dd6fe2,"Horse Trouble (Saddle Club, #23)",Bonnie Bryant
498,530,0.64456594,book_68c3b29b4cd0990a,"Hoof Beat (Saddle Club, #9)",Bonnie Bryant,book_6ce0fdb9aa35427f,"Horse Race (Saddle Club, #70)",Bonnie Bryant
455,498,0.6330076,book_205afbb25799c360,"Horse Shy (Saddle Club, #2)",Bonnie Bryant,book_68c3b29b4cd0990a,"Hoof Beat (Saddle Club, #9)",Bonnie Bryant
487,498,0.6314491,book_008279540fb4fa3b,"Horse Blues (Saddle Club, #62)",Bonnie Bryant,book_68c3b29b4cd0990a,"Hoof Beat (Saddle Club, #9)",Bonnie Bryant
498,537,0.62929416,book_68c3b29b4cd0990a,"Hoof Beat (Saddle Club, #9)",Bonnie Bryant,book_ddd91a47fb5dd3bc,"Best Friends (Saddle Club, #101)",Bonnie Bryant
448,498,0.62636065,book_64f8dd953cc9c2d2,"Rodeo Rider (Saddle Club, #12)",Bonnie Bryant,book_68c3b29b4cd0990a,"Hoof Beat (Saddle Club, #9)",Bonnie Bryant
498,518,0.62616444,book_68c3b29b4cd0990a,"Hoof Beat (Saddle Club, #9)",Bonnie Bryant,book_43d6274fcb406433,"Horse Wise (Saddle Club, #11)",Bonnie Bryant
470,498,0.6244874,book_63b2cff0ab177dce,"Horse Talk (Saddle Club, #71)",Bonnie Bryant,book_68c3b29b4cd0990a,"Hoof Beat (Saddle Club, #9)",Bonnie Bryant
498,535,0.6241493,book_68c3b29b4cd0990a,"Hoof Beat (Saddle Club, #9)",Bonnie Bryant,book_c3ea4f8216f7f7a7,"Secret Horse (Saddle Club, #86)",Bonnie Bryant
496,498,0.6226338,book_f86a91da104d9ae7,"Gold Medal Horse (Saddle Club, #55)",Bonnie Bryant,book_68c3b29b4cd0990a,"Hoof Beat (Saddle Club, #9)",Bonnie Bryant
498,539,0.62240094,book_68c3b29b4cd0990a,"Hoof Beat (Saddle Club, #9)",Bonnie Bryant,book_f4be2a64fdb39a36,"Horse Tale (Saddle Club, #35)",Bonnie Bryant
499,545,0.79359996,book_8dded944dc873872,"Setting the Pace (Pine Hollow, #15)",Bonnie Bryant,book_9aa0175f8ef92aed,"The Long Ride (Pine Hollow, #1)",Bonnie Bryant
499,510,0.74274045,book_8dded944dc873872,"Setting the Pace (Pine Hollow, #15)",Bonnie Bryant,book_ba9c989f04ca647e,"The Trail Home (Pine Hollow, #2)",Bonnie Bryant
455,499,0.7356061,book_205afbb25799c360,"Horse Shy (Saddle Club, #2)",Bonnie Bryant,book_8dded944dc873872,"Setting the Pace (Pine Hollow, #15)",Bonnie Bryant
499,500,0.73559403,book_8dded944dc873872,"Setting the Pace (Pine Hollow, #15)",Bonnie Bryant,book_0e2f8e2a899cca1e,"Headstrong (Pine Hollow, #14)",Bonnie Bryant
499,505,0.7108154,book_8dded944dc873872,"Setting the Pace (Pine Hollow, #15)",Bonnie Bryant,book_e0180bd0679d9aba,"Penalty Points (Pine Hollow, #7)",Bonnie Bryant
499,503,0.7091117,book_8dded944dc873872,"Setting the Pace (Pine Hollow, #15)",Bonnie Bryant,book_eed8045fcc4c7e82,"Changing Leads (Pine Hollow, #4)",Bonnie Bryant
438,499,0.70690954,book_310beec8f6618d70,"Silver Stirrups (Saddle Club, #65)",Bonnie Bryant,book_8dded944dc873872,"Setting the Pace (Pine Hollow, #15)",Bonnie Bryant
499,511,0.70548725,book_8dded944dc873872,"Setting the Pace (Pine Hollow, #15)",Bonnie Bryant,book_0038ef028214a6f0,"Conformation Faults (Pine Hollow, #5)",Bonnie Bryant
499,518,0.687384,book_8dded944dc873872,"Setting the Pace (Pine Hollow, #15)",Bonnie Bryant,book_43d6274fcb406433,"Horse Wise (Saddle Club, #11)",Bonnie Bryant
499,512,0.67810535,book_8dded944dc873872,"Setting the Pace (Pine Hollow, #15)",Bonnie Bryant,book_e54284e6045de9d6,"Reining In (Pine Hollow, #3)",Bonnie Bryant
499,504,0.67661047,book_8dded944dc873872,"Setting the Pace (Pine Hollow, #15)",Bonnie Bryant,book_6346bab9526052ef,"Shying at Trouble (Pine Hollow, #6)",Bonnie Bryant
499,520,0.6752758,book_8dded944dc873872,"Setting the Pace (Pine Hollow, #15)",Bonnie Bryant,book_5c0d75d05da0a628,"Stable Hearts (Saddle Club, #63)",Bonnie Bryant
473,499,0.6744421,book_e8a1b98c040067f4,"Horse Love (Saddle Club, #93)",Bonnie Bryant,book_8dded944dc873872,"Setting the Pace (Pine Hollow, #15)",Bonnie Bryant
499,528,0.66905105,book_8dded944dc873872,"Setting the Pace (Pine Hollow, #15)",Bonnie Bryant,book_377fbb85b328e3f3,"Stray Horse (Saddle Club, #100)",Bonnie Bryant
499,529,0.6689597,book_8dded944dc873872,"Setting the Pace (Pine Hollow, #15)",Bonnie Bryant,book_94a0e93f20c63d9f,"Horse Capades (Saddle Club, #64)",Bonnie Bryant
500,510,0.7573025,book_0e2f8e2a899cca1e,"Headstrong (Pine Hollow, #14)",Bonnie Bryant,book_ba9c989f04ca647e,"The Trail Home (Pine Hollow, #2)",Bonnie Bryant
500,545,0.74097013,book_0e2f8e2a899cca1e,"Headstrong (Pine Hollow, #14)",Bonnie Bryant,book_9aa0175f8ef92aed,"The Long Ride (Pine Hollow, #1)",Bonnie Bryant
500,511,0.725589,book_0e2f8e2a899cca1e,"Headstrong (Pine Hollow, #14)",Bonnie Bryant,book_0038ef028214a6f0,"Conformation Faults (Pine Hollow, #5)",Bonnie Bryant
455,500,0.6945168,book_205afbb25799c360,"Horse Shy (Saddle Club, #2)",Bonnie Bryant,book_0e2f8e2a899cca1e,"Headstrong (Pine Hollow, #14)",Bonnie Bryant
500,505,0.6773158,book_0e2f8e2a899cca1e,"Headstrong (Pine Hollow, #14)",Bonnie Bryant,book_e0180bd0679d9aba,"Penalty Points (Pine Hollow, #7)",Bonnie Bryant
500,529,0.67112917,book_0e2f8e2a899cca1e,"Headstrong (Pine Hollow, #14)",Bonnie Bryant,book_94a0e93f20c63d9f,"Horse Capades (Saddle Club, #64)",Bonnie Bryant
500,518,0.66651964,book_0e2f8e2a899cca1e,"Headstrong (Pine Hollow, #14)",Bonnie Bryant,book_43d6274fcb406433,"Horse Wise (Saddle Club, #11)",Bonnie Bryant
500,542,0.6540995,book_0e2f8e2a899cca1e,"Headstrong (Pine Hollow, #14)",Bonnie Bryant,book_060f9af46ec83488,"Horse Guest (Saddle Club, #73)",Bonnie Bryant
451,500,0.65195954,book_3add8af5fd91c7c5,"Horse Wise (Saddle Club, #11)",Bonnie Bryant,book_0e2f8e2a899cca1e,"Headstrong (Pine Hollow, #14)",Bonnie Bryant
491,500,0.648949,book_4539e07773c16c96,"Nightmare (Saddle Club Super Edition, #6)",Bonnie Bryant,book_0e2f8e2a899cca1e,"Headstrong (Pine Hollow, #14)",Bonnie Bryant
500,520,0.6456516,book_0e2f8e2a899cca1e,"Headstrong (Pine Hollow, #14)",Bonnie Bryant,book_5c0d75d05da0a628,"Stable Hearts (Saddle Club, #63)",Bonnie Bryant
493,500,0.6436055,book_3d6950164ebe5205,"Horse Play (Saddle Club, #7)",Bonnie Bryant,book_0e2f8e2a899cca1e,"Headstrong (Pine Hollow, #14)",Bonnie Bryant
500,540,0.6415857,book_0e2f8e2a899cca1e,"Headstrong (Pine Hollow, #14)",Bonnie Bryant,book_0610aaec503a12a6,"Horse Whispers (Saddle Club, #74)",Bonnie Bryant
438,500,0.6383014,book_310beec8f6618d70,"Silver Stirrups (Saddle Club, #65)",Bonnie Bryant,book_0e2f8e2a899cca1e,"Headstrong (Pine Hollow, #14)",Bonnie Bryant
501,518,0.79373646,book_4493352eda3c1aab,"Stable Farewell (Saddle Club, #49)",Bonnie Bryant,book_43d6274fcb406433,"Horse Wise (Saddle Club, #11)",Bonnie Bryant
501,513,0.7608612,book_4493352eda3c1aab,"Stable Farewell (Saddle Club, #49)",Bonnie Bryant,book_5333e9aeda6e9cd4,"English Rider (Saddle Club, #80)",Bonnie Bryant
465,501,0.74894583,book_9c77c2dc89eba43d,"Broken Horse (Saddle Club, #61)",Bonnie Bryant,book_4493352eda3c1aab,"Stable Farewell (Saddle Club, #49)",Bonnie Bryant
501,532,0.74279344,book_4493352eda3c1aab,"Stable Farewell (Saddle Club, #49)",Bonnie Bryant,book_b71fcb07c171ad3b,"Wild Horses (Saddle Club, #58)",Bonnie Bryant
501,507,0.73818827,book_4493352eda3c1aab,"Stable Farewell (Saddle Club, #49)",Bonnie Bryant,book_312dd58cd2f0791a,"Summer Horse (Saddle Club, #67)",Bonnie Bryant
424,501,0.7266016,book_906095cf9503cebc,"Trail Mates (Saddle Club, #5)",Bonnie Bryant,book_4493352eda3c1aab,"Stable Farewell (Saddle Club, #49)",Bonnie Bryant
474,501,0.72590697,book_e4925f5d787d53b8,"Horseshoe (Saddle Club, #44)",Bonnie Bryant,book_4493352eda3c1aab,"Stable Farewell (Saddle Club, #49)",Bonnie Bryant
447,501,0.7251822,book_d05bbb7f67825452,"A Summer Without Horses (Saddle Club Super Edition, #1)",Bonnie Bryant,book_4493352eda3c1aab,"Stable Farewell (Saddle Club, #49)",Bonnie Bryant
449,501,0.7248821,book_40c77c1a95cbeb78,"Horsenapped! (Saddle Club, #17)",Bonnie Bryant,book_4493352eda3c1aab,"Stable Farewell (Saddle Club, #49)",Bonnie Bryant
454,501,0.7201327,book_bb11d9ac109bce9f,"Horse Power (Saddle Club, #4)",Bonnie Bryant,book_4493352eda3c1aab,"Stable Farewell (Saddle Club, #49)",Bonnie Bryant
501,535,0.7141586,book_4493352eda3c1aab,"Stable Farewell (Saddle Club, #49)",Bonnie Bryant,book_c3ea4f8216f7f7a7,"Secret Horse (Saddle Club, #86)",Bonnie Bryant
501,542,0.7128085,book_4493352eda3c1aab,"Stable Farewell (Saddle Club, #49)",Bonnie Bryant,book_060f9af46ec83488,"Horse Guest (Saddle Club, #73)",Bonnie Bryant
501,539,0.71212566,book_4493352eda3c1aab,"Stable Farewell (Saddle Club, #49)",Bonnie Bryant,book_f4be2a64fdb39a36,"Horse Tale (Saddle Club, #35)",Bonnie Bryant
502,532,0.780287,book_0d1d8a2d1ac388bf,"Schooling Horse (Saddle Club, #84)",Bonnie Bryant,book_b71fcb07c171ad3b,"Wild Horses (Saddle Club, #58)",Bonnie Bryant
502,518,0.76900095,book_0d1d8a2d1ac388bf,"Schooling Horse (Saddle Club, #84)",Bonnie Bryant,book_43d6274fcb406433,"Horse Wise (Saddle Club, #11)",Bonnie Bryant
453,502,0.76880157,book_64babb7484bf4745,"Horse Crazy (Saddle Club, #1)",Bonnie Bryant,book_0d1d8a2d1ac388bf,"Schooling Horse (Saddle Club, #84)",Bonnie Bryant
502,551,0.7641951,book_0d1d8a2d1ac388bf,"Schooling Horse (Saddle Club, #84)",Bonnie Bryant,book_b110b70876dd6fe2,"Horse Trouble (Saddle Club, #23)",Bonnie Bryant
502,538,0.7602153,book_0d1d8a2d1ac388bf,"Schooling Horse (Saddle Club, #84)",Bonnie Bryant,book_a78a422837c2f4e1,"Horseflies (Saddle Club, #78)",Bonnie Bryant
451,502,0.75189304,book_3add8af5fd91c7c5,"Horse Wise (Saddle Club, #11)",Bonnie Bryant,book_0d1d8a2d1ac388bf,"Schooling Horse (Saddle Club, #84)",Bonnie Bryant
474,502,0.74163425,book_e4925f5d787d53b8,"Horseshoe (Saddle Club, #44)",Bonnie Bryant,book_0d1d8a2d1ac388bf,"Schooling Horse (Saddle Club, #84)",Bonnie Bryant
502,528,0.7340753,book_0d1d8a2d1ac388bf,"Schooling Horse (Saddle Club, #84)",Bonnie Bryant,book_377fbb85b328e3f3,"Stray Horse (Saddle Club, #100)",Bonnie Bryant
438,502,0.72985625,book_310beec8f6618d70,"Silver Stirrups (Saddle Club, #65)",Bonnie Bryant,book_0d1d8a2d1ac388bf,"Schooling Horse (Saddle Club, #84)",Bonnie Bryant
455,502,0.72809136,book_205afbb25799c360,"Horse Shy (Saddle Club, #2)",Bonnie Bryant,book_0d1d8a2d1ac388bf,"Schooling Horse (Saddle Club, #84)",Bonnie Bryant
449,502,0.7236916,book_40c77c1a95cbeb78,"Horsenapped! (Saddle Club, #17)",Bonnie Bryant,book_0d1d8a2d1ac388bf,"Schooling Horse (Saddle Club, #84)",Bonnie Bryant
502,507,0.72088027,book_0d1d8a2d1ac388bf,"Schooling Horse (Saddle Club, #84)",Bonnie Bryant,book_312dd58cd2f0791a,"Summer Horse (Saddle Club, #67)",Bonnie Bryant
473,502,0.7186804,book_e8a1b98c040067f4,"Horse Love (Saddle Club, #93)",Bonnie Bryant,book_0d1d8a2d1ac388bf,"Schooling Horse (Saddle Club, #84)",Bonnie Bryant
503,510,0.69183564,book_eed8045fcc4c7e82,"Changing Leads (Pine Hollow, #4)",Bonnie Bryant,book_ba9c989f04ca647e,"The Trail Home (Pine Hollow, #2)",Bonnie Bryant
503,505,0.6824095,book_eed8045fcc4c7e82,"Changing Leads (Pine Hollow, #4)",Bonnie Bryant,book_e0180bd0679d9aba,"Penalty Points (Pine Hollow, #7)",Bonnie Bryant
503,529,0.6807563,book_eed8045fcc4c7e82,"Changing Leads (Pine Hollow, #4)",Bonnie Bryant,book_94a0e93f20c63d9f,"Horse Capades (Saddle Club, #64)",Bonnie Bryant
503,545,0.680272,book_eed8045fcc4c7e82,"Changing Leads (Pine Hollow, #4)",Bonnie Bryant,book_9aa0175f8ef92aed,"The Long Ride (Pine Hollow, #1)",Bonnie Bryant
503,504,0.67609304,book_eed8045fcc4c7e82,"Changing Leads (Pine Hollow, #4)",Bonnie Bryant,book_6346bab9526052ef,"Shying at Trouble (Pine Hollow, #6)",Bonnie Bryant
455,503,0.66372716,book_205afbb25799c360,"Horse Shy (Saddle Club, #2)",Bonnie Bryant,book_eed8045fcc4c7e82,"Changing Leads (Pine Hollow, #4)",Bonnie Bryant
452,503,0.65062785,book_21728dd022425a84,"Horse Play (Saddle Club, #7)",Bonnie Bryant,book_eed8045fcc4c7e82,"Changing Leads (Pine Hollow, #4)",Bonnie Bryant
503,520,0.6494062,book_eed8045fcc4c7e82,"Changing Leads (Pine Hollow, #4)",Bonnie Bryant,book_5c0d75d05da0a628,"Stable Hearts (Saddle Club, #63)",Bonnie Bryant
500,503,0.6373123,book_0e2f8e2a899cca1e,"Headstrong (Pine Hollow, #14)",Bonnie Bryant,book_eed8045fcc4c7e82,"Changing Leads (Pine Hollow, #4)",Bonnie Bryant
439,503,0.6363733,book_15c6e45ab5de2f3c,"High Horse (Saddle Club, #33)",Bonnie Bryant,book_eed8045fcc4c7e82,"Changing Leads (Pine Hollow, #4)",Bonnie Bryant
493,503,0.62960756,book_3d6950164ebe5205,"Horse Play (Saddle Club, #7)",Bonnie Bryant,book_eed8045fcc4c7e82,"Changing Leads (Pine Hollow, #4)",Bonnie Bryant
503,511,0.62274754,book_eed8045fcc4c7e82,"Changing Leads (Pine Hollow, #4)",Bonnie Bryant,book_0038ef028214a6f0,"Conformation Faults (Pine Hollow, #5)",Bonnie Bryant
483,503,0.6208261,book_892d96197613fa8c,Stevie: The Inside Story (Saddle Club Inside Stories),Bonnie Bryant,book_eed8045fcc4c7e82,"Changing Leads (Pine Hollow, #4)",Bonnie Bryant
503,542,0.6062162,book_eed8045fcc4c7e82,"Changing Leads (Pine Hollow, #4)",Bonnie Bryant,book_060f9af46ec83488,"Horse Guest (Saddle Club, #73)",Bonnie Bryant
455,504,0.7195244,book_205afbb25799c360,"Horse Shy (Saddle Club, #2)",Bonnie Bryant,book_6346bab9526052ef,"Shying at Trouble (Pine Hollow, #6)",Bonnie Bryant
504,511,0.7027825,book_6346bab9526052ef,"Shying at Trouble (Pine Hollow, #6)",Bonnie Bryant,book_0038ef028214a6f0,"Conformation Faults (Pine Hollow, #5)",Bonnie Bryant
504,545,0.65596735,book_6346bab9526052ef,"Shying at Trouble (Pine Hollow, #6)",Bonnie Bryant,book_9aa0175f8ef92aed,"The Long Ride (Pine Hollow, #1)",Bonnie Bryant
504,505,0.63411784,book_6346bab9526052ef,"Shying at Trouble (Pine Hollow, #6)",Bonnie Bryant,book_e0180bd0679d9aba,"Penalty Points (Pine Hollow, #7)",Bonnie Bryant
504,529,0.6300059,book_6346bab9526052ef,"Shying at Trouble (Pine Hollow, #6)",Bonnie Bryant,book_94a0e93f20c63d9f,"Horse Capades (Saddle Club, #64)",Bonnie Bryant
438,504,0.6149157,book_310beec8f6618d70,"Silver Stirrups (Saddle Club, #65)",Bonnie Bryant,book_6346bab9526052ef,"Shying at Trouble (Pine Hollow, #6)",Bonnie Bryant
504,510,0.6145675,book_6346bab9526052ef,"Shying at Trouble (Pine Hollow, #6)",Bonnie Bryant,book_ba9c989f04ca647e,"The Trail Home (Pine Hollow, #2)",Bonnie Bryant
465,504,0.60197926,book_9c77c2dc89eba43d,"Broken Horse (Saddle Club, #61)",Bonnie Bryant,book_6346bab9526052ef,"Shying at Trouble (Pine Hollow, #6)",Bonnie Bryant
505,529,0.75327146,book_e0180bd0679d9aba,"Penalty Points (Pine Hollow, #7)",Bonnie Bryant,book_94a0e93f20c63d9f,"Horse Capades (Saddle Club, #64)",Bonnie Bryant
505,545,0.7531925,book_e0180bd0679d9aba,"Penalty Points (Pine Hollow, #7)",Bonnie Bryant,book_9aa0175f8ef92aed,"The Long Ride (Pine Hollow, #1)",Bonnie Bryant
455,505,0.7303103,book_205afbb25799c360,"Horse Shy (Saddle Club, #2)",Bonnie Bryant,book_e0180bd0679d9aba,"Penalty Points (Pine Hollow, #7)",Bonnie Bryant
505,554,0.72508824,book_e0180bd0679d9aba,"Penalty Points (Pine Hollow, #7)",Bonnie Bryant,book_3e6962f28655d385,"Horse Magic (Saddle Club, #47)",Bonnie Bryant
505,510,0.70570576,book_e0180bd0679d9aba,"Penalty Points (Pine Hollow, #7)",Bonnie Bryant,book_ba9c989f04ca647e,"The Trail Home (Pine Hollow, #2)",Bonnie Bryant
505,511,0.69890726,book_e0180bd0679d9aba,"Penalty Points (Pine Hollow, #7)",Bonnie Bryant,book_0038ef028214a6f0,"Conformation Faults (Pine Hollow, #5)",Bonnie Bryant
452,505,0.6885178,book_21728dd022425a84,"Horse Play (Saddle Club, #7)",Bonnie Bryant,book_e0180bd0679d9aba,"Penalty Points (Pine Hollow, #7)",Bonnie Bryant
505,518,0.6855997,book_e0180bd0679d9aba,"Penalty Points (Pine Hollow, #7)",Bonnie Bryant,book_43d6274fcb406433,"Horse Wise (Saddle Club, #11)",Bonnie Bryant
438,505,0.6753855,book_310beec8f6618d70,"Silver Stirrups (Saddle Club, #65)",Bonnie Bryant,book_e0180bd0679d9aba,"Penalty Points (Pine Hollow, #7)",Bonnie Bryant
493,505,0.66663986,book_3d6950164ebe5205,"Horse Play (Saddle Club, #7)",Bonnie Bryant,book_e0180bd0679d9aba,"Penalty Points (Pine Hollow, #7)",Bonnie Bryant
453,505,0.66271245,book_64babb7484bf4745,"Horse Crazy (Saddle Club, #1)",Bonnie Bryant,book_e0180bd0679d9aba,"Penalty Points (Pine Hollow, #7)",Bonnie Bryant
505,520,0.6595864,book_e0180bd0679d9aba,"Penalty Points (Pine Hollow, #7)",Bonnie Bryant,book_5c0d75d05da0a628,"Stable Hearts (Saddle Club, #63)",Bonnie Bryant
493,506,0.73330736,book_3d6950164ebe5205,"Horse Play (Saddle Club, #7)",Bonnie Bryant,book_b816a2a265f8ad88,"Horse Thief (Saddle Club, #83)",Bonnie Bryant
439,506,0.70359355,book_15c6e45ab5de2f3c,"High Horse (Saddle Club, #33)",Bonnie Bryant,book_b816a2a265f8ad88,"Horse Thief (Saddle Club, #83)",Bonnie Bryant
449,506,0.7017747,book_40c77c1a95cbeb78,"Horsenapped! (Saddle Club, #17)",Bonnie Bryant,book_b816a2a265f8ad88,"Horse Thief (Saddle Club, #83)",Bonnie Bryant
506,535,0.6966028,book_b816a2a265f8ad88,"Horse Thief (Saddle Club, #83)",Bonnie Bryant,book_c3ea4f8216f7f7a7,"Secret Horse (Saddle Club, #86)",Bonnie Bryant
451,506,0.6960305,book_3add8af5fd91c7c5,"Horse Wise (Saddle Club, #11)",Bonnie Bryant,book_b816a2a265f8ad88,"Horse Thief (Saddle Club, #83)",Bonnie Bryant
452,506,0.6953337,book_21728dd022425a84,"Horse Play (Saddle Club, #7)",Bonnie Bryant,book_b816a2a265f8ad88,"Horse Thief (Saddle Club, #83)",Bonnie Bryant
506,518,0.681005,book_b816a2a265f8ad88,"Horse Thief (Saddle Club, #83)",Bonnie Bryant,book_43d6274fcb406433,"Horse Wise (Saddle Club, #11)",Bonnie Bryant
506,541,0.6805449,book_b816a2a265f8ad88,"Horse Thief (Saddle Club, #83)",Bonnie Bryant,book_cefabace4106b537,"Rocking Horse (Saddle Club, #77)",Bonnie Bryant
506,521,0.6635401,book_b816a2a265f8ad88,"Horse Thief (Saddle Club, #83)",Bonnie Bryant,book_b9674101bdabdef1,"Starting Gate (Saddle Club, #91)",Bonnie Bryant
447,506,0.66168815,book_d05bbb7f67825452,"A Summer Without Horses (Saddle Club Super Edition, #1)",Bonnie Bryant,book_b816a2a265f8ad88,"Horse Thief (Saddle Club, #83)",Bonnie Bryant
455,506,0.65482044,book_205afbb25799c360,"Horse Shy (Saddle Club, #2)",Bonnie Bryant,book_b816a2a265f8ad88,"Horse Thief (Saddle Club, #83)",Bonnie Bryant
506,527,0.65237,book_b816a2a265f8ad88,"Horse Thief (Saddle Club, #83)",Bonnie Bryant,book_303967d60e61d062,"Horse-Sitters (Saddle Club, #53)",Bonnie Bryant
506,528,0.65201235,book_b816a2a265f8ad88,"Horse Thief (Saddle Club, #83)",Bonnie Bryant,book_377fbb85b328e3f3,"Stray Horse (Saddle Club, #100)",Bonnie Bryant
456,506,0.6505006,book_cf27e0168a2d2dca,"Horse Sense (Saddle Club, #3)",Bonnie Bryant,book_b816a2a265f8ad88,"Horse Thief (Saddle Club, #83)",Bonnie Bryant
507,518,0.79241145,book_312dd58cd2f0791a,"Summer Horse (Saddle Club, #67)",Bonnie Bryant,book_43d6274fcb406433,"Horse Wise (Saddle Club, #11)",Bonnie Bryant
455,507,0.78942657,book_205afbb25799c360,"Horse Shy (Saddle Club, #2)",Bonnie Bryant,book_312dd58cd2f0791a,"Summer Horse (Saddle Club, #67)",Bonnie Bryant
507,532,0.7855755,book_312dd58cd2f0791a,"Summer Horse (Saddle Club, #67)",Bonnie Bryant,book_b71fcb07c171ad3b,"Wild Horses (Saddle Club, #58)",Bonnie Bryant
507,551,0.78084195,book_312dd58cd2f0791a,"Summer Horse (Saddle Club, #67)",Bonnie Bryant,book_b110b70876dd6fe2,"Horse Trouble (Saddle Club, #23)",Bonnie Bryant
507,543,0.7774279,book_312dd58cd2f0791a,"Summer Horse (Saddle Club, #67)",Bonnie Bryant,book_4307ce4cbf3d1a4e,"Pack Trip (Saddle Club, #18)",Bonnie Bryant
507,556,0.7751882,book_312dd58cd2f0791a,"Summer Horse (Saddle Club, #67)",Bonnie Bryant,book_4ddd5ef6448c9f45,"Ranch Hands (Saddle Club, #29)",Bonnie Bryant
454,507,0.7714243,book_bb11d9ac109bce9f,"Horse Power (Saddle Club, #4)",Bonnie Bryant,book_312dd58cd2f0791a,"Summer Horse (Saddle Club, #67)",Bonnie Bryant
508,551,0.74780697,book_594bef015c89efef,"Stable Groom (Saddle Club, #45)",Bonnie Bryant,book_b110b70876dd6fe2,"Horse Trouble (Saddle Club, #23)",Bonnie Bryant
456,508,0.7251867,book_cf27e0168a2d2dca,"Horse Sense (Saddle Club, #3)",Bonnie Bryant,book_594bef015c89efef,"Stable Groom (Saddle Club, #45)",Bonnie Bryant
508,518,0.7151332,book_594bef015c89efef,"Stable Groom (Saddle Club, #45)",Bonnie Bryant,book_43d6274fcb406433,"Horse Wise (Saddle Club, #11)",Bonnie Bryant
508,556,0.71504784,book_594bef015c89efef,"Stable Groom (Saddle Club, #45)",Bonnie Bryant,book_4ddd5ef6448c9f45,"Ranch Hands (Saddle Club, #29)",Bonnie Bryant
424,508,0.71415746,book_906095cf9503cebc,"Trail Mates (Saddle Club, #5)",Bonnie Bryant,book_594bef015c89efef,"Stable Groom (Saddle Club, #45)",Bonnie Bryant
474,508,0.7130378,book_e4925f5d787d53b8,"Horseshoe (Saddle Club, #44)",Bonnie Bryant,book_594bef015c89efef,"Stable Groom (Saddle Club, #45)",Bonnie Bryant
449,508,0.7079884,book_40c77c1a95cbeb78,"Horsenapped! (Saddle Club, #17)",Bonnie Bryant,book_594bef015c89efef,"Stable Groom (Saddle Club, #45)",Bonnie Bryant
473,508,0.70317584,book_e8a1b98c040067f4,"Horse Love (Saddle Club, #93)",Bonnie Bryant,book_594bef015c89efef,"Stable Groom (Saddle Club, #45)",Bonnie Bryant
453,508,0.6987969,book_64babb7484bf4745,"Horse Crazy (Saddle Club, #1)",Bonnie Bryant,book_594bef015c89efef,"Stable Groom (Saddle Club, #45)",Bonnie Bryant
508,513,0.69589424,book_594bef015c89efef,"Stable Groom (Saddle Club, #45)",Bonnie Bryant,book_5333e9aeda6e9cd4,"English Rider (Saddle Club, #80)",Bonnie Bryant
508,519,0.6946837,book_594bef015c89efef,"Stable Groom (Saddle Club, #45)",Bonnie Bryant,book_f93759b6920f1b24,"Sea Horse (Saddle Club, #14)",Bonnie Bryant
488,508,0.69113994,book_2b35bb206996fc74,"Horse Fever (Saddle Club, #85)",Bonnie Bryant,book_594bef015c89efef,"Stable Groom (Saddle Club, #45)",Bonnie Bryant
508,520,0.69022757,book_594bef015c89efef,"Stable Groom (Saddle Club, #45)",Bonnie Bryant,book_5c0d75d05da0a628,"Stable Hearts (Saddle Club, #63)",Bonnie Bryant
451,508,0.68856204,book_3add8af5fd91c7c5,"Horse Wise (Saddle Club, #11)",Bonnie Bryant,book_594bef015c89efef,"Stable Groom (Saddle Club, #45)",Bonnie Bryant
439,508,0.68703556,book_15c6e45ab5de2f3c,"High Horse (Saddle Club, #33)",Bonnie Bryant,book_594bef015c89efef,"Stable Groom (Saddle Club, #45)",Bonnie Bryant
509,517,0.7279301,book_de11e6fc83a6dfaf,"Corey's Pony Is Missing (Pony Tails, #3)",Bonnie Bryant,book_ec38d48b917611eb,"Pony Crazy (Pony Tails, #1)",Bonnie Bryant
509,516,0.60895216,book_de11e6fc83a6dfaf,"Corey's Pony Is Missing (Pony Tails, #3)",Bonnie Bryant,book_2bc488dbcc5b6707,"New Rider (The Saddle Club, #96)",Bonnie Bryant
510,545,0.8137972,book_ba9c989f04ca647e,"The Trail Home (Pine Hollow, #2)",Bonnie Bryant,book_9aa0175f8ef92aed,"The Long Ride (Pine Hollow, #1)",Bonnie Bryant
455,510,0.75194854,book_205afbb25799c360,"Horse Shy (Saddle Club, #2)",Bonnie Bryant,book_ba9c989f04ca647e,"The Trail Home (Pine Hollow, #2)",Bonnie Bryant
424,510,0.7243859,book_906095cf9503cebc,"Trail Mates (Saddle Club, #5)",Bonnie Bryant,book_ba9c989f04ca647e,"The Trail Home (Pine Hollow, #2)",Bonnie Bryant
510,511,0.719608,book_ba9c989f04ca647e,"The Trail Home (Pine Hollow, #2)",Bonnie Bryant,book_0038ef028214a6f0,"Conformation Faults (Pine Hollow, #5)",Bonnie Bryant
439,510,0.70533353,book_15c6e45ab5de2f3c,"High Horse (Saddle Club, #33)",Bonnie Bryant,book_ba9c989f04ca647e,"The Trail Home (Pine Hollow, #2)",Bonnie Bryant
510,518,0.6997968,book_ba9c989f04ca647e,"The Trail Home (Pine Hollow, #2)",Bonnie Bryant,book_43d6274fcb406433,"Horse Wise (Saddle Club, #11)",Bonnie Bryant
507,510,0.6991528,book_312dd58cd2f0791a,"Summer Horse (Saddle Club, #67)",Bonnie Bryant,book_ba9c989f04ca647e,"The Trail Home (Pine Hollow, #2)",Bonnie Bryant
438,510,0.6966774,book_310beec8f6618d70,"Silver Stirrups (Saddle Club, #65)",Bonnie Bryant,book_ba9c989f04ca647e,"The Trail Home (Pine Hollow, #2)",Bonnie Bryant
510,529,0.691695,book_ba9c989f04ca647e,"The Trail Home (Pine Hollow, #2)",Bonnie Bryant,book_94a0e93f20c63d9f,"Horse Capades (Saddle Club, #64)",Bonnie Bryant
510,542,0.6913253,book_ba9c989f04ca647e,"The Trail Home (Pine Hollow, #2)",Bonnie Bryant,book_060f9af46ec83488,"Horse Guest (Saddle Club, #73)",Bonnie Bryant
473,510,0.6908052,book_e8a1b98c040067f4,"Horse Love (Saddle Club, #93)",Bonnie Bryant,book_ba9c989f04ca647e,"The Trail Home (Pine Hollow, #2)",Bonnie Bryant
511,545,0.73908484,book_0038ef028214a6f0,"Conformation Faults (Pine Hollow, #5)",Bonnie Bryant,book_9aa0175f8ef92aed,"The Long Ride (Pine Hollow, #1)",Bonnie Bryant
455,511,0.7237556,book_205afbb25799c360,"Horse Shy (Saddle Club, #2)",Bonnie Bryant,book_0038ef028214a6f0,"Conformation Faults (Pine Hollow, #5)",Bonnie Bryant
511,529,0.67903566,book_0038ef028214a6f0,"Conformation Faults (Pine Hollow, #5)",Bonnie Bryant,book_94a0e93f20c63d9f,"Horse Capades (Saddle Club, #64)",Bonnie Bryant
511,518,0.6696748,book_0038ef028214a6f0,"Conformation Faults (Pine Hollow, #5)",Bonnie Bryant,book_43d6274fcb406433,"Horse Wise (Saddle Club, #11)",Bonnie Bryant
465,511,0.6539675,book_9c77c2dc89eba43d,"Broken Horse (Saddle Club, #61)",Bonnie Bryant,book_0038ef028214a6f0,"Conformation Faults (Pine Hollow, #5)",Bonnie Bryant
491,511,0.65081334,book_4539e07773c16c96,"Nightmare (Saddle Club Super Edition, #6)",Bonnie Bryant,book_0038ef028214a6f0,"Conformation Faults (Pine Hollow, #5)",Bonnie Bryant
511,542,0.6462265,book_0038ef028214a6f0,"Conformation Faults (Pine Hollow, #5)",Bonnie Bryant,book_060f9af46ec83488,"Horse Guest (Saddle Club, #73)",Bonnie Bryant
511,514,0.63536847,book_0038ef028214a6f0,"Conformation Faults (Pine Hollow, #5)",Bonnie Bryant,book_e454b43cfb2355a0,Carole: The Inside Story (Saddle Club Inside Stories),Bonnie Bryant
511,551,0.63243437,book_0038ef028214a6f0,"Conformation Faults (Pine Hollow, #5)",Bonnie Bryant,book_b110b70876dd6fe2,"Horse Trouble (Saddle Club, #23)",Bonnie Bryant
512,528,0.7476939,book_e54284e6045de9d6,"Reining In (Pine Hollow, #3)",Bonnie Bryant,book_377fbb85b328e3f3,"Stray Horse (Saddle Club, #100)",Bonnie Bryant
512,545,0.7173723,book_e54284e6045de9d6,"Reining In (Pine Hollow, #3)",Bonnie Bryant,book_9aa0175f8ef92aed,"The Long Ride (Pine Hollow, #1)",Bonnie Bryant
473,512,0.6738225,book_e8a1b98c040067f4,"Horse Love (Saddle Club, #93)",Bonnie Bryant,book_e54284e6045de9d6,"Reining In (Pine Hollow, #3)",Bonnie Bryant
512,518,0.6636816,book_e54284e6045de9d6,"Reining In (Pine Hollow, #3)",Bonnie Bryant,book_43d6274fcb406433,"Horse Wise (Saddle Club, #11)",Bonnie Bryant
456,512,0.6531363,book_cf27e0168a2d2dca,"Horse Sense (Saddle Club, #3)",Bonnie Bryant,book_e54284e6045de9d6,"Reining In (Pine Hollow, #3)",Bonnie Bryant
451,512,0.65144056,book_3add8af5fd91c7c5,"Horse Wise (Saddle Club, #11)",Bonnie Bryant,book_e54284e6045de9d6,"Reining In (Pine Hollow, #3)",Bonnie Bryant
510,512,0.6364504,book_ba9c989f04ca647e,"The Trail Home (Pine Hollow, #2)",Bonnie Bryant,book_e54284e6045de9d6,"Reining In (Pine Hollow, #3)",Bonnie Bryant
512,543,0.62589276,book_e54284e6045de9d6,"Reining In (Pine Hollow, #3)",Bonnie Bryant,book_4307ce4cbf3d1a4e,"Pack Trip (Saddle Club, #18)",Bonnie Bryant
512,532,0.6171013,book_e54284e6045de9d6,"Reining In (Pine Hollow, #3)",Bonnie Bryant,book_b71fcb07c171ad3b,"Wild Horses (Saddle Club, #58)",Bonnie Bryant
424,512,0.60982966,book_906095cf9503cebc,"Trail Mates (Saddle Club, #5)",Bonnie Bryant,book_e54284e6045de9d6,"Reining In (Pine Hollow, #3)",Bonnie Bryant
497,512,0.60802346,book_b8e31a8644b66b66,"Summer Rider (Saddle Club, #68)",Bonnie Bryant,book_e54284e6045de9d6,"Reining In (Pine Hollow, #3)",Bonnie Bryant
505,512,0.60629094,book_e0180bd0679d9aba,"Penalty Points (Pine Hollow, #7)",Bonnie Bryant,book_e54284e6045de9d6,"Reining In (Pine Hollow, #3)",Bonnie Bryant
512,513,0.6056557,book_e54284e6045de9d6,"Reining In (Pine Hollow, #3)",Bonnie Bryant,book_5333e9aeda6e9cd4,"English Rider (Saddle Club, #80)",Bonnie Bryant
507,512,0.60451084,book_312dd58cd2f0791a,"Summer Horse (Saddle Club, #67)",Bonnie Bryant,book_e54284e6045de9d6,"Reining In (Pine Hollow, #3)",Bonnie Bryant
513,518,0.835518,book_5333e9aeda6e9cd4,"English Rider (Saddle Club, #80)",Bonnie Bryant,book_43d6274fcb406433,"Horse Wise (Saddle Club, #11)",Bonnie Bryant
513,535,0.7909562,book_5333e9aeda6e9cd4,"English Rider (Saddle Club, #80)",Bonnie Bryant,book_c3ea4f8216f7f7a7,"Secret Horse (Saddle Club, #86)",Bonnie Bryant
424,513,0.7875407,book_906095cf9503cebc,"Trail Mates (Saddle Club, #5)",Bonnie Bryant,book_5333e9aeda6e9cd4,"English Rider (Saddle Club, #80)",Bonnie Bryant
453,513,0.771286,book_64babb7484bf4745,"Horse Crazy (Saddle Club, #1)",Bonnie Bryant,book_5333e9aeda6e9cd4,"English Rider (Saddle Club, #80)",Bonnie Bryant
456,513,0.76221657,book_cf27e0168a2d2dca,"Horse Sense (Saddle Club, #3)",Bonnie Bryant,book_5333e9aeda6e9cd4,"English Rider (Saddle Club, #80)",Bonnie Bryant
513,541,0.7614409,book_5333e9aeda6e9cd4,"English Rider (Saddle Club, #80)",Bonnie Bryant,book_cefabace4106b537,"Rocking Horse (Saddle Club, #77)",Bonnie Bryant
446,513,0.7608967,book_186cc4cfbccd92a1,"Horse Games (Saddle Club, #16)",Bonnie Bryant,book_5333e9aeda6e9cd4,"English Rider (Saddle Club, #80)",Bonnie Bryant
474,513,0.7597145,book_e4925f5d787d53b8,"Horseshoe (Saddle Club, #44)",Bonnie Bryant,book_5333e9aeda6e9cd4,"English Rider (Saddle Club, #80)",Bonnie Bryant
513,521,0.74828637,book_5333e9aeda6e9cd4,"English Rider (Saddle Club, #80)",Bonnie Bryant,book_b9674101bdabdef1,"Starting Gate (Saddle Club, #91)",Bonnie Bryant
513,528,0.7456979,book_5333e9aeda6e9cd4,"English Rider (Saddle Club, #80)",Bonnie Bryant,book_377fbb85b328e3f3,"Stray Horse (Saddle Club, #100)",Bonnie Bryant
514,531,0.78902155,book_e454b43cfb2355a0,Carole: The Inside Story (Saddle Club Inside Stories),Bonnie Bryant,book_a549783a8f29f288,Lisa: The Inside Story (Saddle Club Inside Stories),Bonnie Bryant
455,514,0.7652911,book_205afbb25799c360,"Horse Shy (Saddle Club, #2)",Bonnie Bryant,book_e454b43cfb2355a0,Carole: The Inside Story (Saddle Club Inside Stories),Bonnie Bryant
491,514,0.7391575,book_4539e07773c16c96,"Nightmare (Saddle Club Super Edition, #6)",Bonnie Bryant,book_e454b43cfb2355a0,Carole: The Inside Story (Saddle Club Inside Stories),Bonnie Bryant
424,514,0.72548884,book_906095cf9503cebc,"Trail Mates (Saddle Club, #5)",Bonnie Bryant,book_e454b43cfb2355a0,Carole: The Inside Story (Saddle Club Inside Stories),Bonnie Bryant
432,514,0.7168567,book_191f7524aca5213e,"Racehorse (Saddle Club, #21)",Bonnie Bryant,book_e454b43cfb2355a0,Carole: The Inside Story (Saddle Club Inside Stories),Bonnie Bryant
514,527,0.70676816,book_e454b43cfb2355a0,Carole: The Inside Story (Saddle Club Inside Stories),Bonnie Bryant,book_303967d60e61d062,"Horse-Sitters (Saddle Club, #53)",Bonnie Bryant
454,514,0.7048216,book_bb11d9ac109bce9f,"Horse Power (Saddle Club, #4)",Bonnie Bryant,book_e454b43cfb2355a0,Carole: The Inside Story (Saddle Club Inside Stories),Bonnie Bryant
483,514,0.7040347,book_892d96197613fa8c,Stevie: The Inside Story (Saddle Club Inside Stories),Bonnie Bryant,book_e454b43cfb2355a0,Carole: The Inside Story (Saddle Club Inside Stories),Bonnie Bryant
514,538,0.7023926,book_e454b43cfb2355a0,Carole: The Inside Story (Saddle Club Inside Stories),Bonnie Bryant,book_a78a422837c2f4e1,"Horseflies (Saddle Club, #78)",Bonnie Bryant
514,540,0.69964945,book_e454b43cfb2355a0,Carole: The Inside Story (Saddle Club Inside Stories),Bonnie Bryant,book_0610aaec503a12a6,"Horse Whispers (Saddle Club, #74)",Bonnie Bryant
507,514,0.6986191,book_312dd58cd2f0791a,"Summer Horse (Saddle Club, #67)",Bonnie Bryant,book_e454b43cfb2355a0,Carole: The Inside Story (Saddle Club Inside Stories),Bonnie Bryant
437,514,0.6955093,book_e66a911b25f09a42,"Stable Manners (Saddle Club, #28)",Bonnie Bryant,book_e454b43cfb2355a0,Carole: The Inside Story (Saddle Club Inside Stories),Bonnie Bryant
514,537,0.6925937,book_e454b43cfb2355a0,Carole: The Inside Story (Saddle Club Inside Stories),Bonnie Bryant,book_ddd91a47fb5dd3bc,"Best Friends (Saddle Club, #101)",Bonnie Bryant
515,539,0.7457222,book_9c9f52e237e7c4e7,"Yankee Swap (Saddle Club, #50)",Bonnie Bryant,book_f4be2a64fdb39a36,"Horse Tale (Saddle Club, #35)",Bonnie Bryant
455,515,0.7454927,book_205afbb25799c360,"Horse Shy (Saddle Club, #2)",Bonnie Bryant,book_9c9f52e237e7c4e7,"Yankee Swap (Saddle Club, #50)",Bonnie Bryant
454,515,0.72791874,book_bb11d9ac109bce9f,"Horse Power (Saddle Club, #4)",Bonnie Bryant,book_9c9f52e237e7c4e7,"Yankee Swap (Saddle Club, #50)",Bonnie Bryant
496,515,0.72685903,book_f86a91da104d9ae7,"Gold Medal Horse (Saddle Club, #55)",Bonnie Bryant,book_9c9f52e237e7c4e7,"Yankee Swap (Saddle Club, #50)",Bonnie Bryant
515,518,0.7224598,book_9c9f52e237e7c4e7,"Yankee Swap (Saddle Club, #50)",Bonnie Bryant,book_43d6274fcb406433,"Horse Wise (Saddle Club, #11)",Bonnie Bryant
515,527,0.71980166,book_9c9f52e237e7c4e7,"Yankee Swap (Saddle Club, #50)",Bonnie Bryant,book_303967d60e61d062,"Horse-Sitters (Saddle Club, #53)",Bonnie Bryant
466,515,0.7170788,book_8dbaddfd4ccb6dfe,THE SADDLE CLUB: HORSE WISE AND RODEO RIDER.,Bonnie. Bryant,book_9c9f52e237e7c4e7,"Yankee Swap (Saddle Club, #50)",Bonnie Bryant
451,515,0.712197,book_3add8af5fd91c7c5,"Horse Wise (Saddle Club, #11)",Bonnie Bryant,book_9c9f52e237e7c4e7,"Yankee Swap (Saddle Club, #50)",Bonnie Bryant
465,515,0.7101131,book_9c77c2dc89eba43d,"Broken Horse (Saddle Club, #61)",Bonnie Bryant,book_9c9f52e237e7c4e7,"Yankee Swap (Saddle Club, #50)",Bonnie Bryant
487,515,0.70688194,book_008279540fb4fa3b,"Horse Blues (Saddle Club, #62)",Bonnie Bryant,book_9c9f52e237e7c4e7,"Yankee Swap (Saddle Club, #50)",Bonnie Bryant
478,515,0.7064404,book_b8b2bc244df4d1f3,"Riding Lesson (Saddle Club, #36)",Bonnie Bryant,book_9c9f52e237e7c4e7,"Yankee Swap (Saddle Club, #50)",Bonnie Bryant
452,515,0.7037615,book_21728dd022425a84,"Horse Play (Saddle Club, #7)",Bonnie Bryant,book_9c9f52e237e7c4e7,"Yankee Swap (Saddle Club, #50)",Bonnie Bryant
467,515,0.70269394,book_2796bba9f97c1893,"Horse Trade (Saddle Club, #38)",Bonnie Bryant,book_9c9f52e237e7c4e7,"Yankee Swap (Saddle Club, #50)",Bonnie Bryant
424,516,0.7582128,book_906095cf9503cebc,"Trail Mates (Saddle Club, #5)",Bonnie Bryant,book_2bc488dbcc5b6707,"New Rider (The Saddle Club, #96)",Bonnie Bryant
446,516,0.7579764,book_186cc4cfbccd92a1,"Horse Games (Saddle Club, #16)",Bonnie Bryant,book_2bc488dbcc5b6707,"New Rider (The Saddle Club, #96)",Bonnie Bryant
456,516,0.73613894,book_cf27e0168a2d2dca,"Horse Sense (Saddle Club, #3)",Bonnie Bryant,book_2bc488dbcc5b6707,"New Rider (The Saddle Club, #96)",Bonnie Bryant
449,516,0.7330084,book_40c77c1a95cbeb78,"Horsenapped! (Saddle Club, #17)",Bonnie Bryant,book_2bc488dbcc5b6707,"New Rider (The Saddle Club, #96)",Bonnie Bryant
438,516,0.7198939,book_310beec8f6618d70,"Silver Stirrups (Saddle Club, #65)",Bonnie Bryant,book_2bc488dbcc5b6707,"New Rider (The Saddle Club, #96)",Bonnie Bryant
497,516,0.7010877,book_b8e31a8644b66b66,"Summer Rider (Saddle Club, #68)",Bonnie Bryant,book_2bc488dbcc5b6707,"New Rider (The Saddle Club, #96)",Bonnie Bryant
454,516,0.69879305,book_bb11d9ac109bce9f,"Horse Power (Saddle Club, #4)",Bonnie Bryant,book_2bc488dbcc5b6707,"New Rider (The Saddle Club, #96)",Bonnie Bryant
426,516,0.6953682,book_93f3c20a5f2a5396,"Riding Camp (Saddle Club, #10)",Bonnie Bryant,book_2bc488dbcc5b6707,"New Rider (The Saddle Club, #96)",Bonnie Bryant
453,516,0.69371384,book_64babb7484bf4745,"Horse Crazy (Saddle Club, #1)",Bonnie Bryant,book_2bc488dbcc5b6707,"New Rider (The Saddle Club, #96)",Bonnie Bryant
516,551,0.6934861,book_2bc488dbcc5b6707,"New Rider (The Saddle Club, #96)",Bonnie Bryant,book_b110b70876dd6fe2,"Horse Trouble (Saddle Club, #23)",Bonnie Bryant
516,543,0.6921096,book_2bc488dbcc5b6707,"New Rider (The Saddle Club, #96)",Bonnie Bryant,book_4307ce4cbf3d1a4e,"Pack Trip (Saddle Club, #18)",Bonnie Bryant
516,528,0.6834966,book_2bc488dbcc5b6707,"New Rider (The Saddle Club, #96)",Bonnie Bryant,book_377fbb85b328e3f3,"Stray Horse (Saddle Club, #100)",Bonnie Bryant
474,516,0.6822742,book_e4925f5d787d53b8,"Horseshoe (Saddle Club, #44)",Bonnie Bryant,book_2bc488dbcc5b6707,"New Rider (The Saddle Club, #96)",Bonnie Bryant
451,516,0.67865777,book_3add8af5fd91c7c5,"Horse Wise (Saddle Club, #11)",Bonnie Bryant,book_2bc488dbcc5b6707,"New Rider (The Saddle Club, #96)",Bonnie Bryant
516,519,0.67850393,book_2bc488dbcc5b6707,"New Rider (The Saddle Club, #96)",Bonnie Bryant,book_f93759b6920f1b24,"Sea Horse (Saddle Club, #14)",Bonnie Bryant
474,517,0.6751937,book_e4925f5d787d53b8,"Horseshoe (Saddle Club, #44)",Bonnie Bryant,book_ec38d48b917611eb,"Pony Crazy (Pony Tails, #1)",Bonnie Bryant
517,518,0.6288477,book_ec38d48b917611eb,"Pony Crazy (Pony Tails, #1)",Bonnie Bryant,book_43d6274fcb406433,"Horse Wise (Saddle Club, #11)",Bonnie Bryant
517,551,0.62819636,book_ec38d48b917611eb,"Pony Crazy (Pony Tails, #1)",Bonnie Bryant,book_b110b70876dd6fe2,"Horse Trouble (Saddle Club, #23)",Bonnie Bryant
507,517,0.6189822,book_312dd58cd2f0791a,"Summer Horse (Saddle Club, #67)",Bonnie Bryant,book_ec38d48b917611eb,"Pony Crazy (Pony Tails, #1)",Bonnie Bryant
453,517,0.6170049,book_64babb7484bf4745,"Horse Crazy (Saddle Club, #1)",Bonnie Bryant,book_ec38d48b917611eb,"Pony Crazy (Pony Tails, #1)",Bonnie Bryant
451,517,0.604503,book_3add8af5fd91c7c5,"Horse Wise (Saddle Club, #11)",Bonnie Bryant,book_ec38d48b917611eb,"Pony Crazy (Pony Tails, #1)",Bonnie Bryant
518,535,0.8090159,book_43d6274fcb406433,"Horse Wise (Saddle Club, #11)",Bonnie Bryant,book_c3ea4f8216f7f7a7,"Secret Horse (Saddle Club, #86)",Bonnie Bryant
518,541,0.80685604,book_43d6274fcb406433,"Horse Wise (Saddle Club, #11)",Bonnie Bryant,book_cefabace4106b537,"Rocking Horse (Saddle Club, #77)",Bonnie Bryant
518,551,0.80061793,book_43d6274fcb406433,"Horse Wise (Saddle Club, #11)",Bonnie Bryant,book_b110b70876dd6fe2,"Horse Trouble (Saddle Club, #23)",Bonnie Bryant
518,545,0.7957385,book_43d6274fcb406433,"Horse Wise (Saddle Club, #11)",Bonnie Bryant,book_9aa0175f8ef92aed,"The Long Ride (Pine Hollow, #1)",Bonnie Bryant
424,519,0.76610756,book_906095cf9503cebc,"Trail Mates (Saddle Club, #5)",Bonnie Bryant,book_f93759b6920f1b24,"Sea Horse (Saddle Club, #14)",Bonnie Bryant
456,519,0.7608824,book_cf27e0168a2d2dca,"Horse Sense (Saddle Club, #3)",Bonnie Bryant,book_f93759b6920f1b24,"Sea Horse (Saddle Club, #14)",Bonnie Bryant
519,537,0.75997317,book_f93759b6920f1b24,"Sea Horse (Saddle Club, #14)",Bonnie Bryant,book_ddd91a47fb5dd3bc,"Best Friends (Saddle Club, #101)",Bonnie Bryant
519,528,0.75871193,book_f93759b6920f1b24,"Sea Horse (Saddle Club, #14)",Bonnie Bryant,book_377fbb85b328e3f3,"Stray Horse (Saddle Club, #100)",Bonnie Bryant
453,519,0.7459193,book_64babb7484bf4745,"Horse Crazy (Saddle Club, #1)",Bonnie Bryant,book_f93759b6920f1b24,"Sea Horse (Saddle Club, #14)",Bonnie Bryant
449,519,0.7420436,book_40c77c1a95cbeb78,"Horsenapped! (Saddle Club, #17)",Bonnie Bryant,book_f93759b6920f1b24,"Sea Horse (Saddle Club, #14)",Bonnie Bryant
491,519,0.7393084,book_4539e07773c16c96,"Nightmare (Saddle Club Super Edition, #6)",Bonnie Bryant,book_f93759b6920f1b24,"Sea Horse (Saddle Club, #14)",Bonnie Bryant
519,525,0.7377211,book_f93759b6920f1b24,"Sea Horse (Saddle Club, #14)",Bonnie Bryant,book_00f7f811a105ee56,"Trail Ride (Saddle Club, #99)",Bonnie Bryant
426,519,0.733062,book_93f3c20a5f2a5396,"Riding Camp (Saddle Club, #10)",Bonnie Bryant,book_f93759b6920f1b24,"Sea Horse (Saddle Club, #14)",Bonnie Bryant
507,519,0.7284454,book_312dd58cd2f0791a,"Summer Horse (Saddle Club, #67)",Bonnie Bryant,book_f93759b6920f1b24,"Sea Horse (Saddle Club, #14)",Bonnie Bryant
520,554,0.77903605,book_5c0d75d05da0a628,"Stable Hearts (Saddle Club, #63)",Bonnie Bryant,book_3e6962f28655d385,"Horse Magic (Saddle Club, #47)",Bonnie Bryant
520,551,0.7715512,book_5c0d75d05da0a628,"Stable Hearts (Saddle Club, #63)",Bonnie Bryant,book_b110b70876dd6fe2,"Horse Trouble (Saddle Club, #23)",Bonnie Bryant
455,520,0.76442504,book_205afbb25799c360,"Horse Shy (Saddle Club, #2)",Bonnie Bryant,book_5c0d75d05da0a628,"Stable Hearts (Saddle Club, #63)",Bonnie Bryant
439,520,0.750165,book_15c6e45ab5de2f3c,"High Horse (Saddle Club, #33)",Bonnie Bryant,book_5c0d75d05da0a628,"Stable Hearts (Saddle Club, #63)",Bonnie Bryant
518,520,0.7419955,book_43d6274fcb406433,"Horse Wise (Saddle Club, #11)",Bonnie Bryant,book_5c0d75d05da0a628,"Stable Hearts (Saddle Club, #63)",Bonnie Bryant
520,529,0.7401949,book_5c0d75d05da0a628,"Stable Hearts (Saddle Club, #63)",Bonnie Bryant,book_94a0e93f20c63d9f,"Horse Capades (Saddle Club, #64)",Bonnie Bryant
491,520,0.7331534,book_4539e07773c16c96,"Nightmare (Saddle Club Super Edition, #6)",Bonnie Bryant,book_5c0d75d05da0a628,"Stable Hearts (Saddle Club, #63)",Bonnie Bryant
520,553,0.7308328,book_5c0d75d05da0a628,"Stable Hearts (Saddle Club, #63)",Bonnie Bryant,book_255adb0e23959454,"Autumn Trail (Saddle Club, #30)",Bonnie Bryant
520,542,0.7300491,book_5c0d75d05da0a628,"Stable Hearts (Saddle Club, #63)",Bonnie Bryant,book_060f9af46ec83488,"Horse Guest (Saddle Club, #73)",Bonnie Bryant
520,545,0.7271786,book_5c0d75d05da0a628,"Stable Hearts (Saddle Club, #63)",Bonnie Bryant,book_9aa0175f8ef92aed,"The Long Ride (Pine Hollow, #1)",Bonnie Bryant
424,520,0.7121322,book_906095cf9503cebc,"Trail Mates (Saddle Club, #5)",Bonnie Bryant,book_5c0d75d05da0a628,"Stable Hearts (Saddle Club, #63)",Bonnie Bryant
473,520,0.7091546,book_e8a1b98c040067f4,"Horse Love (Saddle Club, #93)",Bonnie Bryant,book_5c0d75d05da0a628,"Stable Hearts (Saddle Club, #63)",Bonnie Bryant
465,520,0.7080176,book_9c77c2dc89eba43d,"Broken Horse (Saddle Club, #61)",Bonnie Bryant,book_5c0d75d05da0a628,"Stable Hearts (Saddle Club, #63)",Bonnie Bryant
520,526,0.70474124,book_5c0d75d05da0a628,"Stable Hearts (Saddle Club, #63)",Bonnie Bryant,book_fd070e3248eb0463,"Sidesaddle (Saddle Club, #88)",Bonnie Bryant
451,520,0.70420027,book_3add8af5fd91c7c5,"Horse Wise (Saddle Club, #11)",Bonnie Bryant,book_5c0d75d05da0a628,"Stable Hearts (Saddle Club, #63)",Bonnie Bryant
518,521,0.7773923,book_43d6274fcb406433,"Horse Wise (Saddle Club, #11)",Bonnie Bryant,book_b9674101bdabdef1,"Starting Gate (Saddle Club, #91)",Bonnie Bryant
521,535,0.7622702,book_b9674101bdabdef1,"Starting Gate (Saddle Club, #91)",Bonnie Bryant,book_c3ea4f8216f7f7a7,"Secret Horse (Saddle Club, #86)",Bonnie Bryant
521,541,0.74428856,book_b9674101bdabdef1,"Starting Gate (Saddle Club, #91)",Bonnie Bryant,book_cefabace4106b537,"Rocking Horse (Saddle Club, #77)",Bonnie Bryant
456,521,0.7404984,book_cf27e0168a2d2dca,"Horse Sense (Saddle Club, #3)",Bonnie Bryant,book_b9674101bdabdef1,"Starting Gate (Saddle Club, #91)",Bonnie Bryant
473,521,0.7369636,book_e8a1b98c040067f4,"Horse Love (Saddle Club, #93)",Bonnie Bryant,book_b9674101bdabdef1,"Starting Gate (Saddle Club, #91)",Bonnie Bryant
521,540,0.73230684,book_b9674101bdabdef1,"Starting Gate (Saddle Club, #91)",Bonnie Bryant,book_0610aaec503a12a6,"Horse Whispers (Saddle Club, #74)",Bonnie Bryant
488,521,0.7304734,book_2b35bb206996fc74,"Horse Fever (Saddle Club, #85)",Bonnie Bryant,book_b9674101bdabdef1,"Starting Gate (Saddle Club, #91)",Bonnie Bryant
521,525,0.7284934,book_b9674101bdabdef1,"Starting Gate (Saddle Club, #91)",Bonnie Bryant,book_00f7f811a105ee56,"Trail Ride (Saddle Club, #99)",Bonnie Bryant
424,521,0.72730124,book_906095cf9503cebc,"Trail Mates (Saddle Club, #5)",Bonnie Bryant,book_b9674101bdabdef1,"Starting Gate (Saddle Club, #91)",Bonnie Bryant
474,521,0.7266573,book_e4925f5d787d53b8,"Horseshoe (Saddle Club, #44)",Bonnie Bryant,book_b9674101bdabdef1,"Starting Gate (Saddle Club, #91)",Bonnie Bryant
521,528,0.7224854,book_b9674101bdabdef1,"Starting Gate (Saddle Club, #91)",Bonnie Bryant,book_377fbb85b328e3f3,"Stray Horse (Saddle Club, #100)",Bonnie Bryant
493,521,0.71744704,book_3d6950164ebe5205,"Horse Play (Saddle Club, #7)",Bonnie Bryant,book_b9674101bdabdef1,"Starting Gate (Saddle Club, #91)",Bonnie Bryant
445,522,0.72380596,book_39c136ea9bed1161,"Ghost Rider (Saddle Club, #24)",Bonnie Bryant,book_e920ab05b05105d8,"Phantom Horse (Saddle Club, #59)",Bonnie Bryant
455,522,0.71618277,book_205afbb25799c360,"Horse Shy (Saddle Club, #2)",Bonnie Bryant,book_e920ab05b05105d8,"Phantom Horse (Saddle Club, #59)",Bonnie Bryant
491,522,0.687505,book_4539e07773c16c96,"Nightmare (Saddle Club Super Edition, #6)",Bonnie Bryant,book_e920ab05b05105d8,"Phantom Horse (Saddle Club, #59)",Bonnie Bryant
522,554,0.68644774,book_e920ab05b05105d8,"Phantom Horse (Saddle Club, #59)",Bonnie Bryant,book_3e6962f28655d385,"Horse Magic (Saddle Club, #47)",Bonnie Bryant
453,522,0.6829115,book_64babb7484bf4745,"Horse Crazy (Saddle Club, #1)",Bonnie Bryant,book_e920ab05b05105d8,"Phantom Horse (Saddle Club, #59)",Bonnie Bryant
465,522,0.6609018,book_9c77c2dc89eba43d,"Broken Horse (Saddle Club, #61)",Bonnie Bryant,book_e920ab05b05105d8,"Phantom Horse (Saddle Club, #59)",Bonnie Bryant
522,529,0.6580223,book_e920ab05b05105d8,"Phantom Horse (Saddle Club, #59)",Bonnie Bryant,book_94a0e93f20c63d9f,"Horse Capades (Saddle Club, #64)",Bonnie Bryant
432,522,0.6532161,book_191f7524aca5213e,"Racehorse (Saddle Club, #21)",Bonnie Bryant,book_e920ab05b05105d8,"Phantom Horse (Saddle Club, #59)",Bonnie Bryant
518,522,0.65203106,book_43d6274fcb406433,"Horse Wise (Saddle Club, #11)",Bonnie Bryant,book_e920ab05b05105d8,"Phantom Horse (Saddle Club, #59)",Bonnie Bryant
476,522,0.6481209,book_ac8acce500a56fdd,"Mystery Ride (Saddle Club, #48)",Bonnie Bryant,book_e920ab05b05105d8,"Phantom Horse (Saddle Club, #59)",Bonnie Bryant
485,522,0.64611113,book_7f8b0cc76746b685,"Lucky Horse (Saddle Club, #89)",Bonnie Bryant,book_e920ab05b05105d8,"Phantom Horse (Saddle Club, #59)",Bonnie Bryant
454,522,0.6461022,book_bb11d9ac109bce9f,"Horse Power (Saddle Club, #4)",Bonnie Bryant,book_e920ab05b05105d8,"Phantom Horse (Saddle Club, #59)",Bonnie Bryant
515,522,0.6460084,book_9c9f52e237e7c4e7,"Yankee Swap (Saddle Club, #50)",Bonnie Bryant,book_e920ab05b05105d8,"Phantom Horse (Saddle Club, #59)",Bonnie Bryant
478,522,0.63961685,book_b8b2bc244df4d1f3,"Riding Lesson (Saddle Club, #36)",Bonnie Bryant,book_e920ab05b05105d8,"Phantom Horse (Saddle Club, #59)",Bonnie Bryant
438,522,0.6391133,book_310beec8f6618d70,"Silver Stirrups (Saddle Club, #65)",Bonnie Bryant,book_e920ab05b05105d8,"Phantom Horse (Saddle Club, #59)",Bonnie Bryant
523,528,0.75050175,book_9036b0a449ea5c30,"Horse Care (Saddle Club, #76)",Bonnie Bryant,book_377fbb85b328e3f3,"Stray Horse (Saddle Club, #100)",Bonnie Bryant
465,523,0.74740887,book_9c77c2dc89eba43d,"Broken Horse (Saddle Club, #61)",Bonnie Bryant,book_9036b0a449ea5c30,"Horse Care (Saddle Club, #76)",Bonnie Bryant
473,523,0.72668016,book_e8a1b98c040067f4,"Horse Love (Saddle Club, #93)",Bonnie Bryant,book_9036b0a449ea5c30,"Horse Care (Saddle Club, #76)",Bonnie Bryant
488,523,0.72604215,book_2b35bb206996fc74,"Horse Fever (Saddle Club, #85)",Bonnie Bryant,book_9036b0a449ea5c30,"Horse Care (Saddle Club, #76)",Bonnie Bryant
523,540,0.7197157,book_9036b0a449ea5c30,"Horse Care (Saddle Club, #76)",Bonnie Bryant,book_0610aaec503a12a6,"Horse Whispers (Saddle Club, #74)",Bonnie Bryant
446,523,0.7195964,book_186cc4cfbccd92a1,"Horse Games (Saddle Club, #16)",Bonnie Bryant,book_9036b0a449ea5c30,"Horse Care (Saddle Club, #76)",Bonnie Bryant
523,525,0.7161637,book_9036b0a449ea5c30,"Horse Care (Saddle Club, #76)",Bonnie Bryant,book_00f7f811a105ee56,"Trail Ride (Saddle Club, #99)",Bonnie Bryant
523,532,0.71441424,book_9036b0a449ea5c30,"Horse Care (Saddle Club, #76)",Bonnie Bryant,book_b71fcb07c171ad3b,"Wild Horses (Saddle Club, #58)",Bonnie Bryant
507,523,0.71245545,book_312dd58cd2f0791a,"Summer Horse (Saddle Club, #67)",Bonnie Bryant,book_9036b0a449ea5c30,"Horse Care (Saddle Club, #76)",Bonnie Bryant
523,551,0.7120322,book_9036b0a449ea5c30,"Horse Care (Saddle Club, #76)",Bonnie Bryant,book_b110b70876dd6fe2,"Horse Trouble (Saddle Club, #23)",Bonnie Bryant
456,523,0.7006107,book_cf27e0168a2d2dca,"Horse Sense (Saddle Club, #3)",Bonnie Bryant,book_9036b0a449ea5c30,"Horse Care (Saddle Club, #76)",Bonnie Bryant
436,523,0.6997578,book_cb3db40205e6bb85,"Saddlebags (Saddle Club, #42)",Bonnie Bryant,book_9036b0a449ea5c30,"Horse Care (Saddle Club, #76)",Bonnie Bryant
485,523,0.6954998,book_7f8b0cc76746b685,"Lucky Horse (Saddle Club, #89)",Bonnie Bryant,book_9036b0a449ea5c30,"Horse Care (Saddle Club, #76)",Bonnie Bryant
451,523,0.6952423,book_3add8af5fd91c7c5,"Horse Wise (Saddle Club, #11)",Bonnie Bryant,book_9036b0a449ea5c30,"Horse Care (Saddle Club, #76)",Bonnie Bryant
449,523,0.6935109,book_40c77c1a95cbeb78,"Horsenapped! (Saddle Club, #17)",Bonnie Bryant,book_9036b0a449ea5c30,"Horse Care (Saddle Club, #76)",Bonnie Bryant
473,524,0.73925114,book_e8a1b98c040067f4,"Horse Love (Saddle Club, #93)",Bonnie Bryant,book_c5b3b9141f671e24,"Painted Horse (Saddle Club, #75)",Bonnie Bryant
524,539,0.73894286,book_c5b3b9141f671e24,"Painted Horse (Saddle Club, #75)",Bonnie Bryant,book_f4be2a64fdb39a36,"Horse Tale (Saddle Club, #35)",Bonnie Bryant
493,524,0.73739195,book_3d6950164ebe5205,"Horse Play (Saddle Club, #7)",Bonnie Bryant,book_c5b3b9141f671e24,"Painted Horse (Saddle Club, #75)",Bonnie Bryant
524,536,0.7272737,book_c5b3b9141f671e24,"Painted Horse (Saddle Club, #75)",Bonnie Bryant,book_a1029bd48f05855a,"Horse Feathers (Saddle Club, #98)",Bonnie Bryant
524,542,0.7246997,book_c5b3b9141f671e24,"Painted Horse (Saddle Club, #75)",Bonnie Bryant,book_060f9af46ec83488,"Horse Guest (Saddle Club, #73)",Bonnie Bryant
453,524,0.72250193,book_64babb7484bf4745,"Horse Crazy (Saddle Club, #1)",Bonnie Bryant,book_c5b3b9141f671e24,"Painted Horse (Saddle Club, #75)",Bonnie Bryant
455,524,0.7211051,book_205afbb25799c360,"Horse Shy (Saddle Club, #2)",Bonnie Bryant,book_c5b3b9141f671e24,"Painted Horse (Saddle Club, #75)",Bonnie Bryant
488,524,0.721044,book_2b35bb206996fc74,"Horse Fever (Saddle Club, #85)",Bonnie Bryant,book_c5b3b9141f671e24,"Painted Horse (Saddle Club, #75)",Bonnie Bryant
525,556,0.7659004,book_00f7f811a105ee56,"Trail Ride (Saddle Club, #99)",Bonnie Bryant,book_4ddd5ef6448c9f45,"Ranch Hands (Saddle Club, #29)",Bonnie Bryant
453,525,0.7567583,book_64babb7484bf4745,"Horse Crazy (Saddle Club, #1)",Bonnie Bryant,book_00f7f811a105ee56,"Trail Ride (Saddle Club, #99)",Bonnie Bryant
525,532,0.7510712,book_00f7f811a105ee56,"Trail Ride (Saddle Club, #99)",Bonnie Bryant,book_b71fcb07c171ad3b,"Wild Horses (Saddle Club, #58)",Bonnie Bryant
507,525,0.7407687,book_312dd58cd2f0791a,"Summer Horse (Saddle Club, #67)",Bonnie Bryant,book_00f7f811a105ee56,"Trail Ride (Saddle Club, #99)",Bonnie Bryant
525,543,0.74073875,book_00f7f811a105ee56,"Trail Ride (Saddle Club, #99)",Bonnie Bryant,book_4307ce4cbf3d1a4e,"Pack Trip (Saddle Club, #18)",Bonnie Bryant
473,525,0.7382982,book_e8a1b98c040067f4,"Horse Love (Saddle Club, #93)",Bonnie Bryant,book_00f7f811a105ee56,"Trail Ride (Saddle Club, #99)",Bonnie Bryant
427,525,0.7324252,book_d28c6680f8202cfe,"Dude Ranch (Saddle Club, #6)",Bonnie Bryant,book_00f7f811a105ee56,"Trail Ride (Saddle Club, #99)",Bonnie Bryant
474,525,0.7289054,book_e4925f5d787d53b8,"Horseshoe (Saddle Club, #44)",Bonnie Bryant,book_00f7f811a105ee56,"Trail Ride (Saddle Club, #99)",Bonnie Bryant
455,526,0.7596859,book_205afbb25799c360,"Horse Shy (Saddle Club, #2)",Bonnie Bryant,book_fd070e3248eb0463,"Sidesaddle (Saddle Club, #88)",Bonnie Bryant
493,526,0.7564801,book_3d6950164ebe5205,"Horse Play (Saddle Club, #7)",Bonnie Bryant,book_fd070e3248eb0463,"Sidesaddle (Saddle Club, #88)",Bonnie Bryant
439,526,0.75598663,book_15c6e45ab5de2f3c,"High Horse (Saddle Club, #33)",Bonnie Bryant,book_fd070e3248eb0463,"Sidesaddle (Saddle Club, #88)",Bonnie Bryant
526,527,0.7473774,book_fd070e3248eb0463,"Sidesaddle (Saddle Club, #88)",Bonnie Bryant,book_303967d60e61d062,"Horse-Sitters (Saddle Club, #53)",Bonnie Bryant
526,539,0.7440928,book_fd070e3248eb0463,"Sidesaddle (Saddle Club, #88)",Bonnie Bryant,book_f4be2a64fdb39a36,"Horse Tale (Saddle Club, #35)",Bonnie Bryant
526,551,0.73847574,book_fd070e3248eb0463,"Sidesaddle (Saddle Club, #88)",Bonnie Bryant,book_b110b70876dd6fe2,"Horse Trouble (Saddle Club, #23)",Bonnie Bryant
526,536,0.73447824,book_fd070e3248eb0463,"Sidesaddle (Saddle Club, #88)",Bonnie Bryant,book_a1029bd48f05855a,"Horse Feathers (Saddle Club, #98)",Bonnie Bryant
526,529,0.73415273,book_fd070e3248eb0463,"Sidesaddle (Saddle Club, #88)",Bonnie Bryant,book_94a0e93f20c63d9f,"Horse Capades (Saddle Club, #64)",Bonnie Bryant
478,526,0.73317593,book_b8b2bc244df4d1f3,"Riding Lesson (Saddle Club, #36)",Bonnie Bryant,book_fd070e3248eb0463,"Sidesaddle (Saddle Club, #88)",Bonnie Bryant
526,554,0.7326594,book_fd070e3248eb0463,"Sidesaddle (Saddle Club, #88)",Bonnie Bryant,book_3e6962f28655d385,"Horse Magic (Saddle Club, #47)",Bonnie Bryant
526,542,0.7264252,book_fd070e3248eb0463,"Sidesaddle (Saddle Club, #88)",Bonnie Bryant,book_060f9af46ec83488,"Horse Guest (Saddle Club, #73)",Bonnie Bryant
518,526,0.7264069,book_43d6274fcb406433,"Horse Wise (Saddle Club, #11)",Bonnie Bryant,book_fd070e3248eb0463,"Sidesaddle (Saddle Club, #88)",Bonnie Bryant
527,539,0.8006018,book_303967d60e61d062,"Horse-Sitters (Saddle Club, #53)",Bonnie Bryant,book_f4be2a64fdb39a36,"Horse Tale (Saddle Club, #35)",Bonnie Bryant
455,527,0.78280437,book_205afbb25799c360,"Horse Shy (Saddle Club, #2)",Bonnie Bryant,book_303967d60e61d062,"Horse-Sitters (Saddle Club, #53)",Bonnie Bryant
493,527,0.76024175,book_3d6950164ebe5205,"Horse Play (Saddle Club, #7)",Bonnie Bryant,book_303967d60e61d062,"Horse-Sitters (Saddle Club, #53)",Bonnie Bryant
453,527,0.7517736,book_64babb7484bf4745,"Horse Crazy (Saddle Club, #1)",Bonnie Bryant,book_303967d60e61d062,"Horse-Sitters (Saddle Club, #53)",Bonnie Bryant
528,537,0.79827404,book_377fbb85b328e3f3,"Stray Horse (Saddle Club, #100)",Bonnie Bryant,book_ddd91a47fb5dd3bc,"Best Friends (Saddle Club, #101)",Bonnie Bryant
455,528,0.78464586,book_205afbb25799c360,"Horse Shy (Saddle Club, #2)",Bonnie Bryant,book_377fbb85b328e3f3,"Stray Horse (Saddle Club, #100)",Bonnie Bryant
528,545,0.7747276,book_377fbb85b328e3f3,"Stray Horse (Saddle Club, #100)",Bonnie Bryant,book_9aa0175f8ef92aed,"The Long Ride (Pine Hollow, #1)",Bonnie Bryant
528,535,0.7688515,book_377fbb85b328e3f3,"Stray Horse (Saddle Club, #100)",Bonnie Bryant,book_c3ea4f8216f7f7a7,"Secret Horse (Saddle Club, #86)",Bonnie Bryant
454,528,0.7684804,book_bb11d9ac109bce9f,"Horse Power (Saddle Club, #4)",Bonnie Bryant,book_377fbb85b328e3f3,"Stray Horse (Saddle Club, #100)",Bonnie Bryant
507,528,0.7659738,book_312dd58cd2f0791a,"Summer Horse (Saddle Club, #67)",Bonnie Bryant,book_377fbb85b328e3f3,"Stray Horse (Saddle Club, #100)",Bonnie Bryant
528,551,0.76545465,book_377fbb85b328e3f3,"Stray Horse (Saddle Club, #100)",Bonnie Bryant,book_b110b70876dd6fe2,"Horse Trouble (Saddle Club, #23)",Bonnie Bryant
518,528,0.7654294,book_43d6274fcb406433,"Horse Wise (Saddle Club, #11)",Bonnie Bryant,book_377fbb85b328e3f3,"Stray Horse (Saddle Club, #100)",Bonnie Bryant
529,554,0.81379485,book_94a0e93f20c63d9f,"Horse Capades (Saddle Club, #64)",Bonnie Bryant,book_3e6962f28655d385,"Horse Magic (Saddle Club, #47)",Bonnie Bryant
518,529,0.7791168,book_43d6274fcb406433,"Horse Wise (Saddle Club, #11)",Bonnie Bryant,book_94a0e93f20c63d9f,"Horse Capades (Saddle Club, #64)",Bonnie Bryant
529,551,0.77434874,book_94a0e93f20c63d9f,"Horse Capades (Saddle Club, #64)",Bonnie Bryant,book_b110b70876dd6fe2,"Horse Trouble (Saddle Club, #23)",Bonnie Bryant
529,545,0.7700303,book_94a0e93f20c63d9f,"Horse Capades (Saddle Club, #64)",Bonnie Bryant,book_9aa0175f8ef92aed,"The Long Ride (Pine Hollow, #1)",Bonnie Bryant
529,539,0.75293833,book_94a0e93f20c63d9f,"Horse Capades (Saddle Club, #64)",Bonnie Bryant,book_f4be2a64fdb39a36,"Horse Tale (Saddle Club, #35)",Bonnie Bryant
529,542,0.7508348,book_94a0e93f20c63d9f,"Horse Capades (Saddle Club, #64)",Bonnie Bryant,book_060f9af46ec83488,"Horse Guest (Saddle Club, #73)",Bonnie Bryant
439,529,0.75040555,book_15c6e45ab5de2f3c,"High Horse (Saddle Club, #33)",Bonnie Bryant,book_94a0e93f20c63d9f,"Horse Capades (Saddle Club, #64)",Bonnie Bryant
453,529,0.7501991,book_64babb7484bf4745,"Horse Crazy (Saddle Club, #1)",Bonnie Bryant,book_94a0e93f20c63d9f,"Horse Capades (Saddle Club, #64)",Bonnie Bryant
493,529,0.74375415,book_3d6950164ebe5205,"Horse Play (Saddle Club, #7)",Bonnie Bryant,book_94a0e93f20c63d9f,"Horse Capades (Saddle Club, #64)",Bonnie Bryant
491,529,0.7430072,book_4539e07773c16c96,"Nightmare (Saddle Club Super Edition, #6)",Bonnie Bryant,book_94a0e93f20c63d9f,"Horse Capades (Saddle Club, #64)",Bonnie Bryant
451,529,0.7417503,book_3add8af5fd91c7c5,"Horse Wise (Saddle Club, #11)",Bonnie Bryant,book_94a0e93f20c63d9f,"Horse Capades (Saddle Club, #64)",Bonnie Bryant
530,551,0.78347695,book_6ce0fdb9aa35427f,"Horse Race (Saddle Club, #70)",Bonnie Bryant,book_b110b70876dd6fe2,"Horse Trouble (Saddle Club, #23)",Bonnie Bryant
424,530,0.76659054,book_906095cf9503cebc,"Trail Mates (Saddle Club, #5)",Bonnie Bryant,book_6ce0fdb9aa35427f,"Horse Race (Saddle Club, #70)",Bonnie Bryant
507,530,0.75669,book_312dd58cd2f0791a,"Summer Horse (Saddle Club, #67)",Bonnie Bryant,book_6ce0fdb9aa35427f,"Horse Race (Saddle Club, #70)",Bonnie Bryant
454,530,0.7490635,book_bb11d9ac109bce9f,"Horse Power (Saddle Club, #4)",Bonnie Bryant,book_6ce0fdb9aa35427f,"Horse Race (Saddle Club, #70)",Bonnie Bryant
518,530,0.7479137,book_43d6274fcb406433,"Horse Wise (Saddle Club, #11)",Bonnie Bryant,book_6ce0fdb9aa35427f,"Horse Race (Saddle Club, #70)",Bonnie Bryant
453,530,0.7451804,book_64babb7484bf4745,"Horse Crazy (Saddle Club, #1)",Bonnie Bryant,book_6ce0fdb9aa35427f,"Horse Race (Saddle Club, #70)",Bonnie Bryant
530,535,0.73829293,book_6ce0fdb9aa35427f,"Horse Race (Saddle Club, #70)",Bonnie Bryant,book_c3ea4f8216f7f7a7,"Secret Horse (Saddle Club, #86)",Bonnie Bryant
456,530,0.7354026,book_cf27e0168a2d2dca,"Horse Sense (Saddle Club, #3)",Bonnie Bryant,book_6ce0fdb9aa35427f,"Horse Race (Saddle Club, #70)",Bonnie Bryant
432,530,0.73436767,book_191f7524aca5213e,"Racehorse (Saddle Club, #21)",Bonnie Bryant,book_6ce0fdb9aa35427f,"Horse Race (Saddle Club, #70)",Bonnie Bryant
478,530,0.7294812,book_b8b2bc244df4d1f3,"Riding Lesson (Saddle Club, #36)",Bonnie Bryant,book_6ce0fdb9aa35427f,"Horse Race (Saddle Club, #70)",Bonnie Bryant
446,530,0.7278389,book_186cc4cfbccd92a1,"Horse Games (Saddle Club, #16)",Bonnie Bryant,book_6ce0fdb9aa35427f,"Horse Race (Saddle Club, #70)",Bonnie Bryant
483,531,0.68906426,book_892d96197613fa8c,Stevie: The Inside Story (Saddle Club Inside Stories),Bonnie Bryant,book_a549783a8f29f288,Lisa: The Inside Story (Saddle Club Inside Stories),Bonnie Bryant
455,531,0.68679976,book_205afbb25799c360,"Horse Shy (Saddle Club, #2)",Bonnie Bryant,book_a549783a8f29f288,Lisa: The Inside Story (Saddle Club Inside Stories),Bonnie Bryant
525,531,0.6844897,book_00f7f811a105ee56,"Trail Ride (Saddle Club, #99)",Bonnie Bryant,book_a549783a8f29f288,Lisa: The Inside Story (Saddle Club Inside Stories),Bonnie Bryant
491,531,0.67928445,book_4539e07773c16c96,"Nightmare (Saddle Club Super Edition, #6)",Bonnie Bryant,book_a549783a8f29f288,Lisa: The Inside Story (Saddle Club Inside Stories),Bonnie Bryant
465,531,0.67473924,book_9c77c2dc89eba43d,"Broken Horse (Saddle Club, #61)",Bonnie Bryant,book_a549783a8f29f288,Lisa: The Inside Story (Saddle Club Inside Stories),Bonnie Bryant
528,531,0.669359,book_377fbb85b328e3f3,"Stray Horse (Saddle Club, #100)",Bonnie Bryant,book_a549783a8f29f288,Lisa: The Inside Story (Saddle Club Inside Stories),Bonnie Bryant
531,532,0.66318023,book_a549783a8f29f288,Lisa: The Inside Story (Saddle Club Inside Stories),Bonnie Bryant,book_b71fcb07c171ad3b,"Wild Horses (Saddle Club, #58)",Bonnie Bryant
453,531,0.65866953,book_64babb7484bf4745,"Horse Crazy (Saddle Club, #1)",Bonnie Bryant,book_a549783a8f29f288,Lisa: The Inside Story (Saddle Club Inside Stories),Bonnie Bryant
461,531,0.6583684,book_b83a1c85eaf7d151,"Riding Class (Saddle Club, #52)",Bonnie Bryant,book_a549783a8f29f288,Lisa: The Inside Story (Saddle Club Inside Stories),Bonnie Bryant
518,531,0.6573609,book_43d6274fcb406433,"Horse Wise (Saddle Club, #11)",Bonnie Bryant,book_a549783a8f29f288,Lisa: The Inside Story (Saddle Club Inside Stories),Bonnie Bryant
424,531,0.6564358,book_906095cf9503cebc,"Trail Mates (Saddle Club, #5)",Bonnie Bryant,book_a549783a8f29f288,Lisa: The Inside Story (Saddle Club Inside Stories),Bonnie Bryant
527,531,0.6518811,book_303967d60e61d062,"Horse-Sitters (Saddle Club, #53)",Bonnie Bryant,book_a549783a8f29f288,Lisa: The Inside Story (Saddle Club Inside Stories),Bonnie Bryant
469,531,0.6470062,book_17538432ef226920,"Photo Finish (Saddle Club, #43)",Bonnie Bryant,book_a549783a8f29f288,Lisa: The Inside Story (Saddle Club Inside Stories),Bonnie Bryant
518,532,0.76589924,book_43d6274fcb406433,"Horse Wise (Saddle Club, #11)",Bonnie Bryant,book_b71fcb07c171ad3b,"Wild Horses (Saddle Club, #58)",Bonnie Bryant
455,532,0.7598257,book_205afbb25799c360,"Horse Shy (Saddle Club, #2)",Bonnie Bryant,book_b71fcb07c171ad3b,"Wild Horses (Saddle Club, #58)",Bonnie Bryant
454,532,0.7572888,book_bb11d9ac109bce9f,"Horse Power (Saddle Club, #4)",Bonnie Bryant,book_b71fcb07c171ad3b,"Wild Horses (Saddle Club, #58)",Bonnie Bryant
532,556,0.75689024,book_b71fcb07c171ad3b,"Wild Horses (Saddle Club, #58)",Bonnie Bryant,book_4ddd5ef6448c9f45,"Ranch Hands (Saddle Club, #29)",Bonnie Bryant
473,532,0.7494976,book_e8a1b98c040067f4,"Horse Love (Saddle Club, #93)",Bonnie Bryant,book_b71fcb07c171ad3b,"Wild Horses (Saddle Club, #58)",Bonnie Bryant
491,532,0.74820435,book_4539e07773c16c96,"Nightmare (Saddle Club Super Edition, #6)",Bonnie Bryant,book_b71fcb07c171ad3b,"Wild Horses (Saddle Club, #58)",Bonnie Bryant
474,532,0.74734545,book_e4925f5d787d53b8,"Horseshoe (Saddle Club, #44)",Bonnie Bryant,book_b71fcb07c171ad3b,"Wild Horses (Saddle Club, #58)",Bonnie Bryant
528,532,0.7473372,book_377fbb85b328e3f3,"Stray Horse (Saddle Club, #100)",Bonnie Bryant,book_b71fcb07c171ad3b,"Wild Horses (Saddle Club, #58)",Bonnie Bryant
424,532,0.7470156,book_906095cf9503cebc,"Trail Mates (Saddle Club, #5)",Bonnie Bryant,book_b71fcb07c171ad3b,"Wild Horses (Saddle Club, #58)",Bonnie Bryant
513,532,0.7453922,book_5333e9aeda6e9cd4,"English Rider (Saddle Club, #80)",Bonnie Bryant,book_b71fcb07c171ad3b,"Wild Horses (Saddle Club, #58)",Bonnie Bryant
507,533,0.7604333,book_312dd58cd2f0791a,"Summer Horse (Saddle Club, #67)",Bonnie Bryant,book_961e7fa924c293b6,"Holiday Horse (Saddle Club, #72)",Bonnie Bryant
474,533,0.759495,book_e4925f5d787d53b8,"Horseshoe (Saddle Club, #44)",Bonnie Bryant,book_961e7fa924c293b6,"Holiday Horse (Saddle Club, #72)",Bonnie Bryant
533,553,0.75003767,book_961e7fa924c293b6,"Holiday Horse (Saddle Club, #72)",Bonnie Bryant,book_255adb0e23959454,"Autumn Trail (Saddle Club, #30)",Bonnie Bryant
518,533,0.74762577,book_43d6274fcb406433,"Horse Wise (Saddle Club, #11)",Bonnie Bryant,book_961e7fa924c293b6,"Holiday Horse (Saddle Club, #72)",Bonnie Bryant
533,551,0.7411071,book_961e7fa924c293b6,"Holiday Horse (Saddle Club, #72)",Bonnie Bryant,book_b110b70876dd6fe2,"Horse Trouble (Saddle Club, #23)",Bonnie Bryant
426,533,0.73971033,book_93f3c20a5f2a5396,"Riding Camp (Saddle Club, #10)",Bonnie Bryant,book_961e7fa924c293b6,"Holiday Horse (Saddle Club, #72)",Bonnie Bryant
491,533,0.7289895,book_4539e07773c16c96,"Nightmare (Saddle Club Super Edition, #6)",Bonnie Bryant,book_961e7fa924c293b6,"Holiday Horse (Saddle Club, #72)",Bonnie Bryant
465,533,0.7285048,book_9c77c2dc89eba43d,"Broken Horse (Saddle Club, #61)",Bonnie Bryant,book_961e7fa924c293b6,"Holiday Horse (Saddle Club, #72)",Bonnie Bryant
488,533,0.7238524,book_2b35bb206996fc74,"Horse Fever (Saddle Club, #85)",Bonnie Bryant,book_961e7fa924c293b6,"Holiday Horse (Saddle Club, #72)",Bonnie Bryant
478,533,0.7232467,book_b8b2bc244df4d1f3,"Riding Lesson (Saddle Club, #36)",Bonnie Bryant,book_961e7fa924c293b6,"Holiday Horse (Saddle Club, #72)",Bonnie Bryant
446,533,0.7165395,book_186cc4cfbccd92a1,"Horse Games (Saddle Club, #16)",Bonnie Bryant,book_961e7fa924c293b6,"Holiday Horse (Saddle Club, #72)",Bonnie Bryant
424,533,0.7116612,book_906095cf9503cebc,"Trail Mates (Saddle Club, #5)",Bonnie Bryant,book_961e7fa924c293b6,"Holiday Horse (Saddle Club, #72)",Bonnie Bryant
501,533,0.71139455,book_4493352eda3c1aab,"Stable Farewell (Saddle Club, #49)",Bonnie Bryant,book_961e7fa924c293b6,"Holiday Horse (Saddle Club, #72)",Bonnie Bryant
492,533,0.7101675,book_90ff5dc85b05d5da,"Hobbyhorse (Saddle Club, #60)",Bonnie Bryant,book_961e7fa924c293b6,"Holiday Horse (Saddle Club, #72)",Bonnie Bryant
449,533,0.70958114,book_40c77c1a95cbeb78,"Horsenapped! (Saddle Club, #17)",Bonnie Bryant,book_961e7fa924c293b6,"Holiday Horse (Saddle Club, #72)",Bonnie Bryant
466,534,0.7261071,book_8dbaddfd4ccb6dfe,THE SADDLE CLUB: HORSE WISE AND RODEO RIDER.,Bonnie. Bryant,book_2e7d8405d3006675,"Show Jumper (Saddle Club, #87)",Bonnie Bryant
496,534,0.7192596,book_f86a91da104d9ae7,"Gold Medal Horse (Saddle Club, #55)",Bonnie Bryant,book_2e7d8405d3006675,"Show Jumper (Saddle Club, #87)",Bonnie Bryant
534,535,0.7177633,book_2e7d8405d3006675,"Show Jumper (Saddle Club, #87)",Bonnie Bryant,book_c3ea4f8216f7f7a7,"Secret Horse (Saddle Club, #86)",Bonnie Bryant
454,534,0.7131807,book_bb11d9ac109bce9f,"Horse Power (Saddle Club, #4)",Bonnie Bryant,book_2e7d8405d3006675,"Show Jumper (Saddle Club, #87)",Bonnie Bryant
534,548,0.7026228,book_2e7d8405d3006675,"Show Jumper (Saddle Club, #87)",Bonnie Bryant,book_675a5a72df87930d,"Show Horse (Saddle Club, #25)",Bonnie Bryant
460,534,0.69080055,book_280eda4e914bd8b4,"Flying Horse (Saddle Club, #46)",Bonnie Bryant,book_2e7d8405d3006675,"Show Jumper (Saddle Club, #87)",Bonnie Bryant
527,534,0.6876206,book_303967d60e61d062,"Horse-Sitters (Saddle Club, #53)",Bonnie Bryant,book_2e7d8405d3006675,"Show Jumper (Saddle Club, #87)",Bonnie Bryant
478,534,0.6870926,book_b8b2bc244df4d1f3,"Riding Lesson (Saddle Club, #36)",Bonnie Bryant,book_2e7d8405d3006675,"Show Jumper (Saddle Club, #87)",Bonnie Bryant
461,534,0.678224,book_b83a1c85eaf7d151,"Riding Class (Saddle Club, #52)",Bonnie Bryant,book_2e7d8405d3006675,"Show Jumper (Saddle Club, #87)",Bonnie Bryant
534,552,0.6764846,book_2e7d8405d3006675,"Show Jumper (Saddle Club, #87)",Bonnie Bryant,book_675e7957520daa3b,"Stage Coach (Saddle Club, #37)",Bonnie Bryant
455,534,0.6760069,book_205afbb25799c360,"Horse Shy (Saddle Club, #2)",Bonnie Bryant,book_2e7d8405d3006675,"Show Jumper (Saddle Club, #87)",Bonnie Bryant
525,534,0.67482436,book_00f7f811a105ee56,"Trail Ride (Saddle Club, #99)",Bonnie Bryant,book_2e7d8405d3006675,"Show Jumper (Saddle Club, #87)",Bonnie Bryant
532,534,0.67450553,book_b71fcb07c171ad3b,"Wild Horses (Saddle Club, #58)",Bonnie Bryant,book_2e7d8405d3006675,"Show Jumper (Saddle Club, #87)",Bonnie Bryant
528,534,0.6716532,book_377fbb85b328e3f3,"Stray Horse (Saddle Club, #100)",Bonnie Bryant,book_2e7d8405d3006675,"Show Jumper (Saddle Club, #87)",Bonnie Bryant
535,541,0.7732658,book_c3ea4f8216f7f7a7,"Secret Horse (Saddle Club, #86)",Bonnie Bryant,book_cefabace4106b537,"Rocking Horse (Saddle Club, #77)",Bonnie Bryant
446,535,0.762367,book_186cc4cfbccd92a1,"Horse Games (Saddle Club, #16)",Bonnie Bryant,book_c3ea4f8216f7f7a7,"Secret Horse (Saddle Club, #86)",Bonnie Bryant
453,535,0.7496011,book_64babb7484bf4745,"Horse Crazy (Saddle Club, #1)",Bonnie Bryant,book_c3ea4f8216f7f7a7,"Secret Horse (Saddle Club, #86)",Bonnie Bryant
535,548,0.74893415,book_c3ea4f8216f7f7a7,"Secret Horse (Saddle Club, #86)",Bonnie Bryant,book_675a5a72df87930d,"Show Horse (Saddle Club, #25)",Bonnie Bryant
536,542,0.7447232,book_a1029bd48f05855a,"Horse Feathers (Saddle Club, #98)",Bonnie Bryant,book_060f9af46ec83488,"Horse Guest (Saddle Club, #73)",Bonnie Bryant
493,536,0.73622096,book_3d6950164ebe5205,"Horse Play (Saddle Club, #7)",Bonnie Bryant,book_a1029bd48f05855a,"Horse Feathers (Saddle Club, #98)",Bonnie Bryant
449,536,0.7287178,book_40c77c1a95cbeb78,"Horsenapped! (Saddle Club, #17)",Bonnie Bryant,book_a1029bd48f05855a,"Horse Feathers (Saddle Club, #98)",Bonnie Bryant
536,551,0.717999,book_a1029bd48f05855a,"Horse Feathers (Saddle Club, #98)",Bonnie Bryant,book_b110b70876dd6fe2,"Horse Trouble (Saddle Club, #23)",Bonnie Bryant
536,554,0.71716815,book_a1029bd48f05855a,"Horse Feathers (Saddle Club, #98)",Bonnie Bryant,book_3e6962f28655d385,"Horse Magic (Saddle Club, #47)",Bonnie Bryant
518,536,0.70784354,book_43d6274fcb406433,"Horse Wise (Saddle Club, #11)",Bonnie Bryant,book_a1029bd48f05855a,"Horse Feathers (Saddle Club, #98)",Bonnie Bryant
529,536,0.70457643,book_94a0e93f20c63d9f,"Horse Capades (Saddle Club, #64)",Bonnie Bryant,book_a1029bd48f05855a,"Horse Feathers (Saddle Club, #98)",Bonnie Bryant
473,536,0.69884133,book_e8a1b98c040067f4,"Horse Love (Saddle Club, #93)",Bonnie Bryant,book_a1029bd48f05855a,"Horse Feathers (Saddle Club, #98)",Bonnie Bryant
452,536,0.6981348,book_21728dd022425a84,"Horse Play (Saddle Club, #7)",Bonnie Bryant,book_a1029bd48f05855a,"Horse Feathers (Saddle Club, #98)",Bonnie Bryant
480,536,0.6967131,book_e100b4a22a1f9060,"Dream Horse (Saddle Club Super Edition, #4)",Bonnie Bryant,book_a1029bd48f05855a,"Horse Feathers (Saddle Club, #98)",Bonnie Bryant
536,539,0.69641566,book_a1029bd48f05855a,"Horse Feathers (Saddle Club, #98)",Bonnie Bryant,book_f4be2a64fdb39a36,"Horse Tale (Saddle Club, #35)",Bonnie Bryant
454,537,0.7793158,book_bb11d9ac109bce9f,"Horse Power (Saddle Club, #4)",Bonnie Bryant,book_ddd91a47fb5dd3bc,"Best Friends (Saddle Club, #101)",Bonnie Bryant
493,537,0.7607349,book_3d6950164ebe5205,"Horse Play (Saddle Club, #7)",Bonnie Bryant,book_ddd91a47fb5dd3bc,"Best Friends (Saddle Club, #101)",Bonnie Bryant
537,545,0.75564504,book_ddd91a47fb5dd3bc,"Best Friends (Saddle Club, #101)",Bonnie Bryant,book_9aa0175f8ef92aed,"The Long Ride (Pine Hollow, #1)",Bonnie Bryant
453,538,0.76265347,book_64babb7484bf4745,"Horse Crazy (Saddle Club, #1)",Bonnie Bryant,book_a78a422837c2f4e1,"Horseflies (Saddle Club, #78)",Bonnie Bryant
455,538,0.7556426,book_205afbb25799c360,"Horse Shy (Saddle Club, #2)",Bonnie Bryant,book_a78a422837c2f4e1,"Horseflies (Saddle Club, #78)",Bonnie Bryant
491,538,0.75049055,book_4539e07773c16c96,"Nightmare (Saddle Club Super Edition, #6)",Bonnie Bryant,book_a78a422837c2f4e1,"Horseflies (Saddle Club, #78)",Bonnie Bryant
518,538,0.740096,book_43d6274fcb406433,"Horse Wise (Saddle Club, #11)",Bonnie Bryant,book_a78a422837c2f4e1,"Horseflies (Saddle Club, #78)",Bonnie Bryant
485,538,0.7361983,book_7f8b0cc76746b685,"Lucky Horse (Saddle Club, #89)",Bonnie Bryant,book_a78a422837c2f4e1,"Horseflies (Saddle Club, #78)",Bonnie Bryant
532,538,0.7343854,book_b71fcb07c171ad3b,"Wild Horses (Saddle Club, #58)",Bonnie Bryant,book_a78a422837c2f4e1,"Horseflies (Saddle Club, #78)",Bonnie Bryant
507,538,0.73275536,book_312dd58cd2f0791a,"Summer Horse (Saddle Club, #67)",Bonnie Bryant,book_a78a422837c2f4e1,"Horseflies (Saddle Club, #78)",Bonnie Bryant
432,538,0.7326865,book_191f7524aca5213e,"Racehorse (Saddle Club, #21)",Bonnie Bryant,book_a78a422837c2f4e1,"Horseflies (Saddle Club, #78)",Bonnie Bryant
454,538,0.732255,book_bb11d9ac109bce9f,"Horse Power (Saddle Club, #4)",Bonnie Bryant,book_a78a422837c2f4e1,"Horseflies (Saddle Club, #78)",Bonnie Bryant
473,538,0.72140723,book_e8a1b98c040067f4,"Horse Love (Saddle Club, #93)",Bonnie Bryant,book_a78a422837c2f4e1,"Horseflies (Saddle Club, #78)",Bonnie Bryant
438,538,0.71824604,book_310beec8f6618d70,"Silver Stirrups (Saddle Club, #65)",Bonnie Bryant,book_a78a422837c2f4e1,"Horseflies (Saddle Club, #78)",Bonnie Bryant
424,538,0.7165517,book_906095cf9503cebc,"Trail Mates (Saddle Club, #5)",Bonnie Bryant,book_a78a422837c2f4e1,"Horseflies (Saddle Club, #78)",Bonnie Bryant
451,538,0.71562123,book_3add8af5fd91c7c5,"Horse Wise (Saddle Club, #11)",Bonnie Bryant,book_a78a422837c2f4e1,"Horseflies (Saddle Club, #78)",Bonnie Bryant
525,538,0.71237445,book_00f7f811a105ee56,"Trail Ride (Saddle Club, #99)",Bonnie Bryant,book_a78a422837c2f4e1,"Horseflies (Saddle Club, #78)",Bonnie Bryant
539,556,0.7921617,book_f4be2a64fdb39a36,"Horse Tale (Saddle Club, #35)",Bonnie Bryant,book_4ddd5ef6448c9f45,"Ranch Hands (Saddle Club, #29)",Bonnie Bryant
455,539,0.7905588,book_205afbb25799c360,"Horse Shy (Saddle Club, #2)",Bonnie Bryant,book_f4be2a64fdb39a36,"Horse Tale (Saddle Club, #35)",Bonnie Bryant
518,539,0.7659442,book_43d6274fcb406433,"Horse Wise (Saddle Club, #11)",Bonnie Bryant,book_f4be2a64fdb39a36,"Horse Tale (Saddle Club, #35)",Bonnie Bryant
539,542,0.7623724,book_f4be2a64fdb39a36,"Horse Tale (Saddle Club, #35)",Bonnie Bryant,book_060f9af46ec83488,"Horse Guest (Saddle Club, #73)",Bonnie Bryant
455,540,0.7782918,book_205afbb25799c360,"Horse Shy (Saddle Club, #2)",Bonnie Bryant,book_0610aaec503a12a6,"Horse Whispers (Saddle Club, #74)",Bonnie Bryant
518,540,0.7681898,book_43d6274fcb406433,"Horse Wise (Saddle Club, #11)",Bonnie Bryant,book_0610aaec503a12a6,"Horse Whispers (Saddle Club, #74)",Bonnie Bryant
454,540,0.7676682,book_bb11d9ac109bce9f,"Horse Power (Saddle Club, #4)",Bonnie Bryant,book_0610aaec503a12a6,"Horse Whispers (Saddle Club, #74)",Bonnie Bryant
507,540,0.76275223,book_312dd58cd2f0791a,"Summer Horse (Saddle Club, #67)",Bonnie Bryant,book_0610aaec503a12a6,"Horse Whispers (Saddle Club, #74)",Bonnie Bryant
539,540,0.7560221,book_f4be2a64fdb39a36,"Horse Tale (Saddle Club, #35)",Bonnie Bryant,book_0610aaec503a12a6,"Horse Whispers (Saddle Club, #74)",Bonnie Bryant
491,540,0.7523875,book_4539e07773c16c96,"Nightmare (Saddle Club Super Edition, #6)",Bonnie Bryant,book_0610aaec503a12a6,"Horse Whispers (Saddle Club, #74)",Bonnie Bryant
456,540,0.75119543,book_cf27e0168a2d2dca,"Horse Sense (Saddle Club, #3)",Bonnie Bryant,book_0610aaec503a12a6,"Horse Whispers (Saddle Club, #74)",Bonnie Bryant
424,540,0.7500886,book_906095cf9503cebc,"Trail Mates (Saddle Club, #5)",Bonnie Bryant,book_0610aaec503a12a6,"Horse Whispers (Saddle Club, #74)",Bonnie Bryant
446,540,0.744823,book_186cc4cfbccd92a1,"Horse Games (Saddle Club, #16)",Bonnie Bryant,book_0610aaec503a12a6,"Horse Whispers (Saddle Club, #74)",Bonnie Bryant
528,540,0.7433441,book_377fbb85b328e3f3,"Stray Horse (Saddle Club, #100)",Bonnie Bryant,book_0610aaec503a12a6,"Horse Whispers (Saddle Club, #74)",Bonnie Bryant
424,541,0.764348,book_906095cf9503cebc,"Trail Mates (Saddle Club, #5)",Bonnie Bryant,book_cefabace4106b537,"Rocking Horse (Saddle Club, #77)",Bonnie Bryant
541,554,0.76034427,book_cefabace4106b537,"Rocking Horse (Saddle Club, #77)",Bonnie Bryant,book_3e6962f28655d385,"Horse Magic (Saddle Club, #47)",Bonnie Bryant
493,541,0.75472385,book_3d6950164ebe5205,"Horse Play (Saddle Club, #7)",Bonnie Bryant,book_cefabace4106b537,"Rocking Horse (Saddle Club, #77)",Bonnie Bryant
453,541,0.75351655,book_64babb7484bf4745,"Horse Crazy (Saddle Club, #1)",Bonnie Bryant,book_cefabace4106b537,"Rocking Horse (Saddle Club, #77)",Bonnie Bryant
541,550,0.75145364,book_cefabace4106b537,"Rocking Horse (Saddle Club, #77)",Bonnie Bryant,book_5230a4f36947b214,"Hayride (Saddle Club, #31)",Bonnie Bryant
449,541,0.7496656,book_40c77c1a95cbeb78,"Horsenapped! (Saddle Club, #17)",Bonnie Bryant,book_cefabace4106b537,"Rocking Horse (Saddle Club, #77)",Bonnie Bryant
456,541,0.74955976,book_cf27e0168a2d2dca,"Horse Sense (Saddle Club, #3)",Bonnie Bryant,book_cefabace4106b537,"Rocking Horse (Saddle Club, #77)",Bonnie Bryant
455,542,0.79317445,book_205afbb25799c360,"Horse Shy (Saddle Club, #2)",Bonnie Bryant,book_060f9af46ec83488,"Horse Guest (Saddle Club, #73)",Bonnie Bryant
542,551,0.7898387,book_060f9af46ec83488,"Horse Guest (Saddle Club, #73)",Bonnie Bryant,book_b110b70876dd6fe2,"Horse Trouble (Saddle Club, #23)",Bonnie Bryant
518,542,0.78219366,book_43d6274fcb406433,"Horse Wise (Saddle Club, #11)",Bonnie Bryant,book_060f9af46ec83488,"Horse Guest (Saddle Club, #73)",Bonnie Bryant
456,542,0.7653185,book_cf27e0168a2d2dca,"Horse Sense (Saddle Club, #3)",Bonnie Bryant,book_060f9af46ec83488,"Horse Guest (Saddle Club, #73)",Bonnie Bryant
542,554,0.75545263,book_060f9af46ec83488,"Horse Guest (Saddle Club, #73)",Bonnie Bryant,book_3e6962f28655d385,"Horse Magic (Saddle Club, #47)",Bonnie Bryant
439,542,0.7522378,book_15c6e45ab5de2f3c,"High Horse (Saddle Club, #33)",Bonnie Bryant,book_060f9af46ec83488,"Horse Guest (Saddle Club, #73)",Bonnie Bryant
491,542,0.74876565,book_4539e07773c16c96,"Nightmare (Saddle Club Super Edition, #6)",Bonnie Bryant,book_060f9af46ec83488,"Horse Guest (Saddle Club, #73)",Bonnie Bryant
424,543,0.77938545,book_906095cf9503cebc,"Trail Mates (Saddle Club, #5)",Bonnie Bryant,book_4307ce4cbf3d1a4e,"Pack Trip (Saddle Club, #18)",Bonnie Bryant
491,543,0.7468964,book_4539e07773c16c96,"Nightmare (Saddle Club Super Edition, #6)",Bonnie Bryant,book_4307ce4cbf3d1a4e,"Pack Trip (Saddle Club, #18)",Bonnie Bryant
446,543,0.7412579,book_186cc4cfbccd92a1,"Horse Games (Saddle Club, #16)",Bonnie Bryant,book_4307ce4cbf3d1a4e,"Pack Trip (Saddle Club, #18)",Bonnie Bryant
449,543,0.73561156,book_40c77c1a95cbeb78,"Horsenapped! (Saddle Club, #17)",Bonnie Bryant,book_4307ce4cbf3d1a4e,"Pack Trip (Saddle Club, #18)",Bonnie Bryant
427,543,0.7321055,book_d28c6680f8202cfe,"Dude Ranch (Saddle Club, #6)",Bonnie Bryant,book_4307ce4cbf3d1a4e,"Pack Trip (Saddle Club, #18)",Bonnie Bryant
528,543,0.73108065,book_377fbb85b328e3f3,"Stray Horse (Saddle Club, #100)",Bonnie Bryant,book_4307ce4cbf3d1a4e,"Pack Trip (Saddle Club, #18)",Bonnie Bryant
473,543,0.72865987,book_e8a1b98c040067f4,"Horse Love (Saddle Club, #93)",Bonnie Bryant,book_4307ce4cbf3d1a4e,"Pack Trip (Saddle Club, #18)",Bonnie Bryant
543,556,0.72510123,book_4307ce4cbf3d1a4e,"Pack Trip (Saddle Club, #18)",Bonnie Bryant,book_4ddd5ef6448c9f45,"Ranch Hands (Saddle Club, #29)",Bonnie Bryant
453,543,0.72302437,book_64babb7484bf4745,"Horse Crazy (Saddle Club, #1)",Bonnie Bryant,book_4307ce4cbf3d1a4e,"Pack Trip (Saddle Club, #18)",Bonnie Bryant
537,543,0.7193469,book_ddd91a47fb5dd3bc,"Best Friends (Saddle Club, #101)",Bonnie Bryant,book_4307ce4cbf3d1a4e,"Pack Trip (Saddle Club, #18)",Bonnie Bryant
539,544,0.7424065,book_f4be2a64fdb39a36,"Horse Tale (Saddle Club, #35)",Bonnie Bryant,book_5e411cc82155c36f,"Chocolate Horse (Saddle Club, #32)",Bonnie Bryant
542,544,0.71932274,book_060f9af46ec83488,"Horse Guest (Saddle Club, #73)",Bonnie Bryant,book_5e411cc82155c36f,"Chocolate Horse (Saddle Club, #32)",Bonnie Bryant
465,544,0.70868516,book_9c77c2dc89eba43d,"Broken Horse (Saddle Club, #61)",Bonnie Bryant,book_5e411cc82155c36f,"Chocolate Horse (Saddle Club, #32)",Bonnie Bryant
496,544,0.70831186,book_f86a91da104d9ae7,"Gold Medal Horse (Saddle Club, #55)",Bonnie Bryant,book_5e411cc82155c36f,"Chocolate Horse (Saddle Club, #32)",Bonnie Bryant
439,544,0.70019186,book_15c6e45ab5de2f3c,"High Horse (Saddle Club, #33)",Bonnie Bryant,book_5e411cc82155c36f,"Chocolate Horse (Saddle Club, #32)",Bonnie Bryant
447,544,0.6997821,book_d05bbb7f67825452,"A Summer Without Horses (Saddle Club Super Edition, #1)",Bonnie Bryant,book_5e411cc82155c36f,"Chocolate Horse (Saddle Club, #32)",Bonnie Bryant
485,544,0.6994755,book_7f8b0cc76746b685,"Lucky Horse (Saddle Club, #89)",Bonnie Bryant,book_5e411cc82155c36f,"Chocolate Horse (Saddle Club, #32)",Bonnie Bryant
487,544,0.6982179,book_008279540fb4fa3b,"Horse Blues (Saddle Club, #62)",Bonnie Bryant,book_5e411cc82155c36f,"Chocolate Horse (Saddle Club, #32)",Bonnie Bryant
455,544,0.6951741,book_205afbb25799c360,"Horse Shy (Saddle Club, #2)",Bonnie Bryant,book_5e411cc82155c36f,"Chocolate Horse (Saddle Club, #32)",Bonnie Bryant
464,544,0.6883219,book_e8c961e5486ac042,"Pleasure Horse (Saddle Club, #51)",Bonnie Bryant,book_5e411cc82155c36f,"Chocolate Horse (Saddle Club, #32)",Bonnie Bryant
527,544,0.6872759,book_303967d60e61d062,"Horse-Sitters (Saddle Club, #53)",Bonnie Bryant,book_5e411cc82155c36f,"Chocolate Horse (Saddle Club, #32)",Bonnie Bryant
544,549,0.6838653,book_5e411cc82155c36f,"Chocolate Horse (Saddle Club, #32)",Bonnie Bryant,book_b65cee284ae90334,"Hay Fever (Saddle Club, #34)",Bonnie Bryant
480,544,0.6820053,book_e100b4a22a1f9060,"Dream Horse (Saddle Club Super Edition, #4)",Bonnie Bryant,book_5e411cc82155c36f,"Chocolate Horse (Saddle Club, #32)",Bonnie Bryant
473,544,0.68090963,book_e8a1b98c040067f4,"Horse Love (Saddle Club, #93)",Bonnie Bryant,book_5e411cc82155c36f,"Chocolate Horse (Saddle Club, #32)",Bonnie Bryant
424,545,0.7721721,book_906095cf9503cebc,"Trail Mates (Saddle Club, #5)",Bonnie Bryant,book_9aa0175f8ef92aed,"The Long Ride (Pine Hollow, #1)",Bonnie Bryant
456,545,0.7592091,book_cf27e0168a2d2dca,"Horse Sense (Saddle Club, #3)",Bonnie Bryant,book_9aa0175f8ef92aed,"The Long Ride (Pine Hollow, #1)",Bonnie Bryant
507,545,0.75755215,book_312dd58cd2f0791a,"Summer Horse (Saddle Club, #67)",Bonnie Bryant,book_9aa0175f8ef92aed,"The Long Ride (Pine Hollow, #1)",Bonnie Bryant
546,556,0.7839959,book_5faa12506898a1f1,"Saddle Sore (Saddle Club, #66)",Bonnie Bryant,book_4ddd5ef6448c9f45,"Ranch Hands (Saddle Club, #29)",Bonnie Bryant
424,546,0.7704277,book_906095cf9503cebc,"Trail Mates (Saddle Club, #5)",Bonnie Bryant,book_5faa12506898a1f1,"Saddle Sore (Saddle Club, #66)",Bonnie Bryant
453,546,0.768847,book_64babb7484bf4745,"Horse Crazy (Saddle Club, #1)",Bonnie Bryant,book_5faa12506898a1f1,"Saddle Sore (Saddle Club, #66)",Bonnie Bryant
546,551,0.7586285,book_5faa12506898a1f1,"Saddle Sore (Saddle Club, #66)",Bonnie Bryant,book_b110b70876dd6fe2,"Horse Trouble (Saddle Club, #23)",Bonnie Bryant
456,546,0.74865663,book_cf27e0168a2d2dca,"Horse Sense (Saddle Club, #3)",Bonnie Bryant,book_5faa12506898a1f1,"Saddle Sore (Saddle Club, #66)",Bonnie Bryant
473,546,0.7453975,book_e8a1b98c040067f4,"Horse Love (Saddle Club, #93)",Bonnie Bryant,book_5faa12506898a1f1,"Saddle Sore (Saddle Club, #66)",Bonnie Bryant
465,546,0.74174005,book_9c77c2dc89eba43d,"Broken Horse (Saddle Club, #61)",Bonnie Bryant,book_5faa12506898a1f1,"Saddle Sore (Saddle Club, #66)",Bonnie Bryant
537,546,0.7396342,book_ddd91a47fb5dd3bc,"Best Friends (Saddle Club, #101)",Bonnie Bryant,book_5faa12506898a1f1,"Saddle Sore (Saddle Club, #66)",Bonnie Bryant
455,546,0.73538196,book_205afbb25799c360,"Horse Shy (Saddle Club, #2)",Bonnie Bryant,book_5faa12506898a1f1,"Saddle Sore (Saddle Club, #66)",Bonnie Bryant
427,546,0.734476,book_d28c6680f8202cfe,"Dude Ranch (Saddle Club, #6)",Bonnie Bryant,book_5faa12506898a1f1,"Saddle Sore (Saddle Club, #66)",Bonnie Bryant
454,546,0.7339832,book_bb11d9ac109bce9f,"Horse Power (Saddle Club, #4)",Bonnie Bryant,book_5faa12506898a1f1,"Saddle Sore (Saddle Club, #66)",Bonnie Bryant
474,546,0.7336542,book_e4925f5d787d53b8,"Horseshoe (Saddle Club, #44)",Bonnie Bryant,book_5faa12506898a1f1,"Saddle Sore (Saddle Club, #66)",Bonnie Bryant
547,554,0.74724585,book_f9381c5ea11f30cb,"Fox Hunt (Saddle Club, #22)",Bonnie Bryant,book_3e6962f28655d385,"Horse Magic (Saddle Club, #47)",Bonnie Bryant
493,547,0.72446793,book_3d6950164ebe5205,"Horse Play (Saddle Club, #7)",Bonnie Bryant,book_f9381c5ea11f30cb,"Fox Hunt (Saddle Club, #22)",Bonnie Bryant
456,547,0.71211946,book_cf27e0168a2d2dca,"Horse Sense (Saddle Club, #3)",Bonnie Bryant,book_f9381c5ea11f30cb,"Fox Hunt (Saddle Club, #22)",Bonnie Bryant
424,547,0.7106675,book_906095cf9503cebc,"Trail Mates (Saddle Club, #5)",Bonnie Bryant,book_f9381c5ea11f30cb,"Fox Hunt (Saddle Club, #22)",Bonnie Bryant
449,547,0.7098489,book_40c77c1a95cbeb78,"Horsenapped! (Saddle Club, #17)",Bonnie Bryant,book_f9381c5ea11f30cb,"Fox Hunt (Saddle Club, #22)",Bonnie Bryant
435,547,0.7089927,book_c63be2406dd8629d,"Team Play (Saddle Club, #15)",Bonnie Bryant,book_f9381c5ea11f30cb,"Fox Hunt (Saddle Club, #22)",Bonnie Bryant
446,547,0.7074242,book_186cc4cfbccd92a1,"Horse Games (Saddle Club, #16)",Bonnie Bryant,book_f9381c5ea11f30cb,"Fox Hunt (Saddle Club, #22)",Bonnie Bryant
494,547,0.7068508,book_cfe8c2565b6d8d62,"Quarter Horse (Saddle Club, #82)",Bonnie Bryant,book_f9381c5ea11f30cb,"Fox Hunt (Saddle Club, #22)",Bonnie Bryant
547,551,0.70325196,book_f9381c5ea11f30cb,"Fox Hunt (Saddle Club, #22)",Bonnie Bryant,book_b110b70876dd6fe2,"Horse Trouble (Saddle Club, #23)",Bonnie Bryant
542,547,0.7031595,book_060f9af46ec83488,"Horse Guest (Saddle Club, #73)",Bonnie Bryant,book_f9381c5ea11f30cb,"Fox Hunt (Saddle Club, #22)",Bonnie Bryant
529,547,0.7025553,book_94a0e93f20c63d9f,"Horse Capades (Saddle Club, #64)",Bonnie Bryant,book_f9381c5ea11f30cb,"Fox Hunt (Saddle Club, #22)",Bonnie Bryant
470,547,0.7009107,book_63b2cff0ab177dce,"Horse Talk (Saddle Club, #71)",Bonnie Bryant,book_f9381c5ea11f30cb,"Fox Hunt (Saddle Club, #22)",Bonnie Bryant
452,547,0.7005204,book_21728dd022425a84,"Horse Play (Saddle Club, #7)",Bonnie Bryant,book_f9381c5ea11f30cb,"Fox Hunt (Saddle Club, #22)",Bonnie Bryant
439,547,0.6950743,book_15c6e45ab5de2f3c,"High Horse (Saddle Club, #33)",Bonnie Bryant,book_f9381c5ea11f30cb,"Fox Hunt (Saddle Club, #22)",Bonnie Bryant
455,547,0.6938591,book_205afbb25799c360,"Horse Shy (Saddle Club, #2)",Bonnie Bryant,book_f9381c5ea11f30cb,"Fox Hunt (Saddle Club, #22)",Bonnie Bryant
454,548,0.7781892,book_bb11d9ac109bce9f,"Horse Power (Saddle Club, #4)",Bonnie Bryant,book_675a5a72df87930d,"Show Horse (Saddle Club, #25)",Bonnie Bryant
424,548,0.7537879,book_906095cf9503cebc,"Trail Mates (Saddle Club, #5)",Bonnie Bryant,book_675a5a72df87930d,"Show Horse (Saddle Club, #25)",Bonnie Bryant
456,548,0.7482265,book_cf27e0168a2d2dca,"Horse Sense (Saddle Club, #3)",Bonnie Bryant,book_675a5a72df87930d,"Show Horse (Saddle Club, #25)",Bonnie Bryant
485,548,0.73548543,book_7f8b0cc76746b685,"Lucky Horse (Saddle Club, #89)",Bonnie Bryant,book_675a5a72df87930d,"Show Horse (Saddle Club, #25)",Bonnie Bryant
427,548,0.73464274,book_d28c6680f8202cfe,"Dude Ranch (Saddle Club, #6)",Bonnie Bryant,book_675a5a72df87930d,"Show Horse (Saddle Club, #25)",Bonnie Bryant
527,548,0.73130804,book_303967d60e61d062,"Horse-Sitters (Saddle Club, #53)",Bonnie Bryant,book_675a5a72df87930d,"Show Horse (Saddle Club, #25)",Bonnie Bryant
539,548,0.72277546,book_f4be2a64fdb39a36,"Horse Tale (Saddle Club, #35)",Bonnie Bryant,book_675a5a72df87930d,"Show Horse (Saddle Club, #25)",Bonnie Bryant
548,552,0.7217659,book_675a5a72df87930d,"Show Horse (Saddle Club, #25)",Bonnie Bryant,book_675e7957520daa3b,"Stage Coach (Saddle Club, #37)",Bonnie Bryant
466,548,0.719856,book_8dbaddfd4ccb6dfe,THE SADDLE CLUB: HORSE WISE AND RODEO RIDER.,Bonnie. Bryant,book_675a5a72df87930d,"Show Horse (Saddle Club, #25)",Bonnie Bryant
518,549,0.76048476,book_43d6274fcb406433,"Horse Wise (Saddle Club, #11)",Bonnie Bryant,book_b65cee284ae90334,"Hay Fever (Saddle Club, #34)",Bonnie Bryant
549,550,0.74190426,book_b65cee284ae90334,"Hay Fever (Saddle Club, #34)",Bonnie Bryant,book_5230a4f36947b214,"Hayride (Saddle Club, #31)",Bonnie Bryant
493,549,0.7352499,book_3d6950164ebe5205,"Horse Play (Saddle Club, #7)",Bonnie Bryant,book_b65cee284ae90334,"Hay Fever (Saddle Club, #34)",Bonnie Bryant
507,549,0.73451877,book_312dd58cd2f0791a,"Summer Horse (Saddle Club, #67)",Bonnie Bryant,book_b65cee284ae90334,"Hay Fever (Saddle Club, #34)",Bonnie Bryant
451,549,0.73390317,book_3add8af5fd91c7c5,"Horse Wise (Saddle Club, #11)",Bonnie Bryant,book_b65cee284ae90334,"Hay Fever (Saddle Club, #34)",Bonnie Bryant
453,549,0.73200756,book_64babb7484bf4745,"Horse Crazy (Saddle Club, #1)",Bonnie Bryant,book_b65cee284ae90334,"Hay Fever (Saddle Club, #34)",Bonnie Bryant
455,549,0.73157907,book_205afbb25799c360,"Horse Shy (Saddle Club, #2)",Bonnie Bryant,book_b65cee284ae90334,"Hay Fever (Saddle Club, #34)",Bonnie Bryant
539,549,0.72177476,book_f4be2a64fdb39a36,"Horse Tale (Saddle Club, #35)",Bonnie Bryant,book_b65cee284ae90334,"Hay Fever (Saddle Club, #34)",Bonnie Bryant
439,549,0.71739817,book_15c6e45ab5de2f3c,"High Horse (Saddle Club, #33)",Bonnie Bryant,book_b65cee284ae90334,"Hay Fever (Saddle Club, #34)",Bonnie Bryant
452,549,0.715719,book_21728dd022425a84,"Horse Play (Saddle Club, #7)",Bonnie Bryant,book_b65cee284ae90334,"Hay Fever (Saddle Club, #34)",Bonnie Bryant
549,554,0.7108341,book_b65cee284ae90334,"Hay Fever (Saddle Club, #34)",Bonnie Bryant,book_3e6962f28655d385,"Horse Magic (Saddle Club, #47)",Bonnie Bryant
473,549,0.7088027,book_e8a1b98c040067f4,"Horse Love (Saddle Club, #93)",Bonnie Bryant,book_b65cee284ae90334,"Hay Fever (Saddle Club, #34)",Bonnie Bryant
447,549,0.7083845,book_d05bbb7f67825452,"A Summer Without Horses (Saddle Club Super Edition, #1)",Bonnie Bryant,book_b65cee284ae90334,"Hay Fever (Saddle Club, #34)",Bonnie Bryant
456,549,0.70718825,book_cf27e0168a2d2dca,"Horse Sense (Saddle Club, #3)",Bonnie Bryant,book_b65cee284ae90334,"Hay Fever (Saddle Club, #34)",Bonnie Bryant
518,550,0.7200651,book_43d6274fcb406433,"Horse Wise (Saddle Club, #11)",Bonnie Bryant,book_5230a4f36947b214,"Hayride (Saddle Club, #31)",Bonnie Bryant
451,550,0.7159915,book_3add8af5fd91c7c5,"Horse Wise (Saddle Club, #11)",Bonnie Bryant,book_5230a4f36947b214,"Hayride (Saddle Club, #31)",Bonnie Bryant
550,553,0.71420336,book_5230a4f36947b214,"Hayride (Saddle Club, #31)",Bonnie Bryant,book_255adb0e23959454,"Autumn Trail (Saddle Club, #30)",Bonnie Bryant
486,550,0.70221853,book_a87b074f820b2c41,"English Horse (Saddle Club, #79)",Bonnie Bryant,book_5230a4f36947b214,"Hayride (Saddle Club, #31)",Bonnie Bryant
447,550,0.69548744,book_d05bbb7f67825452,"A Summer Without Horses (Saddle Club Super Edition, #1)",Bonnie Bryant,book_5230a4f36947b214,"Hayride (Saddle Club, #31)",Bonnie Bryant
474,550,0.6894164,book_e4925f5d787d53b8,"Horseshoe (Saddle Club, #44)",Bonnie Bryant,book_5230a4f36947b214,"Hayride (Saddle Club, #31)",Bonnie Bryant
533,550,0.6821623,book_961e7fa924c293b6,"Holiday Horse (Saddle Club, #72)",Bonnie Bryant,book_5230a4f36947b214,"Hayride (Saddle Club, #31)",Bonnie Bryant
513,550,0.6819541,book_5333e9aeda6e9cd4,"English Rider (Saddle Club, #80)",Bonnie Bryant,book_5230a4f36947b214,"Hayride (Saddle Club, #31)",Bonnie Bryant
535,550,0.6793554,book_c3ea4f8216f7f7a7,"Secret Horse (Saddle Club, #86)",Bonnie Bryant,book_5230a4f36947b214,"Hayride (Saddle Club, #31)",Bonnie Bryant
453,550,0.6792606,book_64babb7484bf4745,"Horse Crazy (Saddle Club, #1)",Bonnie Bryant,book_5230a4f36947b214,"Hayride (Saddle Club, #31)",Bonnie Bryant
455,550,0.6781097,book_205afbb25799c360,"Horse Shy (Saddle Club, #2)",Bonnie Bryant,book_5230a4f36947b214,"Hayride (Saddle Club, #31)",Bonnie Bryant
521,550,0.671137,book_b9674101bdabdef1,"Starting Gate (Saddle Club, #91)",Bonnie Bryant,book_5230a4f36947b214,"Hayride (Saddle Club, #31)",Bonnie Bryant
551,554,0.79260266,book_b110b70876dd6fe2,"Horse Trouble (Saddle Club, #23)",Bonnie Bryant,book_3e6962f28655d385,"Horse Magic (Saddle Club, #47)",Bonnie Bryant
424,551,0.7790065,book_906095cf9503cebc,"Trail Mates (Saddle Club, #5)",Bonnie Bryant,book_b110b70876dd6fe2,"Horse Trouble (Saddle Club, #23)",Bonnie Bryant
456,552,0.7398282,book_cf27e0168a2d2dca,"Horse Sense (Saddle Club, #3)",Bonnie Bryant,book_675e7957520daa3b,"Stage Coach (Saddle Club, #37)",Bonnie Bryant
551,552,0.7290604,book_b110b70876dd6fe2,"Horse Trouble (Saddle Club, #23)",Bonnie Bryant,book_675e7957520daa3b,"Stage Coach (Saddle Club, #37)",Bonnie Bryant
527,552,0.7260181,book_303967d60e61d062,"Horse-Sitters (Saddle Club, #53)",Bonnie Bryant,book_675e7957520daa3b,"Stage Coach (Saddle Club, #37)",Bonnie Bryant
453,552,0.72565705,book_64babb7484bf4745,"Horse Crazy (Saddle Club, #1)",Bonnie Bryant,book_675e7957520daa3b,"Stage Coach (Saddle Club, #37)",Bonnie Bryant
518,552,0.7246676,book_43d6274fcb406433,"Horse Wise (Saddle Club, #11)",Bonnie Bryant,book_675e7957520daa3b,"Stage Coach (Saddle Club, #37)",Bonnie Bryant
454,552,0.7198915,book_bb11d9ac109bce9f,"Horse Power (Saddle Club, #4)",Bonnie Bryant,book_675e7957520daa3b,"Stage Coach (Saddle Club, #37)",Bonnie Bryant
451,552,0.71839195,book_3add8af5fd91c7c5,"Horse Wise (Saddle Club, #11)",Bonnie Bryant,book_675e7957520daa3b,"Stage Coach (Saddle Club, #37)",Bonnie Bryant
423,552,0.7183145,book_97f66ba297419ef8,"Horse Show (Saddle Club, #8)",Bonnie Bryant,book_675e7957520daa3b,"Stage Coach (Saddle Club, #37)",Bonnie Bryant
552,554,0.71245927,book_675e7957520daa3b,"Stage Coach (Saddle Club, #37)",Bonnie Bryant,book_3e6962f28655d385,"Horse Magic (Saddle Club, #47)",Bonnie Bryant
424,552,0.7103181,book_906095cf9503cebc,"Trail Mates (Saddle Club, #5)",Bonnie Bryant,book_675e7957520daa3b,"Stage Coach (Saddle Club, #37)",Bonnie Bryant
528,552,0.70916724,book_377fbb85b328e3f3,"Stray Horse (Saddle Club, #100)",Bonnie Bryant,book_675e7957520daa3b,"Stage Coach (Saddle Club, #37)",Bonnie Bryant
432,552,0.7047334,book_191f7524aca5213e,"Racehorse (Saddle Club, #21)",Bonnie Bryant,book_675e7957520daa3b,"Stage Coach (Saddle Club, #37)",Bonnie Bryant
493,552,0.7044467,book_3d6950164ebe5205,"Horse Play (Saddle Club, #7)",Bonnie Bryant,book_675e7957520daa3b,"Stage Coach (Saddle Club, #37)",Bonnie Bryant
532,552,0.7035849,book_b71fcb07c171ad3b,"Wild Horses (Saddle Club, #58)",Bonnie Bryant,book_675e7957520daa3b,"Stage Coach (Saddle Club, #37)",Bonnie Bryant
439,553,0.7631349,book_15c6e45ab5de2f3c,"High Horse (Saddle Club, #33)",Bonnie Bryant,book_255adb0e23959454,"Autumn Trail (Saddle Club, #30)",Bonnie Bryant
518,553,0.76193774,book_43d6274fcb406433,"Horse Wise (Saddle Club, #11)",Bonnie Bryant,book_255adb0e23959454,"Autumn Trail (Saddle Club, #30)",Bonnie Bryant
507,553,0.7512425,book_312dd58cd2f0791a,"Summer Horse (Saddle Club, #67)",Bonnie Bryant,book_255adb0e23959454,"Autumn Trail (Saddle Club, #30)",Bonnie Bryant
455,553,0.7471013,book_205afbb25799c360,"Horse Shy (Saddle Club, #2)",Bonnie Bryant,book_255adb0e23959454,"Autumn Trail (Saddle Club, #30)",Bonnie Bryant
426,553,0.74045545,book_93f3c20a5f2a5396,"Riding Camp (Saddle Club, #10)",Bonnie Bryant,book_255adb0e23959454,"Autumn Trail (Saddle Club, #30)",Bonnie Bryant
424,553,0.73331445,book_906095cf9503cebc,"Trail Mates (Saddle Club, #5)",Bonnie Bryant,book_255adb0e23959454,"Autumn Trail (Saddle Club, #30)",Bonnie Bryant
474,553,0.7324395,book_e4925f5d787d53b8,"Horseshoe (Saddle Club, #44)",Bonnie Bryant,book_255adb0e23959454,"Autumn Trail (Saddle Club, #30)",Bonnie Bryant
553,554,0.73109275,book_255adb0e23959454,"Autumn Trail (Saddle Club, #30)",Bonnie Bryant,book_3e6962f28655d385,"Horse Magic (Saddle Club, #47)",Bonnie Bryant
451,553,0.73101634,book_3add8af5fd91c7c5,"Horse Wise (Saddle Club, #11)",Bonnie Bryant,book_255adb0e23959454,"Autumn Trail (Saddle Club, #30)",Bonnie Bryant
541,553,0.7306553,book_cefabace4106b537,"Rocking Horse (Saddle Club, #77)",Bonnie Bryant,book_255adb0e23959454,"Autumn Trail (Saddle Club, #30)",Bonnie Bryant
537,553,0.72814053,book_ddd91a47fb5dd3bc,"Best Friends (Saddle Club, #101)",Bonnie Bryant,book_255adb0e23959454,"Autumn Trail (Saddle Club, #30)",Bonnie Bryant
539,553,0.72579193,book_f4be2a64fdb39a36,"Horse Tale (Saddle Club, #35)",Bonnie Bryant,book_255adb0e23959454,"Autumn Trail (Saddle Club, #30)",Bonnie Bryant
518,554,0.7835383,book_43d6274fcb406433,"Horse Wise (Saddle Club, #11)",Bonnie Bryant,book_3e6962f28655d385,"Horse Magic (Saddle Club, #47)",Bonnie Bryant
451,554,0.7586427,book_3add8af5fd91c7c5,"Horse Wise (Saddle Club, #11)",Bonnie Bryant,book_3e6962f28655d385,"Horse Magic (Saddle Club, #47)",Bonnie Bryant
466,555,0.7353958,book_8dbaddfd4ccb6dfe,THE SADDLE CLUB: HORSE WISE AND RODEO RIDER.,Bonnie. Bryant,book_8fce320cce316590,"The Secret of the Stallion (Saddle Club Super Edition, #2)",Bonnie Bryant
465,555,0.7163494,book_9c77c2dc89eba43d,"Broken Horse (Saddle Club, #61)",Bonnie Bryant,book_8fce320cce316590,"The Secret of the Stallion (Saddle Club Super Edition, #2)",Bonnie Bryant
539,555,0.71143925,book_f4be2a64fdb39a36,"Horse Tale (Saddle Club, #35)",Bonnie Bryant,book_8fce320cce316590,"The Secret of the Stallion (Saddle Club Super Edition, #2)",Bonnie Bryant
478,555,0.7094243,book_b8b2bc244df4d1f3,"Riding Lesson (Saddle Club, #36)",Bonnie Bryant,book_8fce320cce316590,"The Secret of the Stallion (Saddle Club Super Edition, #2)",Bonnie Bryant
455,555,0.7068778,book_205afbb25799c360,"Horse Shy (Saddle Club, #2)",Bonnie Bryant,book_8fce320cce316590,"The Secret of the Stallion (Saddle Club Super Edition, #2)",Bonnie Bryant
460,555,0.7067689,book_280eda4e914bd8b4,"Flying Horse (Saddle Club, #46)",Bonnie Bryant,book_8fce320cce316590,"The Secret of the Stallion (Saddle Club Super Edition, #2)",Bonnie Bryant
434,555,0.70051014,book_9bb86703883fa386,"Bridle Path (Saddle Club, #27)",Bonnie Bryant,book_8fce320cce316590,"The Secret of the Stallion (Saddle Club Super Edition, #2)",Bonnie Bryant
467,555,0.6896608,book_2796bba9f97c1893,"Horse Trade (Saddle Club, #38)",Bonnie Bryant,book_8fce320cce316590,"The Secret of the Stallion (Saddle Club Super Edition, #2)",Bonnie Bryant
439,555,0.68894637,book_15c6e45ab5de2f3c,"High Horse (Saddle Club, #33)",Bonnie Bryant,book_8fce320cce316590,"The Secret of the Stallion (Saddle Club Super Edition, #2)",Bonnie Bryant
518,555,0.6888033,book_43d6274fcb406433,"Horse Wise (Saddle Club, #11)",Bonnie Bryant,book_8fce320cce316590,"The Secret of the Stallion (Saddle Club Super Edition, #2)",Bonnie Bryant
527,555,0.68295646,book_303967d60e61d062,"Horse-Sitters (Saddle Club, #53)",Bonnie Bryant,book_8fce320cce316590,"The Secret of the Stallion (Saddle Club Super Edition, #2)",Bonnie Bryant
542,555,0.670144,book_060f9af46ec83488,"Horse Guest (Saddle Club, #73)",Bonnie Bryant,book_8fce320cce316590,"The Secret of the Stallion (Saddle Club Super Edition, #2)",Bonnie Bryant
515,555,0.6688246,book_9c9f52e237e7c4e7,"Yankee Swap (Saddle Club, #50)",Bonnie Bryant,book_8fce320cce316590,"The Secret of the Stallion (Saddle Club Super Edition, #2)",Bonnie Bryant
486,555,0.6684482,book_a87b074f820b2c41,"English Horse (Saddle Club, #79)",Bonnie Bryant,book_8fce320cce316590,"The Secret of the Stallion (Saddle Club Super Edition, #2)",Bonnie Bryant
456,556,0.76154304,book_cf27e0168a2d2dca,"Horse Sense (Saddle Club, #3)",Bonnie Bryant,book_4ddd5ef6448c9f45,"Ranch Hands (Saddle Club, #29)",Bonnie Bryant
439,556,0.7603983,book_15c6e45ab5de2f3c,"High Horse (Saddle Club, #33)",Bonnie Bryant,book_4ddd5ef6448c9f45,"Ranch Hands (Saddle Club, #29)",Bonnie Bryant
454,556,0.757496,book_bb11d9ac109bce9f,"Horse Power (Saddle Club, #4)",Bonnie Bryant,book_4ddd5ef6448c9f45,"Ranch Hands (Saddle Club, #29)",Bonnie Bryant
557,675,0.624178,book_5840835c5989e0e7,Discovery in Great Sand Dunes National Park (National Park Mystery #2),Aaron Johnson,book_5fbd1110ed4a7bc9,Yosemite Fall (National Park Mystery #4),Scott Graham
557,697,0.6056477,book_5840835c5989e0e7,Discovery in Great Sand Dunes National Park (National Park Mystery #2),Aaron Johnson,book_67cfd1323c2cd59f,"Mountain Rampage (National Park Mystery, #2)",Scott Graham
563,1447,0.6513586,book_b68a2bb3f7902b6f,How to Find Love in the Cereal Aisle,Alissa DeRogatis,book_243a86dfb4114095,Would Like to Meet,Rachel Winters
563,2666,0.64818406,book_b68a2bb3f7902b6f,How to Find Love in the Cereal Aisle,Alissa DeRogatis,book_8669ce2550c837b7,A Twisted Love Story,Samantha Downing
563,1159,0.6402818,book_b68a2bb3f7902b6f,How to Find Love in the Cereal Aisle,Alissa DeRogatis,book_0c41c1beb241b5b7,Kiss Her Once for Me,Alison Cochrun
563,1354,0.62210214,book_b68a2bb3f7902b6f,How to Find Love in the Cereal Aisle,Alissa DeRogatis,book_4ae21c63e114e762,"Good Catch (Harper Landing, #2)",Jennifer Bardsley
563,2474,0.6212281,book_b68a2bb3f7902b6f,How to Find Love in the Cereal Aisle,Alissa DeRogatis,book_e870a76bb2dc8a2b,"The One that (Almost) Got Away (Palm Harbor, #1)",Kimberley O'Malley
563,1770,0.620263,book_b68a2bb3f7902b6f,How to Find Love in the Cereal Aisle,Alissa DeRogatis,book_b9357ffbdcc17939,"A Not So Meet Cute (Cane Brothers, #1)",Meghan Quinn
563,1800,0.6196041,book_b68a2bb3f7902b6f,How to Find Love in the Cereal Aisle,Alissa DeRogatis,book_4f8c0d246fec07ca,When Forever Falls Apart (Cinnamon Springs #2),Kat T. Masen
563,3264,0.61743534,book_b68a2bb3f7902b6f,How to Find Love in the Cereal Aisle,Alissa DeRogatis,book_8949d69210aae96a,"Falling for Her Fiance (Accidentally in Love, #1)",Cindi Madsen
563,2273,0.6158414,book_b68a2bb3f7902b6f,How to Find Love in the Cereal Aisle,Alissa DeRogatis,book_bd0a6d6f205ad80a,"The Cherry Crush Flower Shop (Maple Falls, #3)",Harper Graham
563,2971,0.6147777,book_b68a2bb3f7902b6f,How to Find Love in the Cereal Aisle,Alissa DeRogatis,book_be14474819652384,"Love & Luck (Love & Gelato, #2)",Jenna Evans Welch
563,1266,0.61083245,book_b68a2bb3f7902b6f,How to Find Love in the Cereal Aisle,Alissa DeRogatis,book_173aa4e0e1b20e55,If You Ask Me,Libby Hubscher
563,1028,0.6103593,book_b68a2bb3f7902b6f,How to Find Love in the Cereal Aisle,Alissa DeRogatis,book_27607d7cb68ccfaf,A Five-Letter Word for Love,Amy James
563,1622,0.60567385,book_b68a2bb3f7902b6f,How to Find Love in the Cereal Aisle,Alissa DeRogatis,book_431be797b1627c46,Between the Lines,Haley Cass
563,1114,0.60496545,book_b68a2bb3f7902b6f,How to Find Love in the Cereal Aisle,Alissa DeRogatis,book_bb9fbda1409c8408,Love Buzz,Neely Tubati Alexander
563,958,0.6017146,book_b68a2bb3f7902b6f,How to Find Love in the Cereal Aisle,Alissa DeRogatis,book_ede617ea96d1a8d3,Exes and O's (The Influencer #2),Amy Lea
564,3089,0.64068997,book_2f342c8bb9cd8d5d,Little Lies,Helena Hunting,book_a7f2d89fa8898377,Unspeakable Things,Jess Lourey
564,2027,0.6225081,book_2f342c8bb9cd8d5d,Little Lies,Helena Hunting,book_d86edb469e401db9,The Unforeseen,Claire Ackroyd
564,1016,0.6191739,book_2f342c8bb9cd8d5d,Little Lies,Helena Hunting,book_9c924abd9fe443f0,"Pucked Up (Pucked, #2)",Helena Hunting
564,1146,0.6178883,book_2f342c8bb9cd8d5d,Little Lies,Helena Hunting,book_42801930f431de0b,"More Than Possess You (Reed Family Reckoning, #6.75)",Shayla Black
564,850,0.6015667,book_2f342c8bb9cd8d5d,Little Lies,Helena Hunting,book_e2f9916ecc3798a3,Rules for Second Chances,Maggie North
567,886,0.6161754,book_4b264f99ba6c129b,"Catch Her If You Can (Big Shots, #5)",Tessa Bailey,book_e18f690eb05b0872,"Pitcher Perfect (Big Shots, #4)",Tessa Bailey
567,2553,0.613528,book_4b264f99ba6c129b,"Catch Her If You Can (Big Shots, #5)",Tessa Bailey,book_80ebc8f563abe2d1,"The Rule Book (The Cheat Sheet, #2)",Sarah Adams
571,756,0.8385426,book_f314b1bf8461d2dc,"The Assassin and the Underworld (Throne of Glass, #0.4)",Sarah J. Maas,book_ccb2aa051f965487,"The Assassin and the Desert (Throne of Glass, #0.3)",Sarah J. Maas
571,757,0.8184129,book_f314b1bf8461d2dc,"The Assassin and the Underworld (Throne of Glass, #0.4)",Sarah J. Maas,book_7349d468da49ca6b,"The Assassin and the Healer (Throne of Glass, #0.2)",Sarah J. Maas
571,758,0.8161315,book_f314b1bf8461d2dc,"The Assassin and the Underworld (Throne of Glass, #0.4)",Sarah J. Maas,book_1f07468dc519ab84,"The Assassin and the Pirate Lord (Throne of Glass, #0.1)",Sarah J. Maas
572,1360,0.65405357,book_a80ad5ed4abb1e3a,Fundamentals of Being a Good Girl,Julie Murphy,book_cc1c1b5662fbf31f,"Good Girl Complex (Avalon Bay, #1)",Elle Kennedy
572,1643,0.6474509,book_a80ad5ed4abb1e3a,Fundamentals of Being a Good Girl,Julie Murphy,book_3cf8a011486b59f1,Good Girls Die Bored,Elizabeth Little
572,2517,0.6207645,book_a80ad5ed4abb1e3a,Fundamentals of Being a Good Girl,Julie Murphy,book_63f5e4f23ec1f90d,A Good Happy Girl,Marissa Higgins
572,2615,0.61187464,book_a80ad5ed4abb1e3a,Fundamentals of Being a Good Girl,Julie Murphy,book_d91c48a638bc1b8c,Bright Young Women,Jessica Knoll
572,1776,0.60996974,book_a80ad5ed4abb1e3a,Fundamentals of Being a Good Girl,Julie Murphy,book_7eee1559126b33f6,Good Company,Kate Christensen
572,2682,0.60116863,book_a80ad5ed4abb1e3a,Fundamentals of Being a Good Girl,Julie Murphy,book_586a3c22aeccfb63,"Good Girl, Bad Girl (Cyrus Haven, #1)",Michael Robotham
576,1386,0.66658944,book_2ed1f015451f3f1b,"Love's a Witch (The Scottish Charms, #1)",Tricia O'Malley,book_b144ead279905f20,"A Letter to Three Witches (A Cupcake Coven Romance, #1)",Elizabeth Bass
576,1267,0.64447916,book_2ed1f015451f3f1b,"Love's a Witch (The Scottish Charms, #1)",Tricia O'Malley,book_61a051e96123a8c3,"Not the Witch You Wed (Supernatural Singles, #1)",April Asher
576,859,0.6212603,book_2ed1f015451f3f1b,"Love's a Witch (The Scottish Charms, #1)",Tricia O'Malley,book_b909fbf9a244f5d8,First Witches Club,Maisey Yates
576,1009,0.61112785,book_2ed1f015451f3f1b,"Love's a Witch (The Scottish Charms, #1)",Tricia O'Malley,book_bf4375f7b888ebb7,Best Hex Ever,Nadia El-Fassi
576,795,0.60931444,book_2ed1f015451f3f1b,"Love's a Witch (The Scottish Charms, #1)",Tricia O'Malley,book_8eff28a2598841e0,"A Witch's Guide to Fake Dating a Demon (Glimmer Falls, #1)",Sarah Hawley
576,805,0.6076473,book_2ed1f015451f3f1b,"Love's a Witch (The Scottish Charms, #1)",Tricia O'Malley,book_5a5bdc4966271f87,"The Ex Hex (The Ex Hex, #1)",Erin Sterling
576,630,0.6076473,book_2ed1f015451f3f1b,"Love's a Witch (The Scottish Charms, #1)",Tricia O'Malley,book_1a17476ef9783c07,"The Ex Hex (The Ex Hex, #1)",Erin Sterling
576,577,0.6061718,book_2ed1f015451f3f1b,"Love's a Witch (The Scottish Charms, #1)",Tricia O'Malley,book_a9acd1fad156e354,"Power to Charm: Cozy Stories about a Witch, a Cottage, and Unexpected Friends",Carly Stevens
576,872,0.6057193,book_2ed1f015451f3f1b,"Love's a Witch (The Scottish Charms, #1)",Tricia O'Malley,book_85893a56e077ab04,The Book Witch,Meg Shaffer
577,859,0.6121264,book_a9acd1fad156e354,"Power to Charm: Cozy Stories about a Witch, a Cottage, and Unexpected Friends",Carly Stevens,book_b909fbf9a244f5d8,First Witches Club,Maisey Yates
578,2442,0.61975026,book_a1b22147aafb09f5,Secret Nights and Northern Lights,Megan Oliver,book_17316f07d9745b5d,Light Dark,Aleatha Romig
578,745,0.60794544,book_a1b22147aafb09f5,Secret Nights and Northern Lights,Megan Oliver,book_d9200e750552c969,Meet Me Under the Northern Lights,Emily Kerr
580,587,0.68661636,book_e892defa4d4f76a2,"The Baby Dragon Cafe (The Baby Dragon, #1)",Aamna Qureshi,book_bb1dcdc0d4ac14ba,"The Baby Dragon Bakery (The Baby Dragon, #2)",Aamna Qureshi
582,2206,0.6337353,book_334568c637c182e5,People Watching,Hannah Bonam-Young,book_525c844973e55d4e,A Neighbor's Guide to Murder,Louise Candlish
584,920,0.60554105,book_03273fe3bd9a1c0c,"The Ornithologist's Field Guide to Love (Love's Academic, #1)",India Holton,book_afd400dfce4e3e28,Birding with Benefits,Sarah T. Dubb
585,1945,0.7877598,book_d6fa9840e8718ba9,"The Irresistible Urge to Fall for Your Enemy (Dearly Beloathed, #1)",Brigitte Knightley,book_ae0ae277e31f9a7d,The Exquisite Torment of Loving Your Enemy (Dearly Beloathed),Brigitte Knightley
591,1864,0.6194678,book_e69ea3449294aa8f,"Heated Rivalry (Game Changers, #2)",Rachel Reid,book_276f80d1a72dbdb7,"Just Playing for Keeps (Hockey Ever After, #2)",Lauren Blakely
591,2701,0.6145139,book_e69ea3449294aa8f,"Heated Rivalry (Game Changers, #2)",Rachel Reid,book_63d665daca3cb17e,"Icebreaker (Maple Hills, #1)",Hannah Grace
591,2235,0.6032834,book_e69ea3449294aa8f,"Heated Rivalry (Game Changers, #2)",Rachel Reid,book_554580dd150007cf,"The Hockey Situation (Billionaire Situation, #6)",Lyra Parish
595,1105,0.65402293,book_a70586a76e64efd6,Only Lovers in the Building,Nadine Gonzalez,book_e90a920296f179d4,Summer Reading,Jenn McKinlay
595,1938,0.6344094,book_a70586a76e64efd6,Only Lovers in the Building,Nadine Gonzalez,book_c41f800ee93f2a40,Burnout Summer,Jenna Ramirez
595,1528,0.6254679,book_a70586a76e64efd6,Only Lovers in the Building,Nadine Gonzalez,book_062916d5c9f62ec3,Beach Read,Emily Henry
595,816,0.6200323,book_a70586a76e64efd6,Only Lovers in the Building,Nadine Gonzalez,book_bfa4944a5ad0ad3f,Summer Days and Summer Nights: Twelve Love Stories,Stephanie Perkins
595,1859,0.60180193,book_a70586a76e64efd6,Only Lovers in the Building,Nadine Gonzalez,book_524626107835f021,Have a Great Summer,Francesca Cocchi
595,999,0.60046464,book_a70586a76e64efd6,Only Lovers in the Building,Nadine Gonzalez,book_f2105ddc5a25586e,Summer in the City,Alex Aster
601,640,0.86455303,book_3dfcb144d6eb58dd,"Lore Olympus: Volume Seven (Lore Olympus, #7)",Rachel Smythe,book_3e99da4f55b54487,"Lore Olympus: Volume Two (Lore Olympus, #2)",Rachel Smythe
601,639,0.8472316,book_3dfcb144d6eb58dd,"Lore Olympus: Volume Seven (Lore Olympus, #7)",Rachel Smythe,book_608f61f97ccbd03f,"Lore Olympus: Volume One (Lore Olympus, #1)",Rachel Smythe
601,614,0.8082215,book_3dfcb144d6eb58dd,"Lore Olympus: Volume Seven (Lore Olympus, #7)",Rachel Smythe,book_8f709f59347d4b61,"Lore Olympus: Volume Five (Lore Olympus, #5)",Rachel Smythe
601,624,0.7858473,book_3dfcb144d6eb58dd,"Lore Olympus: Volume Seven (Lore Olympus, #7)",Rachel Smythe,book_25bc6899a7f004dc,"Lore Olympus: Volume Four (Lore Olympus, #4)",Rachel Smythe
601,605,0.7825289,book_3dfcb144d6eb58dd,"Lore Olympus: Volume Seven (Lore Olympus, #7)",Rachel Smythe,book_776254f2452f2b34,"Lore Olympus: Volume Six (Lore Olympus, #6)",Rachel Smythe
601,627,0.7755405,book_3dfcb144d6eb58dd,"Lore Olympus: Volume Seven (Lore Olympus, #7)",Rachel Smythe,book_ac8f7fec642d6e3f,"Lore Olympus: Volume Three (Lore Olympus, #3)",Rachel Smythe
601,964,0.67735606,book_3dfcb144d6eb58dd,"Lore Olympus: Volume Seven (Lore Olympus, #7)",Rachel Smythe,book_7e6133b08aad1d5d,"Neon Gods (Dark Olympus, #1)",Katee Robert
601,2740,0.64149463,book_3dfcb144d6eb58dd,"Lore Olympus: Volume Seven (Lore Olympus, #7)",Rachel Smythe,book_85a81e97e52f8c5b,Pandora's Jar: Women in the Greek Myths,Natalie Haynes
601,1247,0.62693644,book_3dfcb144d6eb58dd,"Lore Olympus: Volume Seven (Lore Olympus, #7)",Rachel Smythe,book_ff08df7b422e7774,"A Game of Retribution (Hades Saga, #2)",Scarlett St. Clair
605,614,0.91698253,book_776254f2452f2b34,"Lore Olympus: Volume Six (Lore Olympus, #6)",Rachel Smythe,book_8f709f59347d4b61,"Lore Olympus: Volume Five (Lore Olympus, #5)",Rachel Smythe
605,627,0.892513,book_776254f2452f2b34,"Lore Olympus: Volume Six (Lore Olympus, #6)",Rachel Smythe,book_ac8f7fec642d6e3f,"Lore Olympus: Volume Three (Lore Olympus, #3)",Rachel Smythe
605,624,0.88672364,book_776254f2452f2b34,"Lore Olympus: Volume Six (Lore Olympus, #6)",Rachel Smythe,book_25bc6899a7f004dc,"Lore Olympus: Volume Four (Lore Olympus, #4)",Rachel Smythe
605,639,0.8777749,book_776254f2452f2b34,"Lore Olympus: Volume Six (Lore Olympus, #6)",Rachel Smythe,book_608f61f97ccbd03f,"Lore Olympus: Volume One (Lore Olympus, #1)",Rachel Smythe
605,640,0.8540182,book_776254f2452f2b34,"Lore Olympus: Volume Six (Lore Olympus, #6)",Rachel Smythe,book_3e99da4f55b54487,"Lore Olympus: Volume Two (Lore Olympus, #2)",Rachel Smythe
605,964,0.8028922,book_776254f2452f2b34,"Lore Olympus: Volume Six (Lore Olympus, #6)",Rachel Smythe,book_7e6133b08aad1d5d,"Neon Gods (Dark Olympus, #1)",Katee Robert
605,1247,0.71988547,book_776254f2452f2b34,"Lore Olympus: Volume Six (Lore Olympus, #6)",Rachel Smythe,book_ff08df7b422e7774,"A Game of Retribution (Hades Saga, #2)",Scarlett St. Clair
605,1319,0.7083665,book_776254f2452f2b34,"Lore Olympus: Volume Six (Lore Olympus, #6)",Rachel Smythe,book_b2f30d357bd91ac8,Hot as Hades,Alisha Rai
605,2740,0.6814064,book_776254f2452f2b34,"Lore Olympus: Volume Six (Lore Olympus, #6)",Rachel Smythe,book_85a81e97e52f8c5b,Pandora's Jar: Women in the Greek Myths,Natalie Haynes
605,3298,0.66936034,book_776254f2452f2b34,"Lore Olympus: Volume Six (Lore Olympus, #6)",Rachel Smythe,book_89fcb89b164a3f25,Demons of the Sun,Cindi Madsen
605,1856,0.6080153,book_776254f2452f2b34,"Lore Olympus: Volume Six (Lore Olympus, #6)",Rachel Smythe,book_5b970d30f3b1baf9,"The Throne of Broken Gods (Gods & Monsters, #2)",Amber V. Nicole
605,1437,0.6021825,book_776254f2452f2b34,"Lore Olympus: Volume Six (Lore Olympus, #6)",Rachel Smythe,book_83c121f91d89ddd6,"A Touch of Greek (Out of Olympus, #1)",Tina Folsom
607,653,0.9059795,book_ad41d35ae6869fdc,Call Us What We Carry: Poems,Amanda Gorman,book_1fe6d672f090ee76,Call Us What We Carry,Amanda Gorman
608,792,0.95578444,book_9cf7d5dfd8b2f45b,The Comfort of Crows: A Backyard Year,Margaret Renkl,book_51def82bcde74f69,The Comfort of Crows: A Backyard Year,Margaret Renkl
608,1640,0.6122183,book_9cf7d5dfd8b2f45b,The Comfort of Crows: A Backyard Year,Margaret Renkl,book_72321c203b960457,The Forest Year: Finding Hope in a World Worth Saving,Ethan Tapper
609,2754,0.61444414,book_7fc468cc8dd184f3,The Keeper of Stars,Buck Turner,book_ef56323542aa4d79,Beyond the Mapped Stars,Rosalyn Eves
612,2269,0.6091373,book_2a806d95e0260b9c,Cleat Cute,Meryl Wilsner,book_27e3c2df4e175557,Reality Bites,Amy Mass
614,627,0.9005883,book_8f709f59347d4b61,"Lore Olympus: Volume Five (Lore Olympus, #5)",Rachel Smythe,book_ac8f7fec642d6e3f,"Lore Olympus: Volume Three (Lore Olympus, #3)",Rachel Smythe
614,639,0.87424904,book_8f709f59347d4b61,"Lore Olympus: Volume Five (Lore Olympus, #5)",Rachel Smythe,book_608f61f97ccbd03f,"Lore Olympus: Volume One (Lore Olympus, #1)",Rachel Smythe
614,624,0.8732418,book_8f709f59347d4b61,"Lore Olympus: Volume Five (Lore Olympus, #5)",Rachel Smythe,book_25bc6899a7f004dc,"Lore Olympus: Volume Four (Lore Olympus, #4)",Rachel Smythe
614,640,0.84931135,book_8f709f59347d4b61,"Lore Olympus: Volume Five (Lore Olympus, #5)",Rachel Smythe,book_3e99da4f55b54487,"Lore Olympus: Volume Two (Lore Olympus, #2)",Rachel Smythe
614,964,0.80412525,book_8f709f59347d4b61,"Lore Olympus: Volume Five (Lore Olympus, #5)",Rachel Smythe,book_7e6133b08aad1d5d,"Neon Gods (Dark Olympus, #1)",Katee Robert
614,1319,0.72201014,book_8f709f59347d4b61,"Lore Olympus: Volume Five (Lore Olympus, #5)",Rachel Smythe,book_b2f30d357bd91ac8,Hot as Hades,Alisha Rai
614,1247,0.72020376,book_8f709f59347d4b61,"Lore Olympus: Volume Five (Lore Olympus, #5)",Rachel Smythe,book_ff08df7b422e7774,"A Game of Retribution (Hades Saga, #2)",Scarlett St. Clair
614,3298,0.6710206,book_8f709f59347d4b61,"Lore Olympus: Volume Five (Lore Olympus, #5)",Rachel Smythe,book_89fcb89b164a3f25,Demons of the Sun,Cindi Madsen
614,2740,0.65646476,book_8f709f59347d4b61,"Lore Olympus: Volume Five (Lore Olympus, #5)",Rachel Smythe,book_85a81e97e52f8c5b,Pandora's Jar: Women in the Greek Myths,Natalie Haynes
614,1856,0.6121057,book_8f709f59347d4b61,"Lore Olympus: Volume Five (Lore Olympus, #5)",Rachel Smythe,book_5b970d30f3b1baf9,"The Throne of Broken Gods (Gods & Monsters, #2)",Amber V. Nicole
617,1799,0.6065383,book_04ab0e4ac5ecce81,Same Time Next Summer,Annabel Monaghan,book_66ede69908a40283,Summer People,Sally Blakely
619,731,0.62331814,book_16c796ea78276e4e,A Love Catastrophe,Helena Hunting,book_e68c65a07cfb15b9,Paws for Connection (Pages and Paws Book 1),Jeanine Lauren
620,1259,0.95392686,book_8a87ee264853e604,"Love & Other Disasters (Nashville Love, #1)",Anita Kelly,book_c6f9b19d5024a03e,"Love & Other Disasters (Nashville Love, #1)",Anita Kelly
620,1959,0.62184095,book_8a87ee264853e604,"Love & Other Disasters (Nashville Love, #1)",Anita Kelly,book_e4d54f81ddbc1546,Just For Tonight (Rinkside Romance #1),Sage Wells
621,652,0.61806834,book_0eaf1d7084fe2bfa,"Off the Map (Beck Sisters, #3)",Trish Doller,book_55f80974a62002ad,"Float Plan (Beck Sisters, #1)",Trish Doller
624,627,0.90885603,book_25bc6899a7f004dc,"Lore Olympus: Volume Four (Lore Olympus, #4)",Rachel Smythe,book_ac8f7fec642d6e3f,"Lore Olympus: Volume Three (Lore Olympus, #3)",Rachel Smythe
624,639,0.85742027,book_25bc6899a7f004dc,"Lore Olympus: Volume Four (Lore Olympus, #4)",Rachel Smythe,book_608f61f97ccbd03f,"Lore Olympus: Volume One (Lore Olympus, #1)",Rachel Smythe
624,640,0.8571455,book_25bc6899a7f004dc,"Lore Olympus: Volume Four (Lore Olympus, #4)",Rachel Smythe,book_3e99da4f55b54487,"Lore Olympus: Volume Two (Lore Olympus, #2)",Rachel Smythe
624,964,0.82467496,book_25bc6899a7f004dc,"Lore Olympus: Volume Four (Lore Olympus, #4)",Rachel Smythe,book_7e6133b08aad1d5d,"Neon Gods (Dark Olympus, #1)",Katee Robert
624,1319,0.7327485,book_25bc6899a7f004dc,"Lore Olympus: Volume Four (Lore Olympus, #4)",Rachel Smythe,book_b2f30d357bd91ac8,Hot as Hades,Alisha Rai
624,1247,0.72978836,book_25bc6899a7f004dc,"Lore Olympus: Volume Four (Lore Olympus, #4)",Rachel Smythe,book_ff08df7b422e7774,"A Game of Retribution (Hades Saga, #2)",Scarlett St. Clair
624,3298,0.66909325,book_25bc6899a7f004dc,"Lore Olympus: Volume Four (Lore Olympus, #4)",Rachel Smythe,book_89fcb89b164a3f25,Demons of the Sun,Cindi Madsen
624,2740,0.6478714,book_25bc6899a7f004dc,"Lore Olympus: Volume Four (Lore Olympus, #4)",Rachel Smythe,book_85a81e97e52f8c5b,Pandora's Jar: Women in the Greek Myths,Natalie Haynes
624,1437,0.60442734,book_25bc6899a7f004dc,"Lore Olympus: Volume Four (Lore Olympus, #4)",Rachel Smythe,book_83c121f91d89ddd6,"A Touch of Greek (Out of Olympus, #1)",Tina Folsom
626,2573,0.673295,book_7972f2b30cec2ac0,A Flicker in the Dark,Stacy Willingham,book_be2b6ff3d285f6fb,"What Lies in Darkness (Jess Lambert, #2)",Christina McDonald
626,2442,0.6582695,book_7972f2b30cec2ac0,A Flicker in the Dark,Stacy Willingham,book_17316f07d9745b5d,Light Dark,Aleatha Romig
626,2052,0.63868165,book_7972f2b30cec2ac0,A Flicker in the Dark,Stacy Willingham,book_7496475d16b288b0,Deep Dark Truth,Debra Webb
626,1653,0.6192534,book_7972f2b30cec2ac0,A Flicker in the Dark,Stacy Willingham,book_3e2f88f6b84d723e,Don't Look for Me,Wendy Walker
626,3104,0.6158565,book_7972f2b30cec2ac0,A Flicker in the Dark,Stacy Willingham,book_a0d90a61b51d17c4,The Girl Who Lived,Christopher Greyson
626,2927,0.61151516,book_7972f2b30cec2ac0,A Flicker in the Dark,Stacy Willingham,book_f5efeebf3ef34eeb,"A Familiar Sight (Dr. Gretchen White, #1)",Brianna Labuskes
626,2726,0.6083474,book_7972f2b30cec2ac0,A Flicker in the Dark,Stacy Willingham,book_2535a957e3291d41,The Night of Many Endings,Melissa Payne
626,1899,0.6074355,book_7972f2b30cec2ac0,A Flicker in the Dark,Stacy Willingham,book_8909c2513af52fce,Decomposition Book,Sara van Os
626,2390,0.6049595,book_7972f2b30cec2ac0,A Flicker in the Dark,Stacy Willingham,book_66b9f29cd0553800,The Girls Who Disappeared,Claire Douglas
626,1754,0.6045919,book_7972f2b30cec2ac0,A Flicker in the Dark,Stacy Willingham,book_b5b2ef1a5f91d82f,Hidden Strangers (Dangerous Strangers Thrillers #3),Minka Kent
627,639,0.8682343,book_ac8f7fec642d6e3f,"Lore Olympus: Volume Three (Lore Olympus, #3)",Rachel Smythe,book_608f61f97ccbd03f,"Lore Olympus: Volume One (Lore Olympus, #1)",Rachel Smythe
627,640,0.83919877,book_ac8f7fec642d6e3f,"Lore Olympus: Volume Three (Lore Olympus, #3)",Rachel Smythe,book_3e99da4f55b54487,"Lore Olympus: Volume Two (Lore Olympus, #2)",Rachel Smythe
627,964,0.8355264,book_ac8f7fec642d6e3f,"Lore Olympus: Volume Three (Lore Olympus, #3)",Rachel Smythe,book_7e6133b08aad1d5d,"Neon Gods (Dark Olympus, #1)",Katee Robert
627,1247,0.7645447,book_ac8f7fec642d6e3f,"Lore Olympus: Volume Three (Lore Olympus, #3)",Rachel Smythe,book_ff08df7b422e7774,"A Game of Retribution (Hades Saga, #2)",Scarlett St. Clair
627,1319,0.7580986,book_ac8f7fec642d6e3f,"Lore Olympus: Volume Three (Lore Olympus, #3)",Rachel Smythe,book_b2f30d357bd91ac8,Hot as Hades,Alisha Rai
627,3298,0.6860793,book_ac8f7fec642d6e3f,"Lore Olympus: Volume Three (Lore Olympus, #3)",Rachel Smythe,book_89fcb89b164a3f25,Demons of the Sun,Cindi Madsen
627,2740,0.6835935,book_ac8f7fec642d6e3f,"Lore Olympus: Volume Three (Lore Olympus, #3)",Rachel Smythe,book_85a81e97e52f8c5b,Pandora's Jar: Women in the Greek Myths,Natalie Haynes
627,1856,0.6447011,book_ac8f7fec642d6e3f,"Lore Olympus: Volume Three (Lore Olympus, #3)",Rachel Smythe,book_5b970d30f3b1baf9,"The Throne of Broken Gods (Gods & Monsters, #2)",Amber V. Nicole
630,805,1.0,book_1a17476ef9783c07,"The Ex Hex (The Ex Hex, #1)",Erin Sterling,book_5a5bdc4966271f87,"The Ex Hex (The Ex Hex, #1)",Erin Sterling
630,1009,0.60534143,book_1a17476ef9783c07,"The Ex Hex (The Ex Hex, #1)",Erin Sterling,book_bf4375f7b888ebb7,Best Hex Ever,Nadia El-Fassi
633,2247,0.61524713,book_c6327b52b6bfdb14,Maggie Moves On,Lucy Score,book_e69a289b4a3c3db4,The House of Now and Then,Edward Underhill
637,1524,0.6578106,book_4f08e3059191a03f,"The Dating Plan (Marriage Game, #2)",Sara Desai,book_83c8f21685a301a2,"The Wedding Date (The Wedding Date, #1)",Jasmine Guillory
637,2205,0.63364005,book_4f08e3059191a03f,"The Dating Plan (Marriage Game, #2)",Sara Desai,book_e3066a2c9c12ec49,How to Find a Guy in Five Weddings,Cynthia Timoti
637,1446,0.625159,book_4f08e3059191a03f,"The Dating Plan (Marriage Game, #2)",Sara Desai,book_106cbb5415fe887b,"You Deserve Each Other (You Deserve Each Other, #1)",Sarah Hogle
637,1270,0.6179985,book_4f08e3059191a03f,"The Dating Plan (Marriage Game, #2)",Sara Desai,book_1ae55d71b7693ad8,The Wedding Crasher,Mia Sosa
637,991,0.6049088,book_4f08e3059191a03f,"The Dating Plan (Marriage Game, #2)",Sara Desai,book_27631e70dcf7f429,The Mr. Right Checklist,Melissa Foster
639,640,0.9539719,book_608f61f97ccbd03f,"Lore Olympus: Volume One (Lore Olympus, #1)",Rachel Smythe,book_3e99da4f55b54487,"Lore Olympus: Volume Two (Lore Olympus, #2)",Rachel Smythe
639,964,0.77914864,book_608f61f97ccbd03f,"Lore Olympus: Volume One (Lore Olympus, #1)",Rachel Smythe,book_7e6133b08aad1d5d,"Neon Gods (Dark Olympus, #1)",Katee Robert
639,2740,0.6975336,book_608f61f97ccbd03f,"Lore Olympus: Volume One (Lore Olympus, #1)",Rachel Smythe,book_85a81e97e52f8c5b,Pandora's Jar: Women in the Greek Myths,Natalie Haynes
639,1247,0.65396047,book_608f61f97ccbd03f,"Lore Olympus: Volume One (Lore Olympus, #1)",Rachel Smythe,book_ff08df7b422e7774,"A Game of Retribution (Hades Saga, #2)",Scarlett St. Clair
639,1437,0.6503593,book_608f61f97ccbd03f,"Lore Olympus: Volume One (Lore Olympus, #1)",Rachel Smythe,book_83c121f91d89ddd6,"A Touch of Greek (Out of Olympus, #1)",Tina Folsom
639,1319,0.64774716,book_608f61f97ccbd03f,"Lore Olympus: Volume One (Lore Olympus, #1)",Rachel Smythe,book_b2f30d357bd91ac8,Hot as Hades,Alisha Rai
639,1773,0.6153341,book_608f61f97ccbd03f,"Lore Olympus: Volume One (Lore Olympus, #1)",Rachel Smythe,book_141eda1c3ac26b0b,This Immortal Heart,Jennifer Saint
640,964,0.7585079,book_3e99da4f55b54487,"Lore Olympus: Volume Two (Lore Olympus, #2)",Rachel Smythe,book_7e6133b08aad1d5d,"Neon Gods (Dark Olympus, #1)",Katee Robert
640,2740,0.6724887,book_3e99da4f55b54487,"Lore Olympus: Volume Two (Lore Olympus, #2)",Rachel Smythe,book_85a81e97e52f8c5b,Pandora's Jar: Women in the Greek Myths,Natalie Haynes
640,1247,0.6442925,book_3e99da4f55b54487,"Lore Olympus: Volume Two (Lore Olympus, #2)",Rachel Smythe,book_ff08df7b422e7774,"A Game of Retribution (Hades Saga, #2)",Scarlett St. Clair
640,1437,0.6431699,book_3e99da4f55b54487,"Lore Olympus: Volume Two (Lore Olympus, #2)",Rachel Smythe,book_83c121f91d89ddd6,"A Touch of Greek (Out of Olympus, #1)",Tina Folsom
640,1319,0.6086136,book_3e99da4f55b54487,"Lore Olympus: Volume Two (Lore Olympus, #2)",Rachel Smythe,book_b2f30d357bd91ac8,Hot as Hades,Alisha Rai
652,1792,0.6325296,book_55f80974a62002ad,"Float Plan (Beck Sisters, #1)",Trish Doller,book_858b1fe94073a27d,Man Overboard!,Kathleen Rooney
652,1268,0.6163335,book_55f80974a62002ad,"Float Plan (Beck Sisters, #1)",Trish Doller,book_0806dac446e5455f,"The Suite Spot (Beck Sisters, #2)",Trish Doller
657,2515,0.62391365,book_3137633f5c33aa11,"Written in the Stars (Written in the Stars, #1)",Alexandria Bellefleur,book_f6c84f5838fa2eec,The Ballad of Darcy and Russell,Morgan Matson
657,1556,0.62166154,book_3137633f5c33aa11,"Written in the Stars (Written in the Stars, #1)",Alexandria Bellefleur,book_1a8aa51e8320c069,99 Percent Mine,Sally Thorne
657,1033,0.61117804,book_3137633f5c33aa11,"Written in the Stars (Written in the Stars, #1)",Alexandria Bellefleur,book_2614b867856d06ce,"Elizabeth of East Hampton (For the Love of Austen, #2)",Audrey Bellezza
664,681,0.94258344,book_52a6d3ebcc0c4539,Hula for the Home Front (American Girl: Nanea #2),Kirby Larson,book_3d0010515f10a6f3,Hula for the Home Front (American Girl: Nanea #2),Kirby Larson
672,697,0.7621611,book_500c94480470e327,Arches Enemy (National Park Mystery #5),Scott Graham,book_67cfd1323c2cd59f,"Mountain Rampage (National Park Mystery, #2)",Scott Graham
672,675,0.657302,book_500c94480470e327,Arches Enemy (National Park Mystery #5),Scott Graham,book_5fbd1110ed4a7bc9,Yosemite Fall (National Park Mystery #4),Scott Graham
672,684,0.6433537,book_500c94480470e327,Arches Enemy (National Park Mystery #5),Scott Graham,book_97d4b777ea75cd8a,"Yellowstone Standoff (National Park Mystery, #3)",Scott Graham
675,697,0.69238055,book_5fbd1110ed4a7bc9,Yosemite Fall (National Park Mystery #4),Scott Graham,book_67cfd1323c2cd59f,"Mountain Rampage (National Park Mystery, #2)",Scott Graham
680,2449,0.6062025,book_1635c3d4b962367a,Your Happiest You: The Care & Keeping of Your Mind and Spirit (American Girl® Wellbeing),Judy Woodburn,book_0eef0ac2c74a0224,"Emotions, Happiness and the Story of Our Lives: Inner knowledge from The Kaalmly Approach to create long-lasting happiness inround you",A.R. Kaalmly
684,697,0.6764151,book_97d4b777ea75cd8a,"Yellowstone Standoff (National Park Mystery, #3)",Scott Graham,book_67cfd1323c2cd59f,"Mountain Rampage (National Park Mystery, #2)",Scott Graham
686,1423,0.6286714,book_9aefd0657ab0c7fe,Rhythms of Change in Rocky Mountain National Park,Ellen Wohl,book_e812c9c8928eba25,Of Rock and Rivers: Seeking a Sense of Place in the American West,Ellen E. Wohl
689,724,0.6136832,book_c256a679ea53805a,Level Up Your Life: How to Unlock Adventure and Happiness by Becoming the Hero of Your Own Story,Steve Kamb,book_8dc9c3c3f46477fa,How to Try Again: An Approachable Guide to Navigating Chaos and Making Change THAT STICKS,Steve Kamb
691,1452,0.7721757,book_89ddcbb3bcbc08d7,Twilight / Life and Death (The Twilight Saga),Stephenie Meyer,book_fe524b384b00ec6a,"Eclipse (The Twilight Saga, #3)",Stephenie Meyer
691,1594,0.74654746,book_89ddcbb3bcbc08d7,Twilight / Life and Death (The Twilight Saga),Stephenie Meyer,book_e91676dc8f493d4a,"Breaking Dawn (The Twilight Saga, #4)",Stephenie Meyer
691,1504,0.7222569,book_89ddcbb3bcbc08d7,Twilight / Life and Death (The Twilight Saga),Stephenie Meyer,book_028a98cc0b0843d0,"Twilight (The Twilight Saga, #1)",Stephenie Meyer
691,1454,0.6615118,book_89ddcbb3bcbc08d7,Twilight / Life and Death (The Twilight Saga),Stephenie Meyer,book_41f81946dfb55100,"New Moon (The Twilight Saga, #2)",Stephenie Meyer
691,2082,0.6239567,book_89ddcbb3bcbc08d7,Twilight / Life and Death (The Twilight Saga),Stephenie Meyer,book_4055ab3235bce00b,"Into the Fading Twilight (Starlight Grove, #2)",Catherine Cowles
691,3018,0.6070286,book_89ddcbb3bcbc08d7,Twilight / Life and Death (The Twilight Saga),Stephenie Meyer,book_0d2614f3033178a5,The Vampire Curse (Shadow world: The Vampire Debt #2),Ali Winters
692,1721,0.6050298,book_62be21d78fddea90,Starry Night,Isabel Gillies,book_9b94e53de3761d64,Don't Fall in Love With Me,Paige Toon
693,1494,0.7267381,book_e546bb450abd8bf7,The Rosie Effect,Graeme Simsion,book_9b49b2879f5fac24,"The Rosie Project (Don Tillman, #1)",Graeme Simsion
701,1317,0.9635885,book_63e9141f75e6ef64,S.,J.J. Abrams,book_1f6f1155a29dfe46,S. Ship of Theseus,J.J. Abrams
711,2449,0.6747165,book_5b8cb7084a71ba8f,Flourish: A Visionary New Understanding of Happiness and Well-being,Martin E.P. Seligman,book_0eef0ac2c74a0224,"Emotions, Happiness and the Story of Our Lives: Inner knowledge from The Kaalmly Approach to create long-lasting happiness inround you",A.R. Kaalmly
711,1672,0.6257193,book_5b8cb7084a71ba8f,Flourish: A Visionary New Understanding of Happiness and Well-being,Martin E.P. Seligman,book_bcfc87903ceffb87,Happiness Deconstructed: The Hidden Architecture of a Life Well Lived,Hussein Kanji
711,2804,0.6249458,book_5b8cb7084a71ba8f,Flourish: A Visionary New Understanding of Happiness and Well-being,Martin E.P. Seligman,book_7db21b147d2cc5ad,The Happiness Advantage: The Seven Principles of Positive Psychology That Fuel Success and Performance at Work,Shawn Achor
711,1805,0.61459315,book_5b8cb7084a71ba8f,Flourish: A Visionary New Understanding of Happiness and Well-being,Martin E.P. Seligman,book_1bf80273814d1d85,Joy Is a Risk Worth Taking,Kelly McGonigal
712,797,1.0,book_58013e4869cfb19d,Spark: The Revolutionary New Science of Exercise and the Brain,John J. Ratey,book_1c6ebfe79606f8f2,Spark: The Revolutionary New Science of Exercise and the Brain,John J. Ratey
495,713,0.6978419,book_e9f3d63f42fa3f13,"Gold Medal Rider (Saddle Club, #54)",Bonnie Bryant,book_93a0c2905c8adfbd,"Endurance Ride (Saddle Club, #69)",Bonnie Bryant
454,713,0.69510597,book_bb11d9ac109bce9f,"Horse Power (Saddle Club, #4)",Bonnie Bryant,book_93a0c2905c8adfbd,"Endurance Ride (Saddle Club, #69)",Bonnie Bryant
446,713,0.66809773,book_186cc4cfbccd92a1,"Horse Games (Saddle Club, #16)",Bonnie Bryant,book_93a0c2905c8adfbd,"Endurance Ride (Saddle Club, #69)",Bonnie Bryant
449,713,0.66580284,book_40c77c1a95cbeb78,"Horsenapped! (Saddle Club, #17)",Bonnie Bryant,book_93a0c2905c8adfbd,"Endurance Ride (Saddle Club, #69)",Bonnie Bryant
551,713,0.6536828,book_b110b70876dd6fe2,"Horse Trouble (Saddle Club, #23)",Bonnie Bryant,book_93a0c2905c8adfbd,"Endurance Ride (Saddle Club, #69)",Bonnie Bryant
530,713,0.65282845,book_6ce0fdb9aa35427f,"Horse Race (Saddle Club, #70)",Bonnie Bryant,book_93a0c2905c8adfbd,"Endurance Ride (Saddle Club, #69)",Bonnie Bryant
461,713,0.6518459,book_b83a1c85eaf7d151,"Riding Class (Saddle Club, #52)",Bonnie Bryant,book_93a0c2905c8adfbd,"Endurance Ride (Saddle Club, #69)",Bonnie Bryant
453,713,0.64897513,book_64babb7484bf4745,"Horse Crazy (Saddle Club, #1)",Bonnie Bryant,book_93a0c2905c8adfbd,"Endurance Ride (Saddle Club, #69)",Bonnie Bryant
426,713,0.6470123,book_93f3c20a5f2a5396,"Riding Camp (Saddle Club, #10)",Bonnie Bryant,book_93a0c2905c8adfbd,"Endurance Ride (Saddle Club, #69)",Bonnie Bryant
448,713,0.6443585,book_64f8dd953cc9c2d2,"Rodeo Rider (Saddle Club, #12)",Bonnie Bryant,book_93a0c2905c8adfbd,"Endurance Ride (Saddle Club, #69)",Bonnie Bryant
546,713,0.64297974,book_5faa12506898a1f1,"Saddle Sore (Saddle Club, #66)",Bonnie Bryant,book_93a0c2905c8adfbd,"Endurance Ride (Saddle Club, #69)",Bonnie Bryant
543,713,0.64268655,book_4307ce4cbf3d1a4e,"Pack Trip (Saddle Club, #18)",Bonnie Bryant,book_93a0c2905c8adfbd,"Endurance Ride (Saddle Club, #69)",Bonnie Bryant
424,713,0.64205205,book_906095cf9503cebc,"Trail Mates (Saddle Club, #5)",Bonnie Bryant,book_93a0c2905c8adfbd,"Endurance Ride (Saddle Club, #69)",Bonnie Bryant
474,713,0.64163905,book_e4925f5d787d53b8,"Horseshoe (Saddle Club, #44)",Bonnie Bryant,book_93a0c2905c8adfbd,"Endurance Ride (Saddle Club, #69)",Bonnie Bryant
491,713,0.6392038,book_4539e07773c16c96,"Nightmare (Saddle Club Super Edition, #6)",Bonnie Bryant,book_93a0c2905c8adfbd,"Endurance Ride (Saddle Club, #69)",Bonnie Bryant
715,1778,0.63242453,book_02b36f8d4b23c34e,Scones and Sensibility,Lindsay Eland,book_316e2df0d8f83558,Most Ardently Yours,Freya Sampson
715,1499,0.61538476,book_02b36f8d4b23c34e,Scones and Sensibility,Lindsay Eland,book_a0fc6f42baf5563a,Sense and Sensibility,Jane Austen
715,1277,0.6094388,book_02b36f8d4b23c34e,Scones and Sensibility,Lindsay Eland,book_cc4a741f87709d7c,Book Lovers,Emily Henry
723,724,0.8311158,book_23074e3972a8f7d4,How To Try Again: The No-Guilt Guide to Making Changes That Stick,Steve Kamb,book_8dc9c3c3f46477fa,How to Try Again: An Approachable Guide to Navigating Chaos and Making Change THAT STICKS,Steve Kamb
724,2426,0.63298154,book_8dc9c3c3f46477fa,How to Try Again: An Approachable Guide to Navigating Chaos and Making Change THAT STICKS,Steve Kamb,book_e53232017d86b13f,Awake to Your Why: Achieve Your Goals and Change Your Life with the 5 AM Advantage,Bryce Chapman
724,2590,0.6294383,book_8dc9c3c3f46477fa,How to Try Again: An Approachable Guide to Navigating Chaos and Making Change THAT STICKS,Steve Kamb,book_fbc15cc29f20135a,"Rediscover Your Wisdom: Drawing on Answers from Your Past to Achieve Self-improvement, Growth, and Success",Rabbi Joel Stein
724,1201,0.60454285,book_8dc9c3c3f46477fa,How to Try Again: An Approachable Guide to Navigating Chaos and Making Change THAT STICKS,Steve Kamb,book_64232c7911838531,"Overcoming When You Feel Overwhelmed: 5 Steps to Surviving the Chaos of Life (A Practical Guide to Getting Unstuck and Conquering Fear, Anxiety & Stress)",Jentezen Franklin
728,2241,1.0,book_4870fdbce4215054,"Yes, Chef",Grace Reilly,book_cb2dfb0a978e5e57,"Yes, Chef",Grace Reilly
730,1864,0.72852874,book_9360c1ee0c7c01b1,"Fire and Ice (Boston Bobcats, #2)",Carly Robyn,book_276f80d1a72dbdb7,"Just Playing for Keeps (Hockey Ever After, #2)",Lauren Blakely
730,738,0.7015472,book_9360c1ee0c7c01b1,"Fire and Ice (Boston Bobcats, #2)",Carly Robyn,book_f21f130ee8190eb9,Evening the Score,Lexi LaFleur Brown
730,2235,0.64337885,book_9360c1ee0c7c01b1,"Fire and Ice (Boston Bobcats, #2)",Carly Robyn,book_554580dd150007cf,"The Hockey Situation (Billionaire Situation, #6)",Lyra Parish
730,2701,0.6374568,book_9360c1ee0c7c01b1,"Fire and Ice (Boston Bobcats, #2)",Carly Robyn,book_63d665daca3cb17e,"Icebreaker (Maple Hills, #1)",Hannah Grace
730,1040,0.63125277,book_9360c1ee0c7c01b1,"Fire and Ice (Boston Bobcats, #2)",Carly Robyn,book_65bfd981f5ea2b84,Same Time Next Year,Tessa Bailey
730,2267,0.6280097,book_9360c1ee0c7c01b1,"Fire and Ice (Boston Bobcats, #2)",Carly Robyn,book_ce6bb0606f4cfffe,Endgame,Willa Gray
730,868,0.6233511,book_9360c1ee0c7c01b1,"Fire and Ice (Boston Bobcats, #2)",Carly Robyn,book_63ec0431094f3965,The Final Score,Lana Ferguson
730,1003,0.61706257,book_9360c1ee0c7c01b1,"Fire and Ice (Boston Bobcats, #2)",Carly Robyn,book_cfff551f27b01133,"Pucking Sweet (Jacksonville Rays, #3)",Emily Rath
730,886,0.61521614,book_9360c1ee0c7c01b1,"Fire and Ice (Boston Bobcats, #2)",Carly Robyn,book_e18f690eb05b0872,"Pitcher Perfect (Big Shots, #4)",Tessa Bailey
730,2135,0.60821545,book_9360c1ee0c7c01b1,"Fire and Ice (Boston Bobcats, #2)",Carly Robyn,book_bafc56bd289596c2,The Good Girl Exception (Hellcats Hockey #2),Maren Moore
730,1017,0.6081115,book_9360c1ee0c7c01b1,"Fire and Ice (Boston Bobcats, #2)",Carly Robyn,book_f71ad8a30439877b,"Pucked (Pucked, #1)",Helena Hunting
730,929,0.6017271,book_9360c1ee0c7c01b1,"Fire and Ice (Boston Bobcats, #2)",Carly Robyn,book_a34c3e84cf33b597,"The Wiener Across the Way (The Cocky Kingmans, #2)",Amy Award
733,1638,0.6261773,book_4bfd56743b8acd42,Something Selfish (Sterling Springs Book 1),Dakota Forest,book_8c16485da6185c3a,Tart: Misadventures of an Anonymous Chef,Slutty Cheff
733,1970,0.60240483,book_4bfd56743b8acd42,Something Selfish (Sterling Springs Book 1),Dakota Forest,book_c7a3ee5bd34e6aa5,"Savvy Summers and the Po'boy Perils (Savvy Summers Mysteries, #2)",Sandra Jackson-Opoku
738,1864,0.691048,book_f21f130ee8190eb9,Evening the Score,Lexi LaFleur Brown,book_276f80d1a72dbdb7,"Just Playing for Keeps (Hockey Ever After, #2)",Lauren Blakely
738,1017,0.67100036,book_f21f130ee8190eb9,Evening the Score,Lexi LaFleur Brown,book_f71ad8a30439877b,"Pucked (Pucked, #1)",Helena Hunting
738,1003,0.6682195,book_f21f130ee8190eb9,Evening the Score,Lexi LaFleur Brown,book_cfff551f27b01133,"Pucking Sweet (Jacksonville Rays, #3)",Emily Rath
738,2235,0.64741504,book_f21f130ee8190eb9,Evening the Score,Lexi LaFleur Brown,book_554580dd150007cf,"The Hockey Situation (Billionaire Situation, #6)",Lyra Parish
738,2701,0.63994706,book_f21f130ee8190eb9,Evening the Score,Lexi LaFleur Brown,book_63d665daca3cb17e,"Icebreaker (Maple Hills, #1)",Hannah Grace
738,2135,0.6379641,book_f21f130ee8190eb9,Evening the Score,Lexi LaFleur Brown,book_bafc56bd289596c2,The Good Girl Exception (Hellcats Hockey #2),Maren Moore
738,2267,0.63220406,book_f21f130ee8190eb9,Evening the Score,Lexi LaFleur Brown,book_ce6bb0606f4cfffe,Endgame,Willa Gray
738,838,0.61747265,book_f21f130ee8190eb9,Evening the Score,Lexi LaFleur Brown,book_9a0e4594f93d8450,"Game On (Philadelphia Bulldogs, #6)",Danica Flynn
738,2015,0.61367184,book_f21f130ee8190eb9,Evening the Score,Lexi LaFleur Brown,book_c23472fa9187623d,"Tough Guy (Game Changers, #3)",Rachel Reid
738,1866,0.6094652,book_f21f130ee8190eb9,Evening the Score,Lexi LaFleur Brown,book_3529d4df04726f6a,Fair Game (The Rules of the Rink #1),Ruth Stilling
740,1246,0.63052547,book_d9d086628fb6fa55,You Jump First,Myah Ariel,book_80e52804ee53d804,Float,Kate Marchant
740,1799,0.6083108,book_d9d086628fb6fa55,You Jump First,Myah Ariel,book_66ede69908a40283,Summer People,Sally Blakely
741,1121,0.64687973,book_1bdabc6c5058bfec,Annie Knows Everything,Rachel Wood,book_8257ba6272753268,"Practice Makes Perfect (When in Rome, #2)",Sarah Adams
742,2666,0.6159642,book_5db911923095da0f,"Lost and Found (Spunes, OR, #3)",Tarah DeWitt,book_8669ce2550c837b7,A Twisted Love Story,Samantha Downing
742,958,0.60263777,book_5db911923095da0f,"Lost and Found (Spunes, OR, #3)",Tarah DeWitt,book_ede617ea96d1a8d3,Exes and O's (The Influencer #2),Amy Lea
748,2760,0.6204272,book_4e4172376a5c1c1b,"The Summer We Fell (The Summer, #1)",Elizabeth O'Roark,book_5dab139d35a25826,"The Summer I Turned Pretty (Summer, #1)",Jenny Han
754,2445,0.6312633,book_ff8ba1f8044283d0,"Ripple Effect (Coastal University, #3)",Ki Stephens,book_c36ce9494ceca90e,Under Pressure,Ellie Thornton
754,948,0.6269649,book_ff8ba1f8044283d0,"Ripple Effect (Coastal University, #3)",Ki Stephens,book_ecaaa85e47a64cf5,The Ripple Effect,Maggie North
756,757,0.8358946,book_ccb2aa051f965487,"The Assassin and the Desert (Throne of Glass, #0.3)",Sarah J. Maas,book_7349d468da49ca6b,"The Assassin and the Healer (Throne of Glass, #0.2)",Sarah J. Maas
756,758,0.76667535,book_ccb2aa051f965487,"The Assassin and the Desert (Throne of Glass, #0.3)",Sarah J. Maas,book_1f07468dc519ab84,"The Assassin and the Pirate Lord (Throne of Glass, #0.1)",Sarah J. Maas
757,758,0.78417933,book_7349d468da49ca6b,"The Assassin and the Healer (Throne of Glass, #0.2)",Sarah J. Maas,book_1f07468dc519ab84,"The Assassin and the Pirate Lord (Throne of Glass, #0.1)",Sarah J. Maas
760,1385,0.6009892,book_7d267919ebd29db1,Written by a Woman (Sun Steer Tech #1),Andrea Andersen,book_320652a8f9174970,And They Lived Happily Ever After,Therese Beharrie
762,782,0.74302256,book_d37486a5be195d5a,Harbingers of Death: The Complete Series,LeAnn Mason,book_2e6676f21f00a473,"Grave Notice (Harbingers of Death, #3)",L.B. Carter
762,783,0.7066622,book_d37486a5be195d5a,Harbingers of Death: The Complete Series,LeAnn Mason,book_f3487a59f28b7cda,"Fatal Sight (Harbingers of Death, #2)",L.B. Carter
762,786,0.6892463,book_d37486a5be195d5a,Harbingers of Death: The Complete Series,LeAnn Mason,book_ed1b052cf6d75401,"Mortal Scream (Harbingers of Death, #1)",L.B. Carter
763,780,0.9158175,book_4de4eec905f5cc04,Hope Drowned: a unique and mysterious YA Disaster Dystopian (Deadly Earth),L.B. Carter,book_f746275f4002cbe7,Hope Drowned (Climatic Climacteric Trilogy #1),L.B. Carter
763,1794,0.6536453,book_4de4eec905f5cc04,Hope Drowned: a unique and mysterious YA Disaster Dystopian (Deadly Earth),L.B. Carter,book_8a6c6ed7fab04c9c,The Last to Drown: A Thriller,Noelle W. Ihli
763,1923,0.6197458,book_4de4eec905f5cc04,Hope Drowned: a unique and mysterious YA Disaster Dystopian (Deadly Earth),L.B. Carter,book_c38608a4f22a2ad1,The Drowning Season,Debra Webb
763,2882,0.6138281,book_4de4eec905f5cc04,Hope Drowned: a unique and mysterious YA Disaster Dystopian (Deadly Earth),L.B. Carter,book_87db0c75b3c43357,The Drowning Kind,Jennifer McMahon
763,2425,0.61246425,book_4de4eec905f5cc04,Hope Drowned: a unique and mysterious YA Disaster Dystopian (Deadly Earth),L.B. Carter,book_3eb5f1f04e5a35e3,The Trouble with Drowning,Heather Hach
763,2178,0.60475355,book_4de4eec905f5cc04,Hope Drowned: a unique and mysterious YA Disaster Dystopian (Deadly Earth),L.B. Carter,book_7ebf8e90ee93181f,"Curious Tides (Drowned Gods, #1)",Pascale Lacelle
767,785,0.89322066,book_0e6f1b03d07c74eb,Loan Soul Series Books 1-4 (Loan Soul),L.B. Carter,book_72d07b0281265de8,"One Loan Soul (Loan Soul, #1)",L.B. Carter
767,781,0.81643987,book_0e6f1b03d07c74eb,Loan Soul Series Books 1-4 (Loan Soul),L.B. Carter,book_7de3fdad0a526b4d,"Two Sold Mates (Loan Soul, #2)",L.B. Carter
767,777,0.78723323,book_0e6f1b03d07c74eb,Loan Soul Series Books 1-4 (Loan Soul),L.B. Carter,book_76cf75b5c72cff31,"Three Broke Souls (Loan Soul, #3)",L.B. Carter
767,770,0.641286,book_0e6f1b03d07c74eb,Loan Soul Series Books 1-4 (Loan Soul),L.B. Carter,book_627e3599c6049c4e,"The Quick Dead Fox (Loan Soul, #0.5)",L.B. Carter
767,775,0.63923,book_0e6f1b03d07c74eb,Loan Soul Series Books 1-4 (Loan Soul),L.B. Carter,book_52f867c1ef4db8fb,"Four Poor Souls (Loan Souls, #4)",L.B. Carter
768,779,0.77397394,book_e4c097cb7156a269,"Night Stalker (Branwyn Blood: The Exiled Fae of Texas, #0.5)",L.B. Carter,book_2e4ee8b8f6cbc934,"Body Snatcher (Branwyn Blood: The Exiled Fae of Texas, #1)",L.B. Carter
768,769,0.6580533,book_e4c097cb7156a269,"Night Stalker (Branwyn Blood: The Exiled Fae of Texas, #0.5)",L.B. Carter,book_4047d748110b00ae,"Shadow Keeper (Branwyn Blood: The Exiled Fae of Texas, #2)",L.B. Carter
769,779,0.61044186,book_4047d748110b00ae,"Shadow Keeper (Branwyn Blood: The Exiled Fae of Texas, #2)",L.B. Carter,book_2e4ee8b8f6cbc934,"Body Snatcher (Branwyn Blood: The Exiled Fae of Texas, #1)",L.B. Carter
770,777,0.66919196,book_627e3599c6049c4e,"The Quick Dead Fox (Loan Soul, #0.5)",L.B. Carter,book_76cf75b5c72cff31,"Three Broke Souls (Loan Soul, #3)",L.B. Carter
770,781,0.631622,book_627e3599c6049c4e,"The Quick Dead Fox (Loan Soul, #0.5)",L.B. Carter,book_7de3fdad0a526b4d,"Two Sold Mates (Loan Soul, #2)",L.B. Carter
770,785,0.62680453,book_627e3599c6049c4e,"The Quick Dead Fox (Loan Soul, #0.5)",L.B. Carter,book_72d07b0281265de8,"One Loan Soul (Loan Soul, #1)",L.B. Carter
776,778,0.7808869,book_4142a69f0f10b15e,"Shifters Cliff (The Fox and the Howl, #3)",L.B. Carter,book_104094744d52340e,"Witches Bridge (The Fox and the Howl, #2)",L.B. Carter
776,784,0.72576904,book_4142a69f0f10b15e,"Shifters Cliff (The Fox and the Howl, #3)",L.B. Carter,book_91c0d7acf2923eee,"Wolves Wood (The Fox and the Howl, #1)",L.B. Carter
777,785,0.8260877,book_76cf75b5c72cff31,"Three Broke Souls (Loan Soul, #3)",L.B. Carter,book_72d07b0281265de8,"One Loan Soul (Loan Soul, #1)",L.B. Carter
777,781,0.8099166,book_76cf75b5c72cff31,"Three Broke Souls (Loan Soul, #3)",L.B. Carter,book_7de3fdad0a526b4d,"Two Sold Mates (Loan Soul, #2)",L.B. Carter
778,784,0.73085254,book_104094744d52340e,"Witches Bridge (The Fox and the Howl, #2)",L.B. Carter,book_91c0d7acf2923eee,"Wolves Wood (The Fox and the Howl, #1)",L.B. Carter
780,1794,0.62990355,book_f746275f4002cbe7,Hope Drowned (Climatic Climacteric Trilogy #1),L.B. Carter,book_8a6c6ed7fab04c9c,The Last to Drown: A Thriller,Noelle W. Ihli
781,785,0.8887557,book_7de3fdad0a526b4d,"Two Sold Mates (Loan Soul, #2)",L.B. Carter,book_72d07b0281265de8,"One Loan Soul (Loan Soul, #1)",L.B. Carter
782,783,0.76336336,book_2e6676f21f00a473,"Grave Notice (Harbingers of Death, #3)",L.B. Carter,book_f3487a59f28b7cda,"Fatal Sight (Harbingers of Death, #2)",L.B. Carter
782,786,0.7393476,book_2e6676f21f00a473,"Grave Notice (Harbingers of Death, #3)",L.B. Carter,book_ed1b052cf6d75401,"Mortal Scream (Harbingers of Death, #1)",L.B. Carter
783,786,0.74220145,book_f3487a59f28b7cda,"Fatal Sight (Harbingers of Death, #2)",L.B. Carter,book_ed1b052cf6d75401,"Mortal Scream (Harbingers of Death, #1)",L.B. Carter
786,1785,0.6093802,book_ed1b052cf6d75401,"Mortal Scream (Harbingers of Death, #1)",L.B. Carter,book_1ab53c622945e563,Those Who Shall Die (A First State Suspense Novel),Michael Bradley
787,809,0.689476,book_dd70a67994f9b806,"Plot Twist (The Hollywood Series, #2)",Erin La Rosa,book_fb8f6b8750793385,Love Your Life,Sophie Kinsella
787,2748,0.6472764,book_dd70a67994f9b806,"Plot Twist (The Hollywood Series, #2)",Erin La Rosa,book_bb0d59603e755f0a,Love and Other Words,Christina Lauren
787,2118,0.6313292,book_dd70a67994f9b806,"Plot Twist (The Hollywood Series, #2)",Erin La Rosa,book_fe0444d6bb43a582,Love by the Book,Jessica George
787,1266,0.6230501,book_dd70a67994f9b806,"Plot Twist (The Hollywood Series, #2)",Erin La Rosa,book_173aa4e0e1b20e55,If You Ask Me,Libby Hubscher
787,2107,0.61405957,book_dd70a67994f9b806,"Plot Twist (The Hollywood Series, #2)",Erin La Rosa,book_51018dcb95091df1,"Perfect Life (Winter Park, #2)",Meredith Lavender
787,2666,0.61148894,book_dd70a67994f9b806,"Plot Twist (The Hollywood Series, #2)",Erin La Rosa,book_8669ce2550c837b7,A Twisted Love Story,Samantha Downing
787,958,0.6082072,book_dd70a67994f9b806,"Plot Twist (The Hollywood Series, #2)",Erin La Rosa,book_ede617ea96d1a8d3,Exes and O's (The Influencer #2),Amy Lea
787,1051,0.6077161,book_dd70a67994f9b806,"Plot Twist (The Hollywood Series, #2)",Erin La Rosa,book_54270bcaf3497de8,The Wife App,Carolyn Mackler
787,1546,0.60447633,book_dd70a67994f9b806,"Plot Twist (The Hollywood Series, #2)",Erin La Rosa,book_5cca494f1de71804,Love and Other Words,Christina Lauren
787,899,0.6011588,book_dd70a67994f9b806,"Plot Twist (The Hollywood Series, #2)",Erin La Rosa,book_a6f19c1e66a608bb,Cross Your Heart and Hope He Dies,Jenny Elder Moke
788,2701,0.60957295,book_1d82ce1d3113c812,On Thin Ice,Olivia Belle,book_63d665daca3cb17e,"Icebreaker (Maple Hills, #1)",Hannah Grace
788,1017,0.6078633,book_1d82ce1d3113c812,On Thin Ice,Olivia Belle,book_f71ad8a30439877b,"Pucked (Pucked, #1)",Helena Hunting
738,788,0.60728157,book_f21f130ee8190eb9,Evening the Score,Lexi LaFleur Brown,book_1d82ce1d3113c812,On Thin Ice,Olivia Belle
788,2275,0.60229266,book_1d82ce1d3113c812,On Thin Ice,Olivia Belle,book_16d62048152b5e42,The Favorites,Layne Fargo
789,1446,0.6971139,book_f99782f659d14207,Save the Date,Mallory Kass,book_106cbb5415fe887b,"You Deserve Each Other (You Deserve Each Other, #1)",Sarah Hogle
789,1270,0.69302493,book_f99782f659d14207,Save the Date,Mallory Kass,book_1ae55d71b7693ad8,The Wedding Crasher,Mia Sosa
789,1169,0.6235105,book_f99782f659d14207,Save the Date,Mallory Kass,book_716163e84bb9edbc,"Always a Bridesmaid, Never a Plus-One",Iris Morland
789,1800,0.6213347,book_f99782f659d14207,Save the Date,Mallory Kass,book_4f8c0d246fec07ca,When Forever Falls Apart (Cinnamon Springs #2),Kat T. Masen
789,1323,0.61524993,book_f99782f659d14207,Save the Date,Mallory Kass,book_a0b1124cc0ab54da,The Paid Bridesmaid,Sariah Wilson
789,1523,0.6085093,book_f99782f659d14207,Save the Date,Mallory Kass,book_7ef9093c602d57c9,"The Wedding Party (The Wedding Date, #3)",Jasmine Guillory
789,1524,0.60845894,book_f99782f659d14207,Save the Date,Mallory Kass,book_83c8f21685a301a2,"The Wedding Date (The Wedding Date, #1)",Jasmine Guillory
789,3264,0.6045456,book_f99782f659d14207,Save the Date,Mallory Kass,book_8949d69210aae96a,"Falling for Her Fiance (Accidentally in Love, #1)",Cindi Madsen
789,1027,0.60286736,book_f99782f659d14207,Save the Date,Mallory Kass,book_02efe01f42dceb56,She Doesn't Have a Clue,Jenny Elder Moke
789,1080,0.6022341,book_f99782f659d14207,Save the Date,Mallory Kass,book_a07f1e2b1bbf32e2,"The Honeymoon Crashers (Unhoneymooners, #1.5)",Christina Lauren
790,912,0.6471549,book_0e14ec2933cc9b52,Racing Hearts,Ann Adams,book_1ccbd8e7e8ccfa8c,Formula Dreams (Race Fever #4),Sawyer Bennett
792,1640,0.603187,book_51def82bcde74f69,The Comfort of Crows: A Backyard Year,Margaret Renkl,book_72321c203b960457,The Forest Year: Finding Hope in a World Worth Saving,Ethan Tapper
795,1267,0.61916316,book_8eff28a2598841e0,"A Witch's Guide to Fake Dating a Demon (Glimmer Falls, #1)",Sarah Hawley,book_61a051e96123a8c3,"Not the Witch You Wed (Supernatural Singles, #1)",April Asher
795,1636,0.6080882,book_8eff28a2598841e0,"A Witch's Guide to Fake Dating a Demon (Glimmer Falls, #1)",Sarah Hawley,book_ca6b2e6973e825e5,"Potions & Prejudice (The Moonflower Witches, #1)",Tee Harlowe
805,1009,0.60534143,book_5a5bdc4966271f87,"The Ex Hex (The Ex Hex, #1)",Erin Sterling,book_bf4375f7b888ebb7,Best Hex Ever,Nadia El-Fassi
807,2464,0.6401077,book_6d2b355684a8e310,The Love That Split the World,Emily Henry,book_cf9c53c53d06ca7f,Love at First Book,Jenn McKinlay
807,3267,0.614748,book_6d2b355684a8e310,The Love That Split the World,Emily Henry,book_8e28bb790fbe1431,"Pulse (Collide, #2)",Gail McHugh
807,2568,0.604203,book_6d2b355684a8e310,The Love That Split the World,Emily Henry,book_537f347e747f8129,The Summer Pact,Emily Giffin
809,2218,0.6584041,book_fb8f6b8750793385,Love Your Life,Sophie Kinsella,book_b261d07dedc29bf5,Life: A Love Story,Elizabeth Berg
809,1232,0.63824534,book_fb8f6b8750793385,Love Your Life,Sophie Kinsella,book_4b881073679822d8,"The Spanish Love Deception (Love Deception, #1)",Elena Armas
809,2710,0.63504195,book_fb8f6b8750793385,Love Your Life,Sophie Kinsella,book_64af63a84b336db9,If This Is Love,Jewel E. Ann
809,2118,0.6271934,book_fb8f6b8750793385,Love Your Life,Sophie Kinsella,book_fe0444d6bb43a582,Love by the Book,Jessica George
809,1262,0.62616307,book_fb8f6b8750793385,Love Your Life,Sophie Kinsella,book_d52bfbb677db889d,By Any Other Name,Lauren Kate
809,2712,0.62464017,book_fb8f6b8750793385,Love Your Life,Sophie Kinsella,book_64e5e45e9c3a6087,The Love of My Life,Rosie Walsh
809,2666,0.6226685,book_fb8f6b8750793385,Love Your Life,Sophie Kinsella,book_8669ce2550c837b7,A Twisted Love Story,Samantha Downing
809,1757,0.6202753,book_fb8f6b8750793385,Love Your Life,Sophie Kinsella,book_6073ae4342c006a0,Loved One: A Novel,Aisha Muharrar
809,2097,0.61594665,book_fb8f6b8750793385,Love Your Life,Sophie Kinsella,book_9e43ab240ad9f663,Love Beyond Reasonable Doubt: A Novel,Swati Hegde
809,2344,0.6116362,book_fb8f6b8750793385,Love Your Life,Sophie Kinsella,book_b23cc711122471c8,The Things We Do for Love,Kristin Hannah
809,2906,0.6093954,book_fb8f6b8750793385,Love Your Life,Sophie Kinsella,book_ca655cae204e6054,"You Love Me (You, #3)",Caroline Kepnes
809,3048,0.60911196,book_fb8f6b8750793385,Love Your Life,Sophie Kinsella,book_34764fbf0a7c9710,My Lovely Wife,Samantha Downing
809,2748,0.6064359,book_fb8f6b8750793385,Love Your Life,Sophie Kinsella,book_bb0d59603e755f0a,Love and Other Words,Christina Lauren
809,3220,0.603513,book_fb8f6b8750793385,Love Your Life,Sophie Kinsella,book_e5efe3be97475860,Love the One You're With,Emily Giffin
639,815,0.6073725,book_608f61f97ccbd03f,"Lore Olympus: Volume One (Lore Olympus, #1)",Rachel Smythe,book_9318dc8b341ffcfd,Circe,Madeline Miller
816,2760,0.66579974,book_bfa4944a5ad0ad3f,Summer Days and Summer Nights: Twelve Love Stories,Stephanie Perkins,book_5dab139d35a25826,"The Summer I Turned Pretty (Summer, #1)",Jenny Han
816,1105,0.6080758,book_bfa4944a5ad0ad3f,Summer Days and Summer Nights: Twelve Love Stories,Stephanie Perkins,book_e90a920296f179d4,Summer Reading,Jenn McKinlay
816,1938,0.6037991,book_bfa4944a5ad0ad3f,Summer Days and Summer Nights: Twelve Love Stories,Stephanie Perkins,book_c41f800ee93f2a40,Burnout Summer,Jenna Ramirez
819,975,0.64334506,book_f4ff40368c7ecacc,"Mind the Gap, Dash & Lily (Dash & Lily, #3)",Rachel Cohn,book_d53e17b1cac378fc,"Dash & Lily's Book of Dares (Dash & Lily, #1)",Rachel Cohn
819,820,0.63939106,book_f4ff40368c7ecacc,"Mind the Gap, Dash & Lily (Dash & Lily, #3)",Rachel Cohn,book_1de87e2ddb5cc056,"The Twelve Days of Dash & Lily (Dash & Lily, #2)",Rachel Cohn
820,975,0.6297823,book_1de87e2ddb5cc056,"The Twelve Days of Dash & Lily (Dash & Lily, #2)",Rachel Cohn,book_d53e17b1cac378fc,"Dash & Lily's Book of Dares (Dash & Lily, #1)",Rachel Cohn
826,1537,0.62678325,book_5da53cbb5e30efae,The Spare Room,Laura Starkey,book_6bbbba9adf7966ee,The Roommate (Shameless #1),Rosie Danan
831,1015,0.67141503,book_a6bee7b0862f61d1,"Pucked Under (Pucked, #4.5)",Helena Hunting,book_456656e13e6c716d,"Pucked Over (Pucked, #3)",Helena Hunting
831,1017,0.6228136,book_a6bee7b0862f61d1,"Pucked Under (Pucked, #4.5)",Helena Hunting,book_f71ad8a30439877b,"Pucked (Pucked, #1)",Helena Hunting
831,1000,0.6213461,book_a6bee7b0862f61d1,"Pucked Under (Pucked, #4.5)",Helena Hunting,book_82a459a258ae4295,"Forever Pucked (Pucked, #4)",Helena Hunting
833,1797,0.6450435,book_40c5d6341fb3eed3,What You Are Looking for is in the Library,Michiko Aoyama,book_9f6fdafc6ff55778,The Bookshop Woman: My Year Transforming Lives—One Book at a Time,Nanako Hanada
838,986,0.62516105,book_9a0e4594f93d8450,"Game On (Philadelphia Bulldogs, #6)",Danica Flynn,book_81913a886361c725,"Playing for Keeps (Playing the Field, #3)",Sasha Lace
838,1959,0.6200899,book_9a0e4594f93d8450,"Game On (Philadelphia Bulldogs, #6)",Danica Flynn,book_e4d54f81ddbc1546,Just For Tonight (Rinkside Romance #1),Sage Wells
843,1740,0.6086989,book_5bd4e5da82326cfe,Something Like Fate,Amy Lea,book_625fc09be7686385,"Letters from the Last Apothecary (Tressport Magic, #1)",Bita Behzadi
847,929,0.6093597,book_96f13c6c6e024927,"He's Not My Type (The Vancouver Agitators, #4)",Meghan Quinn,book_a34c3e84cf33b597,"The Wiener Across the Way (The Cocky Kingmans, #2)",Amy Award
848,1045,0.6253481,book_39879aadb1b32cc2,An Overdue Match (Checking Out Love Book #1),Sarah Monzon,book_985be0978146ac3d,The Neighbor Wager,Crystal Kaswell
850,1954,0.6734947,book_e2f9916ecc3798a3,Rules for Second Chances,Maggie North,book_a16bd39cb6316990,You Can't Hurry Second Chances: A Novel,Michelle Stimpson
850,902,0.6175023,book_e2f9916ecc3798a3,Rules for Second Chances,Maggie North,book_c70227980b8dec46,Both Things Are True,Kathleen Barber
850,1266,0.6088165,book_e2f9916ecc3798a3,Rules for Second Chances,Maggie North,book_173aa4e0e1b20e55,If You Ask Me,Libby Hubscher
850,1085,0.60508513,book_e2f9916ecc3798a3,Rules for Second Chances,Maggie North,book_5cbd15659b94f026,Five First Chances,Sarah Jost
854,2132,0.60082483,book_84e8db91eddcf76c,"Long Live Evil (Time of Iron, #1)",Sarah Rees Brennan,book_cab6680dbc2115b4,Death Meets Cute,J. Penner
855,1816,0.60858583,book_794669efa4a3cb73,Zomromcom (Supernatural Entanglements Book 1),Olivia Dade,book_30818ee2ec908551,World's Okayest Oracle (Reluctantly) Seeks Demon (Supernatural Entanglements),Olivia Dade
855,2491,0.60092103,book_794669efa4a3cb73,Zomromcom (Supernatural Entanglements Book 1),Olivia Dade,book_82f7566c33246359,"Filthy Rich Vampire (Filthy Rich Vampires, #1)",Geneva Lee
857,2287,0.6504314,book_96dc9709ba9ea2e6,The Lending Library,Aliza Fogelson,book_003521d750e29881,This Book Made Me Think of You,Libby Page
857,2284,0.6358875,book_96dc9709ba9ea2e6,The Lending Library,Aliza Fogelson,book_ed69a4cba0d2a939,The Reading List,Sara Nisha Adams
857,2041,0.62522227,book_96dc9709ba9ea2e6,The Lending Library,Aliza Fogelson,book_02448bcaa4573123,The Rainy Day Bookshop,RaeAnne Thayne
857,2218,0.6123514,book_96dc9709ba9ea2e6,The Lending Library,Aliza Fogelson,book_b261d07dedc29bf5,Life: A Love Story,Elizabeth Berg
859,872,0.64307106,book_b909fbf9a244f5d8,First Witches Club,Maisey Yates,book_85893a56e077ab04,The Book Witch,Meg Shaffer
859,1267,0.6244578,book_b909fbf9a244f5d8,First Witches Club,Maisey Yates,book_61a051e96123a8c3,"Not the Witch You Wed (Supernatural Singles, #1)",April Asher
859,1740,0.6216688,book_b909fbf9a244f5d8,First Witches Club,Maisey Yates,book_625fc09be7686385,"Letters from the Last Apothecary (Tressport Magic, #1)",Bita Behzadi
859,1358,0.60720146,book_b909fbf9a244f5d8,First Witches Club,Maisey Yates,book_461d2f762627185c,"It Happened One Midnight (Fairy Godmothers, Inc., #3)",Saranna DeWylde
859,1704,0.60412,book_b909fbf9a244f5d8,First Witches Club,Maisey Yates,book_fbac83e321e3a835,"Birth of the Witch (A Coven of Three Trilogy, #1)",Nora Roberts
859,958,0.6037364,book_b909fbf9a244f5d8,First Witches Club,Maisey Yates,book_ede617ea96d1a8d3,Exes and O's (The Influencer #2),Amy Lea
860,2358,0.63053787,book_49a4118cc6fbf459,Little Miss Petty,Sally Kilpatrick,book_95384776c596ba5f,No One Will Miss Her,Kat Rosenfield
860,1585,0.62123656,book_49a4118cc6fbf459,Little Miss Petty,Sally Kilpatrick,book_a0c8979bd823baea,The Help,Kathryn Stockett
860,1699,0.6060293,book_49a4118cc6fbf459,Little Miss Petty,Sally Kilpatrick,book_ebf560b2a59cde0b,What We Found Instead: A Novel,Heidi Reimer
868,879,0.6374657,book_63ec0431094f3965,The Final Score,Lana Ferguson,book_94b9ea8e1f88d164,"The Score (Off-Campus, #3)",Elle Kennedy
868,1850,0.60797113,book_63ec0431094f3965,The Final Score,Lana Ferguson,book_c242c56a70aab2aa,"The Mistake (Off-Campus, #2)",Elle Kennedy
868,1017,0.604723,book_63ec0431094f3965,The Final Score,Lana Ferguson,book_f71ad8a30439877b,"Pucked (Pucked, #1)",Helena Hunting
868,1040,0.6029978,book_63ec0431094f3965,The Final Score,Lana Ferguson,book_65bfd981f5ea2b84,Same Time Next Year,Tessa Bailey
868,2267,0.6013143,book_63ec0431094f3965,The Final Score,Lana Ferguson,book_ce6bb0606f4cfffe,Endgame,Willa Gray
868,2701,0.6002352,book_63ec0431094f3965,The Final Score,Lana Ferguson,book_63d665daca3cb17e,"Icebreaker (Maple Hills, #1)",Hannah Grace
870,3258,0.61613303,book_2175c9ec802ca131,Wait With Me,Amy Daws,book_90bf2823e300094e,"Wait for You (Wait for You, #1)",J. Lynn
871,1105,0.6054495,book_01fa0b676b74c7cd,Rules for the Summer,Meghan Quinn,book_e90a920296f179d4,Summer Reading,Jenn McKinlay
872,1386,0.60474086,book_85893a56e077ab04,The Book Witch,Meg Shaffer,book_b144ead279905f20,"A Letter to Three Witches (A Cupcake Coven Romance, #1)",Elizabeth Bass
873,1748,0.60057807,book_323fbe737382c7a4,"Princeweaver (Land of the Wildest Skies, #1)",Elian J. Morgan,book_55bb5f2f2122cd2d,To Drown a Witch,Lindsey Olsson
878,1864,0.644004,book_2d01fdbc1284c44e,"Right Man, Right Time (The Vancouver Agitators, #3)",Meghan Quinn,book_276f80d1a72dbdb7,"Just Playing for Keeps (Hockey Ever After, #2)",Lauren Blakely
878,995,0.6430304,book_2d01fdbc1284c44e,"Right Man, Right Time (The Vancouver Agitators, #3)",Meghan Quinn,book_1f68c620dbea3a86,"Behind the Net (Vancouver Storm, #1)",Stephanie Archer
878,1354,0.6027391,book_2d01fdbc1284c44e,"Right Man, Right Time (The Vancouver Agitators, #3)",Meghan Quinn,book_4ae21c63e114e762,"Good Catch (Harper Landing, #2)",Jennifer Bardsley
879,1850,0.7251754,book_94b9ea8e1f88d164,"The Score (Off-Campus, #3)",Elle Kennedy,book_c242c56a70aab2aa,"The Mistake (Off-Campus, #2)",Elle Kennedy
879,2267,0.6253468,book_94b9ea8e1f88d164,"The Score (Off-Campus, #3)",Elle Kennedy,book_ce6bb0606f4cfffe,Endgame,Willa Gray
879,2701,0.6067431,book_94b9ea8e1f88d164,"The Score (Off-Campus, #3)",Elle Kennedy,book_63d665daca3cb17e,"Icebreaker (Maple Hills, #1)",Hannah Grace
879,1864,0.605312,book_94b9ea8e1f88d164,"The Score (Off-Campus, #3)",Elle Kennedy,book_276f80d1a72dbdb7,"Just Playing for Keeps (Hockey Ever After, #2)",Lauren Blakely
879,2766,0.6045886,book_94b9ea8e1f88d164,"The Score (Off-Campus, #3)",Elle Kennedy,book_37c8dd85158350a3,Waking Olivia (The Langstrom Brothers #1),Elizabeth O'Roark
879,1017,0.6001071,book_94b9ea8e1f88d164,"The Score (Off-Campus, #3)",Elle Kennedy,book_f71ad8a30439877b,"Pucked (Pucked, #1)",Helena Hunting
886,1017,0.62993574,book_e18f690eb05b0872,"Pitcher Perfect (Big Shots, #4)",Tessa Bailey,book_f71ad8a30439877b,"Pucked (Pucked, #1)",Helena Hunting
886,1003,0.6282695,book_e18f690eb05b0872,"Pitcher Perfect (Big Shots, #4)",Tessa Bailey,book_cfff551f27b01133,"Pucking Sweet (Jacksonville Rays, #3)",Emily Rath
886,1015,0.60912037,book_e18f690eb05b0872,"Pitcher Perfect (Big Shots, #4)",Tessa Bailey,book_456656e13e6c716d,"Pucked Over (Pucked, #3)",Helena Hunting
887,1513,0.6911948,book_ddc400bb1e9af347,"Christmas Games (Kinloch series, #6)",Evie Alexander,book_82e39a4b616258d1,Christmas Shopaholic,Sophie Kinsella
887,888,0.60931057,book_ddc400bb1e9af347,"Christmas Games (Kinloch series, #6)",Evie Alexander,book_e0c41d8b2d8ac4f0,"Wedding Games (Kinloch, #5)",Evie Alexander
888,891,0.63164043,book_e0c41d8b2d8ac4f0,"Wedding Games (Kinloch, #5)",Evie Alexander,book_15682e7e2eff58de,"Highland Games (Kinloch, #1)",Evie Alexander
888,890,0.6121845,book_e0c41d8b2d8ac4f0,"Wedding Games (Kinloch, #5)",Evie Alexander,book_b0591ee291c1f46f,"Hollywood Games (Kinloch, #2)",Evie Alexander
890,891,0.665107,book_b0591ee291c1f46f,"Hollywood Games (Kinloch, #2)",Evie Alexander,book_15682e7e2eff58de,"Highland Games (Kinloch, #1)",Evie Alexander
892,2568,0.603758,book_3b94e82269556ff4,Out of the Woods,Hannah Bonam-Young,book_537f347e747f8129,The Summer Pact,Emily Giffin
893,911,0.63771945,book_5c18941587fa49e7,"Bad for Business (Pembroke Hills, #2)",Kat Singleton,book_f8c9ee859f217224,"Undeniably Corrupt (Boston's Irresistible Billionaires, #7)",J. Saman
894,1979,0.63074106,book_6089d23a1155f29d,These Violet Delights,Madeleine Roux,book_45bb92a4cd968975,Road Trip,Mary Kay Andrews
894,2144,0.611395,book_6089d23a1155f29d,These Violet Delights,Madeleine Roux,book_fc733c471cd80711,The Parisian Heist,Jo Piazza
896,2398,0.6161471,book_f877a775f63a4f26,Time for You,Elizabeth Davis,book_02544124cbfd0c36,Funny Story,Emily Henry
899,1767,0.64517593,book_a6f19c1e66a608bb,Cross Your Heart and Hope He Dies,Jenny Elder Moke,book_9e05c4944b4eb4ca,"Cross My Heart, I Hope You Die",Mallory Arnold
899,1615,0.6156635,book_a6f19c1e66a608bb,Cross Your Heart and Hope He Dies,Jenny Elder Moke,book_2cdea2a4554b6af7,Someone Else's Husband,Kimberly McCreight
899,1010,0.6094309,book_a6f19c1e66a608bb,Cross Your Heart and Hope He Dies,Jenny Elder Moke,book_f2c819337e6b05b1,"Book of the Month (Outer Banks, #1)",Jennifer Probst
901,2398,0.6401256,book_15c4707452ab6399,"Get Over It, April Evans (Clover Lake, #2)",Ashley Herring Blake,book_02544124cbfd0c36,Funny Story,Emily Henry
902,3021,0.6109822,book_c70227980b8dec46,Both Things Are True,Kathleen Barber,book_991c6be8a1810ae4,A Good Marriage,Kimberly McCreight
902,1142,0.61053413,book_c70227980b8dec46,Both Things Are True,Kathleen Barber,book_b2a90242404bbd00,Real Love,Rachel Lindsay
902,1261,0.60692865,book_c70227980b8dec46,Both Things Are True,Kathleen Barber,book_9f9802cf35cf13f9,Getting His Game Back,Gia de Cadenet
902,1517,0.6042434,book_c70227980b8dec46,Both Things Are True,Kathleen Barber,book_e2f6cdcdbf184eee,"Life’s Too Short (The Friend Zone, #3)",Abby Jimenez
907,1304,0.6001258,book_52780274ffc656ff,"Homecoming King (Three Kings, #1)",Penny Reid,book_993c8d94936a77b2,The Reunion,Meghan Quinn
909,1387,0.62825227,book_bd0571a357291ceb,The Eight Heartbreaks of Hanukkah,Jean Meltzer,book_8ebbdfdd004e0681,The Matzah Ball,Jean Meltzer
911,1024,0.63778436,book_f8c9ee859f217224,"Undeniably Corrupt (Boston's Irresistible Billionaires, #7)",J. Saman,book_f0d9d9063001fefa,"Failure to Match (Bad Billionaire Bosses, #2)",Kyra Parsi
918,1899,0.6063261,book_4319c22130821ee1,Romance Is Dead,Katie Bohn,book_8909c2513af52fce,Decomposition Book,Sara van Os
929,1864,0.6534834,book_a34c3e84cf33b597,"The Wiener Across the Way (The Cocky Kingmans, #2)",Amy Award,book_276f80d1a72dbdb7,"Just Playing for Keeps (Hockey Ever After, #2)",Lauren Blakely
929,2306,0.60929525,book_a34c3e84cf33b597,"The Wiener Across the Way (The Cocky Kingmans, #2)",Amy Award,book_c3127dd590a3020d,"Only Between Us (Oakwood Bay, #2)",Ellie K. Wilde
930,3113,0.60982966,book_1249b9c1c1075c81,"Give Me Butterflies (Oaks Sisters, #1)",Jillian Meadows,book_bf28660468813a4e,"The Butterfly Garden (The Collector, #1)",Dot Hutchison
932,2373,0.68618476,book_f9df428d5c8fbdbe,This Spells Love,Kate Robb,book_13c9967a8114c021,"Under Your Spell (Theo & Cynthie, #1)",Laura Wood
932,2405,0.6274198,book_f9df428d5c8fbdbe,This Spells Love,Kate Robb,book_d1ffa00031b23598,"Just for the Summer (Part of Your World, #3)",Abby Jimenez
933,2344,0.6039275,book_b3f26851fa81e957,Prime Time Romance,Kate Robb,book_b23cc711122471c8,The Things We Do for Love,Kristin Hannah
938,1431,0.61056316,book_6b799f9004cca2e0,Cruel Winter with You,Ali Hazelwood,book_0a8ae00d02c02591,Let It Snow,John Green
941,958,0.6087544,book_3ce477e51486eb95,The Heartbreak Rule,Stephanie Archer,book_ede617ea96d1a8d3,Exes and O's (The Influencer #2),Amy Lea
943,1127,0.7178086,book_5c57da97775e05d9,The Librarians of Lisbon,Suzanne Nelson,book_a65f5f2134174cc2,The Book Spy,Alan Hlad
953,954,0.70428395,book_59778951043f2781,"The Wrong Mr. Right (Queen's Cove, #2)",Stephanie Archer,book_4db9b394d649b9bb,"That Kind of Guy (Queen's Cove, #1)",Stephanie Archer
956,1555,0.68276,book_f5721c38bf776f01,"The Heart Principle (The Kiss Quotient, #3)",Helen Hoang,book_1d34d35f05a689d3,"The Kiss Quotient (The Kiss Quotient, #1)",Helen Hoang
956,1495,0.61704195,book_f5721c38bf776f01,"The Heart Principle (The Kiss Quotient, #3)",Helen Hoang,book_ae7dd465112f56dd,"The Bride Test (The Kiss Quotient, #2)",Helen Hoang
958,1266,0.62661743,book_ede617ea96d1a8d3,Exes and O's (The Influencer #2),Amy Lea,book_173aa4e0e1b20e55,If You Ask Me,Libby Hubscher
959,1368,0.71199167,book_67a4c89e5b329ae0,"Under One Roof (The STEMinist Novellas, #1)",Ali Hazelwood,book_7b2e9d48d34a8c8f,"Loathe to Love You (The STEMinist Novellas, #1-3)",Ali Hazelwood
959,1231,0.70086503,book_67a4c89e5b329ae0,"Under One Roof (The STEMinist Novellas, #1)",Ali Hazelwood,book_f43451b1ba601b8c,"Stuck with You (The STEMinist Novellas, #2)",Ali Hazelwood
959,1228,0.6565856,book_67a4c89e5b329ae0,"Under One Roof (The STEMinist Novellas, #1)",Ali Hazelwood,book_443bcf402a6e2970,"Below Zero (The STEMinist Novellas, #3)",Ali Hazelwood
959,1038,0.6107998,book_67a4c89e5b329ae0,"Under One Roof (The STEMinist Novellas, #1)",Ali Hazelwood,book_1e65d89909f8db41,"Not in Love (Not in Love, #1)",Ali Hazelwood
960,1285,0.65482825,book_8e5c6790cdf31e8e,"Ship Wrecked (Spoiler Alert, #3)",Olivia Dade,book_8736a801eb12e7f7,"All the Feels (Spoiler Alert, #2)",Olivia Dade
960,1372,0.65482825,book_8e5c6790cdf31e8e,"Ship Wrecked (Spoiler Alert, #3)",Olivia Dade,book_aa51a17da965596d,"All the Feels (Spoiler Alert, #2)",Olivia Dade
964,1319,0.77479225,book_7e6133b08aad1d5d,"Neon Gods (Dark Olympus, #1)",Katee Robert,book_b2f30d357bd91ac8,Hot as Hades,Alisha Rai
964,1247,0.6985422,book_7e6133b08aad1d5d,"Neon Gods (Dark Olympus, #1)",Katee Robert,book_ff08df7b422e7774,"A Game of Retribution (Hades Saga, #2)",Scarlett St. Clair
964,3298,0.6920873,book_7e6133b08aad1d5d,"Neon Gods (Dark Olympus, #1)",Katee Robert,book_89fcb89b164a3f25,Demons of the Sun,Cindi Madsen
965,1540,0.6534178,book_581c62254da62bb9,"First Comes Like (Modern Love, #3)",Alisha Rai,book_1727b8e289c3f5bb,"The Right Swipe (Modern Love, #1)",Alisha Rai
965,1539,0.61602217,book_581c62254da62bb9,"First Comes Like (Modern Love, #3)",Alisha Rai,book_14258d8adfac52a9,"Girl Gone Viral (Modern Love, #2)",Alisha Rai
965,1384,0.612018,book_581c62254da62bb9,"First Comes Like (Modern Love, #3)",Alisha Rai,book_12651585aed92e97,"Love, Comment, Subscribe (Ponto Beach Reunion, #1)",Cathy Yardley
969,1545,0.6045331,book_0a15f503b683903c,Josh and Hazel's Guide to Not Dating,Christina Lauren,book_94344f043a808520,My Favorite Half-Night Stand,Christina Lauren
971,2412,0.66302526,book_2da9b5233570c458,One Day in December,Josie Silver,book_bc01bc9df4ed0c71,"Always, in December",Emily Stone
971,2203,0.6008266,book_2da9b5233570c458,One Day in December,Josie Silver,book_14d1c49c035ee1b1,The Night Bus,Tessa Bickers
972,1370,0.7026994,book_32fc5161c2f4161d,"Barbarian's Touch (Ice Planet Barbarians, #7)",Ruby Dixon,book_fd1c95f8ca792f62,"Barbarian's Lady (Ice Planet Barbarians, #13)",Ruby Dixon
972,1396,0.6899705,book_32fc5161c2f4161d,"Barbarian's Touch (Ice Planet Barbarians, #7)",Ruby Dixon,book_613875c6662b4da5,"Barbarian's Mate (Ice Planet Barbarians, #6)",Ruby Dixon
972,1399,0.6781632,book_32fc5161c2f4161d,"Barbarian's Touch (Ice Planet Barbarians, #7)",Ruby Dixon,book_fba354572fff5299,"Barbarian Lover (Ice Planet Barbarians, #3)",Ruby Dixon
972,973,0.66663176,book_32fc5161c2f4161d,"Barbarian's Touch (Ice Planet Barbarians, #7)",Ruby Dixon,book_e6613388c8c4d0f3,"Barbarian's Prize (Ice Planet Barbarians, #5)",Ruby Dixon
972,1398,0.66396034,book_32fc5161c2f4161d,"Barbarian's Touch (Ice Planet Barbarians, #7)",Ruby Dixon,book_e5f6404f3269f696,"Barbarian Mine (Ice Planet Barbarians, #4)",Ruby Dixon
972,1395,0.65428025,book_32fc5161c2f4161d,"Barbarian's Touch (Ice Planet Barbarians, #7)",Ruby Dixon,book_98f88d8d29a2ec83,"Barbarian's Taming (Ice Planet Barbarians, #8)",Ruby Dixon
972,1401,0.6229775,book_32fc5161c2f4161d,"Barbarian's Touch (Ice Planet Barbarians, #7)",Ruby Dixon,book_43b585633af7e9d3,"Ice Planet Barbarians (Ice Planet Barbarians, #1)",Ruby Dixon
972,1371,0.61898655,book_32fc5161c2f4161d,"Barbarian's Touch (Ice Planet Barbarians, #7)",Ruby Dixon,book_55770e641ffd1f21,"Barbarian's Rescue (Ice Planet Barbarians, #14)",Ruby Dixon
972,1224,0.61747,book_32fc5161c2f4161d,"Barbarian's Touch (Ice Planet Barbarians, #7)",Ruby Dixon,book_815c6ee733cc8629,"Barbarian's Tease (Ice Planet Barbarians, #15)",Ruby Dixon
973,1399,0.790823,book_e6613388c8c4d0f3,"Barbarian's Prize (Ice Planet Barbarians, #5)",Ruby Dixon,book_fba354572fff5299,"Barbarian Lover (Ice Planet Barbarians, #3)",Ruby Dixon
973,1373,0.68096864,book_e6613388c8c4d0f3,"Barbarian's Prize (Ice Planet Barbarians, #5)",Ruby Dixon,book_fb884a94b470f9fe,"Barbarian's Choice (Ice Planet Barbarians, #11)",Ruby Dixon
973,1396,0.6782124,book_e6613388c8c4d0f3,"Barbarian's Prize (Ice Planet Barbarians, #5)",Ruby Dixon,book_613875c6662b4da5,"Barbarian's Mate (Ice Planet Barbarians, #6)",Ruby Dixon
973,1395,0.67099655,book_e6613388c8c4d0f3,"Barbarian's Prize (Ice Planet Barbarians, #5)",Ruby Dixon,book_98f88d8d29a2ec83,"Barbarian's Taming (Ice Planet Barbarians, #8)",Ruby Dixon
973,1393,0.6558073,book_e6613388c8c4d0f3,"Barbarian's Prize (Ice Planet Barbarians, #5)",Ruby Dixon,book_99001b014851dacc,"Barbarian's Hope (Ice Planet Barbarians, #10)",Ruby Dixon
973,1370,0.65009713,book_e6613388c8c4d0f3,"Barbarian's Prize (Ice Planet Barbarians, #5)",Ruby Dixon,book_fd1c95f8ca792f62,"Barbarian's Lady (Ice Planet Barbarians, #13)",Ruby Dixon
973,1398,0.6440803,book_e6613388c8c4d0f3,"Barbarian's Prize (Ice Planet Barbarians, #5)",Ruby Dixon,book_e5f6404f3269f696,"Barbarian Mine (Ice Planet Barbarians, #4)",Ruby Dixon
973,1392,0.6314869,book_e6613388c8c4d0f3,"Barbarian's Prize (Ice Planet Barbarians, #5)",Ruby Dixon,book_3bcab5c928011a05,"Barbarian's Beloved (Ice Planet Barbarians, #16)",Ruby Dixon
973,1224,0.6197859,book_e6613388c8c4d0f3,"Barbarian's Prize (Ice Planet Barbarians, #5)",Ruby Dixon,book_815c6ee733cc8629,"Barbarian's Tease (Ice Planet Barbarians, #15)",Ruby Dixon
973,1401,0.6147127,book_e6613388c8c4d0f3,"Barbarian's Prize (Ice Planet Barbarians, #5)",Ruby Dixon,book_43b585633af7e9d3,"Ice Planet Barbarians (Ice Planet Barbarians, #1)",Ruby Dixon
973,1371,0.61096585,book_e6613388c8c4d0f3,"Barbarian's Prize (Ice Planet Barbarians, #5)",Ruby Dixon,book_55770e641ffd1f21,"Barbarian's Rescue (Ice Planet Barbarians, #14)",Ruby Dixon
974,1551,0.62829995,book_7e12347da5d7c9ba,I've Got Your Number,Sophie Kinsella,book_da063f32fa18c23f,In Case You Missed It,Lindsey Kelk
975,1442,0.6462295,book_d53e17b1cac378fc,"Dash & Lily's Book of Dares (Dash & Lily, #1)",Rachel Cohn,book_545c8b4ae0c38a83,Nick & Norah's Infinite Playlist,Rachel Cohn
975,1326,0.6109656,book_d53e17b1cac378fc,"Dash & Lily's Book of Dares (Dash & Lily, #1)",Rachel Cohn,book_e918951115bdd802,"Read Between the Lines (Ms. Right, #1)",Rachel Lacey
976,3013,0.61631674,book_0a3fee4f55f69e68,Can You Keep a Secret?,Sophie Kinsella,book_caa04db30fdca072,This Secret Thing,Marybeth Mayhew Whalen
976,3093,0.6076209,book_0a3fee4f55f69e68,Can You Keep a Secret?,Sophie Kinsella,book_cfd6e12dd0c4d64a,The Secrets She Keeps,Michael Robotham
980,994,0.63198775,book_0d4cc0e7aa24f4ba,"The Wingman (Vancouver Storm, #3)",Stephanie Archer,book_caf8531c8f6ffb68,"The Fake Out (Vancouver Storm, #2)",Stephanie Archer
980,1015,0.62395537,book_0d4cc0e7aa24f4ba,"The Wingman (Vancouver Storm, #3)",Stephanie Archer,book_456656e13e6c716d,"Pucked Over (Pucked, #3)",Helena Hunting
982,2945,0.63232696,book_e3474522bec9b168,"Zoe Brennan, First Crush",Laura Piper Lee,book_d7da049fde6481d2,Moonshine & Murder (Moonshine Hollow #1),Kathleen Brooks
989,1864,0.6467377,book_82ffddd83b11c52d,"If You Need Me (Toronto Terror, #3)",Helena Hunting,book_276f80d1a72dbdb7,"Just Playing for Keeps (Hockey Ever After, #2)",Lauren Blakely
989,1866,0.6207038,book_82ffddd83b11c52d,"If You Need Me (Toronto Terror, #3)",Helena Hunting,book_3529d4df04726f6a,Fair Game (The Rules of the Rink #1),Ruth Stilling
989,1016,0.6056528,book_82ffddd83b11c52d,"If You Need Me (Toronto Terror, #3)",Helena Hunting,book_9c924abd9fe443f0,"Pucked Up (Pucked, #2)",Helena Hunting
991,1270,0.62321043,book_27631e70dcf7f429,The Mr. Right Checklist,Melissa Foster,book_1ae55d71b7693ad8,The Wedding Crasher,Mia Sosa
991,1234,0.6042794,book_27631e70dcf7f429,The Mr. Right Checklist,Melissa Foster,book_2a1f4e44075717b6,Do You Take This Man,Denise Williams
992,1879,0.6669883,book_024b5ae49dbc3c5a,Variation,Rebecca Yarros,book_dda2b564001d267a,Watching You,Kate Anslinger
992,3165,0.60127866,book_024b5ae49dbc3c5a,Variation,Rebecca Yarros,book_632d0537ea3cae52,"Everything We Keep (Everything, #1)",Kerry Lonsdale
994,2157,0.6312202,book_caf8531c8f6ffb68,"The Fake Out (Vancouver Storm, #2)",Stephanie Archer,book_13c41692e9d2bce0,But I Hate Him,Page Powars
994,1864,0.6186348,book_caf8531c8f6ffb68,"The Fake Out (Vancouver Storm, #2)",Stephanie Archer,book_276f80d1a72dbdb7,"Just Playing for Keeps (Hockey Ever After, #2)",Lauren Blakely
738,994,0.6024288,book_f21f130ee8190eb9,Evening the Score,Lexi LaFleur Brown,book_caf8531c8f6ffb68,"The Fake Out (Vancouver Storm, #2)",Stephanie Archer
996,2689,0.68062484,book_8ef0803d4fc45178,"I Do with You (Maple Creek, #1)",Lauren Landish,book_054ee1ab88a65d67,After I Do,Taylor Jenkins Reid
996,2374,0.6385417,book_8ef0803d4fc45178,"I Do with You (Maple Creek, #1)",Lauren Landish,book_e0e15004f903d727,"When You Are Mine (The Bennett Series, 1)",Kennedy Ryan
1000,1017,0.77262414,book_82a459a258ae4295,"Forever Pucked (Pucked, #4)",Helena Hunting,book_f71ad8a30439877b,"Pucked (Pucked, #1)",Helena Hunting
1001,2476,0.61108077,book_e0b8407c4d142ab5,Miranda in Retrograde,Lauren Layne,book_e9666bc759562e78,The Astrology House,Carinn Jade
1003,2576,0.6711723,book_cfff551f27b01133,"Pucking Sweet (Jacksonville Rays, #3)",Emily Rath,book_c5a05db853030309,"Pucking Wild (Jacksonville Rays Hockey, #2)",Emily Rath
1003,1864,0.6441611,book_cfff551f27b01133,"Pucking Sweet (Jacksonville Rays, #3)",Emily Rath,book_276f80d1a72dbdb7,"Just Playing for Keeps (Hockey Ever After, #2)",Lauren Blakely
1003,2135,0.6416121,book_cfff551f27b01133,"Pucking Sweet (Jacksonville Rays, #3)",Emily Rath,book_bafc56bd289596c2,The Good Girl Exception (Hellcats Hockey #2),Maren Moore
1003,1866,0.63732743,book_cfff551f27b01133,"Pucking Sweet (Jacksonville Rays, #3)",Emily Rath,book_3529d4df04726f6a,Fair Game (The Rules of the Rink #1),Ruth Stilling
1004,2358,0.63879347,book_f0be0366b0b01223,Spring Fling,Annie England Noblin,book_95384776c596ba5f,No One Will Miss Her,Kat Rosenfield
1005,1120,0.6934275,book_59a5dec479b57229,Ready to Score,Jodie Slaughter,book_2f03c2a95bca9ad8,Play to Win,Jodie Slaughter
1005,1185,0.63190174,book_59a5dec479b57229,Ready to Score,Jodie Slaughter,book_29264f6d55bc47ae,Bet on It,Jodie Slaughter
1006,1315,0.6172271,book_0360c3365af0a7e3,"A Queen's Game (A Queen's Duet, #1)",Katharine McGee,book_edf21ab963ec3e23,American Royals II: Majesty,Katharine McGee
1010,1262,0.6139943,book_f2c819337e6b05b1,"Book of the Month (Outer Banks, #1)",Jennifer Probst,book_d52bfbb677db889d,By Any Other Name,Lauren Kate
1011,2853,0.6448364,book_53315d1640b872ec,"Lost and Lassoed (Rebel Blue Ranch, #3)",Lyla Sage,book_3df6374880e49464,Cowboy Summer (Blue Sky Cowboys #1),Joanne Kennedy
1011,1824,0.6434422,book_53315d1640b872ec,"Lost and Lassoed (Rebel Blue Ranch, #3)",Lyla Sage,book_676a5835c6ae39ce,"Soul Searching (Sweetwater Peak, #1)",Lyla Sage
1011,1998,0.63429654,book_53315d1640b872ec,"Lost and Lassoed (Rebel Blue Ranch, #3)",Lyla Sage,book_0ed2f53b5091fe18,"Cowboy Casual (The Calloway Ranch, #1)",Holly Renee
1014,1136,0.61060315,book_83b23bdcdd716ca1,Holiday Star,Melissa Dymond,book_8aa1fb5250c8c079,The Christmas Wish,Lindsey Kelk
1015,1864,0.6461513,book_456656e13e6c716d,"Pucked Over (Pucked, #3)",Helena Hunting,book_276f80d1a72dbdb7,"Just Playing for Keeps (Hockey Ever After, #2)",Lauren Blakely
1015,1016,0.64492357,book_456656e13e6c716d,"Pucked Over (Pucked, #3)",Helena Hunting,book_9c924abd9fe443f0,"Pucked Up (Pucked, #2)",Helena Hunting
1015,2576,0.6362442,book_456656e13e6c716d,"Pucked Over (Pucked, #3)",Helena Hunting,book_c5a05db853030309,"Pucking Wild (Jacksonville Rays Hockey, #2)",Emily Rath
1015,1017,0.6331,book_456656e13e6c716d,"Pucked Over (Pucked, #3)",Helena Hunting,book_f71ad8a30439877b,"Pucked (Pucked, #1)",Helena Hunting
1015,2701,0.6064998,book_456656e13e6c716d,"Pucked Over (Pucked, #3)",Helena Hunting,book_63d665daca3cb17e,"Icebreaker (Maple Hills, #1)",Hannah Grace
1017,2701,0.6877659,book_f71ad8a30439877b,"Pucked (Pucked, #1)",Helena Hunting,book_63d665daca3cb17e,"Icebreaker (Maple Hills, #1)",Hannah Grace
1017,1864,0.61724675,book_f71ad8a30439877b,"Pucked (Pucked, #1)",Helena Hunting,book_276f80d1a72dbdb7,"Just Playing for Keeps (Hockey Ever After, #2)",Lauren Blakely
1017,1850,0.613592,book_f71ad8a30439877b,"Pucked (Pucked, #1)",Helena Hunting,book_c242c56a70aab2aa,"The Mistake (Off-Campus, #2)",Elle Kennedy
1023,1024,0.6468668,book_7a84f9d251835201,"A Deal with the Bossy Devil (Bad Billionaire Bosses, #1)",Kyra Parsi,book_f0d9d9063001fefa,"Failure to Match (Bad Billionaire Bosses, #2)",Kyra Parsi
1024,1102,0.6467571,book_f0d9d9063001fefa,"Failure to Match (Bad Billionaire Bosses, #2)",Kyra Parsi,book_65cfeb1406ffb07b,"The Agreement (Morally Grey Billionaires, #3)",L. Steele
1025,2998,0.99999994,book_4885f1a6094be612,"It Ends with Us (It Ends with Us, #1)",Colleen Hoover,book_c7359e5991c94638,"It Ends with Us (It Ends with Us, #1)",Colleen Hoover
1025,2369,0.77693135,book_4885f1a6094be612,"It Ends with Us (It Ends with Us, #1)",Colleen Hoover,book_c8a2cec522bb9bfe,"It Starts with Us (It Ends with Us, #2)",Colleen Hoover
1025,2666,0.60274893,book_4885f1a6094be612,"It Ends with Us (It Ends with Us, #1)",Colleen Hoover,book_8669ce2550c837b7,A Twisted Love Story,Samantha Downing
1025,1045,0.6004535,book_4885f1a6094be612,"It Ends with Us (It Ends with Us, #1)",Colleen Hoover,book_985be0978146ac3d,The Neighbor Wager,Crystal Kaswell
1027,2148,0.61358523,book_02efe01f42dceb56,She Doesn't Have a Clue,Jenny Elder Moke,book_f9ed757ac0d99f54,Kiss Slay Replay,Rachel Harrison
1028,2464,0.64833015,book_27607d7cb68ccfaf,A Five-Letter Word for Love,Amy James,book_cf9c53c53d06ca7f,Love at First Book,Jenn McKinlay
1033,1503,0.6497199,book_2614b867856d06ce,"Elizabeth of East Hampton (For the Love of Austen, #2)",Audrey Bellezza,book_064f2771f6387370,Pride and Prejudice,Jane Austen
1033,1778,0.6371179,book_2614b867856d06ce,"Elizabeth of East Hampton (For the Love of Austen, #2)",Audrey Bellezza,book_316e2df0d8f83558,Most Ardently Yours,Freya Sampson
1033,1499,0.61516845,book_2614b867856d06ce,"Elizabeth of East Hampton (For the Love of Austen, #2)",Audrey Bellezza,book_a0fc6f42baf5563a,Sense and Sensibility,Jane Austen
1035,1524,0.6514356,book_59ef467841ebf3e7,Degrees of Engagement,Jennifer Hennessy,book_83c8f21685a301a2,"The Wedding Date (The Wedding Date, #1)",Jasmine Guillory
1035,3264,0.6341556,book_59ef467841ebf3e7,Degrees of Engagement,Jennifer Hennessy,book_8949d69210aae96a,"Falling for Her Fiance (Accidentally in Love, #1)",Cindi Madsen
1035,2689,0.6204516,book_59ef467841ebf3e7,Degrees of Engagement,Jennifer Hennessy,book_054ee1ab88a65d67,After I Do,Taylor Jenkins Reid
1038,1368,0.65332127,book_1e65d89909f8db41,"Not in Love (Not in Love, #1)",Ali Hazelwood,book_7b2e9d48d34a8c8f,"Loathe to Love You (The STEMinist Novellas, #1-3)",Ali Hazelwood
1038,1231,0.6195568,book_1e65d89909f8db41,"Not in Love (Not in Love, #1)",Ali Hazelwood,book_f43451b1ba601b8c,"Stuck with You (The STEMinist Novellas, #2)",Ali Hazelwood
1038,1049,0.6000898,book_1e65d89909f8db41,"Not in Love (Not in Love, #1)",Ali Hazelwood,book_37234c114420f783,"Love, Theoretically",Ali Hazelwood
1040,1864,0.63522154,book_65bfd981f5ea2b84,Same Time Next Year,Tessa Bailey,book_276f80d1a72dbdb7,"Just Playing for Keeps (Hockey Ever After, #2)",Lauren Blakely
1041,1265,0.665444,book_10d18597cb73d513,At First Spite (Harlot's Bay #1),Olivia Dade,book_825ab0f0c97c2144,Love at First Spite,Anna E. Collins
1043,1597,0.8343944,book_9040401a3518eab5,"SAMPLER ONLY: Catching Fire (The Hunger Games, #2)",Suzanne Collins,book_4598456962eb868f,"Catching Fire (The Hunger Games, #2)",Suzanne Collins
1043,1553,0.74472374,book_9040401a3518eab5,"SAMPLER ONLY: Catching Fire (The Hunger Games, #2)",Suzanne Collins,book_a1793dca2326aa46,"The Hunger Games (The Hunger Games, #1)",Suzanne Collins
1043,1595,0.7064693,book_9040401a3518eab5,"SAMPLER ONLY: Catching Fire (The Hunger Games, #2)",Suzanne Collins,book_63a06456a1a01b64,"Mockingjay (The Hunger Games, #3)",Suzanne Collins
1045,2998,0.6004535,book_985be0978146ac3d,The Neighbor Wager,Crystal Kaswell,book_c7359e5991c94638,"It Ends with Us (It Ends with Us, #1)",Colleen Hoover
1046,1047,0.7876358,book_f1c2b4f93ea3359a,The Adventures of Bubbie and Juju: Sharing Siblings,Maureen O'Hara,book_a7759fecebd41322,The Adventures of Juju and Bubbie: The Return of the Key (Bubbie and Juju Book 2),Maureen O'Hara
1046,1048,0.63382244,book_f1c2b4f93ea3359a,The Adventures of Bubbie and Juju: Sharing Siblings,Maureen O'Hara,book_9e1f57054e4968f3,The Adventures of Bubbie and Juju : The Key's Lesson,Maureen O'Hara
1047,1048,0.86462855,book_a7759fecebd41322,The Adventures of Juju and Bubbie: The Return of the Key (Bubbie and Juju Book 2),Maureen O'Hara,book_9e1f57054e4968f3,The Adventures of Bubbie and Juju : The Key's Lesson,Maureen O'Hara
1051,1629,0.72404754,book_54270bcaf3497de8,The Wife App,Carolyn Mackler,book_9f0ff68367f777c7,"Perfect Wives, Perfect Lies: A Novel",Jennifer Anne Gordon
1051,2928,0.6707245,book_54270bcaf3497de8,The Wife App,Carolyn Mackler,book_2c1f3355bcde0958,The Next Wife,Kaira Rouda
1051,2689,0.6665729,book_54270bcaf3497de8,The Wife App,Carolyn Mackler,book_054ee1ab88a65d67,After I Do,Taylor Jenkins Reid
1051,2328,0.65619874,book_54270bcaf3497de8,The Wife App,Carolyn Mackler,book_072bf2d881c2a018,His First Wife,Sue Watson
1051,2344,0.65177625,book_54270bcaf3497de8,The Wife App,Carolyn Mackler,book_b23cc711122471c8,The Things We Do for Love,Kristin Hannah
1051,3219,0.6423903,book_54270bcaf3497de8,The Wife App,Carolyn Mackler,book_ace878d971368d4e,The Husband's Secret,Liane Moriarty
1051,2930,0.64075613,book_54270bcaf3497de8,The Wife App,Carolyn Mackler,book_f6ab898547df100a,The Family Next Door,Sally Hepworth
1051,3006,0.63857245,book_54270bcaf3497de8,The Wife App,Carolyn Mackler,book_242b0065d927a8b4,Husband (Betrothed #2),Penelope Sky
1051,3048,0.63848543,book_54270bcaf3497de8,The Wife App,Carolyn Mackler,book_34764fbf0a7c9710,My Lovely Wife,Samantha Downing
1051,3233,0.63693416,book_54270bcaf3497de8,The Wife App,Carolyn Mackler,book_2c0227e5d9f1cbfb,"The Marriage Bargain (Marriage to a Billionaire, #1)",Jennifer Probst
1051,2863,0.6361412,book_54270bcaf3497de8,The Wife App,Carolyn Mackler,book_3edf054a871bb041,The Last One Home,Victoria Helen Stone
1051,2347,0.6327169,book_54270bcaf3497de8,The Wife App,Carolyn Mackler,book_2da58e932c4981a0,The Third Wife,Lisa Jewell
1051,1881,0.629043,book_54270bcaf3497de8,The Wife App,Carolyn Mackler,book_adfc9a4e32eb15df,Trad Wife,Sarah Langan
1051,2218,0.6288054,book_54270bcaf3497de8,The Wife App,Carolyn Mackler,book_b261d07dedc29bf5,Life: A Love Story,Elizabeth Berg
1054,2949,0.97270274,book_a1b8ba78caf7097c,In Five Years,Rebecca Serle,book_b4621b5dee590de2,In Five Years,Rebecca Serle
1054,1795,0.6292883,book_a1b8ba78caf7097c,In Five Years,Rebecca Serle,book_bab3e01fa6f4640f,Thank You for Remembering: A Novel,Emily Harding
1068,1211,0.6836687,book_02294b896e03bdd1,Baking Yesteryear: The Best Recipes from the 1900s to the 1980s,B. Dylan Hollis,book_c696ffcaf16cf1aa,BAKE: My Best Ever Recipes for the Classics,Paul Hollywood
1068,1351,0.63703823,book_02294b896e03bdd1,Baking Yesteryear: The Best Recipes from the 1900s to the 1980s,B. Dylan Hollis,book_7ae4cc5e2911e860,"Baking with Dorie: Sweet, Salty & Simple",Dorie Greenspan
1068,2299,0.6067643,book_02294b896e03bdd1,Baking Yesteryear: The Best Recipes from the 1900s to the 1980s,B. Dylan Hollis,book_0059bff1b7638ad8,Celebrate: Joyful Baking All Year Round,Paul Hollywood
1069,1710,0.604993,book_36108f1ca6cca077,My Billionaire Fake Boyfriend (Must Love Dogs),Jennifer St. James,book_049bbc4a7ce78b8f,"I've Got a Crush on You (Darling Springs, #2)",Lauren Blakely
1071,1956,0.65317535,book_2b0fe8a5d49dbb1c,Can't Let Her Go,Kianna Alexander,book_2b3c09667794edf5,Another Life,D.M. Natalias
1071,2097,0.6041217,book_2b0fe8a5d49dbb1c,Can't Let Her Go,Kianna Alexander,book_9e43ab240ad9f663,Love Beyond Reasonable Doubt: A Novel,Swati Hegde
1071,2273,0.6003927,book_2b0fe8a5d49dbb1c,Can't Let Her Go,Kianna Alexander,book_bd0a6d6f205ad80a,"The Cherry Crush Flower Shop (Maple Falls, #3)",Harper Graham
1074,1524,0.6210246,book_49404c61b0af0004,"The Wedding Confession (Wedding Meet Cute, #1)",J.J. Knight,book_83c8f21685a301a2,"The Wedding Date (The Wedding Date, #1)",Jasmine Guillory
1074,2148,0.6085926,book_49404c61b0af0004,"The Wedding Confession (Wedding Meet Cute, #1)",J.J. Knight,book_f9ed757ac0d99f54,Kiss Slay Replay,Rachel Harrison
1075,3144,0.6110322,book_9230cd320cfa9d49,Love at 350°,Lisa Peers,book_9da76ce6e4a654e1,"Burn for You (Slow Burn, #1)",J.T. Geissinger
1077,1235,0.62085986,book_80c07dbf5526ff61,On the Plus Side,Jenny L. Howe,book_caaaef70bcde8d65,Just for Show,Julie Hamilton
1078,2043,0.60189945,book_5949fdb3c2c395b9,Artifacts of an Ex,Jennifer Chen,book_0d382d0497d177d9,Happy Ending,Chloe Liese
1079,1796,0.6371737,book_e0ea20b2b0425602,How to Honeymoon Alone,Olivia Hayle,book_67df15f5ec8d3e98,The Solo Honeymoon: A Brief Beautiful True Love Story,Laura Murphy
1079,2320,0.6041304,book_e0ea20b2b0425602,How to Honeymoon Alone,Olivia Hayle,book_e8d949a30accfc0e,"You, Me, and Forever (Blushing #1)",Laura Pavlov
1080,1936,0.6192173,book_a07f1e2b1bbf32e2,"The Honeymoon Crashers (Unhoneymooners, #1.5)",Christina Lauren,book_a5408339679b0a5b,The Paris Match,Kate Clayborn
1080,2148,0.6032307,book_a07f1e2b1bbf32e2,"The Honeymoon Crashers (Unhoneymooners, #1.5)",Christina Lauren,book_f9ed757ac0d99f54,Kiss Slay Replay,Rachel Harrison
1080,1270,0.6015537,book_a07f1e2b1bbf32e2,"The Honeymoon Crashers (Unhoneymooners, #1.5)",Christina Lauren,book_1ae55d71b7693ad8,The Wedding Crasher,Mia Sosa
1085,2000,0.61367166,book_5cbd15659b94f026,Five First Chances,Sarah Jost,book_e730775214f17553,Brighter than Before,Courtney Walsh
1085,2071,0.60698533,book_5cbd15659b94f026,Five First Chances,Sarah Jost,book_8c43a6ebade53ee0,Change of Plans,Sarah Dessen
1085,1266,0.6063204,book_5cbd15659b94f026,Five First Chances,Sarah Jost,book_173aa4e0e1b20e55,If You Ask Me,Libby Hubscher
1096,1277,0.69140065,book_b47e8c2a17c34fa8,Nora Goes Off Script,Annabel Monaghan,book_cc4a741f87709d7c,Book Lovers,Emily Henry
1096,2578,0.64275634,book_b47e8c2a17c34fa8,Nora Goes Off Script,Annabel Monaghan,book_950124bc5a2cbf74,"Never Come Back (Nora McTavish, #2)",Joe Hart
1096,2107,0.63685906,book_b47e8c2a17c34fa8,Nora Goes Off Script,Annabel Monaghan,book_51018dcb95091df1,"Perfect Life (Winter Park, #2)",Meredith Lavender
1098,1954,0.65186894,book_ed5316ae03a8e84f,The Second Chance Store,Lauren Bravo,book_a16bd39cb6316990,You Can't Hurry Second Chances: A Novel,Michelle Stimpson
1100,1142,0.632481,book_026710c4443fc6d5,The True Love Experiment,Christina Lauren,book_b2a90242404bbd00,Real Love,Rachel Lindsay
1100,1101,0.6250355,book_026710c4443fc6d5,The True Love Experiment,Christina Lauren,book_d2c49eb144afe170,Double-Decker Dreams,Lindsay MacMillan
1100,2711,0.6200609,book_026710c4443fc6d5,The True Love Experiment,Christina Lauren,book_f2826a519130c1b8,Two by Two,Nicholas Sparks
1100,2748,0.6131879,book_026710c4443fc6d5,The True Love Experiment,Christina Lauren,book_bb0d59603e755f0a,Love and Other Words,Christina Lauren
1100,1445,0.6045331,book_026710c4443fc6d5,The True Love Experiment,Christina Lauren,book_d21c4a7f182704fc,If I Never Met You,Mhairi McFarlane
1102,2702,0.6367465,book_65cfeb1406ffb07b,"The Agreement (Morally Grey Billionaires, #3)",L. Steele,book_49f1ee41cd8905c7,Black Ties & White Lies (Black Tie Billionaires #1),Kat Singleton
1102,2090,0.60407233,book_65cfeb1406ffb07b,"The Agreement (Morally Grey Billionaires, #3)",L. Steele,book_1f2efc4ff33bfe59,Sexy Nerd,Kayley Loring
1105,2450,0.7052955,book_e90a920296f179d4,Summer Reading,Jenn McKinlay,book_6246954c7a37371f,Summer Fridays,Suzanne Rindell
1105,2162,0.6945081,book_e90a920296f179d4,Summer Reading,Jenn McKinlay,book_1f54efb2360640f3,The Summer Share,Jenn McKinlay
1105,1807,0.6464257,book_e90a920296f179d4,Summer Reading,Jenn McKinlay,book_3b881b02d259bafa,Book Club Boyfriend,Jenny Holiday
1105,2284,0.6428598,book_e90a920296f179d4,Summer Reading,Jenn McKinlay,book_ed69a4cba0d2a939,The Reading List,Sara Nisha Adams
1105,2464,0.63431644,book_e90a920296f179d4,Summer Reading,Jenn McKinlay,book_cf9c53c53d06ca7f,Love at First Book,Jenn McKinlay
1105,1859,0.6333716,book_e90a920296f179d4,Summer Reading,Jenn McKinlay,book_524626107835f021,Have a Great Summer,Francesca Cocchi
1105,2760,0.62898105,book_e90a920296f179d4,Summer Reading,Jenn McKinlay,book_5dab139d35a25826,"The Summer I Turned Pretty (Summer, #1)",Jenny Han
1105,1938,0.62126464,book_e90a920296f179d4,Summer Reading,Jenn McKinlay,book_c41f800ee93f2a40,Burnout Summer,Jenna Ramirez
1105,2953,0.61541593,book_e90a920296f179d4,Summer Reading,Jenn McKinlay,book_90c5b294dcafb63e,The Last House Guest,Megan Miranda
1105,1799,0.61161923,book_e90a920296f179d4,Summer Reading,Jenn McKinlay,book_66ede69908a40283,Summer People,Sally Blakely
1105,2247,0.60617626,book_e90a920296f179d4,Summer Reading,Jenn McKinlay,book_e69a289b4a3c3db4,The House of Now and Then,Edward Underhill
1105,1935,0.6061375,book_e90a920296f179d4,Summer Reading,Jenn McKinlay,book_6e63c2e2d6328f84,Summerland Cove,Ellen Baker
1108,2071,0.6025403,book_b06fd19c81dfd563,Ship It (Startup Love #1),Evie Blum,book_8c43a6ebade53ee0,Change of Plans,Sarah Dessen
1114,1524,0.6367359,book_bb9fbda1409c8408,Love Buzz,Neely Tubati Alexander,book_83c8f21685a301a2,"The Wedding Date (The Wedding Date, #1)",Jasmine Guillory
1114,2486,0.6036519,book_bb9fbda1409c8408,Love Buzz,Neely Tubati Alexander,book_c9a1e04e92ffcde6,Can't Help Falling in Love,Sophie Sullivan
1115,1167,0.6521127,book_2327128de9ebe3fc,"At First Meet (Montgomery Ink Legacy, #2)",Carrie Ann Ryan,book_150df1e99bc73021,"Before I Let Go (Skyland, #1)",Kennedy Ryan
1115,3196,0.63526136,book_2327128de9ebe3fc,"At First Meet (Montgomery Ink Legacy, #2)",Carrie Ann Ryan,book_b7a71044a4981c4a,"Fall to You (Here and Now, #2)",Lexi Ryan
1115,3302,0.6266916,book_2327128de9ebe3fc,"At First Meet (Montgomery Ink Legacy, #2)",Carrie Ann Ryan,book_7cb1b48825ff7bf8,Love Left Behind,S.H. Kolee
1115,1783,0.6101384,book_2327128de9ebe3fc,"At First Meet (Montgomery Ink Legacy, #2)",Carrie Ann Ryan,book_100dfb324127f551,Trying Not to Love You (Moran Sisters #1),Kaylee Ryan
1115,3281,0.60652494,book_2327128de9ebe3fc,"At First Meet (Montgomery Ink Legacy, #2)",Carrie Ann Ryan,book_48667f62c102bb9d,A Bend in the Road,Nicholas Sparks
1117,1270,0.60366964,book_96a785921037882a,The Chemistry of Love,Sariah Wilson,book_1ae55d71b7693ad8,The Wedding Crasher,Mia Sosa
1117,3264,0.6010392,book_96a785921037882a,The Chemistry of Love,Sariah Wilson,book_8949d69210aae96a,"Falling for Her Fiance (Accidentally in Love, #1)",Cindi Madsen
1120,1185,0.64790845,book_2f03c2a95bca9ad8,Play to Win,Jodie Slaughter,book_29264f6d55bc47ae,Bet on It,Jodie Slaughter
1121,1533,0.6120342,book_8257ba6272753268,"Practice Makes Perfect (When in Rome, #2)",Sarah Adams,book_448807c9ba37cf29,"How Not To Fall (Belhaven, #1)",Emily Foster
1122,1354,0.6137519,book_5bd55f2ef3092e23,Seven Rules for Breaking Hearts,Kristyn J. Miller,book_4ae21c63e114e762,"Good Catch (Harper Landing, #2)",Jennifer Bardsley
1131,1697,0.650234,book_e5b9324e08d90f40,My Pokémon Cookbook: Delicious Recipes Inspired by Pikachu and Friends,Victoria Rosenthal,book_364fc77bae8fad5b,You Do You: 100+ Endlessly Adaptable Recipes to Boost Your Culinary Confidence,Serena Wolf
1134,2620,1.0,book_5fdb4ed6b666e950,Romantic Comedy,Curtis Sittenfeld,book_f790893d86d975f8,Romantic Comedy,Curtis Sittenfeld
1136,2993,0.6702066,book_8aa1fb5250c8c079,The Christmas Wish,Lindsey Kelk,book_686223032243a23c,25 Days 'Til Christmas,Poppy Alexander
1136,1659,0.6401793,book_8aa1fb5250c8c079,The Christmas Wish,Lindsey Kelk,book_b3fd94da1f5c99f4,The Christmas Yes List,Melissa Ferguson
1137,2833,0.6440505,book_b3b92ff92fefdd6e,The Librarian of Burned Books,Brianna Labuskes,book_e58549f13ea9b917,The Book of Lost Names,Kristin Harmel
1137,1586,0.63286006,book_b3b92ff92fefdd6e,The Librarian of Burned Books,Brianna Labuskes,book_955b4cebdea5e0f1,The Book Thief,Markus Zusak
1139,1383,0.64700526,book_d6a250bcdbcbf122,Highlands Christmas,Amy Quick Parrish,book_375f35f4785751e1,The Highland Fling,Meghan Quinn
1142,2414,0.6000463,book_b2a90242404bbd00,Real Love,Rachel Lindsay,book_3d2716b5c9534846,I Could Live Here Forever,Hanna Halperin
1147,1254,0.6229769,book_abd265f49caf1681,"Kiss Me, Catalina (Queens of Mariachi #2)",Priscilla Oliveras,book_87821c8e39f0b91e,West Side Love Story (Queens of Mariachi #1),Priscilla Oliveras
1149,1279,0.621065,book_99c07e8e017c2dfe,"Ex Appeal (Ponto Beach Reunion, #3)",Cathy Yardley,book_7115e3ebf074e5cc,"Gouda Friends (Ponto Beach Reunion, #2)",Cathy Yardley
1157,2362,0.619189,book_114395ae2ec57a85,"The Neighbor Favor (The Greene Sisters, #1)",Kristina Forest,book_d05ac0381a4a4c5e,When We Were Friends,Jane Green
1159,1219,0.6418222,book_0c41c1beb241b5b7,Kiss Her Once for Me,Alison Cochrun,book_71a1429097f7a125,Not That Kind of Ever After,Luci Adams
1159,1446,0.6216779,book_0c41c1beb241b5b7,Kiss Her Once for Me,Alison Cochrun,book_106cbb5415fe887b,"You Deserve Each Other (You Deserve Each Other, #1)",Sarah Hogle
1159,2689,0.6149006,book_0c41c1beb241b5b7,Kiss Her Once for Me,Alison Cochrun,book_054ee1ab88a65d67,After I Do,Taylor Jenkins Reid
1159,1277,0.61100304,book_0c41c1beb241b5b7,Kiss Her Once for Me,Alison Cochrun,book_cc4a741f87709d7c,Book Lovers,Emily Henry
1159,2488,0.6050068,book_0c41c1beb241b5b7,Kiss Her Once for Me,Alison Cochrun,book_f75950c8305ba28d,Wedding Issues,Elle Evans
1159,3177,0.6039901,book_0c41c1beb241b5b7,Kiss Her Once for Me,Alison Cochrun,book_e08e86f0d7225aae,"Last Kiss (First and Last, #2)",Laurelin Paige
1159,1800,0.60387075,book_0c41c1beb241b5b7,Kiss Her Once for Me,Alison Cochrun,book_4f8c0d246fec07ca,When Forever Falls Apart (Cinnamon Springs #2),Kat T. Masen
1159,2163,0.60032237,book_0c41c1beb241b5b7,Kiss Her Once for Me,Alison Cochrun,book_2f7bc2741b372686,You’ll Love It Here,Natalie Sue
1159,1328,0.6000731,book_0c41c1beb241b5b7,Kiss Her Once for Me,Alison Cochrun,book_9a938467234009b8,On a Night Like This,Lindsey Kelk
1160,3161,0.6109648,book_322395fab8585861,"For Her Consideration (Out in Hollywood, #1)",Amy Spalding,book_cce6022177b286f7,"Seduced (Surrender, #3)",Melody Anne
1164,1445,0.61409515,book_e34340e914a23aaa,The Man I Never Met,Elle Cook,book_d21c4a7f182704fc,If I Never Met You,Mhairi McFarlane
1166,1404,0.6123884,book_bf617849f65a2dc1,"A Very Merry Bromance (Bromance Book Club, #5)",Lyssa Kay Adams,book_bb8c2af3fe909fcc,"The Bromance Book Club (Bromance Book Club, #1)",Lyssa Kay Adams
1167,2689,0.62098217,book_150df1e99bc73021,"Before I Let Go (Skyland, #1)",Kennedy Ryan,book_054ee1ab88a65d67,After I Do,Taylor Jenkins Reid
1167,2374,0.6128049,book_150df1e99bc73021,"Before I Let Go (Skyland, #1)",Kennedy Ryan,book_e0e15004f903d727,"When You Are Mine (The Bennett Series, 1)",Kennedy Ryan
1168,2773,0.6287801,book_65d27df0d693ebdf,"Astrid Parker Doesn't Fail (Bright Falls, #2)",Ashley Herring Blake,book_ce58923445136e8b,"Delilah Green Doesn't Care (Bright Falls, #1)",Ashley Herring Blake
1169,1523,0.64631367,book_716163e84bb9edbc,"Always a Bridesmaid, Never a Plus-One",Iris Morland,book_7ef9093c602d57c9,"The Wedding Party (The Wedding Date, #3)",Jasmine Guillory
1169,1524,0.6063626,book_716163e84bb9edbc,"Always a Bridesmaid, Never a Plus-One",Iris Morland,book_83c8f21685a301a2,"The Wedding Date (The Wedding Date, #1)",Jasmine Guillory
1169,1446,0.60078156,book_716163e84bb9edbc,"Always a Bridesmaid, Never a Plus-One",Iris Morland,book_106cbb5415fe887b,"You Deserve Each Other (You Deserve Each Other, #1)",Sarah Hogle
1051,1170,0.6203567,book_54270bcaf3497de8,The Wife App,Carolyn Mackler,book_56dba7cddf529bb7,"Ever After Always (Bergman Brothers, #3)",Chloe Liese
1170,2374,0.6071391,book_56dba7cddf529bb7,"Ever After Always (Bergman Brothers, #3)",Chloe Liese,book_e0e15004f903d727,"When You Are Mine (The Bennett Series, 1)",Kennedy Ryan
1170,2689,0.6012348,book_56dba7cddf529bb7,"Ever After Always (Bergman Brothers, #3)",Chloe Liese,book_054ee1ab88a65d67,After I Do,Taylor Jenkins Reid
1171,2445,0.6103638,book_f40d2e3155de713a,"Desire and the Deep Blue Sea (Love Unscripted, #1)",Olivia Dade,book_c36ce9494ceca90e,Under Pressure,Ellie Thornton
1172,1295,0.60284704,book_1a5a4a13f767b114,The Make-Up Test,Jenny L. Howe,book_d4b503899724e960,"Need Me (Broke and Beautiful, #2)",Tessa Bailey
1174,3179,0.6074896,book_1c37383ff17c7b04,"It's Been a Pleasure, Noni Blake",Claire Christian,book_1ea9d5fccef2e0c2,"Free Me (The Found Duet, #1)",Laurelin Paige
1177,2023,0.61034673,book_ce7ffc8ba1c5e658,The Huntress,Kate Quinn,book_a3bcd318afeeec36,The Night Hunter,Natalie Moss
1182,1183,0.68923044,book_5ab67e5da315ac6e,Collapse: How Societies Choose to Fail or Succeed,Jared Diamond,book_e1eacd249d385cac,"Guns, Germs, and Steel: The Fates of Human Societies",Jared Diamond
1189,1190,0.647465,book_7d75c8b67357e984,Organizing for the Rest of Us: 100 Realistic Strategies to Keep Any House Under Control,Dana K. White,book_fd998cab9c734f7c,How to Manage Your Home Without Losing Your Mind: Dealing with Your House's Dirty Little Secrets,Dana K. White
1189,1191,0.6284735,book_7d75c8b67357e984,Organizing for the Rest of Us: 100 Realistic Strategies to Keep Any House Under Control,Dana K. White,book_367c290d793e436b,Decluttering at the Speed of Life: Winning Your Never-Ending Battle with Stuff,Dana K. White
1190,1191,0.69844055,book_fd998cab9c734f7c,How to Manage Your Home Without Losing Your Mind: Dealing with Your House's Dirty Little Secrets,Dana K. White,book_367c290d793e436b,Decluttering at the Speed of Life: Winning Your Never-Ending Battle with Stuff,Dana K. White
1194,1414,0.7134564,book_ba7d14ed17818835,All New Square Foot Gardening,Mel Bartholomew,book_fb72466f64680a19,"Square Foot Gardening with Kids: Learn Together: - Gardening Basics - Science and Math - Water Conservation - Self-sufficiency - Healthy Eating (All New Square Foot Gardening, 5) (Volume 5)",Mel Bartholomew
1200,3209,0.66536677,book_6d93989d152d9a53,"Beautiful Stranger (Beautiful Bastard, #2)",Christina Lauren,book_f6cf3d3622edda31,"Beautiful Disaster (Beautiful, #1)",Jamie McGuire
1200,3216,0.6113112,book_6d93989d152d9a53,"Beautiful Stranger (Beautiful Bastard, #2)",Christina Lauren,book_f93ad6a2b69a0311,"The Kind Worth Killing (Henry Kimball/Lily Kintner, #1)",Peter Swanson
1200,2696,0.6076844,book_6d93989d152d9a53,"Beautiful Stranger (Beautiful Bastard, #2)",Christina Lauren,book_c0ff09472d554f7f,The Kind Worth Killing (Henry Kimball/Lily Kintner #1),Peter Swanson
1200,1295,0.60727346,book_6d93989d152d9a53,"Beautiful Stranger (Beautiful Bastard, #2)",Christina Lauren,book_d4b503899724e960,"Need Me (Broke and Beautiful, #2)",Tessa Bailey
1200,1545,0.60550356,book_6d93989d152d9a53,"Beautiful Stranger (Beautiful Bastard, #2)",Christina Lauren,book_94344f043a808520,My Favorite Half-Night Stand,Christina Lauren
1200,3232,0.6031755,book_6d93989d152d9a53,"Beautiful Stranger (Beautiful Bastard, #2)",Christina Lauren,book_7677e5d9e7c30aa8,"The Stranger (Just One Night, #1.1)",Kyra Davis
1200,2929,0.6020282,book_6d93989d152d9a53,"Beautiful Stranger (Beautiful Bastard, #2)",Christina Lauren,book_926fb4c2a8932013,The Perfect Marriage,Adam Mitzner
1200,1956,0.6015911,book_6d93989d152d9a53,"Beautiful Stranger (Beautiful Bastard, #2)",Christina Lauren,book_2b3c09667794edf5,Another Life,D.M. Natalias
1211,2299,0.80360526,book_c696ffcaf16cf1aa,BAKE: My Best Ever Recipes for the Classics,Paul Hollywood,book_0059bff1b7638ad8,Celebrate: Joyful Baking All Year Round,Paul Hollywood
1211,1351,0.60788804,book_c696ffcaf16cf1aa,BAKE: My Best Ever Recipes for the Classics,Paul Hollywood,book_7ae4cc5e2911e860,"Baking with Dorie: Sweet, Salty & Simple",Dorie Greenspan
1215,2451,0.6408582,book_adaa8790c39ab8cf,"You Are Worthy: Change Your Money Mindset, Build Your Wealth, and Fund Your Future",Kelley Holland,book_956a3c1030019a76,"Reframing Rich: Creating a Better Relationship with Your Money, Yourself, and Others",Steve Coughran
1218,1585,0.6195427,book_4416fcf86aee3ddf,Smart Girl Summer,Kristin Rockaway,book_a0c8979bd823baea,The Help,Kathryn Stockett
1218,2310,0.60581064,book_4416fcf86aee3ddf,Smart Girl Summer,Kristin Rockaway,book_2d43691138a71668,Ladykiller,Katherine Wood
1219,3181,0.63470554,book_71a1429097f7a125,Not That Kind of Ever After,Luci Adams,book_1cc31ada215773bd,"Forever with You (Fixed, #3)",Laurelin Paige
1219,1721,0.6173884,book_71a1429097f7a125,Not That Kind of Ever After,Luci Adams,book_9b94e53de3761d64,Don't Fall in Love With Me,Paige Toon
1219,3182,0.61720896,book_71a1429097f7a125,Not That Kind of Ever After,Luci Adams,book_06ea7c34963c40b2,"Found in You (Fixed, #2)",Laurelin Paige
1219,2374,0.6115365,book_71a1429097f7a125,Not That Kind of Ever After,Luci Adams,book_e0e15004f903d727,"When You Are Mine (The Bennett Series, 1)",Kennedy Ryan
1221,1274,0.95485276,book_de1871ac7aaa5599,"The American Roommate Experiment (Love Deception, #2)",Elena Armas,book_510b8dfb1255cf2f,"The American Roommate Experiment (Spanish Love Deception, #2)",Elena Armas
1221,1232,0.6353172,book_de1871ac7aaa5599,"The American Roommate Experiment (Love Deception, #2)",Elena Armas,book_4b881073679822d8,"The Spanish Love Deception (Love Deception, #1)",Elena Armas
1224,1399,0.6151947,book_815c6ee733cc8629,"Barbarian's Tease (Ice Planet Barbarians, #15)",Ruby Dixon,book_fba354572fff5299,"Barbarian Lover (Ice Planet Barbarians, #3)",Ruby Dixon
1224,1373,0.60836303,book_815c6ee733cc8629,"Barbarian's Tease (Ice Planet Barbarians, #15)",Ruby Dixon,book_fb884a94b470f9fe,"Barbarian's Choice (Ice Planet Barbarians, #11)",Ruby Dixon
1228,1368,0.7321422,book_443bcf402a6e2970,"Below Zero (The STEMinist Novellas, #3)",Ali Hazelwood,book_7b2e9d48d34a8c8f,"Loathe to Love You (The STEMinist Novellas, #1-3)",Ali Hazelwood
1228,1231,0.6651256,book_443bcf402a6e2970,"Below Zero (The STEMinist Novellas, #3)",Ali Hazelwood,book_f43451b1ba601b8c,"Stuck with You (The STEMinist Novellas, #2)",Ali Hazelwood
1231,1368,0.7356286,book_f43451b1ba601b8c,"Stuck with You (The STEMinist Novellas, #2)",Ali Hazelwood,book_7b2e9d48d34a8c8f,"Loathe to Love You (The STEMinist Novellas, #1-3)",Ali Hazelwood
1231,1622,0.63942313,book_f43451b1ba601b8c,"Stuck with You (The STEMinist Novellas, #2)",Ali Hazelwood,book_431be797b1627c46,Between the Lines,Haley Cass
1231,1295,0.60522205,book_f43451b1ba601b8c,"Stuck with You (The STEMinist Novellas, #2)",Ali Hazelwood,book_d4b503899724e960,"Need Me (Broke and Beautiful, #2)",Tessa Bailey
1232,1274,0.6527117,book_4b881073679822d8,"The Spanish Love Deception (Love Deception, #1)",Elena Armas,book_510b8dfb1255cf2f,"The American Roommate Experiment (Spanish Love Deception, #2)",Elena Armas
1232,3053,0.6429882,book_4b881073679822d8,"The Spanish Love Deception (Love Deception, #1)",Elena Armas,book_909105c0e0598420,"The Opportunist (Love Me with Lies, #1)",Tarryn Fisher
1232,2787,0.642344,book_4b881073679822d8,"The Spanish Love Deception (Love Deception, #1)",Elena Armas,book_3670577207adfb26,Tell Me Lies,Carola Lovering
1232,2933,0.6173698,book_4b881073679822d8,"The Spanish Love Deception (Love Deception, #1)",Elena Armas,book_842c3aecb4c93d6d,Her Dark Lies,J.T. Ellison
1232,1721,0.61563927,book_4b881073679822d8,"The Spanish Love Deception (Love Deception, #1)",Elena Armas,book_9b94e53de3761d64,Don't Fall in Love With Me,Paige Toon
1232,3264,0.6114263,book_4b881073679822d8,"The Spanish Love Deception (Love Deception, #1)",Elena Armas,book_8949d69210aae96a,"Falling for Her Fiance (Accidentally in Love, #1)",Cindi Madsen
1232,2097,0.60795456,book_4b881073679822d8,"The Spanish Love Deception (Love Deception, #1)",Elena Armas,book_9e43ab240ad9f663,Love Beyond Reasonable Doubt: A Novel,Swati Hegde
1232,2257,0.600596,book_4b881073679822d8,"The Spanish Love Deception (Love Deception, #1)",Elena Armas,book_6e9a0709ba81c695,"A Bookish Story: a clean and wholesome, workplace, secret identity, book lovers romance",Heatherly Bell
1242,3021,0.61357117,book_c725175cf152a8a1,"Booked on a Feeling (A Sweet Mess, #3)",Jayci Lee,book_991c6be8a1810ae4,A Good Marriage,Kimberly McCreight
1246,1799,0.61557364,book_80e52804ee53d804,Float,Kate Marchant,book_66ede69908a40283,Summer People,Sally Blakely
1247,1319,0.7350304,book_ff08df7b422e7774,"A Game of Retribution (Hades Saga, #2)",Scarlett St. Clair,book_b2f30d357bd91ac8,Hot as Hades,Alisha Rai
1247,3298,0.68352216,book_ff08df7b422e7774,"A Game of Retribution (Hades Saga, #2)",Scarlett St. Clair,book_89fcb89b164a3f25,Demons of the Sun,Cindi Madsen
1247,1856,0.61285317,book_ff08df7b422e7774,"A Game of Retribution (Hades Saga, #2)",Scarlett St. Clair,book_5b970d30f3b1baf9,"The Throne of Broken Gods (Gods & Monsters, #2)",Amber V. Nicole
1255,1773,0.60865414,book_ae8f53869eafc368,"Wicked Beauty (Dark Olympus, #3)",Katee Robert,book_141eda1c3ac26b0b,This Immortal Heart,Jennifer Saint
1256,1800,0.63913107,book_4d9790fb97e78679,The Lifestyle,Taylor Hahn,book_4f8c0d246fec07ca,When Forever Falls Apart (Cinnamon Springs #2),Kat T. Masen
1256,1799,0.63244617,book_4d9790fb97e78679,The Lifestyle,Taylor Hahn,book_66ede69908a40283,Summer People,Sally Blakely
1258,3209,0.63025856,book_f6ae017d6af48351,"Make Me (Broke and Beautiful, #3)",Tessa Bailey,book_f6cf3d3622edda31,"Beautiful Disaster (Beautiful, #1)",Jamie McGuire
1258,1295,0.6187167,book_f6ae017d6af48351,"Make Me (Broke and Beautiful, #3)",Tessa Bailey,book_d4b503899724e960,"Need Me (Broke and Beautiful, #2)",Tessa Bailey
1262,1326,0.6369685,book_d52bfbb677db889d,By Any Other Name,Lauren Kate,book_e918951115bdd802,"Read Between the Lines (Ms. Right, #1)",Rachel Lacey
1262,2733,0.63235146,book_d52bfbb677db889d,By Any Other Name,Lauren Kate,book_3c2aba99b2637e68,Thank You for Listening,Julia Whelan
1262,2464,0.63073623,book_d52bfbb677db889d,By Any Other Name,Lauren Kate,book_cf9c53c53d06ca7f,Love at First Book,Jenn McKinlay
1262,1885,0.62425137,book_d52bfbb677db889d,By Any Other Name,Lauren Kate,book_ce689980abf5f7a3,Unapologetic Love Story,Elle McNicoll
1262,3165,0.62373495,book_d52bfbb677db889d,By Any Other Name,Lauren Kate,book_632d0537ea3cae52,"Everything We Keep (Everything, #1)",Kerry Lonsdale
1262,2257,0.6216491,book_d52bfbb677db889d,By Any Other Name,Lauren Kate,book_6e9a0709ba81c695,"A Bookish Story: a clean and wholesome, workplace, secret identity, book lovers romance",Heatherly Bell
1262,1528,0.6144979,book_d52bfbb677db889d,By Any Other Name,Lauren Kate,book_062916d5c9f62ec3,Beach Read,Emily Henry
1262,1965,0.6141467,book_d52bfbb677db889d,By Any Other Name,Lauren Kate,book_7bb1566654b490ea,Not a Strong Enough Word,Allie Samberts
1262,2168,0.61257786,book_d52bfbb677db889d,By Any Other Name,Lauren Kate,book_01e051cbac545caa,If Books Could Kill,Kate Eberle
1262,2218,0.6119267,book_d52bfbb677db889d,By Any Other Name,Lauren Kate,book_b261d07dedc29bf5,Life: A Love Story,Elizabeth Berg
1262,3248,0.6118833,book_d52bfbb677db889d,By Any Other Name,Lauren Kate,book_a3ff797fa19e20a7,"This Girl (Slammed, #3)",Colleen Hoover
1262,2463,0.6099849,book_d52bfbb677db889d,By Any Other Name,Lauren Kate,book_1bab8e5ee0e26434,Better Left Unsent,Lia Louis
1262,3154,0.6078346,book_d52bfbb677db889d,By Any Other Name,Lauren Kate,book_313473c1d9eb6016,Ugly Love,Colleen Hoover
1263,2486,0.6133894,book_c09f26cde5ac995d,"Starry-Eyed Love (Spark House, #2)",Helena Hunting,book_c9a1e04e92ffcde6,Can't Help Falling in Love,Sophie Sullivan
1263,1798,0.6107824,book_c09f26cde5ac995d,"Starry-Eyed Love (Spark House, #2)",Helena Hunting,book_835850f43a91cc5e,Engineering a Love Story,Kathleen Reidy
1263,1447,0.6022135,book_c09f26cde5ac995d,"Starry-Eyed Love (Spark House, #2)",Helena Hunting,book_243a86dfb4114095,Would Like to Meet,Rachel Winters
1266,3280,0.6576406,book_173aa4e0e1b20e55,If You Ask Me,Libby Hubscher,book_bb29412804190aad,The Choice,Nicholas Sparks
1266,3169,0.6349515,book_173aa4e0e1b20e55,If You Ask Me,Libby Hubscher,book_1da0ac8280b08779,Good Grief,Lolly Winston
1266,1699,0.6299213,book_173aa4e0e1b20e55,If You Ask Me,Libby Hubscher,book_ebf560b2a59cde0b,What We Found Instead: A Novel,Heidi Reimer
1266,3177,0.6297331,book_173aa4e0e1b20e55,If You Ask Me,Libby Hubscher,book_e08e86f0d7225aae,"Last Kiss (First and Last, #2)",Laurelin Paige
1266,3109,0.62098217,book_173aa4e0e1b20e55,If You Ask Me,Libby Hubscher,book_d6f82c96b4ea73d4,Every Breath,Nicholas Sparks
1266,1277,0.6200675,book_173aa4e0e1b20e55,If You Ask Me,Libby Hubscher,book_cc4a741f87709d7c,Book Lovers,Emily Henry
1266,1652,0.61704034,book_173aa4e0e1b20e55,If You Ask Me,Libby Hubscher,book_3b834342ee620dec,"Promise Me Sunshine (Hearts of New York, #2)",Cara Bastone
1266,1992,0.6151627,book_173aa4e0e1b20e55,If You Ask Me,Libby Hubscher,book_4ccf81d120d3e2dd,Return to Sender,Stephanie Parente
1266,2218,0.61479306,book_173aa4e0e1b20e55,If You Ask Me,Libby Hubscher,book_b261d07dedc29bf5,Life: A Love Story,Elizabeth Berg
1266,2488,0.6131019,book_173aa4e0e1b20e55,If You Ask Me,Libby Hubscher,book_f75950c8305ba28d,Wedding Issues,Elle Evans
1266,3186,0.6129371,book_173aa4e0e1b20e55,If You Ask Me,Libby Hubscher,book_9910e91c663f9e37,The Good Widow,Liz Fenton
1266,2107,0.6121336,book_173aa4e0e1b20e55,If You Ask Me,Libby Hubscher,book_51018dcb95091df1,"Perfect Life (Winter Park, #2)",Meredith Lavender
1267,1386,0.60742664,book_61a051e96123a8c3,"Not the Witch You Wed (Supernatural Singles, #1)",April Asher,book_b144ead279905f20,"A Letter to Three Witches (A Cupcake Coven Romance, #1)",Elizabeth Bass
1269,2532,0.6487935,book_c5c70db47ae62467,The Bodyguard,Katherine Center,book_842d448f537c60b1,Cover Story,Rachel Lacey
1270,3264,0.6674333,book_1ae55d71b7693ad8,The Wedding Crasher,Mia Sosa,book_8949d69210aae96a,"Falling for Her Fiance (Accidentally in Love, #1)",Cindi Madsen
1270,3233,0.657863,book_1ae55d71b7693ad8,The Wedding Crasher,Mia Sosa,book_2c0227e5d9f1cbfb,"The Marriage Bargain (Marriage to a Billionaire, #1)",Jennifer Probst
1270,1524,0.6367729,book_1ae55d71b7693ad8,The Wedding Crasher,Mia Sosa,book_83c8f21685a301a2,"The Wedding Date (The Wedding Date, #1)",Jasmine Guillory
1270,2205,0.62540925,book_1ae55d71b7693ad8,The Wedding Crasher,Mia Sosa,book_e3066a2c9c12ec49,How to Find a Guy in Five Weddings,Cynthia Timoti
1270,1522,0.6238874,book_1ae55d71b7693ad8,The Wedding Crasher,Mia Sosa,book_c60098184a7ba3d5,"The Proposal (The Wedding Date, #2)",Jasmine Guillory
1270,1333,0.616652,book_1ae55d71b7693ad8,The Wedding Crasher,Mia Sosa,book_d05db943a81dfe81,The Wedding Ringer,Kerry Rea
1270,3262,0.6136106,book_1ae55d71b7693ad8,The Wedding Crasher,Mia Sosa,book_45ba3cd6d5ec869f,"The Marriage Mistake (Marriage to a Billionaire, #3)",Jennifer Probst
1270,3014,0.6008854,book_1ae55d71b7693ad8,The Wedding Crasher,Mia Sosa,book_1a93f13983228597,The Marriage Lie,Kimberly Belle
1273,1528,0.65425515,book_5449c9f901c42011,The Roughest Draft,Emily Wibberley,book_062916d5c9f62ec3,Beach Read,Emily Henry
1262,1273,0.6073537,book_d52bfbb677db889d,By Any Other Name,Lauren Kate,book_5449c9f901c42011,The Roughest Draft,Emily Wibberley
1274,1534,0.63782793,book_510b8dfb1255cf2f,"The American Roommate Experiment (Spanish Love Deception, #2)",Elena Armas,book_bf2479173f87ffc9,"Love Her or Lose Her (Hot & Hammered, #2)",Tessa Bailey
1275,1517,0.6065504,book_89d49d2f04127e36,"Part of Your World (Part of Your World, #1)",Abby Jimenez,book_e2f6cdcdbf184eee,"Life’s Too Short (The Friend Zone, #3)",Abby Jimenez
1276,2169,0.6704297,book_394274ac53905554,Weather Girl,Rachel Lynn Solomon,book_ca02cfcdef5ec766,In Stormy Weather,Chelsea Curto
1277,2578,0.69326943,book_cc4a741f87709d7c,Book Lovers,Emily Henry,book_950124bc5a2cbf74,"Never Come Back (Nora McTavish, #2)",Joe Hart
1277,1442,0.66355264,book_cc4a741f87709d7c,Book Lovers,Emily Henry,book_545c8b4ae0c38a83,Nick & Norah's Infinite Playlist,Rachel Cohn
1277,2256,0.6486537,book_cc4a741f87709d7c,Book Lovers,Emily Henry,book_2681b9f01017a8ca,Sunlight Finds You,Laura Moriarty
1277,2107,0.6382607,book_cc4a741f87709d7c,Book Lovers,Emily Henry,book_51018dcb95091df1,"Perfect Life (Winter Park, #2)",Meredith Lavender
1277,2041,0.6370971,book_cc4a741f87709d7c,Book Lovers,Emily Henry,book_02448bcaa4573123,The Rainy Day Bookshop,RaeAnne Thayne
1277,2953,0.6358259,book_cc4a741f87709d7c,Book Lovers,Emily Henry,book_90c5b294dcafb63e,The Last House Guest,Megan Miranda
1277,2464,0.6277725,book_cc4a741f87709d7c,Book Lovers,Emily Henry,book_cf9c53c53d06ca7f,Love at First Book,Jenn McKinlay
1277,1699,0.62508917,book_cc4a741f87709d7c,Book Lovers,Emily Henry,book_ebf560b2a59cde0b,What We Found Instead: A Novel,Heidi Reimer
1277,2168,0.6176388,book_cc4a741f87709d7c,Book Lovers,Emily Henry,book_01e051cbac545caa,If Books Could Kill,Kate Eberle
1277,2006,0.6094429,book_cc4a741f87709d7c,Book Lovers,Emily Henry,book_04ab9fbd1f5f5d08,The Good Sister,Bonnie Traymore
1277,2104,0.6052684,book_cc4a741f87709d7c,Book Lovers,Emily Henry,book_18b6d80cc98093c1,Dog Person,Camille Pagán
1285,1372,0.99999994,book_8736a801eb12e7f7,"All the Feels (Spoiler Alert, #2)",Olivia Dade,book_aa51a17da965596d,"All the Feels (Spoiler Alert, #2)",Olivia Dade
1286,1749,0.6109214,book_fa8e3db3157b05cd,Of Women and Salt,Gabriela Garcia,book_7bf33cd34eccd7b7,Salt Sisters,Lindsey J. Palmer
1290,3318,0.644754,book_90efe12f675ad2be,"Love on the Lake (Lakeside, #2)",Helena Hunting,book_8969b538af1e9eea,On Mystic Lake,Kristin Hannah
1290,1902,0.6094238,book_90efe12f675ad2be,"Love on the Lake (Lakeside, #2)",Helena Hunting,book_e29a068c975bdbbb,The View From Lake Como: A Novel,Adriana Trigiani
1291,2592,0.6104823,book_10333cc80afd1596,Off Script,Ashley Marie,book_7ef65b1f5a518be6,The Villain Edit,Laurie Devore
1292,3231,0.6127088,book_2e084a8592c7cb6d,Brush Strokes,Sara Violet Scully,book_26502e77d14e7e2e,"Off Limits (Off, #2)",Sawyer Bennett
1295,3209,0.6693462,book_d4b503899724e960,"Need Me (Broke and Beautiful, #2)",Tessa Bailey,book_f6cf3d3622edda31,"Beautiful Disaster (Beautiful, #1)",Jamie McGuire
1295,1533,0.6123657,book_d4b503899724e960,"Need Me (Broke and Beautiful, #2)",Tessa Bailey,book_448807c9ba37cf29,"How Not To Fall (Belhaven, #1)",Emily Foster
1308,2339,0.6587578,book_7286f5195cdbd85f,"It Happened One Summer (Bellinger Sisters, #1)",Tessa Bailey,book_46985b7f91fcc80b,Good Half Gone,Tarryn Fisher
1309,1530,0.67776084,book_a6b35cdd0e762d3f,"Well Matched (Well Met, #3)",Jen DeLuca,book_ab08141d3798b4f4,"Well Played (Well Met, #2)",Jen DeLuca
1309,1310,0.64218104,book_a6b35cdd0e762d3f,"Well Matched (Well Met, #3)",Jen DeLuca,book_e756c454ae074905,"Well Traveled (Well Met, #4)",Jen DeLuca
1309,2568,0.6212163,book_a6b35cdd0e762d3f,"Well Matched (Well Met, #3)",Jen DeLuca,book_537f347e747f8129,The Summer Pact,Emily Giffin
1309,1529,0.6032598,book_a6b35cdd0e762d3f,"Well Matched (Well Met, #3)",Jen DeLuca,book_dbc7db08edf053ad,"Well Met (Well Met, #1)",Jen DeLuca
1310,1530,0.6652474,book_e756c454ae074905,"Well Traveled (Well Met, #4)",Jen DeLuca,book_ab08141d3798b4f4,"Well Played (Well Met, #2)",Jen DeLuca
1310,1529,0.60126746,book_e756c454ae074905,"Well Traveled (Well Met, #4)",Jen DeLuca,book_dbc7db08edf053ad,"Well Met (Well Met, #1)",Jen DeLuca
1318,1576,0.6936901,book_dcbe595d08041b57,"The Beatrice Letters (A Series of Unfortunate Events, #12.5)",Lemony Snicket,book_bcd656bcc7f8ca3d,"The Bad Beginning (A Series of Unfortunate Events, #1)",Lemony Snicket
1319,3298,0.7261299,book_b2f30d357bd91ac8,Hot as Hades,Alisha Rai,book_89fcb89b164a3f25,Demons of the Sun,Cindi Madsen
1322,2061,0.61003673,book_18a907b95cbac817,"Eat Up!: Food, Appetite and Eating What You Want",Ruby Tandoh,book_8142663f477fb64b,On Eating: The Making and Unmaking of My Appetites,Alicia Kennedy
1323,1333,0.62582606,book_a0b1124cc0ab54da,The Paid Bridesmaid,Sariah Wilson,book_d05db943a81dfe81,The Wedding Ringer,Kerry Rea
1323,2331,0.62102365,book_a0b1124cc0ab54da,The Paid Bridesmaid,Sariah Wilson,book_e8c9ebddc7c180c8,The Wedding People,Alison Espach
1323,3233,0.61206424,book_a0b1124cc0ab54da,The Paid Bridesmaid,Sariah Wilson,book_2c0227e5d9f1cbfb,"The Marriage Bargain (Marriage to a Billionaire, #1)",Jennifer Probst
1323,2016,0.60641694,book_a0b1124cc0ab54da,The Paid Bridesmaid,Sariah Wilson,book_27b21b0cba586166,My Husband's Wife,Alice Feeney
1324,1507,0.6334245,book_7b737e21bf13a4cb,How to Survive a Modern-Day Fairy Tale,Elle Cruz,book_8a7ad2c15296caba,"Mini Shopaholic (Shopaholic, #6)",Sophie Kinsella
1324,2000,0.60810375,book_7b737e21bf13a4cb,How to Survive a Modern-Day Fairy Tale,Elle Cruz,book_e730775214f17553,Brighter than Before,Courtney Walsh
1324,2182,0.60494465,book_7b737e21bf13a4cb,How to Survive a Modern-Day Fairy Tale,Elle Cruz,book_9d60f706fe109d60,The Dahlia Suite: A Novel,Carinn Jade
1326,2463,0.63067734,book_e918951115bdd802,"Read Between the Lines (Ms. Right, #1)",Rachel Lacey,book_1bab8e5ee0e26434,Better Left Unsent,Lia Louis
1326,2118,0.62692046,book_e918951115bdd802,"Read Between the Lines (Ms. Right, #1)",Rachel Lacey,book_fe0444d6bb43a582,Love by the Book,Jessica George
1326,2218,0.62448245,book_e918951115bdd802,"Read Between the Lines (Ms. Right, #1)",Rachel Lacey,book_b261d07dedc29bf5,Life: A Love Story,Elizabeth Berg
1326,2464,0.61731505,book_e918951115bdd802,"Read Between the Lines (Ms. Right, #1)",Rachel Lacey,book_cf9c53c53d06ca7f,Love at First Book,Jenn McKinlay
1326,2362,0.61205953,book_e918951115bdd802,"Read Between the Lines (Ms. Right, #1)",Rachel Lacey,book_d05ac0381a4a4c5e,When We Were Friends,Jane Green
1326,1682,0.6078036,book_e918951115bdd802,"Read Between the Lines (Ms. Right, #1)",Rachel Lacey,book_38a3e1cf4b1e6ee7,Love You More,Emily Giffin
1326,2041,0.6056198,book_e918951115bdd802,"Read Between the Lines (Ms. Right, #1)",Rachel Lacey,book_02448bcaa4573123,The Rainy Day Bookshop,RaeAnne Thayne
1328,2891,0.6087712,book_9a938467234009b8,On a Night Like This,Lindsey Kelk,book_c64ce0af8ab5871f,"Fortuity (Transcend, #3)",Jewel E. Ann
1328,1622,0.60265434,book_9a938467234009b8,On a Night Like This,Lindsey Kelk,book_431be797b1627c46,Between the Lines,Haley Cass
1347,2835,0.66283745,book_ec6c34c40fd6b545,The Optimized Cooking Lifestyle,Maurice van der Star,book_1ef72dbad0bf0ab2,You Are What You Eat: The Plan That Will Change Your Life,Gillian McKeith
1347,2898,0.6212548,book_ec6c34c40fd6b545,The Optimized Cooking Lifestyle,Maurice van der Star,book_f25634320043a99a,8 Weeks to Optimum Health: A Proven Program for Taking Full Advantage of Your Body's Natural Healing Power,Andrew Weil
1347,2436,0.60599685,book_ec6c34c40fd6b545,The Optimized Cooking Lifestyle,Maurice van der Star,book_829d954319fdc405,"Food and Freedom: Discover Your Personal Recipe to Eat, Think, and Live Well",Sue Van Raes
1351,1697,0.6018962,book_7ae4cc5e2911e860,"Baking with Dorie: Sweet, Salty & Simple",Dorie Greenspan,book_364fc77bae8fad5b,You Do You: 100+ Endlessly Adaptable Recipes to Boost Your Culinary Confidence,Serena Wolf
1352,2099,0.62478185,book_6c16b39d3008b461,Scrumptious from the Girl Who Ate Everything,Christy Denney,book_929b6cda26a5abe7,Once Upon a Cookbook: A Treasury of Recipes Inspired by Timeless Children's Books,Bryton Taylor
1354,1540,0.60446197,book_4ae21c63e114e762,"Good Catch (Harper Landing, #2)",Jennifer Bardsley,book_1727b8e289c3f5bb,"The Right Swipe (Modern Love, #1)",Alisha Rai
1355,3226,0.6086698,book_e03da3f8a43ef6b7,"He Said Never (The Lost Corisis, #2)",Ruth Cardello,book_18fa8253153173e6,"Losing Hope (Hopeless, #2)",Colleen Hoover
1358,2205,0.6227957,book_461d2f762627185c,"It Happened One Midnight (Fairy Godmothers, Inc., #3)",Saranna DeWylde,book_e3066a2c9c12ec49,How to Find a Guy in Five Weddings,Cynthia Timoti
1358,2097,0.6169786,book_461d2f762627185c,"It Happened One Midnight (Fairy Godmothers, Inc., #3)",Saranna DeWylde,book_9e43ab240ad9f663,Love Beyond Reasonable Doubt: A Novel,Swati Hegde
1359,2880,0.605747,book_22166a0d579555e1,Little Wishes,Michelle Adams,book_8af844980f2def3c,The Wish,Nicholas Sparks
1364,1425,0.66812766,book_cce2b5fa6ada479b,"Electric Idol (Dark Olympus, #2)",Katee Robert,book_4fa8281a0014c8a4,"A Hush of Greek (Out of Olympus, #4)",Tina Folsom
1364,1773,0.6157712,book_cce2b5fa6ada479b,"Electric Idol (Dark Olympus, #2)",Katee Robert,book_141eda1c3ac26b0b,This Immortal Heart,Jennifer Saint
1365,1525,0.60641,book_c3f2e7c6e5ccc4ff,"4 Essential Keys to Effective Communication in Love, Life, Work--Anywhere!: Including the ""12-Day Communication Challenge!"" (Relationship Skills Series)",Bento C. Leal III,book_394eb5da57f9cdd1,A Scientific Guide to Successful Relationships,Emily Nagoski
1369,1373,0.6939289,book_c887798978a04e04,"Barbarian's Redemption (Ice Planet Barbarians, #12)",Ruby Dixon,book_fb884a94b470f9fe,"Barbarian's Choice (Ice Planet Barbarians, #11)",Ruby Dixon
1369,1392,0.6775899,book_c887798978a04e04,"Barbarian's Redemption (Ice Planet Barbarians, #12)",Ruby Dixon,book_3bcab5c928011a05,"Barbarian's Beloved (Ice Planet Barbarians, #16)",Ruby Dixon
1369,1393,0.6690241,book_c887798978a04e04,"Barbarian's Redemption (Ice Planet Barbarians, #12)",Ruby Dixon,book_99001b014851dacc,"Barbarian's Hope (Ice Planet Barbarians, #10)",Ruby Dixon
1369,1395,0.65843785,book_c887798978a04e04,"Barbarian's Redemption (Ice Planet Barbarians, #12)",Ruby Dixon,book_98f88d8d29a2ec83,"Barbarian's Taming (Ice Planet Barbarians, #8)",Ruby Dixon
1369,1399,0.646593,book_c887798978a04e04,"Barbarian's Redemption (Ice Planet Barbarians, #12)",Ruby Dixon,book_fba354572fff5299,"Barbarian Lover (Ice Planet Barbarians, #3)",Ruby Dixon
1369,1391,0.60581625,book_c887798978a04e04,"Barbarian's Redemption (Ice Planet Barbarians, #12)",Ruby Dixon,book_ed9d5aab019c2743,"Barbarian's Seduction (Ice Planet Barbarians, #17)",Ruby Dixon
1370,1396,0.6751608,book_fd1c95f8ca792f62,"Barbarian's Lady (Ice Planet Barbarians, #13)",Ruby Dixon,book_613875c6662b4da5,"Barbarian's Mate (Ice Planet Barbarians, #6)",Ruby Dixon
1370,1401,0.64868695,book_fd1c95f8ca792f62,"Barbarian's Lady (Ice Planet Barbarians, #13)",Ruby Dixon,book_43b585633af7e9d3,"Ice Planet Barbarians (Ice Planet Barbarians, #1)",Ruby Dixon
1370,1399,0.64648634,book_fd1c95f8ca792f62,"Barbarian's Lady (Ice Planet Barbarians, #13)",Ruby Dixon,book_fba354572fff5299,"Barbarian Lover (Ice Planet Barbarians, #3)",Ruby Dixon
1370,1398,0.6054603,book_fd1c95f8ca792f62,"Barbarian's Lady (Ice Planet Barbarians, #13)",Ruby Dixon,book_e5f6404f3269f696,"Barbarian Mine (Ice Planet Barbarians, #4)",Ruby Dixon
1371,1395,0.64700913,book_55770e641ffd1f21,"Barbarian's Rescue (Ice Planet Barbarians, #14)",Ruby Dixon,book_98f88d8d29a2ec83,"Barbarian's Taming (Ice Planet Barbarians, #8)",Ruby Dixon
1371,1399,0.63890445,book_55770e641ffd1f21,"Barbarian's Rescue (Ice Planet Barbarians, #14)",Ruby Dixon,book_fba354572fff5299,"Barbarian Lover (Ice Planet Barbarians, #3)",Ruby Dixon
1371,1400,0.60416996,book_55770e641ffd1f21,"Barbarian's Rescue (Ice Planet Barbarians, #14)",Ruby Dixon,book_e59cd8b2290eefd7,"Barbarian Alien (Ice Planet Barbarians, #2)",Ruby Dixon
1373,1396,0.7168818,book_fb884a94b470f9fe,"Barbarian's Choice (Ice Planet Barbarians, #11)",Ruby Dixon,book_613875c6662b4da5,"Barbarian's Mate (Ice Planet Barbarians, #6)",Ruby Dixon
1373,1399,0.70089936,book_fb884a94b470f9fe,"Barbarian's Choice (Ice Planet Barbarians, #11)",Ruby Dixon,book_fba354572fff5299,"Barbarian Lover (Ice Planet Barbarians, #3)",Ruby Dixon
1373,1393,0.6673804,book_fb884a94b470f9fe,"Barbarian's Choice (Ice Planet Barbarians, #11)",Ruby Dixon,book_99001b014851dacc,"Barbarian's Hope (Ice Planet Barbarians, #10)",Ruby Dixon
1373,1392,0.6024878,book_fb884a94b470f9fe,"Barbarian's Choice (Ice Planet Barbarians, #11)",Ruby Dixon,book_3bcab5c928011a05,"Barbarian's Beloved (Ice Planet Barbarians, #16)",Ruby Dixon
1375,3059,0.60763514,book_67788defa5914b39,A Promised Land,Barack Obama,book_506cdd63ecad4592,Becoming,Michelle Obama
1376,1773,0.62725234,book_216b5eb35c66c322,"From Blood and Ash (Blood and Ash, #1)",Jennifer L. Armentrout,book_141eda1c3ac26b0b,This Immortal Heart,Jennifer Saint
1376,1620,0.60565925,book_216b5eb35c66c322,"From Blood and Ash (Blood and Ash, #1)",Jennifer L. Armentrout,book_b666fb9d65abcf56,Once Upon a Demon's Heart (Cruel Fates #1),K.M. Moronova
1386,1704,0.6039543,book_b144ead279905f20,"A Letter to Three Witches (A Cupcake Coven Romance, #1)",Elizabeth Bass,book_fbac83e321e3a835,"Birth of the Witch (A Coven of Three Trilogy, #1)",Nora Roberts
1391,1392,0.68793637,book_ed9d5aab019c2743,"Barbarian's Seduction (Ice Planet Barbarians, #17)",Ruby Dixon,book_3bcab5c928011a05,"Barbarian's Beloved (Ice Planet Barbarians, #16)",Ruby Dixon
1391,1399,0.60351354,book_ed9d5aab019c2743,"Barbarian's Seduction (Ice Planet Barbarians, #17)",Ruby Dixon,book_fba354572fff5299,"Barbarian Lover (Ice Planet Barbarians, #3)",Ruby Dixon
1392,1399,0.6597707,book_3bcab5c928011a05,"Barbarian's Beloved (Ice Planet Barbarians, #16)",Ruby Dixon,book_fba354572fff5299,"Barbarian Lover (Ice Planet Barbarians, #3)",Ruby Dixon
1392,1393,0.65608716,book_3bcab5c928011a05,"Barbarian's Beloved (Ice Planet Barbarians, #16)",Ruby Dixon,book_99001b014851dacc,"Barbarian's Hope (Ice Planet Barbarians, #10)",Ruby Dixon
1392,1398,0.63171,book_3bcab5c928011a05,"Barbarian's Beloved (Ice Planet Barbarians, #16)",Ruby Dixon,book_e5f6404f3269f696,"Barbarian Mine (Ice Planet Barbarians, #4)",Ruby Dixon
1393,1399,0.6546551,book_99001b014851dacc,"Barbarian's Hope (Ice Planet Barbarians, #10)",Ruby Dixon,book_fba354572fff5299,"Barbarian Lover (Ice Planet Barbarians, #3)",Ruby Dixon
1393,1394,0.6366701,book_99001b014851dacc,"Barbarian's Hope (Ice Planet Barbarians, #10)",Ruby Dixon,book_a609bab2be64cfb1,"Barbarian's Heart (Ice Planet Barbarians, #9)",Ruby Dixon
1393,1396,0.6229163,book_99001b014851dacc,"Barbarian's Hope (Ice Planet Barbarians, #10)",Ruby Dixon,book_613875c6662b4da5,"Barbarian's Mate (Ice Planet Barbarians, #6)",Ruby Dixon
1395,1399,0.65314114,book_98f88d8d29a2ec83,"Barbarian's Taming (Ice Planet Barbarians, #8)",Ruby Dixon,book_fba354572fff5299,"Barbarian Lover (Ice Planet Barbarians, #3)",Ruby Dixon
1396,1398,0.65243864,book_613875c6662b4da5,"Barbarian's Mate (Ice Planet Barbarians, #6)",Ruby Dixon,book_e5f6404f3269f696,"Barbarian Mine (Ice Planet Barbarians, #4)",Ruby Dixon
1396,1399,0.64124715,book_613875c6662b4da5,"Barbarian's Mate (Ice Planet Barbarians, #6)",Ruby Dixon,book_fba354572fff5299,"Barbarian Lover (Ice Planet Barbarians, #3)",Ruby Dixon
1397,1399,0.61800414,book_3788cabefdd15c40,"Ice Planet Holiday (Ice Planet Barbarians, #4.75)",Ruby Dixon,book_fba354572fff5299,"Barbarian Lover (Ice Planet Barbarians, #3)",Ruby Dixon
1398,1399,0.7064296,book_e5f6404f3269f696,"Barbarian Mine (Ice Planet Barbarians, #4)",Ruby Dixon,book_fba354572fff5299,"Barbarian Lover (Ice Planet Barbarians, #3)",Ruby Dixon
1398,1400,0.6823196,book_e5f6404f3269f696,"Barbarian Mine (Ice Planet Barbarians, #4)",Ruby Dixon,book_e59cd8b2290eefd7,"Barbarian Alien (Ice Planet Barbarians, #2)",Ruby Dixon
1398,1401,0.6376073,book_e5f6404f3269f696,"Barbarian Mine (Ice Planet Barbarians, #4)",Ruby Dixon,book_43b585633af7e9d3,"Ice Planet Barbarians (Ice Planet Barbarians, #1)",Ruby Dixon
1399,1401,0.79802155,book_fba354572fff5299,"Barbarian Lover (Ice Planet Barbarians, #3)",Ruby Dixon,book_43b585633af7e9d3,"Ice Planet Barbarians (Ice Planet Barbarians, #1)",Ruby Dixon
1399,1400,0.71668124,book_fba354572fff5299,"Barbarian Lover (Ice Planet Barbarians, #3)",Ruby Dixon,book_e59cd8b2290eefd7,"Barbarian Alien (Ice Planet Barbarians, #2)",Ruby Dixon
1400,1401,0.72056687,book_e59cd8b2290eefd7,"Barbarian Alien (Ice Planet Barbarians, #2)",Ruby Dixon,book_43b585633af7e9d3,"Ice Planet Barbarians (Ice Planet Barbarians, #1)",Ruby Dixon
1402,1404,0.62399876,book_495438fd8753efd6,"Crazy Stupid Bromance (Bromance Book Club, #3)",Lyssa Kay Adams,book_bb8c2af3fe909fcc,"The Bromance Book Club (Bromance Book Club, #1)",Lyssa Kay Adams
1404,1405,0.6351132,book_bb8c2af3fe909fcc,"The Bromance Book Club (Bromance Book Club, #1)",Lyssa Kay Adams,book_1f0f3cb30a0182e1,"Isn't It Bromantic? (Bromance Book Club, #4)",Lyssa Kay Adams
1408,1878,0.606143,book_52b68813514c1aca,"Take a Hint, Dani Brown (The Brown Sisters, #2)",Talia Hibbert,book_f60814c7f7032c0a,Casually Yours,Vivian Jia Lac
1411,1414,0.63309324,book_cf2070bca1370aaf,"Square Foot Gardening: Growing Perfect Vegetables: A Visual Guide to Raising and Harvesting Prime Garden Produce (All New Square Foot Gardening, 8) (Volume 8)",Todd R. Berger,book_fb72466f64680a19,"Square Foot Gardening with Kids: Learn Together: - Gardening Basics - Science and Math - Water Conservation - Self-sufficiency - Healthy Eating (All New Square Foot Gardening, 5) (Volume 5)",Mel Bartholomew
1420,1421,0.6437485,book_2acb17558c7aa339,"Hooking Up (Shacking Up, #2)",Helena Hunting,book_53bb22ef2b579ea0,"Getting Down (Shacking Up, #1.5)",Helena Hunting
1420,1422,0.6335412,book_2acb17558c7aa339,"Hooking Up (Shacking Up, #2)",Helena Hunting,book_73dccb20f64af580,"Shacking Up (Shacking Up, #1)",Helena Hunting
1421,1422,0.6571529,book_53bb22ef2b579ea0,"Getting Down (Shacking Up, #1.5)",Helena Hunting,book_73dccb20f64af580,"Shacking Up (Shacking Up, #1)",Helena Hunting
1425,1437,0.64397615,book_4fa8281a0014c8a4,"A Hush of Greek (Out of Olympus, #4)",Tina Folsom,book_83c121f91d89ddd6,"A Touch of Greek (Out of Olympus, #1)",Tina Folsom
1431,1659,0.6091925,book_0a8ae00d02c02591,Let It Snow,John Green,book_b3fd94da1f5c99f4,The Christmas Yes List,Melissa Ferguson
1431,1871,0.6078259,book_0a8ae00d02c02591,Let It Snow,John Green,book_33e52c18d954e936,The Twelve Loves of Christmas: An Advent Romance Collection,Alexandria Bellefleur
1435,1437,0.6107924,book_35d965bdaf5d096c,"A Taste of Greek (Out of Olympus, #3)",Tina Folsom,book_83c121f91d89ddd6,"A Touch of Greek (Out of Olympus, #1)",Tina Folsom
1436,1773,0.6567879,book_174a5261fa0ec0ee,"A Scent of Greek (Out of Olympus, #2)",Tina Folsom,book_141eda1c3ac26b0b,This Immortal Heart,Jennifer Saint
1436,1437,0.6069638,book_174a5261fa0ec0ee,"A Scent of Greek (Out of Olympus, #2)",Tina Folsom,book_83c121f91d89ddd6,"A Touch of Greek (Out of Olympus, #1)",Tina Folsom
1445,2474,0.6320579,book_d21c4a7f182704fc,If I Never Met You,Mhairi McFarlane,book_e870a76bb2dc8a2b,"The One that (Almost) Got Away (Palm Harbor, #1)",Kimberley O'Malley
1445,1770,0.6181358,book_d21c4a7f182704fc,If I Never Met You,Mhairi McFarlane,book_b9357ffbdcc17939,"A Not So Meet Cute (Cane Brothers, #1)",Meghan Quinn
1446,2929,0.6352804,book_106cbb5415fe887b,"You Deserve Each Other (You Deserve Each Other, #1)",Sarah Hogle,book_926fb4c2a8932013,The Perfect Marriage,Adam Mitzner
1446,1523,0.6187016,book_106cbb5415fe887b,"You Deserve Each Other (You Deserve Each Other, #1)",Sarah Hogle,book_7ef9093c602d57c9,"The Wedding Party (The Wedding Date, #3)",Jasmine Guillory
1446,3264,0.61686033,book_106cbb5415fe887b,"You Deserve Each Other (You Deserve Each Other, #1)",Sarah Hogle,book_8949d69210aae96a,"Falling for Her Fiance (Accidentally in Love, #1)",Cindi Madsen
1446,2148,0.60015804,book_106cbb5415fe887b,"You Deserve Each Other (You Deserve Each Other, #1)",Sarah Hogle,book_f9ed757ac0d99f54,Kiss Slay Replay,Rachel Harrison
1266,1447,0.6116347,book_173aa4e0e1b20e55,If You Ask Me,Libby Hubscher,book_243a86dfb4114095,Would Like to Meet,Rachel Winters
1447,1542,0.60211813,book_243a86dfb4114095,Would Like to Meet,Rachel Winters,book_3a4a8d9b85e941dc,Dating You / Hating You,Christina Lauren
1452,1594,0.72711635,book_fe524b384b00ec6a,"Eclipse (The Twilight Saga, #3)",Stephenie Meyer,book_e91676dc8f493d4a,"Breaking Dawn (The Twilight Saga, #4)",Stephenie Meyer
1452,1504,0.7022412,book_fe524b384b00ec6a,"Eclipse (The Twilight Saga, #3)",Stephenie Meyer,book_028a98cc0b0843d0,"Twilight (The Twilight Saga, #1)",Stephenie Meyer
1452,1454,0.6592714,book_fe524b384b00ec6a,"Eclipse (The Twilight Saga, #3)",Stephenie Meyer,book_41f81946dfb55100,"New Moon (The Twilight Saga, #2)",Stephenie Meyer
1453,1590,0.83529377,book_fb4d52f514dc2fec,"Insurgent (Divergent, #2)",Veronica Roth,book_e347db1305016c94,"Allegiant (Divergent, #3)",Veronica Roth
1453,1497,0.7037241,book_fb4d52f514dc2fec,"Insurgent (Divergent, #2)",Veronica Roth,book_472eb9123c8d469d,"Divergent (Divergent, #1)",Veronica Roth
1454,1594,0.7551123,book_41f81946dfb55100,"New Moon (The Twilight Saga, #2)",Stephenie Meyer,book_e91676dc8f493d4a,"Breaking Dawn (The Twilight Saga, #4)",Stephenie Meyer
1455,1456,0.6084704,book_0d41c021e48530d2,"Harry Potter and the Half-Blood Prince (Harry Potter, #6)",J.K. Rowling,book_fc1daee2cd2c00ac,"Harry Potter and the Chamber of Secrets (Harry Potter, #2)",J.K. Rowling
1456,1596,0.613713,book_fc1daee2cd2c00ac,"Harry Potter and the Chamber of Secrets (Harry Potter, #2)",J.K. Rowling,book_560a466d1e4685e4,"Harry Potter and the Order of the Phoenix (Harry Potter, #5)",J.K. Rowling
1460,3312,0.6312073,book_1be90325acb21bdd,The Secret Life of Bees,Sue Monk Kidd,book_f63b3bb364e06d60,Little Bee,Chris Cleave
1464,1574,0.6978243,book_4b8cb9e5ebf98dd5,The Sun and Her Flowers,Rupi Kaur,book_d8ab2a3d2b4dd7b4,Milk and honey,Rupi Kaur
1466,1587,0.6230364,book_87a250643d9db5c7,Turtles All the Way Down,John Green,book_23742b508a791791,Looking for Alaska,John Green
1468,2407,0.60295814,book_19f42dbc0faec7f1,The Secret Garden,Frances Hodgson Burnett,book_29f970fb83114b8f,The Housekeeper's Secret,Iona Grey
1476,1484,0.64784396,book_3aeb42f30aad2b01,Stuart Little,E.B. White,book_99f539904edc0e74,Charlotte’s Web,E.B. White
1479,2503,0.6400994,book_2e38f6c461923c9b,Rules,Cynthia Lord,book_6fa777bab09be79a,Becoming Mallory,Elaine Evans
1491,1590,0.65472853,book_2f8740a12e2ca8f2,Allegiant: The Ultimate Interactive Quiz Book,Sarah Davids,book_e347db1305016c94,"Allegiant (Divergent, #3)",Veronica Roth
1493,1502,0.801358,book_6508dd725997129e,"P.S. I Still Love You (To All the Boys I've Loved Before, #2)",Jenny Han,book_85275292596a71db,"To All the Boys I've Loved Before (To All the Boys I've Loved Before, #1)",Jenny Han
1497,1590,0.70557237,book_472eb9123c8d469d,"Divergent (Divergent, #1)",Veronica Roth,book_e347db1305016c94,"Allegiant (Divergent, #3)",Veronica Roth
1499,1778,0.63580537,book_a0fc6f42baf5563a,Sense and Sensibility,Jane Austen,book_316e2df0d8f83558,Most Ardently Yours,Freya Sampson
1499,1503,0.6254188,book_a0fc6f42baf5563a,Sense and Sensibility,Jane Austen,book_064f2771f6387370,Pride and Prejudice,Jane Austen
1503,1778,0.6902938,book_064f2771f6387370,Pride and Prejudice,Jane Austen,book_316e2df0d8f83558,Most Ardently Yours,Freya Sampson
1504,1594,0.67430943,book_028a98cc0b0843d0,"Twilight (The Twilight Saga, #1)",Stephenie Meyer,book_e91676dc8f493d4a,"Breaking Dawn (The Twilight Saga, #4)",Stephenie Meyer
1504,1565,0.6435125,book_028a98cc0b0843d0,"Twilight (The Twilight Saga, #1)",Stephenie Meyer,book_036a5f8705d8c0a3,Twilight: The Complete Illustrated Movie Companion,Mark Cotta Vaz
1505,1509,0.75502574,book_f468b0b8534aa7dc,"Shopaholic to the Rescue (Shopaholic, #8)",Sophie Kinsella,book_6c5888fb330184a0,"Shopaholic and Sister (Shopaholic, #4)",Sophie Kinsella
1505,1506,0.7416266,book_f468b0b8534aa7dc,"Shopaholic to the Rescue (Shopaholic, #8)",Sophie Kinsella,book_66311da453220001,"Shopaholic to the Stars (Shopaholic, #7)",Sophie Kinsella
1505,1507,0.7322942,book_f468b0b8534aa7dc,"Shopaholic to the Rescue (Shopaholic, #8)",Sophie Kinsella,book_8a7ad2c15296caba,"Mini Shopaholic (Shopaholic, #6)",Sophie Kinsella
1505,1508,0.7276993,book_f468b0b8534aa7dc,"Shopaholic to the Rescue (Shopaholic, #8)",Sophie Kinsella,book_9ee9fff9dee2534b,"Shopaholic & Baby (Shopaholic, #5)",Sophie Kinsella
1505,1511,0.70721054,book_f468b0b8534aa7dc,"Shopaholic to the Rescue (Shopaholic, #8)",Sophie Kinsella,book_3bd6d93e89ab72f6,"Shopaholic Ties the Knot (Shopaholic, #3)",Sophie Kinsella
1505,1608,0.6809112,book_f468b0b8534aa7dc,"Shopaholic to the Rescue (Shopaholic, #8)",Sophie Kinsella,book_24d2501e05599ccb,"Confessions of a Shopaholic (Shopaholic, #1)",Sophie Kinsella
1505,1512,0.6716259,book_f468b0b8534aa7dc,"Shopaholic to the Rescue (Shopaholic, #8)",Sophie Kinsella,book_a6d04dfaf0f9c750,"Shopaholic Takes Manhattan (Shopaholic, #2)",Sophie Kinsella
1505,1510,0.65332353,book_f468b0b8534aa7dc,"Shopaholic to the Rescue (Shopaholic, #8)",Sophie Kinsella,book_6c0a32ecb0247368,"Shopaholic on Honeymoon (Shopaholic, #3.5)",Sophie Kinsella
1505,1513,0.61888313,book_f468b0b8534aa7dc,"Shopaholic to the Rescue (Shopaholic, #8)",Sophie Kinsella,book_82e39a4b616258d1,Christmas Shopaholic,Sophie Kinsella
1506,1512,0.81942976,book_66311da453220001,"Shopaholic to the Stars (Shopaholic, #7)",Sophie Kinsella,book_a6d04dfaf0f9c750,"Shopaholic Takes Manhattan (Shopaholic, #2)",Sophie Kinsella
1506,1507,0.7669077,book_66311da453220001,"Shopaholic to the Stars (Shopaholic, #7)",Sophie Kinsella,book_8a7ad2c15296caba,"Mini Shopaholic (Shopaholic, #6)",Sophie Kinsella
1506,1508,0.7641367,book_66311da453220001,"Shopaholic to the Stars (Shopaholic, #7)",Sophie Kinsella,book_9ee9fff9dee2534b,"Shopaholic & Baby (Shopaholic, #5)",Sophie Kinsella
1506,1511,0.76164675,book_66311da453220001,"Shopaholic to the Stars (Shopaholic, #7)",Sophie Kinsella,book_3bd6d93e89ab72f6,"Shopaholic Ties the Knot (Shopaholic, #3)",Sophie Kinsella
1506,1509,0.7503055,book_66311da453220001,"Shopaholic to the Stars (Shopaholic, #7)",Sophie Kinsella,book_6c5888fb330184a0,"Shopaholic and Sister (Shopaholic, #4)",Sophie Kinsella
1506,1608,0.72782815,book_66311da453220001,"Shopaholic to the Stars (Shopaholic, #7)",Sophie Kinsella,book_24d2501e05599ccb,"Confessions of a Shopaholic (Shopaholic, #1)",Sophie Kinsella
1506,1510,0.69372976,book_66311da453220001,"Shopaholic to the Stars (Shopaholic, #7)",Sophie Kinsella,book_6c0a32ecb0247368,"Shopaholic on Honeymoon (Shopaholic, #3.5)",Sophie Kinsella
1506,1513,0.64240575,book_66311da453220001,"Shopaholic to the Stars (Shopaholic, #7)",Sophie Kinsella,book_82e39a4b616258d1,Christmas Shopaholic,Sophie Kinsella
1507,1608,0.78208506,book_8a7ad2c15296caba,"Mini Shopaholic (Shopaholic, #6)",Sophie Kinsella,book_24d2501e05599ccb,"Confessions of a Shopaholic (Shopaholic, #1)",Sophie Kinsella
1507,1508,0.77416515,book_8a7ad2c15296caba,"Mini Shopaholic (Shopaholic, #6)",Sophie Kinsella,book_9ee9fff9dee2534b,"Shopaholic & Baby (Shopaholic, #5)",Sophie Kinsella
1507,1512,0.76893204,book_8a7ad2c15296caba,"Mini Shopaholic (Shopaholic, #6)",Sophie Kinsella,book_a6d04dfaf0f9c750,"Shopaholic Takes Manhattan (Shopaholic, #2)",Sophie Kinsella
1507,1509,0.7520116,book_8a7ad2c15296caba,"Mini Shopaholic (Shopaholic, #6)",Sophie Kinsella,book_6c5888fb330184a0,"Shopaholic and Sister (Shopaholic, #4)",Sophie Kinsella
1507,1511,0.7353432,book_8a7ad2c15296caba,"Mini Shopaholic (Shopaholic, #6)",Sophie Kinsella,book_3bd6d93e89ab72f6,"Shopaholic Ties the Knot (Shopaholic, #3)",Sophie Kinsella
1507,1513,0.7219223,book_8a7ad2c15296caba,"Mini Shopaholic (Shopaholic, #6)",Sophie Kinsella,book_82e39a4b616258d1,Christmas Shopaholic,Sophie Kinsella
1507,1510,0.65521306,book_8a7ad2c15296caba,"Mini Shopaholic (Shopaholic, #6)",Sophie Kinsella,book_6c0a32ecb0247368,"Shopaholic on Honeymoon (Shopaholic, #3.5)",Sophie Kinsella
1508,1509,0.74398446,book_9ee9fff9dee2534b,"Shopaholic & Baby (Shopaholic, #5)",Sophie Kinsella,book_6c5888fb330184a0,"Shopaholic and Sister (Shopaholic, #4)",Sophie Kinsella
1508,1512,0.714469,book_9ee9fff9dee2534b,"Shopaholic & Baby (Shopaholic, #5)",Sophie Kinsella,book_a6d04dfaf0f9c750,"Shopaholic Takes Manhattan (Shopaholic, #2)",Sophie Kinsella
1508,1511,0.70543003,book_9ee9fff9dee2534b,"Shopaholic & Baby (Shopaholic, #5)",Sophie Kinsella,book_3bd6d93e89ab72f6,"Shopaholic Ties the Knot (Shopaholic, #3)",Sophie Kinsella
1508,1510,0.6929214,book_9ee9fff9dee2534b,"Shopaholic & Baby (Shopaholic, #5)",Sophie Kinsella,book_6c0a32ecb0247368,"Shopaholic on Honeymoon (Shopaholic, #3.5)",Sophie Kinsella
1508,1608,0.6700631,book_9ee9fff9dee2534b,"Shopaholic & Baby (Shopaholic, #5)",Sophie Kinsella,book_24d2501e05599ccb,"Confessions of a Shopaholic (Shopaholic, #1)",Sophie Kinsella
1508,1513,0.6352738,book_9ee9fff9dee2534b,"Shopaholic & Baby (Shopaholic, #5)",Sophie Kinsella,book_82e39a4b616258d1,Christmas Shopaholic,Sophie Kinsella
1509,1511,0.80599844,book_6c5888fb330184a0,"Shopaholic and Sister (Shopaholic, #4)",Sophie Kinsella,book_3bd6d93e89ab72f6,"Shopaholic Ties the Knot (Shopaholic, #3)",Sophie Kinsella
1509,1608,0.77699846,book_6c5888fb330184a0,"Shopaholic and Sister (Shopaholic, #4)",Sophie Kinsella,book_24d2501e05599ccb,"Confessions of a Shopaholic (Shopaholic, #1)",Sophie Kinsella
1509,1512,0.7231163,book_6c5888fb330184a0,"Shopaholic and Sister (Shopaholic, #4)",Sophie Kinsella,book_a6d04dfaf0f9c750,"Shopaholic Takes Manhattan (Shopaholic, #2)",Sophie Kinsella
1509,1510,0.70579547,book_6c5888fb330184a0,"Shopaholic and Sister (Shopaholic, #4)",Sophie Kinsella,book_6c0a32ecb0247368,"Shopaholic on Honeymoon (Shopaholic, #3.5)",Sophie Kinsella
1509,1513,0.670799,book_6c5888fb330184a0,"Shopaholic and Sister (Shopaholic, #4)",Sophie Kinsella,book_82e39a4b616258d1,Christmas Shopaholic,Sophie Kinsella
1509,2651,0.6278819,book_6c5888fb330184a0,"Shopaholic and Sister (Shopaholic, #4)",Sophie Kinsella,book_e9ec2d79fa27c15d,"The Christmas Bookshop (The Christmas Bookshop, #1)",Jenny Colgan
1510,1511,0.717484,book_6c0a32ecb0247368,"Shopaholic on Honeymoon (Shopaholic, #3.5)",Sophie Kinsella,book_3bd6d93e89ab72f6,"Shopaholic Ties the Knot (Shopaholic, #3)",Sophie Kinsella
1510,1512,0.67590725,book_6c0a32ecb0247368,"Shopaholic on Honeymoon (Shopaholic, #3.5)",Sophie Kinsella,book_a6d04dfaf0f9c750,"Shopaholic Takes Manhattan (Shopaholic, #2)",Sophie Kinsella
1510,1608,0.663799,book_6c0a32ecb0247368,"Shopaholic on Honeymoon (Shopaholic, #3.5)",Sophie Kinsella,book_24d2501e05599ccb,"Confessions of a Shopaholic (Shopaholic, #1)",Sophie Kinsella
1511,1608,0.8132323,book_3bd6d93e89ab72f6,"Shopaholic Ties the Knot (Shopaholic, #3)",Sophie Kinsella,book_24d2501e05599ccb,"Confessions of a Shopaholic (Shopaholic, #1)",Sophie Kinsella
1511,1512,0.79579806,book_3bd6d93e89ab72f6,"Shopaholic Ties the Knot (Shopaholic, #3)",Sophie Kinsella,book_a6d04dfaf0f9c750,"Shopaholic Takes Manhattan (Shopaholic, #2)",Sophie Kinsella
1511,1513,0.63276845,book_3bd6d93e89ab72f6,"Shopaholic Ties the Knot (Shopaholic, #3)",Sophie Kinsella,book_82e39a4b616258d1,Christmas Shopaholic,Sophie Kinsella
1512,1608,0.7710135,book_a6d04dfaf0f9c750,"Shopaholic Takes Manhattan (Shopaholic, #2)",Sophie Kinsella,book_24d2501e05599ccb,"Confessions of a Shopaholic (Shopaholic, #1)",Sophie Kinsella
1512,1513,0.65630305,book_a6d04dfaf0f9c750,"Shopaholic Takes Manhattan (Shopaholic, #2)",Sophie Kinsella,book_82e39a4b616258d1,Christmas Shopaholic,Sophie Kinsella
1513,2651,0.6458602,book_82e39a4b616258d1,Christmas Shopaholic,Sophie Kinsella,book_e9ec2d79fa27c15d,"The Christmas Bookshop (The Christmas Bookshop, #1)",Jenny Colgan
1513,1608,0.6359508,book_82e39a4b616258d1,Christmas Shopaholic,Sophie Kinsella,book_24d2501e05599ccb,"Confessions of a Shopaholic (Shopaholic, #1)",Sophie Kinsella
425,1513,0.6126702,book_f902fec5672cd5bf,"Starlight Christmas (Saddle Club, #13)",Bonnie Bryant,book_82e39a4b616258d1,Christmas Shopaholic,Sophie Kinsella
1513,1809,0.60365856,book_82e39a4b616258d1,Christmas Shopaholic,Sophie Kinsella,book_387921e4718a1f82,"Santa Maybe (The Holliday Girls, 2)",Hazel Henry
1515,2882,0.60825217,book_e22a59e3bce8f5ab,Swimming Pool Sunday,Madeleine Wickham,book_87db0c75b3c43357,The Drowning Kind,Jennifer McMahon
1517,2558,0.6023058,book_e2f6cdcdbf184eee,"Life’s Too Short (The Friend Zone, #3)",Abby Jimenez,book_fc6cae61b7d4aa6d,"The Darkest Corner of the Heart (The Brightest Light, #2)",Lisina Coney
1518,1519,0.6130022,book_541f75961981ca0a,"The Friend Zone (The Friend Zone, #1)",Abby Jimenez,book_2295bc4efb989170,"The Happy Ever After Playlist (The Friend Zone, #2)",Abby Jimenez
1522,1524,0.6073327,book_c60098184a7ba3d5,"The Proposal (The Wedding Date, #2)",Jasmine Guillory,book_83c8f21685a301a2,"The Wedding Date (The Wedding Date, #1)",Jasmine Guillory
1523,1524,0.70575714,book_7ef9093c602d57c9,"The Wedding Party (The Wedding Date, #3)",Jasmine Guillory,book_83c8f21685a301a2,"The Wedding Date (The Wedding Date, #1)",Jasmine Guillory
1523,3264,0.62155,book_7ef9093c602d57c9,"The Wedding Party (The Wedding Date, #3)",Jasmine Guillory,book_8949d69210aae96a,"Falling for Her Fiance (Accidentally in Love, #1)",Cindi Madsen
1524,1936,0.60464895,book_83c8f21685a301a2,"The Wedding Date (The Wedding Date, #1)",Jasmine Guillory,book_a5408339679b0a5b,The Paris Match,Kate Clayborn
1525,2070,0.65180016,book_394eb5da57f9cdd1,A Scientific Guide to Successful Relationships,Emily Nagoski,book_7e06fcf0c1fd24e5,"This Messy, Gorgeous Love: A Buddhist Guide to Lasting Partnership",Nico Hase
1525,2979,0.60204667,book_394eb5da57f9cdd1,A Scientific Guide to Successful Relationships,Emily Nagoski,book_e5e58383fa41fa2e,Making Marriage Simple: Ten Relationship-Saving Truths,Harville Hendrix
1527,3057,0.606633,book_38e2f52721182c3e,Burnout: The Secret to Unlocking the Stress Cycle,Emily Nagoski,book_323257187bed7cd9,"Eating, Drinking, Overthinking: The Toxic Triangle of Food, Alcohol, and Depression--and How Women Can Break Free",Susan Nolen-Hoeksema
1528,2464,0.62061834,book_062916d5c9f62ec3,Beach Read,Emily Henry,book_cf9c53c53d06ca7f,Love at First Book,Jenn McKinlay
1528,2076,0.6124738,book_062916d5c9f62ec3,Beach Read,Emily Henry,book_ddcefac22de7dc07,Beach Thriller,Jamie Day
1528,1868,0.6107413,book_062916d5c9f62ec3,Beach Read,Emily Henry,book_22b9a25d09334219,Finders Keepers,Natalie Barelli
1105,1528,0.60318696,book_e90a920296f179d4,Summer Reading,Jenn McKinlay,book_062916d5c9f62ec3,Beach Read,Emily Henry
1529,1530,0.62290597,book_dbc7db08edf053ad,"Well Met (Well Met, #1)",Jen DeLuca,book_ab08141d3798b4f4,"Well Played (Well Met, #2)",Jen DeLuca
1532,1533,0.74503493,book_84bd7ae2eb9f9e76,"How Not to Let Go (Belhaven, #2)",Emily Foster,book_448807c9ba37cf29,"How Not To Fall (Belhaven, #1)",Emily Foster
1532,2657,0.6129175,book_84bd7ae2eb9f9e76,"How Not to Let Go (Belhaven, #2)",Emily Foster,book_aaa7bd4fec9ad664,Don't Let Her Stay,Nicola Sanders
1532,2409,0.60731256,book_84bd7ae2eb9f9e76,"How Not to Let Go (Belhaven, #2)",Emily Foster,book_a85b2f1cfb5cfcbb,How to Walk Away,Katherine Center
1532,3122,0.60406405,book_84bd7ae2eb9f9e76,"How Not to Let Go (Belhaven, #2)",Emily Foster,book_dfb6576ee8401505,Only Ever Her,Marybeth Mayhew Whalen
1532,3249,0.6005039,book_84bd7ae2eb9f9e76,"How Not to Let Go (Belhaven, #2)",Emily Foster,book_ee6908cee7ec4dc6,Carry Yourself Back to Me,Deborah Reed
1533,3209,0.60657465,book_448807c9ba37cf29,"How Not To Fall (Belhaven, #1)",Emily Foster,book_f6cf3d3622edda31,"Beautiful Disaster (Beautiful, #1)",Jamie McGuire
1537,2325,0.6370321,book_6bbbba9adf7966ee,The Roommate (Shameless #1),Rosie Danan,book_bfd7093e27949c95,The Perfect Roommate,Minka Kent
1545,2474,0.60609764,book_94344f043a808520,My Favorite Half-Night Stand,Christina Lauren,book_e870a76bb2dc8a2b,"The One that (Almost) Got Away (Palm Harbor, #1)",Kimberley O'Malley
1546,2748,0.927469,book_5cca494f1de71804,Love and Other Words,Christina Lauren,book_bb0d59603e755f0a,Love and Other Words,Christina Lauren
1546,1800,0.6498817,book_5cca494f1de71804,Love and Other Words,Christina Lauren,book_4f8c0d246fec07ca,When Forever Falls Apart (Cinnamon Springs #2),Kat T. Masen
1546,2043,0.6166464,book_5cca494f1de71804,Love and Other Words,Christina Lauren,book_0d382d0497d177d9,Happy Ending,Chloe Liese
1547,1548,0.6651611,book_271bff4671a9e00f,"A Beautifully Foolish Endeavor (The Carls, #2)",Hank Green,book_a7db060e2ef08553,"An Absolutely Remarkable Thing (The Carls, #1)",Hank Green
1551,2463,0.6262715,book_da063f32fa18c23f,In Case You Missed It,Lindsey Kelk,book_1bab8e5ee0e26434,Better Left Unsent,Lia Louis
1553,1595,0.7718783,book_a1793dca2326aa46,"The Hunger Games (The Hunger Games, #1)",Suzanne Collins,book_63a06456a1a01b64,"Mockingjay (The Hunger Games, #3)",Suzanne Collins
1553,1597,0.7262065,book_a1793dca2326aa46,"The Hunger Games (The Hunger Games, #1)",Suzanne Collins,book_4598456962eb868f,"Catching Fire (The Hunger Games, #2)",Suzanne Collins
1556,1778,0.63063765,book_1a8aa51e8320c069,99 Percent Mine,Sally Thorne,book_316e2df0d8f83558,Most Ardently Yours,Freya Sampson
1557,3195,0.6178049,book_f5d0d7d73a3099c9,Remember Me?,Sophie Kinsella,book_75ef2a0367af39a7,"Lost in Me (Here and Now, #1)",Lexi Ryan
1557,2538,0.61149776,book_f5d0d7d73a3099c9,Remember Me?,Sophie Kinsella,book_764e4764c7f2ca18,Don't Forget Me,Rea Frey
1557,2887,0.603232,book_f5d0d7d73a3099c9,Remember Me?,Sophie Kinsella,book_61f4edce0fe7bbca,The Sweetness of Forgetting,Kristin Harmel
1558,2319,0.6178862,book_a377f5fa53a90106,The Runaway Bunny,Margaret Wise Brown,book_281b55269ebcd41f,The Best We Could Hope For,Nicola Kraus
1573,1575,0.72520936,book_38950f632bb3a959,Falling Up,Shel Silverstein,book_f392483b7fdeea75,A Light in the Attic,Shel Silverstein
1573,1578,0.66227746,book_38950f632bb3a959,Falling Up,Shel Silverstein,book_002e301b35d9dcba,Where the Sidewalk Ends,Shel Silverstein
1575,1578,0.66276217,book_f392483b7fdeea75,A Light in the Attic,Shel Silverstein,book_002e301b35d9dcba,Where the Sidewalk Ends,Shel Silverstein
1584,1734,0.63569146,book_b823dccbf3ebcc9f,The Lovely Bones,Alice Sebold,book_1c5764d446982401,Hollow Bones,Jodi Picoult
1585,2663,0.6223147,book_a0c8979bd823baea,The Help,Kathryn Stockett,book_1e83fbaafefe0906,The Leftover Woman,Jean Kwok
1586,2833,0.627102,book_955b4cebdea5e0f1,The Book Thief,Markus Zusak,book_e58549f13ea9b917,The Book of Lost Names,Kristin Harmel
1587,2854,0.608752,book_23742b508a791791,Looking for Alaska,John Green,book_cad89cc10ca03163,The Great Alone,Kristin Hannah
1589,2419,0.62387407,book_388ff4c482cb7063,"Matched (Matched, #1)",Ally Condie,book_03ab20b6aa4f4324,Match Me If You Can,Swati Hegde
1592,1598,0.834213,book_f8202accb8ca0593,"City of Ashes (The Mortal Instruments, #2)",Cassandra Clare,book_4ee48df99f0db5e2,"City of Bones (The Mortal Instruments, #1)",Cassandra Clare
1592,1593,0.7705096,book_f8202accb8ca0593,"City of Ashes (The Mortal Instruments, #2)",Cassandra Clare,book_2c4374a207bfbe88,"City of Glass (The Mortal Instruments, #3)",Cassandra Clare
1593,1598,0.679523,book_2c4374a207bfbe88,"City of Glass (The Mortal Instruments, #3)",Cassandra Clare,book_4ee48df99f0db5e2,"City of Bones (The Mortal Instruments, #1)",Cassandra Clare
1594,2082,0.6710893,book_e91676dc8f493d4a,"Breaking Dawn (The Twilight Saga, #4)",Stephenie Meyer,book_4055ab3235bce00b,"Into the Fading Twilight (Starlight Grove, #2)",Catherine Cowles
1595,1597,0.7891731,book_63a06456a1a01b64,"Mockingjay (The Hunger Games, #3)",Suzanne Collins,book_4598456962eb868f,"Catching Fire (The Hunger Games, #2)",Suzanne Collins
1611,2688,0.60081446,book_61af6903939e5922,Heart the Lover,Lily King,book_7a2e6bdd09e76de6,"Once Upon a Broken Heart (Once Upon a Broken Heart, #1)",Stephanie Garber
1612,2891,0.6704991,book_4957e25f2a7869e7,"Books Don't Lie, Husbands Do",L.J. Epps,book_c64ce0af8ab5871f,"Fortuity (Transcend, #3)",Jewel E. Ann
1612,1721,0.66763055,book_4957e25f2a7869e7,"Books Don't Lie, Husbands Do",L.J. Epps,book_9b94e53de3761d64,Don't Fall in Love With Me,Paige Toon
1612,2863,0.65310425,book_4957e25f2a7869e7,"Books Don't Lie, Husbands Do",L.J. Epps,book_3edf054a871bb041,The Last One Home,Victoria Helen Stone
1612,3157,0.6347096,book_4957e25f2a7869e7,"Books Don't Lie, Husbands Do",L.J. Epps,book_179513d0a527a2d6,Behind Closed Doors,B.A. Paris
1612,3080,0.6234624,book_4957e25f2a7869e7,"Books Don't Lie, Husbands Do",L.J. Epps,book_949c190140cfc492,Under Lying,Janelle Harris
1612,2606,0.6223591,book_4957e25f2a7869e7,"Books Don't Lie, Husbands Do",L.J. Epps,book_511744b040b709fd,The Most Fun We Ever Had,Claire Lombardo
1612,1830,0.6193219,book_4957e25f2a7869e7,"Books Don't Lie, Husbands Do",L.J. Epps,book_17ce3a678f1fce02,Famous Last Words,Gillian McAllister
1612,3248,0.6101806,book_4957e25f2a7869e7,"Books Don't Lie, Husbands Do",L.J. Epps,book_a3ff797fa19e20a7,"This Girl (Slammed, #3)",Colleen Hoover
1612,1629,0.6075068,book_4957e25f2a7869e7,"Books Don't Lie, Husbands Do",L.J. Epps,book_9f0ff68367f777c7,"Perfect Wives, Perfect Lies: A Novel",Jennifer Anne Gordon
1614,2250,0.6422111,book_547a7abefe611fa7,The Sisters of Crimson House,Melissa Anderson Sweazy,book_95e5263ab3c31468,House of Spells and Secrets,Ivy Cassidy
1615,1910,0.6347581,book_2cdea2a4554b6af7,Someone Else's Husband,Kimberly McCreight,book_82522556ca573522,Not The Woman You Think,Hazel Calder
1615,2001,0.6340639,book_2cdea2a4554b6af7,Someone Else's Husband,Kimberly McCreight,book_841d93dae7e69f59,Half His Age,Jennette McCurdy
1615,2092,0.6103356,book_2cdea2a4554b6af7,Someone Else's Husband,Kimberly McCreight,book_13fafb9586f3c357,The Divorce,Freida McFadden
1615,3025,0.6067654,book_2cdea2a4554b6af7,Someone Else's Husband,Kimberly McCreight,book_631ea4957281d5cd,Want,Lynn Steger Strong
1615,2016,0.6049322,book_2cdea2a4554b6af7,Someone Else's Husband,Kimberly McCreight,book_27b21b0cba586166,My Husband's Wife,Alice Feeney
1620,1894,0.6374067,book_b666fb9d65abcf56,Once Upon a Demon's Heart (Cruel Fates #1),K.M. Moronova,book_bfccf5a736e5072e,Our Infinite Fates,Laura Steven
1620,1844,0.6154609,book_b666fb9d65abcf56,Once Upon a Demon's Heart (Cruel Fates #1),K.M. Moronova,book_00437c4b12f37c23,"Daughter of the Dark (Daughters of Auquis, #1)",R.J. Valldeperas
1620,1863,0.6096134,book_b666fb9d65abcf56,Once Upon a Demon's Heart (Cruel Fates #1),K.M. Moronova,book_f06704cf7122d8de,"Worthy of Fate (Realms in Peril, #1)",A.N. Caudle
1622,2568,0.64440364,book_431be797b1627c46,Between the Lines,Haley Cass,book_537f347e747f8129,The Summer Pact,Emily Giffin
1622,2633,0.62602025,book_431be797b1627c46,Between the Lines,Haley Cass,book_91b8e162bd99937a,Dreamland,Nicholas Sparks
1622,2572,0.606796,book_431be797b1627c46,Between the Lines,Haley Cass,book_334c624d8e4e58f9,The Wild Side,Fern Michaels
1622,2666,0.60627866,book_431be797b1627c46,Between the Lines,Haley Cass,book_8669ce2550c837b7,A Twisted Love Story,Samantha Downing
1622,2523,0.60393065,book_431be797b1627c46,Between the Lines,Haley Cass,book_61432455a91737ee,"Tangled Up in You (Meant to Be, #4)",Christina Lauren
1622,3182,0.60147977,book_431be797b1627c46,Between the Lines,Haley Cass,book_06ea7c34963c40b2,"Found in You (Fixed, #2)",Laurelin Paige
1624,2082,0.61055326,book_6cdb01ac201063be,"Until The Stars Burn Out (Shadowsworn, #2)",Jordan Lynde,book_4055ab3235bce00b,"Into the Fading Twilight (Starlight Grove, #2)",Catherine Cowles
1627,2151,0.63470364,book_7bc513c797654467,The Girl is Mine,Laura Wolfe,book_69c51b5177aebe57,Gracie Harris Is Under Construction,Kate Hash
1627,2698,0.6077467,book_7bc513c797654467,The Girl is Mine,Laura Wolfe,book_ace9b6920a621f05,The Missing Girl,Kerry McGinnis
1628,2319,0.60714746,book_a64c5e55edcfabab,"We Love You, Bunny",Mona Awad,book_281b55269ebcd41f,The Best We Could Hope For,Nicola Kraus
1629,2697,0.6299745,book_9f0ff68367f777c7,"Perfect Wives, Perfect Lies: A Novel",Jennifer Anne Gordon,book_02c257a6025f82bd,"The Perfect Marriage (Perfect, #1)",Jeneva Rose
1629,3155,0.60576653,book_9f0ff68367f777c7,"Perfect Wives, Perfect Lies: A Novel",Jennifer Anne Gordon,book_8de80053253a6e1e,"All Your Perfects (Hopeless, #3)",Colleen Hoover
1630,2206,0.6382473,book_ae041aee30b0d8ee,You Let Me In,Lucy Clarke,book_525c844973e55d4e,A Neighbor's Guide to Murder,Louise Candlish
1630,3082,0.6347431,book_ae041aee30b0d8ee,You Let Me In,Lucy Clarke,book_3bae106c638fb57e,When I Was You,Minka Kent
1630,2731,0.61682636,book_ae041aee30b0d8ee,You Let Me In,Lucy Clarke,book_ff676584e235bf78,The Paper Palace,Miranda Cowley Heller
1630,2870,0.6115105,book_ae041aee30b0d8ee,You Let Me In,Lucy Clarke,book_26c45446d2b85ad8,Unmissing,Minka Kent
1630,2407,0.60998356,book_ae041aee30b0d8ee,You Let Me In,Lucy Clarke,book_29f970fb83114b8f,The Housekeeper's Secret,Iona Grey
1630,2657,0.60651803,book_ae041aee30b0d8ee,You Let Me In,Lucy Clarke,book_aaa7bd4fec9ad664,Don't Let Her Stay,Nicola Sanders
1630,3024,0.6057267,book_ae041aee30b0d8ee,You Let Me In,Lucy Clarke,book_8a38ee0463c96cc8,I Know Who You Are,Alice Feeney
1630,1699,0.60532045,book_ae041aee30b0d8ee,You Let Me In,Lucy Clarke,book_ebf560b2a59cde0b,What We Found Instead: A Novel,Heidi Reimer
1630,2872,0.6032647,book_ae041aee30b0d8ee,You Let Me In,Lucy Clarke,book_e5c7ae6c7336a6d0,The Thinnest Air,Minka Kent
1630,2134,0.6009015,book_ae041aee30b0d8ee,You Let Me In,Lucy Clarke,book_7bc3e9b34974c07d,The Bookstore Diaries,Susan Mallery
1630,1885,0.60016036,book_ae041aee30b0d8ee,You Let Me In,Lucy Clarke,book_ce689980abf5f7a3,Unapologetic Love Story,Elle McNicoll
1633,2364,0.62996286,book_4591ba7a95fa21ba,"Lucy Kline, Necromancer",Tom O'Donnell,book_84e3ce4b91bb7f05,Listen for the Lie,Amy Tintera
1634,1704,0.6178088,book_0af4c8bcc9a86c7c,The Witch,Freida McFadden,book_fbac83e321e3a835,"Birth of the Witch (A Coven of Three Trilogy, #1)",Nora Roberts
1637,2847,0.63164777,book_1213cf9adc93e147,The Things You'll Never Know,Ashley Audrain,book_bd5e56dec0c22b06,Girls of Brackenhill,Kate Moretti
1637,2240,0.6147307,book_1213cf9adc93e147,The Things You'll Never Know,Ashley Audrain,book_cff9a8328372b017,The Last Celebrity,Madeleine Henry
1637,2443,0.610268,book_1213cf9adc93e147,The Things You'll Never Know,Ashley Audrain,book_51769dad7b5a9de0,The Five Year Lie,Sarina Bowen
1643,2479,0.6234005,book_3cf8a011486b59f1,Good Girls Die Bored,Elizabeth Little,book_8b4a017325b704d5,All Good People Here,Ashley Flowers
1643,1706,0.6200558,book_3cf8a011486b59f1,Good Girls Die Bored,Elizabeth Little,book_e2e2b859080cce03,Hot Girl Murder Club,Ashley Winstead
201,1643,0.6178963,book_512eec1f0e386c41,Sharp Objects,Gillian Flynn,book_3cf8a011486b59f1,Good Girls Die Bored,Elizabeth Little
1643,2682,0.6178292,book_3cf8a011486b59f1,Good Girls Die Bored,Elizabeth Little,book_586a3c22aeccfb63,"Good Girl, Bad Girl (Cyrus Haven, #1)",Michael Robotham
1643,1830,0.6072718,book_3cf8a011486b59f1,Good Girls Die Bored,Elizabeth Little,book_17ce3a678f1fce02,Famous Last Words,Gillian McAllister
1643,1899,0.60413384,book_3cf8a011486b59f1,Good Girls Die Bored,Elizabeth Little,book_8909c2513af52fce,Decomposition Book,Sara van Os
1643,1823,0.60186946,book_3cf8a011486b59f1,Good Girls Die Bored,Elizabeth Little,book_fff58dce5e8a3f88,Pretty Dead Things,Kelsey Cox
1645,1899,0.6909088,book_5160afa8ad3e14c0,Buried in the Woods Below,Daniel G. Miller,book_8909c2513af52fce,Decomposition Book,Sara van Os
1645,2177,0.67815936,book_5160afa8ad3e14c0,Buried in the Woods Below,Daniel G. Miller,book_a90f54ec03024f24,Heather,Caitlin Mullen
1645,2890,0.66607213,book_5160afa8ad3e14c0,Buried in the Woods Below,Daniel G. Miller,book_eb2ef3384ac32906,The Night She Disappeared,Lisa Jewell
1645,2646,0.6617001,book_5160afa8ad3e14c0,Buried in the Woods Below,Daniel G. Miller,book_ace6863ffa630ab0,What Lies in the Woods,Kate Alice Marshall
1645,1705,0.64070636,book_5160afa8ad3e14c0,Buried in the Woods Below,Daniel G. Miller,book_f5947a784ae514ed,They Say a Girl Died Here,Sarah Pinborough
1645,2573,0.6192327,book_5160afa8ad3e14c0,Buried in the Woods Below,Daniel G. Miller,book_be2b6ff3d285f6fb,"What Lies in Darkness (Jess Lambert, #2)",Christina McDonald
1645,2968,0.6080972,book_5160afa8ad3e14c0,Buried in the Woods Below,Daniel G. Miller,book_547b04f2aee0a93b,Home Before Dark,Riley Sager
1645,2716,0.6054748,book_5160afa8ad3e14c0,Buried in the Woods Below,Daniel G. Miller,book_d22e9d5b9ed29dd0,These Silent Woods,Kimi Cunningham Grant
1645,2718,0.60322887,book_5160afa8ad3e14c0,Buried in the Woods Below,Daniel G. Miller,book_a147327db41b3e06,"The Shadow Girls (Natalie Lockhart, #4)",Alice Blanchard
1647,2522,0.70201385,book_6df75b173f41bf7a,"Before You Were Anne (Chelsey Calhoun, #2)",Emiko Jean,book_4f44bdc30f1e2b9a,The Return of Ellie Black,Emiko Jean
1650,1899,0.61368823,book_c0679b9a42d099d3,Unfinished Business,Clare Osongco,book_8909c2513af52fce,Decomposition Book,Sara van Os
1652,3036,0.6238056,book_3b834342ee620dec,"Promise Me Sunshine (Hearts of New York, #2)",Cara Bastone,book_76c9f3e8a8d9bb93,Eleanor Oliphant Is Completely Fine,Gail Honeyman
1652,2726,0.6030123,book_3b834342ee620dec,"Promise Me Sunshine (Hearts of New York, #2)",Cara Bastone,book_2535a957e3291d41,The Night of Many Endings,Melissa Payne
1653,1832,0.6752305,book_3e2f88f6b84d723e,Don't Look for Me,Wendy Walker,book_4db00808848d28c3,Missing Molly,Natalie Barelli
1653,2700,0.64469093,book_3e2f88f6b84d723e,Don't Look for Me,Wendy Walker,book_259c2f442d407dea,Leaving Time,Jodi Picoult
1653,3016,0.6421114,book_3e2f88f6b84d723e,Don't Look for Me,Wendy Walker,book_4d753b2ba02d5415,Dear Wife,Kimberly Belle
1653,2916,0.633592,book_3e2f88f6b84d723e,Don't Look for Me,Wendy Walker,book_60c34104a1621021,One Year Gone,Avery Bishop
1653,1830,0.62525266,book_3e2f88f6b84d723e,Don't Look for Me,Wendy Walker,book_17ce3a678f1fce02,Famous Last Words,Gillian McAllister
1653,2106,0.6243303,book_3e2f88f6b84d723e,Don't Look for Me,Wendy Walker,book_b539c9373c0fe4ce,The Missing Half,Ashley Flowers
1653,3022,0.62319714,book_3e2f88f6b84d723e,Don't Look for Me,Wendy Walker,book_57b183d7da9f11fd,Where They Found Her,Kimberly McCreight
1653,2857,0.6176256,book_3e2f88f6b84d723e,Don't Look for Me,Wendy Walker,book_5f66b229ede68a95,"Before She Disappeared (Frankie Elkin, #1)",Lisa Gardner
1653,1754,0.6161889,book_3e2f88f6b84d723e,Don't Look for Me,Wendy Walker,book_b5b2ef1a5f91d82f,Hidden Strangers (Dangerous Strangers Thrillers #3),Minka Kent
1653,2361,0.6143636,book_3e2f88f6b84d723e,Don't Look for Me,Wendy Walker,book_fd01f7a5f06030e1,Local Girl Missing,Claire Douglas
1653,2890,0.6135553,book_3e2f88f6b84d723e,Don't Look for Me,Wendy Walker,book_eb2ef3384ac32906,The Night She Disappeared,Lisa Jewell
1653,2973,0.6096549,book_3e2f88f6b84d723e,Don't Look for Me,Wendy Walker,book_7202030fe25625cc,All the Missing Girls,Megan Miranda
201,1653,0.604848,book_512eec1f0e386c41,Sharp Objects,Gillian Flynn,book_3e2f88f6b84d723e,Don't Look for Me,Wendy Walker
1653,1987,0.60153043,book_3e2f88f6b84d723e,Don't Look for Me,Wendy Walker,book_a210773b1799d99d,Hidden Nature,Nora Roberts
1658,2982,0.619941,book_995635953404fbb3,Before I Disappear,Cate Quinn,book_ca32ad130908b22a,Then She Was Gone,Lisa Jewell
1663,2633,0.6146112,book_ec76e4364269629d,West of Forever (Heartstone Ranch #1),Corinne Michaels,book_91b8e162bd99937a,Dreamland,Nicholas Sparks
1666,3032,0.60416174,book_9679257178ab8162,Drowning in Paper Flowers,E.L. Westbury,book_e0b713e1e05049fa,Darling Rose Gold,Stephanie Wrobel
1669,2573,0.6207458,book_c58a1a7cdd232626,Thunderbird Ranch,Laura Griffin,book_be2b6ff3d285f6fb,"What Lies in Darkness (Jess Lambert, #2)",Christina McDonald
1669,2177,0.6146894,book_c58a1a7cdd232626,Thunderbird Ranch,Laura Griffin,book_a90f54ec03024f24,Heather,Caitlin Mullen
1672,2449,0.6359928,book_bcfc87903ceffb87,Happiness Deconstructed: The Hidden Architecture of a Life Well Lived,Hussein Kanji,book_0eef0ac2c74a0224,"Emotions, Happiness and the Story of Our Lives: Inner knowledge from The Kaalmly Approach to create long-lasting happiness inround you",A.R. Kaalmly
1682,2906,0.6320195,book_38a3e1cf4b1e6ee7,Love You More,Emily Giffin,book_ca655cae204e6054,"You Love Me (You, #3)",Caroline Kepnes
1682,1721,0.6101021,book_38a3e1cf4b1e6ee7,Love You More,Emily Giffin,book_9b94e53de3761d64,Don't Fall in Love With Me,Paige Toon
1682,2000,0.6074635,book_38a3e1cf4b1e6ee7,Love You More,Emily Giffin,book_e730775214f17553,Brighter than Before,Courtney Walsh
1682,2607,0.60423994,book_38a3e1cf4b1e6ee7,Love You More,Emily Giffin,book_67f19ef6f1fde697,The Days I Loved You Most,Amy Neff
809,1682,0.60070014,book_fb8f6b8750793385,Love Your Life,Sophie Kinsella,book_38a3e1cf4b1e6ee7,Love You More,Emily Giffin
1684,2634,0.60888267,book_86a9e70f0352c161,The Sky Beneath Her,Mary Ellen Taylor,book_ac177d5451a532b7,Drowning,T.J. Newman
1685,1804,0.60764,book_fc376fc50de68fa3,The Tomorrow Tree,Carolyn Brown,book_0876dfbe5bf1168a,Late in the Day,Imogen Clark
1685,1899,0.6035486,book_fc376fc50de68fa3,The Tomorrow Tree,Carolyn Brown,book_8909c2513af52fce,Decomposition Book,Sara van Os
1686,3281,0.60245526,book_3d052b7d67b9b79e,The Date,T.H. Murdock,book_48667f62c102bb9d,A Bend in the Road,Nicholas Sparks
1688,2953,0.6022488,book_9d35703f92c6e1a2,Little Red House,Liv Andersson,book_90c5b294dcafb63e,The Last House Guest,Megan Miranda
1698,1824,0.7438868,book_7f6f8b014bef221b,"Free Falling (Sweetwater Peak, #2)",Lyla Sage,book_676a5835c6ae39ce,"Soul Searching (Sweetwater Peak, #1)",Lyla Sage
1699,1910,0.6528579,book_ebf560b2a59cde0b,What We Found Instead: A Novel,Heidi Reimer,book_82522556ca573522,Not The Woman You Think,Hazel Calder
1699,3080,0.65083396,book_ebf560b2a59cde0b,What We Found Instead: A Novel,Heidi Reimer,book_949c190140cfc492,Under Lying,Janelle Harris
1699,3025,0.6310561,book_ebf560b2a59cde0b,What We Found Instead: A Novel,Heidi Reimer,book_631ea4957281d5cd,Want,Lynn Steger Strong
1699,2410,0.6310121,book_ebf560b2a59cde0b,What We Found Instead: A Novel,Heidi Reimer,book_a0bce06bc01287a6,The Soulmate,Sally Hepworth
1699,2642,0.6299873,book_ebf560b2a59cde0b,What We Found Instead: A Novel,Heidi Reimer,book_f5bf07227b55c47e,First Lie Wins,Ashley Elston
1699,3189,0.6213694,book_ebf560b2a59cde0b,What We Found Instead: A Novel,Heidi Reimer,book_f9f21651aa297603,The Letter,Kathryn Hughes
1699,1830,0.61933255,book_ebf560b2a59cde0b,What We Found Instead: A Novel,Heidi Reimer,book_17ce3a678f1fce02,Famous Last Words,Gillian McAllister
1699,1919,0.617411,book_ebf560b2a59cde0b,What We Found Instead: A Novel,Heidi Reimer,book_3ac815ab8f2e8255,When They Find Me,Carter Wilson
1699,3216,0.61670864,book_ebf560b2a59cde0b,What We Found Instead: A Novel,Heidi Reimer,book_f93ad6a2b69a0311,"The Kind Worth Killing (Henry Kimball/Lily Kintner, #1)",Peter Swanson
1699,2168,0.6158961,book_ebf560b2a59cde0b,What We Found Instead: A Novel,Heidi Reimer,book_01e051cbac545caa,If Books Could Kill,Kate Eberle
1699,2107,0.61517406,book_ebf560b2a59cde0b,What We Found Instead: A Novel,Heidi Reimer,book_51018dcb95091df1,"Perfect Life (Winter Park, #2)",Meredith Lavender
1699,2696,0.61505353,book_ebf560b2a59cde0b,What We Found Instead: A Novel,Heidi Reimer,book_c0ff09472d554f7f,The Kind Worth Killing (Henry Kimball/Lily Kintner #1),Peter Swanson
1703,2915,0.62361836,book_81802f6e9cee31f2,Friends and Family,Natalie Baszile,book_53692b4014a3945f,The Best of Friends,Lucinda Berry
1703,2317,0.6206838,book_81802f6e9cee31f2,Friends and Family,Natalie Baszile,book_f854ebbcfd3935ff,Blue Sisters,Coco Mellors
1705,2147,0.7061968,book_f5947a784ae514ed,They Say a Girl Died Here,Sarah Pinborough,book_6d3e91c4a8782b04,How to Kill a Crime Writer,Sarah Lotz
1705,2531,0.6719252,book_f5947a784ae514ed,They Say a Girl Died Here,Sarah Pinborough,book_3cf9450a2ba464dd,Forgotten Sisters,Cynthia Pelayo
1705,2055,0.6713426,book_f5947a784ae514ed,They Say a Girl Died Here,Sarah Pinborough,book_178e1edb31c61e73,The Lost Summer: A Novel (Haven Cliff Book 2),Wendy Corsi Staub
1705,2698,0.66938233,book_f5947a784ae514ed,They Say a Girl Died Here,Sarah Pinborough,book_ace9b6920a621f05,The Missing Girl,Kerry McGinnis
1705,1899,0.6655001,book_f5947a784ae514ed,They Say a Girl Died Here,Sarah Pinborough,book_8909c2513af52fce,Decomposition Book,Sara van Os
1705,2052,0.657729,book_f5947a784ae514ed,They Say a Girl Died Here,Sarah Pinborough,book_7496475d16b288b0,Deep Dark Truth,Debra Webb
1705,2177,0.655221,book_f5947a784ae514ed,They Say a Girl Died Here,Sarah Pinborough,book_a90f54ec03024f24,Heather,Caitlin Mullen
1705,2361,0.64603007,book_f5947a784ae514ed,They Say a Girl Died Here,Sarah Pinborough,book_fd01f7a5f06030e1,Local Girl Missing,Claire Douglas
1705,2479,0.6447566,book_f5947a784ae514ed,They Say a Girl Died Here,Sarah Pinborough,book_8b4a017325b704d5,All Good People Here,Ashley Flowers
1705,2295,0.6407986,book_f5947a784ae514ed,They Say a Girl Died Here,Sarah Pinborough,book_796eee0f049f8458,Two Sides to Every Murder,Danielle Valentine
1705,2358,0.63863426,book_f5947a784ae514ed,They Say a Girl Died Here,Sarah Pinborough,book_95384776c596ba5f,No One Will Miss Her,Kat Rosenfield
1705,2053,0.637947,book_f5947a784ae514ed,They Say a Girl Died Here,Sarah Pinborough,book_d65c04bbf887b688,The Missing Ones,A.R. Torre
1705,2890,0.6373322,book_f5947a784ae514ed,They Say a Girl Died Here,Sarah Pinborough,book_eb2ef3384ac32906,The Night She Disappeared,Lisa Jewell
1705,3130,0.6369808,book_f5947a784ae514ed,They Say a Girl Died Here,Sarah Pinborough,book_eef5d992d45497bf,"Truth and Lies (DI Amy Winter, #1)",Caroline Mitchell
1706,2301,0.6148254,book_e2e2b859080cce03,Hot Girl Murder Club,Ashley Winstead,book_2e4c819e0178e106,"The Ex-Girlfriend Murder Club (A Hu Done It Mystery, #1)",Gloria Chao
1706,1746,0.6144801,book_e2e2b859080cce03,Hot Girl Murder Club,Ashley Winstead,book_3848ba68a88a803b,The Sins of Summer Daughters,Lo Patrick
1706,2615,0.6008311,book_e2e2b859080cce03,Hot Girl Murder Club,Ashley Winstead,book_d91c48a638bc1b8c,Bright Young Women,Jessica Knoll
1707,1711,0.8336124,book_d8be47df975948fc,"Redeeming 6 (Boys of Tommen, #4)",Chloe Walsh,book_a3140c53bdb7f5ab,"Saving 6 (Boys of Tommen, #3)",Chloe Walsh
1707,2274,0.63845694,book_d8be47df975948fc,"Redeeming 6 (Boys of Tommen, #4)",Chloe Walsh,book_7483ef41901ba401,"Keeping 13 (Boys of Tommen, #2)",Chloe Walsh
1709,3299,0.8699287,book_8c5afcc9c8904844,"Captivated by You (Crossfire, #4)",Sylvia Day,book_2d5ff8b32ff102ae,"Bared to You (Crossfire, #1)",Sylvia Day
1709,3150,0.85414386,book_8c5afcc9c8904844,"Captivated by You (Crossfire, #4)",Sylvia Day,book_3be03efd82399a00,"One with You (Crossfire, #5)",Sylvia Day
1709,3235,0.8460903,book_8c5afcc9c8904844,"Captivated by You (Crossfire, #4)",Sylvia Day,book_280739a452c7816e,"Entwined with You (Crossfire, #3)",Sylvia Day
1709,3296,0.8069499,book_8c5afcc9c8904844,"Captivated by You (Crossfire, #4)",Sylvia Day,book_e680d734bb3968b9,"Reflected in You (Crossfire, #2)",Sylvia Day
1710,2320,0.6175331,book_049bbc4a7ce78b8f,"I've Got a Crush on You (Darling Springs, #2)",Lauren Blakely,book_e8d949a30accfc0e,"You, Me, and Forever (Blushing #1)",Laura Pavlov
1710,2335,0.60353035,book_049bbc4a7ce78b8f,"I've Got a Crush on You (Darling Springs, #2)",Lauren Blakely,book_75e49d72c5597eac,"Sunlight (Haven River Ranch, #2)",Devney Perry
1711,2274,0.6948321,book_a3140c53bdb7f5ab,"Saving 6 (Boys of Tommen, #3)",Chloe Walsh,book_7483ef41901ba401,"Keeping 13 (Boys of Tommen, #2)",Chloe Walsh
1712,3127,0.6016145,book_e7b020cd138dd2ab,"Falling for You (Falling For, #1)",Natasha Madison,book_fda68e2a2611d41c,"Falling Into You (Falling, #1)",Jasinda Wilder
1721,1800,0.6240274,book_9b94e53de3761d64,Don't Fall in Love With Me,Paige Toon,book_4f8c0d246fec07ca,When Forever Falls Apart (Cinnamon Springs #2),Kat T. Masen
1721,2689,0.603288,book_9b94e53de3761d64,Don't Fall in Love With Me,Paige Toon,book_054ee1ab88a65d67,After I Do,Taylor Jenkins Reid
1721,2374,0.6004643,book_9b94e53de3761d64,Don't Fall in Love With Me,Paige Toon,book_e0e15004f903d727,"When You Are Mine (The Bennett Series, 1)",Kennedy Ryan
1722,2996,0.60430276,book_2f563b725536a1d0,Muñeca,Cynthia Gómez,book_6aef027d248e2c3a,Pretty Things,Janelle Brown
1723,1915,0.6195618,book_85795e8574b4888b,Just Between Us (The Kings #3),Lena Hendrix,book_0a6e9ad720f23118,Just My Luck (The Kings #2),Lena Hendrix
1726,2585,0.7450572,book_54d6cbffec3e0c98,One Shattered Crown (Grimm Bargains #3),Rebecca Zanetti,book_ad3a26e1c3ea2314,"One Cursed Rose (Grimm Bargains, #1)",Rebecca Zanetti
1727,2077,0.60774034,book_9c3e6f6985ed05ac,"Dinner Time: Deeply Delicious Meals in 15, 30, 45 and 60 minutes",Zena Kamgaing,book_72f3ef793feca2da,Come Eat: 100 Nourishing Recipes to Eat Every Day,Melissa Ben-Ishay
1729,3060,0.63786876,book_958a9a6d62b94dee,Awake Awake,Fiona Mozley,book_1602aa7aa0a0d523,The Burning Girl,Claire Messud
1729,3089,0.601344,book_958a9a6d62b94dee,Awake Awake,Fiona Mozley,book_a7f2d89fa8898377,Unspeakable Things,Jess Lourey
1730,1881,0.62810946,book_a5ffb1a34b6a292f,Yesteryear,Caro Claire Burke,book_adfc9a4e32eb15df,Trad Wife,Sarah Langan
1730,2479,0.60554856,book_a5ffb1a34b6a292f,Yesteryear,Caro Claire Burke,book_8b4a017325b704d5,All Good People Here,Ashley Flowers
1736,2901,0.6118107,book_abc06b7ea02c24f9,How to Be Less Useful: The Joy of Inefficiency,Priyanka Mattoo,book_ad3ea3e5d0acb641,"The Lazy Genius Way: Embrace What Matters, Ditch What Doesn't, and Get Stuff Done",Kendra Adachi
1744,1794,0.6234757,book_55212d080ced95d2,Black Water Bones,S.E. Reed,book_8a6c6ed7fab04c9c,The Last to Drown: A Thriller,Noelle W. Ihli
1744,1913,0.6220579,book_55212d080ced95d2,Black Water Bones,S.E. Reed,book_f7b3e44f2c2103dd,It Happened on the Lake,Lisa Jackson
1744,1899,0.6134438,book_55212d080ced95d2,Black Water Bones,S.E. Reed,book_8909c2513af52fce,Decomposition Book,Sara van Os
1744,2597,0.6100975,book_55212d080ced95d2,Black Water Bones,S.E. Reed,book_a38f6d53eed20e53,The Darkest Water,Mark Edwards
1746,2698,0.6431066,book_3848ba68a88a803b,The Sins of Summer Daughters,Lo Patrick,book_ace9b6920a621f05,The Missing Girl,Kerry McGinnis
1746,2055,0.6189003,book_3848ba68a88a803b,The Sins of Summer Daughters,Lo Patrick,book_178e1edb31c61e73,The Lost Summer: A Novel (Haven Cliff Book 2),Wendy Corsi Staub
1749,2444,0.60087,book_7bf33cd34eccd7b7,Salt Sisters,Lindsey J. Palmer,book_ede8e1fa528e3214,Real Life and Other Fictions,Susan Coll
1753,1994,0.6799046,book_483a3a73747df180,"The Next Lie (The Secrets of Chapel Roads, #2)",Camden Baird,book_06a81e86fa569696,Killing Sadie,Rachel Peterson
1753,2410,0.6313484,book_483a3a73747df180,"The Next Lie (The Secrets of Chapel Roads, #2)",Camden Baird,book_a0bce06bc01287a6,The Soulmate,Sally Hepworth
1753,3105,0.6139469,book_483a3a73747df180,"The Next Lie (The Secrets of Chapel Roads, #2)",Camden Baird,book_096cc409483ac0ff,Lying Next to Me,Gregg Olsen
1753,3080,0.60467285,book_483a3a73747df180,"The Next Lie (The Secrets of Chapel Roads, #2)",Camden Baird,book_949c190140cfc492,Under Lying,Janelle Harris
1753,2863,0.60261893,book_483a3a73747df180,"The Next Lie (The Secrets of Chapel Roads, #2)",Camden Baird,book_3edf054a871bb041,The Last One Home,Victoria Helen Stone
1754,1987,0.6432194,book_b5b2ef1a5f91d82f,Hidden Strangers (Dangerous Strangers Thrillers #3),Minka Kent,book_a210773b1799d99d,Hidden Nature,Nora Roberts
1754,2872,0.64242864,book_b5b2ef1a5f91d82f,Hidden Strangers (Dangerous Strangers Thrillers #3),Minka Kent,book_e5c7ae6c7336a6d0,The Thinnest Air,Minka Kent
1754,2390,0.6356135,book_b5b2ef1a5f91d82f,Hidden Strangers (Dangerous Strangers Thrillers #3),Minka Kent,book_66b9f29cd0553800,The Girls Who Disappeared,Claire Douglas
1754,3080,0.63097453,book_b5b2ef1a5f91d82f,Hidden Strangers (Dangerous Strangers Thrillers #3),Minka Kent,book_949c190140cfc492,Under Lying,Janelle Harris
1754,2691,0.625522,book_b5b2ef1a5f91d82f,Hidden Strangers (Dangerous Strangers Thrillers #3),Minka Kent,book_2c8f5e440aa42552,The Prisoner,B.A. Paris
1754,2318,0.62190896,book_b5b2ef1a5f91d82f,Hidden Strangers (Dangerous Strangers Thrillers #3),Minka Kent,book_224edae3b020f02e,The Cliffs,J. Courtney Sullivan
1754,2870,0.62064254,book_b5b2ef1a5f91d82f,Hidden Strangers (Dangerous Strangers Thrillers #3),Minka Kent,book_26c45446d2b85ad8,Unmissing,Minka Kent
1754,1899,0.61756426,book_b5b2ef1a5f91d82f,Hidden Strangers (Dangerous Strangers Thrillers #3),Minka Kent,book_8909c2513af52fce,Decomposition Book,Sara van Os
1754,2930,0.6164217,book_b5b2ef1a5f91d82f,Hidden Strangers (Dangerous Strangers Thrillers #3),Minka Kent,book_f6ab898547df100a,The Family Next Door,Sally Hepworth
1754,3082,0.61492884,book_b5b2ef1a5f91d82f,Hidden Strangers (Dangerous Strangers Thrillers #3),Minka Kent,book_3bae106c638fb57e,When I Was You,Minka Kent
201,1754,0.613077,book_512eec1f0e386c41,Sharp Objects,Gillian Flynn,book_b5b2ef1a5f91d82f,Hidden Strangers (Dangerous Strangers Thrillers #3),Minka Kent
1754,2479,0.61156094,book_b5b2ef1a5f91d82f,Hidden Strangers (Dangerous Strangers Thrillers #3),Minka Kent,book_8b4a017325b704d5,All Good People Here,Ashley Flowers
1754,3001,0.6114162,book_b5b2ef1a5f91d82f,Hidden Strangers (Dangerous Strangers Thrillers #3),Minka Kent,book_c9906f00fcf94809,A Stranger on the Beach,Michele Campbell
1757,2118,0.63378346,book_6073ae4342c006a0,Loved One: A Novel,Aisha Muharrar,book_fe0444d6bb43a582,Love by the Book,Jessica George
1761,2162,0.6042061,book_d382ad6c48466842,Autumn at the Cat Cafe,Kathleen Fuller,book_1f54efb2360640f3,The Summer Share,Jenn McKinlay
1764,2433,0.6160569,book_79002dfc8cae8304,"Ember: A Mafia Romance (The Hunted Kingdom, 2)",Naima Simone,book_8eb86852e3b1b768,"Rule of Three (Baranova Bratva, #1)",Misti Wilds
1767,2861,0.6118791,book_9e05c4944b4eb4ca,"Cross My Heart, I Hope You Die",Mallory Arnold,book_cb241db4b5c5be25,June First,Jennifer Hartmann
1778,2464,0.6219888,book_316e2df0d8f83558,Most Ardently Yours,Freya Sampson,book_cf9c53c53d06ca7f,Love at First Book,Jenn McKinlay
1778,2041,0.60435843,book_316e2df0d8f83558,Most Ardently Yours,Freya Sampson,book_02448bcaa4573123,The Rainy Day Bookshop,RaeAnne Thayne
1778,3003,0.6013689,book_316e2df0d8f83558,Most Ardently Yours,Freya Sampson,book_d60c5b3ea4323cee,It's Always the Husband,Michele Campbell
1780,1983,0.6589999,book_18beef02f80851da,The Fall Affair (Deluxe Edition),Vi Keeland,book_820e22d6f9a07c74,No Place to Be Single,Felicia Kingsley
1783,3302,0.6607417,book_100dfb324127f551,Trying Not to Love You (Moran Sisters #1),Kaylee Ryan,book_7cb1b48825ff7bf8,Love Left Behind,S.H. Kolee
1783,2906,0.60042965,book_100dfb324127f551,Trying Not to Love You (Moran Sisters #1),Kaylee Ryan,book_ca655cae204e6054,"You Love Me (You, #3)",Caroline Kepnes
1788,2232,0.62678814,book_e6d97bc49ca40404,The Frozen People,Elly Griffiths,book_846b28a4278afcfe,The Frozen River,Ariel Lawhon
1788,2415,0.61422175,book_e6d97bc49ca40404,The Frozen People,Elly Griffiths,book_634c7bebacbc0d6c,The Winter People,Jennifer McMahon
1789,1899,0.60874885,book_bbd6313a1d54d287,White Rabbit,Abigail Rose-Marie,book_8909c2513af52fce,Decomposition Book,Sara van Os
1792,2634,0.60201114,book_858b1fe94073a27d,Man Overboard!,Kathleen Rooney,book_ac177d5451a532b7,Drowning,T.J. Newman
1794,2597,0.6484552,book_8a6c6ed7fab04c9c,The Last to Drown: A Thriller,Noelle W. Ihli,book_a38f6d53eed20e53,The Darkest Water,Mark Edwards
1794,1923,0.63320804,book_8a6c6ed7fab04c9c,The Last to Drown: A Thriller,Noelle W. Ihli,book_c38608a4f22a2ad1,The Drowning Season,Debra Webb
1795,2949,0.6240248,book_bab3e01fa6f4640f,Thank You for Remembering: A Novel,Emily Harding,book_b4621b5dee590de2,In Five Years,Rebecca Serle
1795,2887,0.613934,book_bab3e01fa6f4640f,Thank You for Remembering: A Novel,Emily Harding,book_61f4edce0fe7bbca,The Sweetness of Forgetting,Kristin Harmel
1799,2162,0.7054281,book_66ede69908a40283,Summer People,Sally Blakely,book_1f54efb2360640f3,The Summer Share,Jenn McKinlay
1799,2568,0.6299473,book_66ede69908a40283,Summer People,Sally Blakely,book_537f347e747f8129,The Summer Pact,Emily Giffin
1799,1938,0.62723297,book_66ede69908a40283,Summer People,Sally Blakely,book_c41f800ee93f2a40,Burnout Summer,Jenna Ramirez
1799,2953,0.62560976,book_66ede69908a40283,Summer People,Sally Blakely,book_90c5b294dcafb63e,The Last House Guest,Megan Miranda
1799,2450,0.6239941,book_66ede69908a40283,Summer People,Sally Blakely,book_6246954c7a37371f,Summer Fridays,Suzanne Rindell
1799,1935,0.6200026,book_66ede69908a40283,Summer People,Sally Blakely,book_6e63c2e2d6328f84,Summerland Cove,Ellen Baker
1799,2760,0.6045214,book_66ede69908a40283,Summer People,Sally Blakely,book_5dab139d35a25826,"The Summer I Turned Pretty (Summer, #1)",Jenny Han
1800,2666,0.63939893,book_4f8c0d246fec07ca,When Forever Falls Apart (Cinnamon Springs #2),Kat T. Masen,book_8669ce2550c837b7,A Twisted Love Story,Samantha Downing
1800,2748,0.632463,book_4f8c0d246fec07ca,When Forever Falls Apart (Cinnamon Springs #2),Kat T. Masen,book_bb0d59603e755f0a,Love and Other Words,Christina Lauren
1800,1959,0.61460376,book_4f8c0d246fec07ca,When Forever Falls Apart (Cinnamon Springs #2),Kat T. Masen,book_e4d54f81ddbc1546,Just For Tonight (Rinkside Romance #1),Sage Wells
1800,3264,0.6099045,book_4f8c0d246fec07ca,When Forever Falls Apart (Cinnamon Springs #2),Kat T. Masen,book_8949d69210aae96a,"Falling for Her Fiance (Accidentally in Love, #1)",Cindi Madsen
1800,2405,0.606279,book_4f8c0d246fec07ca,When Forever Falls Apart (Cinnamon Springs #2),Kat T. Masen,book_d1ffa00031b23598,"Just for the Summer (Part of Your World, #3)",Abby Jimenez
1801,2583,0.6256417,book_ff48557ac4e563c5,I Never Knew You at All,Christine Pride,book_9ad173179409d165,I Thought I Knew: A Women's Fiction Novel,Melissa Trombetta
1801,2118,0.6189759,book_ff48557ac4e563c5,I Never Knew You at All,Christine Pride,book_fe0444d6bb43a582,Love by the Book,Jessica George
1801,3024,0.6110569,book_ff48557ac4e563c5,I Never Knew You at All,Christine Pride,book_8a38ee0463c96cc8,I Know Who You Are,Alice Feeney
1801,2374,0.60999906,book_ff48557ac4e563c5,I Never Knew You at All,Christine Pride,book_e0e15004f903d727,"When You Are Mine (The Bennett Series, 1)",Kennedy Ryan
1803,2540,0.6159262,book_e302330cd8aa3330,"Ghost Me, Maybe",Manda Collins,book_e859471190ce3b19,If I Stopped Haunting You,Colby Wilkens
1804,1910,0.6335949,book_0876dfbe5bf1168a,Late in the Day,Imogen Clark,book_82522556ca573522,Not The Woman You Think,Hazel Calder
1804,2692,0.6210412,book_0876dfbe5bf1168a,Late in the Day,Imogen Clark,book_2818c8fc0e1fe050,The Change,Kirsten Miller
1804,1830,0.6119306,book_0876dfbe5bf1168a,Late in the Day,Imogen Clark,book_17ce3a678f1fce02,Famous Last Words,Gillian McAllister
1805,2449,0.72734475,book_1bf80273814d1d85,Joy Is a Risk Worth Taking,Kelly McGonigal,book_0eef0ac2c74a0224,"Emotions, Happiness and the Story of Our Lives: Inner knowledge from The Kaalmly Approach to create long-lasting happiness inround you",A.R. Kaalmly
1805,2669,0.63178027,book_1bf80273814d1d85,Joy Is a Risk Worth Taking,Kelly McGonigal,book_446d4ffe3f6cc487,"The Upside of Stress: Why Stress Is Good for You, and How to Get Good at It",Kelly McGonigal
1805,1869,0.62008655,book_1bf80273814d1d85,Joy Is a Risk Worth Taking,Kelly McGonigal,book_71b55a056ef7352e,"Good Joy, Bad Joy",Mikki Brammer
1809,2647,0.6087399,book_387921e4718a1f82,"Santa Maybe (The Holliday Girls, 2)",Hazel Henry,book_fcefba4f3f4ef78f,"Bright Lights, Big Christmas",Mary Kay Andrews
1809,2993,0.6023679,book_387921e4718a1f82,"Santa Maybe (The Holliday Girls, 2)",Hazel Henry,book_686223032243a23c,25 Days 'Til Christmas,Poppy Alexander
1810,3077,0.6513884,book_3a1c90aafc72319a,"Food Is Medicine: Healing Our Bodies, Nourishing Our Minds, and Transforming Our Food System",Dariush Mozaffarian,book_fbb3122b8820f84d,"Anti-Diet: Reclaim Your Time, Money, Well-Being, and Happiness Through Intuitive Eating",Christy Harrison
1810,2898,0.61000395,book_3a1c90aafc72319a,"Food Is Medicine: Healing Our Bodies, Nourishing Our Minds, and Transforming Our Food System",Dariush Mozaffarian,book_f25634320043a99a,8 Weeks to Optimum Health: A Proven Program for Taking Full Advantage of Your Body's Natural Healing Power,Andrew Weil
1810,2436,0.6065523,book_3a1c90aafc72319a,"Food Is Medicine: Healing Our Bodies, Nourishing Our Minds, and Transforming Our Food System",Dariush Mozaffarian,book_829d954319fdc405,"Food and Freedom: Discover Your Personal Recipe to Eat, Think, and Live Well",Sue Van Raes
1817,2326,0.70033574,book_f0477bb0ac8e5b1d,"Loving All: Stories from My Life, My Teachers, and the Path of Compassion",Tulku Pema Rigtsal,book_4eae0b7983b5413e,"The Daily Buddhist: 366 Days of Wisdom for Happiness, Inner Freedom, and Mindful Living ― A Self-Help Guide to Buddhist Philosophy and Meditation",Pema Sherpa
1817,2070,0.62771153,book_f0477bb0ac8e5b1d,"Loving All: Stories from My Life, My Teachers, and the Path of Compassion",Tulku Pema Rigtsal,book_7e06fcf0c1fd24e5,"This Messy, Gorgeous Love: A Buddhist Guide to Lasting Partnership",Nico Hase
1823,1899,0.63699377,book_fff58dce5e8a3f88,Pretty Dead Things,Kelsey Cox,book_8909c2513af52fce,Decomposition Book,Sara van Os
1823,3016,0.6278658,book_fff58dce5e8a3f88,Pretty Dead Things,Kelsey Cox,book_4d753b2ba02d5415,Dear Wife,Kimberly Belle
1823,2685,0.62394893,book_fff58dce5e8a3f88,Pretty Dead Things,Kelsey Cox,book_c223c6f17f364762,Pretty Girls,Karin Slaughter
1823,2107,0.6055241,book_fff58dce5e8a3f88,Pretty Dead Things,Kelsey Cox,book_51018dcb95091df1,"Perfect Life (Winter Park, #2)",Meredith Lavender
1824,2465,0.6065093,book_676a5835c6ae39ce,"Soul Searching (Sweetwater Peak, #1)",Lyla Sage,book_026bbc02242db839,Happy Medium,Sarah Adler
1830,2916,0.6767492,book_17ce3a678f1fce02,Famous Last Words,Gillian McAllister,book_60c34104a1621021,One Year Gone,Avery Bishop
1830,2863,0.62997794,book_17ce3a678f1fce02,Famous Last Words,Gillian McAllister,book_3edf054a871bb041,The Last One Home,Victoria Helen Stone
1830,3080,0.6281321,book_17ce3a678f1fce02,Famous Last Words,Gillian McAllister,book_949c190140cfc492,Under Lying,Janelle Harris
1830,3016,0.62469673,book_17ce3a678f1fce02,Famous Last Words,Gillian McAllister,book_4d753b2ba02d5415,Dear Wife,Kimberly Belle
1830,3093,0.62276363,book_17ce3a678f1fce02,Famous Last Words,Gillian McAllister,book_cfd6e12dd0c4d64a,The Secrets She Keeps,Michael Robotham
1830,2295,0.62264335,book_17ce3a678f1fce02,Famous Last Words,Gillian McAllister,book_796eee0f049f8458,Two Sides to Every Murder,Danielle Valentine
1830,2463,0.6164241,book_17ce3a678f1fce02,Famous Last Words,Gillian McAllister,book_1bab8e5ee0e26434,Better Left Unsent,Lia Louis
1830,2672,0.6149738,book_17ce3a678f1fce02,Famous Last Words,Gillian McAllister,book_12985e93d8732efa,Just Another Missing Person,Gillian McAllister
1830,2606,0.6103508,book_17ce3a678f1fce02,Famous Last Words,Gillian McAllister,book_511744b040b709fd,The Most Fun We Ever Had,Claire Lombardo
1830,2016,0.6087049,book_17ce3a678f1fce02,Famous Last Words,Gillian McAllister,book_27b21b0cba586166,My Husband's Wife,Alice Feeney
1830,2147,0.6086933,book_17ce3a678f1fce02,Famous Last Words,Gillian McAllister,book_6d3e91c4a8782b04,How to Kill a Crime Writer,Sarah Lotz
1831,1865,0.6224258,book_f7d4e2d7a5bd0475,"Light Wielder (Fire & Metal, #2)",Rachel Schneider,book_de59911f1869ee46,"Metal Slinger (Fire & Metal, #1)",Rachel Schneider
1832,2361,0.70984435,book_4db00808848d28c3,Missing Molly,Natalie Barelli,book_fd01f7a5f06030e1,Local Girl Missing,Claire Douglas
1832,2914,0.66506445,book_4db00808848d28c3,Missing Molly,Natalie Barelli,book_c7529aa8b4aae276,What's Left Unsaid,Emily Bleeker
1832,1868,0.6537471,book_4db00808848d28c3,Missing Molly,Natalie Barelli,book_22b9a25d09334219,Finders Keepers,Natalie Barelli
1832,2973,0.63707626,book_4db00808848d28c3,Missing Molly,Natalie Barelli,book_7202030fe25625cc,All the Missing Girls,Megan Miranda
1832,3022,0.62913275,book_4db00808848d28c3,Missing Molly,Natalie Barelli,book_57b183d7da9f11fd,Where They Found Her,Kimberly McCreight
1832,2857,0.62172484,book_4db00808848d28c3,Missing Molly,Natalie Barelli,book_5f66b229ede68a95,"Before She Disappeared (Frankie Elkin, #1)",Lisa Gardner
1832,2053,0.6203143,book_4db00808848d28c3,Missing Molly,Natalie Barelli,book_d65c04bbf887b688,The Missing Ones,A.R. Torre
1832,2106,0.6165701,book_4db00808848d28c3,Missing Molly,Natalie Barelli,book_b539c9373c0fe4ce,The Missing Half,Ashley Flowers
1832,2521,0.6105385,book_4db00808848d28c3,Missing Molly,Natalie Barelli,book_47cf1278c1af8db8,The Reappearance of Rachel Price,Holly Jackson
1832,3024,0.6031728,book_4db00808848d28c3,Missing Molly,Natalie Barelli,book_8a38ee0463c96cc8,I Know Who You Are,Alice Feeney
1832,2888,0.6015539,book_4db00808848d28c3,Missing Molly,Natalie Barelli,book_14237994881b573b,Local Woman Missing,Mary Kubica
1832,2390,0.600572,book_4db00808848d28c3,Missing Molly,Natalie Barelli,book_66b9f29cd0553800,The Girls Who Disappeared,Claire Douglas
1842,2554,0.7491064,book_cdb8ba569d7c4463,"Change Your Story, Change Your Life: Using Shamanic and Jungian Tools to Achieve Personal Transformation",Carl Greer,book_ead09587acad8e48,Change the Story of Your Health: Using Shamanic and Jungian Techniques for Healing,Carl Greer
1842,2593,0.60095,book_cdb8ba569d7c4463,"Change Your Story, Change Your Life: Using Shamanic and Jungian Tools to Achieve Personal Transformation",Carl Greer,book_493e62d1377f4027,What It Takes to Heal: How Transforming Ourselves Can Change the World,Prentis Hemphill
1844,2101,0.61251616,book_00437c4b12f37c23,"Daughter of the Dark (Daughters of Auquis, #1)",R.J. Valldeperas,book_7104ffea2ed3ab2d,"Curses, Keys, and Secret Societies (Sisters of Light and Shadow, #2)",Breanne Randall
1844,2940,0.61081374,book_00437c4b12f37c23,"Daughter of the Dark (Daughters of Auquis, #1)",R.J. Valldeperas,book_52df238548290730,"Chain of Gold (The Last Hours, #1)",Cassandra Clare
1844,2248,0.6038963,book_00437c4b12f37c23,"Daughter of the Dark (Daughters of Auquis, #1)",R.J. Valldeperas,book_829af2ae52b90aaa,"Brighter Than Nine (Darker by Four, #2)",June C.L. Tan
1847,3100,0.6459346,book_aef157c719d74a3f,The Stepsister's Secret,Karen King,book_67232b2e579d8c83,"If You Tell: A True Story of Murder, Family Secrets, and the Unbreakable Bond of Sisterhood",Gregg Olsen
1847,1981,0.6008141,book_aef157c719d74a3f,The Stepsister's Secret,Karen King,book_20e18c1c19cea424,As Far as She Knew,Diana Awad
1849,1858,0.96712136,book_a6eb9becc204fddd,"Birds of a Feather (Ravenhood Legacy, #3)",Kate Stewart,book_e83287e1c6db8e97,Birds of a Feather: The Secrets of a Knight (The Ravenhood Legacy #3),Kate Stewart
1849,2838,0.6108006,book_a6eb9becc204fddd,"Birds of a Feather (Ravenhood Legacy, #3)",Kate Stewart,book_8dccd0279eadc6e2,"Flock (The Ravenhood, #1)",Kate Stewart
1852,1859,0.6180693,book_7e8a6f18592625e1,Tropesick,Lauren Okie,book_524626107835f021,Have a Great Summer,Francesca Cocchi
1262,1852,0.6008329,book_d52bfbb677db889d,By Any Other Name,Lauren Kate,book_7e8a6f18592625e1,Tropesick,Lauren Okie
639,1856,0.61476845,book_608f61f97ccbd03f,"Lore Olympus: Volume One (Lore Olympus, #1)",Rachel Smythe,book_5b970d30f3b1baf9,"The Throne of Broken Gods (Gods & Monsters, #2)",Amber V. Nicole
1857,3317,0.6640473,book_fb5594adfb531bd9,The Lake House (Firefly Summer),Lori Foster,book_6c53b9f802282b79,"Firefly Lane (Firefly Lane, #1)",Kristin Hannah
1858,2838,0.6195425,book_e83287e1c6db8e97,Birds of a Feather: The Secrets of a Knight (The Ravenhood Legacy #3),Kate Stewart,book_8dccd0279eadc6e2,"Flock (The Ravenhood, #1)",Kate Stewart
1859,2162,0.6205328,book_524626107835f021,Have a Great Summer,Francesca Cocchi,book_1f54efb2360640f3,The Summer Share,Jenn McKinlay
1861,1916,0.67845976,book_18e2fd2e12b7793b,Losers: Part One,Harley Laroux,book_98ccc00821e12be8,Losers: Part Two,Harley Laroux
1864,2235,0.69552934,book_276f80d1a72dbdb7,"Just Playing for Keeps (Hockey Ever After, #2)",Lauren Blakely,book_554580dd150007cf,"The Hockey Situation (Billionaire Situation, #6)",Lyra Parish
1864,2135,0.6545415,book_276f80d1a72dbdb7,"Just Playing for Keeps (Hockey Ever After, #2)",Lauren Blakely,book_bafc56bd289596c2,The Good Girl Exception (Hellcats Hockey #2),Maren Moore
1864,2701,0.6476838,book_276f80d1a72dbdb7,"Just Playing for Keeps (Hockey Ever After, #2)",Lauren Blakely,book_63d665daca3cb17e,"Icebreaker (Maple Hills, #1)",Hannah Grace
1864,1866,0.62314165,book_276f80d1a72dbdb7,"Just Playing for Keeps (Hockey Ever After, #2)",Lauren Blakely,book_3529d4df04726f6a,Fair Game (The Rules of the Rink #1),Ruth Stilling
1866,2135,0.678203,book_3529d4df04726f6a,Fair Game (The Rules of the Rink #1),Ruth Stilling,book_bafc56bd289596c2,The Good Girl Exception (Hellcats Hockey #2),Maren Moore
1866,2235,0.65163857,book_3529d4df04726f6a,Fair Game (The Rules of the Rink #1),Ruth Stilling,book_554580dd150007cf,"The Hockey Situation (Billionaire Situation, #6)",Lyra Parish
1866,2389,0.6131399,book_3529d4df04726f6a,Fair Game (The Rules of the Rink #1),Ruth Stilling,book_6d43c6e264e988d4,"Mile High (Windy City, #1)",Liz Tomforde
1867,2967,0.61156595,book_a033a7f8707be628,Booked on You,Lyra Parish,book_c0e8fbcea2562b47,The Light to My Darkness (The Light to My Darkness #1),Ivy Smoak
1867,2710,0.60177946,book_a033a7f8707be628,Booked on You,Lyra Parish,book_64af63a84b336db9,If This Is Love,Jewel E. Ann
1868,2168,0.62887,book_22b9a25d09334219,Finders Keepers,Natalie Barelli,book_01e051cbac545caa,If Books Could Kill,Kate Eberle
1868,3024,0.6192725,book_22b9a25d09334219,Finders Keepers,Natalie Barelli,book_8a38ee0463c96cc8,I Know Who You Are,Alice Feeney
1868,3165,0.6090604,book_22b9a25d09334219,Finders Keepers,Natalie Barelli,book_632d0537ea3cae52,"Everything We Keep (Everything, #1)",Kerry Lonsdale
1868,3016,0.6084696,book_22b9a25d09334219,Finders Keepers,Natalie Barelli,book_4d753b2ba02d5415,Dear Wife,Kimberly Belle
1868,2277,0.60641944,book_22b9a25d09334219,Finders Keepers,Natalie Barelli,book_3492c01e2832e41f,The Housewife,Natalie Barelli
1868,1919,0.60538256,book_22b9a25d09334219,Finders Keepers,Natalie Barelli,book_3ac815ab8f2e8255,When They Find Me,Carter Wilson
1871,2993,0.60398626,book_33e52c18d954e936,The Twelve Loves of Christmas: An Advent Romance Collection,Alexandria Bellefleur,book_686223032243a23c,25 Days 'Til Christmas,Poppy Alexander
1873,2750,0.64777493,book_9b171fa952d15886,The Talking Bone: A Novel,Rene Denfeld,book_fd85fd77ef6c61d9,Blood Sugar,Sascha Rothchild
1874,2549,0.72280777,book_174c88a5f5f6a6fa,The Neighbors Are Watching,Aggie Blum Thompson,book_335156b12c245165,Neighborhood Watch,Sarah Reida
1874,2687,0.67161,book_174c88a5f5f6a6fa,The Neighbors Are Watching,Aggie Blum Thompson,book_ee0b21a7abb0d8ac,What the Neighbors Saw,Melissa Adelman
1874,2206,0.6002258,book_174c88a5f5f6a6fa,The Neighbors Are Watching,Aggie Blum Thompson,book_525c844973e55d4e,A Neighbor's Guide to Murder,Louise Candlish
1876,2442,0.6035957,book_c855c7f8a96ef1b1,"The Dying Light (Two Rivers, #4)",Ann Cleeves,book_17316f07d9745b5d,Light Dark,Aleatha Romig
1878,3264,0.647418,book_f60814c7f7032c0a,Casually Yours,Vivian Jia Lac,book_8949d69210aae96a,"Falling for Her Fiance (Accidentally in Love, #1)",Cindi Madsen
1878,2374,0.6176609,book_f60814c7f7032c0a,Casually Yours,Vivian Jia Lac,book_e0e15004f903d727,"When You Are Mine (The Bennett Series, 1)",Kennedy Ryan
1878,2118,0.611681,book_f60814c7f7032c0a,Casually Yours,Vivian Jia Lac,book_fe0444d6bb43a582,Love by the Book,Jessica George
1878,2306,0.60120916,book_f60814c7f7032c0a,Casually Yours,Vivian Jia Lac,book_c3127dd590a3020d,"Only Between Us (Oakwood Bay, #2)",Ellie K. Wilde
1879,2650,0.64709103,book_dda2b564001d267a,Watching You,Kate Anslinger,book_56c2b08123f7c568,Watching You,Lisa Jewell
1879,2374,0.6291507,book_dda2b564001d267a,Watching You,Kate Anslinger,book_e0e15004f903d727,"When You Are Mine (The Bennett Series, 1)",Kennedy Ryan
1879,2568,0.61790437,book_dda2b564001d267a,Watching You,Kate Anslinger,book_537f347e747f8129,The Summer Pact,Emily Giffin
1879,2116,0.61786467,book_dda2b564001d267a,Watching You,Kate Anslinger,book_eab0bdfa208f006b,Ideal Life: A Novel,Evelyn Skye
1051,1879,0.6119209,book_54270bcaf3497de8,The Wife App,Carolyn Mackler,book_dda2b564001d267a,Watching You,Kate Anslinger
1879,2505,0.6061722,book_dda2b564001d267a,Watching You,Kate Anslinger,book_14efb629372409c4,Someone Like You,Karen Kingsbury
1881,2016,0.62389433,book_adfc9a4e32eb15df,Trad Wife,Sarah Langan,book_27b21b0cba586166,My Husband's Wife,Alice Feeney
1881,1899,0.6158395,book_adfc9a4e32eb15df,Trad Wife,Sarah Langan,book_8909c2513af52fce,Decomposition Book,Sara van Os
1881,3308,0.6148451,book_adfc9a4e32eb15df,Trad Wife,Sarah Langan,book_91c3af20efb85409,A Reliable Wife,Robert Goolrick
1885,2464,0.6028484,book_ce689980abf5f7a3,Unapologetic Love Story,Elle McNicoll,book_cf9c53c53d06ca7f,Love at First Book,Jenn McKinlay
1886,3233,0.6045377,book_3e5480df3ace311b,Married With Benefits,Ellie Palmer,book_2c0227e5d9f1cbfb,"The Marriage Bargain (Marriage to a Billionaire, #1)",Jennifer Probst
1888,2016,0.6054549,book_c9ab29ced30f9cbd,The Man,Laura Sims,book_27b21b0cba586166,My Husband's Wife,Alice Feeney
1891,2635,0.63027847,book_6773d275de6ed914,The Maid,Michelle Flynn Osborne,book_5fe1fe2398331939,"The Maid (Molly the Maid, #1)",Nita Prose
1893,2644,0.61460257,book_f234d2b75be4c772,The Perfumer’s Secret: A WWII Novel,Fiona Schneider,book_9c47a5a5442ed69e,The Scent Keeper,Erica Bauermeister
1899,2052,0.66106915,book_8909c2513af52fce,Decomposition Book,Sara van Os,book_7496475d16b288b0,Deep Dark Truth,Debra Webb
1899,2147,0.65310895,book_8909c2513af52fce,Decomposition Book,Sara van Os,book_6d3e91c4a8782b04,How to Kill a Crime Writer,Sarah Lotz
1899,2395,0.6467185,book_8909c2513af52fce,Decomposition Book,Sara van Os,book_f61996ef36d3d8bd,"Stillhouse Lake (Stillhouse Lake, #1)",Rachel Caine
1899,2671,0.6461948,book_8909c2513af52fce,Decomposition Book,Sara van Os,book_310a8964515e7114,Come Closer,Sara Gran
1899,2531,0.6365982,book_8909c2513af52fce,Decomposition Book,Sara van Os,book_3cf9450a2ba464dd,Forgotten Sisters,Cynthia Pelayo
1899,1903,0.63490784,book_8909c2513af52fce,Decomposition Book,Sara van Os,book_c71a74e59c69e32a,The Hiding Season,Ava Glass
1899,2573,0.62999076,book_8909c2513af52fce,Decomposition Book,Sara van Os,book_be2b6ff3d285f6fb,"What Lies in Darkness (Jess Lambert, #2)",Christina McDonald
1899,2281,0.626513,book_8909c2513af52fce,Decomposition Book,Sara van Os,book_da1c559d61090844,The Intruder,Freida McFadden
1899,2518,0.62407607,book_8909c2513af52fce,Decomposition Book,Sara van Os,book_cb118b7644830ffc,Better by Far,Hazel Hayes
1899,2082,0.6206486,book_8909c2513af52fce,Decomposition Book,Sara van Os,book_4055ab3235bce00b,"Into the Fading Twilight (Starlight Grove, #2)",Catherine Cowles
1899,2718,0.61983323,book_8909c2513af52fce,Decomposition Book,Sara van Os,book_a147327db41b3e06,"The Shadow Girls (Natalie Lockhart, #4)",Alice Blanchard
1902,2802,0.6232754,book_e29a068c975bdbbb,The View From Lake Como: A Novel,Adriana Trigiani,book_4625bd3a03631663,The House Across the Lake,Riley Sager
1902,3318,0.6209097,book_e29a068c975bdbbb,The View From Lake Como: A Novel,Adriana Trigiani,book_8969b538af1e9eea,On Mystic Lake,Kristin Hannah
1902,1913,0.60996926,book_e29a068c975bdbbb,The View From Lake Como: A Novel,Adriana Trigiani,book_f7b3e44f2c2103dd,It Happened on the Lake,Lisa Jackson
1903,1987,0.62412417,book_c71a74e59c69e32a,The Hiding Season,Ava Glass,book_a210773b1799d99d,Hidden Nature,Nora Roberts
1904,2847,0.6094719,book_74796b8ad3c6d9ad,Where Lost Girls Go,Kody Keplinger,book_bd5e56dec0c22b06,Girls of Brackenhill,Kate Moretti
1904,2055,0.6068881,book_74796b8ad3c6d9ad,Where Lost Girls Go,Kody Keplinger,book_178e1edb31c61e73,The Lost Summer: A Novel (Haven Cliff Book 2),Wendy Corsi Staub
1705,1904,0.6016394,book_f5947a784ae514ed,They Say a Girl Died Here,Sarah Pinborough,book_74796b8ad3c6d9ad,Where Lost Girls Go,Kody Keplinger
1904,2522,0.60127145,book_74796b8ad3c6d9ad,Where Lost Girls Go,Kody Keplinger,book_4f44bdc30f1e2b9a,The Return of Ellie Black,Emiko Jean
1907,2457,0.63964677,book_22c3eba4aa7abdd8,"Queen of Roses (Blood of a Fae, #1)",Briar Boleyn,book_a6f2e51e4936979c,"Red Queen (Red Queen, #1)",Victoria Aveyard
1907,2460,0.6053153,book_22c3eba4aa7abdd8,"Queen of Roses (Blood of a Fae, #1)",Briar Boleyn,book_8d0d9be5e18b4c71,"Fate of the Sun King (Artefacts of Ouranos, #3)",Nisha J. Tuli
1910,3025,0.6535474,book_82522556ca573522,Not The Woman You Think,Hazel Calder,book_631ea4957281d5cd,Want,Lynn Steger Strong
1910,2663,0.6204039,book_82522556ca573522,Not The Woman You Think,Hazel Calder,book_1e83fbaafefe0906,The Leftover Woman,Jean Kwok
1910,2877,0.603824,book_82522556ca573522,Not The Woman You Think,Hazel Calder,book_49da0fbc8904e2f5,"Chasing Cupcakes: How One Broke, Fat Girl Transformed Her Life (and How You Can, Too)",Elizabeth Benton
1910,2463,0.60332894,book_82522556ca573522,Not The Woman You Think,Hazel Calder,book_1bab8e5ee0e26434,Better Left Unsent,Lia Louis
1910,2193,0.60014206,book_82522556ca573522,Not The Woman You Think,Hazel Calder,book_99f3ac09b8620811,Good Woman: A Reckoning,Savala Nolan
1913,2802,0.6730541,book_f7b3e44f2c2103dd,It Happened on the Lake,Lisa Jackson,book_4625bd3a03631663,The House Across the Lake,Riley Sager
1913,2076,0.623266,book_f7b3e44f2c2103dd,It Happened on the Lake,Lisa Jackson,book_ddcefac22de7dc07,Beach Thriller,Jamie Day
1913,3318,0.6189481,book_f7b3e44f2c2103dd,It Happened on the Lake,Lisa Jackson,book_8969b538af1e9eea,On Mystic Lake,Kristin Hannah
1913,2295,0.61823475,book_f7b3e44f2c2103dd,It Happened on the Lake,Lisa Jackson,book_796eee0f049f8458,Two Sides to Every Murder,Danielle Valentine
1913,2506,0.60767585,book_f7b3e44f2c2103dd,It Happened on the Lake,Lisa Jackson,book_7ed949e1303d684b,"The Stranger at Black Lake (Jess Lambert, #.5)",Christina McDonald
1913,3022,0.60479,book_f7b3e44f2c2103dd,It Happened on the Lake,Lisa Jackson,book_57b183d7da9f11fd,Where They Found Her,Kimberly McCreight
1913,2082,0.6036141,book_f7b3e44f2c2103dd,It Happened on the Lake,Lisa Jackson,book_4055ab3235bce00b,"Into the Fading Twilight (Starlight Grove, #2)",Catherine Cowles
1899,1913,0.60101616,book_8909c2513af52fce,Decomposition Book,Sara van Os,book_f7b3e44f2c2103dd,It Happened on the Lake,Lisa Jackson
1918,2817,0.6244732,book_0be22fef4961ddb9,The Truth About Ruby Cooper,Liz Nugent,book_ffb3cae407478e01,This Might Hurt,Stephanie Wrobel
1919,2147,0.6320597,book_3ac815ab8f2e8255,When They Find Me,Carter Wilson,book_6d3e91c4a8782b04,How to Kill a Crime Writer,Sarah Lotz
1919,1987,0.61669993,book_3ac815ab8f2e8255,When They Find Me,Carter Wilson,book_a210773b1799d99d,Hidden Nature,Nora Roberts
1919,2177,0.61427754,book_3ac815ab8f2e8255,When They Find Me,Carter Wilson,book_a90f54ec03024f24,Heather,Caitlin Mullen
1919,3089,0.6139022,book_3ac815ab8f2e8255,When They Find Me,Carter Wilson,book_a7f2d89fa8898377,Unspeakable Things,Jess Lourey
1919,2314,0.6136495,book_3ac815ab8f2e8255,When They Find Me,Carter Wilson,book_5fb86f1d0bcf0496,You Belong Here,Megan Miranda
1705,1919,0.60675573,book_f5947a784ae514ed,They Say a Girl Died Here,Sarah Pinborough,book_3ac815ab8f2e8255,When They Find Me,Carter Wilson
1919,2914,0.6062803,book_3ac815ab8f2e8255,When They Find Me,Carter Wilson,book_c7529aa8b4aae276,What's Left Unsaid,Emily Bleeker
1919,2052,0.6014531,book_3ac815ab8f2e8255,When They Find Me,Carter Wilson,book_7496475d16b288b0,Deep Dark Truth,Debra Webb
1922,2995,0.6114872,book_32a94c80c482dc0d,Every Version of You,Natalie Messier,book_a60fefb106ffabd8,Didn't See That Coming: Putting Life Back Together When Your World Falls Apart,Rachel Hollis
1923,2531,0.6357033,book_c38608a4f22a2ad1,The Drowning Season,Debra Webb,book_3cf9450a2ba464dd,Forgotten Sisters,Cynthia Pelayo
1923,2919,0.6308972,book_c38608a4f22a2ad1,The Drowning Season,Debra Webb,book_dd173f4b9f9e8515,"The Drowned Girls (Angie Pallorino, #1)",Loreth Anne White
1923,2677,0.61312187,book_c38608a4f22a2ad1,The Drowning Season,Debra Webb,book_52b0f885d0e45ed8,How Not to Drown in a Glass of Water,Angie Cruz
1923,2882,0.610125,book_c38608a4f22a2ad1,The Drowning Season,Debra Webb,book_87db0c75b3c43357,The Drowning Kind,Jennifer McMahon
1924,1995,0.6270601,book_9ba5aba766752683,"When the Light Returns (The Winter Dark, #2)",Joanna Ruth Meyer,book_01801f21535a2c30,The Night King’s Court,Elisa A. Bonnin
1924,2460,0.6048744,book_9ba5aba766752683,"When the Light Returns (The Winter Dark, #2)",Joanna Ruth Meyer,book_8d0d9be5e18b4c71,"Fate of the Sun King (Artefacts of Ouranos, #3)",Nisha J. Tuli
1924,2101,0.6040935,book_9ba5aba766752683,"When the Light Returns (The Winter Dark, #2)",Joanna Ruth Meyer,book_7104ffea2ed3ab2d,"Curses, Keys, and Secret Societies (Sisters of Light and Shadow, #2)",Breanne Randall
1925,1987,0.6293727,book_913a32046124b80c,"You Can Tell Me (Olivia Cruz, #1)",Melinda Leigh,book_a210773b1799d99d,Hidden Nature,Nora Roberts
1925,2508,0.61531496,book_913a32046124b80c,"You Can Tell Me (Olivia Cruz, #1)",Melinda Leigh,book_637646d7a31ed744,Secret Of The Sassafras,Olivia Sparrow
1925,2893,0.60156775,book_913a32046124b80c,"You Can Tell Me (Olivia Cruz, #1)",Melinda Leigh,book_4fb4deb1952c90c9,"Find Me (Ellie Hatcher, #6)",Alafair Burke
1925,2447,0.60121167,book_913a32046124b80c,"You Can Tell Me (Olivia Cruz, #1)",Melinda Leigh,book_a2e7bc42f04c9b6d,"Liar's Point (The Texas Murder Files, #5)",Laura Griffin
1930,2043,0.62025535,book_5ea3d1fef51dcb72,So Happy Together,Olivia Worley,book_0d382d0497d177d9,Happy Ending,Chloe Liese
1930,1956,0.6116465,book_5ea3d1fef51dcb72,So Happy Together,Olivia Worley,book_2b3c09667794edf5,Another Life,D.M. Natalias
1931,2147,0.6657807,book_f1a6c60e1d0b3b65,"How to Cheat Your Own Death (Castle Knoll Files, #3)",Kristen Perrin,book_6d3e91c4a8782b04,How to Kill a Crime Writer,Sarah Lotz
1931,3117,0.63718385,book_f1a6c60e1d0b3b65,"How to Cheat Your Own Death (Castle Knoll Files, #3)",Kristen Perrin,book_6061470e278fac0a,"My Sister's Grave (Tracy Crosswhite, #1)",Robert Dugoni
1705,1931,0.62408924,book_f5947a784ae514ed,They Say a Girl Died Here,Sarah Pinborough,book_f1a6c60e1d0b3b65,"How to Cheat Your Own Death (Castle Knoll Files, #3)",Kristen Perrin
1935,2162,0.60913956,book_6e63c2e2d6328f84,Summerland Cove,Ellen Baker,book_1f54efb2360640f3,The Summer Share,Jenn McKinlay
1935,2953,0.6088762,book_6e63c2e2d6328f84,Summerland Cove,Ellen Baker,book_90c5b294dcafb63e,The Last House Guest,Megan Miranda
1936,2488,0.6093128,book_a5408339679b0a5b,The Paris Match,Kate Clayborn,book_f75950c8305ba28d,Wedding Issues,Elle Evans
1937,2697,0.63139343,book_d0d3e1635cba1226,Everyone Is Perfect Here,Jane Haseldine,book_02c257a6025f82bd,"The Perfect Marriage (Perfect, #1)",Jeneva Rose
1940,2432,0.64115644,book_24d9239440916228,Portrait of a Haunting,Madison Tyler Nelson,book_3d54503e81f48cbe,An Enchanting Case of Spirits,Melissa Holtz
1940,2165,0.63376194,book_24d9239440916228,Portrait of a Haunting,Madison Tyler Nelson,book_6270ccb60e7176bc,Something in the Walls,Daisy Pearce
1940,2177,0.6129664,book_24d9239440916228,Portrait of a Haunting,Madison Tyler Nelson,book_a90f54ec03024f24,Heather,Caitlin Mullen
1940,2718,0.60511243,book_24d9239440916228,Portrait of a Haunting,Madison Tyler Nelson,book_a147327db41b3e06,"The Shadow Girls (Natalie Lockhart, #4)",Alice Blanchard
1899,1940,0.60423625,book_8909c2513af52fce,Decomposition Book,Sara van Os,book_24d9239440916228,Portrait of a Haunting,Madison Tyler Nelson
1940,2356,0.60298187,book_24d9239440916228,Portrait of a Haunting,Madison Tyler Nelson,book_fc0087a491ac9770,The Grownup,Gillian Flynn
1952,2262,0.6087103,book_325f6cab46aebde7,The Masked Truth,Kelley Armstrong,book_99a83db4490a904e,Deadly Ripples,Penny Goetjen
1953,2095,0.82132953,book_e3003222d71d3fe0,Tourist Season (The Seasons of Carnage Trilogy #1),Brynne Weaver,book_024a68d5de139feb,"Harvest Season (The Seasons of Carnage Trilogy, #2)",Brynne Weaver
1954,2641,0.6418531,book_a16bd39cb6316990,You Can't Hurry Second Chances: A Novel,Michelle Stimpson,book_dfa0e1e9e5a42eeb,A Season for Second Chances,Jenny Bayliss
1954,2096,0.61028785,book_a16bd39cb6316990,You Can't Hurry Second Chances: A Novel,Michelle Stimpson,book_63424720a2a0d281,The Summer of Second Chances,K.L. Walther
1956,3256,0.6139467,book_2b3c09667794edf5,Another Life,D.M. Natalias,book_f69d4cf9d33827e4,"Thoughtless (Thoughtless, #1)",S.C. Stephens
1956,2344,0.6110972,book_2b3c09667794edf5,Another Life,D.M. Natalias,book_b23cc711122471c8,The Things We Do for Love,Kristin Hannah
1956,3025,0.6018233,book_2b3c09667794edf5,Another Life,D.M. Natalias,book_631ea4957281d5cd,Want,Lynn Steger Strong
1959,2633,0.6031374,book_e4d54f81ddbc1546,Just For Tonight (Rinkside Romance #1),Sage Wells,book_91b8e162bd99937a,Dreamland,Nicholas Sparks
1960,2433,0.64408726,book_c25ab56921082f8d,"The Rule of Three (Salacious Legacy, #2)",Sara Cate,book_8eb86852e3b1b768,"Rule of Three (Baranova Bratva, #1)",Misti Wilds
1965,2618,0.67182374,book_7bb1566654b490ea,Not a Strong Enough Word,Allie Samberts,book_297380d3c522f0e9,The Things We Leave Unfinished,Rebecca Yarros
1971,2861,0.62295914,book_ce5f2d926826b734,Older,Jennifer Hartmann,book_cb241db4b5c5be25,June First,Jennifer Hartmann
1975,2706,0.6037897,book_61f445969a15cfaa,Until Death,Mary Berman,book_facf1968013aacc2,The Silent Bride,Shalini Boland
1979,2408,0.6106767,book_45bb92a4cd968975,Road Trip,Mary Kay Andrews,book_5337a14e57121b96,The Most Wonderful Time,Jayne Allen
1981,3024,0.6113888,book_20e18c1c19cea424,As Far as She Knew,Diana Awad,book_8a38ee0463c96cc8,I Know Who You Are,Alice Feeney
1981,3080,0.6109893,book_20e18c1c19cea424,As Far as She Knew,Diana Awad,book_949c190140cfc492,Under Lying,Janelle Harris
1981,2347,0.60772336,book_20e18c1c19cea424,As Far as She Knew,Diana Awad,book_2da58e932c4981a0,The Third Wife,Lisa Jewell
1987,2672,0.6755059,book_a210773b1799d99d,Hidden Nature,Nora Roberts,book_12985e93d8732efa,Just Another Missing Person,Gillian McAllister
1987,3013,0.6330688,book_a210773b1799d99d,Hidden Nature,Nora Roberts,book_caa04db30fdca072,This Secret Thing,Marybeth Mayhew Whalen
1987,2053,0.62822735,book_a210773b1799d99d,Hidden Nature,Nora Roberts,book_d65c04bbf887b688,The Missing Ones,A.R. Torre
1987,3016,0.6275965,book_a210773b1799d99d,Hidden Nature,Nora Roberts,book_4d753b2ba02d5415,Dear Wife,Kimberly Belle
1987,2177,0.61737984,book_a210773b1799d99d,Hidden Nature,Nora Roberts,book_a90f54ec03024f24,Heather,Caitlin Mullen
1987,2827,0.6170783,book_a210773b1799d99d,Hidden Nature,Nora Roberts,book_4ed5f8050538c69c,The Book of Cold Cases,Simone St. James
1987,2857,0.61526835,book_a210773b1799d99d,Hidden Nature,Nora Roberts,book_5f66b229ede68a95,"Before She Disappeared (Frankie Elkin, #1)",Lisa Gardner
1987,3174,0.6150555,book_a210773b1799d99d,Hidden Nature,Nora Roberts,book_ce9d1beb4dc9c1b1,"The Child Finder (Naomi Cottle, #1)",Rene Denfeld
201,1987,0.61443555,book_512eec1f0e386c41,Sharp Objects,Gillian Flynn,book_a210773b1799d99d,Hidden Nature,Nora Roberts
1987,3083,0.6109232,book_a210773b1799d99d,Hidden Nature,Nora Roberts,book_a7574ec64ef70377,"Hide and Seek (Criminal Profiler, #4)",Mary Burton
1987,2578,0.6068946,book_a210773b1799d99d,Hidden Nature,Nora Roberts,book_950124bc5a2cbf74,"Never Come Back (Nora McTavish, #2)",Joe Hart
1988,2047,0.6299776,book_06723628f5144598,The Academy (The Academy Series #1),Elin Hilderbrand,book_d8823e42758966f9,"The Thoroughbreds (The Academy, #2)",Elin Hilderbrand
1994,2301,0.61426485,book_06a81e86fa569696,Killing Sadie,Rachel Peterson,book_2e4c819e0178e106,"The Ex-Girlfriend Murder Club (A Hu Done It Mystery, #1)",Gloria Chao
1994,3130,0.60113126,book_06a81e86fa569696,Killing Sadie,Rachel Peterson,book_eef5d992d45497bf,"Truth and Lies (DI Amy Winter, #1)",Caroline Mitchell
2000,2374,0.6049299,book_e730775214f17553,Brighter than Before,Courtney Walsh,book_e0e15004f903d727,"When You Are Mine (The Bennett Series, 1)",Kennedy Ryan
2006,2932,0.61660826,book_04ab9fbd1f5f5d08,The Good Sister,Bonnie Traymore,book_434bab2cc080d5b1,The Good Sister,Sally Hepworth
2006,3117,0.60254097,book_04ab9fbd1f5f5d08,The Good Sister,Bonnie Traymore,book_6061470e278fac0a,"My Sister's Grave (Tracy Crosswhite, #1)",Robert Dugoni
2006,3100,0.6024626,book_04ab9fbd1f5f5d08,The Good Sister,Bonnie Traymore,book_67232b2e579d8c83,"If You Tell: A True Story of Murder, Family Secrets, and the Unbreakable Bond of Sisterhood",Gregg Olsen
2016,2343,0.7298692,book_27b21b0cba586166,My Husband's Wife,Alice Feeney,book_49e3bbdb47032c02,Beautiful Ugly,Alice Feeney
2016,2413,0.6406131,book_27b21b0cba586166,My Husband's Wife,Alice Feeney,book_71cf15544f15f039,My Darling Husband,Kimberly Belle
2016,2828,0.6385226,book_27b21b0cba586166,My Husband's Wife,Alice Feeney,book_a21a00fd4cc1b678,The Younger Wife,Sally Hepworth
2016,3006,0.6338448,book_27b21b0cba586166,My Husband's Wife,Alice Feeney,book_242b0065d927a8b4,Husband (Betrothed #2),Penelope Sky
2016,3219,0.6296724,book_27b21b0cba586166,My Husband's Wife,Alice Feeney,book_ace878d971368d4e,The Husband's Secret,Liane Moriarty
2016,3016,0.6247089,book_27b21b0cba586166,My Husband's Wife,Alice Feeney,book_4d753b2ba02d5415,Dear Wife,Kimberly Belle
1051,2016,0.6217233,book_54270bcaf3497de8,The Wife App,Carolyn Mackler,book_27b21b0cba586166,My Husband's Wife,Alice Feeney
2016,2997,0.61586547,book_27b21b0cba586166,My Husband's Wife,Alice Feeney,book_62005339c5ba5fdf,The Wife Who Knew Too Much,Michele Campbell
2016,3186,0.61392254,book_27b21b0cba586166,My Husband's Wife,Alice Feeney,book_9910e91c663f9e37,The Good Widow,Liz Fenton
2016,3308,0.6133847,book_27b21b0cba586166,My Husband's Wife,Alice Feeney,book_91c3af20efb85409,A Reliable Wife,Robert Goolrick
2016,2347,0.61334157,book_27b21b0cba586166,My Husband's Wife,Alice Feeney,book_2da58e932c4981a0,The Third Wife,Lisa Jewell
2016,2107,0.61243856,book_27b21b0cba586166,My Husband's Wife,Alice Feeney,book_51018dcb95091df1,"Perfect Life (Winter Park, #2)",Meredith Lavender
2018,2771,0.6103559,book_cd0f1ca4bd54350d,100 Mental Health Journaling Prompts,Richard French,book_6a83b99b660e323a,Why Has Nobody Told Me This Before?,Julie Smith
2019,2374,0.6052779,book_7068958dcb7b8075,Your Soulmail Is Attached: A Novel,Joan F. Smith,book_e0e15004f903d727,"When You Are Mine (The Bennett Series, 1)",Kennedy Ryan
2022,2521,0.6227112,book_7c0a38814bdc57f8,Rachel West and the Fallen Starlet,Emma Mills,book_47cf1278c1af8db8,The Reappearance of Rachel Price,Holly Jackson
2023,2498,0.60527027,book_a3bcd318afeeec36,The Night Hunter,Natalie Moss,book_516cffd2db2ae6c6,What We'll Burn Last,Heather Chavez
2025,2833,0.63894933,book_033de2b361578485,The Memory of Borrowed Books,Meg Anderson,book_e58549f13ea9b917,The Book of Lost Names,Kristin Harmel
2025,2287,0.6146184,book_033de2b361578485,The Memory of Borrowed Books,Meg Anderson,book_003521d750e29881,This Book Made Me Think of You,Libby Page
2027,3089,0.61807597,book_d86edb469e401db9,The Unforeseen,Claire Ackroyd,book_a7f2d89fa8898377,Unspeakable Things,Jess Lourey
2029,3091,0.6043151,book_d8e3e94af3cfadb6,Beginning Middle End,Valeria Luiselli,book_1d4f3d4df5a7b5ae,Regretting You,Colleen Hoover
2029,3288,0.60053134,book_d8e3e94af3cfadb6,Beginning Middle End,Valeria Luiselli,book_513103c9f6b97f96,The Last Song,Nicholas Sparks
2032,2649,0.62840354,book_bf008aff1fadee61,Getting Away with Murder,Shari Lapena,book_09d040211418488e,Not a Happy Family,Shari Lapena
2041,3002,0.61127216,book_02448bcaa4573123,The Rainy Day Bookshop,RaeAnne Thayne,book_84ccb10c89487871,She Was the Quiet One,Michele Campbell
2041,3095,0.6035067,book_02448bcaa4573123,The Rainy Day Bookshop,RaeAnne Thayne,book_0eaf6d4c7281a4b8,"The Family Upstairs (The Family Upstairs, #1)",Lisa Jewell
2043,2748,0.6157236,book_0d382d0497d177d9,Happy Ending,Chloe Liese,book_bb0d59603e755f0a,Love and Other Words,Christina Lauren
2049,2798,0.6406614,book_52bb0babfeca0700,"The Butcher Game (Dr. Wren Muller, #2)",Alaina Urquhart,book_e72b04553876bd79,The Butcher,Jennifer Hillier
2052,3104,0.7090206,book_7496475d16b288b0,Deep Dark Truth,Debra Webb,book_a0d90a61b51d17c4,The Girl Who Lived,Christopher Greyson
2052,2573,0.70855963,book_7496475d16b288b0,Deep Dark Truth,Debra Webb,book_be2b6ff3d285f6fb,"What Lies in Darkness (Jess Lambert, #2)",Christina McDonald
2052,2262,0.70168775,book_7496475d16b288b0,Deep Dark Truth,Debra Webb,book_99a83db4490a904e,Deadly Ripples,Penny Goetjen
2052,2755,0.69014156,book_7496475d16b288b0,Deep Dark Truth,Debra Webb,book_63e3514c8a67f140,Twenty Years Later,Charlie Donlea
2052,3130,0.686358,book_7496475d16b288b0,Deep Dark Truth,Debra Webb,book_eef5d992d45497bf,"Truth and Lies (DI Amy Winter, #1)",Caroline Mitchell
2052,2927,0.67774475,book_7496475d16b288b0,Deep Dark Truth,Debra Webb,book_f5efeebf3ef34eeb,"A Familiar Sight (Dr. Gretchen White, #1)",Brianna Labuskes
2052,2147,0.6766174,book_7496475d16b288b0,Deep Dark Truth,Debra Webb,book_6d3e91c4a8782b04,How to Kill a Crime Writer,Sarah Lotz
2052,2212,0.67602026,book_7496475d16b288b0,Deep Dark Truth,Debra Webb,book_dcf8b38a3b781565,The Ten Year Lie,Debra Webb
2052,3208,0.6617375,book_7496475d16b288b0,Deep Dark Truth,Debra Webb,book_ae31cddaa8daa9ef,Dark Places,Gillian Flynn
2052,3117,0.6554966,book_7496475d16b288b0,Deep Dark Truth,Debra Webb,book_6061470e278fac0a,"My Sister's Grave (Tracy Crosswhite, #1)",Robert Dugoni
2052,2442,0.6474192,book_7496475d16b288b0,Deep Dark Truth,Debra Webb,book_17316f07d9745b5d,Light Dark,Aleatha Romig
2052,2533,0.6399797,book_7496475d16b288b0,Deep Dark Truth,Debra Webb,book_6c18f37581058942,"A Forgotten Kill (Daniela Vega, #2)",Isabella Maldonado
2053,2390,0.70346785,book_d65c04bbf887b688,The Missing Ones,A.R. Torre,book_66b9f29cd0553800,The Girls Who Disappeared,Claire Douglas
2053,2973,0.69030607,book_d65c04bbf887b688,The Missing Ones,A.R. Torre,book_7202030fe25625cc,All the Missing Girls,Megan Miranda
2053,3098,0.68216807,book_d65c04bbf887b688,The Missing Ones,A.R. Torre,book_878a140c5b9ba41f,"The Vanishing Season (The Collector, #4)",Dot Hutchison
2053,2106,0.6715925,book_d65c04bbf887b688,The Missing Ones,A.R. Torre,book_b539c9373c0fe4ce,The Missing Half,Ashley Flowers
2053,2888,0.66706854,book_d65c04bbf887b688,The Missing Ones,A.R. Torre,book_14237994881b573b,Local Woman Missing,Mary Kubica
2053,2672,0.65685767,book_d65c04bbf887b688,The Missing Ones,A.R. Torre,book_12985e93d8732efa,Just Another Missing Person,Gillian McAllister
2053,3016,0.6498115,book_d65c04bbf887b688,The Missing Ones,A.R. Torre,book_4d753b2ba02d5415,Dear Wife,Kimberly Belle
2053,2361,0.64869666,book_d65c04bbf887b688,The Missing Ones,A.R. Torre,book_fd01f7a5f06030e1,Local Girl Missing,Claire Douglas
2053,2698,0.6470649,book_d65c04bbf887b688,The Missing Ones,A.R. Torre,book_ace9b6920a621f05,The Missing Girl,Kerry McGinnis
2053,2872,0.64445573,book_d65c04bbf887b688,The Missing Ones,A.R. Torre,book_e5c7ae6c7336a6d0,The Thinnest Air,Minka Kent
2053,3080,0.6404319,book_d65c04bbf887b688,The Missing Ones,A.R. Torre,book_949c190140cfc492,Under Lying,Janelle Harris
2053,2857,0.6391146,book_d65c04bbf887b688,The Missing Ones,A.R. Torre,book_5f66b229ede68a95,"Before She Disappeared (Frankie Elkin, #1)",Lisa Gardner
2053,2055,0.6287916,book_d65c04bbf887b688,The Missing Ones,A.R. Torre,book_178e1edb31c61e73,The Lost Summer: A Novel (Haven Cliff Book 2),Wendy Corsi Staub
2055,2953,0.6799899,book_178e1edb31c61e73,The Lost Summer: A Novel (Haven Cliff Book 2),Wendy Corsi Staub,book_90c5b294dcafb63e,The Last House Guest,Megan Miranda
2055,2390,0.65197766,book_178e1edb31c61e73,The Lost Summer: A Novel (Haven Cliff Book 2),Wendy Corsi Staub,book_66b9f29cd0553800,The Girls Who Disappeared,Claire Douglas
2055,3098,0.6511737,book_178e1edb31c61e73,The Lost Summer: A Novel (Haven Cliff Book 2),Wendy Corsi Staub,book_878a140c5b9ba41f,"The Vanishing Season (The Collector, #4)",Dot Hutchison
2055,3080,0.6424403,book_178e1edb31c61e73,The Lost Summer: A Novel (Haven Cliff Book 2),Wendy Corsi Staub,book_949c190140cfc492,Under Lying,Janelle Harris
2055,2522,0.636842,book_178e1edb31c61e73,The Lost Summer: A Novel (Haven Cliff Book 2),Wendy Corsi Staub,book_4f44bdc30f1e2b9a,The Return of Ellie Black,Emiko Jean
2055,2890,0.63636696,book_178e1edb31c61e73,The Lost Summer: A Novel (Haven Cliff Book 2),Wendy Corsi Staub,book_eb2ef3384ac32906,The Night She Disappeared,Lisa Jewell
2055,2361,0.6269034,book_178e1edb31c61e73,The Lost Summer: A Novel (Haven Cliff Book 2),Wendy Corsi Staub,book_fd01f7a5f06030e1,Local Girl Missing,Claire Douglas
2055,2318,0.625346,book_178e1edb31c61e73,The Lost Summer: A Novel (Haven Cliff Book 2),Wendy Corsi Staub,book_224edae3b020f02e,The Cliffs,J. Courtney Sullivan
2055,2698,0.62132645,book_178e1edb31c61e73,The Lost Summer: A Novel (Haven Cliff Book 2),Wendy Corsi Staub,book_ace9b6920a621f05,The Missing Girl,Kerry McGinnis
2055,2295,0.61882573,book_178e1edb31c61e73,The Lost Summer: A Novel (Haven Cliff Book 2),Wendy Corsi Staub,book_796eee0f049f8458,Two Sides to Every Murder,Danielle Valentine
2052,2055,0.614012,book_7496475d16b288b0,Deep Dark Truth,Debra Webb,book_178e1edb31c61e73,The Lost Summer: A Novel (Haven Cliff Book 2),Wendy Corsi Staub
2055,2700,0.61222434,book_178e1edb31c61e73,The Lost Summer: A Novel (Haven Cliff Book 2),Wendy Corsi Staub,book_259c2f442d407dea,Leaving Time,Jodi Picoult
2057,2178,0.6076249,book_406cdeadb48650cc,Alchemy of Souls,Adriana Mather,book_7ebf8e90ee93181f,"Curious Tides (Drowned Gods, #1)",Pascale Lacelle
2061,2436,0.60989165,book_8142663f477fb64b,On Eating: The Making and Unmaking of My Appetites,Alicia Kennedy,book_829d954319fdc405,"Food and Freedom: Discover Your Personal Recipe to Eat, Think, and Live Well",Sue Van Raes
2064,3204,0.60864437,book_bbe1c72f9c8d5eb0,Tempted by the Nanny (Sycamore Falls),Tracy Leigh,book_207fff98031cbd6b,"Wrecking Ball (Hard to Love, #1)",P. Dangelico
2067,2233,0.61525667,book_ac681b8993aa637f,"Accidentally in Bloom (Love in Fairwick Falls, #1)",Elise Kennedy,book_b0e9f80761817736,Wildflower,Becky Jenkinson
2068,2069,0.83064157,book_7026172660494b1f,"Destructively Mine (Webs We Weave, #2)",Krista Ritchie,book_00d25c173334d674,"Dishonestly Yours (Webs We Weave, #1)",Krista Ritchie
2073,2386,0.71036845,book_5aaf6f234799251f,When Lemons Give You Life: A Novel,Anna Johnston,book_02140ddb2a801adf,The Magic of Lemon Drop Pie,Rachel Linden
2075,2863,0.6204031,book_944f245dd00da5d8,The Story Keeper,Kelly Rimmer,book_3edf054a871bb041,The Last One Home,Victoria Helen Stone
2075,3035,0.61004794,book_944f245dd00da5d8,The Story Keeper,Kelly Rimmer,book_94ea75d87f1f15f0,Truths I Never Told You,Kelly Rimmer
2075,2206,0.60005236,book_944f245dd00da5d8,The Story Keeper,Kelly Rimmer,book_525c844973e55d4e,A Neighbor's Guide to Murder,Louise Candlish
2076,2107,0.628804,book_ddcefac22de7dc07,Beach Thriller,Jamie Day,book_51018dcb95091df1,"Perfect Life (Winter Park, #2)",Meredith Lavender
2076,2281,0.6276419,book_ddcefac22de7dc07,Beach Thriller,Jamie Day,book_da1c559d61090844,The Intruder,Freida McFadden
2076,2318,0.61107326,book_ddcefac22de7dc07,Beach Thriller,Jamie Day,book_224edae3b020f02e,The Cliffs,J. Courtney Sullivan
2080,2531,0.6014328,book_9bb33b22aae8faad,The Sleeping Sisters,Jennifer Givhan,book_3cf9450a2ba464dd,Forgotten Sisters,Cynthia Pelayo
2082,2442,0.61201614,book_4055ab3235bce00b,"Into the Fading Twilight (Starlight Grove, #2)",Catherine Cowles,book_17316f07d9745b5d,Light Dark,Aleatha Romig
2082,2492,0.60311764,book_4055ab3235bce00b,"Into the Fading Twilight (Starlight Grove, #2)",Catherine Cowles,book_64fedcfdd32a0aa5,A Heart Like Home,Christine Nolfi
2082,2789,0.60072476,book_4055ab3235bce00b,"Into the Fading Twilight (Starlight Grove, #2)",Catherine Cowles,book_4d8acd3c8bec90c7,The Forest of Vanishing Stars,Kristin Harmel
2089,2438,0.6364126,book_8c5322a3e6440153,To Cage a Wild Bird (Divided Fates #1),Brooke Fast,book_3b8e0d2a26cd5781,"Keystone (Crossbreed, #1)",Dannika Dark
2092,2276,0.6630859,book_13fafb9586f3c357,The Divorce,Freida McFadden,book_9693de12e3315294,Dear Debbie,Freida McFadden
2096,2641,0.6995425,book_63424720a2a0d281,The Summer of Second Chances,K.L. Walther,book_dfa0e1e9e5a42eeb,A Season for Second Chances,Jenny Bayliss
2103,3025,0.62046254,book_83b1e87f038e24c5,Chasing the Clouds Away,Debbie Macomber,book_631ea4957281d5cd,Want,Lynn Steger Strong
2104,2150,0.6214689,book_18b6d80cc98093c1,Dog Person,Camille Pagán,book_363c635707b395e3,Harmless,Miranda Shulman
2106,2973,0.7274319,book_b539c9373c0fe4ce,The Missing Half,Ashley Flowers,book_7202030fe25625cc,All the Missing Girls,Megan Miranda
2106,2522,0.68020356,book_b539c9373c0fe4ce,The Missing Half,Ashley Flowers,book_4f44bdc30f1e2b9a,The Return of Ellie Black,Emiko Jean
2106,2390,0.6763123,book_b539c9373c0fe4ce,The Missing Half,Ashley Flowers,book_66b9f29cd0553800,The Girls Who Disappeared,Claire Douglas
2106,2857,0.65756226,book_b539c9373c0fe4ce,The Missing Half,Ashley Flowers,book_5f66b229ede68a95,"Before She Disappeared (Frankie Elkin, #1)",Lisa Gardner
2106,3098,0.653626,book_b539c9373c0fe4ce,The Missing Half,Ashley Flowers,book_878a140c5b9ba41f,"The Vanishing Season (The Collector, #4)",Dot Hutchison
2106,2893,0.6444664,book_b539c9373c0fe4ce,The Missing Half,Ashley Flowers,book_4fb4deb1952c90c9,"Find Me (Ellie Hatcher, #6)",Alafair Burke
2106,2672,0.6422212,book_b539c9373c0fe4ce,The Missing Half,Ashley Flowers,book_12985e93d8732efa,Just Another Missing Person,Gillian McAllister
2106,2890,0.6384824,book_b539c9373c0fe4ce,The Missing Half,Ashley Flowers,book_eb2ef3384ac32906,The Night She Disappeared,Lisa Jewell
2106,2575,0.6330967,book_b539c9373c0fe4ce,The Missing Half,Ashley Flowers,book_c2034dc6505bd729,The Other Side of Disappearing,Kate Clayborn
1705,2106,0.63164216,book_f5947a784ae514ed,They Say a Girl Died Here,Sarah Pinborough,book_b539c9373c0fe4ce,The Missing Half,Ashley Flowers
2106,2361,0.6313733,book_b539c9373c0fe4ce,The Missing Half,Ashley Flowers,book_fd01f7a5f06030e1,Local Girl Missing,Claire Douglas
2106,2258,0.63041663,book_b539c9373c0fe4ce,The Missing Half,Ashley Flowers,book_73ab86967081ada2,Missing,E.A. Jackson
2107,2612,0.64020896,book_51018dcb95091df1,"Perfect Life (Winter Park, #2)",Meredith Lavender,book_b300e488f70c2c57,The Paris Widow,Kimberly Belle
2107,2872,0.6327497,book_51018dcb95091df1,"Perfect Life (Winter Park, #2)",Meredith Lavender,book_e5c7ae6c7336a6d0,The Thinnest Air,Minka Kent
2107,3219,0.61308503,book_51018dcb95091df1,"Perfect Life (Winter Park, #2)",Meredith Lavender,book_ace878d971368d4e,The Husband's Secret,Liane Moriarty
2107,2206,0.6129253,book_51018dcb95091df1,"Perfect Life (Winter Park, #2)",Meredith Lavender,book_525c844973e55d4e,A Neighbor's Guide to Murder,Louise Candlish
2107,3093,0.60620207,book_51018dcb95091df1,"Perfect Life (Winter Park, #2)",Meredith Lavender,book_cfd6e12dd0c4d64a,The Secrets She Keeps,Michael Robotham
2107,3013,0.60545325,book_51018dcb95091df1,"Perfect Life (Winter Park, #2)",Meredith Lavender,book_caa04db30fdca072,This Secret Thing,Marybeth Mayhew Whalen
2110,2748,0.606774,book_123b989a199e2405,They All Fall in Love at the End,Haili Blassingame,book_bb0d59603e755f0a,Love and Other Words,Christina Lauren
2113,2386,0.7158761,book_a8034497ca510c68,A Sprinkle of Sweet Serendipity,Rachel Linden,book_02140ddb2a801adf,The Magic of Lemon Drop Pie,Rachel Linden
2113,2187,0.61082286,book_a8034497ca510c68,A Sprinkle of Sweet Serendipity,Rachel Linden,book_23b2b73eae7164e6,The Particular Sadness of Lemon Cake,Aimee Bender
2118,2748,0.6260027,book_fe0444d6bb43a582,Love by the Book,Jessica George,book_bb0d59603e755f0a,Love and Other Words,Christina Lauren
2119,2635,0.7648411,book_5dbbe152d8c33929,The Maid's Secret: A Maid Novel (Molly the Maid),Nita Prose,book_5fe1fe2398331939,"The Maid (Molly the Maid, #1)",Nita Prose
2119,2459,0.67802024,book_5dbbe152d8c33929,The Maid's Secret: A Maid Novel (Molly the Maid),Nita Prose,book_bc31172fda8cb3c7,"The Mystery Guest (Molly the Maid, #2)",Nita Prose
2119,2656,0.60253537,book_5dbbe152d8c33929,The Maid's Secret: A Maid Novel (Molly the Maid),Nita Prose,book_4e96b3a2c3164154,The Maid's Diary,Loreth Anne White
2120,2865,0.62412155,book_22a866d2f4924361,The Wish,Heather Morris,book_593e7588610527e1,Wish You Were Here,Jodi Picoult
2123,2890,0.66233665,book_5df2a34017c511b4,It Could Have Been Her,Lisa Jewell,book_eb2ef3384ac32906,The Night She Disappeared,Lisa Jewell
2123,3080,0.6162281,book_5df2a34017c511b4,It Could Have Been Her,Lisa Jewell,book_949c190140cfc492,Under Lying,Janelle Harris
2123,2698,0.615643,book_5df2a34017c511b4,It Could Have Been Her,Lisa Jewell,book_ace9b6920a621f05,The Missing Girl,Kerry McGinnis
2123,2355,0.6091083,book_5df2a34017c511b4,It Could Have Been Her,Lisa Jewell,book_ee8dfe9e3c093e66,Invisible Girl,Lisa Jewell
2123,2318,0.6013907,book_5df2a34017c511b4,It Could Have Been Her,Lisa Jewell,book_224edae3b020f02e,The Cliffs,J. Courtney Sullivan
2124,3025,0.61962396,book_a7571008628c8969,Big & Lily,Lisa Roe,book_631ea4957281d5cd,Want,Lynn Steger Strong
2125,2803,0.7003733,book_7514bda0653bc7f2,Tarot and the Psychology of the Soul: Exploring the Archetypal Mirrors of the Psyche,Mariana Louis,book_9ab2eb517df83274,True Heart Intuitive Tarot,Rachel True
2126,2666,0.620891,book_7ceee845960f28e3,Man of My Dreams,Olivia Worley,book_8669ce2550c837b7,A Twisted Love Story,Samantha Downing
2126,2410,0.61665773,book_7ceee845960f28e3,Man of My Dreams,Olivia Worley,book_a0bce06bc01287a6,The Soulmate,Sally Hepworth
2126,2168,0.60847723,book_7ceee845960f28e3,Man of My Dreams,Olivia Worley,book_01e051cbac545caa,If Books Could Kill,Kate Eberle
1262,2126,0.6007353,book_d52bfbb677db889d,By Any Other Name,Lauren Kate,book_7ceee845960f28e3,Man of My Dreams,Olivia Worley
1051,2127,0.6005868,book_54270bcaf3497de8,The Wife App,Carolyn Mackler,book_8734baf9bfe6f9fa,Skin Contact,Elisa Faison
2132,2818,0.6607283,book_cab6680dbc2115b4,Death Meets Cute,J. Penner,book_f4165215fa77363e,"This Vicious Grace (The Last Finestra, #1)",Emily Thiede
2135,2235,0.62315726,book_bafc56bd289596c2,The Good Girl Exception (Hellcats Hockey #2),Maren Moore,book_554580dd150007cf,"The Hockey Situation (Billionaire Situation, #6)",Lyra Parish
2135,2576,0.60305905,book_bafc56bd289596c2,The Good Girl Exception (Hellcats Hockey #2),Maren Moore,book_c5a05db853030309,"Pucking Wild (Jacksonville Rays Hockey, #2)",Emily Rath
2137,2609,0.9999998,book_5d06a6fb9e07d424,"Tell Me Everything (Amgash, #5)",Elizabeth Strout,book_c76028f759aa18e2,"Tell Me Everything (Amgash, #5)",Elizabeth Strout
2137,2218,0.6035387,book_5d06a6fb9e07d424,"Tell Me Everything (Amgash, #5)",Elizabeth Strout,book_b261d07dedc29bf5,Life: A Love Story,Elizabeth Berg
1262,2137,0.60237956,book_d52bfbb677db889d,By Any Other Name,Lauren Kate,book_5d06a6fb9e07d424,"Tell Me Everything (Amgash, #5)",Elizabeth Strout
2138,2261,0.6048417,book_86d5abaaa5f7a199,"Spies, Lies, and Alibis",Natalie Walters,book_7cd4f38a0c4fe770,A Lie for a Lie,Ren DeStefano
1699,2139,0.60955226,book_ebf560b2a59cde0b,What We Found Instead: A Novel,Heidi Reimer,book_c79ba70bfbff8d96,The Romance Revival,Christina Lauren
1051,2139,0.60134065,book_54270bcaf3497de8,The Wife App,Carolyn Mackler,book_c79ba70bfbff8d96,The Romance Revival,Christina Lauren
2140,2589,0.60819274,book_5edcb78abdf17356,The Last Lady B,Eloisa James,book_656250581e1b5dd6,The Third Wife of Faraday House,B.R. Myers
2142,3089,0.6124636,book_c60a88924e5e949c,Tell Your Friends,Lauren Wilson,book_a7f2d89fa8898377,Unspeakable Things,Jess Lourey
2142,3100,0.6082059,book_c60a88924e5e949c,Tell Your Friends,Lauren Wilson,book_67232b2e579d8c83,"If You Tell: A True Story of Murder, Family Secrets, and the Unbreakable Bond of Sisterhood",Gregg Olsen
2145,2398,0.6038517,book_3c49e965eb2eba86,With Friends Like You,Amy Chozick,book_02544124cbfd0c36,Funny Story,Emily Henry
2146,2440,0.61257815,book_cd132493d651c3a5,What She Thought She Saw: A Psychological Thriller,Dan Grylles,book_3b59290be3f8f620,Swiped,L.M. Chilton
2146,3130,0.6033355,book_cd132493d651c3a5,What She Thought She Saw: A Psychological Thriller,Dan Grylles,book_eef5d992d45497bf,"Truth and Lies (DI Amy Winter, #1)",Caroline Mitchell
201,2146,0.60130644,book_512eec1f0e386c41,Sharp Objects,Gillian Flynn,book_cd132493d651c3a5,What She Thought She Saw: A Psychological Thriller,Dan Grylles
1899,2146,0.6000726,book_8909c2513af52fce,Decomposition Book,Sara van Os,book_cd132493d651c3a5,What She Thought She Saw: A Psychological Thriller,Dan Grylles
2147,2800,0.6532166,book_6d3e91c4a8782b04,How to Kill a Crime Writer,Sarah Lotz,book_d6187153151b1008,The Killing Song (Dr. Jo McCready #2),Lesley Mcevoy
2147,3130,0.6474445,book_6d3e91c4a8782b04,How to Kill a Crime Writer,Sarah Lotz,book_eef5d992d45497bf,"Truth and Lies (DI Amy Winter, #1)",Caroline Mitchell
2147,2206,0.6454296,book_6d3e91c4a8782b04,How to Kill a Crime Writer,Sarah Lotz,book_525c844973e55d4e,A Neighbor's Guide to Murder,Louise Candlish
2147,2295,0.6451671,book_6d3e91c4a8782b04,How to Kill a Crime Writer,Sarah Lotz,book_796eee0f049f8458,Two Sides to Every Murder,Danielle Valentine
2147,3045,0.6443052,book_6d3e91c4a8782b04,How to Kill a Crime Writer,Sarah Lotz,book_b1ae8bb7086d9a09,Eight Perfect Murders,Peter Swanson
2147,2727,0.6392542,book_6d3e91c4a8782b04,How to Kill a Crime Writer,Sarah Lotz,book_56e682f2c5eefd93,"A Good Girl's Guide to Murder (A Good Girl's Guide to Murder, #1)",Holly Jackson
2147,2752,0.6370238,book_6d3e91c4a8782b04,How to Kill a Crime Writer,Sarah Lotz,book_6d333ee6fa4397ef,"A Rose for Her Grave and Other True Cases (Crime Files, #1)",Ann Rule
2147,3117,0.62115026,book_6d3e91c4a8782b04,How to Kill a Crime Writer,Sarah Lotz,book_6061470e278fac0a,"My Sister's Grave (Tracy Crosswhite, #1)",Robert Dugoni
2147,2680,0.6182176,book_6d3e91c4a8782b04,How to Kill a Crime Writer,Sarah Lotz,book_572526a8a30ad4a1,"When She Was Good (Cyrus Haven, #2)",Michael Robotham
2148,2251,0.6198392,book_f9ed757ac0d99f54,Kiss Slay Replay,Rachel Harrison,book_c158f71fd676a676,"Kiss, Marry, Kill",Lori Gold
2159,2685,0.6250303,book_4596c034194a3f1e,Imperfect Women,Araminta Hall,book_c223c6f17f364762,Pretty Girls,Karin Slaughter
2162,2247,0.6158731,book_1f54efb2360640f3,The Summer Share,Jenn McKinlay,book_e69a289b4a3c3db4,The House of Now and Then,Edward Underhill
2162,2953,0.6043173,book_1f54efb2360640f3,The Summer Share,Jenn McKinlay,book_90c5b294dcafb63e,The Last House Guest,Megan Miranda
2164,2591,0.66206914,book_b1495f07c2f87d3e,The Ordinary Magic of Meditation,John Welwood,book_dea8727b345fdd67,Be the Magic,Diane Pienta
2164,2513,0.65382314,book_b1495f07c2f87d3e,The Ordinary Magic of Meditation,John Welwood,book_dda419af41970ff2,Presence: The Art of Being at Home in Yourself,Tracy Cochran
2168,2778,0.6552423,book_01e051cbac545caa,If Books Could Kill,Kate Eberle,book_43b3bf7032efabaf,Notes on an Execution,Danya Kukafka
2168,3025,0.64215845,book_01e051cbac545caa,If Books Could Kill,Kate Eberle,book_631ea4957281d5cd,Want,Lynn Steger Strong
2168,2685,0.6400813,book_01e051cbac545caa,If Books Could Kill,Kate Eberle,book_c223c6f17f364762,Pretty Girls,Karin Slaughter
2168,3216,0.63455224,book_01e051cbac545caa,If Books Could Kill,Kate Eberle,book_f93ad6a2b69a0311,"The Kind Worth Killing (Henry Kimball/Lily Kintner, #1)",Peter Swanson
2168,2696,0.6323383,book_01e051cbac545caa,If Books Could Kill,Kate Eberle,book_c0ff09472d554f7f,The Kind Worth Killing (Henry Kimball/Lily Kintner #1),Peter Swanson
2168,2206,0.6219014,book_01e051cbac545caa,If Books Could Kill,Kate Eberle,book_525c844973e55d4e,A Neighbor's Guide to Murder,Louise Candlish
2147,2168,0.6169896,book_6d3e91c4a8782b04,How to Kill a Crime Writer,Sarah Lotz,book_01e051cbac545caa,If Books Could Kill,Kate Eberle
2168,2257,0.608865,book_01e051cbac545caa,If Books Could Kill,Kate Eberle,book_6e9a0709ba81c695,"A Bookish Story: a clean and wholesome, workplace, secret identity, book lovers romance",Heatherly Bell
1830,2172,0.6033287,book_17ce3a678f1fce02,Famous Last Words,Gillian McAllister,book_7658436dccc2a74e,In Her Defense,Philippa Malicka
2177,2646,0.6906959,book_a90f54ec03024f24,Heather,Caitlin Mullen,book_ace6863ffa630ab0,What Lies in the Woods,Kate Alice Marshall
2177,3089,0.66184545,book_a90f54ec03024f24,Heather,Caitlin Mullen,book_a7f2d89fa8898377,Unspeakable Things,Jess Lourey
2177,2579,0.6457257,book_a90f54ec03024f24,Heather,Caitlin Mullen,book_b4ef03393c16b15f,When She Was Me,Marlee Bush
2177,3016,0.6357938,book_a90f54ec03024f24,Heather,Caitlin Mullen,book_4d753b2ba02d5415,Dear Wife,Kimberly Belle
2052,2177,0.6331496,book_7496475d16b288b0,Deep Dark Truth,Debra Webb,book_a90f54ec03024f24,Heather,Caitlin Mullen
2177,2573,0.6273583,book_a90f54ec03024f24,Heather,Caitlin Mullen,book_be2b6ff3d285f6fb,"What Lies in Darkness (Jess Lambert, #2)",Christina McDonald
2177,2847,0.6273314,book_a90f54ec03024f24,Heather,Caitlin Mullen,book_bd5e56dec0c22b06,Girls of Brackenhill,Kate Moretti
2177,2718,0.62492996,book_a90f54ec03024f24,Heather,Caitlin Mullen,book_a147327db41b3e06,"The Shadow Girls (Natalie Lockhart, #4)",Alice Blanchard
201,2177,0.6248447,book_512eec1f0e386c41,Sharp Objects,Gillian Flynn,book_a90f54ec03024f24,Heather,Caitlin Mullen
2177,2925,0.6216973,book_a90f54ec03024f24,Heather,Caitlin Mullen,book_bffcf26d4969eac8,Girls of Glass,Brianna Labuskes
2177,2816,0.6188302,book_a90f54ec03024f24,Heather,Caitlin Mullen,book_8fb873168c5abad4,The Lost Girls of Willowbrook,Ellen Marie Wiseman
2177,3022,0.61640215,book_a90f54ec03024f24,Heather,Caitlin Mullen,book_57b183d7da9f11fd,Where They Found Her,Kimberly McCreight
2183,2615,0.6482657,book_b18e1118e391e87e,Helpless,Jessica Knoll,book_d91c48a638bc1b8c,Bright Young Women,Jessica Knoll
2183,2195,0.6237954,book_b18e1118e391e87e,Helpless,Jessica Knoll,book_885f6f27caddf8ad,Venus Love Trap,Jessica Sherry
2183,3138,0.6049147,book_b18e1118e391e87e,Helpless,Jessica Knoll,book_7a0323d22d27677c,"Thin Air (Jessica Shaw, #1)",Lisa Gray
2183,3099,0.60150063,book_b18e1118e391e87e,Helpless,Jessica Knoll,book_64160eacd6cde831,When Never Comes,Barbara Davis
2187,2386,0.71894586,book_23b2b73eae7164e6,The Particular Sadness of Lemon Cake,Aimee Bender,book_02140ddb2a801adf,The Magic of Lemon Drop Pie,Rachel Linden
2189,2755,0.60919815,book_bfe79cef217e1b4c,Cleopatra's Dagger,Carole Lawrence,book_63e3514c8a67f140,Twenty Years Later,Charlie Donlea
2052,2189,0.6076391,book_7496475d16b288b0,Deep Dark Truth,Debra Webb,book_bfe79cef217e1b4c,Cleopatra's Dagger,Carole Lawrence
2190,2748,0.6056076,book_f1ee29eab263444a,Last Kiss of Summer,Jessica M. Felleman,book_bb0d59603e755f0a,Love and Other Words,Christina Lauren
2190,2405,0.60405445,book_f1ee29eab263444a,Last Kiss of Summer,Jessica M. Felleman,book_d1ffa00031b23598,"Just for the Summer (Part of Your World, #3)",Abby Jimenez
2190,3177,0.6004093,book_f1ee29eab263444a,Last Kiss of Summer,Jessica M. Felleman,book_e08e86f0d7225aae,"Last Kiss (First and Last, #2)",Laurelin Paige
1987,2202,0.6046058,book_a210773b1799d99d,Hidden Nature,Nora Roberts,book_b5e723eed4e514dd,Three Days Earlier,Lynn Walker
2203,2343,0.6035844,book_14d1c49c035ee1b1,The Night Bus,Tessa Bickers,book_49e3bbdb47032c02,Beautiful Ugly,Alice Feeney
2205,3266,0.6363822,book_e3066a2c9c12ec49,How to Find a Guy in Five Weddings,Cynthia Timoti,book_f6303fd73545c6bc,Cinderella Screwed Me Over,Cindi Madsen
2205,3233,0.60418886,book_e3066a2c9c12ec49,How to Find a Guy in Five Weddings,Cynthia Timoti,book_2c0227e5d9f1cbfb,"The Marriage Bargain (Marriage to a Billionaire, #1)",Jennifer Probst
2206,2479,0.61262745,book_525c844973e55d4e,A Neighbor's Guide to Murder,Louise Candlish,book_8b4a017325b704d5,All Good People Here,Ashley Flowers
2206,3013,0.61245924,book_525c844973e55d4e,A Neighbor's Guide to Murder,Louise Candlish,book_caa04db30fdca072,This Secret Thing,Marybeth Mayhew Whalen
2206,2870,0.6073894,book_525c844973e55d4e,A Neighbor's Guide to Murder,Louise Candlish,book_26c45446d2b85ad8,Unmissing,Minka Kent
2206,2953,0.6072209,book_525c844973e55d4e,A Neighbor's Guide to Murder,Louise Candlish,book_90c5b294dcafb63e,The Last House Guest,Megan Miranda
2206,2337,0.6047534,book_525c844973e55d4e,A Neighbor's Guide to Murder,Louise Candlish,book_ef26133a83315541,Look Closer,David Ellis
2210,3130,0.62943816,book_5859f30ac0898d11,Augusta Pine Does Not Exist,Emily Lloyd-Jones,book_eef5d992d45497bf,"Truth and Lies (DI Amy Winter, #1)",Caroline Mitchell
2052,2210,0.61872005,book_7496475d16b288b0,Deep Dark Truth,Debra Webb,book_5859f30ac0898d11,Augusta Pine Does Not Exist,Emily Lloyd-Jones
2177,2211,0.6130866,book_a90f54ec03024f24,Heather,Caitlin Mullen,book_a19eeaef57e92875,Black River,Ruby Jean Cottle
2211,2358,0.60842216,book_a19eeaef57e92875,Black River,Ruby Jean Cottle,book_95384776c596ba5f,No One Will Miss Her,Kat Rosenfield
2212,2850,0.6435187,book_dcf8b38a3b781565,The Ten Year Lie,Debra Webb,book_13da1624c2c88cc5,"Trust No One (Devlin & Falco, #1)",Debra Webb
2212,3080,0.64150023,book_dcf8b38a3b781565,The Ten Year Lie,Debra Webb,book_949c190140cfc492,Under Lying,Janelle Harris
2212,2354,0.6380369,book_dcf8b38a3b781565,The Ten Year Lie,Debra Webb,book_8456776921a87b32,The Liar's Girl,Catherine Ryan Howard
2212,3130,0.62979484,book_dcf8b38a3b781565,The Ten Year Lie,Debra Webb,book_eef5d992d45497bf,"Truth and Lies (DI Amy Winter, #1)",Caroline Mitchell
2212,3303,0.61693174,book_dcf8b38a3b781565,The Ten Year Lie,Debra Webb,book_f92f3dc3928db010,"Two Truths and a Lie (The Lying Game, #3)",Sara Shepard
2218,3036,0.61993384,book_b261d07dedc29bf5,Life: A Love Story,Elizabeth Berg,book_76c9f3e8a8d9bb93,Eleanor Oliphant Is Completely Fine,Gail Honeyman
2218,3003,0.6088015,book_b261d07dedc29bf5,Life: A Love Story,Elizabeth Berg,book_d60c5b3ea4323cee,It's Always the Husband,Michele Campbell
2218,2609,0.6035387,book_b261d07dedc29bf5,Life: A Love Story,Elizabeth Berg,book_c76028f759aa18e2,"Tell Me Everything (Amgash, #5)",Elizabeth Strout
2225,2252,0.8094801,book_1f7b165c8e5986e2,Booked at Midnight (Midnights on the Square #2),Emily W. Andersen,book_1120603d725ccb8d,The Midnight Book Club (Midnights On the Square #1),Emily W. Andersen
2243,2685,0.6249486,book_70b8f66db57290d3,You Girls Play Nice,K.D. Aldyn,book_c223c6f17f364762,Pretty Girls,Karin Slaughter
2247,2318,0.61018527,book_e69a289b4a3c3db4,The House of Now and Then,Edward Underhill,book_224edae3b020f02e,The Cliffs,J. Courtney Sullivan
2251,3177,0.62948364,book_c158f71fd676a676,"Kiss, Marry, Kill",Lori Gold,book_e08e86f0d7225aae,"Last Kiss (First and Last, #2)",Laurelin Paige
2252,2464,0.6472337,book_1120603d725ccb8d,The Midnight Book Club (Midnights On the Square #1),Emily W. Andersen,book_cf9c53c53d06ca7f,Love at First Book,Jenn McKinlay
2252,2733,0.62937653,book_1120603d725ccb8d,The Midnight Book Club (Midnights On the Square #1),Emily W. Andersen,book_3c2aba99b2637e68,Thank You for Listening,Julia Whelan
2253,2940,0.6041856,book_367fd81dbd1ef806,"Heir of Twisted Lies (Stonegate, #2)",L.J. Andrews,book_52df238548290730,"Chain of Gold (The Last Hours, #1)",Cassandra Clare
1699,2256,0.6047534,book_ebf560b2a59cde0b,What We Found Instead: A Novel,Heidi Reimer,book_2681b9f01017a8ca,Sunlight Finds You,Laura Moriarty
2257,2343,0.6216177,book_6e9a0709ba81c695,"A Bookish Story: a clean and wholesome, workplace, secret identity, book lovers romance",Heatherly Bell,book_49e3bbdb47032c02,Beautiful Ugly,Alice Feeney
2258,3098,0.641528,book_73ab86967081ada2,Missing,E.A. Jackson,book_878a140c5b9ba41f,"The Vanishing Season (The Collector, #4)",Dot Hutchison
2258,2720,0.6194866,book_73ab86967081ada2,Missing,E.A. Jackson,book_1b7a3ba6e22eb2c1,And There He Kept Her (Ben Packard #1),Joshua Moehling
2258,2522,0.6078942,book_73ab86967081ada2,Missing,E.A. Jackson,book_4f44bdc30f1e2b9a,The Return of Ellie Black,Emiko Jean
2261,2298,0.6113024,book_7cd4f38a0c4fe770,A Lie for a Lie,Ren DeStefano,book_f22661af0a24c4c7,She's So Bad,Bonita Fabian
2262,3104,0.633654,book_99a83db4490a904e,Deadly Ripples,Penny Goetjen,book_a0d90a61b51d17c4,The Girl Who Lived,Christopher Greyson
2262,3173,0.62509596,book_99a83db4490a904e,Deadly Ripples,Penny Goetjen,book_83bf078804402d3c,"In the Clearing (Tracy Crosswhite, #3)",Robert Dugoni
2262,2927,0.6212226,book_99a83db4490a904e,Deadly Ripples,Penny Goetjen,book_f5efeebf3ef34eeb,"A Familiar Sight (Dr. Gretchen White, #1)",Brianna Labuskes
2262,2573,0.6121111,book_99a83db4490a904e,Deadly Ripples,Penny Goetjen,book_be2b6ff3d285f6fb,"What Lies in Darkness (Jess Lambert, #2)",Christina McDonald
2262,2755,0.6084798,book_99a83db4490a904e,Deadly Ripples,Penny Goetjen,book_63e3514c8a67f140,Twenty Years Later,Charlie Donlea
2262,2863,0.60556495,book_99a83db4490a904e,Deadly Ripples,Penny Goetjen,book_3edf054a871bb041,The Last One Home,Victoria Helen Stone
1864,2267,0.61510915,book_276f80d1a72dbdb7,"Just Playing for Keeps (Hockey Ever After, #2)",Lauren Blakely,book_ce6bb0606f4cfffe,Endgame,Willa Gray
2267,2576,0.609894,book_ce6bb0606f4cfffe,Endgame,Willa Gray,book_c5a05db853030309,"Pucking Wild (Jacksonville Rays Hockey, #2)",Emily Rath
2275,2701,0.61109275,book_16d62048152b5e42,The Favorites,Layne Fargo,book_63d665daca3cb17e,"Icebreaker (Maple Hills, #1)",Hannah Grace
2277,3234,0.62567973,book_3492c01e2832e41f,The Housewife,Natalie Barelli,book_39dc64e8e80693b6,The Silent Wife,A.S.A. Harrison
2281,2442,0.60626626,book_da1c559d61090844,The Intruder,Freida McFadden,book_17316f07d9745b5d,Light Dark,Aleatha Romig
2177,2281,0.60511553,book_a90f54ec03024f24,Heather,Caitlin Mullen,book_da1c559d61090844,The Intruder,Freida McFadden
2052,2281,0.604808,book_7496475d16b288b0,Deep Dark Truth,Debra Webb,book_da1c559d61090844,The Intruder,Freida McFadden
2283,2969,0.6058162,book_8ddb0bec5787ddc7,Don't Let Him In,Lisa Jewell,book_38ecbe16184bb21b,The New Husband,D.J. Palmer
2284,2464,0.61839986,book_ed69a4cba0d2a939,The Reading List,Sara Nisha Adams,book_cf9c53c53d06ca7f,Love at First Book,Jenn McKinlay
1830,2284,0.6080292,book_17ce3a678f1fce02,Famous Last Words,Gillian McAllister,book_ed69a4cba0d2a939,The Reading List,Sara Nisha Adams
2053,2293,0.60650706,book_d65c04bbf887b688,The Missing Ones,A.R. Torre,book_6ee0cf37d916c97c,Those Empty Eyes,Charlie Donlea
2294,2720,0.68581545,book_4860f2b48e4f6935,"A Long Time Gone (Ben Packard, #3)",Joshua Moehling,book_1b7a3ba6e22eb2c1,And There He Kept Her (Ben Packard #1),Joshua Moehling
2295,3034,0.6777537,book_796eee0f049f8458,Two Sides to Every Murder,Danielle Valentine,book_4988638eb1cdc64c,"Redemption Lake (A Winston Radhauser Mystery, #1)",Susan Clayton-Goldner
2295,3130,0.6508851,book_796eee0f049f8458,Two Sides to Every Murder,Danielle Valentine,book_eef5d992d45497bf,"Truth and Lies (DI Amy Winter, #1)",Caroline Mitchell
2295,2301,0.64131,book_796eee0f049f8458,Two Sides to Every Murder,Danielle Valentine,book_2e4c819e0178e106,"The Ex-Girlfriend Murder Club (A Hu Done It Mystery, #1)",Gloria Chao
2295,2395,0.63765174,book_796eee0f049f8458,Two Sides to Every Murder,Danielle Valentine,book_f61996ef36d3d8bd,"Stillhouse Lake (Stillhouse Lake, #1)",Rachel Caine
2295,3009,0.635486,book_796eee0f049f8458,Two Sides to Every Murder,Danielle Valentine,book_76d4a9e31e1b0516,"Fractured (Will Trent, #2)",Karin Slaughter
2295,2533,0.62111866,book_796eee0f049f8458,Two Sides to Every Murder,Danielle Valentine,book_6c18f37581058942,"A Forgotten Kill (Daniela Vega, #2)",Isabella Maldonado
2295,2345,0.618242,book_796eee0f049f8458,Two Sides to Every Murder,Danielle Valentine,book_cdde612f95d413b3,What Happened to Nina?,Dervla McTiernan
2295,2927,0.61721957,book_796eee0f049f8458,Two Sides to Every Murder,Danielle Valentine,book_f5efeebf3ef34eeb,"A Familiar Sight (Dr. Gretchen White, #1)",Brianna Labuskes
1899,2295,0.61055154,book_8909c2513af52fce,Decomposition Book,Sara van Os,book_796eee0f049f8458,Two Sides to Every Murder,Danielle Valentine
2295,2778,0.6088599,book_796eee0f049f8458,Two Sides to Every Murder,Danielle Valentine,book_43b3bf7032efabaf,Notes on an Execution,Danya Kukafka
2300,2464,0.6265594,book_8abd28a70892350b,Storybook Ending,Moira Macdonald,book_cf9c53c53d06ca7f,Love at First Book,Jenn McKinlay
2301,2447,0.62406015,book_2e4c819e0178e106,"The Ex-Girlfriend Murder Club (A Hu Done It Mystery, #1)",Gloria Chao,book_a2e7bc42f04c9b6d,"Liar's Point (The Texas Murder Files, #5)",Laura Griffin
2301,3130,0.6192263,book_2e4c819e0178e106,"The Ex-Girlfriend Murder Club (A Hu Done It Mystery, #1)",Gloria Chao,book_eef5d992d45497bf,"Truth and Lies (DI Amy Winter, #1)",Caroline Mitchell
2301,3140,0.6107099,book_2e4c819e0178e106,"The Ex-Girlfriend Murder Club (A Hu Done It Mystery, #1)",Gloria Chao,book_e8059b596c504154,"What Have You Done (Adler and Dwyer, #0.5)",Matthew Farrell
2301,2364,0.60955787,book_2e4c819e0178e106,"The Ex-Girlfriend Murder Club (A Hu Done It Mystery, #1)",Gloria Chao,book_84e3ce4b91bb7f05,Listen for the Lie,Amy Tintera
2303,2362,0.60052437,book_b700dae844a2efa0,Friends to Lovers,Sally Blakely,book_d05ac0381a4a4c5e,When We Were Friends,Jane Green
2311,2622,0.8354011,book_a76700e695508b07,"The Next Mrs. Parrish (Mrs. Parrish, #2)",Liv Constantine,book_d7890a6c31d48ece,"The Last Mrs. Parrish (Mrs. Parrish, #1)",Liv Constantine
2311,2621,0.6076605,book_a76700e695508b07,"The Next Mrs. Parrish (Mrs. Parrish, #2)",Liv Constantine,book_6798de89a9ca842e,The Senator's Wife,Liv Constantine
2055,2313,0.6046443,book_178e1edb31c61e73,The Lost Summer: A Novel (Haven Cliff Book 2),Wendy Corsi Staub,book_aed1941875fe2d73,Daughter of Mine,Megan Miranda
2313,2395,0.60255754,book_aed1941875fe2d73,Daughter of Mine,Megan Miranda,book_f61996ef36d3d8bd,"Stillhouse Lake (Stillhouse Lake, #1)",Rachel Caine
2314,2916,0.6180489,book_5fb86f1d0bcf0496,You Belong Here,Megan Miranda,book_60c34104a1621021,One Year Gone,Avery Bishop
2314,2888,0.6002097,book_5fb86f1d0bcf0496,You Belong Here,Megan Miranda,book_14237994881b573b,Local Woman Missing,Mary Kubica
2318,2890,0.65147007,book_224edae3b020f02e,The Cliffs,J. Courtney Sullivan,book_eb2ef3384ac32906,The Night She Disappeared,Lisa Jewell
2318,3080,0.60387737,book_224edae3b020f02e,The Cliffs,J. Courtney Sullivan,book_949c190140cfc492,Under Lying,Janelle Harris
2322,2983,0.6698624,book_35a05ef1e0f0f516,Living by the Word: 12 Practical Principles for Christian Living,Seth M. Jones,book_813d00ded207eea4,The 7-Day Christian: How Living Your Beliefs Every Day Can Change the World,Brad Wilcox
1705,2323,0.6245997,book_f5947a784ae514ed,They Say a Girl Died Here,Sarah Pinborough,book_81fbdd9094f9c284,Boney Creek,Paula Gleeson
2323,2358,0.6034893,book_81fbdd9094f9c284,Boney Creek,Paula Gleeson,book_95384776c596ba5f,No One Will Miss Her,Kat Rosenfield
2324,3016,0.65892065,book_baea3e8a1a1bd353,"Her First Mistake (Noelle Marshall, #1)",Kendra Elliot,book_4d753b2ba02d5415,Dear Wife,Kimberly Belle
2324,2755,0.62480336,book_baea3e8a1a1bd353,"Her First Mistake (Noelle Marshall, #1)",Kendra Elliot,book_63e3514c8a67f140,Twenty Years Later,Charlie Donlea
2324,3117,0.6078721,book_baea3e8a1a1bd353,"Her First Mistake (Noelle Marshall, #1)",Kendra Elliot,book_6061470e278fac0a,"My Sister's Grave (Tracy Crosswhite, #1)",Robert Dugoni
2325,2784,0.62988365,book_bfd7093e27949c95,The Perfect Roommate,Minka Kent,book_63c667a7c12c618a,The Paris Apartment,Lucy Foley
2326,2449,0.65004987,book_4eae0b7983b5413e,"The Daily Buddhist: 366 Days of Wisdom for Happiness, Inner Freedom, and Mindful Living ― A Self-Help Guide to Buddhist Philosophy and Meditation",Pema Sherpa,book_0eef0ac2c74a0224,"Emotions, Happiness and the Story of Our Lives: Inner knowledge from The Kaalmly Approach to create long-lasting happiness inround you",A.R. Kaalmly
2326,3202,0.6415629,book_4eae0b7983b5413e,"The Daily Buddhist: 366 Days of Wisdom for Happiness, Inner Freedom, and Mindful Living ― A Self-Help Guide to Buddhist Philosophy and Meditation",Pema Sherpa,book_ba6604fc58f79e7c,The Happiness Hypothesis: Finding Modern Truth in Ancient Wisdom,Jonathan Haidt
2326,2874,0.6144327,book_4eae0b7983b5413e,"The Daily Buddhist: 366 Days of Wisdom for Happiness, Inner Freedom, and Mindful Living ― A Self-Help Guide to Buddhist Philosophy and Meditation",Pema Sherpa,book_c408d89d9941d63c,Think Like a Monk: Train Your Mind for Peace and Purpose Every Day,Jay Shetty
2328,3105,0.6546284,book_072bf2d881c2a018,His First Wife,Sue Watson,book_096cc409483ac0ff,Lying Next to Me,Gregg Olsen
2329,2405,0.60059077,book_01bbe5b90ef29565,Summer on Lilac Island,Lindsay MacMillan,book_d1ffa00031b23598,"Just for the Summer (Part of Your World, #3)",Abby Jimenez
2330,2564,0.9966932,book_84bef5ab7aabcd5c,"The Last Hope (Maggie Hope Mystery, #11)",Susan Elia MacNeal,book_67a89244f38e28c1,"The Last Hope (Maggie Hope, #11)",Susan Elia MacNeal
2339,3098,0.6374055,book_46985b7f91fcc80b,Good Half Gone,Tarryn Fisher,book_878a140c5b9ba41f,"The Vanishing Season (The Collector, #4)",Dot Hutchison
2339,3117,0.6087575,book_46985b7f91fcc80b,Good Half Gone,Tarryn Fisher,book_6061470e278fac0a,"My Sister's Grave (Tracy Crosswhite, #1)",Robert Dugoni
2339,3080,0.6076509,book_46985b7f91fcc80b,Good Half Gone,Tarryn Fisher,book_949c190140cfc492,Under Lying,Janelle Harris
2339,2914,0.6068816,book_46985b7f91fcc80b,Good Half Gone,Tarryn Fisher,book_c7529aa8b4aae276,What's Left Unsaid,Emily Bleeker
2339,3099,0.6058749,book_46985b7f91fcc80b,Good Half Gone,Tarryn Fisher,book_64160eacd6cde831,When Never Comes,Barbara Davis
2339,2434,0.60540485,book_46985b7f91fcc80b,Good Half Gone,Tarryn Fisher,book_33627bd501d844fe,Tell Me Who You Are,Louisa Luna
2343,3186,0.6333362,book_49e3bbdb47032c02,Beautiful Ugly,Alice Feeney,book_9910e91c663f9e37,The Good Widow,Liz Fenton
2343,3209,0.61297876,book_49e3bbdb47032c02,Beautiful Ugly,Alice Feeney,book_f6cf3d3622edda31,"Beautiful Disaster (Beautiful, #1)",Jamie McGuire
2343,2347,0.6085623,book_49e3bbdb47032c02,Beautiful Ugly,Alice Feeney,book_2da58e932c4981a0,The Third Wife,Lisa Jewell
2343,3016,0.6085558,book_49e3bbdb47032c02,Beautiful Ugly,Alice Feeney,book_4d753b2ba02d5415,Dear Wife,Kimberly Belle
2344,2689,0.6776457,book_b23cc711122471c8,The Things We Do for Love,Kristin Hannah,book_054ee1ab88a65d67,After I Do,Taylor Jenkins Reid
2344,2461,0.6040151,book_b23cc711122471c8,The Things We Do for Love,Kristin Hannah,book_4d1960f48469935a,Love in Tandem,Becca Kinzer
2344,3165,0.60204995,book_b23cc711122471c8,The Things We Do for Love,Kristin Hannah,book_632d0537ea3cae52,"Everything We Keep (Everything, #1)",Kerry Lonsdale
2347,3186,0.6584116,book_2da58e932c4981a0,The Third Wife,Lisa Jewell,book_9910e91c663f9e37,The Good Widow,Liz Fenton
2347,3008,0.6349286,book_2da58e932c4981a0,The Third Wife,Lisa Jewell,book_85fd645a6326ab04,"Wife (Betrothed, #1)",Penelope Sky
2347,3003,0.62856376,book_2da58e932c4981a0,The Third Wife,Lisa Jewell,book_d60c5b3ea4323cee,It's Always the Husband,Michele Campbell
2347,3248,0.61966157,book_2da58e932c4981a0,The Third Wife,Lisa Jewell,book_a3ff797fa19e20a7,"This Girl (Slammed, #3)",Colleen Hoover
2347,3048,0.61826694,book_2da58e932c4981a0,The Third Wife,Lisa Jewell,book_34764fbf0a7c9710,My Lovely Wife,Samantha Downing
2347,3219,0.6139013,book_2da58e932c4981a0,The Third Wife,Lisa Jewell,book_ace878d971368d4e,The Husband's Secret,Liane Moriarty
2347,3016,0.6115835,book_2da58e932c4981a0,The Third Wife,Lisa Jewell,book_4d753b2ba02d5415,Dear Wife,Kimberly Belle
2347,2991,0.60425806,book_2da58e932c4981a0,The Third Wife,Lisa Jewell,book_127409f62af6ae74,How to Be a Good Wife,Emma Chapman
2347,2928,0.60419005,book_2da58e932c4981a0,The Third Wife,Lisa Jewell,book_2c1f3355bcde0958,The Next Wife,Kaira Rouda
2347,3318,0.603982,book_2da58e932c4981a0,The Third Wife,Lisa Jewell,book_8969b538af1e9eea,On Mystic Lake,Kristin Hannah
2348,3109,0.64965886,book_e97e2457641e76ef,Counting Miracles,Nicholas Sparks,book_d6f82c96b4ea73d4,Every Breath,Nicholas Sparks
2348,2711,0.6405848,book_e97e2457641e76ef,Counting Miracles,Nicholas Sparks,book_f2826a519130c1b8,Two by Two,Nicholas Sparks
2350,2778,0.6223016,book_06dd60da2f086a71,A Spark of Light,Jodi Picoult,book_43b3bf7032efabaf,Notes on an Execution,Danya Kukafka
2350,3283,0.614878,book_06dd60da2f086a71,A Spark of Light,Jodi Picoult,book_6ea146780024a12e,Nights in Rodanthe,Nicholas Sparks
2354,2755,0.65364075,book_8456776921a87b32,The Liar's Girl,Catherine Ryan Howard,book_63e3514c8a67f140,Twenty Years Later,Charlie Donlea
2354,3130,0.6374559,book_8456776921a87b32,The Liar's Girl,Catherine Ryan Howard,book_eef5d992d45497bf,"Truth and Lies (DI Amy Winter, #1)",Caroline Mitchell
2354,2850,0.6364094,book_8456776921a87b32,The Liar's Girl,Catherine Ryan Howard,book_13da1624c2c88cc5,"Trust No One (Devlin & Falco, #1)",Debra Webb
2052,2354,0.61821634,book_7496475d16b288b0,Deep Dark Truth,Debra Webb,book_8456776921a87b32,The Liar's Girl,Catherine Ryan Howard
2354,3029,0.6082015,book_8456776921a87b32,The Liar's Girl,Catherine Ryan Howard,book_6a5f0e089cd4438d,Sometimes I Lie,Alice Feeney
2354,3173,0.6080605,book_8456776921a87b32,The Liar's Girl,Catherine Ryan Howard,book_83bf078804402d3c,"In the Clearing (Tracy Crosswhite, #3)",Robert Dugoni
2354,3141,0.60614663,book_8456776921a87b32,The Liar's Girl,Catherine Ryan Howard,book_8c55c0484dfd6f11,"Say You're Sorry (Morgan Dane, #1)",Melinda Leigh
2354,2367,0.6017424,book_8456776921a87b32,The Liar's Girl,Catherine Ryan Howard,book_27ef128443f3f5c2,Let Me Lie,Clare Mackintosh
2354,3248,0.6002365,book_8456776921a87b32,The Liar's Girl,Catherine Ryan Howard,book_a3ff797fa19e20a7,"This Girl (Slammed, #3)",Colleen Hoover
2355,2857,0.6069846,book_ee8dfe9e3c093e66,Invisible Girl,Lisa Jewell,book_5f66b229ede68a95,"Before She Disappeared (Frankie Elkin, #1)",Lisa Gardner
2356,2968,0.61603606,book_fc0087a491ac9770,The Grownup,Gillian Flynn,book_547b04f2aee0a93b,Home Before Dark,Riley Sager
2356,2432,0.61047256,book_fc0087a491ac9770,The Grownup,Gillian Flynn,book_3d54503e81f48cbe,An Enchanting Case of Spirits,Melissa Holtz
1899,2356,0.60869414,book_8909c2513af52fce,Decomposition Book,Sara van Os,book_fc0087a491ac9770,The Grownup,Gillian Flynn
2358,3098,0.63033426,book_95384776c596ba5f,No One Will Miss Her,Kat Rosenfield,book_878a140c5b9ba41f,"The Vanishing Season (The Collector, #4)",Dot Hutchison
2053,2358,0.6178806,book_d65c04bbf887b688,The Missing Ones,A.R. Torre,book_95384776c596ba5f,No One Will Miss Her,Kat Rosenfield
2358,3089,0.6144806,book_95384776c596ba5f,No One Will Miss Her,Kat Rosenfield,book_a7f2d89fa8898377,Unspeakable Things,Jess Lourey
2358,3099,0.6090504,book_95384776c596ba5f,No One Will Miss Her,Kat Rosenfield,book_64160eacd6cde831,When Never Comes,Barbara Davis
2055,2358,0.6056459,book_178e1edb31c61e73,The Lost Summer: A Novel (Haven Cliff Book 2),Wendy Corsi Staub,book_95384776c596ba5f,No One Will Miss Her,Kat Rosenfield
2358,2872,0.60369766,book_95384776c596ba5f,No One Will Miss Her,Kat Rosenfield,book_e5c7ae6c7336a6d0,The Thinnest Air,Minka Kent
2361,2390,0.73725986,book_fd01f7a5f06030e1,Local Girl Missing,Claire Douglas,book_66b9f29cd0553800,The Girls Who Disappeared,Claire Douglas
2361,2890,0.69526684,book_fd01f7a5f06030e1,Local Girl Missing,Claire Douglas,book_eb2ef3384ac32906,The Night She Disappeared,Lisa Jewell
2361,2973,0.66662025,book_fd01f7a5f06030e1,Local Girl Missing,Claire Douglas,book_7202030fe25625cc,All the Missing Girls,Megan Miranda
2361,2698,0.652459,book_fd01f7a5f06030e1,Local Girl Missing,Claire Douglas,book_ace9b6920a621f05,The Missing Girl,Kerry McGinnis
2361,2857,0.6445712,book_fd01f7a5f06030e1,Local Girl Missing,Claire Douglas,book_5f66b229ede68a95,"Before She Disappeared (Frankie Elkin, #1)",Lisa Gardner
2361,2982,0.6244595,book_fd01f7a5f06030e1,Local Girl Missing,Claire Douglas,book_ca32ad130908b22a,Then She Was Gone,Lisa Jewell
201,2361,0.6243109,book_512eec1f0e386c41,Sharp Objects,Gillian Flynn,book_fd01f7a5f06030e1,Local Girl Missing,Claire Douglas
2361,2672,0.6152886,book_fd01f7a5f06030e1,Local Girl Missing,Claire Douglas,book_12985e93d8732efa,Just Another Missing Person,Gillian McAllister
2361,2888,0.61299604,book_fd01f7a5f06030e1,Local Girl Missing,Claire Douglas,book_14237994881b573b,Local Woman Missing,Mary Kubica
2363,2442,0.602868,book_a01301b5b1a8df38,All the Colors of the Dark,Chris Whitaker,book_17316f07d9745b5d,Light Dark,Aleatha Romig
2363,2963,0.60208035,book_a01301b5b1a8df38,All the Colors of the Dark,Chris Whitaker,book_ae2e903a589e6eb2,"This Is Love (The Light to My Darkness #3) (The Haunted, #8)",Ivy Smoak
2364,2849,0.61436874,book_84e3ce4b91bb7f05,Listen for the Lie,Amy Tintera,book_e1bbe589cd6b29b6,Her Final Words,Brianna Labuskes
2367,2939,0.6852189,book_27ef128443f3f5c2,Let Me Lie,Clare Mackintosh,book_1e95ff167ba8ea18,I Let You Go,Clare Mackintosh
2367,3029,0.64692926,book_27ef128443f3f5c2,Let Me Lie,Clare Mackintosh,book_6a5f0e089cd4438d,Sometimes I Lie,Alice Feeney
2367,3035,0.6245812,book_27ef128443f3f5c2,Let Me Lie,Clare Mackintosh,book_94ea75d87f1f15f0,Truths I Never Told You,Kelly Rimmer
2368,2444,0.64949334,book_f418838e0c9ad310,"Bye, Baby",Carola Lovering,book_ede8e1fa528e3214,Real Life and Other Fictions,Susan Coll
2368,3089,0.600029,book_f418838e0c9ad310,"Bye, Baby",Carola Lovering,book_a7f2d89fa8898377,Unspeakable Things,Jess Lourey
2369,2998,0.77693135,book_c8a2cec522bb9bfe,"It Starts with Us (It Ends with Us, #2)",Colleen Hoover,book_c7359e5991c94638,"It Ends with Us (It Ends with Us, #1)",Colleen Hoover
2374,2689,0.6914283,book_e0e15004f903d727,"When You Are Mine (The Bennett Series, 1)",Kennedy Ryan,book_054ee1ab88a65d67,After I Do,Taylor Jenkins Reid
2374,3220,0.6022101,book_e0e15004f903d727,"When You Are Mine (The Bennett Series, 1)",Kennedy Ryan,book_e5efe3be97475860,Love the One You're With,Emily Giffin
2375,2854,0.6267885,book_343e0ae15a96f028,The Women,Kristin Hannah,book_cad89cc10ca03163,The Great Alone,Kristin Hannah
2377,2379,0.7470685,book_d24478a72e8fa265,"Twist (Off Balance Series, #4)",Lucia Franco,book_a8b36ed703e81703,"Release (Off Balance Series, #3)",Lucia Franco
2377,2380,0.69982886,book_d24478a72e8fa265,"Twist (Off Balance Series, #4)",Lucia Franco,book_68b65e0c139ab878,"Execution (Off Balance Series, #2)",Lucia Franco
2377,2381,0.61235654,book_d24478a72e8fa265,"Twist (Off Balance Series, #4)",Lucia Franco,book_fce228a5dfac64f9,"Balance (Off Balance, #1)",Lucia Franco
2379,2380,0.80897725,book_a8b36ed703e81703,"Release (Off Balance Series, #3)",Lucia Franco,book_68b65e0c139ab878,"Execution (Off Balance Series, #2)",Lucia Franco
2379,2381,0.71015096,book_a8b36ed703e81703,"Release (Off Balance Series, #3)",Lucia Franco,book_fce228a5dfac64f9,"Balance (Off Balance, #1)",Lucia Franco
2380,2381,0.76168644,book_68b65e0c139ab878,"Execution (Off Balance Series, #2)",Lucia Franco,book_fce228a5dfac64f9,"Balance (Off Balance, #1)",Lucia Franco
2383,2618,0.6193081,book_108b801cce5390bc,How to End a Love Story,Yulin Kuang,book_297380d3c522f0e9,The Things We Leave Unfinished,Rebecca Yarros
2385,2968,0.60400176,book_3ddb4b7c79478670,We Used to Live Here,Marcus Kliewer,book_547b04f2aee0a93b,Home Before Dark,Riley Sager
2390,2973,0.74523985,book_66b9f29cd0553800,The Girls Who Disappeared,Claire Douglas,book_7202030fe25625cc,All the Missing Girls,Megan Miranda
2390,2698,0.6676924,book_66b9f29cd0553800,The Girls Who Disappeared,Claire Douglas,book_ace9b6920a621f05,The Missing Girl,Kerry McGinnis
2390,3080,0.6581737,book_66b9f29cd0553800,The Girls Who Disappeared,Claire Douglas,book_949c190140cfc492,Under Lying,Janelle Harris
2390,2890,0.63747025,book_66b9f29cd0553800,The Girls Who Disappeared,Claire Douglas,book_eb2ef3384ac32906,The Night She Disappeared,Lisa Jewell
2390,2857,0.6273707,book_66b9f29cd0553800,The Girls Who Disappeared,Claire Douglas,book_5f66b229ede68a95,"Before She Disappeared (Frankie Elkin, #1)",Lisa Gardner
201,2390,0.62083423,book_512eec1f0e386c41,Sharp Objects,Gillian Flynn,book_66b9f29cd0553800,The Girls Who Disappeared,Claire Douglas
2390,3098,0.62046576,book_66b9f29cd0553800,The Girls Who Disappeared,Claire Douglas,book_878a140c5b9ba41f,"The Vanishing Season (The Collector, #4)",Dot Hutchison
1705,2390,0.61646223,book_f5947a784ae514ed,They Say a Girl Died Here,Sarah Pinborough,book_66b9f29cd0553800,The Girls Who Disappeared,Claire Douglas
2390,2672,0.61035883,book_66b9f29cd0553800,The Girls Who Disappeared,Claire Douglas,book_12985e93d8732efa,Just Another Missing Person,Gillian McAllister
2395,3034,0.6245669,book_f61996ef36d3d8bd,"Stillhouse Lake (Stillhouse Lake, #1)",Rachel Caine,book_4988638eb1cdc64c,"Redemption Lake (A Winston Radhauser Mystery, #1)",Susan Clayton-Goldner
2395,2625,0.6047374,book_f61996ef36d3d8bd,"Stillhouse Lake (Stillhouse Lake, #1)",Rachel Caine,book_73f8afc91af668f8,All the Breaking Waves,Kerry Lonsdale
2395,3318,0.6045742,book_f61996ef36d3d8bd,"Stillhouse Lake (Stillhouse Lake, #1)",Rachel Caine,book_8969b538af1e9eea,On Mystic Lake,Kristin Hannah
2397,2593,0.6552825,book_5636b59b0e8bc1b2,"When You're Ready, This Is How You Heal",Brianna Wiest,book_493e62d1377f4027,What It Takes to Heal: How Transforming Ourselves Can Change the World,Prentis Hemphill
2397,2808,0.60517454,book_5636b59b0e8bc1b2,"When You're Ready, This Is How You Heal",Brianna Wiest,book_3aed8d4020aefaa2,No Cure for Being Human: (And Other Truths I Need to Hear),Kate Bowler
2398,2464,0.65519476,book_02544124cbfd0c36,Funny Story,Emily Henry,book_cf9c53c53d06ca7f,Love at First Book,Jenn McKinlay
1277,2398,0.60183847,book_cc4a741f87709d7c,Book Lovers,Emily Henry,book_02544124cbfd0c36,Funny Story,Emily Henry
2399,3074,0.61559963,book_6f41ea819fccd82a,Atlas of the Heart: Mapping Meaningful Connection and the Language of Human Experience,Brené Brown,book_2b44e7dd6dd0c700,Braving the Wilderness,Brené Brown
2401,2914,0.6173235,book_506bb4093d6b84fd,Leave No Trace,Mindy Mejia,book_c7529aa8b4aae276,What's Left Unsaid,Emily Bleeker
2402,2448,0.65362304,book_9dd86109918aa04d,The Winemaker's Wife,Kristin Harmel,book_2ad8cd134979eadc,The Chateau,Jaclyn Goldis
2410,3135,0.62407756,book_a0bce06bc01287a6,The Soulmate,Sally Hepworth,book_0beb72076c1640af,"All the Lies We Tell (Quarry Road, #1)",Megan Hart
2410,2666,0.6154244,book_a0bce06bc01287a6,The Soulmate,Sally Hepworth,book_8669ce2550c837b7,A Twisted Love Story,Samantha Downing
2410,3248,0.61296237,book_a0bce06bc01287a6,The Soulmate,Sally Hepworth,book_a3ff797fa19e20a7,"This Girl (Slammed, #3)",Colleen Hoover
2410,3080,0.6089661,book_a0bce06bc01287a6,The Soulmate,Sally Hepworth,book_949c190140cfc492,Under Lying,Janelle Harris
2410,2932,0.6088168,book_a0bce06bc01287a6,The Soulmate,Sally Hepworth,book_434bab2cc080d5b1,The Good Sister,Sally Hepworth
1051,2410,0.60519993,book_54270bcaf3497de8,The Wife App,Carolyn Mackler,book_a0bce06bc01287a6,The Soulmate,Sally Hepworth
2410,2685,0.6020683,book_a0bce06bc01287a6,The Soulmate,Sally Hepworth,book_c223c6f17f364762,Pretty Girls,Karin Slaughter
2411,2783,0.6229317,book_c8cfb45bd74a42ce,The Things We Keep,Sally Hepworth,book_1fd429b208cfb141,Still Alice,Lisa Genova
2412,2632,0.63666105,book_bc01bc9df4ed0c71,"Always, in December",Emily Stone,book_16edbc762a93e00f,"Love, Holly",Emily Stone
2412,2993,0.6121367,book_bc01bc9df4ed0c71,"Always, in December",Emily Stone,book_686223032243a23c,25 Days 'Til Christmas,Poppy Alexander
2413,3048,0.6149258,book_71cf15544f15f039,My Darling Husband,Kimberly Belle,book_34764fbf0a7c9710,My Lovely Wife,Samantha Downing
1051,2413,0.6067996,book_54270bcaf3497de8,The Wife App,Carolyn Mackler,book_71cf15544f15f039,My Darling Husband,Kimberly Belle
2414,2725,0.6004641,book_3d2716b5c9534846,I Could Live Here Forever,Hanna Halperin,book_5693b1571b97d401,Forever Never,Lucy Score
2416,2460,0.83019054,book_cbe9ae09a8289ee4,"Rule of the Aurora King (Artefacts of Ouranos, #2)",Nisha J. Tuli,book_8d0d9be5e18b4c71,"Fate of the Sun King (Artefacts of Ouranos, #3)",Nisha J. Tuli
2425,2677,0.6158843,book_3eb5f1f04e5a35e3,The Trouble with Drowning,Heather Hach,book_52b0f885d0e45ed8,How Not to Drown in a Glass of Water,Angie Cruz
2425,3099,0.60859907,book_3eb5f1f04e5a35e3,The Trouble with Drowning,Heather Hach,book_64160eacd6cde831,When Never Comes,Barbara Davis
2425,2625,0.6080719,book_3eb5f1f04e5a35e3,The Trouble with Drowning,Heather Hach,book_73f8afc91af668f8,All the Breaking Waves,Kerry Lonsdale
2425,3165,0.6064287,book_3eb5f1f04e5a35e3,The Trouble with Drowning,Heather Hach,book_632d0537ea3cae52,"Everything We Keep (Everything, #1)",Kerry Lonsdale
2425,3025,0.60529906,book_3eb5f1f04e5a35e3,The Trouble with Drowning,Heather Hach,book_631ea4957281d5cd,Want,Lynn Steger Strong
2425,2882,0.60526735,book_3eb5f1f04e5a35e3,The Trouble with Drowning,Heather Hach,book_87db0c75b3c43357,The Drowning Kind,Jennifer McMahon
2426,3020,0.6430447,book_e53232017d86b13f,Awake to Your Why: Achieve Your Goals and Change Your Life with the 5 AM Advantage,Bryce Chapman,book_a5b04806f3c199c4,The 5 AM Club: Own Your Morning. Elevate Your Life,Robin Sharma
2426,2489,0.61663246,book_e53232017d86b13f,Awake to Your Why: Achieve Your Goals and Change Your Life with the 5 AM Advantage,Bryce Chapman,book_bcd79656b290ffa9,"What Do You Really Want?: 7 Questions That Can Unlock the Answers to a Life Full of Abundance, Meaning, and Connection",Cayla Craft
2426,2551,0.60460496,book_e53232017d86b13f,Awake to Your Why: Achieve Your Goals and Change Your Life with the 5 AM Advantage,Bryce Chapman,book_3b6b04637304e63a,"Think This, Not That: 12 Mindshifts to Breakthrough Limiting Beliefs and Become Who You Were Born to Be",Josh Axe
2434,3130,0.60215795,book_33627bd501d844fe,Tell Me Who You Are,Louisa Luna,book_eef5d992d45497bf,"Truth and Lies (DI Amy Winter, #1)",Caroline Mitchell
2438,2834,0.6586929,book_3b8e0d2a26cd5781,"Keystone (Crossbreed, #1)",Dannika Dark,book_558fcd603f7b19c1,"The Finish Line (The Ravenhood, #3)",Kate Stewart
1266,2440,0.6053587,book_173aa4e0e1b20e55,If You Ask Me,Libby Hubscher,book_3b59290be3f8f620,Swiped,L.M. Chilton
2442,2573,0.66161233,book_17316f07d9745b5d,Light Dark,Aleatha Romig,book_be2b6ff3d285f6fb,"What Lies in Darkness (Jess Lambert, #2)",Christina McDonald
2443,2787,0.6310508,book_51769dad7b5a9de0,The Five Year Lie,Sarina Bowen,book_3670577207adfb26,Tell Me Lies,Carola Lovering
2443,2573,0.6127478,book_51769dad7b5a9de0,The Five Year Lie,Sarina Bowen,book_be2b6ff3d285f6fb,"What Lies in Darkness (Jess Lambert, #2)",Christina McDonald
2443,3016,0.6091651,book_51769dad7b5a9de0,The Five Year Lie,Sarina Bowen,book_4d753b2ba02d5415,Dear Wife,Kimberly Belle
1699,2443,0.6073904,book_ebf560b2a59cde0b,What We Found Instead: A Novel,Heidi Reimer,book_51769dad7b5a9de0,The Five Year Lie,Sarina Bowen
2444,2579,0.6620406,book_ede8e1fa528e3214,Real Life and Other Fictions,Susan Coll,book_b4ef03393c16b15f,When She Was Me,Marlee Bush
2444,3089,0.6424191,book_ede8e1fa528e3214,Real Life and Other Fictions,Susan Coll,book_a7f2d89fa8898377,Unspeakable Things,Jess Lourey
2444,2625,0.62556934,book_ede8e1fa528e3214,Real Life and Other Fictions,Susan Coll,book_73f8afc91af668f8,All the Breaking Waves,Kerry Lonsdale
2444,2663,0.6176141,book_ede8e1fa528e3214,Real Life and Other Fictions,Susan Coll,book_1e83fbaafefe0906,The Leftover Woman,Jean Kwok
2444,3128,0.60532,book_ede8e1fa528e3214,Real Life and Other Fictions,Susan Coll,book_60f30f070cec95a0,Educated,Tara Westover
2106,2444,0.6051321,book_b539c9373c0fe4ce,The Missing Half,Ashley Flowers,book_ede8e1fa528e3214,Real Life and Other Fictions,Susan Coll
2449,3202,0.63183403,book_0eef0ac2c74a0224,"Emotions, Happiness and the Story of Our Lives: Inner knowledge from The Kaalmly Approach to create long-lasting happiness inround you",A.R. Kaalmly,book_ba6604fc58f79e7c,The Happiness Hypothesis: Finding Modern Truth in Ancient Wisdom,Jonathan Haidt
2449,2804,0.60367846,book_0eef0ac2c74a0224,"Emotions, Happiness and the Story of Our Lives: Inner knowledge from The Kaalmly Approach to create long-lasting happiness inround you",A.R. Kaalmly,book_7db21b147d2cc5ad,The Happiness Advantage: The Seven Principles of Positive Psychology That Fuel Success and Performance at Work,Shawn Achor
2450,2953,0.6099421,book_6246954c7a37371f,Summer Fridays,Suzanne Rindell,book_90c5b294dcafb63e,The Last House Guest,Megan Miranda
2453,3189,0.6342987,book_82b2c31c5d142dfe,The Invisible Hour,Alice Hoffman,book_f9f21651aa297603,The Letter,Kathryn Hughes
2454,2457,0.61208224,book_5f9fbaeda94ac12f,Broken Throne (Red Queen #4.5),Victoria Aveyard,book_a6f2e51e4936979c,"Red Queen (Red Queen, #1)",Victoria Aveyard
2455,2457,0.6814424,book_8fc652e0c51378f5,"War Storm (Red Queen, #4)",Victoria Aveyard,book_a6f2e51e4936979c,"Red Queen (Red Queen, #1)",Victoria Aveyard
2455,2456,0.6429641,book_8fc652e0c51378f5,"War Storm (Red Queen, #4)",Victoria Aveyard,book_5ad53355364b953a,"King's Cage (Red Queen, #3)",Victoria Aveyard
2456,2457,0.7170546,book_5ad53355364b953a,"King's Cage (Red Queen, #3)",Victoria Aveyard,book_a6f2e51e4936979c,"Red Queen (Red Queen, #1)",Victoria Aveyard
2459,2635,0.7832235,book_bc31172fda8cb3c7,"The Mystery Guest (Molly the Maid, #2)",Nita Prose,book_5fe1fe2398331939,"The Maid (Molly the Maid, #1)",Nita Prose
2459,2776,0.63407767,book_bc31172fda8cb3c7,"The Mystery Guest (Molly the Maid, #2)",Nita Prose,book_91c259c25f6f29e1,The Hotel Nantucket,Elin Hilderbrand
2459,2656,0.61438304,book_bc31172fda8cb3c7,"The Mystery Guest (Molly the Maid, #2)",Nita Prose,book_4e96b3a2c3164154,The Maid's Diary,Loreth Anne White
2460,2587,0.6009917,book_8d0d9be5e18b4c71,"Fate of the Sun King (Artefacts of Ouranos, #3)",Nisha J. Tuli,book_b71cfcb3fecc304d,"The Gilded Crown (The Raven's Trade, #1)",Marianne Gordon
2463,3016,0.60889256,book_1bab8e5ee0e26434,Better Left Unsent,Lia Louis,book_4d753b2ba02d5415,Dear Wife,Kimberly Belle
2463,2916,0.6060437,book_1bab8e5ee0e26434,Better Left Unsent,Lia Louis,book_60c34104a1621021,One Year Gone,Avery Bishop
2464,3220,0.6174861,book_cf9c53c53d06ca7f,Love at First Book,Jenn McKinlay,book_e5efe3be97475860,Love the One You're With,Emily Giffin
2468,2471,0.6155588,book_a93be37430ebe86d,The Only Survivors,Megan Miranda,book_fcbda62072229724,She Left,Stacie Grey
2106,2468,0.6021526,book_b539c9373c0fe4ce,The Missing Half,Ashley Flowers,book_a93be37430ebe86d,The Only Survivors,Megan Miranda
2470,2719,0.72639805,book_4efaee975d6e3309,"Everyday Ayurveda for Women's Health: Traditional Wisdom, Recipes, and Remedies for Optimal Wellness, Hormone Balance, and Living Radiantly",Kate O'Donnell,book_99d2929c824dc27a,The Wheel of Healing with Ayurveda: An Easy Guide to a Healthy Lifestyle,Michelle S. Fondin
1705,2471,0.6024732,book_f5947a784ae514ed,They Say a Girl Died Here,Sarah Pinborough,book_fcbda62072229724,She Left,Stacie Grey
2471,3104,0.6019616,book_fcbda62072229724,She Left,Stacie Grey,book_a0d90a61b51d17c4,The Girl Who Lived,Christopher Greyson
2473,3024,0.63635457,book_484712ecbda85454,No One Can Know,Kate Alice Marshall,book_8a38ee0463c96cc8,I Know Who You Are,Alice Feeney
2473,2916,0.62908316,book_484712ecbda85454,No One Can Know,Kate Alice Marshall,book_60c34104a1621021,One Year Gone,Avery Bishop
2473,2849,0.62776405,book_484712ecbda85454,No One Can Know,Kate Alice Marshall,book_e1bbe589cd6b29b6,Her Final Words,Brianna Labuskes
2473,3095,0.61549544,book_484712ecbda85454,No One Can Know,Kate Alice Marshall,book_0eaf6d4c7281a4b8,"The Family Upstairs (The Family Upstairs, #1)",Lisa Jewell
2473,3211,0.6150824,book_484712ecbda85454,No One Can Know,Kate Alice Marshall,book_f64e4639504bcc35,"The Silent Sister (Riley MacPherson, #1)",Diane Chamberlain
2473,2847,0.6143186,book_484712ecbda85454,No One Can Know,Kate Alice Marshall,book_bd5e56dec0c22b06,Girls of Brackenhill,Kate Moretti
2473,2573,0.6137479,book_484712ecbda85454,No One Can Know,Kate Alice Marshall,book_be2b6ff3d285f6fb,"What Lies in Darkness (Jess Lambert, #2)",Christina McDonald
2473,2698,0.61183345,book_484712ecbda85454,No One Can Know,Kate Alice Marshall,book_ace9b6920a621f05,The Missing Girl,Kerry McGinnis
2473,3200,0.6076701,book_484712ecbda85454,No One Can Know,Kate Alice Marshall,book_f2403c233b7c383e,Winter Garden,Kristin Hannah
1699,2473,0.6069771,book_ebf560b2a59cde0b,What We Found Instead: A Novel,Heidi Reimer,book_484712ecbda85454,No One Can Know,Kate Alice Marshall
1705,2473,0.6027317,book_f5947a784ae514ed,They Say a Girl Died Here,Sarah Pinborough,book_484712ecbda85454,No One Can Know,Kate Alice Marshall
2473,3035,0.6023159,book_484712ecbda85454,No One Can Know,Kate Alice Marshall,book_94ea75d87f1f15f0,Truths I Never Told You,Kelly Rimmer
2474,3015,0.6016904,book_e870a76bb2dc8a2b,"The One that (Almost) Got Away (Palm Harbor, #1)",Kimberley O'Malley,book_fe60fc916dec7731,Little Secrets,Jennifer Hillier
2479,2682,0.6299895,book_8b4a017325b704d5,All Good People Here,Ashley Flowers,book_586a3c22aeccfb63,"Good Girl, Bad Girl (Cyrus Haven, #1)",Michael Robotham
2479,2691,0.6214014,book_8b4a017325b704d5,All Good People Here,Ashley Flowers,book_2c8f5e440aa42552,The Prisoner,B.A. Paris
2479,2680,0.61707854,book_8b4a017325b704d5,All Good People Here,Ashley Flowers,book_572526a8a30ad4a1,"When She Was Good (Cyrus Haven, #2)",Michael Robotham
2479,2927,0.60289484,book_8b4a017325b704d5,All Good People Here,Ashley Flowers,book_f5efeebf3ef34eeb,"A Familiar Sight (Dr. Gretchen White, #1)",Brianna Labuskes
1987,2479,0.60266495,book_a210773b1799d99d,Hidden Nature,Nora Roberts,book_8b4a017325b704d5,All Good People Here,Ashley Flowers
2147,2479,0.60148036,book_6d3e91c4a8782b04,How to Kill a Crime Writer,Sarah Lotz,book_8b4a017325b704d5,All Good People Here,Ashley Flowers
1051,2480,0.62071455,book_54270bcaf3497de8,The Wife App,Carolyn Mackler,book_39d2c529cd84b739,The Loyal Wife,B. Love
2480,3152,0.6185895,book_39d2c529cd84b739,The Loyal Wife,B. Love,book_bbce498e452ce064,"No Ordinary Billionaire (The Sinclairs, #1)",J.S. Scott
2480,3006,0.60377073,book_39d2c529cd84b739,The Loyal Wife,B. Love,book_242b0065d927a8b4,Husband (Betrothed #2),Penelope Sky
2480,2710,0.6020378,book_39d2c529cd84b739,The Loyal Wife,B. Love,book_64af63a84b336db9,If This Is Love,Jewel E. Ann
2486,3264,0.63285553,book_c9a1e04e92ffcde6,Can't Help Falling in Love,Sophie Sullivan,book_8949d69210aae96a,"Falling for Her Fiance (Accidentally in Love, #1)",Cindi Madsen
2491,3054,0.6129606,book_82f7566c33246359,"Filthy Rich Vampire (Filthy Rich Vampires, #1)",Geneva Lee,book_b09d75567f2b493f,The Vampire Debt,Ali Winters
2492,2748,0.60532117,book_64fedcfdd32a0aa5,A Heart Like Home,Christine Nolfi,book_bb0d59603e755f0a,Love and Other Words,Christina Lauren
2492,3311,0.60195863,book_64fedcfdd32a0aa5,A Heart Like Home,Christine Nolfi,book_1c885ff7ee24b506,Home Again,Kristin Hannah
2494,3013,0.6049143,book_778f10eac956cf7e,"The Summer Escape (Sunrise Cove, #6)",Jill Shalvis,book_caa04db30fdca072,This Secret Thing,Marybeth Mayhew Whalen
2055,2494,0.60139656,book_178e1edb31c61e73,The Lost Summer: A Novel (Haven Cliff Book 2),Wendy Corsi Staub,book_778f10eac956cf7e,"The Summer Escape (Sunrise Cove, #6)",Jill Shalvis
2506,2573,0.7040373,book_7ed949e1303d684b,"The Stranger at Black Lake (Jess Lambert, #.5)",Christina McDonald,book_be2b6ff3d285f6fb,"What Lies in Darkness (Jess Lambert, #2)",Christina McDonald
2506,2718,0.6032561,book_7ed949e1303d684b,"The Stranger at Black Lake (Jess Lambert, #.5)",Christina McDonald,book_a147327db41b3e06,"The Shadow Girls (Natalie Lockhart, #4)",Alice Blanchard
2508,3013,0.62142724,book_637646d7a31ed744,Secret Of The Sassafras,Olivia Sparrow,book_caa04db30fdca072,This Secret Thing,Marybeth Mayhew Whalen
2510,2568,0.60345703,book_107961fc84f23289,Out on a Limb,Hannah Bonam-Young,book_537f347e747f8129,The Summer Pact,Emily Giffin
2517,2606,0.60598314,book_63f5e4f23ec1f90d,A Good Happy Girl,Marissa Higgins,book_511744b040b709fd,The Most Fun We Ever Had,Claire Lombardo
2518,2842,0.61782575,book_cb118b7644830ffc,Better by Far,Hazel Hayes,book_a82de4d44acb5509,All Rhodes Lead Here,Mariana Zapata
2106,2521,0.6062665,book_b539c9373c0fe4ce,The Missing Half,Ashley Flowers,book_47cf1278c1af8db8,The Reappearance of Rachel Price,Holly Jackson
2521,2667,0.60091966,book_47cf1278c1af8db8,The Reappearance of Rachel Price,Holly Jackson,book_38f364cde5a19e30,The Perfect Son,Freida McFadden
2522,2893,0.6956668,book_4f44bdc30f1e2b9a,The Return of Ellie Black,Emiko Jean,book_4fb4deb1952c90c9,"Find Me (Ellie Hatcher, #6)",Alafair Burke
2522,2982,0.6631182,book_4f44bdc30f1e2b9a,The Return of Ellie Black,Emiko Jean,book_ca32ad130908b22a,Then She Was Gone,Lisa Jewell
2522,3174,0.62211996,book_4f44bdc30f1e2b9a,The Return of Ellie Black,Emiko Jean,book_ce9d1beb4dc9c1b1,"The Child Finder (Naomi Cottle, #1)",Rene Denfeld
2522,2914,0.6198541,book_4f44bdc30f1e2b9a,The Return of Ellie Black,Emiko Jean,book_c7529aa8b4aae276,What's Left Unsaid,Emily Bleeker
1705,2522,0.61027396,book_f5947a784ae514ed,They Say a Girl Died Here,Sarah Pinborough,book_4f44bdc30f1e2b9a,The Return of Ellie Black,Emiko Jean
2522,2573,0.6101836,book_4f44bdc30f1e2b9a,The Return of Ellie Black,Emiko Jean,book_be2b6ff3d285f6fb,"What Lies in Darkness (Jess Lambert, #2)",Christina McDonald
2522,2857,0.6056641,book_4f44bdc30f1e2b9a,The Return of Ellie Black,Emiko Jean,book_5f66b229ede68a95,"Before She Disappeared (Frankie Elkin, #1)",Lisa Gardner
2522,2916,0.6052748,book_4f44bdc30f1e2b9a,The Return of Ellie Black,Emiko Jean,book_60c34104a1621021,One Year Gone,Avery Bishop
2522,2575,0.60417783,book_4f44bdc30f1e2b9a,The Return of Ellie Black,Emiko Jean,book_c2034dc6505bd729,The Other Side of Disappearing,Kate Clayborn
2525,3100,0.6154915,book_1570f91af68df341,"It Had to Be You (Under Suspicion, #8)",Mary Higgins Clark,book_67232b2e579d8c83,"If You Tell: A True Story of Murder, Family Secrets, and the Unbreakable Bond of Sisterhood",Gregg Olsen
2525,3080,0.6051445,book_1570f91af68df341,"It Had to Be You (Under Suspicion, #8)",Mary Higgins Clark,book_949c190140cfc492,Under Lying,Janelle Harris
2177,2531,0.6047065,book_a90f54ec03024f24,Heather,Caitlin Mullen,book_3cf9450a2ba464dd,Forgotten Sisters,Cynthia Pelayo
2531,2847,0.6038579,book_3cf9450a2ba464dd,Forgotten Sisters,Cynthia Pelayo,book_bd5e56dec0c22b06,Girls of Brackenhill,Kate Moretti
2533,2755,0.64494526,book_6c18f37581058942,"A Forgotten Kill (Daniela Vega, #2)",Isabella Maldonado,book_63e3514c8a67f140,Twenty Years Later,Charlie Donlea
2533,2778,0.6436248,book_6c18f37581058942,"A Forgotten Kill (Daniela Vega, #2)",Isabella Maldonado,book_43b3bf7032efabaf,Notes on an Execution,Danya Kukafka
2533,2927,0.6325602,book_6c18f37581058942,"A Forgotten Kill (Daniela Vega, #2)",Isabella Maldonado,book_f5efeebf3ef34eeb,"A Familiar Sight (Dr. Gretchen White, #1)",Brianna Labuskes
2533,2850,0.6203861,book_6c18f37581058942,"A Forgotten Kill (Daniela Vega, #2)",Isabella Maldonado,book_13da1624c2c88cc5,"Trust No One (Devlin & Falco, #1)",Debra Webb
2533,3173,0.61766744,book_6c18f37581058942,"A Forgotten Kill (Daniela Vega, #2)",Isabella Maldonado,book_83bf078804402d3c,"In the Clearing (Tracy Crosswhite, #3)",Robert Dugoni
2533,2920,0.6152729,book_6c18f37581058942,"A Forgotten Kill (Daniela Vega, #2)",Isabella Maldonado,book_19eaf0f1080d3153,The Good Lie,A.R. Torre
2533,3130,0.61262804,book_6c18f37581058942,"A Forgotten Kill (Daniela Vega, #2)",Isabella Maldonado,book_eef5d992d45497bf,"Truth and Lies (DI Amy Winter, #1)",Caroline Mitchell
2533,2752,0.60736096,book_6c18f37581058942,"A Forgotten Kill (Daniela Vega, #2)",Isabella Maldonado,book_6d333ee6fa4397ef,"A Rose for Her Grave and Other True Cases (Crime Files, #1)",Ann Rule
2533,2800,0.6070217,book_6c18f37581058942,"A Forgotten Kill (Daniela Vega, #2)",Isabella Maldonado,book_d6187153151b1008,The Killing Song (Dr. Jo McCready #2),Lesley Mcevoy
2533,3117,0.60687035,book_6c18f37581058942,"A Forgotten Kill (Daniela Vega, #2)",Isabella Maldonado,book_6061470e278fac0a,"My Sister's Grave (Tracy Crosswhite, #1)",Robert Dugoni
2533,3009,0.6066407,book_6c18f37581058942,"A Forgotten Kill (Daniela Vega, #2)",Isabella Maldonado,book_76d4a9e31e1b0516,"Fractured (Will Trent, #2)",Karin Slaughter
2533,3140,0.605034,book_6c18f37581058942,"A Forgotten Kill (Daniela Vega, #2)",Isabella Maldonado,book_e8059b596c504154,"What Have You Done (Adler and Dwyer, #0.5)",Matthew Farrell
2534,3281,0.62485015,book_7c3a2ae9816fb572,Hurt Mountain,Angela Crook,book_48667f62c102bb9d,A Bend in the Road,Nicholas Sparks
2534,3174,0.61302423,book_7c3a2ae9816fb572,Hurt Mountain,Angela Crook,book_ce9d1beb4dc9c1b1,"The Child Finder (Naomi Cottle, #1)",Rene Denfeld
2534,3022,0.601063,book_7c3a2ae9816fb572,Hurt Mountain,Angela Crook,book_57b183d7da9f11fd,Where They Found Her,Kimberly McCreight
2537,3045,0.6077073,book_8e3391e3f47a273b,The Waltham Murders,Susan Zalkind,book_b1ae8bb7086d9a09,Eight Perfect Murders,Peter Swanson
2052,2537,0.60458994,book_7496475d16b288b0,Deep Dark Truth,Debra Webb,book_8e3391e3f47a273b,The Waltham Murders,Susan Zalkind
2538,3049,0.65574014,book_764e4764c7f2ca18,Don't Forget Me,Rea Frey,book_d7e97d2767073e92,"Forget Me Not (Catalina Cove, #2)",Brenda Jackson
2538,2887,0.60130215,book_764e4764c7f2ca18,Don't Forget Me,Rea Frey,book_61f4edce0fe7bbca,The Sweetness of Forgetting,Kristin Harmel
2539,2674,0.6208075,book_6b91fc55958fe403,A Friend in the Dark,Samantha M. Bailey,book_20c735cbc719eefd,"The Way I Used to Be (The Way I Used to Be, #1)",Amber Smith
2539,3256,0.6062348,book_6b91fc55958fe403,A Friend in the Dark,Samantha M. Bailey,book_f69d4cf9d33827e4,"Thoughtless (Thoughtless, #1)",S.C. Stephens
2544,3252,0.64297235,book_783f48093134cf43,Alley of Scented Roses,Abbas Mehran,book_2fe602575d776bd1,The Language of Flowers,Vanessa Diffenbaugh
2544,2644,0.60738844,book_783f48093134cf43,Alley of Scented Roses,Abbas Mehran,book_9c47a5a5442ed69e,The Scent Keeper,Erica Bauermeister
2547,3035,0.60664034,book_909b369cad2d7d01,Did I Ever Tell You?,Genevieve Kingston,book_94ea75d87f1f15f0,Truths I Never Told You,Kelly Rimmer
2554,2719,0.63815427,book_ead09587acad8e48,Change the Story of Your Health: Using Shamanic and Jungian Techniques for Healing,Carl Greer,book_99d2929c824dc27a,The Wheel of Healing with Ayurveda: An Easy Guide to a Healthy Lifestyle,Michelle S. Fondin
2554,2593,0.6369468,book_ead09587acad8e48,Change the Story of Your Health: Using Shamanic and Jungian Techniques for Healing,Carl Greer,book_493e62d1377f4027,What It Takes to Heal: How Transforming Ourselves Can Change the World,Prentis Hemphill
2559,3114,0.6127348,book_4040f524a7fe31f6,Saving Raine,Marian L. Thomas,book_bba47f0f3f7c98bc,Change of Heart,Jodi Picoult
2567,2612,0.63848805,book_6e94a2603e0c34c3,The Paris Gown,Christine Wells,book_b300e488f70c2c57,The Paris Widow,Kimberly Belle
2573,2718,0.65954095,book_be2b6ff3d285f6fb,"What Lies in Darkness (Jess Lambert, #2)",Christina McDonald,book_a147327db41b3e06,"The Shadow Girls (Natalie Lockhart, #4)",Alice Blanchard
2573,3080,0.6564124,book_be2b6ff3d285f6fb,"What Lies in Darkness (Jess Lambert, #2)",Christina McDonald,book_949c190140cfc492,Under Lying,Janelle Harris
2573,3208,0.6458124,book_be2b6ff3d285f6fb,"What Lies in Darkness (Jess Lambert, #2)",Christina McDonald,book_ae31cddaa8daa9ef,Dark Places,Gillian Flynn
2573,3130,0.6358377,book_be2b6ff3d285f6fb,"What Lies in Darkness (Jess Lambert, #2)",Christina McDonald,book_eef5d992d45497bf,"Truth and Lies (DI Amy Winter, #1)",Caroline Mitchell
2573,2646,0.6343789,book_be2b6ff3d285f6fb,"What Lies in Darkness (Jess Lambert, #2)",Christina McDonald,book_ace6863ffa630ab0,What Lies in the Woods,Kate Alice Marshall
2573,2890,0.63076454,book_be2b6ff3d285f6fb,"What Lies in Darkness (Jess Lambert, #2)",Christina McDonald,book_eb2ef3384ac32906,The Night She Disappeared,Lisa Jewell
2573,2597,0.629097,book_be2b6ff3d285f6fb,"What Lies in Darkness (Jess Lambert, #2)",Christina McDonald,book_a38f6d53eed20e53,The Darkest Water,Mark Edwards
2575,3098,0.6082785,book_c2034dc6505bd729,The Other Side of Disappearing,Kate Clayborn,book_878a140c5b9ba41f,"The Vanishing Season (The Collector, #4)",Dot Hutchison
1864,2576,0.61872375,book_276f80d1a72dbdb7,"Just Playing for Keeps (Hockey Ever After, #2)",Lauren Blakely,book_c5a05db853030309,"Pucking Wild (Jacksonville Rays Hockey, #2)",Emily Rath
2578,3013,0.6426444,book_950124bc5a2cbf74,"Never Come Back (Nora McTavish, #2)",Joe Hart,book_caa04db30fdca072,This Secret Thing,Marybeth Mayhew Whalen
2578,2916,0.62255645,book_950124bc5a2cbf74,"Never Come Back (Nora McTavish, #2)",Joe Hart,book_60c34104a1621021,One Year Gone,Avery Bishop
2578,3098,0.6123967,book_950124bc5a2cbf74,"Never Come Back (Nora McTavish, #2)",Joe Hart,book_878a140c5b9ba41f,"The Vanishing Season (The Collector, #4)",Dot Hutchison
2578,3099,0.60900104,book_950124bc5a2cbf74,"Never Come Back (Nora McTavish, #2)",Joe Hart,book_64160eacd6cde831,When Never Comes,Barbara Davis
2579,3089,0.64266765,book_b4ef03393c16b15f,When She Was Me,Marlee Bush,book_a7f2d89fa8898377,Unspeakable Things,Jess Lourey
2579,3100,0.6302652,book_b4ef03393c16b15f,When She Was Me,Marlee Bush,book_67232b2e579d8c83,"If You Tell: A True Story of Murder, Family Secrets, and the Unbreakable Bond of Sisterhood",Gregg Olsen
2579,2774,0.6263427,book_b4ef03393c16b15f,When She Was Me,Marlee Bush,book_454f146c813b3481,More Than You'll Ever Know,Katie Gutierrez
2583,3024,0.6450542,book_9ad173179409d165,I Thought I Knew: A Women's Fiction Novel,Melissa Trombetta,book_8a38ee0463c96cc8,I Know Who You Are,Alice Feeney
2590,2593,0.6036397,book_fbc15cc29f20135a,"Rediscover Your Wisdom: Drawing on Answers from Your Past to Achieve Self-improvement, Growth, and Success",Rabbi Joel Stein,book_493e62d1377f4027,What It Takes to Heal: How Transforming Ourselves Can Change the World,Prentis Hemphill
2596,2933,0.6121689,book_6ba4841b0f160788,"Camino Ghosts (Camino Island, #3)",John Grisham,book_842c3aecb4c93d6d,Her Dark Lies,J.T. Ellison
2597,3034,0.63689184,book_a38f6d53eed20e53,The Darkest Water,Mark Edwards,book_4988638eb1cdc64c,"Redemption Lake (A Winston Radhauser Mystery, #1)",Susan Clayton-Goldner
2606,2930,0.64416933,book_511744b040b709fd,The Most Fun We Ever Had,Claire Lombardo,book_f6ab898547df100a,The Family Next Door,Sally Hepworth
2606,3091,0.61511517,book_511744b040b709fd,The Most Fun We Ever Had,Claire Lombardo,book_1d4f3d4df5a7b5ae,Regretting You,Colleen Hoover
2606,3118,0.6057684,book_511744b040b709fd,The Most Fun We Ever Had,Claire Lombardo,book_47e56a188b222b5b,Tender Morsels,Margo Lanagan
1262,2609,0.60237956,book_d52bfbb677db889d,By Any Other Name,Lauren Kate,book_c76028f759aa18e2,"Tell Me Everything (Amgash, #5)",Elizabeth Strout
2612,2691,0.68020475,book_b300e488f70c2c57,The Paris Widow,Kimberly Belle,book_2c8f5e440aa42552,The Prisoner,B.A. Paris
2612,3105,0.62038064,book_b300e488f70c2c57,The Paris Widow,Kimberly Belle,book_096cc409483ac0ff,Lying Next to Me,Gregg Olsen
2052,2615,0.6295526,book_7496475d16b288b0,Deep Dark Truth,Debra Webb,book_d91c48a638bc1b8c,Bright Young Women,Jessica Knoll
201,2615,0.615901,book_512eec1f0e386c41,Sharp Objects,Gillian Flynn,book_d91c48a638bc1b8c,Bright Young Women,Jessica Knoll
2618,3165,0.6300566,book_297380d3c522f0e9,The Things We Leave Unfinished,Rebecca Yarros,book_632d0537ea3cae52,"Everything We Keep (Everything, #1)",Kerry Lonsdale
2618,3290,0.61452556,book_297380d3c522f0e9,The Things We Leave Unfinished,Rebecca Yarros,book_accaee5cb1be6d81,"The Notebook (The Notebook, #1)",Nicholas Sparks
2621,2622,0.60521865,book_6798de89a9ca842e,The Senator's Wife,Liv Constantine,book_d7890a6c31d48ece,"The Last Mrs. Parrish (Mrs. Parrish, #1)",Liv Constantine
2625,3165,0.66638696,book_73f8afc91af668f8,All the Breaking Waves,Kerry Lonsdale,book_632d0537ea3cae52,"Everything We Keep (Everything, #1)",Kerry Lonsdale
2628,2767,0.9722041,book_2558fb0e2cb80bab,I Have Some Questions for You,Rebecca Makkai,book_cb14ff4039308659,I Have Some Questions for You,Rebecca Makkai
2630,2631,0.6285385,book_a5addff4af533f10,The Secret Recipe of Ella Dove (Dove Pond #3),Karen Hawkins,book_6df4c74a9c785e39,A Cup of Silver Linings (Dove Pond #2),Karen Hawkins
2634,2909,0.6342599,book_ac177d5451a532b7,Drowning,T.J. Newman,book_b307461b4eb7e958,Falling,T.J. Newman
2635,2656,0.647449,book_5fe1fe2398331939,"The Maid (Molly the Maid, #1)",Nita Prose,book_4e96b3a2c3164154,The Maid's Diary,Loreth Anne White
2643,3036,0.634519,book_449afbaa2fe43727,The Collected Regrets of Clover,Mikki Brammer,book_76c9f3e8a8d9bb93,Eleanor Oliphant Is Completely Fine,Gail Honeyman
2646,2718,0.6592808,book_ace6863ffa630ab0,What Lies in the Woods,Kate Alice Marshall,book_a147327db41b3e06,"The Shadow Girls (Natalie Lockhart, #4)",Alice Blanchard
2052,2646,0.60808456,book_7496475d16b288b0,Deep Dark Truth,Debra Webb,book_ace6863ffa630ab0,What Lies in the Woods,Kate Alice Marshall
2646,2925,0.6034074,book_ace6863ffa630ab0,What Lies in the Woods,Kate Alice Marshall,book_bffcf26d4969eac8,Girls of Glass,Brianna Labuskes
2647,3129,0.6118775,book_fcefba4f3f4ef78f,"Bright Lights, Big Christmas",Mary Kay Andrews,book_85432fa7984e3ba7,Holiday Sparks: A Steamy Small Town Contemporary Romance Novella,Shannon Stacey
2656,2925,0.6015824,book_4e96b3a2c3164154,The Maid's Diary,Loreth Anne White,book_bffcf26d4969eac8,Girls of Glass,Brianna Labuskes
2659,2687,0.6147072,book_845fc5606c3fddd1,4 Riverside Close,Diana Wilkinson,book_ee0b21a7abb0d8ac,What the Neighbors Saw,Melissa Adelman
2663,2851,0.6139169,book_1e83fbaafefe0906,The Leftover Woman,Jean Kwok,book_c4c36f99b0cfb519,The Vanishing Half,Brit Bennett
1051,2663,0.6122016,book_54270bcaf3497de8,The Wife App,Carolyn Mackler,book_1e83fbaafefe0906,The Leftover Woman,Jean Kwok
2663,2711,0.6024566,book_1e83fbaafefe0906,The Leftover Woman,Jean Kwok,book_f2826a519130c1b8,Two by Two,Nicholas Sparks
2666,3048,0.6570852,book_8669ce2550c837b7,A Twisted Love Story,Samantha Downing,book_34764fbf0a7c9710,My Lovely Wife,Samantha Downing
2666,3070,0.62760204,book_8669ce2550c837b7,A Twisted Love Story,Samantha Downing,book_c268a26f8e60f455,"Devotion (The Hunted, #4)",Ivy Smoak
2666,3003,0.6195862,book_8669ce2550c837b7,A Twisted Love Story,Samantha Downing,book_d60c5b3ea4323cee,It's Always the Husband,Michele Campbell
2666,3025,0.6176896,book_8669ce2550c837b7,A Twisted Love Story,Samantha Downing,book_631ea4957281d5cd,Want,Lynn Steger Strong
2666,3248,0.61334,book_8669ce2550c837b7,A Twisted Love Story,Samantha Downing,book_a3ff797fa19e20a7,"This Girl (Slammed, #3)",Colleen Hoover
1699,2666,0.6111342,book_ebf560b2a59cde0b,What We Found Instead: A Novel,Heidi Reimer,book_8669ce2550c837b7,A Twisted Love Story,Samantha Downing
2666,2748,0.605707,book_8669ce2550c837b7,A Twisted Love Story,Samantha Downing,book_bb0d59603e755f0a,Love and Other Words,Christina Lauren
2667,2973,0.62410355,book_38f364cde5a19e30,The Perfect Son,Freida McFadden,book_7202030fe25625cc,All the Missing Girls,Megan Miranda
2667,3080,0.6240845,book_38f364cde5a19e30,The Perfect Son,Freida McFadden,book_949c190140cfc492,Under Lying,Janelle Harris
2667,3142,0.60074145,book_38f364cde5a19e30,The Perfect Son,Freida McFadden,book_4810b011401f52b4,"The Perfect Child (Hannah Bauer, #1)",Lucinda Berry
2672,2850,0.6464039,book_12985e93d8732efa,Just Another Missing Person,Gillian McAllister,book_13da1624c2c88cc5,"Trust No One (Devlin & Falco, #1)",Debra Webb
2672,3024,0.6430491,book_12985e93d8732efa,Just Another Missing Person,Gillian McAllister,book_8a38ee0463c96cc8,I Know Who You Are,Alice Feeney
2672,2857,0.6289656,book_12985e93d8732efa,Just Another Missing Person,Gillian McAllister,book_5f66b229ede68a95,"Before She Disappeared (Frankie Elkin, #1)",Lisa Gardner
2672,2698,0.6091836,book_12985e93d8732efa,Just Another Missing Person,Gillian McAllister,book_ace9b6920a621f05,The Missing Girl,Kerry McGinnis
2672,2888,0.60914314,book_12985e93d8732efa,Just Another Missing Person,Gillian McAllister,book_14237994881b573b,Local Woman Missing,Mary Kubica
201,2672,0.6085447,book_512eec1f0e386c41,Sharp Objects,Gillian Flynn,book_12985e93d8732efa,Just Another Missing Person,Gillian McAllister
2672,3080,0.60591483,book_12985e93d8732efa,Just Another Missing Person,Gillian McAllister,book_949c190140cfc492,Under Lying,Janelle Harris
1699,2672,0.6036719,book_ebf560b2a59cde0b,What We Found Instead: A Novel,Heidi Reimer,book_12985e93d8732efa,Just Another Missing Person,Gillian McAllister
2676,2712,0.6130561,book_ce0d0053a7255b3e,One True Loves,Taylor Jenkins Reid,book_64e5e45e9c3a6087,The Love of My Life,Rosie Walsh
2676,2689,0.6127919,book_ce0d0053a7255b3e,One True Loves,Taylor Jenkins Reid,book_054ee1ab88a65d67,After I Do,Taylor Jenkins Reid
2677,2882,0.6055285,book_52b0f885d0e45ed8,How Not to Drown in a Glass of Water,Angie Cruz,book_87db0c75b3c43357,The Drowning Kind,Jennifer McMahon
2680,2682,0.7120482,book_572526a8a30ad4a1,"When She Was Good (Cyrus Haven, #2)",Michael Robotham,book_586a3c22aeccfb63,"Good Girl, Bad Girl (Cyrus Haven, #1)",Michael Robotham
2682,3104,0.6417923,book_586a3c22aeccfb63,"Good Girl, Bad Girl (Cyrus Haven, #1)",Michael Robotham,book_a0d90a61b51d17c4,The Girl Who Lived,Christopher Greyson
2682,2727,0.6187277,book_586a3c22aeccfb63,"Good Girl, Bad Girl (Cyrus Haven, #1)",Michael Robotham,book_56e682f2c5eefd93,"A Good Girl's Guide to Murder (A Good Girl's Guide to Murder, #1)",Holly Jackson
2684,2699,0.60314226,book_13615b9e62e2ba32,Other Birds,Sarah Addison Allen,book_3aecf037a9f714d0,Midnight at the Blackbird Café,Heather Webber
2685,3100,0.67458254,book_c223c6f17f364762,Pretty Girls,Karin Slaughter,book_67232b2e579d8c83,"If You Tell: A True Story of Murder, Family Secrets, and the Unbreakable Bond of Sisterhood",Gregg Olsen
2685,2996,0.62188375,book_c223c6f17f364762,Pretty Girls,Karin Slaughter,book_6aef027d248e2c3a,Pretty Things,Janelle Brown
1705,2685,0.6211091,book_f5947a784ae514ed,They Say a Girl Died Here,Sarah Pinborough,book_c223c6f17f364762,Pretty Girls,Karin Slaughter
201,2685,0.6158447,book_512eec1f0e386c41,Sharp Objects,Gillian Flynn,book_c223c6f17f364762,Pretty Girls,Karin Slaughter
2685,3304,0.6053934,book_c223c6f17f364762,Pretty Girls,Karin Slaughter,book_a9a5cf54d893873d,"Never Have I Ever (The Lying Game, #2)",Sara Shepard
2685,2870,0.60497355,book_c223c6f17f364762,Pretty Girls,Karin Slaughter,book_26c45446d2b85ad8,Unmissing,Minka Kent
2685,3016,0.6001127,book_c223c6f17f364762,Pretty Girls,Karin Slaughter,book_4d753b2ba02d5415,Dear Wife,Kimberly Belle
2687,2930,0.6425736,book_ee0b21a7abb0d8ac,What the Neighbors Saw,Melissa Adelman,book_f6ab898547df100a,The Family Next Door,Sally Hepworth
2687,2953,0.61528856,book_ee0b21a7abb0d8ac,What the Neighbors Saw,Melissa Adelman,book_90c5b294dcafb63e,The Last House Guest,Megan Miranda
2689,3165,0.6145555,book_054ee1ab88a65d67,After I Do,Taylor Jenkins Reid,book_632d0537ea3cae52,"Everything We Keep (Everything, #1)",Kerry Lonsdale
2689,3233,0.6133994,book_054ee1ab88a65d67,After I Do,Taylor Jenkins Reid,book_2c0227e5d9f1cbfb,"The Marriage Bargain (Marriage to a Billionaire, #1)",Jennifer Probst
2689,2712,0.6007935,book_054ee1ab88a65d67,After I Do,Taylor Jenkins Reid,book_64e5e45e9c3a6087,The Love of My Life,Rosie Walsh
2696,3216,0.99730456,book_c0ff09472d554f7f,The Kind Worth Killing (Henry Kimball/Lily Kintner #1),Peter Swanson,book_f93ad6a2b69a0311,"The Kind Worth Killing (Henry Kimball/Lily Kintner, #1)",Peter Swanson
2697,3155,0.70800805,book_02c257a6025f82bd,"The Perfect Marriage (Perfect, #1)",Jeneva Rose,book_8de80053253a6e1e,"All Your Perfects (Hopeless, #3)",Colleen Hoover
2697,2929,0.6794298,book_02c257a6025f82bd,"The Perfect Marriage (Perfect, #1)",Jeneva Rose,book_926fb4c2a8932013,The Perfect Marriage,Adam Mitzner
2697,2923,0.617836,book_02c257a6025f82bd,"The Perfect Marriage (Perfect, #1)",Jeneva Rose,book_59eafa28cf33152f,The Guilty Husband,Stephanie DeCarolis
2698,2973,0.63517976,book_ace9b6920a621f05,The Missing Girl,Kerry McGinnis,book_7202030fe25625cc,All the Missing Girls,Megan Miranda
2698,2890,0.6240489,book_ace9b6920a621f05,The Missing Girl,Kerry McGinnis,book_eb2ef3384ac32906,The Night She Disappeared,Lisa Jewell
2698,2872,0.61775845,book_ace9b6920a621f05,The Missing Girl,Kerry McGinnis,book_e5c7ae6c7336a6d0,The Thinnest Air,Minka Kent
2698,2700,0.61575925,book_ace9b6920a621f05,The Missing Girl,Kerry McGinnis,book_259c2f442d407dea,Leaving Time,Jodi Picoult
201,2698,0.6132922,book_512eec1f0e386c41,Sharp Objects,Gillian Flynn,book_ace9b6920a621f05,The Missing Girl,Kerry McGinnis
2700,2916,0.6772567,book_259c2f442d407dea,Leaving Time,Jodi Picoult,book_60c34104a1621021,One Year Gone,Avery Bishop
2700,2982,0.6457271,book_259c2f442d407dea,Leaving Time,Jodi Picoult,book_ca32ad130908b22a,Then She Was Gone,Lisa Jewell
201,2700,0.60883576,book_512eec1f0e386c41,Sharp Objects,Gillian Flynn,book_259c2f442d407dea,Leaving Time,Jodi Picoult
1830,2700,0.60677636,book_17ce3a678f1fce02,Famous Last Words,Gillian McAllister,book_259c2f442d407dea,Leaving Time,Jodi Picoult
2710,3008,0.6339061,book_64af63a84b336db9,If This Is Love,Jewel E. Ann,book_85fd645a6326ab04,"Wife (Betrothed, #1)",Penelope Sky
2710,2906,0.6075578,book_64af63a84b336db9,If This Is Love,Jewel E. Ann,book_ca655cae204e6054,"You Love Me (You, #3)",Caroline Kepnes
2710,3006,0.6017847,book_64af63a84b336db9,If This Is Love,Jewel E. Ann,book_242b0065d927a8b4,Husband (Betrothed #2),Penelope Sky
2711,3288,0.6576219,book_f2826a519130c1b8,Two by Two,Nicholas Sparks,book_513103c9f6b97f96,The Last Song,Nicholas Sparks
2711,3109,0.65322626,book_f2826a519130c1b8,Two by Two,Nicholas Sparks,book_d6f82c96b4ea73d4,Every Breath,Nicholas Sparks
2711,3207,0.6356802,book_f2826a519130c1b8,Two by Two,Nicholas Sparks,book_4580312c030a84f4,See Me,Nicholas Sparks
2711,3282,0.6030476,book_f2826a519130c1b8,Two by Two,Nicholas Sparks,book_06071b65deed7f25,The Rescue,Nicholas Sparks
2711,3289,0.6022068,book_f2826a519130c1b8,Two by Two,Nicholas Sparks,book_a3aac880b14c8777,Dear John,Nicholas Sparks
2712,3220,0.6522821,book_64e5e45e9c3a6087,The Love of My Life,Rosie Walsh,book_e5efe3be97475860,Love the One You're With,Emily Giffin
1699,2712,0.6094048,book_ebf560b2a59cde0b,What We Found Instead: A Novel,Heidi Reimer,book_64e5e45e9c3a6087,The Love of My Life,Rosie Walsh
2715,3035,0.6388477,book_6f2083d3d5a2ae49,Things I Wish I Told My Mother,Susan Patterson,book_94ea75d87f1f15f0,Truths I Never Told You,Kelly Rimmer
2718,3089,0.6307337,book_a147327db41b3e06,"The Shadow Girls (Natalie Lockhart, #4)",Alice Blanchard,book_a7f2d89fa8898377,Unspeakable Things,Jess Lourey
2052,2718,0.62913615,book_7496475d16b288b0,Deep Dark Truth,Debra Webb,book_a147327db41b3e06,"The Shadow Girls (Natalie Lockhart, #4)",Alice Blanchard
2718,2816,0.61405176,book_a147327db41b3e06,"The Shadow Girls (Natalie Lockhart, #4)",Alice Blanchard,book_8fb873168c5abad4,The Lost Girls of Willowbrook,Ellen Marie Wiseman
2718,3130,0.6085957,book_a147327db41b3e06,"The Shadow Girls (Natalie Lockhart, #4)",Alice Blanchard,book_eef5d992d45497bf,"Truth and Lies (DI Amy Winter, #1)",Caroline Mitchell
2718,3104,0.6003577,book_a147327db41b3e06,"The Shadow Girls (Natalie Lockhart, #4)",Alice Blanchard,book_a0d90a61b51d17c4,The Girl Who Lived,Christopher Greyson
2719,2898,0.6213361,book_99d2929c824dc27a,The Wheel of Healing with Ayurveda: An Easy Guide to a Healthy Lifestyle,Michelle S. Fondin,book_f25634320043a99a,8 Weeks to Optimum Health: A Proven Program for Taking Full Advantage of Your Body's Natural Healing Power,Andrew Weil
2573,2722,0.61482114,book_be2b6ff3d285f6fb,"What Lies in Darkness (Jess Lambert, #2)",Christina McDonald,book_8cf56b09caff88cd,Daisy Darker,Alice Feeney
2724,2876,0.6033698,book_c04bb890b01cd9b5,Just the Nicest Couple,Mary Kubica,book_ccd8698693662b9d,The Golden Couple,Greer Hendricks
2727,2755,0.6691863,book_56e682f2c5eefd93,"A Good Girl's Guide to Murder (A Good Girl's Guide to Murder, #1)",Holly Jackson,book_63e3514c8a67f140,Twenty Years Later,Charlie Donlea
2727,3173,0.66630197,book_56e682f2c5eefd93,"A Good Girl's Guide to Murder (A Good Girl's Guide to Murder, #1)",Holly Jackson,book_83bf078804402d3c,"In the Clearing (Tracy Crosswhite, #3)",Robert Dugoni
2727,2957,0.6457937,book_56e682f2c5eefd93,"A Good Girl's Guide to Murder (A Good Girl's Guide to Murder, #1)",Holly Jackson,book_5f28859ea5f3c66a,"Case Histories (Jackson Brodie, #1)",Kate Atkinson
2727,3045,0.6306531,book_56e682f2c5eefd93,"A Good Girl's Guide to Murder (A Good Girl's Guide to Murder, #1)",Holly Jackson,book_b1ae8bb7086d9a09,Eight Perfect Murders,Peter Swanson
2727,3104,0.62644875,book_56e682f2c5eefd93,"A Good Girl's Guide to Murder (A Good Girl's Guide to Murder, #1)",Holly Jackson,book_a0d90a61b51d17c4,The Girl Who Lived,Christopher Greyson
2727,2752,0.6182134,book_56e682f2c5eefd93,"A Good Girl's Guide to Murder (A Good Girl's Guide to Murder, #1)",Holly Jackson,book_6d333ee6fa4397ef,"A Rose for Her Grave and Other True Cases (Crime Files, #1)",Ann Rule
2727,2849,0.6029407,book_56e682f2c5eefd93,"A Good Girl's Guide to Murder (A Good Girl's Guide to Murder, #1)",Holly Jackson,book_e1bbe589cd6b29b6,Her Final Words,Brianna Labuskes
2727,3130,0.6026026,book_56e682f2c5eefd93,"A Good Girl's Guide to Murder (A Good Girl's Guide to Murder, #1)",Holly Jackson,book_eef5d992d45497bf,"Truth and Lies (DI Amy Winter, #1)",Caroline Mitchell
2729,2736,0.6946901,book_6d156c0345ab6456,"Surrendering to Hunt (Wyoming Wilde, #2)",Jennifer Ryan,book_81ba4eef78ece9a5,Chase Wilde Comes Home (Wyoming Wilde #1),Jennifer Ryan
2732,2755,0.6214136,book_67f6cc9b38c110b6,The Second Husband,Kate White,book_63e3514c8a67f140,Twenty Years Later,Charlie Donlea
1277,2747,0.6033194,book_cc4a741f87709d7c,Book Lovers,Emily Henry,book_0db4ef745ee5e46d,One of Us Is Dead,Jeneva Rose
2748,3220,0.60229695,book_bb0d59603e755f0a,Love and Other Words,Christina Lauren,book_e5efe3be97475860,Love the One You're With,Emily Giffin
2749,3185,0.6910136,book_92ce408b7dc8320b,"Exiles (Aaron Falk, #3)",Jane Harper,book_c8a50f2a811100ef,"The Dry (Aaron Falk, #1)",Jane Harper
2749,3199,0.66071355,book_92ce408b7dc8320b,"Exiles (Aaron Falk, #3)",Jane Harper,book_e8459726cf1d2f72,"The Dry (Aaron Falk, #1)",Jane Harper
2751,3193,0.64147276,book_e702f5548161961d,"There Are No Saints (Sinners, #1)",Sophie Lark,book_39c320bc9d7f0b1c,"Vicious (Sinners of Saint, #1)",L.J. Shen
2752,2800,0.628446,book_6d333ee6fa4397ef,"A Rose for Her Grave and Other True Cases (Crime Files, #1)",Ann Rule,book_d6187153151b1008,The Killing Song (Dr. Jo McCready #2),Lesley Mcevoy
2752,2839,0.6188961,book_6d333ee6fa4397ef,"A Rose for Her Grave and Other True Cases (Crime Files, #1)",Ann Rule,book_a2d0212c70b88020,The Murder Mile,Lesley Mcevoy
2752,3045,0.61298823,book_6d333ee6fa4397ef,"A Rose for Her Grave and Other True Cases (Crime Files, #1)",Ann Rule,book_b1ae8bb7086d9a09,Eight Perfect Murders,Peter Swanson
2755,3083,0.66790915,book_63e3514c8a67f140,Twenty Years Later,Charlie Donlea,book_a7574ec64ef70377,"Hide and Seek (Criminal Profiler, #4)",Mary Burton
2755,3125,0.6613938,book_63e3514c8a67f140,Twenty Years Later,Charlie Donlea,book_9009ec7479100590,Verity,Colleen Hoover
2755,3130,0.65545225,book_63e3514c8a67f140,Twenty Years Later,Charlie Donlea,book_eef5d992d45497bf,"Truth and Lies (DI Amy Winter, #1)",Caroline Mitchell
2755,3300,0.6331681,book_63e3514c8a67f140,Twenty Years Later,Charlie Donlea,book_db68bab15660423e,"Hide and Seek (The Lying Game, #4)",Sara Shepard
2755,3211,0.6310531,book_63e3514c8a67f140,Twenty Years Later,Charlie Donlea,book_f64e4639504bcc35,"The Silent Sister (Riley MacPherson, #1)",Diane Chamberlain
2755,2927,0.6302488,book_63e3514c8a67f140,Twenty Years Later,Charlie Donlea,book_f5efeebf3ef34eeb,"A Familiar Sight (Dr. Gretchen White, #1)",Brianna Labuskes
2755,3173,0.62537086,book_63e3514c8a67f140,Twenty Years Later,Charlie Donlea,book_83bf078804402d3c,"In the Clearing (Tracy Crosswhite, #3)",Robert Dugoni
2755,2916,0.6249951,book_63e3514c8a67f140,Twenty Years Later,Charlie Donlea,book_60c34104a1621021,One Year Gone,Avery Bishop
2755,2850,0.6237049,book_63e3514c8a67f140,Twenty Years Later,Charlie Donlea,book_13da1624c2c88cc5,"Trust No One (Devlin & Falco, #1)",Debra Webb
2762,2808,0.6740798,book_54db20d784c20e50,Everything Happens for a Reason: And Other Lies I've Loved,Kate Bowler,book_3aed8d4020aefaa2,No Cure for Being Human: (And Other Truths I Need to Hear),Kate Bowler
2768,3022,0.60406315,book_fcd7efe8a11d30ca,Looking for Jane,Heather Marshall,book_57b183d7da9f11fd,Where They Found Her,Kimberly McCreight
2772,3193,0.62824184,book_3fb5a9b70ff12d96,"Twisted Hate (Twisted, #3)",Ana Huang,book_39c320bc9d7f0b1c,"Vicious (Sinners of Saint, #1)",L.J. Shen
2147,2778,0.6142446,book_6d3e91c4a8782b04,How to Kill a Crime Writer,Sarah Lotz,book_43b3bf7032efabaf,Notes on an Execution,Danya Kukafka
2778,3085,0.61352384,book_43b3bf7032efabaf,Notes on an Execution,Danya Kukafka,book_0152b8425ff0f80d,"Dead End Girl (Violet Darger, #1)",L.T. Vargus
2778,3104,0.6018395,book_43b3bf7032efabaf,Notes on an Execution,Danya Kukafka,book_a0d90a61b51d17c4,The Girl Who Lived,Christopher Greyson
2787,3053,0.6178452,book_3670577207adfb26,Tell Me Lies,Carola Lovering,book_909105c0e0598420,"The Opportunist (Love Me with Lies, #1)",Tarryn Fisher
2787,3135,0.60890687,book_3670577207adfb26,Tell Me Lies,Carola Lovering,book_0beb72076c1640af,"All the Lies We Tell (Quarry Road, #1)",Megan Hart
2789,3174,0.6331854,book_4d8acd3c8bec90c7,The Forest of Vanishing Stars,Kristin Harmel,book_ce9d1beb4dc9c1b1,"The Child Finder (Naomi Cottle, #1)",Rene Denfeld
2789,2836,0.60172826,book_4d8acd3c8bec90c7,The Forest of Vanishing Stars,Kristin Harmel,book_55ba9778dd1fd126,Where the Forest Meets the Stars,Glendy Vanderah
2798,3117,0.6447442,book_e72b04553876bd79,The Butcher,Jennifer Hillier,book_6061470e278fac0a,"My Sister's Grave (Tracy Crosswhite, #1)",Robert Dugoni
2799,2928,0.6656286,book_a9208496f884162a,The Widow,Kaira Rouda,book_2c1f3355bcde0958,The Next Wife,Kaira Rouda
2799,3234,0.6189905,book_a9208496f884162a,The Widow,Kaira Rouda,book_39dc64e8e80693b6,The Silent Wife,A.S.A. Harrison
2799,3186,0.6116987,book_a9208496f884162a,The Widow,Kaira Rouda,book_9910e91c663f9e37,The Good Widow,Liz Fenton
2800,2839,0.76791215,book_d6187153151b1008,The Killing Song (Dr. Jo McCready #2),Lesley Mcevoy,book_a2d0212c70b88020,The Murder Mile,Lesley Mcevoy
2800,3045,0.6282102,book_d6187153151b1008,The Killing Song (Dr. Jo McCready #2),Lesley Mcevoy,book_b1ae8bb7086d9a09,Eight Perfect Murders,Peter Swanson
2801,3089,0.6115104,book_85f785b9f2c1c2fb,The Quarry Girls,Jess Lourey,book_a7f2d89fa8898377,Unspeakable Things,Jess Lourey
2805,3094,0.61520857,book_446a414264c8ad2f,Shiver,Allie Reynolds,book_a75a02b7a1012b7b,An Unwanted Guest,Shari Lapena
1705,2816,0.6160164,book_f5947a784ae514ed,They Say a Girl Died Here,Sarah Pinborough,book_8fb873168c5abad4,The Lost Girls of Willowbrook,Ellen Marie Wiseman
2816,2847,0.60892075,book_8fb873168c5abad4,The Lost Girls of Willowbrook,Ellen Marie Wiseman,book_bd5e56dec0c22b06,Girls of Brackenhill,Kate Moretti
2817,2932,0.63692194,book_ffb3cae407478e01,This Might Hurt,Stephanie Wrobel,book_434bab2cc080d5b1,The Good Sister,Sally Hepworth
2828,3219,0.61413175,book_a21a00fd4cc1b678,The Younger Wife,Sally Hepworth,book_ace878d971368d4e,The Husband's Secret,Liane Moriarty
2834,2838,0.7535932,book_558fcd603f7b19c1,"The Finish Line (The Ravenhood, #3)",Kate Stewart,book_8dccd0279eadc6e2,"Flock (The Ravenhood, #1)",Kate Stewart
2834,2837,0.68022084,book_558fcd603f7b19c1,"The Finish Line (The Ravenhood, #3)",Kate Stewart,book_c3c1370009c23418,"Exodus (The Ravenhood Duet, #2)",Kate Stewart
2837,2838,0.6588813,book_c3c1370009c23418,"Exodus (The Ravenhood Duet, #2)",Kate Stewart,book_8dccd0279eadc6e2,"Flock (The Ravenhood, #1)",Kate Stewart
2147,2839,0.61799914,book_6d3e91c4a8782b04,How to Kill a Crime Writer,Sarah Lotz,book_a2d0212c70b88020,The Murder Mile,Lesley Mcevoy
2755,2839,0.6177268,book_63e3514c8a67f140,Twenty Years Later,Charlie Donlea,book_a2d0212c70b88020,The Murder Mile,Lesley Mcevoy
2845,2886,0.614609,book_f2674b76fac3f6aa,My Wife is Missing,D.J. Palmer,book_6825f26499202e53,Before I Go to Sleep,S.J. Watson
2847,2914,0.649271,book_bd5e56dec0c22b06,Girls of Brackenhill,Kate Moretti,book_c7529aa8b4aae276,What's Left Unsaid,Emily Bleeker
1705,2847,0.6308056,book_f5947a784ae514ed,They Say a Girl Died Here,Sarah Pinborough,book_bd5e56dec0c22b06,Girls of Brackenhill,Kate Moretti
2698,2847,0.60693604,book_ace9b6920a621f05,The Missing Girl,Kerry McGinnis,book_bd5e56dec0c22b06,Girls of Brackenhill,Kate Moretti
2849,2925,0.6652181,book_e1bbe589cd6b29b6,Her Final Words,Brianna Labuskes,book_bffcf26d4969eac8,Girls of Glass,Brianna Labuskes
2849,2926,0.6348939,book_e1bbe589cd6b29b6,Her Final Words,Brianna Labuskes,book_0252645051558904,It Ends with Her,Brianna Labuskes
2849,2927,0.6107396,book_e1bbe589cd6b29b6,Her Final Words,Brianna Labuskes,book_f5efeebf3ef34eeb,"A Familiar Sight (Dr. Gretchen White, #1)",Brianna Labuskes
1705,2849,0.604261,book_f5947a784ae514ed,They Say a Girl Died Here,Sarah Pinborough,book_e1bbe589cd6b29b6,Her Final Words,Brianna Labuskes
2849,3098,0.6025025,book_e1bbe589cd6b29b6,Her Final Words,Brianna Labuskes,book_878a140c5b9ba41f,"The Vanishing Season (The Collector, #4)",Dot Hutchison
2052,2850,0.63031197,book_7496475d16b288b0,Deep Dark Truth,Debra Webb,book_13da1624c2c88cc5,"Trust No One (Devlin & Falco, #1)",Debra Webb
2850,3083,0.6175736,book_13da1624c2c88cc5,"Trust No One (Devlin & Falco, #1)",Debra Webb,book_a7574ec64ef70377,"Hide and Seek (Criminal Profiler, #4)",Mary Burton
2850,3173,0.61603343,book_13da1624c2c88cc5,"Trust No One (Devlin & Falco, #1)",Debra Webb,book_83bf078804402d3c,"In the Clearing (Tracy Crosswhite, #3)",Robert Dugoni
201,2850,0.61292976,book_512eec1f0e386c41,Sharp Objects,Gillian Flynn,book_13da1624c2c88cc5,"Trust No One (Devlin & Falco, #1)",Debra Webb
2850,3130,0.60607076,book_13da1624c2c88cc5,"Trust No One (Devlin & Falco, #1)",Debra Webb,book_eef5d992d45497bf,"Truth and Lies (DI Amy Winter, #1)",Caroline Mitchell
2850,3080,0.602726,book_13da1624c2c88cc5,"Trust No One (Devlin & Falco, #1)",Debra Webb,book_949c190140cfc492,Under Lying,Janelle Harris
2852,3317,0.7772156,book_8526c391c4af233f,Fly Away (Firefly Lane #2),Kristin Hannah,book_6c53b9f802282b79,"Firefly Lane (Firefly Lane, #1)",Kristin Hannah
2055,2855,0.6074469,book_178e1edb31c61e73,The Lost Summer: A Novel (Haven Cliff Book 2),Wendy Corsi Staub,book_122817454942e78e,Goodnight June,Sarah Jio
2855,3291,0.6035859,book_122817454942e78e,Goodnight June,Sarah Jio,book_11fd0b8402c2118a,The Peach Keeper,Sarah Addison Allen
2857,2868,0.7417534,book_5f66b229ede68a95,"Before She Disappeared (Frankie Elkin, #1)",Lisa Gardner,book_38d2c6fd89cfa7ed,"One Step Too Far (Frankie Elkin, #2)",Lisa Gardner
2857,2888,0.6938443,book_5f66b229ede68a95,"Before She Disappeared (Frankie Elkin, #1)",Lisa Gardner,book_14237994881b573b,Local Woman Missing,Mary Kubica
2857,2982,0.64118254,book_5f66b229ede68a95,"Before She Disappeared (Frankie Elkin, #1)",Lisa Gardner,book_ca32ad130908b22a,Then She Was Gone,Lisa Jewell
2857,3098,0.6262802,book_5f66b229ede68a95,"Before She Disappeared (Frankie Elkin, #1)",Lisa Gardner,book_878a140c5b9ba41f,"The Vanishing Season (The Collector, #4)",Dot Hutchison
2857,3083,0.6094258,book_5f66b229ede68a95,"Before She Disappeared (Frankie Elkin, #1)",Lisa Gardner,book_a7574ec64ef70377,"Hide and Seek (Criminal Profiler, #4)",Mary Burton
2861,3267,0.60090166,book_cb241db4b5c5be25,June First,Jennifer Hartmann,book_8e28bb790fbe1431,"Pulse (Collide, #2)",Gail McHugh
2863,3016,0.6643574,book_3edf054a871bb041,The Last One Home,Victoria Helen Stone,book_4d753b2ba02d5415,Dear Wife,Kimberly Belle
2863,3080,0.6435509,book_3edf054a871bb041,The Last One Home,Victoria Helen Stone,book_949c190140cfc492,Under Lying,Janelle Harris
1899,2863,0.6103641,book_8909c2513af52fce,Decomposition Book,Sara van Os,book_3edf054a871bb041,The Last One Home,Victoria Helen Stone
2863,3300,0.60876316,book_3edf054a871bb041,The Last One Home,Victoria Helen Stone,book_db68bab15660423e,"Hide and Seek (The Lying Game, #4)",Sara Shepard
2863,3117,0.60635865,book_3edf054a871bb041,The Last One Home,Victoria Helen Stone,book_6061470e278fac0a,"My Sister's Grave (Tracy Crosswhite, #1)",Robert Dugoni
2863,3038,0.6032964,book_3edf054a871bb041,The Last One Home,Victoria Helen Stone,book_230868b59796b3d5,The Last Time I Lied,Riley Sager
2573,2863,0.6015747,book_be2b6ff3d285f6fb,"What Lies in Darkness (Jess Lambert, #2)",Christina McDonald,book_3edf054a871bb041,The Last One Home,Victoria Helen Stone
2053,2863,0.60141313,book_d65c04bbf887b688,The Missing Ones,A.R. Torre,book_3edf054a871bb041,The Last One Home,Victoria Helen Stone
2865,2880,0.6227145,book_593e7588610527e1,Wish You Were Here,Jodi Picoult,book_8af844980f2def3c,The Wish,Nicholas Sparks
2870,3082,0.68715155,book_26c45446d2b85ad8,Unmissing,Minka Kent,book_3bae106c638fb57e,When I Was You,Minka Kent
2870,2872,0.67148334,book_26c45446d2b85ad8,Unmissing,Minka Kent,book_e5c7ae6c7336a6d0,The Thinnest Air,Minka Kent
2870,3016,0.654261,book_26c45446d2b85ad8,Unmissing,Minka Kent,book_4d753b2ba02d5415,Dear Wife,Kimberly Belle
2870,3025,0.62561727,book_26c45446d2b85ad8,Unmissing,Minka Kent,book_631ea4957281d5cd,Want,Lynn Steger Strong
2872,3082,0.66629606,book_e5c7ae6c7336a6d0,The Thinnest Air,Minka Kent,book_3bae106c638fb57e,When I Was You,Minka Kent
2872,3138,0.66310745,book_e5c7ae6c7336a6d0,The Thinnest Air,Minka Kent,book_7a0323d22d27677c,"Thin Air (Jessica Shaw, #1)",Lisa Gray
2872,3016,0.62870246,book_e5c7ae6c7336a6d0,The Thinnest Air,Minka Kent,book_4d753b2ba02d5415,Dear Wife,Kimberly Belle
2872,3098,0.6178489,book_e5c7ae6c7336a6d0,The Thinnest Air,Minka Kent,book_878a140c5b9ba41f,"The Vanishing Season (The Collector, #4)",Dot Hutchison
2872,3080,0.6176647,book_e5c7ae6c7336a6d0,The Thinnest Air,Minka Kent,book_949c190140cfc492,Under Lying,Janelle Harris
1705,2872,0.6135025,book_f5947a784ae514ed,They Say a Girl Died Here,Sarah Pinborough,book_e5c7ae6c7336a6d0,The Thinnest Air,Minka Kent
2055,2872,0.60434484,book_178e1edb31c61e73,The Lost Summer: A Novel (Haven Cliff Book 2),Wendy Corsi Staub,book_e5c7ae6c7336a6d0,The Thinnest Air,Minka Kent
2872,2888,0.60271215,book_e5c7ae6c7336a6d0,The Thinnest Air,Minka Kent,book_14237994881b573b,Local Woman Missing,Mary Kubica
2877,2995,0.60822564,book_49da0fbc8904e2f5,"Chasing Cupcakes: How One Broke, Fat Girl Transformed Her Life (and How You Can, Too)",Elizabeth Benton,book_a60fefb106ffabd8,Didn't See That Coming: Putting Life Back Together When Your World Falls Apart,Rachel Hollis
2880,3109,0.61307925,book_8af844980f2def3c,The Wish,Nicholas Sparks,book_d6f82c96b4ea73d4,Every Breath,Nicholas Sparks
2885,3109,0.6053443,book_c0ec829b897d9d32,The Longest Ride,Nicholas Sparks,book_d6f82c96b4ea73d4,Every Breath,Nicholas Sparks
2888,2914,0.65812904,book_14237994881b573b,Local Woman Missing,Mary Kubica,book_c7529aa8b4aae276,What's Left Unsaid,Emily Bleeker
2888,2916,0.64197683,book_14237994881b573b,Local Woman Missing,Mary Kubica,book_60c34104a1621021,One Year Gone,Avery Bishop
1705,2888,0.6202695,book_f5947a784ae514ed,They Say a Girl Died Here,Sarah Pinborough,book_14237994881b573b,Local Woman Missing,Mary Kubica
2888,3098,0.6166083,book_14237994881b573b,Local Woman Missing,Mary Kubica,book_878a140c5b9ba41f,"The Vanishing Season (The Collector, #4)",Dot Hutchison
201,2888,0.6147063,book_512eec1f0e386c41,Sharp Objects,Gillian Flynn,book_14237994881b573b,Local Woman Missing,Mary Kubica
2888,2982,0.6108784,book_14237994881b573b,Local Woman Missing,Mary Kubica,book_ca32ad130908b22a,Then She Was Gone,Lisa Jewell
2755,2888,0.6062099,book_63e3514c8a67f140,Twenty Years Later,Charlie Donlea,book_14237994881b573b,Local Woman Missing,Mary Kubica
2888,2890,0.60589063,book_14237994881b573b,Local Woman Missing,Mary Kubica,book_eb2ef3384ac32906,The Night She Disappeared,Lisa Jewell
2889,3226,0.6733707,book_6fef5e1082ea9698,Reminders of Him,Colleen Hoover,book_18fa8253153173e6,"Losing Hope (Hopeless, #2)",Colleen Hoover
2889,3091,0.6668093,book_6fef5e1082ea9698,Reminders of Him,Colleen Hoover,book_1d4f3d4df5a7b5ae,Regretting You,Colleen Hoover
2889,3248,0.6415254,book_6fef5e1082ea9698,Reminders of Him,Colleen Hoover,book_a3ff797fa19e20a7,"This Girl (Slammed, #3)",Colleen Hoover
1830,2889,0.6081456,book_17ce3a678f1fce02,Famous Last Words,Gillian McAllister,book_6fef5e1082ea9698,Reminders of Him,Colleen Hoover
2052,2890,0.6224712,book_7496475d16b288b0,Deep Dark Truth,Debra Webb,book_eb2ef3384ac32906,The Night She Disappeared,Lisa Jewell
2890,3080,0.6157248,book_eb2ef3384ac32906,The Night She Disappeared,Lisa Jewell,book_949c190140cfc492,Under Lying,Janelle Harris
2053,2890,0.61486644,book_d65c04bbf887b688,The Missing Ones,A.R. Torre,book_eb2ef3384ac32906,The Night She Disappeared,Lisa Jewell
1899,2890,0.61132056,book_8909c2513af52fce,Decomposition Book,Sara van Os,book_eb2ef3384ac32906,The Night She Disappeared,Lisa Jewell
2891,3209,0.6188828,book_c64ce0af8ab5871f,"Fortuity (Transcend, #3)",Jewel E. Ann,book_f6cf3d3622edda31,"Beautiful Disaster (Beautiful, #1)",Jamie McGuire
2891,3193,0.6051084,book_c64ce0af8ab5871f,"Fortuity (Transcend, #3)",Jewel E. Ann,book_39c320bc9d7f0b1c,"Vicious (Sinners of Saint, #1)",L.J. Shen
2891,2895,0.6044512,book_c64ce0af8ab5871f,"Fortuity (Transcend, #3)",Jewel E. Ann,book_45e80edc94d9ee4d,Transcend (Transcend #1),Jewel E. Ann
2893,3024,0.6297033,book_4fb4deb1952c90c9,"Find Me (Ellie Hatcher, #6)",Alafair Burke,book_8a38ee0463c96cc8,I Know Who You Are,Alice Feeney
1705,2893,0.60989463,book_f5947a784ae514ed,They Say a Girl Died Here,Sarah Pinborough,book_4fb4deb1952c90c9,"Find Me (Ellie Hatcher, #6)",Alafair Burke
2055,2893,0.6081954,book_178e1edb31c61e73,The Lost Summer: A Novel (Haven Cliff Book 2),Wendy Corsi Staub,book_4fb4deb1952c90c9,"Find Me (Ellie Hatcher, #6)",Alafair Burke
2893,2914,0.60020006,book_4fb4deb1952c90c9,"Find Me (Ellie Hatcher, #6)",Alafair Burke,book_c7529aa8b4aae276,What's Left Unsaid,Emily Bleeker
2903,2904,0.726604,book_692e341230a22e04,"The Lost Fisherman (Fisherman, #2)",Jewel E. Ann,book_63f8d073507dc097,"The Naked Fisherman (Fisherman, #1)",Jewel E. Ann
2908,2915,0.65140426,book_d0596a18fe3ad688,Her Last Hope,Louise Guy,book_53692b4014a3945f,The Best of Friends,Lucinda Berry
2914,3035,0.67632437,book_c7529aa8b4aae276,What's Left Unsaid,Emily Bleeker,book_94ea75d87f1f15f0,Truths I Never Told You,Kelly Rimmer
2914,2982,0.65610856,book_c7529aa8b4aae276,What's Left Unsaid,Emily Bleeker,book_ca32ad130908b22a,Then She Was Gone,Lisa Jewell
2914,2916,0.63809603,book_c7529aa8b4aae276,What's Left Unsaid,Emily Bleeker,book_60c34104a1621021,One Year Gone,Avery Bishop
1705,2914,0.63489544,book_f5947a784ae514ed,They Say a Girl Died Here,Sarah Pinborough,book_c7529aa8b4aae276,What's Left Unsaid,Emily Bleeker
2914,3024,0.6335703,book_c7529aa8b4aae276,What's Left Unsaid,Emily Bleeker,book_8a38ee0463c96cc8,I Know Who You Are,Alice Feeney
201,2914,0.6227623,book_512eec1f0e386c41,Sharp Objects,Gillian Flynn,book_c7529aa8b4aae276,What's Left Unsaid,Emily Bleeker
2914,3022,0.61042666,book_c7529aa8b4aae276,What's Left Unsaid,Emily Bleeker,book_57b183d7da9f11fd,Where They Found Her,Kimberly McCreight
2053,2914,0.6009168,book_d65c04bbf887b688,The Missing Ones,A.R. Torre,book_c7529aa8b4aae276,What's Left Unsaid,Emily Bleeker
2916,3138,0.63784516,book_60c34104a1621021,One Year Gone,Avery Bishop,book_7a0323d22d27677c,"Thin Air (Jessica Shaw, #1)",Lisa Gray
2916,2982,0.61895835,book_60c34104a1621021,One Year Gone,Avery Bishop,book_ca32ad130908b22a,Then She Was Gone,Lisa Jewell
2916,3016,0.61881876,book_60c34104a1621021,One Year Gone,Avery Bishop,book_4d753b2ba02d5415,Dear Wife,Kimberly Belle
2177,2916,0.61466527,book_a90f54ec03024f24,Heather,Caitlin Mullen,book_60c34104a1621021,One Year Gone,Avery Bishop
2916,3098,0.61400783,book_60c34104a1621021,One Year Gone,Avery Bishop,book_878a140c5b9ba41f,"The Vanishing Season (The Collector, #4)",Dot Hutchison
2917,2946,0.67637444,book_b3f7ef5ec4bf9498,The Casanova (The Miles High Club #3),T.L. Swan,book_a8018ab220848c7c,The Takeover (The Miles High Club #2),T.L. Swan
2920,3130,0.61585325,book_19eaf0f1080d3153,The Good Lie,A.R. Torre,book_eef5d992d45497bf,"Truth and Lies (DI Amy Winter, #1)",Caroline Mitchell
2295,2920,0.60161257,book_796eee0f049f8458,Two Sides to Every Murder,Danielle Valentine,book_19eaf0f1080d3153,The Good Lie,A.R. Torre
2921,2922,0.73736256,book_14df3cb15cc56ec5,"Riding Hard (Bennett Boys Ranch, #2)",Lauren Landish,book_31d19e5ca6690757,"Buck Wild (Bennett Boys Ranch, #1)",Lauren Landish
2925,2926,0.62600845,book_bffcf26d4969eac8,Girls of Glass,Brianna Labuskes,book_0252645051558904,It Ends with Her,Brianna Labuskes
201,2925,0.6159817,book_512eec1f0e386c41,Sharp Objects,Gillian Flynn,book_bffcf26d4969eac8,Girls of Glass,Brianna Labuskes
2573,2925,0.6152962,book_be2b6ff3d285f6fb,"What Lies in Darkness (Jess Lambert, #2)",Christina McDonald,book_bffcf26d4969eac8,Girls of Glass,Brianna Labuskes
2925,3173,0.6112441,book_bffcf26d4969eac8,Girls of Glass,Brianna Labuskes,book_83bf078804402d3c,"In the Clearing (Tracy Crosswhite, #3)",Robert Dugoni
2925,3080,0.6026913,book_bffcf26d4969eac8,Girls of Glass,Brianna Labuskes,book_949c190140cfc492,Under Lying,Janelle Harris
2926,3173,0.6394666,book_0252645051558904,It Ends with Her,Brianna Labuskes,book_83bf078804402d3c,"In the Clearing (Tracy Crosswhite, #3)",Robert Dugoni
2926,2927,0.62398314,book_0252645051558904,It Ends with Her,Brianna Labuskes,book_f5efeebf3ef34eeb,"A Familiar Sight (Dr. Gretchen White, #1)",Brianna Labuskes
1987,2926,0.6030839,book_a210773b1799d99d,Hidden Nature,Nora Roberts,book_0252645051558904,It Ends with Her,Brianna Labuskes
2927,3130,0.65442634,book_f5efeebf3ef34eeb,"A Familiar Sight (Dr. Gretchen White, #1)",Brianna Labuskes,book_eef5d992d45497bf,"Truth and Lies (DI Amy Winter, #1)",Caroline Mitchell
2927,3104,0.6383065,book_f5efeebf3ef34eeb,"A Familiar Sight (Dr. Gretchen White, #1)",Brianna Labuskes,book_a0d90a61b51d17c4,The Girl Who Lived,Christopher Greyson
2927,3117,0.6113482,book_f5efeebf3ef34eeb,"A Familiar Sight (Dr. Gretchen White, #1)",Brianna Labuskes,book_6061470e278fac0a,"My Sister's Grave (Tracy Crosswhite, #1)",Robert Dugoni
2929,3233,0.60018915,book_926fb4c2a8932013,The Perfect Marriage,Adam Mitzner,book_2c0227e5d9f1cbfb,"The Marriage Bargain (Marriage to a Billionaire, #1)",Jennifer Probst
2930,3095,0.62982583,book_f6ab898547df100a,The Family Next Door,Sally Hepworth,book_0eaf6d4c7281a4b8,"The Family Upstairs (The Family Upstairs, #1)",Lisa Jewell
2930,3100,0.60211366,book_f6ab898547df100a,The Family Next Door,Sally Hepworth,book_67232b2e579d8c83,"If You Tell: A True Story of Murder, Family Secrets, and the Unbreakable Bond of Sisterhood",Gregg Olsen
2932,3300,0.63197386,book_434bab2cc080d5b1,The Good Sister,Sally Hepworth,book_db68bab15660423e,"Hide and Seek (The Lying Game, #4)",Sara Shepard
2932,3100,0.6131888,book_434bab2cc080d5b1,The Good Sister,Sally Hepworth,book_67232b2e579d8c83,"If You Tell: A True Story of Murder, Family Secrets, and the Unbreakable Bond of Sisterhood",Gregg Olsen
2939,3035,0.6047392,book_1e95ff167ba8ea18,I Let You Go,Clare Mackintosh,book_94ea75d87f1f15f0,Truths I Never Told You,Kelly Rimmer
2940,2941,0.7607656,book_52df238548290730,"Chain of Gold (The Last Hours, #1)",Cassandra Clare,book_6df6f34514dd248e,"Chain of Iron (The Last Hours, #2)",Cassandra Clare
2943,2944,0.62969756,book_dae8e1ead6858a28,"Pride, Prejudice, and Other Flavors (The Rajes, #1)",Sonali Dev,book_dc7df1365a56e239,"Recipe for Persuasion (The Rajes, #2)",Sonali Dev
2947,2967,0.6108374,book_3d768b2a24cd3283,"City of Sin (Men of Manhattan, #1)",Ivy Smoak,book_c0e8fbcea2562b47,The Light to My Darkness (The Light to My Darkness #1),Ivy Smoak
2948,2956,0.64231217,book_15232cd598ed4e5e,"The Rogue (The Moorehouse Legacy, #4)",Jessica Bird,book_99688c70dd9e2bf5,"The Rebel (The Moorehouse Legacy, #1)",J.R. Ward
2948,2952,0.6390061,book_15232cd598ed4e5e,"The Rogue (The Moorehouse Legacy, #4)",Jessica Bird,book_e10d9a1b78d16d10,"The Renegade (The Moorehouse Legacy, #3)",J.R. Ward
2952,2956,0.65810204,book_e10d9a1b78d16d10,"The Renegade (The Moorehouse Legacy, #3)",J.R. Ward,book_99688c70dd9e2bf5,"The Rebel (The Moorehouse Legacy, #1)",J.R. Ward
2952,2955,0.64162284,book_e10d9a1b78d16d10,"The Renegade (The Moorehouse Legacy, #3)",J.R. Ward,book_5c74bdc35b224aba,"The Player (The Moorehouse Legacy, #2)",J.R. Ward
2963,3070,0.6338591,book_ae2e903a589e6eb2,"This Is Love (The Light to My Darkness #3) (The Haunted, #8)",Ivy Smoak,book_c268a26f8e60f455,"Devotion (The Hunted, #4)",Ivy Smoak
2965,3070,0.6102308,book_f086e53fdf6787e2,A Whirlwind of Color (The Light to My Darkness #2),Ivy Smoak,book_c268a26f8e60f455,"Devotion (The Hunted, #4)",Ivy Smoak
2967,3071,0.6361455,book_c0e8fbcea2562b47,The Light to My Darkness (The Light to My Darkness #1),Ivy Smoak,book_4a8e2fb4149b5666,"Eruption (The Hunted, #3)",Ivy Smoak
2666,2967,0.600983,book_8669ce2550c837b7,A Twisted Love Story,Samantha Downing,book_c0e8fbcea2562b47,The Light to My Darkness (The Light to My Darkness #1),Ivy Smoak
2970,3137,0.6029494,book_fe59826cb86b5599,"Love & Olives (Love & Gelato, #3)",Jenna Evans Welch,book_4b6610b1810f80d7,"Love & Gelato (Love & Gelato, #1)",Jenna Evans Welch
2972,2975,0.68050766,book_f391df8d8f0a31a6,The Master (The Game Maker #2),Kresley Cole,book_f1da284e4dead2fa,"The Professional (The Game Maker, #1)",Kresley Cole
2973,3098,0.6249068,book_7202030fe25625cc,All the Missing Girls,Megan Miranda,book_878a140c5b9ba41f,"The Vanishing Season (The Collector, #4)",Dot Hutchison
2973,3080,0.62323797,book_7202030fe25625cc,All the Missing Girls,Megan Miranda,book_949c190140cfc492,Under Lying,Janelle Harris
2916,2973,0.60308903,book_60c34104a1621021,One Year Gone,Avery Bishop,book_7202030fe25625cc,All the Missing Girls,Megan Miranda
2979,3292,0.63764143,book_e5e58383fa41fa2e,Making Marriage Simple: Ten Relationship-Saving Truths,Harville Hendrix,book_b0db17d0ad20ddef,"His Needs, Her Needs: Building an Affair-Proof Marriage",Willard F. Harley Jr.
2982,3080,0.61371154,book_ca32ad130908b22a,Then She Was Gone,Lisa Jewell,book_949c190140cfc492,Under Lying,Janelle Harris
2106,2982,0.60718656,book_b539c9373c0fe4ce,The Missing Half,Ashley Flowers,book_ca32ad130908b22a,Then She Was Gone,Lisa Jewell
2982,3099,0.6036303,book_ca32ad130908b22a,Then She Was Gone,Lisa Jewell,book_64160eacd6cde831,When Never Comes,Barbara Davis
2986,2990,0.67761457,book_058faebc31b0108a,Golden Answers: Why We Need the Book of Mormon,John Bytheway,book_55cc04e85ddebc89,How Do I Know If I Know?,John Bytheway
2052,2989,0.610247,book_7496475d16b288b0,Deep Dark Truth,Debra Webb,book_e7739ea5a280601d,I'll Be Gone in the Dark: One Woman's Obsessive Search for the Golden State Killer,Michelle McNamara
2995,3267,0.60168743,book_a60fefb106ffabd8,Didn't See That Coming: Putting Life Back Together When Your World Falls Apart,Rachel Hollis,book_8e28bb790fbe1431,"Pulse (Collide, #2)",Gail McHugh
2997,3003,0.6239939,book_62005339c5ba5fdf,The Wife Who Knew Too Much,Michele Campbell,book_d60c5b3ea4323cee,It's Always the Husband,Michele Campbell
2666,2998,0.60274893,book_8669ce2550c837b7,A Twisted Love Story,Samantha Downing,book_c7359e5991c94638,"It Ends with Us (It Ends with Us, #1)",Colleen Hoover
2999,3207,0.6038243,book_475437c23206020a,The Return,Nicholas Sparks,book_4580312c030a84f4,See Me,Nicholas Sparks
1051,3003,0.62310815,book_54270bcaf3497de8,The Wife App,Carolyn Mackler,book_d60c5b3ea4323cee,It's Always the Husband,Michele Campbell
3003,3048,0.6195172,book_d60c5b3ea4323cee,It's Always the Husband,Michele Campbell,book_34764fbf0a7c9710,My Lovely Wife,Samantha Downing
3003,3153,0.6186122,book_d60c5b3ea4323cee,It's Always the Husband,Michele Campbell,book_2f510f3699b1b011,The Wife Between Us,Greer Hendricks
3004,3006,0.66631776,book_2e30a8e5bcf22902,"Committed (Betrothed, #4)",Penelope Sky,book_242b0065d927a8b4,Husband (Betrothed #2),Penelope Sky
3005,3006,0.7756258,book_d2ee32066d9a8531,Lover (Betrothed #3),Penelope Sky,book_242b0065d927a8b4,Husband (Betrothed #2),Penelope Sky
3005,3008,0.6746845,book_d2ee32066d9a8531,Lover (Betrothed #3),Penelope Sky,book_85fd645a6326ab04,"Wife (Betrothed, #1)",Penelope Sky
3006,3008,0.7849275,book_242b0065d927a8b4,Husband (Betrothed #2),Penelope Sky,book_85fd645a6326ab04,"Wife (Betrothed, #1)",Penelope Sky
3006,3048,0.60497093,book_242b0065d927a8b4,Husband (Betrothed #2),Penelope Sky,book_34764fbf0a7c9710,My Lovely Wife,Samantha Downing
2347,3006,0.60029805,book_2da58e932c4981a0,The Third Wife,Lisa Jewell,book_242b0065d927a8b4,Husband (Betrothed #2),Penelope Sky
809,3008,0.6020407,book_fb8f6b8750793385,Love Your Life,Sophie Kinsella,book_85fd645a6326ab04,"Wife (Betrothed, #1)",Penelope Sky
3009,3130,0.63015103,book_76d4a9e31e1b0516,"Fractured (Will Trent, #2)",Karin Slaughter,book_eef5d992d45497bf,"Truth and Lies (DI Amy Winter, #1)",Caroline Mitchell
3009,3012,0.622072,book_76d4a9e31e1b0516,"Fractured (Will Trent, #2)",Karin Slaughter,book_b75f59cf5d9c88e1,"Triptych (Will Trent, #1)",Karin Slaughter
3010,3011,0.756257,book_25e23d1df6409a30,"Maybe Now (Maybe, #2)",Colleen Hoover,book_2bd5821dbecd5282,"Maybe Someday (Maybe, #1)",Colleen Hoover
3013,3105,0.6065406,book_caa04db30fdca072,This Secret Thing,Marybeth Mayhew Whalen,book_096cc409483ac0ff,Lying Next to Me,Gregg Olsen
3014,3016,0.6506673,book_1a93f13983228597,The Marriage Lie,Kimberly Belle,book_4d753b2ba02d5415,Dear Wife,Kimberly Belle
3014,3135,0.63095796,book_1a93f13983228597,The Marriage Lie,Kimberly Belle,book_0beb72076c1640af,"All the Lies We Tell (Quarry Road, #1)",Megan Hart
3015,3043,0.6534467,book_fe60fc916dec7731,Little Secrets,Jennifer Hillier,book_77fcb95bf37de72c,Jar of Hearts,Jennifer Hillier
3016,3080,0.64540577,book_4d753b2ba02d5415,Dear Wife,Kimberly Belle,book_949c190140cfc492,Under Lying,Janelle Harris
3016,3024,0.63913655,book_4d753b2ba02d5415,Dear Wife,Kimberly Belle,book_8a38ee0463c96cc8,I Know Who You Are,Alice Feeney
3016,3186,0.62837684,book_4d753b2ba02d5415,Dear Wife,Kimberly Belle,book_9910e91c663f9e37,The Good Widow,Liz Fenton
3016,3099,0.627687,book_4d753b2ba02d5415,Dear Wife,Kimberly Belle,book_64160eacd6cde831,When Never Comes,Barbara Davis
3018,3054,0.7320696,book_0d2614f3033178a5,The Vampire Curse (Shadow world: The Vampire Debt #2),Ali Winters,book_b09d75567f2b493f,The Vampire Debt,Ali Winters
3022,3080,0.65793633,book_57b183d7da9f11fd,Where They Found Her,Kimberly McCreight,book_949c190140cfc492,Under Lying,Janelle Harris
3022,3189,0.6184701,book_57b183d7da9f11fd,Where They Found Her,Kimberly McCreight,book_f9f21651aa297603,The Letter,Kathryn Hughes
1899,3022,0.6121472,book_8909c2513af52fce,Decomposition Book,Sara van Os,book_57b183d7da9f11fd,Where They Found Her,Kimberly McCreight
2755,3022,0.61214274,book_63e3514c8a67f140,Twenty Years Later,Charlie Donlea,book_57b183d7da9f11fd,Where They Found Her,Kimberly McCreight
2052,3022,0.60991883,book_7496475d16b288b0,Deep Dark Truth,Debra Webb,book_57b183d7da9f11fd,Where They Found Her,Kimberly McCreight
3023,3046,0.789839,book_072f5210b166817f,"After We Collided (After, #2)",Anna Todd,book_c597561cfe311bf9,"After (After, #1)",Anna Todd
3024,3080,0.6670196,book_8a38ee0463c96cc8,I Know Who You Are,Alice Feeney,book_949c190140cfc492,Under Lying,Janelle Harris
3024,3029,0.66239625,book_8a38ee0463c96cc8,I Know Who You Are,Alice Feeney,book_6a5f0e089cd4438d,Sometimes I Lie,Alice Feeney
3025,3248,0.6223507,book_631ea4957281d5cd,Want,Lynn Steger Strong,book_a3ff797fa19e20a7,"This Girl (Slammed, #3)",Colleen Hoover
3025,3193,0.61735106,book_631ea4957281d5cd,Want,Lynn Steger Strong,book_39c320bc9d7f0b1c,"Vicious (Sinners of Saint, #1)",L.J. Shen
3025,3281,0.6104617,book_631ea4957281d5cd,Want,Lynn Steger Strong,book_48667f62c102bb9d,A Bend in the Road,Nicholas Sparks
3025,3089,0.609945,book_631ea4957281d5cd,Want,Lynn Steger Strong,book_a7f2d89fa8898377,Unspeakable Things,Jess Lourey
3025,3099,0.6095539,book_631ea4957281d5cd,Want,Lynn Steger Strong,book_64160eacd6cde831,When Never Comes,Barbara Davis
3027,3256,0.60693586,book_675ed817bca562a9,"The Truth About Him (Everything I Left Unsaid, #2)",M. O'Keefe,book_f69d4cf9d33827e4,"Thoughtless (Thoughtless, #1)",S.C. Stephens
3033,3039,0.63557065,book_d9d1662530c8695f,"Freak (Creep, #2)",Jennifer Hillier,book_47a0e22b2125f54d,"Creep (Creep, #1)",Jennifer Hillier
3035,3211,0.60366404,book_94ea75d87f1f15f0,Truths I Never Told You,Kelly Rimmer,book_f64e4639504bcc35,"The Silent Sister (Riley MacPherson, #1)",Diane Chamberlain
3042,3053,0.7872723,book_3548f41fa252c9a9,"Thief (Love Me with Lies, #3)",Tarryn Fisher,book_909105c0e0598420,"The Opportunist (Love Me with Lies, #1)",Tarryn Fisher
3047,3053,0.6676092,book_42ce1f5ea7706106,"Dirty Red (Love Me with Lies, #2)",Tarryn Fisher,book_909105c0e0598420,"The Opportunist (Love Me with Lies, #1)",Tarryn Fisher
3048,3153,0.62774515,book_34764fbf0a7c9710,My Lovely Wife,Samantha Downing,book_2f510f3699b1b011,The Wife Between Us,Greer Hendricks
3048,3248,0.61706126,book_34764fbf0a7c9710,My Lovely Wife,Samantha Downing,book_a3ff797fa19e20a7,"This Girl (Slammed, #3)",Colleen Hoover
3048,3186,0.60424304,book_34764fbf0a7c9710,My Lovely Wife,Samantha Downing,book_9910e91c663f9e37,The Good Widow,Liz Fenton
2573,3056,0.61588234,book_be2b6ff3d285f6fb,"What Lies in Darkness (Jess Lambert, #2)",Christina McDonald,book_a86a2843ebaca5ea,Thief River Falls,Brian Freeman
3066,3092,0.7865737,book_18640e893c5d3557,My Story,Elizabeth Smart,book_0babf1eda1a6260b,"Where There's Hope: Healing, Moving Forward, and Never Giving Up",Elizabeth Smart
3071,3073,0.634599,book_4a8e2fb4149b5666,"Eruption (The Hunted, #3)",Ivy Smoak,book_b51cefeb80503731,"Temptation (The Hunted, #1)",Ivy Smoak
3072,3073,0.6378236,book_d3dc267128735d78,"Addiction (The Hunted, #2)",Ivy Smoak,book_b51cefeb80503731,"Temptation (The Hunted, #1)",Ivy Smoak
3080,3105,0.64586794,book_949c190140cfc492,Under Lying,Janelle Harris,book_096cc409483ac0ff,Lying Next to Me,Gregg Olsen
1705,3080,0.63404906,book_f5947a784ae514ed,They Say a Girl Died Here,Sarah Pinborough,book_949c190140cfc492,Under Lying,Janelle Harris
3083,3088,0.6688132,book_a7574ec64ef70377,"Hide and Seek (Criminal Profiler, #4)",Mary Burton,book_b52fe3cded0dbb25,"Cut and Run (Criminal Profiler, #3)",Mary Burton
3083,3098,0.60072184,book_a7574ec64ef70377,"Hide and Seek (Criminal Profiler, #4)",Mary Burton,book_878a140c5b9ba41f,"The Vanishing Season (The Collector, #4)",Dot Hutchison
1899,3085,0.6170682,book_8909c2513af52fce,Decomposition Book,Sara van Os,book_0152b8425ff0f80d,"Dead End Girl (Violet Darger, #1)",L.T. Vargus
3087,3320,0.6641325,book_214115f6e31899c0,"The Mister (Mister & Missus, #1)",E.L. James,book_1e3dadfc027e8da2,"Fifty Shades of Grey (Fifty Shades, #1)",E.L. James
2755,3088,0.6000562,book_63e3514c8a67f140,Twenty Years Later,Charlie Donlea,book_b52fe3cded0dbb25,"Cut and Run (Criminal Profiler, #3)",Mary Burton
3089,3104,0.61842155,book_a7f2d89fa8898377,Unspeakable Things,Jess Lourey,book_a0d90a61b51d17c4,The Girl Who Lived,Christopher Greyson
2573,3089,0.6181803,book_be2b6ff3d285f6fb,"What Lies in Darkness (Jess Lambert, #2)",Christina McDonald,book_a7f2d89fa8898377,Unspeakable Things,Jess Lourey
3091,3226,0.6290207,book_1d4f3d4df5a7b5ae,Regretting You,Colleen Hoover,book_18fa8253153173e6,"Losing Hope (Hopeless, #2)",Colleen Hoover
3091,3267,0.6161612,book_1d4f3d4df5a7b5ae,Regretting You,Colleen Hoover,book_8e28bb790fbe1431,"Pulse (Collide, #2)",Gail McHugh
3091,3268,0.6038617,book_1d4f3d4df5a7b5ae,Regretting You,Colleen Hoover,book_c0994e264c619822,"Collide (Collide, #1)",Gail McHugh
2698,3093,0.6028587,book_ace9b6920a621f05,The Missing Girl,Kerry McGinnis,book_cfd6e12dd0c4d64a,The Secrets She Keeps,Michael Robotham
3093,3139,0.60227203,book_cfd6e12dd0c4d64a,The Secrets She Keeps,Michael Robotham,book_d442ff5b90043a53,Whisper Me This,Kerry Anne King
3080,3095,0.61979574,book_949c190140cfc492,Under Lying,Janelle Harris,book_0eaf6d4c7281a4b8,"The Family Upstairs (The Family Upstairs, #1)",Lisa Jewell
2698,3095,0.604139,book_ace9b6920a621f05,The Missing Girl,Kerry McGinnis,book_0eaf6d4c7281a4b8,"The Family Upstairs (The Family Upstairs, #1)",Lisa Jewell
1705,3098,0.62461615,book_f5947a784ae514ed,They Say a Girl Died Here,Sarah Pinborough,book_878a140c5b9ba41f,"The Vanishing Season (The Collector, #4)",Dot Hutchison
3080,3098,0.61448187,book_949c190140cfc492,Under Lying,Janelle Harris,book_878a140c5b9ba41f,"The Vanishing Season (The Collector, #4)",Dot Hutchison
201,3099,0.61031365,book_512eec1f0e386c41,Sharp Objects,Gillian Flynn,book_64160eacd6cde831,When Never Comes,Barbara Davis
3099,3240,0.60510015,book_64160eacd6cde831,When Never Comes,Barbara Davis,book_0f1598cfb1e8af00,"Forever Black (Forever, #1)",Sandi Lynn
3100,3117,0.6882298,book_67232b2e579d8c83,"If You Tell: A True Story of Murder, Family Secrets, and the Unbreakable Bond of Sisterhood",Gregg Olsen,book_6061470e278fac0a,"My Sister's Grave (Tracy Crosswhite, #1)",Robert Dugoni
3100,3211,0.6011421,book_67232b2e579d8c83,"If You Tell: A True Story of Murder, Family Secrets, and the Unbreakable Bond of Sisterhood",Gregg Olsen,book_f64e4639504bcc35,"The Silent Sister (Riley MacPherson, #1)",Diane Chamberlain
1705,3104,0.61526674,book_f5947a784ae514ed,They Say a Girl Died Here,Sarah Pinborough,book_a0d90a61b51d17c4,The Girl Who Lived,Christopher Greyson
2147,3104,0.61068285,book_6d3e91c4a8782b04,How to Kill a Crime Writer,Sarah Lotz,book_a0d90a61b51d17c4,The Girl Who Lived,Christopher Greyson
2573,3104,0.608458,book_be2b6ff3d285f6fb,"What Lies in Darkness (Jess Lambert, #2)",Christina McDonald,book_a0d90a61b51d17c4,The Girl Who Lived,Christopher Greyson
1899,3104,0.604839,book_8909c2513af52fce,Decomposition Book,Sara van Os,book_a0d90a61b51d17c4,The Girl Who Lived,Christopher Greyson
2168,3104,0.60410565,book_01e051cbac545caa,If Books Could Kill,Kate Eberle,book_a0d90a61b51d17c4,The Girl Who Lived,Christopher Greyson
3104,3130,0.6038976,book_a0d90a61b51d17c4,The Girl Who Lived,Christopher Greyson,book_eef5d992d45497bf,"Truth and Lies (DI Amy Winter, #1)",Caroline Mitchell
3105,3135,0.612205,book_096cc409483ac0ff,Lying Next to Me,Gregg Olsen,book_0beb72076c1640af,"All the Lies We Tell (Quarry Road, #1)",Megan Hart
1051,3105,0.61110306,book_54270bcaf3497de8,The Wife App,Carolyn Mackler,book_096cc409483ac0ff,Lying Next to Me,Gregg Olsen
2053,3105,0.60807633,book_d65c04bbf887b688,The Missing Ones,A.R. Torre,book_096cc409483ac0ff,Lying Next to Me,Gregg Olsen
1699,3105,0.6041011,book_ebf560b2a59cde0b,What We Found Instead: A Novel,Heidi Reimer,book_096cc409483ac0ff,Lying Next to Me,Gregg Olsen
3105,3140,0.60013187,book_096cc409483ac0ff,Lying Next to Me,Gregg Olsen,book_e8059b596c504154,"What Have You Done (Adler and Dwyer, #0.5)",Matthew Farrell
3106,3320,0.6803454,book_01d42e96f67be109,Just like Grey (The Complete Collection ONE) (Billionaire Romance #1),J.S. Cooke,book_1e3dadfc027e8da2,"Fifty Shades of Grey (Fifty Shades, #1)",E.L. James
3109,3288,0.6648048,book_d6f82c96b4ea73d4,Every Breath,Nicholas Sparks,book_513103c9f6b97f96,The Last Song,Nicholas Sparks
3109,3283,0.662809,book_d6f82c96b4ea73d4,Every Breath,Nicholas Sparks,book_6ea146780024a12e,Nights in Rodanthe,Nicholas Sparks
3109,3290,0.66272485,book_d6f82c96b4ea73d4,Every Breath,Nicholas Sparks,book_accaee5cb1be6d81,"The Notebook (The Notebook, #1)",Nicholas Sparks
3109,3286,0.6559311,book_d6f82c96b4ea73d4,Every Breath,Nicholas Sparks,book_252f53617bd2198f,Message in a Bottle,Nicholas Sparks
3109,3280,0.62879944,book_d6f82c96b4ea73d4,Every Breath,Nicholas Sparks,book_bb29412804190aad,The Choice,Nicholas Sparks
3109,3285,0.62553984,book_d6f82c96b4ea73d4,Every Breath,Nicholas Sparks,book_e970d0594472ee8c,"The Wedding (The Notebook, #2)",Nicholas Sparks
3109,3282,0.61168337,book_d6f82c96b4ea73d4,Every Breath,Nicholas Sparks,book_06071b65deed7f25,The Rescue,Nicholas Sparks
3109,3207,0.61091495,book_d6f82c96b4ea73d4,Every Breath,Nicholas Sparks,book_4580312c030a84f4,See Me,Nicholas Sparks
3112,3113,0.6694439,book_8d44d05cd4e1a622,Roses of May (The Collector #2),Dot Hutchison,book_bf28660468813a4e,"The Butterfly Garden (The Collector, #1)",Dot Hutchison
3117,3173,0.73260605,book_6061470e278fac0a,"My Sister's Grave (Tracy Crosswhite, #1)",Robert Dugoni,book_83bf078804402d3c,"In the Clearing (Tracy Crosswhite, #3)",Robert Dugoni
3117,3211,0.64077926,book_6061470e278fac0a,"My Sister's Grave (Tracy Crosswhite, #1)",Robert Dugoni,book_f64e4639504bcc35,"The Silent Sister (Riley MacPherson, #1)",Diane Chamberlain
1705,3117,0.633857,book_f5947a784ae514ed,They Say a Girl Died Here,Sarah Pinborough,book_6061470e278fac0a,"My Sister's Grave (Tracy Crosswhite, #1)",Robert Dugoni
3117,3130,0.62205017,book_6061470e278fac0a,"My Sister's Grave (Tracy Crosswhite, #1)",Robert Dugoni,book_eef5d992d45497bf,"Truth and Lies (DI Amy Winter, #1)",Caroline Mitchell
2755,3117,0.62014544,book_63e3514c8a67f140,Twenty Years Later,Charlie Donlea,book_6061470e278fac0a,"My Sister's Grave (Tracy Crosswhite, #1)",Robert Dugoni
3117,3300,0.61658204,book_6061470e278fac0a,"My Sister's Grave (Tracy Crosswhite, #1)",Robert Dugoni,book_db68bab15660423e,"Hide and Seek (The Lying Game, #4)",Sara Shepard
1899,3117,0.61038935,book_8909c2513af52fce,Decomposition Book,Sara van Os,book_6061470e278fac0a,"My Sister's Grave (Tracy Crosswhite, #1)",Robert Dugoni
3080,3124,0.6066335,book_949c190140cfc492,Under Lying,Janelle Harris,book_86e6bdd4e345b02f,False Step,Victoria Helen Stone
3125,3194,0.6431618,book_9009ec7479100590,Verity,Colleen Hoover,book_1af28b390344df35,Too Late,Colleen Hoover
3125,3248,0.62583244,book_9009ec7479100590,Verity,Colleen Hoover,book_a3ff797fa19e20a7,"This Girl (Slammed, #3)",Colleen Hoover
3016,3125,0.62351394,book_4d753b2ba02d5415,Dear Wife,Kimberly Belle,book_9009ec7479100590,Verity,Colleen Hoover
1830,3125,0.60478234,book_17ce3a678f1fce02,Famous Last Words,Gillian McAllister,book_9009ec7479100590,Verity,Colleen Hoover
3126,3131,0.8099249,book_594ccbcba498d3c7,"Fidelity (Infidelity, #5)",Aleatha Romig,book_30ffb747837a5bc1,"Entrapment (Infidelity, #4)",Aleatha Romig
3126,3134,0.77868676,book_594ccbcba498d3c7,"Fidelity (Infidelity, #5)",Aleatha Romig,book_0fab7aad8a91f9ee,"Betrayal (Infidelity, #1)",Aleatha Romig
3126,3133,0.7212382,book_594ccbcba498d3c7,"Fidelity (Infidelity, #5)",Aleatha Romig,book_b86b6f2bba9da350,"Cunning (Infidelity, #2)",Aleatha Romig
3126,3132,0.6951039,book_594ccbcba498d3c7,"Fidelity (Infidelity, #5)",Aleatha Romig,book_c986a3512e5ba181,"Deception (Infidelity, #3)",Aleatha Romig
3127,3196,0.6502688,book_fda68e2a2611d41c,"Falling Into You (Falling, #1)",Jasinda Wilder,book_b7a71044a4981c4a,"Fall to You (Here and Now, #2)",Lexi Ryan
201,3130,0.61528707,book_512eec1f0e386c41,Sharp Objects,Gillian Flynn,book_eef5d992d45497bf,"Truth and Lies (DI Amy Winter, #1)",Caroline Mitchell
3131,3134,0.70563906,book_30ffb747837a5bc1,"Entrapment (Infidelity, #4)",Aleatha Romig,book_0fab7aad8a91f9ee,"Betrayal (Infidelity, #1)",Aleatha Romig
3131,3132,0.6690648,book_30ffb747837a5bc1,"Entrapment (Infidelity, #4)",Aleatha Romig,book_c986a3512e5ba181,"Deception (Infidelity, #3)",Aleatha Romig
3131,3133,0.6407181,book_30ffb747837a5bc1,"Entrapment (Infidelity, #4)",Aleatha Romig,book_b86b6f2bba9da350,"Cunning (Infidelity, #2)",Aleatha Romig
3132,3133,0.7785692,book_c986a3512e5ba181,"Deception (Infidelity, #3)",Aleatha Romig,book_b86b6f2bba9da350,"Cunning (Infidelity, #2)",Aleatha Romig
3132,3134,0.7525166,book_c986a3512e5ba181,"Deception (Infidelity, #3)",Aleatha Romig,book_0fab7aad8a91f9ee,"Betrayal (Infidelity, #1)",Aleatha Romig
3133,3134,0.80361354,book_b86b6f2bba9da350,"Cunning (Infidelity, #2)",Aleatha Romig,book_0fab7aad8a91f9ee,"Betrayal (Infidelity, #1)",Aleatha Romig
3080,3135,0.623466,book_949c190140cfc492,Under Lying,Janelle Harris,book_0beb72076c1640af,"All the Lies We Tell (Quarry Road, #1)",Megan Hart
3135,3165,0.61699784,book_0beb72076c1640af,"All the Lies We Tell (Quarry Road, #1)",Megan Hart,book_632d0537ea3cae52,"Everything We Keep (Everything, #1)",Kerry Lonsdale
1699,3135,0.60159457,book_ebf560b2a59cde0b,What We Found Instead: A Novel,Heidi Reimer,book_0beb72076c1640af,"All the Lies We Tell (Quarry Road, #1)",Megan Hart
3136,3281,0.64831424,book_8a43d3824995be9b,A Curve in the Road,Julianne MacLean,book_48667f62c102bb9d,A Bend in the Road,Nicholas Sparks
3139,3211,0.6044992,book_d442ff5b90043a53,Whisper Me This,Kerry Anne King,book_f64e4639504bcc35,"The Silent Sister (Riley MacPherson, #1)",Diane Chamberlain
2755,3140,0.6207238,book_63e3514c8a67f140,Twenty Years Later,Charlie Donlea,book_e8059b596c504154,"What Have You Done (Adler and Dwyer, #0.5)",Matthew Farrell
3150,3235,0.8298294,book_3be03efd82399a00,"One with You (Crossfire, #5)",Sylvia Day,book_280739a452c7816e,"Entwined with You (Crossfire, #3)",Sylvia Day
3150,3299,0.8281576,book_3be03efd82399a00,"One with You (Crossfire, #5)",Sylvia Day,book_2d5ff8b32ff102ae,"Bared to You (Crossfire, #1)",Sylvia Day
3150,3296,0.7761539,book_3be03efd82399a00,"One with You (Crossfire, #5)",Sylvia Day,book_e680d734bb3968b9,"Reflected in You (Crossfire, #2)",Sylvia Day
3155,3226,0.63009304,book_8de80053253a6e1e,"All Your Perfects (Hopeless, #3)",Colleen Hoover,book_18fa8253153173e6,"Losing Hope (Hopeless, #2)",Colleen Hoover
3160,3161,0.73348105,book_cb146614bdb01b48,"Scorched (Surrender, #4)",Melody Anne,book_cce6022177b286f7,"Seduced (Surrender, #3)",Melody Anne
3160,3163,0.60734767,book_cb146614bdb01b48,"Scorched (Surrender, #4)",Melody Anne,book_ac8a6ae3a8c214fb,"Surrender (Surrender, #1)",Melody Anne
3161,3163,0.71461487,book_cce6022177b286f7,"Seduced (Surrender, #3)",Melody Anne,book_ac8a6ae3a8c214fb,"Surrender (Surrender, #1)",Melody Anne
3016,3165,0.61725533,book_4d753b2ba02d5415,Dear Wife,Kimberly Belle,book_632d0537ea3cae52,"Everything We Keep (Everything, #1)",Kerry Lonsdale
1051,3165,0.6010355,book_54270bcaf3497de8,The Wife App,Carolyn Mackler,book_632d0537ea3cae52,"Everything We Keep (Everything, #1)",Kerry Lonsdale
3166,3167,0.6480241,book_fd6b777973e5b65f,Eye of the Storm (Hart and Drake #4),C.J. Lyons,book_37cd66ed055a7f47,"Nerves of Steel (Hart and Drake, #1)",C.J. Lyons
3169,3186,0.629244,book_1da0ac8280b08779,Good Grief,Lolly Winston,book_9910e91c663f9e37,The Good Widow,Liz Fenton
1705,3173,0.6261506,book_f5947a784ae514ed,They Say a Girl Died Here,Sarah Pinborough,book_83bf078804402d3c,"In the Clearing (Tracy Crosswhite, #3)",Robert Dugoni
201,3173,0.6217343,book_512eec1f0e386c41,Sharp Objects,Gillian Flynn,book_83bf078804402d3c,"In the Clearing (Tracy Crosswhite, #3)",Robert Dugoni
2147,3173,0.6168691,book_6d3e91c4a8782b04,How to Kill a Crime Writer,Sarah Lotz,book_83bf078804402d3c,"In the Clearing (Tracy Crosswhite, #3)",Robert Dugoni
3130,3173,0.61429393,book_eef5d992d45497bf,"Truth and Lies (DI Amy Winter, #1)",Caroline Mitchell,book_83bf078804402d3c,"In the Clearing (Tracy Crosswhite, #3)",Robert Dugoni
2052,3173,0.61004525,book_7496475d16b288b0,Deep Dark Truth,Debra Webb,book_83bf078804402d3c,"In the Clearing (Tracy Crosswhite, #3)",Robert Dugoni
2177,3174,0.61427236,book_a90f54ec03024f24,Heather,Caitlin Mullen,book_ce9d1beb4dc9c1b1,"The Child Finder (Naomi Cottle, #1)",Rene Denfeld
2055,3174,0.60152304,book_178e1edb31c61e73,The Lost Summer: A Novel (Haven Cliff Book 2),Wendy Corsi Staub,book_ce9d1beb4dc9c1b1,"The Child Finder (Naomi Cottle, #1)",Rene Denfeld
3177,3178,0.6327696,book_e08e86f0d7225aae,"Last Kiss (First and Last, #2)",Laurelin Paige,book_f9083a7752bc829a,"First Touch (First and Last, #1)",Laurelin Paige
3177,3179,0.6234473,book_e08e86f0d7225aae,"Last Kiss (First and Last, #2)",Laurelin Paige,book_1ea9d5fccef2e0c2,"Free Me (The Found Duet, #1)",Laurelin Paige
3179,3232,0.61178595,book_1ea9d5fccef2e0c2,"Free Me (The Found Duet, #1)",Laurelin Paige,book_7677e5d9e7c30aa8,"The Stranger (Just One Night, #1.1)",Kyra Davis
3180,3181,0.81158924,book_70aa19c23062b63d,"Hudson (Fixed, #4)",Laurelin Paige,book_1cc31ada215773bd,"Forever with You (Fixed, #3)",Laurelin Paige
3180,3182,0.7946799,book_70aa19c23062b63d,"Hudson (Fixed, #4)",Laurelin Paige,book_06ea7c34963c40b2,"Found in You (Fixed, #2)",Laurelin Paige
3180,3183,0.6035408,book_70aa19c23062b63d,"Hudson (Fixed, #4)",Laurelin Paige,book_850a1e299b7e2c14,"Fixed on You (Fixed, #1)",Laurelin Paige
3181,3182,0.8268511,book_1cc31ada215773bd,"Forever with You (Fixed, #3)",Laurelin Paige,book_06ea7c34963c40b2,"Found in You (Fixed, #2)",Laurelin Paige
3181,3183,0.665091,book_1cc31ada215773bd,"Forever with You (Fixed, #3)",Laurelin Paige,book_850a1e299b7e2c14,"Fixed on You (Fixed, #1)",Laurelin Paige
3181,3239,0.6133995,book_1cc31ada215773bd,"Forever with You (Fixed, #3)",Laurelin Paige,book_bcf1879b5f3c5b49,"Forever You (Forever, #2)",Sandi Lynn
3182,3183,0.6731793,book_06ea7c34963c40b2,"Found in You (Fixed, #2)",Laurelin Paige,book_850a1e299b7e2c14,"Fixed on You (Fixed, #1)",Laurelin Paige
3185,3199,0.9718436,book_c8a50f2a811100ef,"The Dry (Aaron Falk, #1)",Jane Harper,book_e8459726cf1d2f72,"The Dry (Aaron Falk, #1)",Jane Harper
3186,3234,0.66380954,book_9910e91c663f9e37,The Good Widow,Liz Fenton,book_39dc64e8e80693b6,The Silent Wife,A.S.A. Harrison
2666,3186,0.60093427,book_8669ce2550c837b7,A Twisted Love Story,Samantha Downing,book_9910e91c663f9e37,The Good Widow,Liz Fenton
3190,3219,0.6040633,book_c96d239a6f234b60,The Secret Wife,Gill Paul,book_ace878d971368d4e,The Husband's Secret,Liane Moriarty
1987,3194,0.6058625,book_a210773b1799d99d,Hidden Nature,Nora Roberts,book_1af28b390344df35,Too Late,Colleen Hoover
3195,3197,0.66140616,book_75ef2a0367af39a7,"Lost in Me (Here and Now, #1)",Lexi Ryan,book_d371bceea5def4d9,"All for This (Here and Now, #3)",Lexi Ryan
3195,3196,0.64442575,book_75ef2a0367af39a7,"Lost in Me (Here and Now, #1)",Lexi Ryan,book_b7a71044a4981c4a,"Fall to You (Here and Now, #2)",Lexi Ryan
3205,3320,0.90317523,book_6695e425d3431f8a,"Fifty Shades Darker (Fifty Shades, #2)",E.L. James,book_1e3dadfc027e8da2,"Fifty Shades of Grey (Fifty Shades, #1)",E.L. James
3205,3319,0.8958826,book_6695e425d3431f8a,"Fifty Shades Darker (Fifty Shades, #2)",E.L. James,book_e233ba19b110aeb7,"Fifty Shades Freed (Fifty Shades, #3)",E.L. James
3207,3282,0.6165467,book_4580312c030a84f4,See Me,Nicholas Sparks,book_06071b65deed7f25,The Rescue,Nicholas Sparks
3207,3281,0.60868704,book_4580312c030a84f4,See Me,Nicholas Sparks,book_48667f62c102bb9d,A Bend in the Road,Nicholas Sparks
2295,3208,0.6079718,book_796eee0f049f8458,Two Sides to Every Murder,Danielle Valentine,book_ae31cddaa8daa9ef,Dark Places,Gillian Flynn
1705,3208,0.6010481,book_f5947a784ae514ed,They Say a Girl Died Here,Sarah Pinborough,book_ae31cddaa8daa9ef,Dark Places,Gillian Flynn
3209,3236,0.6914407,book_f6cf3d3622edda31,"Beautiful Disaster (Beautiful, #1)",Jamie McGuire,book_e22cd7eb195e896d,"Walking Disaster (Beautiful, #2)",Jamie McGuire
3211,3300,0.6325747,book_f64e4639504bcc35,"The Silent Sister (Riley MacPherson, #1)",Diane Chamberlain,book_db68bab15660423e,"Hide and Seek (The Lying Game, #4)",Sara Shepard
2106,3211,0.60516,book_b539c9373c0fe4ce,The Missing Half,Ashley Flowers,book_f64e4639504bcc35,"The Silent Sister (Riley MacPherson, #1)",Diane Chamberlain
3130,3211,0.6024519,book_eef5d992d45497bf,"Truth and Lies (DI Amy Winter, #1)",Caroline Mitchell,book_f64e4639504bcc35,"The Silent Sister (Riley MacPherson, #1)",Diane Chamberlain
3217,3218,0.7934618,book_5636100ba1d5592c,"Exposed (Just One Night, #1.2)",Kyra Davis,book_de5efa2b40a6f85e,"Binding Agreement (Just One Night, #1.3)",Kyra Davis
3217,3232,0.7790086,book_5636100ba1d5592c,"Exposed (Just One Night, #1.2)",Kyra Davis,book_7677e5d9e7c30aa8,"The Stranger (Just One Night, #1.1)",Kyra Davis
3218,3232,0.77238226,book_de5efa2b40a6f85e,"Binding Agreement (Just One Night, #1.3)",Kyra Davis,book_7677e5d9e7c30aa8,"The Stranger (Just One Night, #1.1)",Kyra Davis
1699,3219,0.60811603,book_ebf560b2a59cde0b,What We Found Instead: A Novel,Heidi Reimer,book_ace878d971368d4e,The Husband's Secret,Liane Moriarty
3226,3271,0.8143861,book_18fa8253153173e6,"Losing Hope (Hopeless, #2)",Colleen Hoover,book_52e61f52c3b4fec7,"Hopeless (Hopeless, #1)",Colleen Hoover
3226,3248,0.6465913,book_18fa8253153173e6,"Losing Hope (Hopeless, #2)",Colleen Hoover,book_a3ff797fa19e20a7,"This Girl (Slammed, #3)",Colleen Hoover
3227,3228,0.858027,book_610c310023e99b9e,"Because You Must Learn (Because You Are Mine, #1.4)",Beth Kery,book_838ac6dedb736105,"Because You Haunt Me (Because You Are Mine, #1.3)",Beth Kery
3227,3229,0.83442724,book_610c310023e99b9e,"Because You Must Learn (Because You Are Mine, #1.4)",Beth Kery,book_92a26032fbb9d0cd,"Because I Could Not Resist (Because You Are Mine, #1.2)",Beth Kery
3228,3229,0.7979505,book_838ac6dedb736105,"Because You Haunt Me (Because You Are Mine, #1.3)",Beth Kery,book_92a26032fbb9d0cd,"Because I Could Not Resist (Because You Are Mine, #1.2)",Beth Kery
3233,3262,0.6941905,book_2c0227e5d9f1cbfb,"The Marriage Bargain (Marriage to a Billionaire, #1)",Jennifer Probst,book_45ba3cd6d5ec869f,"The Marriage Mistake (Marriage to a Billionaire, #3)",Jennifer Probst
3233,3263,0.6842623,book_2c0227e5d9f1cbfb,"The Marriage Bargain (Marriage to a Billionaire, #1)",Jennifer Probst,book_82601fb7da0f0600,"The Marriage Trap (Marriage to a Billionaire, #2)",Jennifer Probst
3016,3234,0.6204077,book_4d753b2ba02d5415,Dear Wife,Kimberly Belle,book_39dc64e8e80693b6,The Silent Wife,A.S.A. Harrison
3235,3299,0.8089628,book_280739a452c7816e,"Entwined with You (Crossfire, #3)",Sylvia Day,book_2d5ff8b32ff102ae,"Bared to You (Crossfire, #1)",Sylvia Day
3235,3296,0.74549675,book_280739a452c7816e,"Entwined with You (Crossfire, #3)",Sylvia Day,book_e680d734bb3968b9,"Reflected in You (Crossfire, #2)",Sylvia Day
3238,3239,0.8800187,book_20ef35082871af9f,"Forever Us (Forever, #3)",Sandi Lynn,book_bcf1879b5f3c5b49,"Forever You (Forever, #2)",Sandi Lynn
3238,3240,0.7636907,book_20ef35082871af9f,"Forever Us (Forever, #3)",Sandi Lynn,book_0f1598cfb1e8af00,"Forever Black (Forever, #1)",Sandi Lynn
3239,3240,0.7467449,book_bcf1879b5f3c5b49,"Forever You (Forever, #2)",Sandi Lynn,book_0f1598cfb1e8af00,"Forever Black (Forever, #1)",Sandi Lynn
3241,3242,0.7454914,book_90cb29199ca12459,"Beauty from Surrender (Beauty, #2)",Georgia Cates,book_d589099aa2f605e8,"Beauty from Pain (Beauty, #1)",Georgia Cates
3244,3247,0.7382375,book_d1848751e2284983,"Devoured (Devoured, #1)",Emily Snow,book_e937bb19cb4bcd80,"Consumed (Devoured, #2)",Emily Snow
3244,3246,0.67727077,book_d1848751e2284983,"Devoured (Devoured, #1)",Emily Snow,book_9ff6a4ffded5b3c7,"All over You (Devoured, #0.5)",Emily Snow
3246,3247,0.6290475,book_9ff6a4ffded5b3c7,"All over You (Devoured, #0.5)",Emily Snow,book_e937bb19cb4bcd80,"Consumed (Devoured, #2)",Emily Snow
3248,3260,0.6932488,book_a3ff797fa19e20a7,"This Girl (Slammed, #3)",Colleen Hoover,book_62cfa074ade4adaf,"Slammed (Slammed, #1)",Colleen Hoover
3248,3259,0.65142787,book_a3ff797fa19e20a7,"This Girl (Slammed, #3)",Colleen Hoover,book_b4707bf1a5ff6ea0,"Point of Retreat (Slammed, #2)",Colleen Hoover
3248,3271,0.6070415,book_a3ff797fa19e20a7,"This Girl (Slammed, #3)",Colleen Hoover,book_52e61f52c3b4fec7,"Hopeless (Hopeless, #1)",Colleen Hoover
3254,3256,0.62835824,book_ff6daf75d7c7a01e,"Reckless (Thoughtless, #3)",S.C. Stephens,book_f69d4cf9d33827e4,"Thoughtless (Thoughtless, #1)",S.C. Stephens
3255,3256,0.6781543,book_eafe630a9e3a2234,"Effortless (Thoughtless, #2)",S.C. Stephens,book_f69d4cf9d33827e4,"Thoughtless (Thoughtless, #1)",S.C. Stephens
3257,3258,0.6038823,book_73d6d675ebca1036,"Be with Me (Wait for You, #2)",J. Lynn,book_90bf2823e300094e,"Wait for You (Wait for You, #1)",J. Lynn
3259,3260,0.682042,book_b4707bf1a5ff6ea0,"Point of Retreat (Slammed, #2)",Colleen Hoover,book_62cfa074ade4adaf,"Slammed (Slammed, #1)",Colleen Hoover
3260,3271,0.63753283,book_62cfa074ade4adaf,"Slammed (Slammed, #1)",Colleen Hoover,book_52e61f52c3b4fec7,"Hopeless (Hopeless, #1)",Colleen Hoover
3262,3263,0.7545788,book_45ba3cd6d5ec869f,"The Marriage Mistake (Marriage to a Billionaire, #3)",Jennifer Probst,book_82601fb7da0f0600,"The Marriage Trap (Marriage to a Billionaire, #2)",Jennifer Probst
3267,3268,0.70035756,book_8e28bb790fbe1431,"Pulse (Collide, #2)",Gail McHugh,book_c0994e264c619822,"Collide (Collide, #1)",Gail McHugh
3273,3274,0.6740129,book_5f7122f5b574d275,"Where She Went (If I Stay, #2)",Gayle Forman,book_4b64c3749b1200f8,"If I Stay (If I Stay, #1)",Gayle Forman
3277,3278,0.6581874,book_5ae42495039cd476,"True Believer (Jeremy Marsh & Lexie Darnell, #1)",Nicholas Sparks,book_7333aa93472dd5fc,"At First Sight (Jeremy Marsh & Lexie Darnell, #2)",Nicholas Sparks
3278,3289,0.6003778,book_7333aa93472dd5fc,"At First Sight (Jeremy Marsh & Lexie Darnell, #2)",Nicholas Sparks,book_a3aac880b14c8777,Dear John,Nicholas Sparks
510,3281,0.63687646,book_ba9c989f04ca647e,"The Trail Home (Pine Hollow, #2)",Bonnie Bryant,book_48667f62c102bb9d,A Bend in the Road,Nicholas Sparks
3282,3286,0.6089277,book_06071b65deed7f25,The Rescue,Nicholas Sparks,book_252f53617bd2198f,Message in a Bottle,Nicholas Sparks
3283,3289,0.61555016,book_6ea146780024a12e,Nights in Rodanthe,Nicholas Sparks,book_a3aac880b14c8777,Dear John,Nicholas Sparks
3285,3290,0.75446975,book_e970d0594472ee8c,"The Wedding (The Notebook, #2)",Nicholas Sparks,book_accaee5cb1be6d81,"The Notebook (The Notebook, #1)",Nicholas Sparks
3296,3299,0.80293584,book_e680d734bb3968b9,"Reflected in You (Crossfire, #2)",Sylvia Day,book_2d5ff8b32ff102ae,"Bared to You (Crossfire, #1)",Sylvia Day
3300,3305,0.8457967,book_db68bab15660423e,"Hide and Seek (The Lying Game, #4)",Sara Shepard,book_88f6488ced0babe9,"The Lying Game (The Lying Game, #1)",Sara Shepard
3300,3304,0.8450217,book_db68bab15660423e,"Hide and Seek (The Lying Game, #4)",Sara Shepard,book_a9a5cf54d893873d,"Never Have I Ever (The Lying Game, #2)",Sara Shepard
3300,3303,0.81356144,book_db68bab15660423e,"Hide and Seek (The Lying Game, #4)",Sara Shepard,book_f92f3dc3928db010,"Two Truths and a Lie (The Lying Game, #3)",Sara Shepard
2052,3300,0.60365415,book_7496475d16b288b0,Deep Dark Truth,Debra Webb,book_db68bab15660423e,"Hide and Seek (The Lying Game, #4)",Sara Shepard
3303,3305,0.79874694,book_f92f3dc3928db010,"Two Truths and a Lie (The Lying Game, #3)",Sara Shepard,book_88f6488ced0babe9,"The Lying Game (The Lying Game, #1)",Sara Shepard
3303,3304,0.7284039,book_f92f3dc3928db010,"Two Truths and a Lie (The Lying Game, #3)",Sara Shepard,book_a9a5cf54d893873d,"Never Have I Ever (The Lying Game, #2)",Sara Shepard
3304,3305,0.8697054,book_a9a5cf54d893873d,"Never Have I Ever (The Lying Game, #2)",Sara Shepard,book_88f6488ced0babe9,"The Lying Game (The Lying Game, #1)",Sara Shepard
2052,3305,0.60238624,book_7496475d16b288b0,Deep Dark Truth,Debra Webb,book_88f6488ced0babe9,"The Lying Game (The Lying Game, #1)",Sara Shepard
3306,3307,0.7164138,book_cde11f3b4e61d9ef,The Girl Who Played with Fire (Millennium #2),Stieg Larsson,book_4147c9b86a6ac473,"The Girl Who Kicked the Hornet’s Nest (Millennium, #3)",Stieg Larsson
3317,3318,0.6289522,book_6c53b9f802282b79,"Firefly Lane (Firefly Lane, #1)",Kristin Hannah,book_8969b538af1e9eea,On Mystic Lake,Kristin Hannah
3319,3320,0.9049206,book_e233ba19b110aeb7,"Fifty Shades Freed (Fifty Shades, #3)",E.L. James,book_1e3dadfc027e8da2,"Fifty Shades of Grey (Fifty Shades, #1)",E.L. James
