source_embedding_row,target_embedding_row,similarity
0,997,0.74035704
1,4,0.60274255
2,122,0.60724115
2,128,0.6148293
2,626,0.61554307
2,2726,0.6117005
2,3027,0.60052943
3,19,0.6251499
3,20,0.6504338
3,27,0.6658224
4,14,0.70979273
4,92,0.6110496
5,2168,0.6603488
5,2243,0.61154824
6,196,0.6182514
6,199,0.63667125
6,601,0.63940346
6,605,0.7584073
6,614,0.7736664
6,624,0.73032755
6,627,0.8094938
6,639,0.71369517
6,640,0.6657645
6,964,0.7833295
6,1247,0.79089403
6,1319,0.7931403
6,3298,0.7324863
7,225,0.6029736
9,79,0.6267751
9,141,0.69626254
9,182,0.7601186
10,16,0.61336803
12,105,0.6003566
12,142,0.6006955
12,646,0.63343394
12,1702,0.600065
13,1614,0.60438794
13,2968,0.6502043
14,2223,0.6320698
19,20,0.7926196
19,27,0.76255345
19,2132,0.60467595
20,27,0.7896446
21,2450,0.6020144
22,2168,0.6093938
25,26,0.7672867
25,76,0.607055
27,132,0.60990536
28,31,0.78419775
30,56,0.77023053
31,2457,0.6076271
35,49,0.63720715
36,46,0.7176794
36,2276,0.6192874
37,425,0.60657936
37,880,0.6199521
37,1809,0.60445076
37,2647,0.6290791
40,46,0.6169181
42,168,0.6089823
43,2248,0.6003219
44,149,0.6026932
44,158,0.71354616
46,47,0.65446794
46,1705,0.6003374
46,1730,0.6262747
46,1881,0.6177689
46,2276,0.62949765
46,2277,0.6396302
46,2656,0.61586845
48,183,0.65917087
51,1881,0.7268599
52,53,0.71239614
52,61,0.69679534
52,246,0.6149161
52,1620,0.60096586
53,1924,0.60242784
60,1599,0.62770736
63,218,0.6228782
64,75,0.65586233
64,97,0.63540626
64,102,0.6322603
64,139,0.7014526
64,140,0.72758853
64,142,0.6696779
64,222,0.6274589
64,234,0.64341307
64,2460,0.60734487
67,288,0.6223111
69,603,0.6517119
70,1616,0.8101748
72,1686,0.6137253
72,1956,0.6071334
72,2243,0.6083865
72,2440,0.62870085
72,2474,0.60508406
73,166,0.61244637
75,139,0.778544
75,140,0.748812
75,142,0.69545877
76,77,0.75851107
78,80,0.76690835
78,1765,0.6088382
78,2834,0.6080792
80,233,0.60555845
80,275,0.6181787
86,89,0.6051984
86,94,0.83185625
86,97,0.7956754
86,102,0.66609555
86,103,0.63447833
86,109,0.638946
86,115,0.72572654
86,224,0.60990417
86,571,0.60693294
86,757,0.6183501
89,94,0.65217626
91,2416,0.7488105
91,2460,0.7202705
93,1125,0.6042619
94,97,0.75934386
94,102,0.61323464
94,109,0.6397028
94,115,0.65394074
96,135,0.6494725
96,1694,0.6255226
97,102,0.8179178
97,103,0.7563141
97,109,0.79298764
97,115,0.8423664
97,140,0.6005426
97,571,0.7381735
97,756,0.67284757
97,757,0.7642455
97,758,0.67597675
98,1051,0.6379629
98,1734,0.62402445
98,2016,0.60073674
99,104,0.8858217
100,2755,0.61035085
102,103,0.71018344
102,109,0.7282727
102,115,0.7910611
102,140,0.60592055
102,142,0.60424423
102,571,0.7959897
102,756,0.7366283
102,757,0.77155244
102,758,0.6860439
103,109,0.7685893
103,115,0.81365466
103,571,0.79814976
103,756,0.7646427
103,757,0.7585308
103,758,0.771814
105,108,0.61373204
105,142,0.65556216
105,233,0.684703
105,646,0.6019528
105,768,0.6029849
105,1664,0.6004214
105,1702,0.6210697
105,1853,0.6264423
105,2177,0.6098521
107,259,0.6020806
109,115,0.84363806
109,571,0.73058736
109,756,0.6333296
109,757,0.6872673
109,758,0.6768439
110,173,0.6118082
110,763,0.63741916
110,780,0.6050145
110,1684,0.61563116
110,1744,0.6293386
110,1794,0.6365683
110,1923,0.7041091
110,2425,0.6418216
110,2634,0.6668805
110,2677,0.6717887
110,2882,0.7005637
110,2919,0.6226649
112,178,0.6123268
112,228,0.6863566
113,114,0.651319
114,2643,0.6026467
115,571,0.8072014
115,756,0.74791145
115,757,0.8086433
115,758,0.7595198
115,1748,0.6031648
119,2089,0.6235399
119,2438,0.6090151
120,183,0.6132468
122,150,0.6278322
122,183,0.7418515
122,233,0.6013676
123,124,0.700112
127,128,0.64927083
127,2442,0.6162168
128,150,0.68636763
128,183,0.6126998
128,2168,0.60242605
128,2363,0.60873556
128,2442,0.61425936
128,2558,0.6000401
128,3089,0.606058
128,3232,0.61611485
131,153,0.6586571
131,234,0.6141709
132,139,0.6146485
132,140,0.64455104
132,142,0.6301178
134,421,0.6239383
135,183,0.6010924
136,157,0.6268643
139,140,0.8197077
139,142,0.8012039
140,142,0.8087015
141,182,0.78258514
141,2545,0.60402143
142,222,0.6237872
142,1907,0.62066185
148,2132,0.61938894
149,218,0.60523736
149,228,0.67638993
149,1907,0.6080508
150,2442,0.62923366
150,3250,0.6579884
151,177,0.8019011
154,201,0.6002097
154,787,0.64602214
154,918,0.60621834
154,1266,0.6338408
154,1485,0.60149586
154,1622,0.6101006
154,1890,0.62112874
154,1965,0.65827197
154,2183,0.6630705
154,2314,0.60092735
154,2578,0.6198926
154,3025,0.6085186
154,3089,0.61770487
154,3099,0.6159957
154,3104,0.61736405
154,3270,0.6141257
161,2256,0.6215501
161,2442,0.61191386
162,163,0.7546507
164,1707,0.62649316
164,1711,0.643705
164,2274,0.7586838
166,194,0.65648854
166,1910,0.61033404
166,2030,0.60546756
166,2366,0.6141969
166,2663,0.64097404
168,218,0.6152197
168,241,0.6983897
171,283,0.64238083
171,345,0.62180465
172,921,0.7690538
173,344,0.66709495
173,596,0.60713536
173,626,0.60088545
173,763,0.6060536
173,1684,0.62519103
173,1923,0.6403962
173,2395,0.6107491
173,2425,0.6131835
173,2531,0.6464282
173,3056,0.60274196
175,176,0.60346586
177,2101,0.6076211
178,228,0.61477315
183,231,0.6466573
183,233,0.64457685
183,1594,0.67273235
183,2082,0.6054288
183,2751,0.617422
183,3156,0.61000407
183,3193,0.624143
185,198,0.6368127
185,815,0.63212156
186,1364,0.674761
186,1425,0.64334106
186,1773,0.6037564
187,196,0.6124673
187,198,0.7116567
188,199,0.6358969
188,1247,0.63281673
188,1255,0.60275656
188,1773,0.72427803
194,247,0.6032093
195,204,0.6024673
195,1773,0.61788684
196,198,0.6208727
196,627,0.6036357
196,3298,0.60634565
197,204,0.6285233
197,1436,0.63149655
198,627,0.62579143
198,639,0.6428256
198,815,0.6696453
198,1773,0.61584795
199,605,0.6393231
199,614,0.6441756
199,624,0.6200348
199,627,0.68607324
199,639,0.6594833
199,640,0.6307441
199,815,0.6504121
199,964,0.625839
199,1247,0.6496078
199,1319,0.61745596
199,1773,0.61217564
199,1856,0.63934374
201,626,0.6324853
201,1643,0.6178963
201,1653,0.604848
201,1705,0.6307784
201,1754,0.613077
201,1868,0.6402745
201,1899,0.7044564
201,1987,0.61443555
201,2052,0.67516154
201,2146,0.60130644
201,2147,0.62863624
201,2177,0.6248447
201,2262,0.62840134
201,2295,0.60529625
201,2361,0.6243109
201,2390,0.62083423
201,2479,0.64728713
201,2533,0.6313332
201,2615,0.615901
201,2672,0.6085447
201,2685,0.6158447
201,2698,0.6132922
201,2700,0.60883576
201,2755,0.67548776
201,2850,0.61292976
201,2888,0.6147063
201,2914,0.6227623
201,2916,0.6396001
201,2925,0.6159817
201,2927,0.6652312
201,3016,0.6293904
201,3022,0.6427026
201,3099,0.61031365
201,3104,0.60068333
201,3117,0.6071071
201,3130,0.61528707
201,3173,0.6217343
201,3208,0.6523448
204,1433,0.6772291
210,270,0.7772549
210,271,0.74493027
212,572,0.8448256
212,919,0.6464919
213,1699,0.62891364
214,215,0.64587283
214,2455,0.61084235
224,234,0.6403668
224,1376,0.6261081
228,1752,0.68272877
229,233,0.65293884
232,286,0.6015283
232,2132,0.6280457
233,275,0.6113334
233,768,0.63801706
233,1702,0.60053295
233,1844,0.62401354
233,1907,0.60435176
233,2052,0.62268853
233,2248,0.6297258
233,2573,0.63787234
233,2614,0.6047672
233,2722,0.6102529
234,873,0.60772634
234,2460,0.63527477
237,275,0.61541104
238,2132,0.63035876
245,1038,0.6436889
245,1049,0.62402326
246,1376,0.6307545
246,1620,0.63542145
246,1907,0.62769383
249,255,0.6126387
249,576,0.6313688
249,1740,0.6137419
250,251,0.65221655
250,255,0.6070048
250,258,0.6605668
250,576,0.67627823
250,630,0.6044538
250,795,0.6248394
250,805,0.6044538
250,932,0.6675355
250,1009,0.60729027
250,1267,0.6068194
250,1636,0.6178498
250,2373,0.6348537
251,932,0.61443555
252,253,0.6152116
252,288,0.60573876
252,1111,0.6087788
252,1386,0.65094084
252,1634,0.62931055
252,1704,0.62341845
253,255,0.64866704
253,258,0.6085377
253,2165,0.6140453
256,2165,0.62202847
258,576,0.64676446
258,1267,0.6128736
258,1386,0.6145636
258,2614,0.6147036
266,267,0.7847373
270,271,0.70205724
272,273,0.7539474
272,316,0.7369013
273,316,0.61336076
274,287,0.71010053
275,854,0.6072022
286,2253,0.763429
288,859,0.6153323
288,872,0.61457574
288,1386,0.6014743
288,1634,0.61478853
288,1704,0.6677927
289,1637,0.60085857
290,1051,0.6224991
291,2677,0.6137997
295,789,0.605243
295,1027,0.61458844
295,1323,0.64837056
295,1333,0.66705596
295,2331,0.6156762
298,300,0.7549052
298,1513,0.60207283
299,3111,0.61710894
300,2776,0.64257705
302,303,0.68911475
313,1910,0.6214328
317,1329,0.6143099
329,1538,0.8033185
330,2606,0.6726148
332,1552,0.7602396
335,2011,0.62751365
339,2453,0.60948014
343,1456,0.678191
343,1596,0.6009381
344,2696,0.6224395
344,3216,0.6373484
345,349,0.6984973
350,1566,0.74166965
353,1458,0.8873246
358,431,0.64801276
358,1866,0.6115755
359,616,0.7543709
360,1310,0.6509052
361,912,0.6260308
365,705,0.63707507
366,1142,0.62369597
366,2347,0.61069834
366,2721,0.61151826
370,1229,0.6213491
370,1525,0.61397463
370,1526,0.70313144
371,836,0.6220648
373,740,0.622941
373,1105,0.67242175
373,1246,0.6100357
373,2162,0.62454337
378,1926,0.6173384
379,855,0.61069846
379,1816,0.98967224
382,896,0.64573514
383,2476,0.60979676
384,2156,0.6382834
389,401,0.6112548
401,409,0.61130804
401,431,0.62492645
401,1040,0.6119837
403,749,0.6004302
403,931,0.6168637
403,3237,0.6767534
405,625,0.73159415
408,409,0.6571798
408,591,0.60265374
408,730,0.6191926
408,738,0.6126535
408,868,0.63831794
408,879,0.72656155
408,886,0.6158947
408,1015,0.62023896
408,1017,0.6178003
408,1040,0.61507595
408,1850,0.6577806
408,1864,0.68556464
408,2135,0.62693334
408,2701,0.61015815
408,3257,0.64936554
409,738,0.6083624
409,868,0.600711
409,2272,0.6000048
409,2275,0.6458781
409,2701,0.65452385
410,732,0.626806
412,2532,0.6113054
415,579,0.6954391
415,1910,0.6161664
417,1710,0.61228466
418,722,0.99195135
419,983,0.61864126
419,1290,0.6395845
420,738,0.6238177
421,919,0.6110573
421,2606,0.6017559
423,424,0.7346566
423,426,0.72993064
423,427,0.71157193
423,432,0.7094598
423,433,0.6016141
423,434,0.65685534
423,435,0.695105
423,436,0.63460416
423,437,0.6815078
423,438,0.70003617
423,439,0.7645399
423,440,0.64126104
423,441,0.6681802
423,442,0.6836605
423,443,0.6456024
423,444,0.62587154
423,445,0.71211565
423,446,0.7078695
423,447,0.69621986
423,448,0.71951926
423,449,0.69679904
423,450,0.62698746
423,451,0.75217223
423,452,0.73103046
423,453,0.74726653
423,454,0.7479204
423,455,0.78356284
423,456,0.7426604
423,458,0.640269
423,459,0.69159114
423,460,0.66514456
423,461,0.7116593
423,464,0.6504979
423,465,0.7033009
423,466,0.7070581
423,467,0.66929245
423,468,0.66857755
423,469,0.65709955
423,470,0.7133996
423,471,0.6637074
423,472,0.67952734
423,473,0.66941524
423,474,0.7028874
423,476,0.66593164
423,477,0.6340136
423,478,0.71047103
423,480,0.6268606
423,482,0.6095878
423,483,0.6384356
423,484,0.6893225
423,485,0.6797817
423,486,0.66307974
423,487,0.6992909
423,488,0.696366
423,489,0.6346847
423,491,0.69613504
423,492,0.6481411
423,493,0.75885165
423,494,0.6568441
423,495,0.6695086
423,496,0.6739943
423,497,0.6516715
423,498,0.61691606
423,499,0.60050064
423,501,0.65711015
423,502,0.63104105
423,505,0.6412601
423,506,0.6240765
423,507,0.69959533
423,508,0.639294
423,510,0.62139904
423,513,0.69380283
423,514,0.64851606
423,515,0.743592
423,516,0.6540889
423,518,0.7809924
423,519,0.6580676
423,520,0.6917403
423,521,0.6866101
423,524,0.7008346
423,525,0.6730962
423,526,0.65931
423,527,0.72405356
423,528,0.7105447
423,529,0.69827306
423,530,0.7053521
423,531,0.60086405
423,532,0.69155127
423,533,0.69544286
423,534,0.6433993
423,535,0.68236685
423,536,0.6290872
423,537,0.7471268
423,538,0.6439538
423,539,0.7054614
423,540,0.69272697
423,541,0.70106244
423,542,0.6994067
423,543,0.64321005
423,544,0.60675204
423,545,0.722939
423,546,0.66701615
423,547,0.65446985
423,548,0.70455956
423,549,0.6967698
423,550,0.63495684
423,551,0.7105118
423,552,0.7183145
423,553,0.69493544
423,554,0.7267908
423,555,0.64767814
423,556,0.69392806
423,713,0.6337149
424,425,0.645006
424,426,0.7986078
424,427,0.80682975
424,432,0.73890543
424,433,0.70736337
424,434,0.67941046
424,435,0.7379911
424,436,0.7859334
424,437,0.7586967
424,438,0.8048516
424,439,0.7965925
424,440,0.7128073
424,441,0.70149016
424,442,0.7306962
424,443,0.6304337
424,444,0.66745174
424,445,0.7646798
424,446,0.834658
424,447,0.7105681
424,448,0.7749014
424,449,0.77030873
424,450,0.74745524
424,451,0.7467655
424,452,0.70727015
424,453,0.791788
424,454,0.8444158
424,455,0.81454647
424,456,0.8445083
424,458,0.6604494
424,459,0.66130555
424,461,0.7558664
424,462,0.61942375
424,463,0.7156489
424,464,0.66298807
424,465,0.70422983
424,466,0.7002748
424,467,0.6629759
424,468,0.695642
424,469,0.7157672
424,470,0.7207828
424,471,0.73486817
424,472,0.65403426
424,473,0.78795266
424,474,0.7731445
424,475,0.68358314
424,476,0.6970985
424,477,0.672668
424,478,0.74375474
424,480,0.6094408
424,482,0.67075795
424,483,0.6984769
424,484,0.63253057
424,485,0.71840495
424,486,0.6803473
424,487,0.74739957
424,488,0.7401706
424,489,0.70876175
424,490,0.6512119
424,491,0.7917206
424,492,0.7030761
424,493,0.7767788
424,494,0.6989491
424,495,0.7150885
424,496,0.6584935
424,497,0.75303227
424,498,0.6013928
424,499,0.62182933
424,501,0.7266016
424,502,0.6961049
424,505,0.613042
424,506,0.64662594
424,507,0.7899768
424,508,0.71415746
424,510,0.7243859
424,512,0.60982966
424,513,0.7875407
424,514,0.72548884
424,515,0.6680399
424,516,0.7582128
424,518,0.76820827
424,519,0.76610756
424,520,0.7121322
424,521,0.72730124
424,523,0.6776378
424,524,0.6822601
424,525,0.7914784
424,526,0.71989065
424,527,0.748834
424,528,0.8002582
424,529,0.70660126
424,530,0.76659054
424,531,0.6564358
424,532,0.7470156
424,533,0.7116612
424,534,0.66639316
424,535,0.7254
424,536,0.6667736
424,537,0.8263469
424,538,0.7165517
424,539,0.75247884
424,540,0.7500886
424,541,0.764348
424,542,0.74281573
424,543,0.77938545
424,544,0.6195314
424,545,0.7721721
424,546,0.7704277
424,547,0.7106675
424,548,0.7537879
424,549,0.6894715
424,550,0.6707364
424,551,0.7790065
424,552,0.7103181
424,553,0.73331445
424,554,0.75627935
424,555,0.6040975
424,556,0.79303813
424,713,0.64205205
425,426,0.6023462
425,432,0.6611313
425,438,0.63575673
425,446,0.6060933
425,454,0.6026565
425,455,0.6353742
425,456,0.6049001
425,472,0.7053387
425,473,0.6153099
425,485,0.6192895
425,491,0.6305213
425,497,0.6564652
425,499,0.6078694
425,507,0.60174835
425,516,0.6105149
425,519,0.69159853
425,520,0.6060491
425,522,0.61668664
425,525,0.60636955
425,528,0.6306212
425,533,0.63491
425,537,0.7204653
425,545,0.6277983
425,553,0.71114457
425,554,0.6018613
425,1513,0.6126702
426,427,0.75998056
426,432,0.6527655
426,433,0.6282592
426,434,0.6278572
426,435,0.73799986
426,436,0.75082624
426,437,0.7181561
426,438,0.70471036
426,439,0.7702658
426,440,0.65096104
426,441,0.65665984
426,442,0.65059674
426,445,0.71810395
426,446,0.76670504
426,447,0.66860044
426,448,0.7593591
426,449,0.7386859
426,450,0.7334931
426,451,0.6790182
426,452,0.6351925
426,453,0.7637249
426,454,0.7305605
426,455,0.744189
426,456,0.77570206
426,459,0.6179743
426,461,0.7140837
426,464,0.65260994
426,465,0.6610651
426,466,0.65932107
426,467,0.62377435
426,468,0.6847708
426,469,0.62916386
426,470,0.73513055
426,471,0.6887367
426,472,0.68597305
426,473,0.7056984
426,474,0.7581916
426,476,0.66168433
426,477,0.6443954
426,478,0.70793706
426,482,0.6164984
426,483,0.6410553
426,485,0.6728866
426,486,0.6037519
426,487,0.65445244
426,488,0.7283964
426,489,0.69982284
426,491,0.7376385
426,492,0.69288373
426,493,0.6916387
426,494,0.67187536
426,495,0.64661145
426,496,0.6361362
426,497,0.8452858
426,501,0.6630143
426,502,0.628267
426,507,0.84907305
426,508,0.66213274
426,510,0.6420858
426,513,0.6944715
426,514,0.63202083
426,515,0.6530647
426,516,0.6953682
426,518,0.703766
426,519,0.733062
426,520,0.6413126
426,521,0.64335895
426,523,0.616406
426,524,0.6498617
426,525,0.7212609
426,526,0.6917057
426,527,0.6608745
426,528,0.70577884
426,529,0.68735254
426,530,0.71090776
426,532,0.6912685
426,533,0.73971033
426,534,0.6084073
426,535,0.6697762
426,536,0.60942096
426,537,0.76223993
426,539,0.6991936
426,540,0.670674
426,541,0.68744826
426,542,0.7041225
426,543,0.7971358
426,545,0.70732665
426,546,0.7271837
426,547,0.676808
426,548,0.6564799
426,549,0.6581422
426,550,0.6425365
426,551,0.76251256
426,552,0.6561396
426,553,0.74045545
426,554,0.7226732
426,556,0.7595877
426,713,0.6470123
427,432,0.6562482
427,434,0.6112691
427,435,0.7050303
427,436,0.7980424
427,437,0.70439756
427,438,0.6550642
427,439,0.74590445
427,440,0.68782085
427,441,0.6299163
427,442,0.72488093
427,443,0.6281954
427,444,0.67551684
427,445,0.76677823
427,446,0.7157278
427,447,0.6938746
427,448,0.79561263
427,449,0.7150992
427,450,0.71240205
427,451,0.7082311
427,452,0.7099767
427,453,0.7511108
427,454,0.75793564
427,455,0.74057096
427,456,0.7367668
427,458,0.64713633
427,459,0.6541173
427,461,0.7018107
427,464,0.62535506
427,465,0.654032
427,466,0.7480306
427,467,0.698377
427,468,0.6836909
427,469,0.664552
427,470,0.7166587
427,471,0.7175312
427,472,0.67884433
427,473,0.72960615
427,474,0.7294545
427,475,0.703128
427,476,0.69236374
427,477,0.7367649
427,478,0.67635846
427,480,0.64634645
427,482,0.66452706
427,483,0.6398071
427,484,0.657277
427,485,0.6884005
427,486,0.6585988
427,487,0.7163194
427,488,0.7348043
427,489,0.7453148
427,490,0.6170497
427,491,0.7106213
427,492,0.63960326
427,493,0.78924227
427,494,0.7967385
427,495,0.66250277
427,496,0.64439315
427,497,0.67596
427,498,0.6103118
427,501,0.62278175
427,502,0.6040714
427,506,0.63478947
427,507,0.7165044
427,508,0.66462517
427,510,0.60033494
427,513,0.6953634
427,514,0.6261846
427,515,0.67928493
427,516,0.6471909
427,518,0.6966189
427,519,0.72748435
427,520,0.645546
427,521,0.7087297
427,524,0.69918025
427,525,0.7324252
427,526,0.72154224
427,527,0.72724724
427,528,0.6775917
427,529,0.68980056
427,530,0.68954957
427,532,0.65238583
427,533,0.6324536
427,534,0.63290995
427,535,0.69597876
427,536,0.6725793
427,537,0.7075521
427,538,0.6106403
427,539,0.78794706
427,540,0.7290397
427,541,0.7252224
427,542,0.71311104
427,543,0.7321055
427,545,0.6437496
427,546,0.734476
427,547,0.6707703
427,548,0.73464274
427,549,0.6712592
427,550,0.6593898
427,551,0.74012583
427,552,0.64365375
427,553,0.6890305
427,554,0.7192627
427,555,0.61440825
427,556,0.8076024
427,713,0.6223917
428,431,0.6248764
431,730,0.65946025
431,738,0.6104687
431,1017,0.615311
431,1864,0.6260594
432,433,0.69466054
432,434,0.677902
432,435,0.62396795
432,436,0.6237482
432,437,0.68463147
432,438,0.74030083
432,439,0.7149284
432,440,0.65323377
432,441,0.7536063
432,442,0.65719867
432,443,0.63968027
432,444,0.6495294
432,445,0.68025863
432,446,0.7028369
432,447,0.7025579
432,448,0.7085919
432,449,0.7262111
432,450,0.62496144
432,451,0.72058034
432,452,0.6361542
432,453,0.7193612
432,454,0.794575
432,455,0.77123904
432,456,0.70872587
432,459,0.6048447
432,460,0.664763
432,461,0.72394574
432,463,0.6083081
432,464,0.6626836
432,465,0.7625425
432,466,0.7426287
432,467,0.68731415
432,468,0.63628244
432,469,0.70368624
432,470,0.6294259
432,471,0.63763404
432,472,0.70018816
432,473,0.68500173
432,474,0.7372719
432,477,0.6555344
432,478,0.737031
432,480,0.6256415
432,482,0.6215574
432,485,0.7775843
432,486,0.6437764
432,487,0.67392427
432,488,0.66712093
432,489,0.6348028
432,490,0.61940706
432,491,0.7262463
432,492,0.6441456
432,493,0.65966254
432,494,0.61068463
432,495,0.738074
432,496,0.7680453
432,497,0.637437
432,501,0.70781004
432,502,0.7017633
432,505,0.62330747
432,507,0.7000716
432,513,0.6810186
432,514,0.7168567
432,515,0.67669415
432,516,0.6695145
432,518,0.7482539
432,519,0.6564052
432,520,0.65108824
432,521,0.6772737
432,522,0.6532161
432,523,0.6890043
432,524,0.6255806
432,525,0.67691654
432,526,0.67971563
432,527,0.75365925
432,528,0.72169375
432,529,0.6597081
432,530,0.73436767
432,532,0.70355225
432,533,0.67941827
432,534,0.66211975
432,535,0.6534116
432,536,0.60724974
432,537,0.695439
432,538,0.7326865
432,539,0.7436009
432,540,0.76089346
432,541,0.6412759
432,542,0.6688516
432,543,0.600405
432,544,0.6085882
432,545,0.7108513
432,546,0.6804304
432,547,0.62514555
432,548,0.68599796
432,549,0.67482877
432,550,0.6287159
432,551,0.70383334
432,552,0.7047334
432,553,0.69863075
432,554,0.63948107
432,555,0.6376965
432,556,0.69643664
432,713,0.60667455
433,434,0.6225579
433,436,0.6113368
433,437,0.6020726
433,438,0.71642053
433,439,0.6436051
433,445,0.6339122
433,446,0.61923444
433,449,0.60359526
433,451,0.6007302
433,453,0.6765536
433,454,0.66751456
433,455,0.6812322
433,456,0.6299923
433,461,0.62067556
433,465,0.6618682
433,470,0.6064833
433,473,0.6329769
433,474,0.6507065
433,478,0.63080466
433,485,0.6519396
433,490,0.6297101
433,491,0.7366241
433,492,0.62658155
433,497,0.62213594
433,499,0.6148358
433,501,0.61133325
433,502,0.6611583
433,507,0.69934773
433,510,0.62658954
433,511,0.6308045
433,513,0.6262785
433,514,0.71468836
433,518,0.6755005
433,520,0.60358524
433,525,0.6598029
433,527,0.61103046
433,528,0.6547183
433,529,0.60733175
433,530,0.6332797
433,532,0.6407143
433,533,0.6146122
433,537,0.62307197
433,538,0.6718868
433,539,0.634941
433,540,0.6678071
433,542,0.6312254
433,543,0.6162056
433,545,0.69664323
433,546,0.6033486
433,549,0.6204574
433,551,0.62088895
433,553,0.61408615
433,556,0.65809596
434,435,0.6289287
434,436,0.6089549
434,437,0.7183406
434,439,0.7366703
434,440,0.667701
434,441,0.6375026
434,442,0.601202
434,443,0.6605396
434,445,0.6430463
434,446,0.6328225
434,447,0.72769654
434,448,0.6677314
434,449,0.6010759
434,451,0.6229167
434,452,0.63685286
434,453,0.6443994
434,454,0.7185705
434,455,0.7453098
434,459,0.63514507
434,460,0.73158664
434,461,0.7220839
434,464,0.6927366
434,465,0.7216021
434,466,0.7292489
434,467,0.70923734
434,470,0.64028275
434,471,0.6344185
434,472,0.67671156
434,473,0.6032488
434,474,0.64628345
434,476,0.61852497
434,478,0.7755096
434,480,0.6390167
434,483,0.66468704
434,485,0.63670325
434,486,0.64043564
434,487,0.6929319
434,488,0.6237333
434,489,0.6539357
434,491,0.67664015
434,492,0.6249713
434,493,0.6070254
434,494,0.6399119
434,495,0.69357485
434,496,0.75602376
434,501,0.6502758
434,507,0.6788887
434,508,0.62115276
434,513,0.64002675
434,514,0.6630012
434,515,0.6806217
434,518,0.68391365
434,520,0.6305292
434,524,0.6004671
434,526,0.71586967
434,527,0.731738
434,529,0.63832223
434,530,0.64837
434,531,0.6427281
434,532,0.6417984
434,533,0.6249459
434,537,0.6475881
434,539,0.7155893
434,540,0.63845205
434,541,0.6305624
434,542,0.6539901
434,544,0.6363247
434,545,0.6264761
434,548,0.6116929
434,551,0.6468026
434,552,0.64561266
434,553,0.69210684
434,554,0.6405399
434,555,0.70051014
434,556,0.6256432
435,436,0.6898046
435,437,0.65247154
435,438,0.62824476
435,439,0.7074196
435,440,0.62151766
435,441,0.62186027
435,442,0.6461108
435,444,0.6113382
435,445,0.6938931
435,446,0.81241477
435,447,0.6999862
435,448,0.70806205
435,449,0.75288945
435,450,0.7132239
435,451,0.7067027
435,452,0.71817434
435,453,0.68621016
435,454,0.71907866
435,455,0.6994045
435,456,0.7345492
435,459,0.8445722
435,461,0.67155737
435,463,0.6407766
435,464,0.64656425
435,465,0.6343678
435,466,0.61419237
435,467,0.64244413
435,469,0.62779725
435,470,0.6893404
435,471,0.6752177
435,473,0.67485774
435,474,0.72333765
435,475,0.6978229
435,476,0.62769145
435,477,0.6366682
435,478,0.6778912
435,480,0.6126431
435,482,0.733083
435,483,0.7115495
435,484,0.6113231
435,485,0.63380724
435,486,0.6636734
435,487,0.68826306
435,488,0.714558
435,491,0.70266604
435,492,0.60640913
435,493,0.7684734
435,494,0.71619564
435,495,0.65719616
435,496,0.63980925
435,497,0.6555444
435,501,0.67880553
435,502,0.6204655
435,505,0.6088856
435,506,0.64123434
435,507,0.6750433
435,508,0.64989245
435,510,0.6089013
435,513,0.7177727
435,515,0.63359237
435,516,0.62297714
435,518,0.7163235
435,519,0.71785516
435,520,0.66648394
435,521,0.6839311
435,523,0.6059884
435,524,0.6780412
435,525,0.60980964
435,526,0.6749443
435,527,0.6580379
435,528,0.7068883
435,529,0.7049415
435,530,0.7044462
435,532,0.60814595
435,533,0.6827934
435,535,0.7391366
435,536,0.69297624
435,537,0.7189034
435,539,0.7192776
435,540,0.6292343
435,541,0.7208371
435,542,0.7120975
435,543,0.69515795
435,544,0.60728073
435,545,0.6656298
435,546,0.6446191
435,547,0.7089927
435,548,0.6782509
435,549,0.6279386
435,550,0.67060417
435,551,0.75131285
435,552,0.69094276
435,553,0.6963531
435,554,0.74424636
435,556,0.707327
435,713,0.60343176
436,437,0.67386687
436,438,0.6446725
436,439,0.6824221
436,440,0.6366019
436,441,0.6373179
436,442,0.65712523
436,445,0.7454019
436,446,0.7032521
436,447,0.6286255
436,448,0.73932457
436,449,0.745031
436,450,0.6388965
436,451,0.6752428
436,452,0.6352273
436,453,0.70213896
436,454,0.71226513
436,455,0.6847911
436,456,0.7287526
436,461,0.67884254
436,465,0.666849
436,466,0.6453946
436,467,0.61411583
436,468,0.6921489
436,469,0.6376071
436,470,0.6689272
436,471,0.658054
436,472,0.65829
436,473,0.72162366
436,474,0.72273815
436,475,0.6534917
436,476,0.63016164
436,477,0.6892438
436,478,0.6408442
436,485,0.6453704
436,486,0.6421694
436,487,0.63892984
436,488,0.7294307
436,489,0.6900133
436,490,0.61811846
436,491,0.7252691
436,492,0.659147
436,493,0.6919858
436,494,0.65246487
436,495,0.62249404
436,496,0.6269256
436,497,0.7074156
436,501,0.6639166
436,502,0.6688359
436,507,0.73703897
436,508,0.6691035
436,510,0.6080257
436,513,0.68568003
436,514,0.62377346
436,515,0.6302704
436,516,0.6496384
436,518,0.6842864
436,519,0.7180346
436,521,0.6845152
436,523,0.6997578
436,524,0.6075555
436,525,0.7235489
436,526,0.66857827
436,527,0.6670884
436,528,0.7232804
436,529,0.66099906
436,530,0.6429577
436,532,0.681111
436,533,0.6736448
436,535,0.67460364
436,536,0.65907365
436,537,0.71288145
436,538,0.639207
436,539,0.7094163
436,540,0.6728697
436,541,0.65290815
436,542,0.69809496
436,543,0.7906139
436,545,0.6355448
436,546,0.7643713
436,547,0.6238985
436,548,0.6304338
436,550,0.6185366
436,551,0.7572663
436,553,0.6932253
436,554,0.6599591
436,556,0.7828239
436,713,0.6097355
437,438,0.74827385
437,439,0.70402706
437,440,0.6844003
437,441,0.66123253
437,442,0.618695
437,443,0.6499622
437,445,0.6927999
437,446,0.6927346
437,447,0.6402346
437,448,0.71524674
437,449,0.6601492
437,450,0.62931764
437,451,0.6750707
437,452,0.6782479
437,453,0.7160435
437,454,0.7639425
437,455,0.80279255
437,456,0.71382815
437,458,0.60018754
437,459,0.64065367
437,460,0.6377777
437,461,0.73837984
437,464,0.666282
437,465,0.68643034
437,466,0.741258
437,467,0.6672322
437,468,0.67052996
437,469,0.6200615
437,470,0.6567049
437,471,0.66550106
437,472,0.6875962
437,473,0.61627185
437,474,0.6834581
437,475,0.6373864
437,476,0.6817757
437,478,0.74774593
437,483,0.6184933
437,485,0.67490894
437,486,0.6183913
437,487,0.69715655
437,488,0.6392791
437,489,0.62835044
437,491,0.68406844
437,492,0.6678302
437,493,0.70294887
437,494,0.62023467
437,495,0.7044649
437,496,0.68662906
437,497,0.64148146
437,501,0.69392234
437,502,0.61621785
437,505,0.63949466
437,507,0.6805416
437,508,0.68549186
437,510,0.609684
437,513,0.6495243
437,514,0.6955093
437,515,0.6846225
437,516,0.6166691
437,518,0.70101297
437,519,0.6121717
437,520,0.7005465
437,522,0.6304312
437,525,0.64085454
437,526,0.7228341
437,527,0.7301514
437,528,0.6158957
437,529,0.70571184
437,530,0.6222843
437,531,0.6123614
437,532,0.6604973
437,533,0.6618068
437,535,0.6061251
437,537,0.70351267
437,538,0.6023568
437,539,0.69983935
437,540,0.6717404
437,541,0.6557847
437,542,0.7072581
437,543,0.6259192
437,545,0.6810328
437,546,0.6798818
437,547,0.60675085
437,548,0.70663345
437,549,0.6544782
437,550,0.6526227
437,551,0.73185253
437,552,0.6973475
437,553,0.69904965
437,554,0.72803366
437,555,0.62141013
437,556,0.6932342
438,439,0.718216
438,440,0.6623509
438,441,0.67787117
438,443,0.63685876
438,445,0.6806737
438,446,0.7413616
438,447,0.61510897
438,448,0.6734023
438,449,0.7039231
438,450,0.63180673
438,451,0.7074155
438,452,0.6720184
438,453,0.7861436
438,454,0.78746724
438,455,0.81900275
438,456,0.72466743
438,458,0.6389587
438,459,0.6233165
438,461,0.7254138
438,463,0.64003366
438,464,0.6023829
438,465,0.7072532
438,466,0.6524769
438,467,0.60670024
438,468,0.6833548
438,469,0.62810075
438,470,0.61663043
438,471,0.6780821
438,472,0.6033709
438,473,0.6632053
438,474,0.7305038
438,476,0.6060047
438,478,0.7636932
438,483,0.6673126
438,485,0.66601133
438,486,0.6200999
438,487,0.6274454
438,488,0.6286987
438,491,0.747409
438,492,0.7037759
438,493,0.7050024
438,495,0.71471655
438,496,0.6609989
438,497,0.68708056
438,499,0.70690954
438,500,0.6383014
438,501,0.6802113
438,502,0.72985625
438,504,0.6149157
438,505,0.6753855
438,507,0.7248857
438,508,0.62798893
438,510,0.6966774
438,511,0.73435044
438,513,0.7330539
438,514,0.7443211
438,515,0.60631025
438,516,0.7198939
438,518,0.76046574
438,519,0.6306287
438,520,0.68321747
438,521,0.6136199
438,522,0.6391133
438,525,0.6768501
438,526,0.69922423
438,527,0.674402
438,528,0.7071659
438,529,0.7153825
438,530,0.6733681
438,532,0.6902125
438,533,0.68411165
438,534,0.6207372
438,535,0.63441193
438,537,0.7573142
438,538,0.71824604
438,539,0.66182363
438,540,0.66643906
438,541,0.6766246
438,542,0.6695676
438,543,0.6769391
438,545,0.8006208
438,546,0.72272193
438,549,0.70028925
438,550,0.6458848
438,551,0.70689934
438,552,0.66624343
438,553,0.68205714
438,554,0.707318
438,556,0.71190417
438,713,0.6043441
439,440,0.6759354
439,441,0.66506314
439,442,0.67348367
439,443,0.6486558
439,444,0.7067114
439,445,0.73638797
439,446,0.7372188
439,447,0.7723317
439,448,0.7397493
439,449,0.72478163
439,450,0.7211262
439,451,0.73057663
439,452,0.7142124
439,453,0.7632812
439,454,0.76338613
439,455,0.7953687
439,456,0.73713064
439,458,0.6232226
439,459,0.6437632
439,460,0.71447843
439,461,0.76113164
439,464,0.76354986
439,465,0.77324986
439,466,0.758837
439,467,0.80004466
439,468,0.6431427
439,469,0.6750586
439,470,0.7369468
439,471,0.73003364
439,472,0.65582585
439,473,0.7422286
439,474,0.7576208
439,475,0.6432861
439,476,0.6646306
439,477,0.66621196
439,478,0.78210104
439,480,0.7032348
439,483,0.711879
439,484,0.7097975
439,485,0.70439184
439,486,0.6416224
439,487,0.73294324
439,488,0.7355774
439,489,0.70368695
439,490,0.6415926
439,491,0.7441469
439,492,0.6946759
439,493,0.7460468
439,494,0.7741307
439,495,0.688714
439,496,0.7324259
439,497,0.70048505
439,499,0.6164534
439,500,0.6204667
439,501,0.7043635
439,502,0.6568314
439,503,0.6363733
439,505,0.64399064
439,506,0.70359355
439,507,0.7877903
439,508,0.68703556
439,510,0.70533353
439,513,0.7444343
439,514,0.61201596
439,515,0.68621665
439,516,0.6139382
439,518,0.7786232
439,519,0.6888807
439,520,0.750165
439,521,0.6383773
439,523,0.60220575
439,524,0.7678994
439,525,0.69575655
439,526,0.75598663
439,527,0.74352396
439,528,0.70195305
439,529,0.75040555
439,530,0.72345436
439,532,0.7191067
439,533,0.7039254
439,534,0.61811507
439,535,0.6637255
439,536,0.6877027
439,537,0.7361082
439,538,0.6583231
439,539,0.7751188
439,540,0.6890495
439,541,0.7747712
439,542,0.7522378
439,543,0.6952901
439,544,0.70019186
439,545,0.79031324
439,546,0.7194761
439,547,0.6950743
439,548,0.6665762
439,549,0.71739817
439,550,0.61517966
439,551,0.7584977
439,552,0.65486145
439,553,0.7631349
439,554,0.7554766
439,555,0.68894637
439,556,0.7603983
439,713,0.60816604
440,441,0.63921964
440,442,0.7058002
440,443,0.60625505
440,445,0.6406325
440,446,0.65522933
440,447,0.65684307
440,448,0.67095596
440,450,0.61088884
440,453,0.67814636
440,454,0.713858
440,455,0.7360942
440,459,0.6188339
440,460,0.65158045
440,461,0.6859135
440,466,0.6864203
440,467,0.64795035
440,471,0.6726587
440,472,0.67134213
440,473,0.64756507
440,474,0.6239315
440,476,0.6655462
440,478,0.65544194
440,483,0.6480038
440,485,0.6813357
440,487,0.643268
440,488,0.64968807
440,489,0.63555336
440,491,0.65727305
440,492,0.6186979
440,493,0.6293539
440,495,0.6543864
440,497,0.64037216
440,507,0.65760344
440,510,0.6249447
440,513,0.6259214
440,514,0.65905255
440,515,0.63349056
440,518,0.60958207
440,519,0.71465784
440,521,0.6181173
440,524,0.60540116
440,525,0.7432613
440,526,0.65703654
440,527,0.66883385
440,529,0.6044164
440,532,0.6504402
440,537,0.65436167
440,538,0.61934614
440,539,0.6952911
440,540,0.6447215
440,541,0.6220736
440,542,0.6340047
440,543,0.6052846
440,545,0.64137447
440,546,0.63253415
440,548,0.6201972
440,549,0.6178655
440,550,0.6361206
440,553,0.6548115
440,556,0.7101898
441,442,0.62996495
441,445,0.66913533
441,446,0.6519605
441,447,0.67051864
441,448,0.66518974
441,449,0.6765379
441,450,0.60522485
441,451,0.6484721
441,452,0.6065527
441,453,0.72065425
441,454,0.76277745
441,455,0.7112261
441,456,0.6332859
441,459,0.6174595
441,460,0.65658164
441,461,0.73883605
441,464,0.6093105
441,465,0.6841667
441,466,0.6870965
441,467,0.63204074
441,469,0.62472135
441,470,0.6103975
441,471,0.6298256
441,472,0.68191504
441,473,0.6364014
441,474,0.7141249
441,476,0.65880346
441,477,0.66369295
441,478,0.7048422
441,485,0.72096187
441,486,0.6058866
441,487,0.64576113
441,488,0.62012076
441,491,0.66178304
441,492,0.63386035
441,493,0.6322696
441,495,0.74637926
441,496,0.7046578
441,497,0.6644912
441,501,0.6173927
441,502,0.62265766
441,507,0.6897689
441,513,0.6669134
441,514,0.62038714
441,515,0.6499971
441,516,0.63063234
441,518,0.6732524
441,519,0.64852244
441,521,0.70604926
441,522,0.62514687
441,523,0.61997354
441,525,0.6819964
441,527,0.7122982
441,528,0.6804394
441,530,0.63598245
441,531,0.61689603
441,532,0.69123614
441,533,0.6228456
441,534,0.6554021
441,535,0.6374336
441,537,0.66167665
441,538,0.6395579
441,539,0.67031795
441,540,0.62934756
441,541,0.66016436
441,543,0.6518985
441,545,0.6367328
441,546,0.6599901
441,548,0.6513273
441,549,0.61353785
441,550,0.6214596
441,551,0.61965823
441,552,0.7007961
441,553,0.6550689
441,554,0.6169736
441,556,0.65860695
442,443,0.609472
442,444,0.7000911
442,445,0.63462454
442,446,0.69438124
442,447,0.7008847
442,448,0.6501817
442,449,0.683131
442,451,0.70947134
442,452,0.67579067
442,453,0.71950436
442,454,0.7565497
442,455,0.7160286
442,456,0.7435503
442,458,0.6100806
442,459,0.64316314
442,460,0.6200442
442,461,0.6556469
442,464,0.6473551
442,465,0.657784
442,466,0.6704974
442,467,0.66408134
442,470,0.6037179
442,471,0.68085974
442,472,0.65622926
442,473,0.7222378
442,474,0.66837007
442,475,0.62664336
442,476,0.6198809
442,478,0.6313945
442,480,0.66946816
442,483,0.6061921
442,484,0.6204673
442,485,0.71534956
442,486,0.6363231
442,487,0.74903715
442,488,0.69567823
442,489,0.60315293
442,491,0.6954878
442,493,0.7295745
442,494,0.6385838
442,495,0.6692213
442,496,0.67719537
442,497,0.6285267
442,501,0.6157514
442,502,0.6089642
442,507,0.69916904
442,508,0.6364286
442,513,0.674713
442,515,0.68607163
442,518,0.698671
442,519,0.8597542
442,520,0.6219932
442,521,0.6648025
442,524,0.6707177
442,525,0.6180302
442,526,0.6339385
442,527,0.724274
442,528,0.70638835
442,529,0.640607
442,530,0.65388227
442,532,0.6742617
442,533,0.632905
442,534,0.6178311
442,535,0.67239285
442,536,0.6671793
442,537,0.70482886
442,538,0.6171901
442,539,0.72457707
442,540,0.68304396
442,541,0.6659155
442,542,0.67501354
442,544,0.64090437
442,545,0.6140857
442,546,0.6551237
442,548,0.7443942
442,549,0.6203135
442,550,0.61724746
442,551,0.663403
442,552,0.62767655
442,553,0.61808395
442,554,0.6546446
442,556,0.6727295
442,713,0.612108
443,447,0.6200993
443,448,0.6325549
443,451,0.63237053
443,452,0.6660195
443,453,0.6307513
443,454,0.65486956
443,455,0.7449131
443,456,0.63346565
443,459,0.62726617
443,460,0.63930005
443,461,0.61940765
443,464,0.6421792
443,465,0.67574483
443,466,0.67625624
443,467,0.6088958
443,471,0.61913097
443,472,0.6080884
443,473,0.61131716
443,475,0.6182475
443,478,0.62447906
443,480,0.60762894
443,483,0.62064093
443,485,0.6262926
443,487,0.67196983
443,491,0.6345508
443,493,0.6548102
443,494,0.614592
443,496,0.68973225
443,498,0.804224
443,514,0.6538124
443,515,0.66431785
443,518,0.66117096
443,520,0.64673513
443,526,0.6371553
443,527,0.6943264
443,528,0.60328865
443,529,0.61912525
443,531,0.6045203
443,534,0.6121055
443,535,0.60666406
443,537,0.64635533
443,539,0.70548415
443,540,0.614022
443,541,0.61527085
443,542,0.6379342
443,545,0.608317
443,547,0.60857964
443,548,0.60255927
443,549,0.6101302
443,552,0.6107583
443,554,0.6092495
443,555,0.61155427
443,556,0.6308083
444,445,0.6472374
444,446,0.6945449
444,447,0.6985217
444,448,0.60690296
444,449,0.7161221
444,450,0.61559415
444,451,0.6800366
444,452,0.6747546
444,453,0.684145
444,454,0.6837411
444,455,0.6987667
444,456,0.67221177
444,458,0.60790896
444,460,0.6025161
444,461,0.6237568
444,464,0.6819044
444,465,0.69327474
444,466,0.6259258
444,467,0.72021174
444,469,0.62045914
444,470,0.6723814
444,471,0.6540907
444,473,0.7069631
444,474,0.6704787
444,475,0.67714
444,477,0.60501295
444,478,0.6398591
444,480,0.70827645
444,481,0.61397123
444,483,0.64861125
444,484,0.6757369
444,485,0.70666635
444,487,0.7071457
444,488,0.65789187
444,490,0.65591335
444,491,0.68053263
444,492,0.6280485
444,493,0.7279773
444,494,0.71726096
444,496,0.63930166
444,501,0.65804493
444,506,0.6339624
444,507,0.67876005
444,508,0.6087804
444,513,0.629496
444,518,0.70372146
444,519,0.7082355
444,520,0.67390764
444,524,0.73284876
444,526,0.67551965
444,527,0.680953
444,528,0.6509764
444,529,0.68301356
444,530,0.63340986
444,532,0.61204016
444,533,0.6222999
444,535,0.6351294
444,536,0.705466
444,537,0.646525
444,538,0.6265693
444,539,0.7452538
444,540,0.6878498
444,541,0.6212717
444,542,0.6857431
444,543,0.60676014
444,544,0.67019546
444,545,0.64224344
444,546,0.62915605
444,547,0.6242988
444,548,0.6778184
444,549,0.6535026
444,551,0.6731962
444,554,0.6973587
444,555,0.6216272
444,556,0.65017325
445,446,0.7189535
445,447,0.66341776
445,448,0.75058484
445,449,0.7341386
445,450,0.64289135
445,451,0.69678295
445,452,0.6571933
445,453,0.77350783
445,454,0.78097093
445,455,0.7609681
445,456,0.735801
445,459,0.62154114
445,460,0.6355105
445,461,0.690058
445,464,0.6271256
445,465,0.68521345
445,466,0.6945445
445,467,0.6654906
445,468,0.6806545
445,469,0.65126157
445,470,0.71346855
445,471,0.6474501
445,472,0.6481035
445,473,0.6518893
445,474,0.73441666
445,475,0.6728213
445,476,0.7764913
445,477,0.6784426
445,478,0.7121592
445,480,0.6189559
445,483,0.622749
445,485,0.66206884
445,486,0.6444696
445,487,0.6182865
445,488,0.68113494
445,489,0.6578714
445,490,0.611187
445,491,0.7526176
445,492,0.67723095
445,493,0.71999854
445,494,0.67098093
445,495,0.6870609
445,496,0.6276585
445,497,0.6754853
445,501,0.6567904
445,502,0.60171777
445,506,0.60957897
445,507,0.7250932
445,508,0.65156776
445,510,0.6103548
445,513,0.74001276
445,514,0.6236969
445,515,0.6937623
445,516,0.6425803
445,518,0.7263925
445,519,0.67112803
445,520,0.66847503
445,521,0.6381792
445,522,0.72380596
445,524,0.63430905
445,525,0.7015183
445,526,0.67102116
445,527,0.69574934
445,528,0.7073754
445,529,0.7216328
445,530,0.6723084
445,532,0.6592729
445,533,0.66263247
445,534,0.61142266
445,535,0.6939869
445,536,0.6144224
445,537,0.6520008
445,538,0.63218343
445,539,0.74398196
445,540,0.70435095
445,541,0.69728434
445,542,0.69653285
445,543,0.70588696
445,545,0.67409134
445,546,0.68641853
445,547,0.66416883
445,548,0.64921606
445,549,0.64977884
445,550,0.6105921
445,551,0.74273074
445,552,0.6467118
445,553,0.6907042
445,554,0.7703022
445,555,0.6510055
445,556,0.73819685
445,713,0.6128788
446,447,0.71449995
446,448,0.69263285
446,449,0.81912875
446,450,0.75985426
446,451,0.7419554
446,452,0.6940964
446,453,0.76704204
446,454,0.82290244
446,455,0.78073543
446,456,0.8108099
446,458,0.6259033
446,459,0.71754074
446,460,0.60019934
446,461,0.7168492
446,463,0.6870539
446,464,0.69012475
446,465,0.7298399
446,466,0.6334318
446,467,0.6582663
446,468,0.6142448
446,469,0.66494393
446,470,0.7128067
446,471,0.71387446
446,473,0.7824869
446,474,0.7660608
446,475,0.68439794
446,476,0.69220066
446,477,0.6201817
446,478,0.7174711
446,480,0.6846488
446,482,0.7092792
446,483,0.7209538
446,484,0.64048123
446,485,0.7258582
446,486,0.68137974
446,487,0.7293582
446,488,0.7584095
446,489,0.6450808
446,490,0.6846831
446,491,0.7631437
446,492,0.6833561
446,493,0.76480246
446,494,0.7403762
446,495,0.70346516
446,496,0.6881788
446,497,0.7144805
446,499,0.6089421
446,501,0.70828223
446,502,0.7076423
446,505,0.6188054
446,506,0.629395
446,507,0.7505491
446,508,0.6801388
446,510,0.67744994
446,512,0.6033354
446,513,0.7608967
446,514,0.6576859
446,515,0.641174
446,516,0.7579764
446,518,0.7558439
446,519,0.783014
446,520,0.6894496
446,521,0.7016862
446,523,0.7195964
446,524,0.7086431
446,525,0.70665586
446,526,0.69825107
446,527,0.68870056
446,528,0.81748116
446,529,0.70412236
446,530,0.7278389
446,531,0.6251881
446,532,0.69023377
446,533,0.7165395
446,534,0.6603041
446,535,0.762367
446,536,0.6826694
446,537,0.79433227
446,538,0.70629835
446,539,0.75371003
446,540,0.744823
446,541,0.71692204
446,542,0.74035203
446,543,0.7412579
446,544,0.6532552
446,545,0.7517216
446,546,0.7243329
446,547,0.7074242
446,548,0.772588
446,549,0.6623379
446,550,0.6293485
446,551,0.77434397
446,552,0.68870056
446,553,0.66710794
446,554,0.77141297
446,556,0.73436415
446,713,0.66809773
447,448,0.69030106
447,449,0.6971363
447,450,0.66684186
447,451,0.7445475
447,452,0.6972791
447,453,0.7107649
447,454,0.76412773
447,455,0.7658464
447,456,0.69590753
447,458,0.6398318
447,459,0.6961982
447,460,0.71737576
447,461,0.7237015
447,464,0.7489914
447,465,0.7529608
447,466,0.7334932
447,467,0.7495649
447,469,0.6130893
447,470,0.6757815
447,471,0.7566929
447,472,0.6726854
447,473,0.7358085
447,474,0.729887
447,475,0.6621865
447,476,0.6452864
447,477,0.6446026
447,478,0.73340946
447,480,0.70923746
447,482,0.6271033
447,483,0.7165408
447,484,0.6957917
447,485,0.71932477
447,486,0.7198364
447,487,0.7904647
447,488,0.7497533
447,489,0.67685366
447,490,0.6382632
447,491,0.70559925
447,492,0.65857697
447,493,0.72674286
447,494,0.71221125
447,495,0.68337286
447,496,0.74154484
447,497,0.69072354
447,501,0.7251822
447,502,0.6435292
447,506,0.66168815
447,507,0.78596866
447,508,0.65114975
447,510,0.62525284
447,513,0.7255159
447,514,0.62164915
447,515,0.6941812
447,518,0.7751657
447,519,0.6580386
447,520,0.66820794
447,521,0.7013675
447,523,0.6395977
447,524,0.71390134
447,525,0.661821
447,526,0.71206033
447,527,0.7331251
447,528,0.6842813
447,529,0.6855687
447,530,0.6951934
447,531,0.61944824
447,532,0.714949
447,533,0.67905605
447,534,0.6621047
447,535,0.70965326
447,536,0.65430087
447,537,0.7015754
447,538,0.6565244
447,539,0.7839738
447,540,0.73437864
447,541,0.7479634
447,542,0.6927014
447,543,0.6179718
447,544,0.6997821
447,545,0.6796118
447,546,0.6850163
447,547,0.6111767
447,548,0.6748493
447,549,0.7083845
447,550,0.69548744
447,551,0.6845635
447,552,0.6514596
447,553,0.71381736
447,554,0.69177747
447,555,0.6544465
447,556,0.71718323
447,713,0.6134096
448,449,0.69081336
448,450,0.65820515
448,451,0.6386198
448,452,0.643898
448,453,0.71531
448,454,0.75669706
448,455,0.726009
448,456,0.7018093
448,459,0.61561775
448,461,0.69904363
448,464,0.66608363
448,465,0.6854299
448,466,0.79040337
448,467,0.68259895
448,468,0.6291863
448,469,0.66590846
448,470,0.75854516
448,471,0.6440786
448,472,0.6960983
448,473,0.62426484
448,474,0.75716734
448,476,0.6438425
448,477,0.6822307
448,478,0.7318199
448,482,0.6269773
448,483,0.66960347
448,485,0.6154164
448,487,0.6661726
448,488,0.67761797
448,489,0.6567284
448,491,0.6947659
448,492,0.63711977
448,493,0.69207305
448,494,0.72224575
448,495,0.6835573
448,496,0.68292224
448,497,0.6653551
448,498,0.62636065
448,501,0.6245792
448,502,0.62835014
448,507,0.7195236
448,508,0.6447353
448,513,0.6501725
448,514,0.631547
448,515,0.6658224
448,516,0.61840296
448,518,0.6791606
448,519,0.6595448
448,520,0.6380329
448,521,0.60412914
448,524,0.6227411
448,525,0.6752187
448,526,0.7016933
448,527,0.72343093
448,528,0.6385502
448,529,0.70443016
448,530,0.72831666
448,532,0.66150314
448,533,0.6871077
448,534,0.6338316
448,535,0.66235185
448,536,0.6182567
448,537,0.69538546
448,539,0.7527561
448,540,0.69500566
448,541,0.6771203
448,542,0.6285818
448,543,0.6802007
448,545,0.61020595
448,546,0.7136036
448,547,0.6697671
448,548,0.6583013
448,549,0.62028843
448,551,0.74845815
448,552,0.6603446
448,553,0.6768084
448,554,0.6909126
448,556,0.80820346
448,713,0.6443585
449,450,0.70700526
449,451,0.80570376
449,452,0.7119982
449,453,0.77546185
449,454,0.7672115
449,455,0.7423558
449,456,0.8045185
449,458,0.6214698
449,459,0.6265875
449,461,0.6567551
449,463,0.6832821
449,464,0.6575493
449,465,0.74320364
449,466,0.6462645
449,467,0.6669545
449,468,0.7042536
449,469,0.7204282
449,470,0.7185298
449,471,0.65953606
449,473,0.7387121
449,474,0.7837372
449,475,0.6781367
449,476,0.6675569
449,477,0.69142747
449,478,0.7013955
449,480,0.63507277
449,482,0.6348089
449,483,0.6338677
449,485,0.6907811
449,486,0.7071936
449,487,0.67812586
449,488,0.73457026
449,490,0.67240214
449,491,0.7727072
449,492,0.67958933
449,493,0.7617786
449,494,0.6860044
449,495,0.696752
449,496,0.679237
449,497,0.6936319
449,501,0.7248821
449,502,0.7236916
449,505,0.6387435
449,506,0.7017747
449,507,0.75840604
449,508,0.7079884
449,510,0.62399906
449,513,0.76692355
449,514,0.6155602
449,515,0.65601027
449,516,0.7330084
449,518,0.8116156
449,519,0.7420436
449,520,0.6588409
449,521,0.7140075
449,523,0.6935109
449,524,0.6599519
449,525,0.67671025
449,526,0.69995224
449,527,0.68393594
449,528,0.76004446
449,529,0.7149017
449,530,0.7711689
449,531,0.6025735
449,532,0.6808366
449,533,0.70958114
449,534,0.64397335
449,535,0.8205606
449,536,0.7287178
449,537,0.7337116
449,538,0.69088644
449,539,0.72637796
449,540,0.72118306
449,541,0.7496656
449,542,0.72052383
449,543,0.73561156
449,545,0.70156443
449,546,0.69181836
449,547,0.7098489
449,548,0.71852404
449,549,0.6724941
449,550,0.6702826
449,551,0.8109987
449,552,0.6797763
449,553,0.6698053
449,554,0.77851045
449,555,0.61603063
449,556,0.7027091
449,713,0.66580284
450,451,0.63186324
450,452,0.6561915
450,453,0.6370348
450,454,0.65769196
450,455,0.69935125
450,456,0.6708193
450,459,0.6232481
450,461,0.65024364
450,464,0.6138973
450,466,0.61331743
450,467,0.60899675
450,468,0.6403946
450,469,0.61702543
450,470,0.65712357
450,471,0.7022488
450,473,0.6890234
450,474,0.66798085
450,475,0.64475363
450,476,0.67726475
450,477,0.61737573
450,478,0.65766263
450,482,0.6145857
450,483,0.69145745
450,484,0.6498065
450,485,0.63603437
450,487,0.65619916
450,488,0.6482921
450,489,0.65940344
450,491,0.6988224
450,493,0.72529334
450,494,0.726452
450,495,0.63025403
450,496,0.6148498
450,497,0.6650586
450,501,0.63172364
450,506,0.6183615
450,507,0.69195175
450,510,0.6825342
450,513,0.6434735
450,516,0.63869
450,518,0.64303195
450,519,0.6625509
450,521,0.6703185
450,524,0.6654202
450,525,0.69588876
450,526,0.6371987
450,528,0.66088927
450,529,0.61795795
450,530,0.67930865
450,533,0.61736596
450,535,0.70926297
450,536,0.6151305
450,537,0.69405746
450,539,0.6620834
450,540,0.64515656
450,541,0.6715393
450,542,0.653705
450,543,0.70680535
450,545,0.66114545
450,546,0.65688753
450,547,0.64087707
450,548,0.68407094
450,551,0.6433661
450,553,0.6707971
450,554,0.7096789
450,556,0.65449834
451,452,0.7393051
451,453,0.76661444
451,454,0.7468723
451,455,0.78157526
451,456,0.8209261
451,458,0.6940906
451,459,0.7003232
451,460,0.6638309
451,461,0.69731224
451,463,0.6643779
451,464,0.7049179
451,465,0.7623755
451,466,0.69911414
451,467,0.65091944
451,468,0.66595995
451,469,0.6931652
451,470,0.68179035
451,471,0.66458714
451,472,0.61408913
451,473,0.73584425
451,474,0.7944508
451,475,0.68072605
451,476,0.65956414
451,477,0.6800661
451,478,0.68049073
451,480,0.65379864
451,482,0.64671683
451,483,0.60082674
451,484,0.64840984
451,485,0.73046094
451,486,0.81242007
451,487,0.72641563
451,488,0.7514892
451,489,0.6576923
451,490,0.64840716
451,491,0.75018394
451,492,0.722897
451,493,0.791141
451,494,0.6481888
451,495,0.6767869
451,496,0.689712
451,497,0.66916037
451,498,0.60783225
451,499,0.65475667
451,500,0.65195954
451,501,0.76914775
451,502,0.75189304
451,505,0.65303123
451,506,0.6960305
451,507,0.75266147
451,508,0.68856204
451,510,0.66385263
451,511,0.6117959
451,512,0.65144056
451,513,0.80803156
451,514,0.6436249
451,515,0.712197
451,516,0.67865777
451,517,0.604503
451,518,0.9737176
451,519,0.68769276
451,520,0.70420027
451,521,0.8072122
451,522,0.61418474
451,523,0.6952423
451,524,0.6731087
451,525,0.6633906
451,526,0.6935028
451,527,0.7066982
451,528,0.7598461
451,529,0.7417503
451,530,0.7136017
451,531,0.6196158
451,532,0.73930013
451,533,0.7091011
451,534,0.637237
451,535,0.81356287
451,536,0.6925859
451,537,0.7086929
451,538,0.71562123
451,539,0.7264384
451,540,0.77410233
451,541,0.80556166
451,542,0.773058
451,543,0.6343735
451,544,0.62022275
451,545,0.7481023
451,546,0.6969415
451,547,0.6746786
451,548,0.69703066
451,549,0.73390317
451,550,0.7159915
451,551,0.78535146
451,552,0.71839195
451,553,0.73101634
451,554,0.7586427
451,555,0.6555755
451,556,0.7003604
452,453,0.6881406
452,454,0.69219446
452,455,0.778914
452,456,0.73770654
452,458,0.6980933
452,459,0.7575325
452,460,0.6048387
452,461,0.6500678
452,464,0.6166811
452,465,0.6858134
452,466,0.6303003
452,467,0.69381636
452,468,0.65597236
452,469,0.6043179
452,470,0.7115737
452,471,0.70668924
452,472,0.6301932
452,473,0.72272885
452,474,0.6529914
452,475,0.70362663
452,476,0.67022336
452,477,0.6642761
452,478,0.6699726
452,480,0.66971695
452,481,0.6798418
452,483,0.6980543
452,484,0.65042555
452,485,0.68641734
452,486,0.6217889
452,487,0.7490928
452,488,0.7150373
452,489,0.6085667
452,491,0.69654274
452,492,0.6343672
452,493,0.88398916
452,494,0.70652676
452,495,0.63035214
452,496,0.693952
452,500,0.62325037
452,501,0.6184184
452,502,0.65421724
452,503,0.65062785
452,505,0.6885178
452,506,0.6953337
452,507,0.66772366
452,508,0.6248355
452,510,0.62418985
452,513,0.600942
452,514,0.62183124
452,515,0.7037615
452,518,0.73608243
452,519,0.6211331
452,520,0.7024926
452,521,0.6442069
452,524,0.6952636
452,526,0.7342638
452,527,0.76937157
452,528,0.6919309
452,529,0.7520653
452,530,0.68289113
452,532,0.6048771
452,533,0.64651847
452,534,0.6185375
452,535,0.65450966
452,536,0.6981348
452,537,0.7667558
452,538,0.61841965
452,539,0.7449578
452,540,0.6725285
452,541,0.6824842
452,542,0.74066556
452,543,0.6266287
452,544,0.6425248
452,545,0.6827762
452,546,0.64337337
452,547,0.7005204
452,548,0.70260334
452,549,0.715719
452,550,0.6384729
452,551,0.70426095
452,552,0.6786592
452,553,0.6851704
452,554,0.7852156
452,555,0.65157795
452,556,0.64779997
453,454,0.8239192
453,455,0.82400334
453,456,0.8107145
453,458,0.6597686
453,459,0.6334225
453,460,0.66082513
453,461,0.79540384
453,463,0.65148604
453,464,0.67633647
453,465,0.75366366
453,466,0.72025186
453,467,0.69129586
453,468,0.67161405
453,469,0.68119776
453,470,0.74023247
453,471,0.731336
453,472,0.6359083
453,473,0.7591131
453,474,0.8005228
453,475,0.642852
453,476,0.71767867
453,477,0.6480551
453,478,0.75338244
453,480,0.6819706
453,482,0.659709
453,483,0.7014414
453,484,0.6252017
453,485,0.76013404
453,486,0.68572664
453,487,0.6953128
453,488,0.73861396
453,489,0.67394257
453,490,0.65412927
453,491,0.81656814
453,492,0.7786023
453,493,0.7675253
453,494,0.666635
453,495,0.695297
453,496,0.6747621
453,497,0.7767664
453,498,0.604252
453,500,0.6349907
453,501,0.65501845
453,502,0.76880157
453,505,0.66271245
453,507,0.7949655
453,508,0.6987969
453,510,0.64685464
453,511,0.6303761
453,513,0.771286
453,514,0.67832696
453,515,0.6742475
453,516,0.69371384
453,517,0.6170049
453,518,0.799468
453,519,0.7459193
453,520,0.6905017
453,521,0.68066645
453,522,0.6829115
453,523,0.66258335
453,524,0.72250193
453,525,0.7567583
453,526,0.7230892
453,527,0.7517736
453,528,0.7537617
453,529,0.7501991
453,530,0.7451804
453,531,0.65866953
453,532,0.8210732
453,533,0.704108
453,534,0.6677456
453,535,0.7496011
453,536,0.6735523
453,537,0.7508272
453,538,0.76265347
453,539,0.73492134
453,540,0.69066334
453,541,0.75351655
453,542,0.74557745
453,543,0.72302437
453,544,0.6234433
453,545,0.78689706
453,546,0.768847
453,547,0.662186
453,548,0.7145053
453,549,0.73200756
453,550,0.6792606
453,551,0.8035151
453,552,0.72565705
453,553,0.6814652
453,554,0.8061433
453,555,0.60194594
453,556,0.79143167
453,713,0.64897513
454,455,0.8325304
454,456,0.7853124
454,458,0.62123966
454,459,0.6920574
454,460,0.73064613
454,461,0.7916742
454,463,0.65103316
454,464,0.7091706
454,465,0.7477032
454,466,0.771168
454,467,0.69541204
454,468,0.66195685
454,469,0.6688528
454,470,0.6935209
454,471,0.7033806
454,472,0.6848606
454,473,0.7224306
454,474,0.7872771
454,475,0.652261
454,476,0.7131283
454,477,0.6466648
454,478,0.7841586
454,480,0.69831806
454,482,0.6905185
454,483,0.678675
454,484,0.6243328
454,485,0.76366645
454,486,0.7352286
454,487,0.7481766
454,488,0.70687973
454,489,0.6584851
454,490,0.6475588
454,491,0.7537521
454,492,0.7028562
454,493,0.7439606
454,494,0.67161727
454,495,0.7986547
454,496,0.7575164
454,497,0.7136911
454,498,0.6127375
454,501,0.7201327
454,502,0.70618606
454,505,0.62821364
454,506,0.6339185
454,507,0.7714243
454,508,0.6797934
454,510,0.632511
454,513,0.78851783
454,514,0.7048216
454,515,0.72791874
454,516,0.69879305
454,518,0.77955914
454,519,0.7218208
454,520,0.6803248
454,521,0.70950246
454,522,0.6461022
454,523,0.6435772
454,524,0.67774475
454,525,0.7106832
454,526,0.710636
454,527,0.80455065
454,528,0.7684804
454,529,0.705837
454,530,0.7490635
454,531,0.64140517
454,532,0.7572888
454,533,0.69889784
454,534,0.7131807
454,535,0.7323225
454,536,0.65169
454,537,0.7793158
454,538,0.732255
454,539,0.8056636
454,540,0.7676682
454,541,0.7227298
454,542,0.70527005
454,543,0.70082015
454,544,0.6607006
454,545,0.7487405
454,546,0.7339832
454,547,0.64333785
454,548,0.7781892
454,549,0.67966604
454,550,0.6676823
454,551,0.76525956
454,552,0.7198915
454,553,0.6949035
454,554,0.72459126
454,555,0.66116464
454,556,0.757496
454,713,0.69510597
455,456,0.79203326
455,458,0.6694237
455,459,0.7408797
455,460,0.73427457
455,461,0.7972574
455,464,0.7080581
455,465,0.802318
455,466,0.7660314
455,467,0.7241269
455,468,0.6987844
455,469,0.6519356
455,470,0.7205761
455,471,0.76249003
455,472,0.6922842
455,473,0.7696557
455,474,0.7466326
455,475,0.68486536
455,476,0.75358474
455,477,0.6553495
455,478,0.7824936
455,480,0.72158796
455,482,0.6244465
455,483,0.7655944
455,484,0.69716185
455,485,0.7768426
455,486,0.69369245
455,487,0.7627792
455,488,0.7330555
455,489,0.68756855
455,490,0.63490987
455,491,0.8108746
455,492,0.7412821
455,493,0.80838853
455,494,0.69063926
455,495,0.7199605
455,496,0.7495866
455,497,0.6964576
455,498,0.6330076
455,499,0.7356061
455,500,0.6945168
455,501,0.6999235
455,502,0.72809136
455,503,0.66372716
455,504,0.7195244
455,505,0.7303103
455,506,0.65482044
455,507,0.78942657
455,508,0.6445874
455,510,0.75194854
455,511,0.7237556
455,513,0.74286443
455,514,0.7652911
455,515,0.7454927
455,516,0.6668923
455,518,0.81315404
455,519,0.69286823
455,520,0.76442504
455,521,0.6699647
455,522,0.71618277
455,523,0.6293758
455,524,0.7211051
455,525,0.72221893
455,526,0.7596859
455,527,0.78280437
455,528,0.78464586
455,529,0.7968309
455,530,0.7175307
455,531,0.68679976
455,532,0.7598257
455,533,0.69741464
455,534,0.6760069
455,535,0.68640697
455,536,0.67292047
455,537,0.8110907
455,538,0.7556426
455,539,0.7905588
455,540,0.7782918
455,541,0.7433568
455,542,0.79317445
455,543,0.69289804
455,544,0.6951741
455,545,0.8392651
455,546,0.73538196
455,547,0.6938591
455,548,0.7082247
455,549,0.73157907
455,550,0.6781097
455,551,0.7630419
455,552,0.68973494
455,553,0.7471013
455,554,0.79331976
455,555,0.7068778
455,556,0.7398332
455,713,0.6307988
456,458,0.69383234
456,459,0.6721277
456,461,0.7015803
456,463,0.7144164
456,464,0.67166615
456,465,0.7021174
456,466,0.6627947
456,467,0.6306684
456,468,0.6737052
456,469,0.6661767
456,470,0.7276392
456,471,0.7016523
456,472,0.6080489
456,473,0.7910667
456,474,0.75325066
456,475,0.6746433
456,476,0.67277384
456,477,0.66695607
456,478,0.6525863
456,480,0.6378085
456,482,0.6724007
456,483,0.6148231
456,484,0.6039043
456,485,0.6996844
456,486,0.6949806
456,487,0.7118497
456,488,0.76517767
456,489,0.6345575
456,490,0.63162327
456,491,0.76040894
456,492,0.6911747
456,493,0.81319904
456,494,0.6718982
456,495,0.6280427
456,496,0.6500977
456,497,0.72645545
456,498,0.60561365
456,499,0.6258155
456,500,0.60831225
456,501,0.68410933
456,502,0.70892507
456,505,0.65031946
456,506,0.6505006
456,507,0.76200366
456,508,0.7251867
456,510,0.6460855
456,512,0.6531363
456,513,0.76221657
456,514,0.64012027
456,515,0.68651915
456,516,0.73613894
456,518,0.81047773
456,519,0.7608824
456,520,0.70320034
456,521,0.7404984
456,522,0.6053748
456,523,0.7006107
456,524,0.6550257
456,525,0.6989175
456,526,0.6837313
456,527,0.7121809
456,528,0.83288753
456,529,0.7391366
456,530,0.7354026
456,531,0.6018482
456,532,0.74283814
456,533,0.7016605
456,534,0.62975883
456,535,0.78105694
456,536,0.6840421
456,537,0.794274
456,538,0.67002666
456,539,0.70364565
456,540,0.75119543
456,541,0.74955976
456,542,0.7653185
456,543,0.71196306
456,545,0.7592091
456,546,0.74865663
456,547,0.71211946
456,548,0.7482265
456,549,0.70718825
456,550,0.6520344
456,551,0.80848026
456,552,0.7398282
456,553,0.70116204
456,554,0.79188764
456,556,0.76154304
456,713,0.6122864
458,459,0.6340256
458,467,0.61167324
458,471,0.6644479
458,473,0.67388856
458,475,0.6142885
458,480,0.6230283
458,485,0.64439404
458,487,0.61832005
458,488,0.65238774
458,491,0.6317489
458,493,0.7505144
458,494,0.6082101
458,497,0.604203
458,507,0.6404762
458,508,0.6041741
458,518,0.6853482
458,520,0.6248511
458,521,0.6307703
458,526,0.6294937
458,528,0.6130439
458,529,0.6205696
458,536,0.62507474
458,537,0.6323874
458,539,0.64550173
458,540,0.65633416
458,541,0.6613177
458,542,0.6284104
458,544,0.6091111
458,545,0.6009394
458,548,0.6293272
458,549,0.95525193
458,550,0.71569324
458,551,0.6206937
458,552,0.6303518
458,553,0.6105161
458,554,0.66273713
459,460,0.6084157
459,461,0.6679172
459,464,0.6307359
459,466,0.6407844
459,467,0.6327646
459,471,0.67924535
459,473,0.6288623
459,475,0.70207417
459,476,0.6530416
459,478,0.63743675
459,480,0.65441895
459,482,0.6850643
459,483,0.67377895
459,484,0.6160383
459,485,0.63620305
459,486,0.6450118
459,487,0.6808303
459,488,0.62639785
459,491,0.612866
459,493,0.80210435
459,494,0.6359971
459,495,0.64898735
459,496,0.66210896
459,501,0.61832356
459,505,0.6153643
459,506,0.625263
459,513,0.65882254
459,515,0.67317384
459,518,0.6961254
459,520,0.6165545
459,521,0.65398633
459,524,0.6153779
459,526,0.64680314
459,527,0.65033853
459,528,0.6494934
459,529,0.65330863
459,535,0.65582925
459,536,0.6150185
459,537,0.6785208
459,539,0.6900708
459,541,0.7084714
459,542,0.6915132
459,544,0.6039717
459,545,0.64158547
459,547,0.63349986
459,548,0.6671916
459,549,0.62274647
459,550,0.6545441
459,551,0.6229868
459,552,0.67303663
459,553,0.64781034
459,554,0.7052275
459,556,0.6028149
460,461,0.70759726
460,464,0.6819234
460,465,0.74091244
460,466,0.78056407
460,467,0.74475175
460,471,0.6017802
460,472,0.6471282
460,474,0.63689387
460,476,0.63053286
460,478,0.7402216
460,480,0.66849566
460,485,0.72007275
460,486,0.6601015
460,487,0.6905136
460,488,0.6412774
460,489,0.62080646
460,490,0.6328919
460,491,0.61160505
460,492,0.6580305
460,493,0.6061009
460,495,0.6768249
460,496,0.7645347
460,501,0.65529454
460,502,0.6032543
460,507,0.67618394
460,513,0.63913536
460,514,0.6264802
460,515,0.72418416
460,518,0.7040895
460,522,0.6283418
460,524,0.6375221
460,526,0.65269935
460,527,0.76913774
460,528,0.6108649
460,532,0.68382066
460,533,0.6120334
460,534,0.69080055
460,538,0.6681552
460,539,0.7309186
460,540,0.668118
460,541,0.61087275
460,542,0.66255003
460,544,0.6774752
460,545,0.6390656
460,548,0.60198164
460,550,0.60773027
460,551,0.6101192
460,553,0.6304859
460,554,0.60001636
460,555,0.7067689
460,556,0.6095596
461,464,0.72834235
461,465,0.7346802
461,466,0.7612767
461,467,0.7069167
461,468,0.6136972
461,469,0.61365974
461,470,0.6861206
461,471,0.69244003
461,472,0.65644825
461,473,0.67856085
461,474,0.76653063
461,476,0.6865803
461,477,0.61129844
461,478,0.79703134
461,480,0.6468564
461,482,0.6378783
461,483,0.679744
461,484,0.61739874
461,485,0.7048634
461,486,0.6590018
461,487,0.69850135
461,488,0.69093
461,489,0.706095
461,491,0.74826515
461,492,0.7396598
461,493,0.70835114
461,494,0.63464284
461,495,0.74403435
461,496,0.723951
461,497,0.6834314
461,501,0.67424095
461,502,0.7095971
461,507,0.74137926
461,508,0.6266445
461,510,0.60377586
461,513,0.69892865
461,514,0.6352072
461,515,0.6757976
461,516,0.6225328
461,518,0.72476304
461,519,0.65784335
461,520,0.63569653
461,521,0.65101707
461,522,0.60059804
461,523,0.6510257
461,524,0.6989341
461,525,0.71327925
461,526,0.7017472
461,527,0.7492769
461,528,0.6953242
461,529,0.641616
461,530,0.68710697
461,531,0.6583684
461,532,0.7735472
461,533,0.6931433
461,534,0.678224
461,535,0.67094374
461,537,0.71968603
461,538,0.6745888
461,539,0.68704176
461,540,0.65340996
461,541,0.7078652
461,542,0.70730793
461,543,0.66401374
461,544,0.63952225
461,545,0.6963934
461,546,0.83080924
461,547,0.60328275
461,548,0.6803316
461,549,0.6520053
461,550,0.64828783
461,551,0.7192395
461,552,0.7001884
461,553,0.7103697
461,554,0.6732486
461,555,0.6098308
461,556,0.73633456
461,713,0.6518459
462,473,0.60212076
462,487,0.6342664
462,488,0.615469
462,507,0.60428464
462,508,0.61885756
462,519,0.6569558
462,520,0.6082535
462,533,0.6072686
462,537,0.6712309
463,469,0.61718196
463,473,0.6180418
463,474,0.6030499
463,482,0.61917806
463,486,0.6203426
463,491,0.6040015
463,493,0.6456816
463,495,0.6266744
463,502,0.6232363
463,508,0.6007825
463,513,0.684334
463,516,0.6729454
463,518,0.6516876
463,521,0.63599145
463,525,0.6089933
463,528,0.66659856
463,530,0.67216265
463,534,0.62284076
463,535,0.7357161
463,537,0.63974667
463,538,0.62041724
463,541,0.6193782
463,542,0.6089316
463,546,0.61522794
463,548,0.7084154
463,551,0.63605356
463,552,0.64805967
464,465,0.7245108
464,466,0.76330274
464,467,0.76229894
464,470,0.65237164
464,471,0.6506672
464,473,0.66626996
464,474,0.7209249
464,478,0.7583401
464,480,0.67647284
464,484,0.638492
464,485,0.69013405
464,486,0.6693816
464,487,0.72830504
464,488,0.691082
464,489,0.6667672
464,490,0.6558682
464,491,0.6587782
464,492,0.6611097
464,493,0.6646867
464,494,0.7112397
464,495,0.69760126
464,496,0.74613786
464,501,0.66685176
464,502,0.6233922
464,506,0.60246074
464,507,0.6789957
464,508,0.636546
464,513,0.6609749
464,515,0.6382846
464,518,0.7400457
464,519,0.6211847
464,520,0.6242199
464,521,0.60480297
464,523,0.6112388
464,524,0.6808033
464,526,0.66703254
464,527,0.7161459
464,528,0.60296893
464,529,0.62414217
464,530,0.6459992
464,532,0.63946724
464,533,0.69920325
464,534,0.6447951
464,535,0.67997736
464,536,0.63150364
464,537,0.6388141
464,538,0.60112286
464,539,0.7057618
464,540,0.68143594
464,541,0.6778343
464,542,0.682457
464,544,0.6883219
464,545,0.6060808
464,546,0.6656397
464,547,0.6014078
464,548,0.6939287
464,549,0.64671713
464,550,0.6218846
464,551,0.654055
464,552,0.6187991
464,553,0.65030885
464,554,0.6236118
464,555,0.6395875
464,556,0.691195
465,466,0.7384075
465,467,0.7284679
465,469,0.6582233
465,470,0.7034228
465,471,0.6686576
465,472,0.66734385
465,473,0.7515351
465,474,0.7435504
465,475,0.6003478
465,476,0.6076175
465,477,0.70628655
465,478,0.75433534
465,480,0.6826409
465,481,0.6152015
465,483,0.67923117
465,484,0.6309459
465,485,0.749694
465,486,0.7273136
465,487,0.7199789
465,488,0.73916847
465,489,0.6680515
465,490,0.6967732
465,491,0.7587521
465,492,0.7361281
465,493,0.6768786
465,494,0.65282667
465,495,0.70966005
465,496,0.8432795
465,497,0.6234604
465,498,0.6565324
465,499,0.62419724
465,500,0.60212624
465,501,0.74894583
465,502,0.7701541
465,504,0.60197926
465,505,0.65413314
465,506,0.63041496
465,507,0.76124716
465,508,0.65169317
465,510,0.65733856
465,511,0.6539675
465,513,0.7086358
465,514,0.69016933
465,515,0.7101131
465,518,0.8037367
465,519,0.64392316
465,520,0.7080176
465,521,0.63601744
465,522,0.6609018
465,523,0.74740887
465,524,0.678655
465,525,0.66056347
465,526,0.7030781
465,527,0.74825734
465,528,0.7652788
465,529,0.73591363
465,530,0.7228769
465,531,0.67473924
465,532,0.7441959
465,533,0.7285048
465,534,0.6661689
465,535,0.70920473
465,536,0.6131893
465,537,0.7087078
465,538,0.6992475
465,539,0.76451397
465,540,0.7647952
465,541,0.6928701
465,542,0.73775476
465,543,0.6174223
465,544,0.70868516
465,545,0.7470731
465,546,0.74174005
465,547,0.63055694
465,548,0.62613153
465,549,0.7062234
465,550,0.6306475
465,551,0.77587014
465,552,0.66542685
465,553,0.70389485
465,554,0.70059395
465,555,0.7163494
465,556,0.7283609
465,713,0.62153953
466,467,0.75997597
466,469,0.60914755
466,470,0.6528615
466,471,0.62313104
466,472,0.6701173
466,473,0.61294824
466,474,0.7281712
466,475,0.60133064
466,476,0.6657171
466,477,0.6317873
466,478,0.78225523
466,480,0.6709093
466,482,0.6416008
466,484,0.6208037
466,485,0.70853245
466,486,0.69497
466,487,0.72609687
466,488,0.6816655
466,489,0.7301066
466,490,0.63466865
466,491,0.6684886
466,492,0.6392396
466,493,0.6853006
466,494,0.7019315
466,495,0.75572145
466,496,0.78372526
466,498,0.60765207
466,501,0.6529528
466,502,0.65334654
466,506,0.6163368
466,507,0.66444147
466,508,0.6195339
466,513,0.68409
466,514,0.6325533
466,515,0.7170788
466,518,0.71785283
466,521,0.6259117
466,524,0.6561054
466,525,0.67746156
466,526,0.7066076
466,527,0.7797259
466,529,0.6347023
466,530,0.6750517
466,532,0.7029692
466,533,0.64044917
466,534,0.7261071
466,535,0.6555723
466,536,0.6237632
466,537,0.6295471
466,538,0.63108826
466,539,0.7396568
466,540,0.7135982
466,541,0.69515157
466,542,0.6841795
466,544,0.60940754
466,545,0.60776275
466,546,0.7040907
466,548,0.719856
466,549,0.6175418
466,550,0.63024414
466,551,0.69877714
466,552,0.66064864
466,553,0.66945857
466,554,0.6245866
466,555,0.7353958
466,556,0.7205479
467,470,0.64447767
467,471,0.6737927
467,472,0.65547466
467,473,0.696494
467,474,0.6491821
467,475,0.6164404
467,476,0.6240643
467,477,0.625502
467,478,0.78543204
467,480,0.69915223
467,483,0.6559388
467,484,0.67663825
467,485,0.7020183
467,486,0.6122073
467,487,0.7223613
467,488,0.704775
467,489,0.6466396
467,490,0.6184267
467,491,0.67188346
467,492,0.67262435
467,493,0.70182675
467,494,0.72457194
467,495,0.69298244
467,496,0.7585413
467,501,0.6565726
467,502,0.6190719
467,506,0.6382222
467,507,0.67640984
467,508,0.61742914
467,513,0.64772356
467,514,0.60103494
467,515,0.70269394
467,518,0.69557154
467,519,0.61757505
467,520,0.6410538
467,524,0.7104207
467,526,0.7255254
467,527,0.7737711
467,528,0.6161868
467,529,0.6778089
467,530,0.6546479
467,532,0.67823887
467,533,0.63408935
467,534,0.6264878
467,535,0.613377
467,536,0.6686435
467,537,0.6557379
467,539,0.813766
467,540,0.6770297
467,541,0.6363936
467,542,0.71775603
467,544,0.753823
467,545,0.6629092
467,546,0.6562295
467,547,0.60486865
467,548,0.64844877
467,549,0.7035676
467,550,0.6201703
467,551,0.67218924
467,552,0.6416756
467,553,0.63400424
467,554,0.6498883
467,555,0.6896608
467,556,0.71940434
468,469,0.64552104
468,470,0.65341765
468,471,0.62001014
468,474,0.6786365
468,476,0.68157125
468,477,0.62213373
468,478,0.6328614
468,485,0.6173917
468,488,0.62313426
468,489,0.627234
468,491,0.7090918
468,493,0.6915686
468,497,0.6585852
468,507,0.73109937
468,510,0.63925433
468,514,0.6190068
468,516,0.62529963
468,518,0.684646
468,521,0.6212232
468,525,0.6546585
468,526,0.62817025
468,527,0.61127627
468,528,0.63720965
468,529,0.65681356
468,530,0.6987117
468,533,0.6117284
468,535,0.6153387
468,537,0.61613715
468,539,0.60211134
468,540,0.68902457
468,541,0.60104877
468,542,0.61563504
468,543,0.6662521
468,545,0.6415293
468,546,0.60156536
468,547,0.63104725
468,549,0.61253655
468,551,0.6970067
468,553,0.6574973
468,554,0.6909038
468,556,0.6232637
469,470,0.6465435
469,471,0.6104311
469,473,0.6497597
469,474,0.70682824
469,477,0.6388052
469,478,0.6335851
469,485,0.65198743
469,487,0.62958795
469,488,0.6291958
469,491,0.6777408
469,492,0.61251724
469,493,0.6304804
469,494,0.6248883
469,495,0.6376171
469,497,0.6259496
469,498,0.6113596
469,501,0.6462823
469,502,0.6331662
469,505,0.60548836
469,507,0.661826
469,508,0.65399224
469,513,0.6643374
469,514,0.6029217
469,516,0.61814106
469,518,0.7126348
469,519,0.6520424
469,520,0.6454405
469,521,0.67435944
469,523,0.62470293
469,524,0.64908147
469,525,0.69593006
469,526,0.63417494
469,527,0.646557
469,528,0.6708492
469,529,0.62681484
469,530,0.7175563
469,531,0.6470062
469,532,0.64868706
469,533,0.61382043
469,534,0.6008917
469,535,0.6757485
469,536,0.62297815
469,537,0.6429987
469,538,0.66278064
469,539,0.6627706
469,540,0.64322436
469,541,0.61131096
469,542,0.6223959
469,543,0.6549283
469,545,0.6349525
469,546,0.630386
469,547,0.62635785
469,548,0.67216766
469,549,0.609295
469,551,0.6961806
469,552,0.6838568
469,553,0.62624705
469,554,0.6651477
469,556,0.699764
470,471,0.6562916
470,472,0.60011935
470,473,0.673729
470,474,0.7343913
470,476,0.63233876
470,477,0.6959182
470,478,0.7041391
470,480,0.6058898
470,482,0.629444
470,483,0.65400827
470,485,0.61615336
470,487,0.6822326
470,488,0.70569956
470,490,0.63143003
470,491,0.7042673
470,492,0.6351398
470,493,0.75090563
470,494,0.6922613
470,496,0.6350423
470,497,0.6446581
470,498,0.6244874
470,501,0.63623226
470,502,0.6352319
470,505,0.60322624
470,506,0.61514026
470,507,0.7285845
470,508,0.6332325
470,513,0.6437262
470,516,0.64099336
470,518,0.712683
470,519,0.62543225
470,520,0.63612276
470,524,0.654359
470,525,0.60526204
470,526,0.66537464
470,527,0.69386184
470,528,0.68248796
470,529,0.7444781
470,530,0.7316474
470,532,0.66486114
470,533,0.6853845
470,534,0.60302025
470,535,0.70003474
470,536,0.62653553
470,537,0.70271087
470,538,0.6219133
470,539,0.7026112
470,540,0.6889396
470,541,0.6818025
470,542,0.6986046
470,543,0.7040714
470,545,0.6518206
470,546,0.6893934
470,547,0.7009107
470,548,0.65404105
470,549,0.61907816
470,551,0.7576568
470,552,0.6640244
470,553,0.6098584
470,554,0.7533835
470,555,0.60008276
470,556,0.74147856
471,473,0.7777226
471,474,0.6529868
471,475,0.7177439
471,476,0.6431841
471,477,0.614326
471,478,0.68034583
471,480,0.6764544
471,483,0.8008594
471,484,0.74265367
471,485,0.69821066
471,486,0.6183203
471,487,0.71156347
471,488,0.7273032
471,489,0.6202128
471,491,0.7235583
471,492,0.6539704
471,493,0.76500314
471,494,0.7206769
471,495,0.63968706
471,496,0.6670934
471,497,0.712327
471,499,0.6260756
471,500,0.6001154
471,501,0.6412524
471,502,0.6264049
471,505,0.64023304
471,507,0.7432333
471,508,0.63379645
471,510,0.667423
471,513,0.6557703
471,514,0.65216136
471,515,0.6363853
471,518,0.6854793
471,519,0.674891
471,520,0.66857934
471,521,0.65531623
471,524,0.74326897
471,525,0.6563777
471,526,0.7138893
471,527,0.6799803
471,528,0.70323855
471,529,0.7019943
471,530,0.6793119
471,531,0.61995715
471,532,0.6715191
471,534,0.60174036
471,535,0.682235
471,536,0.6886836
471,537,0.7171315
471,538,0.6537179
471,539,0.71023166
471,540,0.665272
471,541,0.6934609
471,542,0.7078453
471,543,0.6248989
471,544,0.6400547
471,545,0.6968571
471,546,0.7062242
471,548,0.6599107
471,549,0.69021964
471,550,0.6191253
471,551,0.69168067
471,552,0.65776587
471,553,0.6659112
471,554,0.725206
471,556,0.7174128
471,713,0.61003363
472,474,0.62844676
472,477,0.6332307
472,478,0.6810701
472,485,0.65928644
472,487,0.7140893
472,488,0.6565894
472,489,0.64061
472,491,0.63209724
472,492,0.60787874
472,493,0.61790586
472,495,0.64600307
472,496,0.70194536
472,497,0.6533609
472,498,0.6067177
472,501,0.6512822
472,507,0.6744222
472,514,0.6518476
472,515,0.69460887
472,518,0.6453414
472,519,0.66344225
472,522,0.61694926
472,525,0.6303559
472,526,0.628616
472,527,0.72226477
472,528,0.6122047
472,529,0.6057262
472,532,0.64454657
472,533,0.70714533
472,537,0.7240125
472,539,0.7275944
472,540,0.6403588
472,542,0.61737597
472,544,0.63266814
472,546,0.64304984
472,549,0.6335211
472,550,0.6176718
472,551,0.61366653
472,552,0.61310196
472,553,0.76611745
472,554,0.60435015
472,556,0.69613004
473,474,0.68640745
473,475,0.6654936
473,476,0.6019628
473,477,0.63221294
473,478,0.6358216
473,480,0.70257723
473,481,0.60913444
473,482,0.6091194
473,483,0.72408295
473,484,0.72685486
473,485,0.78971934
473,486,0.6762711
473,487,0.7392083
473,488,0.7946776
473,489,0.64985853
473,490,0.6514045
473,491,0.76657903
473,492,0.7090017
473,493,0.75625384
473,494,0.7128495
473,495,0.6247643
473,496,0.6724656
473,497,0.70788634
473,499,0.6744421
473,500,0.6334552
473,501,0.6772865
473,502,0.7186804
473,505,0.61596614
473,506,0.6459974
473,507,0.7621239
473,508,0.70317584
473,510,0.6908052
473,512,0.6738225
473,513,0.7129484
473,514,0.63847876
473,515,0.6349063
473,516,0.6496759
473,518,0.7477784
473,519,0.7706245
473,520,0.7091546
473,521,0.7369636
473,523,0.72668016
473,524,0.73925114
473,525,0.7382982
473,526,0.6589395
473,527,0.69588876
473,528,0.8108033
473,529,0.69567287
473,530,0.70536876
473,531,0.62663335
473,532,0.7494976
473,533,0.65329665
473,534,0.611005
473,535,0.70129025
473,536,0.69884133
473,537,0.78905284
473,538,0.72140723
473,539,0.7547852
473,540,0.729764
473,541,0.70850575
473,542,0.77330685
473,543,0.72865987
473,544,0.68090963
473,545,0.7631147
473,546,0.7453975
473,547,0.64673245
473,548,0.68781775
473,549,0.7088027
473,550,0.6338743
473,551,0.7296505
473,552,0.64456177
473,553,0.68505335
473,554,0.72076356
473,556,0.73081505
474,475,0.60139537
474,476,0.67539114
474,477,0.6523187
474,478,0.7506674
474,480,0.62772036
474,482,0.673167
474,483,0.61933005
474,484,0.60740054
474,485,0.720675
474,486,0.7309252
474,487,0.7185054
474,488,0.74343884
474,489,0.6729423
474,490,0.663023
474,491,0.7949869
474,492,0.73564065
474,493,0.7056119
474,494,0.65640974
474,495,0.7078468
474,496,0.7010025
474,497,0.74138284
474,498,0.61914253
474,501,0.72590697
474,502,0.74163425
474,506,0.6495019
474,507,0.8145107
474,508,0.7130378
474,510,0.60470724
474,513,0.7597145
474,514,0.6433803
474,515,0.6613939
474,516,0.6822742
474,517,0.6751937
474,518,0.82285076
474,519,0.719422
474,520,0.7026309
474,521,0.7266573
474,523,0.6920747
474,524,0.6739907
474,525,0.7289054
474,526,0.69859576
474,527,0.74144286
474,528,0.726576
474,529,0.69961214
474,530,0.76127005
474,531,0.6226979
474,532,0.74734545
474,533,0.759495
474,534,0.66078424
474,535,0.7685884
474,536,0.67558587
474,537,0.709935
474,538,0.7054485
474,539,0.7164061
474,540,0.71678257
474,541,0.7621354
474,542,0.69534695
474,543,0.70355356
474,545,0.69991416
474,546,0.7336542
474,547,0.6886152
474,548,0.6807579
474,549,0.6700171
474,550,0.6894164
474,551,0.7969908
474,552,0.70276105
474,553,0.7324395
474,554,0.73911154
474,556,0.80118185
474,713,0.64163905
475,476,0.6514908
475,478,0.6123467
475,480,0.6373467
475,483,0.66509527
475,484,0.65148604
475,485,0.6117027
475,486,0.67793626
475,487,0.6583034
475,488,0.65929866
475,491,0.6295569
475,493,0.77428716
475,494,0.7061783
475,495,0.6078773
475,496,0.6000601
475,501,0.6114713
475,506,0.7004953
475,513,0.66398734
475,515,0.61665964
475,518,0.6679681
475,519,0.62203324
475,521,0.6595453
475,524,0.6636156
475,526,0.69082963
475,527,0.647216
475,528,0.6056183
475,529,0.6456166
475,535,0.6900593
475,536,0.68780327
475,537,0.6372281
475,539,0.67515004
475,540,0.60999084
475,541,0.7048068
475,542,0.66045845
475,546,0.617134
475,547,0.6315212
475,548,0.6689453
475,550,0.65718246
475,551,0.6476512
475,553,0.6403341
475,554,0.7426493
475,556,0.62479544
476,478,0.6494858
476,485,0.632391
476,487,0.61293566
476,488,0.65724605
476,489,0.6336209
476,491,0.69147646
476,492,0.6316583
476,493,0.7296603
476,494,0.6235721
476,495,0.6522527
476,497,0.6563685
476,506,0.6209797
476,507,0.7009009
476,513,0.6290165
476,515,0.68646866
476,518,0.6590141
476,519,0.6207016
476,521,0.6161072
476,522,0.6481209
476,525,0.6943026
476,526,0.66351086
476,527,0.6446738
476,528,0.63490796
476,529,0.6152977
476,530,0.65420544
476,532,0.6216495
476,534,0.61159027
476,535,0.66341007
476,537,0.62355137
476,539,0.6426037
476,540,0.64922404
476,541,0.6487084
476,542,0.6586936
476,543,0.6129675
476,545,0.6154295
476,546,0.60972023
476,547,0.6664302
476,548,0.6575949
476,550,0.6112086
476,551,0.66953194
476,553,0.64754736
476,554,0.71287656
476,555,0.661283
476,556,0.6460891
477,478,0.6072787
477,485,0.60075176
477,488,0.6716169
477,489,0.6167065
477,491,0.6735736
477,493,0.68600684
477,494,0.6546953
477,496,0.6485251
477,497,0.60342777
477,501,0.6210506
477,502,0.63600886
477,507,0.6777594
477,515,0.60910285
477,518,0.6790298
477,521,0.70816714
477,523,0.61342746
477,524,0.6142641
477,526,0.6531148
477,527,0.65586424
477,528,0.66189325
477,529,0.69678605
477,530,0.63685846
477,532,0.60360014
477,533,0.6116015
477,535,0.6675986
477,537,0.63189673
477,539,0.70479894
477,540,0.68237346
477,541,0.65012926
477,542,0.6351358
477,543,0.66834825
477,546,0.6528873
477,547,0.6419556
477,549,0.63476455
477,551,0.6924209
477,552,0.67877007
477,553,0.6378344
477,554,0.6613953
477,556,0.72814476
478,480,0.62097704
478,482,0.60192484
478,483,0.6657753
478,485,0.643823
478,486,0.67372614
478,487,0.7119918
478,488,0.70237595
478,489,0.6555537
478,490,0.6087588
478,491,0.7363907
478,492,0.73177433
478,493,0.6921456
478,494,0.6726376
478,495,0.77532375
478,496,0.77874017
478,497,0.6492455
478,501,0.70708966
478,502,0.6971529
478,507,0.7259761
478,508,0.6675235
478,513,0.7054309
478,514,0.63996077
478,515,0.7064404
478,518,0.74316394
478,519,0.6331111
478,520,0.67757225
478,522,0.63961685
478,524,0.6887615
478,525,0.6292832
478,526,0.73317593
478,527,0.7634773
478,528,0.6311745
478,529,0.67461604
478,530,0.7294812
478,531,0.6273198
478,532,0.68214816
478,533,0.7232467
478,534,0.6870926
478,535,0.6653244
478,536,0.62225544
478,537,0.6941997
478,538,0.66669774
478,539,0.7473421
478,540,0.6728269
478,541,0.6777446
478,542,0.69390106
478,543,0.6220517
478,544,0.6658789
478,545,0.68947357
478,546,0.69614303
478,547,0.6236279
478,548,0.66816247
478,549,0.6718194
478,550,0.64267933
478,551,0.74775773
478,552,0.68293434
478,553,0.70166147
478,554,0.6925788
478,555,0.7094243
478,556,0.7059214
478,713,0.62630224
480,482,0.60377514
480,483,0.68472695
480,484,0.7129948
480,485,0.7455087
480,486,0.6026281
480,487,0.7190942
480,488,0.63689065
480,491,0.6736661
480,493,0.71467334
480,494,0.71065044
480,495,0.60443985
480,496,0.7091657
480,506,0.6065837
480,507,0.60176945
480,518,0.6590657
480,519,0.61361074
480,520,0.611781
480,521,0.61433196
480,524,0.7207582
480,526,0.64202225
480,527,0.6759904
480,528,0.61111486
480,529,0.65176785
480,530,0.60844624
480,535,0.60951173
480,536,0.6967131
480,537,0.64287984
480,538,0.60189223
480,539,0.7153345
480,540,0.6698537
480,541,0.65605015
480,542,0.6912186
480,544,0.6820053
480,545,0.6195339
480,546,0.6087411
480,548,0.7097322
480,549,0.6479778
480,551,0.6009412
480,554,0.650088
480,555,0.6359988
481,487,0.6159353
481,488,0.60966015
481,493,0.63365936
481,518,0.6128018
481,527,0.6274383
481,528,0.60598487
481,530,0.60883904
481,539,0.60172963
482,485,0.6019887
482,486,0.6375222
482,487,0.62378603
482,488,0.66163015
482,489,0.62404877
482,491,0.6244508
482,493,0.66189766
482,513,0.647379
482,518,0.628759
482,521,0.70334244
482,524,0.6011885
482,525,0.6020245
482,527,0.6340064
482,528,0.6446506
482,530,0.6839779
482,535,0.65264875
482,537,0.63113415
482,538,0.6110922
482,539,0.60565627
482,540,0.650311
482,541,0.614606
482,542,0.6421151
482,548,0.6391121
482,551,0.67079127
482,552,0.64657885
482,556,0.64445233
483,484,0.6786339
483,485,0.6301854
483,487,0.6683936
483,488,0.6355597
483,491,0.7269527
483,492,0.6010964
483,493,0.7229347
483,494,0.70479083
483,496,0.6496821
483,497,0.6341306
483,499,0.6216043
483,501,0.6163304
483,502,0.6730655
483,503,0.6208261
483,505,0.6258793
483,507,0.70390916
483,510,0.6622348
483,513,0.61252433
483,514,0.7040347
483,518,0.65030396
483,519,0.6301732
483,520,0.66215754
483,524,0.7516719
483,526,0.712553
483,527,0.64307296
483,528,0.65151453
483,529,0.713928
483,530,0.65588194
483,531,0.68906426
483,532,0.6569294
483,535,0.60417396
483,536,0.6564513
483,537,0.7376543
483,538,0.6577083
483,539,0.7206919
483,541,0.6294362
483,542,0.6557648
483,543,0.6366788
483,544,0.64315706
483,545,0.68387055
483,546,0.6458652
483,547,0.60883653
483,549,0.64822054
483,551,0.64491624
483,553,0.6175692
483,554,0.6985009
483,556,0.674559
484,485,0.6869788
484,487,0.65732396
484,488,0.6464015
484,491,0.61898565
484,493,0.7108066
484,494,0.7266376
484,496,0.61474395
484,506,0.64783317
484,507,0.6269146
484,510,0.6077475
484,513,0.6020062
484,518,0.6631178
484,520,0.6235528
484,521,0.61397195
484,524,0.7931385
484,526,0.6536902
484,527,0.62995267
484,528,0.63015974
484,529,0.6465529
484,530,0.61076605
484,535,0.6193882
484,536,0.7042959
484,537,0.6524352
484,538,0.6136595
484,539,0.6805461
484,540,0.6470783
484,541,0.62896353
484,542,0.6758305
484,544,0.6578251
484,545,0.6369599
484,546,0.6144544
484,548,0.6359503
484,549,0.62127006
484,551,0.61740357
484,554,0.63159937
484,556,0.6060128
485,486,0.6680365
485,487,0.7214751
485,488,0.7124991
485,489,0.6683136
485,490,0.69084454
485,491,0.73998654
485,492,0.68603027
485,493,0.7082122
485,494,0.67063487
485,495,0.6812068
485,496,0.73655534
485,497,0.6560395
485,501,0.66470146
485,502,0.6640346
485,505,0.6185254
485,507,0.7306447
485,508,0.6012012
485,510,0.6122249
485,513,0.6773496
485,514,0.6919445
485,515,0.67188036
485,518,0.75274503
485,519,0.70682096
485,520,0.64259905
485,521,0.6989473
485,522,0.64611113
485,523,0.6954998
485,524,0.68793607
485,525,0.706531
485,526,0.66597974
485,527,0.75121045
485,528,0.7602931
485,529,0.65940726
485,530,0.65848374
485,531,0.6397605
485,532,0.73125577
485,533,0.6362665
485,534,0.6583463
485,535,0.6689675
485,536,0.6778487
485,537,0.71245205
485,538,0.7361983
485,539,0.7851907
485,540,0.76483124
485,541,0.6563015
485,542,0.7572801
485,543,0.6358988
485,544,0.6994755
485,545,0.704798
485,546,0.68236667
485,548,0.73548543
485,549,0.69952667
485,550,0.66701216
485,551,0.6722276
485,552,0.6463008
485,553,0.6814897
485,554,0.6950424
485,555,0.663815
485,556,0.70920706
486,487,0.70527446
486,488,0.7081256
486,489,0.6234072
486,490,0.6199242
486,491,0.6792406
486,492,0.6392952
486,493,0.65646356
486,494,0.6161247
486,495,0.68390405
486,496,0.6839099
486,501,0.7473402
486,502,0.6986468
486,506,0.6299257
486,507,0.66045797
486,508,0.6316431
486,513,0.8404956
486,514,0.6030884
486,515,0.67017525
486,518,0.8093455
486,521,0.7847513
486,523,0.659958
486,524,0.6128748
486,525,0.6414422
486,526,0.61124957
486,527,0.6760145
486,528,0.6769454
486,530,0.6518992
486,531,0.61780214
486,532,0.7162167
486,533,0.65399766
486,534,0.6506561
486,535,0.795058
486,537,0.6522975
486,538,0.65664333
486,539,0.6646713
486,540,0.7156152
486,541,0.7499084
486,542,0.67621845
486,545,0.6189009
486,546,0.6464931
486,548,0.67470217
486,549,0.6064654
486,550,0.70221853
486,551,0.6814166
486,552,0.6124313
486,553,0.64508426
486,555,0.6684482
486,556,0.65576446
487,488,0.74936634
487,489,0.67395437
487,490,0.62320507
487,491,0.7045119
487,492,0.6405848
487,493,0.7558062
487,494,0.6993232
487,495,0.6817662
487,496,0.75426054
487,497,0.6378354
487,498,0.6314491
487,501,0.68968344
487,502,0.66121864
487,506,0.6351303
487,507,0.7067943
487,508,0.64327013
487,513,0.6817806
487,514,0.6327003
487,515,0.70688194
487,518,0.7371913
487,519,0.7166568
487,520,0.69867015
487,521,0.67192316
487,523,0.62398
487,524,0.7048564
487,525,0.6270804
487,526,0.7025105
487,527,0.78792137
487,528,0.702469
487,529,0.6728816
487,530,0.67236495
487,531,0.6340259
487,532,0.6886113
487,533,0.69426817
487,534,0.66958934
487,535,0.68260103
487,536,0.6771947
487,537,0.7742456
487,538,0.6705625
487,539,0.767103
487,540,0.71520126
487,541,0.70787275
487,542,0.7490735
487,544,0.6982179
487,545,0.6620883
487,546,0.6790225
487,547,0.6379884
487,548,0.744871
487,549,0.6634108
487,550,0.66772336
487,551,0.7236366
487,552,0.66910356
487,553,0.7005259
487,554,0.6816889
487,555,0.63634956
487,556,0.6908684
488,489,0.68912303
488,490,0.66903955
488,491,0.7616924
488,492,0.6661074
488,493,0.7441194
488,494,0.6900362
488,495,0.62833554
488,496,0.6844522
488,497,0.72668934
488,498,0.621307
488,501,0.6912532
488,502,0.71417004
488,506,0.6340469
488,507,0.752848
488,508,0.69113994
488,513,0.698626
488,514,0.6181283
488,515,0.659147
488,516,0.6522016
488,518,0.74365836
488,519,0.7461843
488,520,0.67907226
488,521,0.7304734
488,523,0.72604215
488,524,0.721044
488,525,0.7195226
488,526,0.68502903
488,527,0.7265973
488,528,0.7368803
488,529,0.69656754
488,530,0.7030468
488,531,0.6087861
488,532,0.7280364
488,533,0.7238524
488,534,0.63079333
488,535,0.6911414
488,536,0.67418295
488,537,0.7560514
488,538,0.68131423
488,539,0.7231675
488,540,0.76396227
488,541,0.7133918
488,542,0.7497355
488,543,0.6847271
488,544,0.6634264
488,545,0.6714504
488,546,0.7578573
488,547,0.6624559
488,548,0.67501515
488,549,0.6983085
488,550,0.66954863
488,551,0.7824348
488,552,0.64652604
488,553,0.71927613
488,554,0.70386815
488,555,0.60743284
488,556,0.7416185
488,713,0.6309805
489,490,0.6344334
489,491,0.70583636
489,492,0.6290432
489,493,0.6437582
489,494,0.7173681
489,496,0.62274146
489,497,0.6425916
489,501,0.6191443
489,502,0.6118833
489,507,0.7115331
489,513,0.6187581
489,514,0.6266856
489,515,0.6508682
489,518,0.65644133
489,519,0.6333957
489,521,0.64668345
489,523,0.6324738
489,524,0.6820861
489,525,0.75203687
489,526,0.6592357
489,527,0.7044405
489,528,0.62788856
489,530,0.65319806
489,532,0.62668204
489,533,0.6149578
489,534,0.6296227
489,537,0.633944
489,538,0.62305677
489,539,0.6974896
489,540,0.7186272
489,541,0.6152408
489,542,0.6476727
489,543,0.6330396
489,545,0.61976635
489,546,0.69612265
489,548,0.639835
489,551,0.6626934
489,553,0.70018256
489,555,0.60189825
489,556,0.7288627
490,491,0.630056
490,496,0.60402805
490,501,0.6358131
490,502,0.61874413
490,507,0.668731
490,513,0.63092923
490,514,0.6111382
490,518,0.685763
490,519,0.6012646
490,523,0.6883128
490,524,0.62009966
490,525,0.61725426
490,526,0.60831684
490,527,0.6490115
490,528,0.6450405
490,530,0.6320479
490,532,0.62880135
490,533,0.66090024
490,536,0.6395979
490,538,0.6629217
490,539,0.6778247
490,540,0.71213365
490,542,0.66420406
490,545,0.6218996
490,551,0.6671983
490,554,0.6187373
490,556,0.64378184
491,492,0.7346646
491,493,0.7445571
491,494,0.6580292
491,495,0.6506743
491,496,0.67996436
491,497,0.74841154
491,499,0.64638895
491,500,0.648949
491,501,0.69989324
491,502,0.7989437
491,505,0.64749974
491,507,0.81636274
491,508,0.6714201
491,510,0.68340826
491,511,0.65081334
491,513,0.715552
491,514,0.7391575
491,515,0.6801208
491,516,0.66305846
491,518,0.77744806
491,519,0.7393084
491,520,0.7331534
491,521,0.6823721
491,522,0.687505
491,523,0.6767465
491,524,0.7057307
491,525,0.7604291
491,526,0.69558567
491,527,0.7010524
491,528,0.7703457
491,529,0.7430072
491,530,0.72390366
491,531,0.67928445
491,532,0.74820435
491,533,0.7289895
491,534,0.6451039
491,535,0.72825336
491,536,0.6724461
491,537,0.73448884
491,538,0.75049055
491,539,0.7057796
491,540,0.7523875
491,541,0.7173028
491,542,0.74876565
491,543,0.7468964
491,544,0.6200283
491,545,0.7524898
491,546,0.72564507
491,547,0.68744284
491,548,0.6549747
491,549,0.7003061
491,550,0.62293005
491,551,0.7861081
491,552,0.68733793
491,553,0.7236907
491,554,0.76192814
491,555,0.61545813
491,556,0.7424612
491,713,0.6392038
492,493,0.6450365
492,495,0.65795326
492,496,0.6408793
492,497,0.6899049
492,501,0.6735443
492,502,0.68839765
492,505,0.6072225
492,507,0.7380744
492,508,0.6168598
492,513,0.69087017
492,514,0.6111469
492,515,0.66889656
492,518,0.77404904
492,519,0.65475094
492,520,0.6592883
492,522,0.6276297
492,523,0.6608027
492,525,0.68037045
492,526,0.6743336
492,527,0.6916877
492,528,0.6784426
492,529,0.6667335
492,530,0.6191008
492,531,0.63170636
492,532,0.7367426
492,533,0.7101675
492,534,0.6527455
492,535,0.66283435
492,537,0.6647626
492,538,0.6717563
492,539,0.7014426
492,540,0.61442727
492,541,0.67317504
492,542,0.71694285
492,543,0.65791214
492,545,0.71328086
492,546,0.71419156
492,547,0.6072507
492,549,0.6477015
492,550,0.6646868
492,551,0.7143425
492,552,0.6549854
492,553,0.72070897
492,554,0.72298115
492,555,0.6052747
492,556,0.7091212
493,494,0.75420296
493,495,0.6469966
493,496,0.66975105
493,497,0.6498983
493,500,0.6436055
493,501,0.6413208
493,502,0.675797
493,503,0.62960756
493,505,0.66663986
493,506,0.73330736
493,507,0.68818855
493,508,0.66242003
493,510,0.6756803
493,513,0.69379157
493,514,0.6122899
493,515,0.6914656
493,516,0.6569953
493,518,0.7764516
493,519,0.70042914
493,520,0.70419216
493,521,0.71744704
493,524,0.73739195
493,525,0.6442932
493,526,0.7564801
493,527,0.76024175
493,528,0.7508633
493,529,0.74375415
493,530,0.7080614
493,532,0.6407509
493,533,0.65605295
493,534,0.63567996
493,535,0.7372645
493,536,0.73622096
493,537,0.7607349
493,538,0.6299287
493,539,0.74060094
493,540,0.71307254
493,541,0.75472385
493,542,0.7763093
493,543,0.6721334
493,544,0.65456176
493,545,0.71902037
493,546,0.708696
493,547,0.72446793
493,548,0.7670668
493,549,0.7352499
493,550,0.65857196
493,551,0.7603332
493,552,0.7044467
493,553,0.69851327
493,554,0.8112125
493,555,0.60107285
493,556,0.7106211
493,713,0.60765606
494,496,0.66888505
494,506,0.6352883
494,507,0.6671418
494,508,0.63251215
494,513,0.6207747
494,515,0.6328504
494,518,0.6565726
494,519,0.6558837
494,520,0.6432065
494,521,0.61362493
494,524,0.77689075
494,526,0.72647864
494,527,0.6810732
494,528,0.6270952
494,529,0.67725945
494,530,0.68217635
494,535,0.68498945
494,536,0.6949547
494,537,0.6559235
494,539,0.766353
494,540,0.66278756
494,541,0.67306316
494,542,0.69484293
494,543,0.63247395
494,544,0.65027696
494,545,0.6244631
494,546,0.6419856
494,547,0.7068508
494,548,0.7627895
494,549,0.64404815
494,551,0.6817275
494,553,0.6318212
494,554,0.7113552
494,555,0.6203714
494,556,0.7362087
495,496,0.81068873
495,497,0.6078246
495,501,0.6500435
495,502,0.61980915
495,506,0.6216334
495,507,0.6608573
495,508,0.6449497
495,513,0.72970533
495,514,0.60319114
495,515,0.66504824
495,518,0.69827825
495,519,0.64705926
495,521,0.6096422
495,523,0.604429
495,524,0.6090479
495,525,0.6449511
495,526,0.6783424
495,527,0.70633614
495,528,0.61670434
495,530,0.6845388
495,532,0.6660458
495,533,0.6487336
495,534,0.7168641
495,535,0.68201613
495,537,0.6544324
495,538,0.6121752
495,539,0.6851791
495,540,0.6261284
495,541,0.6298585
495,542,0.6254395
495,543,0.6022107
495,544,0.6333842
495,545,0.6192788
495,546,0.682801
495,548,0.695874
495,549,0.6041152
495,550,0.63614976
495,551,0.6616429
495,552,0.6699494
495,553,0.6451013
495,554,0.60131514
495,555,0.6567733
495,556,0.6519262
495,713,0.6978419
496,498,0.6226338
496,501,0.6930212
496,502,0.68318605
496,506,0.6221937
496,507,0.6845716
496,513,0.6328194
496,514,0.6537085
496,515,0.72685903
496,518,0.71777105
496,519,0.600935
496,520,0.6240337
496,521,0.6155797
496,522,0.61901724
496,523,0.63712025
496,524,0.6647565
496,526,0.68991226
496,527,0.76881254
496,528,0.685042
496,529,0.66202104
496,530,0.69975686
496,531,0.6175779
496,532,0.6872896
496,533,0.6850338
496,534,0.7192596
496,535,0.6767813
496,536,0.62451744
496,537,0.6893797
496,538,0.6129607
496,539,0.7668209
496,540,0.6964016
496,541,0.64755213
496,542,0.6997138
496,544,0.70831186
496,545,0.63820934
496,546,0.6726928
496,548,0.6859703
496,549,0.65084755
496,550,0.61643386
496,551,0.6925081
496,552,0.6840794
496,553,0.67560846
496,554,0.63533145
496,555,0.74244785
496,556,0.6569123
496,713,0.6312084
497,501,0.6495534
497,502,0.6690662
497,507,0.885888
497,508,0.6547444
497,510,0.64101017
497,512,0.60802346
497,513,0.7046807
497,514,0.62644017
497,515,0.6071782
497,516,0.7010877
497,518,0.7033731
497,519,0.73701024
497,520,0.6387952
497,521,0.65484285
497,523,0.654758
497,524,0.6164578
497,525,0.7446899
497,526,0.6364138
497,527,0.6347792
497,528,0.70887625
497,529,0.6429366
497,530,0.66720533
497,532,0.715083
497,533,0.70587873
497,535,0.65360594
497,537,0.70379233
497,538,0.6659409
497,539,0.6529558
497,540,0.62152785
497,541,0.64499545
497,542,0.63374984
497,543,0.7760865
497,545,0.6949687
497,546,0.7041666
497,547,0.6099751
497,549,0.6638317
497,550,0.62522185
497,551,0.74392354
497,552,0.63727677
497,553,0.72497594
497,554,0.6918199
497,556,0.73867816
498,514,0.60925347
498,518,0.62616444
498,527,0.65049136
498,528,0.6188115
498,530,0.64456594
498,531,0.658047
498,535,0.6241493
498,537,0.62929416
498,539,0.62240094
498,551,0.64936185
498,552,0.61983114
498,556,0.60802805
499,500,0.73559403
499,502,0.62006277
499,503,0.7091117
499,504,0.67661047
499,505,0.7108154
499,507,0.6189283
499,510,0.74274045
499,511,0.70548725
499,512,0.67810535
499,514,0.65717316
499,518,0.687384
499,520,0.6752758
499,528,0.66905105
499,529,0.6689597
499,537,0.6619054
499,538,0.6180105
499,540,0.60052776
499,542,0.61363864
499,545,0.79359996
499,553,0.6077924
499,554,0.6239352
500,503,0.6373123
500,505,0.6773158
500,510,0.7573025
500,511,0.725589
500,518,0.66651964
500,520,0.6456516
500,525,0.6113967
500,526,0.61264753
500,529,0.67112917
500,540,0.6415857
500,542,0.6540995
500,545,0.74097013
500,549,0.6155275
500,554,0.6372169
501,502,0.6866027
501,507,0.73818827
501,508,0.62290096
501,510,0.6003349
501,513,0.7608612
501,514,0.6480646
501,515,0.6582625
501,518,0.79373646
501,519,0.6376786
501,520,0.63554
501,521,0.6975423
501,523,0.6644567
501,524,0.6120322
501,525,0.6464341
501,526,0.6313381
501,527,0.67802656
501,528,0.69863534
501,529,0.6390791
501,530,0.65269727
501,531,0.62681043
501,532,0.74279344
501,533,0.71139455
501,534,0.6015235
501,535,0.7141586
501,536,0.62075937
501,537,0.69908124
501,538,0.677112
501,539,0.71212566
501,540,0.7033002
501,541,0.69516754
501,542,0.7128085
501,543,0.6093795
501,544,0.6045589
501,545,0.6880048
501,546,0.6632607
501,547,0.6068568
501,548,0.6159734
501,549,0.61234176
501,550,0.67106026
501,551,0.70608866
501,552,0.6523894
501,553,0.7062702
501,554,0.64380467
501,555,0.64365876
501,556,0.693229
502,505,0.63767266
502,507,0.72088027
502,508,0.62468815
502,510,0.6002289
502,511,0.62669873
502,513,0.6689536
502,514,0.6666571
502,515,0.6009649
502,516,0.62759984
502,518,0.76900095
502,519,0.6471791
502,520,0.6267543
502,521,0.66712534
502,523,0.6923592
502,524,0.6298168
502,525,0.64973605
502,526,0.6553062
502,527,0.6910865
502,528,0.7340753
502,529,0.67950594
502,530,0.69357896
502,531,0.60111964
502,532,0.780287
502,533,0.67895955
502,534,0.6348909
502,535,0.7159243
502,536,0.6555594
502,537,0.6845108
502,538,0.7602153
502,539,0.63561106
502,540,0.6741014
502,541,0.6414615
502,542,0.6824779
502,543,0.6245477
502,545,0.6972691
502,546,0.7000866
502,548,0.6249428
502,549,0.63881874
502,551,0.7641951
502,552,0.6878384
502,553,0.66002417
502,554,0.6434791
502,556,0.7021973
502,713,0.6082002
503,504,0.67609304
503,505,0.6824095
503,510,0.69183564
503,511,0.62274754
503,520,0.6494062
503,529,0.6807563
503,542,0.6062162
503,545,0.680272
504,505,0.63411784
504,510,0.6145675
504,511,0.7027825
504,529,0.6300059
504,545,0.65596735
505,507,0.6272068
505,510,0.70570576
505,511,0.69890726
505,512,0.60629094
505,518,0.6855997
505,520,0.6595864
505,526,0.6068537
505,528,0.651942
505,529,0.75327146
505,538,0.61751425
505,539,0.6148665
505,542,0.646263
505,545,0.7531925
505,549,0.6020554
505,551,0.63195837
505,552,0.6119209
505,553,0.6273515
505,554,0.72508824
506,513,0.6430503
506,518,0.681005
506,521,0.6635401
506,524,0.6398934
506,527,0.65237
506,528,0.65201235
506,530,0.635973
506,535,0.6966028
506,536,0.6136739
506,537,0.6117579
506,539,0.6403851
506,540,0.6323276
506,541,0.6805449
506,542,0.6191483
506,547,0.63342553
506,548,0.628599
506,551,0.622163
506,553,0.6097417
506,554,0.6307704
507,508,0.65604293
507,510,0.6991528
507,511,0.60100675
507,512,0.60451084
507,513,0.733736
507,514,0.6986191
507,515,0.67898643
507,516,0.64526904
507,517,0.6189822
507,518,0.79241145
507,519,0.7284454
507,520,0.69976157
507,521,0.67835635
507,522,0.61023784
507,523,0.71245545
507,524,0.69854313
507,525,0.7407687
507,526,0.7080741
507,527,0.7157136
507,528,0.7659738
507,529,0.7352054
507,530,0.75669
507,531,0.63050926
507,532,0.7855755
507,533,0.7604333
507,534,0.6330281
507,535,0.7086612
507,536,0.63214123
507,537,0.7477921
507,538,0.73275536
507,539,0.7605384
507,540,0.76275223
507,541,0.71300006
507,542,0.71678346
507,543,0.7774279
507,544,0.66112924
507,545,0.75755215
507,546,0.7142094
507,547,0.6793981
507,548,0.6233032
507,549,0.73451877
507,550,0.66801065
507,551,0.78084195
507,552,0.6783432
507,553,0.7512425
507,554,0.74882334
507,555,0.629114
507,556,0.7751882
507,713,0.63389754
508,513,0.69589424
508,516,0.6147299
508,518,0.7151332
508,519,0.6946837
508,520,0.69022757
508,521,0.61234486
508,523,0.6015715
508,524,0.61766636
508,525,0.6199987
508,526,0.6682735
508,527,0.6400665
508,528,0.6154257
508,529,0.6227226
508,530,0.6508813
508,532,0.62565184
508,533,0.6768404
508,535,0.67504394
508,536,0.62906504
508,537,0.67310107
508,539,0.6265476
508,540,0.6028517
508,541,0.6686325
508,542,0.67299724
508,543,0.62979436
508,545,0.6102762
508,546,0.660995
508,548,0.6507252
508,549,0.64530075
508,550,0.6054957
508,551,0.74780697
508,552,0.6355634
508,553,0.6514639
508,554,0.6655335
508,556,0.71504784
509,516,0.60895216
509,517,0.7279301
510,511,0.719608
510,512,0.6364504
510,513,0.6450316
510,518,0.6997968
510,520,0.66384625
510,521,0.6014949
510,524,0.60331637
510,525,0.67260534
510,528,0.68396354
510,529,0.691695
510,530,0.6056173
510,537,0.6683754
510,538,0.62043595
510,539,0.6188706
510,540,0.6081543
510,541,0.64929676
510,542,0.6913253
510,543,0.6527244
510,545,0.8137972
510,546,0.6030723
510,549,0.6474376
510,551,0.646788
510,553,0.68395776
510,554,0.67764366
510,556,0.6159595
510,3281,0.63687646
511,514,0.63536847
511,518,0.6696748
511,520,0.6155651
511,522,0.62666297
511,529,0.67903566
511,542,0.6462265
511,545,0.73908484
511,551,0.63243437
512,513,0.6056557
512,518,0.6636816
512,528,0.7476939
512,532,0.6171013
512,543,0.62589276
512,545,0.7173723
513,514,0.6328119
513,515,0.64508647
513,516,0.6523421
513,518,0.835518
513,519,0.71364677
513,520,0.645924
513,521,0.74828637
513,523,0.66248107
513,524,0.63781035
513,525,0.7100366
513,526,0.6381279
513,527,0.66589725
513,528,0.7456979
513,529,0.6483333
513,530,0.6931689
513,531,0.6366968
513,532,0.7453922
513,533,0.66371703
513,534,0.62523377
513,535,0.7909562
513,536,0.6147971
513,537,0.72729194
513,538,0.6934722
513,539,0.70361006
513,540,0.67533565
513,541,0.7614409
513,542,0.7059086
513,543,0.6758745
513,545,0.7442079
513,546,0.69347423
513,548,0.66729236
513,549,0.64915776
513,550,0.6819541
513,551,0.7273629
513,552,0.62712777
513,553,0.6804029
513,554,0.6715101
513,555,0.62180185
513,556,0.739851
514,518,0.68281424
514,520,0.60526276
514,525,0.6518701
514,526,0.6520984
514,527,0.70676816
514,528,0.66731584
514,529,0.63301677
514,530,0.63056856
514,531,0.78902155
514,532,0.6562711
514,533,0.6338977
514,537,0.6925937
514,538,0.7023926
514,539,0.6830484
514,540,0.69964945
514,542,0.62538713
514,545,0.6920725
514,546,0.6118183
514,549,0.6324951
514,551,0.6256453
514,552,0.6293516
514,553,0.6348653
514,554,0.60492945
514,556,0.67064357
515,518,0.7224598
515,519,0.6252254
515,520,0.64621484
515,521,0.6126684
515,522,0.6460084
515,524,0.6220343
515,525,0.644083
515,526,0.659171
515,527,0.71980166
515,528,0.670596
515,529,0.6260086
515,530,0.60547686
515,531,0.6030711
515,532,0.68386346
515,533,0.65378773
515,534,0.6550138
515,535,0.6435175
515,537,0.6414274
515,539,0.7457222
515,540,0.67417204
515,541,0.6735212
515,542,0.693038
515,544,0.6285408
515,545,0.6443428
515,546,0.61830837
515,548,0.6614834
515,549,0.60649663
515,550,0.6476302
515,551,0.66883594
515,552,0.6638551
515,553,0.6886581
515,554,0.68022597
515,555,0.6688246
515,556,0.6789213
516,518,0.6763679
516,519,0.67850393
516,521,0.6680807
516,523,0.60006607
516,525,0.67102057
516,528,0.6834966
516,530,0.62139475
516,532,0.6033501
516,533,0.61751103
516,535,0.6599454
516,537,0.6629659
516,538,0.63493335
516,540,0.6483027
516,541,0.66387033
516,542,0.61196005
516,543,0.6921096
516,545,0.64924884
516,546,0.6728838
516,547,0.6145934
516,548,0.64249766
516,551,0.6934861
516,552,0.64027774
516,554,0.63987553
516,556,0.6256875
517,518,0.6288477
517,551,0.62819636
518,519,0.6905115
518,520,0.7419955
518,521,0.7773923
518,522,0.65203106
518,523,0.69172317
518,524,0.6831591
518,525,0.67620385
518,526,0.7264069
518,527,0.73388636
518,528,0.7654294
518,529,0.7791168
518,530,0.7479137
518,531,0.6573609
518,532,0.76589924
518,533,0.74762577
518,534,0.64528835
518,535,0.8090159
518,536,0.70784354
518,537,0.73766106
518,538,0.740096
518,539,0.7659442
518,540,0.7681898
518,541,0.80685604
518,542,0.78219366
518,543,0.65946203
518,544,0.6601013
518,545,0.7957385
518,546,0.71360743
518,547,0.6825503
518,548,0.675035
518,549,0.76048476
518,550,0.7200651
518,551,0.80061793
518,552,0.7246676
518,553,0.76193774
518,554,0.7835383
518,555,0.6888033
518,556,0.73584795
519,520,0.66359466
519,521,0.6785644
519,523,0.6843045
519,524,0.6691855
519,525,0.7377211
519,526,0.623005
519,527,0.66850877
519,528,0.75871193
519,529,0.63525426
519,530,0.64797544
519,532,0.6730864
519,533,0.7020831
519,535,0.70295477
519,536,0.6477728
519,537,0.75997317
519,538,0.65601355
519,539,0.6915965
519,540,0.66858625
519,541,0.6708393
519,542,0.6685263
519,543,0.69442236
519,545,0.64472926
519,546,0.7059126
519,547,0.62227464
519,548,0.70809734
519,549,0.60423553
519,550,0.625323
519,551,0.7111355
519,552,0.6127372
519,553,0.6877892
519,554,0.70031977
519,556,0.7275493
519,713,0.6045536
520,524,0.68568325
520,526,0.70474124
520,527,0.6692955
520,528,0.69258356
520,529,0.7401949
520,530,0.6379218
520,532,0.61528
520,533,0.6789627
520,535,0.60372746
520,536,0.655802
520,537,0.67401475
520,538,0.6157617
520,539,0.6912135
520,540,0.6571486
520,541,0.7006658
520,542,0.7300491
520,543,0.63116455
520,544,0.6444825
520,545,0.7271786
520,546,0.6283578
520,547,0.642535
520,549,0.6915258
520,551,0.7715512
520,552,0.65177536
520,553,0.7308328
520,554,0.77903605
520,556,0.66315925
521,523,0.6575413
521,524,0.63715947
521,525,0.7284934
521,526,0.60259855
521,527,0.6564745
521,528,0.7224854
521,530,0.66738516
521,532,0.6764327
521,533,0.6381719
521,534,0.6391735
521,535,0.7622702
521,536,0.6700095
521,537,0.6854582
521,538,0.6763361
521,539,0.673332
521,540,0.73230684
521,541,0.74428856
521,542,0.6606973
521,543,0.6512482
521,545,0.62558335
521,546,0.66482866
521,548,0.70438
521,549,0.6374339
521,550,0.671137
521,551,0.6646493
521,552,0.6840327
521,553,0.6928728
521,554,0.64676833
521,556,0.69325244
522,527,0.602558
522,528,0.63111615
522,529,0.6580223
522,538,0.61817837
522,539,0.61329556
522,540,0.6276925
522,542,0.6179644
522,545,0.6077298
522,549,0.60062337
522,551,0.6109088
522,553,0.6253887
522,554,0.68644774
523,525,0.7161637
523,527,0.64780736
523,528,0.75050175
523,530,0.6293942
523,531,0.60453737
523,532,0.71441424
523,533,0.6815183
523,535,0.6537169
523,537,0.6435329
523,538,0.6610669
523,539,0.628494
523,540,0.7197157
523,541,0.6081716
523,542,0.64894086
523,543,0.65719247
523,545,0.6391906
523,546,0.6705351
523,551,0.7120322
523,552,0.6273521
523,553,0.6286965
523,554,0.6150979
523,556,0.68194544
524,525,0.63068914
524,526,0.7107029
524,527,0.68917626
524,528,0.646038
524,529,0.7020638
524,530,0.66799915
524,532,0.6680328
524,533,0.61537784
524,535,0.6159992
524,536,0.7272737
524,537,0.6669489
524,538,0.68859565
524,539,0.73894286
524,540,0.66986096
524,541,0.67679524
524,542,0.7246997
524,543,0.60766196
524,544,0.67953986
524,545,0.6688975
524,546,0.6606475
524,547,0.6230434
524,548,0.69773835
524,549,0.61989343
524,551,0.7110355
524,552,0.6191939
524,553,0.62346673
524,554,0.7105664
524,555,0.6270442
524,556,0.6865311
525,527,0.64466417
525,528,0.7217806
525,530,0.6509987
525,531,0.6844897
525,532,0.7510712
525,533,0.6428262
525,534,0.67482436
525,535,0.6541259
525,537,0.6958722
525,538,0.71237445
525,539,0.65104806
525,540,0.71880025
525,541,0.67830896
525,542,0.63445985
525,543,0.74073875
525,545,0.697018
525,546,0.7240176
525,548,0.64024293
525,550,0.61612296
525,551,0.6374586
525,552,0.6163385
525,553,0.71055424
525,554,0.63959575
525,556,0.7659004
525,713,0.6124083
526,527,0.7473774
526,528,0.6172049
526,529,0.73415273
526,530,0.6802021
526,532,0.6420486
526,533,0.66645324
526,535,0.6502863
526,536,0.73447824
526,537,0.6809279
526,539,0.7440928
526,540,0.66148925
526,541,0.6479958
526,542,0.7264252
526,543,0.6048124
526,544,0.6684139
526,545,0.68559784
526,546,0.69550264
526,547,0.6677173
526,548,0.66644305
526,549,0.6958184
526,550,0.6408062
526,551,0.73847574
526,552,0.65153
526,553,0.70439446
526,554,0.7326594
526,555,0.6491724
526,556,0.7249447
527,528,0.7092601
527,529,0.6695119
527,530,0.7213673
527,531,0.6518811
527,532,0.7241709
527,533,0.7073443
527,534,0.6876206
527,535,0.6557909
527,536,0.6928519
527,537,0.7310596
527,538,0.6754488
527,539,0.8006018
527,540,0.7351912
527,541,0.64733785
527,542,0.7138388
527,544,0.6872759
527,545,0.6741747
527,546,0.68290085
527,547,0.65399384
527,548,0.73130804
527,549,0.66982406
527,550,0.6472886
527,551,0.7252815
527,552,0.7260181
527,553,0.6954348
527,554,0.70426977
527,555,0.68295646
527,556,0.7359551
528,529,0.6933917
528,530,0.7085811
528,531,0.669359
528,532,0.7473372
528,533,0.65723085
528,534,0.6716532
528,535,0.7688515
528,536,0.6346069
528,537,0.79827404
528,538,0.7115851
528,539,0.72540987
528,540,0.7433441
528,541,0.6770636
528,542,0.73513305
528,543,0.73108065
528,544,0.62200606
528,545,0.7747276
528,546,0.7171773
528,547,0.68390864
528,548,0.6894288
528,549,0.65446424
528,551,0.76545465
528,552,0.70916724
528,553,0.6802279
528,554,0.74226606
528,556,0.72530675
529,530,0.679976
529,532,0.6604692
529,533,0.6582347
529,535,0.6451056
529,536,0.70457643
529,537,0.69871676
529,538,0.65604925
529,539,0.75293833
529,540,0.68413407
529,541,0.688961
529,542,0.7508348
529,543,0.65109706
529,544,0.63697577
529,545,0.7700303
529,546,0.679839
529,547,0.7025553
529,548,0.6060628
529,549,0.7045793
529,551,0.77434874
529,552,0.6593069
529,553,0.6694816
529,554,0.81379485
529,555,0.6038836
529,556,0.70979273
530,532,0.6838403
530,533,0.681352
530,534,0.6519414
530,535,0.73829293
530,536,0.6642313
530,537,0.71885717
530,538,0.6477084
530,539,0.6808666
530,540,0.69013083
530,541,0.6582549
530,542,0.66016793
530,543,0.658188
530,544,0.61359924
530,545,0.67962384
530,546,0.66881573
530,547,0.6777065
530,548,0.6609931
530,549,0.6518852
530,551,0.78347695
530,552,0.6887634
530,553,0.6268648
530,554,0.70792454
530,555,0.6262698
530,556,0.68798774
530,713,0.65282845
531,532,0.66318023
531,535,0.6410063
531,537,0.64256775
531,539,0.6346491
531,540,0.62768406
531,542,0.6256292
531,545,0.608052
531,552,0.630253
531,553,0.605181
531,556,0.62525594
532,533,0.67923474
532,534,0.67450553
532,535,0.6905754
532,537,0.7211506
532,538,0.7343854
532,539,0.71141994
532,540,0.69329065
532,541,0.71825755
532,542,0.6973859
532,543,0.66475445
532,545,0.7249855
532,546,0.72520024
532,548,0.6267551
532,549,0.6596005
532,550,0.64922583
532,551,0.72155285
532,552,0.7035849
532,553,0.6631707
532,554,0.6796646
532,556,0.75689024
533,534,0.6064265
533,535,0.67289937
533,536,0.6129421
533,537,0.69169825
533,538,0.6291399
533,539,0.66054285
533,540,0.6711756
533,541,0.6477234
533,542,0.68654674
533,543,0.6700577
533,544,0.62570876
533,545,0.6592663
533,546,0.6789304
533,547,0.6293237
533,549,0.67726994
533,550,0.6821623
533,551,0.7411071
533,552,0.63072515
533,553,0.75003767
533,554,0.6692549
533,556,0.66997725
533,713,0.60966134
534,535,0.7177633
534,537,0.63172024
534,538,0.6246494
534,539,0.6690097
534,540,0.6432173
534,541,0.6144892
534,542,0.6097952
534,546,0.6075815
534,548,0.7026228
534,550,0.61053413
534,551,0.6003014
534,552,0.6764846
534,553,0.60210603
534,555,0.6261945
534,556,0.6188061
534,713,0.6254635
535,536,0.6705413
535,537,0.68868345
535,538,0.6429874
535,539,0.6830643
535,540,0.6898214
535,541,0.7732658
535,542,0.6775477
535,543,0.64968383
535,545,0.62539124
535,546,0.6672878
535,547,0.6525786
535,548,0.74893415
535,549,0.62420344
535,550,0.6793554
535,551,0.72155046
535,552,0.69637096
535,553,0.652823
535,554,0.71264124
535,555,0.6280991
535,556,0.7061031
535,713,0.61372507
536,537,0.6335192
536,538,0.65761375
536,539,0.69641566
536,540,0.6439949
536,541,0.6406838
536,542,0.7447232
536,544,0.61660385
536,545,0.6004664
536,546,0.6180647
536,547,0.6522582
536,548,0.6520102
536,549,0.661384
536,550,0.61187273
536,551,0.717999
536,552,0.6028155
536,553,0.61812836
536,554,0.71716815
536,556,0.62419915
537,538,0.69822824
537,539,0.7541075
537,540,0.68854535
537,541,0.68110085
537,542,0.72736585
537,543,0.7193469
537,544,0.65003526
537,545,0.75564504
537,546,0.7396342
537,547,0.6639815
537,548,0.6953844
537,549,0.67070794
537,550,0.6346974
537,551,0.73643154
537,552,0.6488228
537,553,0.72814053
537,554,0.72166
537,556,0.7473695
538,539,0.6869955
538,540,0.70862126
538,541,0.6351151
538,542,0.6859493
538,543,0.61485046
538,545,0.70002115
538,546,0.6509435
538,548,0.6231462
538,549,0.64488924
538,550,0.63143826
538,551,0.66726995
538,552,0.60104185
538,553,0.6272411
538,554,0.6443143
538,556,0.679024
539,540,0.7560221
539,541,0.7036607
539,542,0.7623724
539,543,0.6553681
539,544,0.7424065
539,545,0.7179058
539,546,0.689959
539,547,0.67645216
539,548,0.72277546
539,549,0.72177476
539,550,0.65365684
539,551,0.71150243
539,552,0.67800844
539,553,0.72579193
539,554,0.742009
539,555,0.71143925
539,556,0.7921617
540,541,0.672516
540,542,0.7083223
540,543,0.62920713
540,544,0.6028825
540,545,0.6627884
540,546,0.64648914
540,547,0.6334604
540,548,0.7011455
540,549,0.7017431
540,550,0.6547779
540,551,0.73014116
540,552,0.6720009
540,553,0.66080457
540,554,0.66446185
540,555,0.6672412
540,556,0.7183651
540,713,0.60706735
541,542,0.71330607
541,543,0.6401267
541,545,0.6679914
541,546,0.676569
541,547,0.6407189
541,548,0.6761097
541,549,0.68378747
541,550,0.75145364
541,551,0.718071
541,552,0.6710055
541,553,0.7306553
541,554,0.76034427
541,555,0.60761225
541,556,0.6846291
542,543,0.66233593
542,544,0.71932274
542,545,0.7448409
542,546,0.69852483
542,547,0.7031595
542,548,0.6620004
542,549,0.6803848
542,550,0.65737736
542,551,0.7898387
542,552,0.6468166
542,553,0.71817386
542,554,0.75545263
542,555,0.670144
542,556,0.6858158
543,545,0.7016567
543,546,0.70440006
543,547,0.62170494
543,548,0.6001438
543,549,0.6180785
543,551,0.71767354
543,552,0.6282807
543,553,0.6579367
543,554,0.6972971
543,556,0.72510123
543,713,0.64268655
544,545,0.6380863
544,546,0.6345221
544,548,0.6063359
544,549,0.6838653
544,551,0.6149524
544,553,0.61217463
544,554,0.6221694
544,555,0.61900115
544,556,0.613201
545,546,0.6850248
545,547,0.6336404
545,549,0.6836983
545,551,0.7337334
545,552,0.63287055
545,553,0.68842816
545,554,0.74218726
545,556,0.71362305
546,548,0.65027654
546,549,0.64016134
546,551,0.7586285
546,552,0.6426655
546,553,0.66695464
546,554,0.6774981
546,556,0.7839959
546,713,0.64297974
547,548,0.6115773
547,549,0.62966704
547,551,0.70325196
547,552,0.609589
547,553,0.6712589
547,554,0.74724585
547,556,0.62525165
548,549,0.6143342
548,550,0.6257742
548,551,0.6542058
548,552,0.7217659
548,553,0.6006347
548,554,0.6831161
548,555,0.6238788
548,556,0.6712961
548,713,0.62279844
549,550,0.74190426
549,551,0.6901131
549,552,0.6657763
549,553,0.6745113
549,554,0.7108341
549,556,0.6602534
550,551,0.6257665
550,552,0.6074686
550,553,0.71420336
550,554,0.62852025
550,556,0.6092513
551,552,0.7290604
551,553,0.7023517
551,554,0.79260266
551,555,0.6185222
551,556,0.75200176
551,713,0.6536828
552,553,0.64450645
552,554,0.71245927
552,556,0.6731453
553,554,0.73109275
553,555,0.6027814
553,556,0.6965432
554,555,0.6078125
554,556,0.70864034
556,713,0.61899555
557,675,0.624178
557,697,0.6056477
563,958,0.6017146
563,1028,0.6103593
563,1114,0.60496545
563,1159,0.6402818
563,1266,0.61083245
563,1354,0.62210214
563,1447,0.6513586
563,1622,0.60567385
563,1770,0.620263
563,1800,0.6196041
563,2273,0.6158414
563,2474,0.6212281
563,2666,0.64818406
563,2971,0.6147777
563,3264,0.61743534
564,850,0.6015667
564,1016,0.6191739
564,1146,0.6178883
564,2027,0.6225081
564,3089,0.64068997
567,886,0.6161754
567,2553,0.613528
571,756,0.8385426
571,757,0.8184129
571,758,0.8161315
572,1360,0.65405357
572,1643,0.6474509
572,1776,0.60996974
572,2517,0.6207645
572,2615,0.61187464
572,2682,0.60116863
576,577,0.6061718
576,630,0.6076473
576,795,0.60931444
576,805,0.6076473
576,859,0.6212603
576,872,0.6057193
576,1009,0.61112785
576,1267,0.64447916
576,1386,0.66658944
577,859,0.6121264
578,745,0.60794544
578,2442,0.61975026
580,587,0.68661636
582,2206,0.6337353
584,920,0.60554105
585,1945,0.7877598
591,1864,0.6194678
591,2235,0.6032834
591,2701,0.6145139
595,816,0.6200323
595,999,0.60046464
595,1105,0.65402293
595,1528,0.6254679
595,1859,0.60180193
595,1938,0.6344094
601,605,0.7825289
601,614,0.8082215
601,624,0.7858473
601,627,0.7755405
601,639,0.8472316
601,640,0.86455303
601,964,0.67735606
601,1247,0.62693644
601,2740,0.64149463
605,614,0.91698253
605,624,0.88672364
605,627,0.892513
605,639,0.8777749
605,640,0.8540182
605,964,0.8028922
605,1247,0.71988547
605,1319,0.7083665
605,1437,0.6021825
605,1856,0.6080153
605,2740,0.6814064
605,3298,0.66936034
607,653,0.9059795
608,792,0.95578444
608,1640,0.6122183
609,2754,0.61444414
612,2269,0.6091373
614,624,0.8732418
614,627,0.9005883
614,639,0.87424904
614,640,0.84931135
614,964,0.80412525
614,1247,0.72020376
614,1319,0.72201014
614,1856,0.6121057
614,2740,0.65646476
614,3298,0.6710206
617,1799,0.6065383
619,731,0.62331814
620,1259,0.95392686
620,1959,0.62184095
621,652,0.61806834
624,627,0.90885603
624,639,0.85742027
624,640,0.8571455
624,964,0.82467496
624,1247,0.72978836
624,1319,0.7327485
624,1437,0.60442734
624,2740,0.6478714
624,3298,0.66909325
626,1653,0.6192534
626,1754,0.6045919
626,1899,0.6074355
626,2052,0.63868165
626,2390,0.6049595
626,2442,0.6582695
626,2573,0.673295
626,2726,0.6083474
626,2927,0.61151516
626,3104,0.6158565
627,639,0.8682343
627,640,0.83919877
627,964,0.8355264
627,1247,0.7645447
627,1319,0.7580986
627,1856,0.6447011
627,2740,0.6835935
627,3298,0.6860793
630,805,1.0
630,1009,0.60534143
633,2247,0.61524713
637,991,0.6049088
637,1270,0.6179985
637,1446,0.625159
637,1524,0.6578106
637,2205,0.63364005
639,640,0.9539719
639,815,0.6073725
639,964,0.77914864
639,1247,0.65396047
639,1319,0.64774716
639,1437,0.6503593
639,1773,0.6153341
639,1856,0.61476845
639,2740,0.6975336
640,964,0.7585079
640,1247,0.6442925
640,1319,0.6086136
640,1437,0.6431699
640,2740,0.6724887
652,1268,0.6163335
652,1792,0.6325296
657,1033,0.61117804
657,1556,0.62166154
657,2515,0.62391365
664,681,0.94258344
672,675,0.657302
672,684,0.6433537
672,697,0.7621611
675,697,0.69238055
680,2449,0.6062025
684,697,0.6764151
686,1423,0.6286714
689,724,0.6136832
691,1452,0.7721757
691,1454,0.6615118
691,1504,0.7222569
691,1594,0.74654746
691,2082,0.6239567
691,3018,0.6070286
692,1721,0.6050298
693,1494,0.7267381
701,1317,0.9635885
711,1672,0.6257193
711,1805,0.61459315
711,2449,0.6747165
711,2804,0.6249458
712,797,1.0
715,1277,0.6094388
715,1499,0.61538476
715,1778,0.63242453
723,724,0.8311158
724,1201,0.60454285
724,2426,0.63298154
724,2590,0.6294383
728,2241,1.0
730,738,0.7015472
730,868,0.6233511
730,886,0.61521614
730,929,0.6017271
730,1003,0.61706257
730,1017,0.6081115
730,1040,0.63125277
730,1864,0.72852874
730,2135,0.60821545
730,2235,0.64337885
730,2267,0.6280097
730,2701,0.6374568
733,1638,0.6261773
733,1970,0.60240483
738,788,0.60728157
738,838,0.61747265
738,994,0.6024288
738,1003,0.6682195
738,1017,0.67100036
738,1864,0.691048
738,1866,0.6094652
738,2015,0.61367184
738,2135,0.6379641
738,2235,0.64741504
738,2267,0.63220406
738,2701,0.63994706
740,1246,0.63052547
740,1799,0.6083108
741,1121,0.64687973
742,958,0.60263777
742,2666,0.6159642
748,2760,0.6204272
754,948,0.6269649
754,2445,0.6312633
756,757,0.8358946
756,758,0.76667535
757,758,0.78417933
760,1385,0.6009892
762,782,0.74302256
762,783,0.7066622
762,786,0.6892463
763,780,0.9158175
763,1794,0.6536453
763,1923,0.6197458
763,2178,0.60475355
763,2425,0.61246425
763,2882,0.6138281
767,770,0.641286
767,775,0.63923
767,777,0.78723323
767,781,0.81643987
767,785,0.89322066
768,769,0.6580533
768,779,0.77397394
769,779,0.61044186
770,777,0.66919196
770,781,0.631622
770,785,0.62680453
776,778,0.7808869
776,784,0.72576904
777,781,0.8099166
777,785,0.8260877
778,784,0.73085254
780,1794,0.62990355
781,785,0.8887557
782,783,0.76336336
782,786,0.7393476
783,786,0.74220145
786,1785,0.6093802
787,809,0.689476
787,899,0.6011588
787,958,0.6082072
787,1051,0.6077161
787,1266,0.6230501
787,1546,0.60447633
787,2107,0.61405957
787,2118,0.6313292
787,2666,0.61148894
787,2748,0.6472764
788,1017,0.6078633
788,2275,0.60229266
788,2701,0.60957295
789,1027,0.60286736
789,1080,0.6022341
789,1169,0.6235105
789,1270,0.69302493
789,1323,0.61524993
789,1446,0.6971139
789,1523,0.6085093
789,1524,0.60845894
789,1800,0.6213347
789,3264,0.6045456
790,912,0.6471549
792,1640,0.603187
795,1267,0.61916316
795,1636,0.6080882
805,1009,0.60534143
807,2464,0.6401077
807,2568,0.604203
807,3267,0.614748
809,1051,0.60013974
809,1232,0.63824534
809,1262,0.62616307
809,1682,0.60070014
809,1757,0.6202753
809,2097,0.61594665
809,2118,0.6271934
809,2218,0.6584041
809,2344,0.6116362
809,2666,0.6226685
809,2710,0.63504195
809,2712,0.62464017
809,2748,0.6064359
809,2906,0.6093954
809,3008,0.6020407
809,3048,0.60911196
809,3220,0.603513
816,1105,0.6080758
816,1938,0.6037991
816,2760,0.66579974
819,820,0.63939106
819,975,0.64334506
820,975,0.6297823
826,1537,0.62678325
831,1000,0.6213461
831,1015,0.67141503
831,1017,0.6228136
833,1797,0.6450435
838,986,0.62516105
838,1959,0.6200899
843,1740,0.6086989
847,929,0.6093597
848,1045,0.6253481
850,902,0.6175023
850,1085,0.60508513
850,1266,0.6088165
850,1954,0.6734947
854,2132,0.60082483
855,1816,0.60858583
855,2491,0.60092103
857,2041,0.62522227
857,2218,0.6123514
857,2284,0.6358875
857,2287,0.6504314
859,872,0.64307106
859,958,0.6037364
859,1267,0.6244578
859,1358,0.60720146
859,1704,0.60412
859,1740,0.6216688
860,1585,0.62123656
860,1699,0.6060293
860,2358,0.63053787
868,879,0.6374657
868,1017,0.604723
868,1040,0.6029978
868,1850,0.60797113
868,2267,0.6013143
868,2701,0.6002352
870,3258,0.61613303
871,1105,0.6054495
872,1386,0.60474086
873,1748,0.60057807
878,995,0.6430304
878,1354,0.6027391
878,1864,0.644004
879,1017,0.6001071
879,1850,0.7251754
879,1864,0.605312
879,2267,0.6253468
879,2701,0.6067431
879,2766,0.6045886
886,1003,0.6282695
886,1015,0.60912037
886,1017,0.62993574
887,888,0.60931057
887,1513,0.6911948
888,890,0.6121845
888,891,0.63164043
890,891,0.665107
892,2568,0.603758
893,911,0.63771945
894,1979,0.63074106
894,2144,0.611395
896,2398,0.6161471
899,1010,0.6094309
899,1615,0.6156635
899,1767,0.64517593
901,2398,0.6401256
902,1142,0.61053413
902,1261,0.60692865
902,1517,0.6042434
902,3021,0.6109822
907,1304,0.6001258
909,1387,0.62825227
911,1024,0.63778436
918,1899,0.6063261
929,1864,0.6534834
929,2306,0.60929525
930,3113,0.60982966
932,2373,0.68618476
932,2405,0.6274198
933,2344,0.6039275
938,1431,0.61056316
941,958,0.6087544
943,1127,0.7178086
953,954,0.70428395
956,1495,0.61704195
956,1555,0.68276
958,1266,0.62661743
959,1038,0.6107998
959,1228,0.6565856
959,1231,0.70086503
959,1368,0.71199167
960,1285,0.65482825
960,1372,0.65482825
964,1247,0.6985422
964,1319,0.77479225
964,3298,0.6920873
965,1384,0.612018
965,1539,0.61602217
965,1540,0.6534178
969,1545,0.6045331
971,2203,0.6008266
971,2412,0.66302526
972,973,0.66663176
972,1224,0.61747
972,1370,0.7026994
972,1371,0.61898655
972,1395,0.65428025
972,1396,0.6899705
972,1398,0.66396034
972,1399,0.6781632
972,1401,0.6229775
973,1224,0.6197859
973,1370,0.65009713
973,1371,0.61096585
973,1373,0.68096864
973,1392,0.6314869
973,1393,0.6558073
973,1395,0.67099655
973,1396,0.6782124
973,1398,0.6440803
973,1399,0.790823
973,1401,0.6147127
974,1551,0.62829995
975,1326,0.6109656
975,1442,0.6462295
976,3013,0.61631674
976,3093,0.6076209
980,994,0.63198775
980,1015,0.62395537
982,2945,0.63232696
989,1016,0.6056528
989,1864,0.6467377
989,1866,0.6207038
991,1234,0.6042794
991,1270,0.62321043
992,1879,0.6669883
992,3165,0.60127866
994,1864,0.6186348
994,2157,0.6312202
996,2374,0.6385417
996,2689,0.68062484
1000,1017,0.77262414
1001,2476,0.61108077
1003,1864,0.6441611
1003,1866,0.63732743
1003,2135,0.6416121
1003,2576,0.6711723
1004,2358,0.63879347
1005,1120,0.6934275
1005,1185,0.63190174
1006,1315,0.6172271
1010,1262,0.6139943
1011,1824,0.6434422
1011,1998,0.63429654
1011,2853,0.6448364
1014,1136,0.61060315
1015,1016,0.64492357
1015,1017,0.6331
1015,1864,0.6461513
1015,2576,0.6362442
1015,2701,0.6064998
1017,1850,0.613592
1017,1864,0.61724675
1017,2701,0.6877659
1023,1024,0.6468668
1024,1102,0.6467571
1025,1045,0.6004535
1025,2369,0.77693135
1025,2666,0.60274893
1025,2998,0.99999994
1027,2148,0.61358523
1028,2464,0.64833015
1033,1499,0.61516845
1033,1503,0.6497199
1033,1778,0.6371179
1035,1524,0.6514356
1035,2689,0.6204516
1035,3264,0.6341556
1038,1049,0.6000898
1038,1231,0.6195568
1038,1368,0.65332127
1040,1864,0.63522154
1041,1265,0.665444
1043,1553,0.74472374
1043,1595,0.7064693
1043,1597,0.8343944
1045,2998,0.6004535
1046,1047,0.7876358
1046,1048,0.63382244
1047,1048,0.86462855
1051,1170,0.6203567
1051,1629,0.72404754
1051,1879,0.6119209
1051,1881,0.629043
1051,2016,0.6217233
1051,2127,0.6005868
1051,2139,0.60134065
1051,2218,0.6288054
1051,2328,0.65619874
1051,2344,0.65177625
1051,2347,0.6327169
1051,2410,0.60519993
1051,2413,0.6067996
1051,2480,0.62071455
1051,2663,0.6122016
1051,2689,0.6665729
1051,2863,0.6361412
1051,2928,0.6707245
1051,2930,0.64075613
1051,3003,0.62310815
1051,3006,0.63857245
1051,3048,0.63848543
1051,3105,0.61110306
1051,3165,0.6010355
1051,3219,0.6423903
1051,3233,0.63693416
1054,1795,0.6292883
1054,2949,0.97270274
1068,1211,0.6836687
1068,1351,0.63703823
1068,2299,0.6067643
1069,1710,0.604993
1071,1956,0.65317535
1071,2097,0.6041217
1071,2273,0.6003927
1074,1524,0.6210246
1074,2148,0.6085926
1075,3144,0.6110322
1077,1235,0.62085986
1078,2043,0.60189945
1079,1796,0.6371737
1079,2320,0.6041304
1080,1270,0.6015537
1080,1936,0.6192173
1080,2148,0.6032307
1085,1266,0.6063204
1085,2000,0.61367166
1085,2071,0.60698533
1096,1277,0.69140065
1096,2107,0.63685906
1096,2578,0.64275634
1098,1954,0.65186894
1100,1101,0.6250355
1100,1142,0.632481
1100,1445,0.6045331
1100,2711,0.6200609
1100,2748,0.6131879
1102,2090,0.60407233
1102,2702,0.6367465
1105,1528,0.60318696
1105,1799,0.61161923
1105,1807,0.6464257
1105,1859,0.6333716
1105,1935,0.6061375
1105,1938,0.62126464
1105,2162,0.6945081
1105,2247,0.60617626
1105,2284,0.6428598
1105,2450,0.7052955
1105,2464,0.63431644
1105,2760,0.62898105
1105,2953,0.61541593
1108,2071,0.6025403
1114,1524,0.6367359
1114,2486,0.6036519
1115,1167,0.6521127
1115,1783,0.6101384
1115,3196,0.63526136
1115,3281,0.60652494
1115,3302,0.6266916
1117,1270,0.60366964
1117,3264,0.6010392
1120,1185,0.64790845
1121,1533,0.6120342
1122,1354,0.6137519
1131,1697,0.650234
1134,2620,1.0
1136,1659,0.6401793
1136,2993,0.6702066
1137,1586,0.63286006
1137,2833,0.6440505
1139,1383,0.64700526
1142,2414,0.6000463
1147,1254,0.6229769
1149,1279,0.621065
1157,2362,0.619189
1159,1219,0.6418222
1159,1277,0.61100304
1159,1328,0.6000731
1159,1446,0.6216779
1159,1800,0.60387075
1159,2163,0.60032237
1159,2488,0.6050068
1159,2689,0.6149006
1159,3177,0.6039901
1160,3161,0.6109648
1164,1445,0.61409515
1166,1404,0.6123884
1167,2374,0.6128049
1167,2689,0.62098217
1168,2773,0.6287801
1169,1446,0.60078156
1169,1523,0.64631367
1169,1524,0.6063626
1170,2374,0.6071391
1170,2689,0.6012348
1171,2445,0.6103638
1172,1295,0.60284704
1174,3179,0.6074896
1177,2023,0.61034673
1182,1183,0.68923044
1189,1190,0.647465
1189,1191,0.6284735
1190,1191,0.69844055
1194,1414,0.7134564
1200,1295,0.60727346
1200,1545,0.60550356
1200,1956,0.6015911
1200,2696,0.6076844
1200,2929,0.6020282
1200,3209,0.66536677
1200,3216,0.6113112
1200,3232,0.6031755
1211,1351,0.60788804
1211,2299,0.80360526
1215,2451,0.6408582
1218,1585,0.6195427
1218,2310,0.60581064
1219,1721,0.6173884
1219,2374,0.6115365
1219,3181,0.63470554
1219,3182,0.61720896
1221,1232,0.6353172
1221,1274,0.95485276
1224,1373,0.60836303
1224,1399,0.6151947
1228,1231,0.6651256
1228,1368,0.7321422
1231,1295,0.60522205
1231,1368,0.7356286
1231,1622,0.63942313
1232,1274,0.6527117
1232,1721,0.61563927
1232,2097,0.60795456
1232,2257,0.600596
1232,2787,0.642344
1232,2933,0.6173698
1232,3053,0.6429882
1232,3264,0.6114263
1242,3021,0.61357117
1246,1799,0.61557364
1247,1319,0.7350304
1247,1856,0.61285317
1247,3298,0.68352216
1255,1773,0.60865414
1256,1799,0.63244617
1256,1800,0.63913107
1258,1295,0.6187167
1258,3209,0.63025856
1262,1273,0.6073537
1262,1326,0.6369685
1262,1528,0.6144979
1262,1852,0.6008329
1262,1885,0.62425137
1262,1965,0.6141467
1262,2126,0.6007353
1262,2137,0.60237956
1262,2168,0.61257786
1262,2218,0.6119267
1262,2257,0.6216491
1262,2463,0.6099849
1262,2464,0.63073623
1262,2609,0.60237956
1262,2733,0.63235146
1262,3154,0.6078346
1262,3165,0.62373495
1262,3248,0.6118833
1263,1447,0.6022135
1263,1798,0.6107824
1263,2486,0.6133894
1266,1277,0.6200675
1266,1447,0.6116347
1266,1652,0.61704034
1266,1699,0.6299213
1266,1992,0.6151627
1266,2107,0.6121336
1266,2218,0.61479306
1266,2440,0.6053587
1266,2488,0.6131019
1266,2666,0.6005106
1266,3109,0.62098217
1266,3169,0.6349515
1266,3177,0.6297331
1266,3186,0.6129371
1266,3280,0.6576406
1267,1386,0.60742664
1269,2532,0.6487935
1270,1333,0.616652
1270,1522,0.6238874
1270,1524,0.6367729
1270,2205,0.62540925
1270,3014,0.6008854
1270,3233,0.657863
1270,3262,0.6136106
1270,3264,0.6674333
1273,1528,0.65425515
1274,1534,0.63782793
1275,1517,0.6065504
1276,2169,0.6704297
1277,1442,0.66355264
1277,1699,0.62508917
1277,2006,0.6094429
1277,2041,0.6370971
1277,2104,0.6052684
1277,2107,0.6382607
1277,2168,0.6176388
1277,2256,0.6486537
1277,2398,0.60183847
1277,2464,0.6277725
1277,2578,0.69326943
1277,2747,0.6033194
1277,2953,0.6358259
1285,1372,0.99999994
1286,1749,0.6109214
1290,1902,0.6094238
1290,3318,0.644754
1291,2592,0.6104823
1292,3231,0.6127088
1295,1533,0.6123657
1295,3209,0.6693462
1308,2339,0.6587578
1309,1310,0.64218104
1309,1529,0.6032598
1309,1530,0.67776084
1309,2568,0.6212163
1310,1529,0.60126746
1310,1530,0.6652474
1318,1576,0.6936901
1319,3298,0.7261299
1322,2061,0.61003673
1323,1333,0.62582606
1323,2016,0.60641694
1323,2331,0.62102365
1323,3233,0.61206424
1324,1507,0.6334245
1324,2000,0.60810375
1324,2182,0.60494465
1326,1682,0.6078036
1326,2041,0.6056198
1326,2118,0.62692046
1326,2218,0.62448245
1326,2362,0.61205953
1326,2463,0.63067734
1326,2464,0.61731505
1328,1622,0.60265434
1328,2891,0.6087712
1347,2436,0.60599685
1347,2835,0.66283745
1347,2898,0.6212548
1351,1697,0.6018962
1352,2099,0.62478185
1354,1540,0.60446197
1355,3226,0.6086698
1358,2097,0.6169786
1358,2205,0.6227957
1359,2880,0.605747
1364,1425,0.66812766
1364,1773,0.6157712
1365,1525,0.60641
1369,1373,0.6939289
1369,1391,0.60581625
1369,1392,0.6775899
1369,1393,0.6690241
1369,1395,0.65843785
1369,1399,0.646593
1370,1396,0.6751608
1370,1398,0.6054603
1370,1399,0.64648634
1370,1401,0.64868695
1371,1395,0.64700913
1371,1399,0.63890445
1371,1400,0.60416996
1373,1392,0.6024878
1373,1393,0.6673804
1373,1396,0.7168818
1373,1399,0.70089936
1375,3059,0.60763514
1376,1620,0.60565925
1376,1773,0.62725234
1386,1704,0.6039543
1391,1392,0.68793637
1391,1399,0.60351354
1392,1393,0.65608716
1392,1398,0.63171
1392,1399,0.6597707
1393,1394,0.6366701
1393,1396,0.6229163
1393,1399,0.6546551
1395,1399,0.65314114
1396,1398,0.65243864
1396,1399,0.64124715
1397,1399,0.61800414
1398,1399,0.7064296
1398,1400,0.6823196
1398,1401,0.6376073
1399,1400,0.71668124
1399,1401,0.79802155
1400,1401,0.72056687
1402,1404,0.62399876
1404,1405,0.6351132
1408,1878,0.606143
1411,1414,0.63309324
1420,1421,0.6437485
1420,1422,0.6335412
1421,1422,0.6571529
1425,1437,0.64397615
1431,1659,0.6091925
1431,1871,0.6078259
1435,1437,0.6107924
1436,1437,0.6069638
1436,1773,0.6567879
1445,1770,0.6181358
1445,2474,0.6320579
1446,1523,0.6187016
1446,2148,0.60015804
1446,2929,0.6352804
1446,3264,0.61686033
1447,1542,0.60211813
1452,1454,0.6592714
1452,1504,0.7022412
1452,1594,0.72711635
1453,1497,0.7037241
1453,1590,0.83529377
1454,1594,0.7551123
1455,1456,0.6084704
1456,1596,0.613713
1460,3312,0.6312073
1464,1574,0.6978243
1466,1587,0.6230364
1468,2407,0.60295814
1476,1484,0.64784396
1479,2503,0.6400994
1491,1590,0.65472853
1493,1502,0.801358
1497,1590,0.70557237
1499,1503,0.6254188
1499,1778,0.63580537
1503,1778,0.6902938
1504,1565,0.6435125
1504,1594,0.67430943
1505,1506,0.7416266
1505,1507,0.7322942
1505,1508,0.7276993
1505,1509,0.75502574
1505,1510,0.65332353
1505,1511,0.70721054
1505,1512,0.6716259
1505,1513,0.61888313
1505,1608,0.6809112
1506,1507,0.7669077
1506,1508,0.7641367
1506,1509,0.7503055
1506,1510,0.69372976
1506,1511,0.76164675
1506,1512,0.81942976
1506,1513,0.64240575
1506,1608,0.72782815
1507,1508,0.77416515
1507,1509,0.7520116
1507,1510,0.65521306
1507,1511,0.7353432
1507,1512,0.76893204
1507,1513,0.7219223
1507,1608,0.78208506
1508,1509,0.74398446
1508,1510,0.6929214
1508,1511,0.70543003
1508,1512,0.714469
1508,1513,0.6352738
1508,1608,0.6700631
1509,1510,0.70579547
1509,1511,0.80599844
1509,1512,0.7231163
1509,1513,0.670799
1509,1608,0.77699846
1509,2651,0.6278819
1510,1511,0.717484
1510,1512,0.67590725
1510,1608,0.663799
1511,1512,0.79579806
1511,1513,0.63276845
1511,1608,0.8132323
1512,1513,0.65630305
1512,1608,0.7710135
1513,1608,0.6359508
1513,1809,0.60365856
1513,2651,0.6458602
1515,2882,0.60825217
1517,2558,0.6023058
1518,1519,0.6130022
1522,1524,0.6073327
1523,1524,0.70575714
1523,3264,0.62155
1524,1936,0.60464895
1525,2070,0.65180016
1525,2979,0.60204667
1527,3057,0.606633
1528,1868,0.6107413
1528,2076,0.6124738
1528,2464,0.62061834
1529,1530,0.62290597
1532,1533,0.74503493
1532,2409,0.60731256
1532,2657,0.6129175
1532,3122,0.60406405
1532,3249,0.6005039
1533,3209,0.60657465
1537,2325,0.6370321
1545,2474,0.60609764
1546,1800,0.6498817
1546,2043,0.6166464
1546,2748,0.927469
1547,1548,0.6651611
1551,2463,0.6262715
1553,1595,0.7718783
1553,1597,0.7262065
1556,1778,0.63063765
1557,2538,0.61149776
1557,2887,0.603232
1557,3195,0.6178049
1558,2319,0.6178862
1573,1575,0.72520936
1573,1578,0.66227746
1575,1578,0.66276217
1584,1734,0.63569146
1585,2663,0.6223147
1586,2833,0.627102
1587,2854,0.608752
1589,2419,0.62387407
1592,1593,0.7705096
1592,1598,0.834213
1593,1598,0.679523
1594,2082,0.6710893
1595,1597,0.7891731
1611,2688,0.60081446
1612,1629,0.6075068
1612,1721,0.66763055
1612,1830,0.6193219
1612,2606,0.6223591
1612,2863,0.65310425
1612,2891,0.6704991
1612,3080,0.6234624
1612,3157,0.6347096
1612,3248,0.6101806
1614,2250,0.6422111
1615,1910,0.6347581
1615,2001,0.6340639
1615,2016,0.6049322
1615,2092,0.6103356
1615,3025,0.6067654
1620,1844,0.6154609
1620,1863,0.6096134
1620,1894,0.6374067
1622,2523,0.60393065
1622,2568,0.64440364
1622,2572,0.606796
1622,2633,0.62602025
1622,2666,0.60627866
1622,3182,0.60147977
1624,2082,0.61055326
1627,2151,0.63470364
1627,2698,0.6077467
1628,2319,0.60714746
1629,2697,0.6299745
1629,3155,0.60576653
1630,1699,0.60532045
1630,1885,0.60016036
1630,2134,0.6009015
1630,2206,0.6382473
1630,2407,0.60998356
1630,2657,0.60651803
1630,2731,0.61682636
1630,2870,0.6115105
1630,2872,0.6032647
1630,3024,0.6057267
1630,3082,0.6347431
1633,2364,0.62996286
1634,1704,0.6178088
1637,2240,0.6147307
1637,2443,0.610268
1637,2847,0.63164777
1643,1706,0.6200558
1643,1823,0.60186946
1643,1830,0.6072718
1643,1899,0.60413384
1643,2479,0.6234005
1643,2682,0.6178292
1645,1705,0.64070636
1645,1899,0.6909088
1645,2177,0.67815936
1645,2573,0.6192327
1645,2646,0.6617001
1645,2716,0.6054748
1645,2718,0.60322887
1645,2890,0.66607213
1645,2968,0.6080972
1647,2522,0.70201385
1650,1899,0.61368823
1652,2726,0.6030123
1652,3036,0.6238056
1653,1754,0.6161889
1653,1830,0.62525266
1653,1832,0.6752305
1653,1987,0.60153043
1653,2106,0.6243303
1653,2361,0.6143636
1653,2700,0.64469093
1653,2857,0.6176256
1653,2890,0.6135553
1653,2916,0.633592
1653,2973,0.6096549
1653,3016,0.6421114
1653,3022,0.62319714
1658,2982,0.619941
1663,2633,0.6146112
1666,3032,0.60416174
1669,2177,0.6146894
1669,2573,0.6207458
1672,2449,0.6359928
1682,1721,0.6101021
1682,2000,0.6074635
1682,2607,0.60423994
1682,2906,0.6320195
1684,2634,0.60888267
1685,1804,0.60764
1685,1899,0.6035486
1686,3281,0.60245526
1688,2953,0.6022488
1698,1824,0.7438868
1699,1830,0.61933255
1699,1899,0.60601306
1699,1910,0.6528579
1699,1919,0.617411
1699,1987,0.6001423
1699,2107,0.61517406
1699,2139,0.60955226
1699,2168,0.6158961
1699,2256,0.6047534
1699,2410,0.6310121
1699,2443,0.6073904
1699,2473,0.6069771
1699,2642,0.6299873
1699,2666,0.6111342
1699,2672,0.6036719
1699,2696,0.61505353
1699,2712,0.6094048
1699,3025,0.6310561
1699,3080,0.65083396
1699,3089,0.60025007
1699,3105,0.6041011
1699,3135,0.60159457
1699,3189,0.6213694
1699,3216,0.61670864
1699,3219,0.60811603
1703,2317,0.6206838
1703,2915,0.62361836
1705,1899,0.6655001
1705,1904,0.6016394
1705,1919,0.60675573
1705,1931,0.62408924
1705,2052,0.657729
1705,2053,0.637947
1705,2055,0.6713426
1705,2106,0.63164216
1705,2147,0.7061968
1705,2168,0.6050003
1705,2177,0.655221
1705,2295,0.6407986
1705,2323,0.6245997
1705,2358,0.63863426
1705,2361,0.64603007
1705,2390,0.61646223
1705,2471,0.6024732
1705,2473,0.6027317
1705,2479,0.6447566
1705,2522,0.61027396
1705,2531,0.6719252
1705,2685,0.6211091
1705,2698,0.66938233
1705,2816,0.6160164
1705,2847,0.6308056
1705,2849,0.604261
1705,2872,0.6135025
1705,2888,0.6202695
1705,2890,0.6373322
1705,2893,0.60989463
1705,2914,0.63489544
1705,3080,0.63404906
1705,3098,0.62461615
1705,3104,0.61526674
1705,3117,0.633857
1705,3130,0.6369808
1705,3173,0.6261506
1705,3208,0.6010481
1706,1746,0.6144801
1706,2301,0.6148254
1706,2615,0.6008311
1707,1711,0.8336124
1707,2274,0.63845694
1709,3150,0.85414386
1709,3235,0.8460903
1709,3296,0.8069499
1709,3299,0.8699287
1710,2320,0.6175331
1710,2335,0.60353035
1711,2274,0.6948321
1712,3127,0.6016145
1721,1800,0.6240274
1721,2374,0.6004643
1721,2689,0.603288
1722,2996,0.60430276
1723,1915,0.6195618
1726,2585,0.7450572
1727,2077,0.60774034
1729,3060,0.63786876
1729,3089,0.601344
1730,1881,0.62810946
1730,2479,0.60554856
1736,2901,0.6118107
1744,1794,0.6234757
1744,1899,0.6134438
1744,1913,0.6220579
1744,2597,0.6100975
1746,2055,0.6189003
1746,2698,0.6431066
1749,2444,0.60087
1753,1994,0.6799046
1753,2410,0.6313484
1753,2863,0.60261893
1753,3080,0.60467285
1753,3105,0.6139469
1754,1899,0.61756426
1754,1987,0.6432194
1754,2318,0.62190896
1754,2390,0.6356135
1754,2479,0.61156094
1754,2691,0.625522
1754,2870,0.62064254
1754,2872,0.64242864
1754,2930,0.6164217
1754,3001,0.6114162
1754,3080,0.63097453
1754,3082,0.61492884
1754,3089,0.60382754
1757,2118,0.63378346
1761,2162,0.6042061
1764,2433,0.6160569
1767,2861,0.6118791
1778,2041,0.60435843
1778,2464,0.6219888
1778,3003,0.6013689
1780,1983,0.6589999
1783,2906,0.60042965
1783,3302,0.6607417
1788,2232,0.62678814
1788,2415,0.61422175
1789,1899,0.60874885
1792,2634,0.60201114
1794,1923,0.63320804
1794,2597,0.6484552
1795,2887,0.613934
1795,2949,0.6240248
1799,1935,0.6200026
1799,1938,0.62723297
1799,2162,0.7054281
1799,2450,0.6239941
1799,2568,0.6299473
1799,2760,0.6045214
1799,2953,0.62560976
1800,1959,0.61460376
1800,2405,0.606279
1800,2666,0.63939893
1800,2748,0.632463
1800,3264,0.6099045
1801,2118,0.6189759
1801,2374,0.60999906
1801,2583,0.6256417
1801,3024,0.6110569
1803,2540,0.6159262
1804,1830,0.6119306
1804,1910,0.6335949
1804,2692,0.6210412
1805,1869,0.62008655
1805,2449,0.72734475
1805,2669,0.63178027
1809,2647,0.6087399
1809,2993,0.6023679
1810,2436,0.6065523
1810,2898,0.61000395
1810,3077,0.6513884
1817,2070,0.62771153
1817,2326,0.70033574
1823,1899,0.63699377
1823,2107,0.6055241
1823,2685,0.62394893
1823,3016,0.6278658
1824,2465,0.6065093
1830,2016,0.6087049
1830,2147,0.6086933
1830,2172,0.6033287
1830,2284,0.6080292
1830,2295,0.62264335
1830,2463,0.6164241
1830,2606,0.6103508
1830,2672,0.6149738
1830,2700,0.60677636
1830,2863,0.62997794
1830,2889,0.6081456
1830,2916,0.6767492
1830,3016,0.62469673
1830,3080,0.6281321
1830,3093,0.62276363
1830,3125,0.60478234
1831,1865,0.6224258
1832,1868,0.6537471
1832,2053,0.6203143
1832,2106,0.6165701
1832,2361,0.70984435
1832,2390,0.600572
1832,2521,0.6105385
1832,2857,0.62172484
1832,2888,0.6015539
1832,2914,0.66506445
1832,2973,0.63707626
1832,3022,0.62913275
1832,3024,0.6031728
1842,2554,0.7491064
1842,2593,0.60095
1844,2101,0.61251616
1844,2248,0.6038963
1844,2940,0.61081374
1847,1981,0.6008141
1847,3100,0.6459346
1849,1858,0.96712136
1849,2838,0.6108006
1852,1859,0.6180693
1857,3317,0.6640473
1858,2838,0.6195425
1859,2162,0.6205328
1861,1916,0.67845976
1864,1866,0.62314165
1864,2135,0.6545415
1864,2235,0.69552934
1864,2267,0.61510915
1864,2576,0.61872375
1864,2701,0.6476838
1866,2135,0.678203
1866,2235,0.65163857
1866,2389,0.6131399
1867,2710,0.60177946
1867,2967,0.61156595
1868,1919,0.60538256
1868,2168,0.62887
1868,2277,0.60641944
1868,3016,0.6084696
1868,3024,0.6192725
1868,3165,0.6090604
1871,2993,0.60398626
1873,2750,0.64777493
1874,2206,0.6002258
1874,2549,0.72280777
1874,2687,0.67161
1876,2442,0.6035957
1878,2118,0.611681
1878,2306,0.60120916
1878,2374,0.6176609
1878,3264,0.647418
1879,2116,0.61786467
1879,2374,0.6291507
1879,2505,0.6061722
1879,2568,0.61790437
1879,2650,0.64709103
1881,1899,0.6158395
1881,2016,0.62389433
1881,3308,0.6148451
1885,2464,0.6028484
1886,3233,0.6045377
1888,2016,0.6054549
1891,2635,0.63027847
1893,2644,0.61460257
1899,1903,0.63490784
1899,1913,0.60101616
1899,1940,0.60423625
1899,1987,0.6053761
1899,2052,0.66106915
1899,2082,0.6206486
1899,2146,0.6000726
1899,2147,0.65310895
1899,2177,0.61488235
1899,2281,0.626513
1899,2295,0.61055154
1899,2356,0.60869414
1899,2395,0.6467185
1899,2518,0.62407607
1899,2531,0.6365982
1899,2573,0.62999076
1899,2671,0.6461948
1899,2718,0.61983323
1899,2863,0.6103641
1899,2890,0.61132056
1899,3016,0.6010768
1899,3022,0.6121472
1899,3085,0.6170682
1899,3089,0.6003208
1899,3104,0.604839
1899,3117,0.61038935
1899,3130,0.6044665
1902,1913,0.60996926
1902,2802,0.6232754
1902,3318,0.6209097
1903,1987,0.62412417
1904,2055,0.6068881
1904,2522,0.60127145
1904,2847,0.6094719
1907,2457,0.63964677
1907,2460,0.6053153
1910,2193,0.60014206
1910,2463,0.60332894
1910,2663,0.6204039
1910,2877,0.603824
1910,3025,0.6535474
1913,2076,0.623266
1913,2082,0.6036141
1913,2295,0.61823475
1913,2506,0.60767585
1913,2802,0.6730541
1913,3022,0.60479
1913,3318,0.6189481
1918,2817,0.6244732
1919,1987,0.61669993
1919,2052,0.6014531
1919,2147,0.6320597
1919,2177,0.61427754
1919,2314,0.6136495
1919,2914,0.6062803
1919,3089,0.6139022
1922,2995,0.6114872
1923,2531,0.6357033
1923,2677,0.61312187
1923,2882,0.610125
1923,2919,0.6308972
1924,1995,0.6270601
1924,2101,0.6040935
1924,2460,0.6048744
1925,1987,0.6293727
1925,2447,0.60121167
1925,2508,0.61531496
1925,2893,0.60156775
1930,1956,0.6116465
1930,2043,0.62025535
1931,2147,0.6657807
1931,3117,0.63718385
1935,2162,0.60913956
1935,2953,0.6088762
1936,2488,0.6093128
1937,2697,0.63139343
1940,2165,0.63376194
1940,2177,0.6129664
1940,2356,0.60298187
1940,2432,0.64115644
1940,2718,0.60511243
1952,2262,0.6087103
1953,2095,0.82132953
1954,2096,0.61028785
1954,2641,0.6418531
1956,2344,0.6110972
1956,3025,0.6018233
1956,3256,0.6139467
1959,2633,0.6031374
1960,2433,0.64408726
1965,2618,0.67182374
1971,2861,0.62295914
1975,2706,0.6037897
1979,2408,0.6106767
1981,2347,0.60772336
1981,3024,0.6113888
1981,3080,0.6109893
1987,2053,0.62822735
1987,2177,0.61737984
1987,2202,0.6046058
1987,2479,0.60266495
1987,2578,0.6068946
1987,2672,0.6755059
1987,2827,0.6170783
1987,2857,0.61526835
1987,2872,0.6006036
1987,2888,0.6001667
1987,2926,0.6030839
1987,3013,0.6330688
1987,3016,0.6275965
1987,3083,0.6109232
1987,3174,0.6150555
1987,3194,0.6058625
1988,2047,0.6299776
1994,2301,0.61426485
1994,3130,0.60113126
2000,2374,0.6049299
2006,2932,0.61660826
2006,3100,0.6024626
2006,3117,0.60254097
2016,2107,0.61243856
2016,2343,0.7298692
2016,2347,0.61334157
2016,2413,0.6406131
2016,2828,0.6385226
2016,2997,0.61586547
2016,3006,0.6338448
2016,3016,0.6247089
2016,3186,0.61392254
2016,3219,0.6296724
2016,3308,0.6133847
2018,2771,0.6103559
2019,2374,0.6052779
2022,2521,0.6227112
2023,2498,0.60527027
2025,2287,0.6146184
2025,2833,0.63894933
2027,3089,0.61807597
2029,3091,0.6043151
2029,3288,0.60053134
2032,2649,0.62840354
2041,3002,0.61127216
2041,3095,0.6035067
2043,2748,0.6157236
2049,2798,0.6406614
2052,2055,0.614012
2052,2147,0.6766174
2052,2177,0.6331496
2052,2189,0.6076391
2052,2210,0.61872005
2052,2212,0.67602026
2052,2262,0.70168775
2052,2281,0.604808
2052,2354,0.61821634
2052,2442,0.6474192
2052,2533,0.6399797
2052,2537,0.60458994
2052,2573,0.70855963
2052,2615,0.6295526
2052,2646,0.60808456
2052,2718,0.62913615
2052,2755,0.69014156
2052,2850,0.63031197
2052,2890,0.6224712
2052,2927,0.67774475
2052,2989,0.610247
2052,3022,0.60991883
2052,3080,0.61119246
2052,3104,0.7090206
2052,3117,0.6554966
2052,3130,0.686358
2052,3173,0.61004525
2052,3208,0.6617375
2052,3300,0.60365415
2052,3305,0.60238624
2053,2055,0.6287916
2053,2106,0.6715925
2053,2293,0.60650706
2053,2358,0.6178806
2053,2361,0.64869666
2053,2390,0.70346785
2053,2672,0.65685767
2053,2698,0.6470649
2053,2857,0.6391146
2053,2863,0.60141313
2053,2872,0.64445573
2053,2888,0.66706854
2053,2890,0.61486644
2053,2914,0.6009168
2053,2973,0.69030607
2053,3016,0.6498115
2053,3080,0.6404319
2053,3098,0.68216807
2053,3105,0.60807633
2055,2295,0.61882573
2055,2313,0.6046443
2055,2318,0.625346
2055,2358,0.6056459
2055,2361,0.6269034
2055,2390,0.65197766
2055,2494,0.60139656
2055,2522,0.636842
2055,2698,0.62132645
2055,2700,0.61222434
2055,2855,0.6074469
2055,2872,0.60434484
2055,2890,0.63636696
2055,2893,0.6081954
2055,2953,0.6799899
2055,3080,0.6424403
2055,3098,0.6511737
2055,3174,0.60152304
2057,2178,0.6076249
2061,2436,0.60989165
2064,3204,0.60864437
2067,2233,0.61525667
2068,2069,0.83064157
2073,2386,0.71036845
2075,2206,0.60005236
2075,2863,0.6204031
2075,3035,0.61004794
2076,2107,0.628804
2076,2281,0.6276419
2076,2318,0.61107326
2080,2531,0.6014328
2082,2442,0.61201614
2082,2492,0.60311764
2082,2789,0.60072476
2089,2438,0.6364126
2092,2276,0.6630859
2096,2641,0.6995425
2103,3025,0.62046254
2104,2150,0.6214689
2106,2258,0.63041663
2106,2361,0.6313733
2106,2390,0.6763123
2106,2444,0.6051321
2106,2468,0.6021526
2106,2521,0.6062665
2106,2522,0.68020356
2106,2575,0.6330967
2106,2672,0.6422212
2106,2698,0.6017656
2106,2857,0.65756226
2106,2890,0.6384824
2106,2893,0.6444664
2106,2973,0.7274319
2106,2982,0.60718656
2106,3080,0.6076399
2106,3098,0.653626
2106,3211,0.60516
2107,2206,0.6129253
2107,2612,0.64020896
2107,2872,0.6327497
2107,3013,0.60545325
2107,3093,0.60620207
2107,3219,0.61308503
2110,2748,0.606774
2113,2187,0.61082286
2113,2386,0.7158761
2118,2748,0.6260027
2119,2459,0.67802024
2119,2635,0.7648411
2119,2656,0.60253537
2120,2865,0.62412155
2123,2318,0.6013907
2123,2355,0.6091083
2123,2698,0.615643
2123,2890,0.66233665
2123,3080,0.6162281
2124,3025,0.61962396
2125,2803,0.7003733
2126,2168,0.60847723
2126,2410,0.61665773
2126,2666,0.620891
2132,2818,0.6607283
2135,2235,0.62315726
2135,2576,0.60305905
2137,2218,0.6035387
2137,2609,0.9999998
2138,2261,0.6048417
2140,2589,0.60819274
2142,3089,0.6124636
2142,3100,0.6082059
2145,2398,0.6038517
2146,2440,0.61257815
2146,3130,0.6033355
2147,2168,0.6169896
2147,2206,0.6454296
2147,2295,0.6451671
2147,2479,0.60148036
2147,2533,0.60394466
2147,2680,0.6182176
2147,2727,0.6392542
2147,2752,0.6370238
2147,2755,0.6120204
2147,2778,0.6142446
2147,2800,0.6532166
2147,2839,0.61799914
2147,3045,0.6443052
2147,3104,0.61068285
2147,3117,0.62115026
2147,3130,0.6474445
2147,3173,0.6168691
2148,2251,0.6198392
2159,2685,0.6250303
2162,2247,0.6158731
2162,2953,0.6043173
2164,2513,0.65382314
2164,2591,0.66206914
2168,2206,0.6219014
2168,2257,0.608865
2168,2666,0.6018722
2168,2685,0.6400813
2168,2696,0.6323383
2168,2778,0.6552423
2168,3025,0.64215845
2168,3104,0.60410565
2168,3216,0.63455224
2177,2211,0.6130866
2177,2281,0.60511553
2177,2531,0.6047065
2177,2573,0.6273583
2177,2579,0.6457257
2177,2646,0.6906959
2177,2718,0.62492996
2177,2755,0.6088415
2177,2816,0.6188302
2177,2847,0.6273314
2177,2916,0.61466527
2177,2925,0.6216973
2177,3016,0.6357938
2177,3022,0.61640215
2177,3080,0.6114219
2177,3089,0.66184545
2177,3130,0.6046315
2177,3174,0.61427236
2183,2195,0.6237954
2183,2615,0.6482657
2183,3099,0.60150063
2183,3138,0.6049147
2187,2386,0.71894586
2189,2755,0.60919815
2190,2405,0.60405445
2190,2748,0.6056076
2190,3177,0.6004093
2203,2343,0.6035844
2205,3233,0.60418886
2205,3266,0.6363822
2206,2337,0.6047534
2206,2479,0.61262745
2206,2870,0.6073894
2206,2953,0.6072209
2206,3013,0.61245924
2210,3130,0.62943816
2211,2358,0.60842216
2212,2354,0.6380369
2212,2850,0.6435187
2212,3080,0.64150023
2212,3130,0.62979484
2212,3303,0.61693174
2218,2609,0.6035387
2218,3003,0.6088015
2218,3036,0.61993384
2225,2252,0.8094801
2243,2685,0.6249486
2247,2318,0.61018527
2251,3177,0.62948364
2252,2464,0.6472337
2252,2733,0.62937653
2253,2940,0.6041856
2257,2343,0.6216177
2258,2522,0.6078942
2258,2720,0.6194866
2258,3098,0.641528
2261,2298,0.6113024
2262,2573,0.6121111
2262,2755,0.6084798
2262,2863,0.60556495
2262,2927,0.6212226
2262,3104,0.633654
2262,3173,0.62509596
2267,2576,0.609894
2275,2701,0.61109275
2277,3234,0.62567973
2281,2442,0.60626626
2283,2969,0.6058162
2284,2464,0.61839986
2294,2720,0.68581545
2295,2301,0.64131
2295,2345,0.618242
2295,2395,0.63765174
2295,2533,0.62111866
2295,2778,0.6088599
2295,2920,0.60161257
2295,2927,0.61721957
2295,3009,0.635486
2295,3034,0.6777537
2295,3117,0.60045964
2295,3130,0.6508851
2295,3208,0.6079718
2300,2464,0.6265594
2301,2364,0.60955787
2301,2447,0.62406015
2301,3130,0.6192263
2301,3140,0.6107099
2303,2362,0.60052437
2311,2621,0.6076605
2311,2622,0.8354011
2313,2395,0.60255754
2314,2888,0.6002097
2314,2916,0.6180489
2318,2890,0.65147007
2318,3080,0.60387737
2322,2983,0.6698624
2323,2358,0.6034893
2324,2755,0.62480336
2324,3016,0.65892065
2324,3117,0.6078721
2325,2784,0.62988365
2326,2449,0.65004987
2326,2874,0.6144327
2326,3202,0.6415629
2328,3105,0.6546284
2329,2405,0.60059077
2330,2564,0.9966932
2339,2434,0.60540485
2339,2914,0.6068816
2339,3080,0.6076509
2339,3098,0.6374055
2339,3099,0.6058749
2339,3117,0.6087575
2343,2347,0.6085623
2343,3016,0.6085558
2343,3186,0.6333362
2343,3209,0.61297876
2344,2461,0.6040151
2344,2689,0.6776457
2344,3165,0.60204995
2347,2928,0.60419005
2347,2991,0.60425806
2347,3003,0.62856376
2347,3006,0.60029805
2347,3008,0.6349286
2347,3016,0.6115835
2347,3048,0.61826694
2347,3186,0.6584116
2347,3219,0.6139013
2347,3248,0.61966157
2347,3318,0.603982
2348,2711,0.6405848
2348,3109,0.64965886
2350,2778,0.6223016
2350,3283,0.614878
2354,2367,0.6017424
2354,2755,0.65364075
2354,2850,0.6364094
2354,3029,0.6082015
2354,3130,0.6374559
2354,3141,0.60614663
2354,3173,0.6080605
2354,3248,0.6002365
2355,2857,0.6069846
2356,2432,0.61047256
2356,2968,0.61603606
2358,2872,0.60369766
2358,3089,0.6144806
2358,3098,0.63033426
2358,3099,0.6090504
2361,2390,0.73725986
2361,2672,0.6152886
2361,2698,0.652459
2361,2857,0.6445712
2361,2888,0.61299604
2361,2890,0.69526684
2361,2973,0.66662025
2361,2982,0.6244595
2363,2442,0.602868
2363,2963,0.60208035
2364,2849,0.61436874
2367,2939,0.6852189
2367,3029,0.64692926
2367,3035,0.6245812
2368,2444,0.64949334
2368,3089,0.600029
2369,2998,0.77693135
2374,2689,0.6914283
2374,3220,0.6022101
2375,2854,0.6267885
2377,2379,0.7470685
2377,2380,0.69982886
2377,2381,0.61235654
2379,2380,0.80897725
2379,2381,0.71015096
2380,2381,0.76168644
2383,2618,0.6193081
2385,2968,0.60400176
2390,2672,0.61035883
2390,2698,0.6676924
2390,2857,0.6273707
2390,2890,0.63747025
2390,2973,0.74523985
2390,3080,0.6581737
2390,3098,0.62046576
2395,2625,0.6047374
2395,3034,0.6245669
2395,3318,0.6045742
2397,2593,0.6552825
2397,2808,0.60517454
2398,2464,0.65519476
2399,3074,0.61559963
2401,2914,0.6173235
2402,2448,0.65362304
2410,2666,0.6154244
2410,2685,0.6020683
2410,2932,0.6088168
2410,3080,0.6089661
2410,3135,0.62407756
2410,3248,0.61296237
2411,2783,0.6229317
2412,2632,0.63666105
2412,2993,0.6121367
2413,3048,0.6149258
2414,2725,0.6004641
2416,2460,0.83019054
2425,2625,0.6080719
2425,2677,0.6158843
2425,2882,0.60526735
2425,3025,0.60529906
2425,3099,0.60859907
2425,3165,0.6064287
2426,2489,0.61663246
2426,2551,0.60460496
2426,3020,0.6430447
2434,3130,0.60215795
2438,2834,0.6586929
2442,2573,0.66161233
2443,2573,0.6127478
2443,2787,0.6310508
2443,3016,0.6091651
2444,2579,0.6620406
2444,2625,0.62556934
2444,2663,0.6176141
2444,3089,0.6424191
2444,3128,0.60532
2449,2804,0.60367846
2449,3202,0.63183403
2450,2953,0.6099421
2453,3189,0.6342987
2454,2457,0.61208224
2455,2456,0.6429641
2455,2457,0.6814424
2456,2457,0.7170546
2459,2635,0.7832235
2459,2656,0.61438304
2459,2776,0.63407767
2460,2587,0.6009917
2463,2916,0.6060437
2463,3016,0.60889256
2464,3220,0.6174861
2468,2471,0.6155588
2470,2719,0.72639805
2471,3104,0.6019616
2473,2573,0.6137479
2473,2698,0.61183345
2473,2847,0.6143186
2473,2849,0.62776405
2473,2916,0.62908316
2473,3024,0.63635457
2473,3035,0.6023159
2473,3095,0.61549544
2473,3200,0.6076701
2473,3211,0.6150824
2474,3015,0.6016904
2479,2680,0.61707854
2479,2682,0.6299895
2479,2691,0.6214014
2479,2927,0.60289484
2480,2710,0.6020378
2480,3006,0.60377073
2480,3152,0.6185895
2486,3264,0.63285553
2491,3054,0.6129606
2492,2748,0.60532117
2492,3311,0.60195863
2494,3013,0.6049143
2506,2573,0.7040373
2506,2718,0.6032561
2508,3013,0.62142724
2510,2568,0.60345703
2517,2606,0.60598314
2518,2842,0.61782575
2521,2667,0.60091966
2522,2573,0.6101836
2522,2575,0.60417783
2522,2857,0.6056641
2522,2893,0.6956668
2522,2914,0.6198541
2522,2916,0.6052748
2522,2982,0.6631182
2522,3174,0.62211996
2525,3080,0.6051445
2525,3100,0.6154915
2531,2847,0.6038579
2533,2752,0.60736096
2533,2755,0.64494526
2533,2778,0.6436248
2533,2800,0.6070217
2533,2850,0.6203861
2533,2920,0.6152729
2533,2927,0.6325602
2533,3009,0.6066407
2533,3117,0.60687035
2533,3130,0.61262804
2533,3140,0.605034
2533,3173,0.61766744
2534,3022,0.601063
2534,3174,0.61302423
2534,3281,0.62485015
2537,3045,0.6077073
2538,2887,0.60130215
2538,3049,0.65574014
2539,2674,0.6208075
2539,3256,0.6062348
2544,2644,0.60738844
2544,3252,0.64297235
2547,3035,0.60664034
2554,2593,0.6369468
2554,2719,0.63815427
2559,3114,0.6127348
2567,2612,0.63848805
2573,2597,0.629097
2573,2646,0.6343789
2573,2718,0.65954095
2573,2722,0.61482114
2573,2755,0.6035532
2573,2863,0.6015747
2573,2890,0.63076454
2573,2925,0.6152962
2573,3056,0.61588234
2573,3080,0.6564124
2573,3089,0.6181803
2573,3104,0.608458
2573,3117,0.6007074
2573,3130,0.6358377
2573,3208,0.6458124
2575,3098,0.6082785
2578,2916,0.62255645
2578,3013,0.6426444
2578,3098,0.6123967
2578,3099,0.60900104
2579,2774,0.6263427
2579,3089,0.64266765
2579,3100,0.6302652
2583,3024,0.6450542
2590,2593,0.6036397
2596,2933,0.6121689
2597,3034,0.63689184
2606,2930,0.64416933
2606,3091,0.61511517
2606,3118,0.6057684
2612,2691,0.68020475
2612,3105,0.62038064
2618,3165,0.6300566
2618,3290,0.61452556
2621,2622,0.60521865
2625,3165,0.66638696
2628,2767,0.9722041
2630,2631,0.6285385
2634,2909,0.6342599
2635,2656,0.647449
2643,3036,0.634519
2646,2718,0.6592808
2646,2925,0.6034074
2647,3129,0.6118775
2656,2925,0.6015824
2659,2687,0.6147072
2663,2711,0.6024566
2663,2851,0.6139169
2666,2748,0.605707
2666,2967,0.600983
2666,2998,0.60274893
2666,3003,0.6195862
2666,3025,0.6176896
2666,3048,0.6570852
2666,3070,0.62760204
2666,3186,0.60093427
2666,3248,0.61334
2667,2973,0.62410355
2667,3080,0.6240845
2667,3142,0.60074145
2672,2698,0.6091836
2672,2850,0.6464039
2672,2857,0.6289656
2672,2888,0.60914314
2672,3024,0.6430491
2672,3080,0.60591483
2676,2689,0.6127919
2676,2712,0.6130561
2677,2882,0.6055285
2680,2682,0.7120482
2682,2727,0.6187277
2682,3104,0.6417923
2684,2699,0.60314226
2685,2870,0.60497355
2685,2996,0.62188375
2685,3016,0.6001127
2685,3100,0.67458254
2685,3304,0.6053934
2687,2930,0.6425736
2687,2953,0.61528856
2689,2712,0.6007935
2689,3165,0.6145555
2689,3233,0.6133994
2696,3216,0.99730456
2697,2923,0.617836
2697,2929,0.6794298
2697,3155,0.70800805
2698,2700,0.61575925
2698,2847,0.60693604
2698,2872,0.61775845
2698,2890,0.6240489
2698,2973,0.63517976
2698,3080,0.6014661
2698,3093,0.6028587
2698,3095,0.604139
2698,3098,0.6067058
2700,2916,0.6772567
2700,2982,0.6457271
2710,2906,0.6075578
2710,3006,0.6017847
2710,3008,0.6339061
2711,3109,0.65322626
2711,3207,0.6356802
2711,3282,0.6030476
2711,3288,0.6576219
2711,3289,0.6022068
2712,3220,0.6522821
2715,3035,0.6388477
2718,2816,0.61405176
2718,3089,0.6307337
2718,3104,0.6003577
2718,3130,0.6085957
2719,2898,0.6213361
2724,2876,0.6033698
2727,2752,0.6182134
2727,2755,0.6691863
2727,2849,0.6029407
2727,2957,0.6457937
2727,3045,0.6306531
2727,3104,0.62644875
2727,3130,0.6026026
2727,3173,0.66630197
2729,2736,0.6946901
2732,2755,0.6214136
2748,3220,0.60229695
2749,3185,0.6910136
2749,3199,0.66071355
2751,3193,0.64147276
2752,2800,0.628446
2752,2839,0.6188961
2752,3045,0.61298823
2755,2839,0.6177268
2755,2850,0.6237049
2755,2888,0.6062099
2755,2916,0.6249951
2755,2927,0.6302488
2755,3022,0.61214274
2755,3083,0.66790915
2755,3088,0.6000562
2755,3104,0.6017298
2755,3117,0.62014544
2755,3125,0.6613938
2755,3130,0.65545225
2755,3140,0.6207238
2755,3173,0.62537086
2755,3211,0.6310531
2755,3300,0.6331681
2762,2808,0.6740798
2768,3022,0.60406315
2772,3193,0.62824184
2778,3085,0.61352384
2778,3104,0.6018395
2787,3053,0.6178452
2787,3135,0.60890687
2789,2836,0.60172826
2789,3174,0.6331854
2798,3117,0.6447442
2799,2928,0.6656286
2799,3186,0.6116987
2799,3234,0.6189905
2800,2839,0.76791215
2800,3045,0.6282102
2801,3089,0.6115104
2805,3094,0.61520857
2816,2847,0.60892075
2817,2932,0.63692194
2828,3219,0.61413175
2834,2837,0.68022084
2834,2838,0.7535932
2837,2838,0.6588813
2845,2886,0.614609
2847,2914,0.649271
2849,2925,0.6652181
2849,2926,0.6348939
2849,2927,0.6107396
2849,3098,0.6025025
2850,3080,0.602726
2850,3083,0.6175736
2850,3130,0.60607076
2850,3173,0.61603343
2852,3317,0.7772156
2855,3291,0.6035859
2857,2868,0.7417534
2857,2888,0.6938443
2857,2982,0.64118254
2857,3083,0.6094258
2857,3098,0.6262802
2861,3267,0.60090166
2863,3016,0.6643574
2863,3038,0.6032964
2863,3080,0.6435509
2863,3117,0.60635865
2863,3300,0.60876316
2865,2880,0.6227145
2870,2872,0.67148334
2870,3016,0.654261
2870,3025,0.62561727
2870,3082,0.68715155
2872,2888,0.60271215
2872,3016,0.62870246
2872,3080,0.6176647
2872,3082,0.66629606
2872,3098,0.6178489
2872,3138,0.66310745
2877,2995,0.60822564
2880,3109,0.61307925
2885,3109,0.6053443
2888,2890,0.60589063
2888,2914,0.65812904
2888,2916,0.64197683
2888,2982,0.6108784
2888,3098,0.6166083
2889,3091,0.6668093
2889,3226,0.6733707
2889,3248,0.6415254
2890,3080,0.6157248
2891,2895,0.6044512
2891,3193,0.6051084
2891,3209,0.6188828
2893,2914,0.60020006
2893,3024,0.6297033
2903,2904,0.726604
2908,2915,0.65140426
2914,2916,0.63809603
2914,2982,0.65610856
2914,3022,0.61042666
2914,3024,0.6335703
2914,3035,0.67632437
2916,2973,0.60308903
2916,2982,0.61895835
2916,3016,0.61881876
2916,3080,0.60336804
2916,3098,0.61400783
2916,3138,0.63784516
2917,2946,0.67637444
2920,3130,0.61585325
2921,2922,0.73736256
2925,2926,0.62600845
2925,3080,0.6026913
2925,3173,0.6112441
2926,2927,0.62398314
2926,3173,0.6394666
2927,3104,0.6383065
2927,3117,0.6113482
2927,3130,0.65442634
2929,3233,0.60018915
2930,3095,0.62982583
2930,3100,0.60211366
2932,3100,0.6131888
2932,3300,0.63197386
2939,3035,0.6047392
2940,2941,0.7607656
2943,2944,0.62969756
2947,2967,0.6108374
2948,2952,0.6390061
2948,2956,0.64231217
2952,2955,0.64162284
2952,2956,0.65810204
2963,3070,0.6338591
2965,3070,0.6102308
2967,3071,0.6361455
2970,3137,0.6029494
2972,2975,0.68050766
2973,3080,0.62323797
2973,3098,0.6249068
2979,3292,0.63764143
2982,3080,0.61371154
2982,3099,0.6036303
2986,2990,0.67761457
2995,3267,0.60168743
2997,3003,0.6239939
2999,3207,0.6038243
3003,3048,0.6195172
3003,3153,0.6186122
3004,3006,0.66631776
3005,3006,0.7756258
3005,3008,0.6746845
3006,3008,0.7849275
3006,3048,0.60497093
3009,3012,0.622072
3009,3130,0.63015103
3010,3011,0.756257
3013,3105,0.6065406
3014,3016,0.6506673
3014,3135,0.63095796
3015,3043,0.6534467
3016,3024,0.63913655
3016,3025,0.60490346
3016,3080,0.64540577
3016,3099,0.627687
3016,3125,0.62351394
3016,3165,0.61725533
3016,3186,0.62837684
3016,3234,0.6204077
3018,3054,0.7320696
3022,3080,0.65793633
3022,3189,0.6184701
3023,3046,0.789839
3024,3029,0.66239625
3024,3080,0.6670196
3025,3089,0.609945
3025,3099,0.6095539
3025,3193,0.61735106
3025,3248,0.6223507
3025,3281,0.6104617
3027,3256,0.60693586
3033,3039,0.63557065
3035,3211,0.60366404
3042,3053,0.7872723
3047,3053,0.6676092
3048,3153,0.62774515
3048,3186,0.60424304
3048,3248,0.61706126
3066,3092,0.7865737
3071,3073,0.634599
3072,3073,0.6378236
3080,3095,0.61979574
3080,3098,0.61448187
3080,3105,0.64586794
3080,3124,0.6066335
3080,3130,0.60780877
3080,3135,0.623466
3083,3088,0.6688132
3083,3098,0.60072184
3087,3320,0.6641325
3089,3104,0.61842155
3091,3226,0.6290207
3091,3267,0.6161612
3091,3268,0.6038617
3093,3139,0.60227203
3099,3240,0.60510015
3100,3117,0.6882298
3100,3211,0.6011421
3104,3130,0.6038976
3105,3135,0.612205
3105,3140,0.60013187
3106,3320,0.6803454
3109,3207,0.61091495
3109,3280,0.62879944
3109,3282,0.61168337
3109,3283,0.662809
3109,3285,0.62553984
3109,3286,0.6559311
3109,3288,0.6648048
3109,3290,0.66272485
3112,3113,0.6694439
3117,3130,0.62205017
3117,3173,0.73260605
3117,3211,0.64077926
3117,3300,0.61658204
3125,3194,0.6431618
3125,3248,0.62583244
3126,3131,0.8099249
3126,3132,0.6951039
3126,3133,0.7212382
3126,3134,0.77868676
3127,3196,0.6502688
3130,3173,0.61429393
3130,3211,0.6024519
3131,3132,0.6690648
3131,3133,0.6407181
3131,3134,0.70563906
3132,3133,0.7785692
3132,3134,0.7525166
3133,3134,0.80361354
3135,3165,0.61699784
3136,3281,0.64831424
3139,3211,0.6044992
3150,3235,0.8298294
3150,3296,0.7761539
3150,3299,0.8281576
3155,3226,0.63009304
3160,3161,0.73348105
3160,3163,0.60734767
3161,3163,0.71461487
3166,3167,0.6480241
3169,3186,0.629244
3177,3178,0.6327696
3177,3179,0.6234473
3179,3232,0.61178595
3180,3181,0.81158924
3180,3182,0.7946799
3180,3183,0.6035408
3181,3182,0.8268511
3181,3183,0.665091
3181,3239,0.6133995
3182,3183,0.6731793
3185,3199,0.9718436
3186,3234,0.66380954
3190,3219,0.6040633
3195,3196,0.64442575
3195,3197,0.66140616
3205,3319,0.8958826
3205,3320,0.90317523
3207,3281,0.60868704
3207,3282,0.6165467
3209,3236,0.6914407
3211,3300,0.6325747
3217,3218,0.7934618
3217,3232,0.7790086
3218,3232,0.77238226
3226,3248,0.6465913
3226,3271,0.8143861
3227,3228,0.858027
3227,3229,0.83442724
3228,3229,0.7979505
3233,3262,0.6941905
3233,3263,0.6842623
3235,3296,0.74549675
3235,3299,0.8089628
3238,3239,0.8800187
3238,3240,0.7636907
3239,3240,0.7467449
3241,3242,0.7454914
3244,3246,0.67727077
3244,3247,0.7382375
3246,3247,0.6290475
3248,3259,0.65142787
3248,3260,0.6932488
3248,3271,0.6070415
3254,3256,0.62835824
3255,3256,0.6781543
3257,3258,0.6038823
3259,3260,0.682042
3260,3271,0.63753283
3262,3263,0.7545788
3267,3268,0.70035756
3273,3274,0.6740129
3277,3278,0.6581874
3278,3289,0.6003778
3282,3286,0.6089277
3283,3289,0.61555016
3285,3290,0.75446975
3296,3299,0.80293584
3300,3303,0.81356144
3300,3304,0.8450217
3300,3305,0.8457967
3303,3304,0.7284039
3303,3305,0.79874694
3304,3305,0.8697054
3306,3307,0.7164138
3317,3318,0.6289522
3319,3320,0.9049206
