source_embedding_row,target_embedding_row,similarity
0,149,0.55490154
0,762,0.55010515
0,825,0.56021345
0,925,0.5563804
0,997,0.74035704
0,2778,0.55552965
0,2798,0.5616386
0,3192,0.5913622
1,4,0.60274255
1,14,0.5733614
1,185,0.58330256
1,261,0.5502175
1,286,0.5834279
1,1620,0.5618168
1,1725,0.558486
2,122,0.60724115
2,127,0.5957058
2,128,0.6148293
2,150,0.5708426
2,183,0.5954775
2,626,0.61554307
2,691,0.55677116
2,1594,0.5834818
2,1921,0.5701183
2,2248,0.5628561
2,2425,0.5552413
2,2514,0.5571748
2,2539,0.5514298
2,2573,0.5894628
2,2726,0.6117005
2,2772,0.57291704
2,2891,0.5579878
2,3019,0.55821973
2,3025,0.57851446
2,3027,0.60052943
2,3089,0.5572244
2,3134,0.5552523
2,3193,0.55277485
2,3240,0.5628965
2,3248,0.56772727
3,19,0.6251499
3,20,0.6504338
3,27,0.6658224
4,14,0.70979273
4,92,0.6110496
4,286,0.554523
5,72,0.55901396
5,798,0.550974
5,1767,0.5797312
5,1769,0.5587981
5,1811,0.592711
5,1899,0.5578112
5,1919,0.5603435
5,2147,0.5841572
5,2168,0.6603488
5,2202,0.5651471
5,2230,0.5685399
5,2243,0.61154824
5,2295,0.55172706
5,2434,0.55008304
5,2533,0.57690954
5,2696,0.59982467
5,2718,0.5868541
5,2752,0.584116
5,2778,0.5926578
5,2800,0.5951382
5,2839,0.5632502
5,2919,0.55386424
5,2927,0.55106264
5,3025,0.5706996
5,3085,0.5522446
5,3104,0.56219053
5,3130,0.5500456
5,3216,0.59295285
6,196,0.6182514
6,198,0.5589377
6,199,0.63667125
6,601,0.63940346
6,605,0.7584073
6,614,0.7736664
6,624,0.73032755
6,627,0.8094938
6,639,0.71369517
6,640,0.6657645
6,964,0.7833295
6,1247,0.79089403
6,1319,0.7931403
6,1773,0.5618069
6,1856,0.5842241
6,2740,0.57889533
6,3298,0.7324863
7,105,0.572191
7,225,0.6029736
7,232,0.5641445
7,233,0.5812788
7,276,0.5590954
7,1664,0.5739485
7,1748,0.5503999
7,2587,0.5996379
8,19,0.5708704
8,107,0.59382564
8,1909,0.5512023
9,79,0.6267751
9,141,0.69626254
9,168,0.5529388
9,182,0.7601186
9,321,0.5693505
9,1620,0.5778434
9,1755,0.5543954
9,1863,0.5646639
10,16,0.61336803
10,67,0.55972886
10,103,0.56089294
10,168,0.5587174
10,288,0.5619246
10,2601,0.58873856
12,105,0.6003566
12,108,0.55788416
12,142,0.6006955
12,233,0.5574508
12,646,0.63343394
12,1702,0.600065
12,3118,0.5538499
13,1614,0.60438794
13,2890,0.56474954
13,2968,0.6502043
14,158,0.5709754
14,177,0.58978844
14,219,0.5504556
14,2223,0.6320698
15,3248,0.55656004
16,258,0.5662401
16,1386,0.5529674
16,1564,0.5607729
19,20,0.7926196
19,27,0.76255345
19,64,0.55252695
19,132,0.5614266
19,854,0.5690797
19,1376,0.55898756
19,1620,0.55971897
19,1755,0.59941894
19,1894,0.56679213
19,2132,0.60467595
20,27,0.7896446
20,44,0.5790147
21,1134,0.5719641
21,1328,0.5520693
21,1799,0.5533078
21,2450,0.6020144
21,2620,0.5719641
22,110,0.5519618
22,154,0.5718222
22,626,0.56914234
22,1085,0.55854464
22,1919,0.58408356
22,1925,0.59557015
22,1987,0.59491
22,2076,0.5599125
22,2106,0.5630154
22,2168,0.6093938
22,2240,0.55737454
22,2355,0.5518155
22,2468,0.5711758
22,2479,0.56038797
22,2522,0.55249274
22,2914,0.5642012
22,2926,0.58698446
22,2945,0.57206845
22,3089,0.5786284
25,26,0.7672867
25,44,0.555088
25,76,0.607055
25,77,0.5584403
25,84,0.56524336
25,286,0.5507054
26,41,0.59015405
26,76,0.5827248
26,77,0.5773636
26,1620,0.56199086
27,132,0.60990536
27,246,0.5800208
27,1620,0.5746621
27,1894,0.59719586
27,3118,0.5526277
28,31,0.78419775
30,56,0.77023053
31,2457,0.6076271
35,49,0.63720715
35,1945,0.5626879
35,2042,0.59403294
36,40,0.57417744
36,46,0.7176794
36,47,0.56807864
36,1630,0.5668875
36,1730,0.56007147
36,2276,0.6192874
36,2656,0.5984043
36,2687,0.55467486
36,2930,0.5592663
37,38,0.59287894
37,39,0.577047
37,425,0.60657936
37,880,0.6199521
37,887,0.5675353
37,938,0.56910694
37,1136,0.5695697
37,1431,0.56765044
37,1513,0.56423074
37,1809,0.60445076
37,2647,0.6290791
37,2993,0.5573341
37,3129,0.55833256
40,46,0.6169181
40,327,0.5820857
40,727,0.55098426
40,789,0.5526267
40,888,0.55402344
40,1323,0.5531267
40,2277,0.56729937
40,2524,0.5601024
40,2706,0.57529795
40,3008,0.57154334
40,3016,0.57275665
40,3048,0.58170116
41,75,0.5691794
41,119,0.55603665
41,225,0.5525265
41,2248,0.5792505
41,2262,0.5608436
42,158,0.5533644
42,168,0.6089823
43,150,0.5588088
43,183,0.59440947
43,229,0.56982493
43,397,0.58285904
43,2248,0.6003219
44,53,0.56084335
44,111,0.55025816
44,149,0.6026932
44,158,0.71354616
44,229,0.58575714
44,234,0.5748223
44,286,0.5640502
44,345,0.55520004
44,1620,0.58393776
44,1856,0.5591556
45,115,0.55567116
46,47,0.65446794
46,201,0.5532276
46,327,0.5579778
46,1406,0.5670119
46,1585,0.56081563
46,1630,0.57280254
46,1634,0.55118656
46,1666,0.5826678
46,1705,0.6003374
46,1730,0.6262747
46,1769,0.5584713
46,1868,0.55598533
46,1881,0.6177689
46,1899,0.57034224
46,1918,0.5566564
46,1937,0.55188656
46,2016,0.5945096
46,2032,0.58561075
46,2075,0.5926318
46,2092,0.5612955
46,2177,0.59790605
46,2206,0.5512372
46,2219,0.56120723
46,2276,0.62949765
46,2277,0.6396302
46,2407,0.56244725
46,2579,0.57594216
46,2656,0.61586845
46,2685,0.57336265
46,2698,0.56793576
46,2817,0.5643641
46,2847,0.5643814
46,2863,0.5808017
46,2930,0.5611789
46,2953,0.5513421
46,2996,0.57697785
46,3016,0.5634334
46,3035,0.5733505
46,3079,0.5708164
46,3130,0.5961855
47,2407,0.5649967
47,2656,0.58888185
48,66,0.5948734
48,122,0.5916587
48,183,0.65917087
48,1025,0.5629965
48,1630,0.5566273
48,1867,0.57212865
48,2998,0.5629965
48,3193,0.55704474
49,229,0.5873575
50,85,0.5744501
50,225,0.558174
50,628,0.5539963
51,1051,0.56584275
51,1730,0.5554701
51,1881,0.7268599
51,1899,0.5658596
51,2799,0.56524956
52,53,0.71239614
52,55,0.5597174
52,61,0.69679534
52,86,0.55928034
52,93,0.559525
52,97,0.55128497
52,139,0.55619127
52,153,0.55168116
52,168,0.59591806
52,178,0.5903754
52,218,0.5552778
52,222,0.5800864
52,232,0.59957254
52,240,0.55942625
52,241,0.5595179
52,246,0.6149161
52,1620,0.60096586
52,1765,0.5640471
52,1844,0.56441486
52,2054,0.55825317
53,55,0.57780963
53,61,0.5927886
53,64,0.5591233
53,86,0.5897872
53,89,0.590983
53,97,0.5517038
53,131,0.564643
53,224,0.5870099
53,233,0.55180454
53,234,0.5513176
53,246,0.59415436
53,283,0.56807756
53,1376,0.5619929
53,1865,0.5756271
53,1924,0.60242784
53,2248,0.5535942
53,2416,0.5825145
53,2460,0.55889255
54,2132,0.5936438
57,1908,0.5657587
57,1924,0.5630331
57,2101,0.5846213
57,2442,0.55307186
58,84,0.5757426
58,183,0.59437644
59,142,0.58604395
59,276,0.5740787
59,2585,0.56295156
60,1599,0.62770736
61,2382,0.56139773
63,218,0.6228782
63,1452,0.59317416
63,1504,0.5520558
63,1594,0.55378884
63,2370,0.57399446
64,75,0.65586233
64,86,0.57311094
64,97,0.63540626
64,102,0.6322603
64,115,0.57169807
64,131,0.56492364
64,132,0.569417
64,139,0.7014526
64,140,0.72758853
64,142,0.6696779
64,222,0.6274589
64,224,0.55690575
64,234,0.64341307
64,240,0.56407994
64,757,0.567953
64,1755,0.57382274
64,1831,0.58556134
64,1865,0.5668161
64,1907,0.5638667
64,2028,0.55673265
64,2054,0.57078993
64,2455,0.59240085
64,2460,0.60734487
64,2585,0.55347764
64,2587,0.5596167
66,122,0.55122244
66,128,0.58592206
66,183,0.58658683
66,809,0.5583991
66,1108,0.5532665
66,1699,0.55569196
66,1879,0.5623309
66,2321,0.56630844
66,2570,0.55790794
66,2710,0.55958796
66,3025,0.58012825
66,3179,0.5525379
66,3296,0.5712683
66,3320,0.5613823
67,288,0.6223111
69,603,0.6517119
69,1523,0.55955637
70,1616,0.8101748
71,1950,0.563227
71,2132,0.5733382
71,3070,0.55134827
72,671,0.5678235
72,941,0.57041454
72,1200,0.57728565
72,1445,0.5899393
72,1545,0.57916915
72,1686,0.6137253
72,1811,0.5793827
72,1956,0.6071334
72,2243,0.6083865
72,2440,0.62870085
72,2474,0.60508406
72,2526,0.5501709
72,2696,0.5534977
72,3216,0.551687
73,166,0.61244637
75,132,0.59134305
75,139,0.778544
75,140,0.748812
75,142,0.69545877
75,237,0.5625081
75,926,0.56596434
75,1091,0.5623293
75,1442,0.55254674
76,77,0.75851107
77,84,0.5547643
78,80,0.76690835
78,110,0.55312794
78,183,0.5545413
78,237,0.5657619
78,275,0.5675946
78,365,0.55464065
78,1025,0.5727776
78,1262,0.5861951
78,1290,0.56394446
78,1721,0.5604992
78,1765,0.6088382
78,1936,0.5601167
78,2168,0.59139013
78,2253,0.56265986
78,2425,0.55366725
78,2834,0.6080792
78,2954,0.5554638
78,2998,0.5727776
78,3019,0.5630156
78,3025,0.5766193
78,3047,0.5503811
78,3114,0.5638128
78,3134,0.58240527
78,3161,0.5565884
78,3193,0.5577554
79,107,0.5612104
79,117,0.5635433
79,118,0.56605387
79,131,0.5588665
79,214,0.5699967
79,233,0.5686481
79,246,0.55361056
79,1091,0.562654
79,1620,0.5694556
79,2178,0.550181
79,3018,0.56704664
80,93,0.5505881
80,105,0.55759895
80,183,0.59604955
80,233,0.60555845
80,237,0.5633074
80,275,0.6181787
80,375,0.552505
80,768,0.58816683
80,859,0.5590337
80,891,0.56772107
80,1594,0.57271075
80,1664,0.5699949
80,1765,0.55353546
80,2438,0.56998336
82,178,0.5532395
83,2168,0.56021464
84,135,0.557853
84,183,0.5885634
84,782,0.55077636
84,1680,0.55624276
84,1836,0.55428743
84,3193,0.58416724
86,89,0.6051984
86,94,0.83185625
86,97,0.7956754
86,102,0.66609555
86,103,0.63447833
86,105,0.57223713
86,109,0.638946
86,115,0.72572654
86,139,0.57791346
86,140,0.5568708
86,142,0.5558721
86,224,0.60990417
86,261,0.55990756
86,571,0.60693294
86,756,0.56913733
86,757,0.6183501
86,854,0.5641433
86,1125,0.5883531
86,1853,0.5656136
86,2460,0.55844665
87,183,0.58040833
87,1267,0.55368584
87,1452,0.55048203
87,1564,0.58070487
87,1594,0.5749901
87,1808,0.57662654
87,3018,0.57900965
89,94,0.65217626
89,97,0.57340395
89,109,0.56176436
91,1924,0.55024576
91,2416,0.7488105
91,2460,0.7202705
92,286,0.5810409
93,1125,0.6042619
94,97,0.75934386
94,102,0.61323464
94,103,0.5849812
94,109,0.6397028
94,115,0.65394074
94,131,0.55075645
94,132,0.5531692
94,139,0.57047176
94,140,0.5648552
94,151,0.5568532
94,177,0.5624471
94,214,0.5714507
94,224,0.559501
94,234,0.5620537
94,757,0.56115806
96,107,0.55025196
96,124,0.56968296
96,135,0.6494725
96,183,0.5503595
96,825,0.55348134
96,1267,0.5595068
96,1620,0.5554409
96,1633,0.5753352
96,1694,0.6255226
96,2132,0.5531336
96,2818,0.55128354
97,102,0.8179178
97,103,0.7563141
97,109,0.79298764
97,115,0.8423664
97,139,0.5868846
97,140,0.6005426
97,142,0.59370196
97,224,0.57774127
97,233,0.5512038
97,234,0.57564294
97,571,0.7381735
97,756,0.67284757
97,757,0.7642455
97,758,0.67597675
97,1125,0.555413
97,1863,0.55779105
97,1911,0.5903889
97,1924,0.5528667
97,2253,0.56288064
97,2587,0.58507824
98,566,0.5716952
98,1051,0.6379629
98,1699,0.55409074
98,1734,0.62402445
98,2016,0.60073674
98,2347,0.56235194
98,2685,0.5605868
98,2870,0.5507916
98,3089,0.55858296
98,3189,0.55722064
98,3219,0.5531675
98,3268,0.55184466
99,104,0.8858217
100,154,0.55892426
100,1890,0.5525106
100,2147,0.5994561
100,2168,0.55460984
100,2210,0.563813
100,2295,0.56762826
100,2727,0.5588014
100,2752,0.5776491
100,2755,0.61035085
100,2778,0.5553378
100,2800,0.5922935
100,2839,0.5624185
100,2937,0.56977737
100,3045,0.5631627
100,3130,0.5762155
102,103,0.71018344
102,109,0.7282727
102,111,0.5908534
102,115,0.7910611
102,139,0.5623658
102,140,0.60592055
102,142,0.60424423
102,233,0.5796219
102,571,0.7959897
102,756,0.7366283
102,757,0.77155244
102,758,0.6860439
102,1755,0.5501863
102,1844,0.589582
103,109,0.7685893
103,115,0.81365466
103,571,0.79814976
103,756,0.7646427
103,757,0.7585308
103,758,0.771814
105,108,0.61373204
105,142,0.65556216
105,153,0.5609779
105,219,0.57644606
105,225,0.57506526
105,228,0.5524026
105,232,0.587027
105,233,0.684703
105,261,0.55037034
105,646,0.6019528
105,696,0.5855014
105,768,0.6029849
105,769,0.55568886
105,1081,0.5751034
105,1645,0.56340003
105,1664,0.6004214
105,1702,0.6210697
105,1853,0.6264423
105,1907,0.57795334
105,1924,0.5542357
105,2177,0.6098521
105,2460,0.5604234
105,2646,0.5541831
105,2722,0.5597716
107,149,0.56404686
107,224,0.5744
107,234,0.5720764
107,239,0.55777407
107,246,0.5834857
107,259,0.6020806
107,1620,0.59986985
107,1907,0.5855154
107,2940,0.57045966
108,142,0.5801113
108,233,0.55937386
108,288,0.5598948
108,2227,0.55730516
109,115,0.84363806
109,571,0.73058736
109,756,0.6333296
109,757,0.6872673
109,758,0.6768439
109,1912,0.55308056
109,2587,0.5625055
110,173,0.6118082
110,179,0.5721164
110,291,0.5598868
110,652,0.5619604
110,744,0.5760075
110,754,0.5652641
110,763,0.63741916
110,780,0.6050145
110,1515,0.582211
110,1666,0.5657573
110,1684,0.61563116
110,1744,0.6293386
110,1794,0.6365683
110,1899,0.58444273
110,1923,0.7041091
110,2146,0.55315566
110,2281,0.5602191
110,2395,0.58961403
110,2425,0.6418216
110,2468,0.55862415
110,2527,0.56679344
110,2634,0.6668805
110,2677,0.6717887
110,2765,0.55894554
110,2830,0.55474627
110,2882,0.7005637
110,2919,0.6226649
110,3001,0.56439936
110,3016,0.563633
110,3025,0.5757456
111,233,0.55042934
111,854,0.5608239
112,149,0.55977464
112,178,0.6123268
112,228,0.6863566
112,1752,0.59782296
113,114,0.651319
113,2225,0.56048745
113,2252,0.57776225
114,857,0.5549494
114,1729,0.5645175
114,1830,0.5550854
114,2116,0.57807004
114,2252,0.58580375
114,2586,0.5937666
114,2643,0.6026467
114,2726,0.5519954
115,280,0.5540043
115,571,0.8072014
115,756,0.74791145
115,757,0.8086433
115,758,0.7595198
115,1748,0.6031648
115,2209,0.5509063
116,234,0.5513607
116,1681,0.5551482
116,1717,0.55656755
116,2717,0.5656972
116,2941,0.58147156
117,179,0.5637412
117,198,0.5572557
117,1180,0.58839977
117,1349,0.5556387
119,225,0.57241774
119,1849,0.5536223
119,2089,0.6235399
119,2260,0.57814336
119,2438,0.6090151
119,2834,0.5640405
120,122,0.5727406
120,183,0.6132468
120,241,0.5511539
120,1620,0.569517
120,1894,0.5550309
121,189,0.5561374
121,282,0.5632868
122,128,0.5640002
122,135,0.56929666
122,150,0.6278322
122,183,0.7418515
122,233,0.6013676
122,782,0.5569503
122,1564,0.5540137
122,1594,0.55112386
122,1844,0.57939166
122,1940,0.55579007
122,1952,0.5702281
122,2132,0.5539831
122,2321,0.55083686
122,2355,0.5679995
122,2442,0.5727714
122,2573,0.5518959
122,3130,0.55386925
122,3156,0.59024316
123,124,0.700112
123,148,0.5713605
123,1694,0.55740654
124,260,0.5521284
124,857,0.59483325
124,1620,0.5525397
124,1694,0.5896305
124,1722,0.5966089
124,1863,0.56683785
124,2116,0.56013644
124,2132,0.55483824
124,3018,0.5706912
127,128,0.64927083
127,150,0.5681126
127,626,0.56339884
127,691,0.5639987
127,1594,0.5928712
127,1758,0.55905855
127,2082,0.5857744
127,2248,0.55366296
127,2442,0.6162168
127,2573,0.56490904
127,3250,0.553871
128,150,0.68636763
128,154,0.5965848
128,183,0.6126998
128,233,0.5782636
128,394,0.5800282
128,572,0.5711018
128,578,0.58841133
128,595,0.55223966
128,626,0.59739435
128,754,0.5501267
128,860,0.5571636
128,958,0.5780487
128,1128,0.5566795
128,1200,0.59188986
128,1262,0.5646089
128,1295,0.5532069
128,1354,0.55338013
128,1541,0.55536175
128,1622,0.5589802
128,1699,0.55589056
128,1706,0.5553645
128,1711,0.58690894
128,1712,0.56097865
128,1765,0.56978494
128,1852,0.5562067
128,1859,0.5667496
128,1879,0.58091986
128,1881,0.5741932
128,1885,0.59844816
128,2052,0.56578356
128,2055,0.5517961
128,2082,0.5923513
128,2097,0.5542675
128,2101,0.5593043
128,2111,0.5612197
128,2168,0.60242605
128,2248,0.56104183
128,2256,0.5562576
128,2274,0.55887014
128,2298,0.56076443
128,2305,0.551044
128,2355,0.58940345
128,2363,0.60873556
128,2387,0.5513948
128,2442,0.61425936
128,2464,0.55319965
128,2466,0.56985056
128,2494,0.5525601
128,2558,0.6000401
128,2573,0.5663326
128,2733,0.55628455
128,2778,0.57115716
128,2809,0.5575676
128,2926,0.5739777
128,2967,0.55115855
128,2991,0.5603416
128,2996,0.5790576
128,3015,0.55364937
128,3019,0.5869837
128,3027,0.551829
128,3039,0.5593887
128,3073,0.5810535
128,3089,0.606058
128,3104,0.55531585
128,3179,0.58270025
128,3183,0.5584099
128,3209,0.57842374
128,3217,0.58861625
128,3232,0.61611485
128,3248,0.56842303
128,3265,0.5733001
128,3268,0.56164277
129,2132,0.5618016
130,231,0.59098804
130,769,0.5523006
130,1620,0.5575923
131,153,0.6586571
131,168,0.558074
131,224,0.5518726
131,232,0.58294433
131,234,0.6141709
131,1907,0.5577484
131,2455,0.5504421
131,2460,0.5803552
131,2587,0.5568222
132,139,0.6146485
132,140,0.64455104
132,142,0.6301178
132,185,0.55385303
132,214,0.56276995
132,222,0.57776636
132,224,0.5692915
132,243,0.55183756
132,258,0.5535841
132,288,0.55751026
132,768,0.5530303
132,854,0.5520252
132,859,0.5574716
132,1717,0.5970376
132,1907,0.59868723
132,2585,0.58469546
132,2940,0.5771327
134,421,0.6239383
134,841,0.594951
134,846,0.5799271
134,2864,0.5570346
134,3179,0.5528959
134,3231,0.5858524
134,3268,0.5948404
135,144,0.55416363
135,183,0.6010924
135,775,0.5836685
135,795,0.5532215
135,1620,0.55265534
135,1894,0.57235736
135,1940,0.5793654
135,2248,0.55374104
135,2671,0.588189
136,157,0.6268643
136,231,0.5698303
136,1504,0.5529671
136,1594,0.57190466
136,1782,0.5669309
136,3018,0.5588384
138,1735,0.5706854
139,140,0.8197077
139,142,0.8012039
139,222,0.5825678
139,225,0.59447056
139,651,0.56338626
139,2585,0.5790777
140,142,0.8087015
140,222,0.5971878
140,757,0.5581387
140,1863,0.5558653
140,1911,0.5601076
141,145,0.5597927
141,177,0.5617155
141,182,0.78258514
141,696,0.552958
141,2545,0.60402143
142,153,0.5519928
142,222,0.6237872
142,225,0.587193
142,233,0.5577728
142,276,0.5652398
142,646,0.56588805
142,768,0.5558306
142,1664,0.5606512
142,1702,0.59687567
142,1717,0.5560654
142,1907,0.62066185
142,2460,0.5622724
143,330,0.574674
143,2606,0.5517289
144,232,0.5800374
144,1247,0.5563777
144,1702,0.5550995
144,1735,0.58359694
144,2132,0.5512133
144,2614,0.58615994
145,182,0.55715704
145,1899,0.5674842
145,2178,0.5542351
145,2597,0.55745345
147,1151,0.5982126
148,860,0.5629609
148,1694,0.5537564
148,2132,0.61938894
148,2183,0.5742252
148,2623,0.5540091
148,2818,0.5564234
148,2924,0.56292534
149,158,0.5635072
149,168,0.56748486
149,218,0.60523736
149,228,0.67638993
149,231,0.5661863
149,246,0.5985668
149,261,0.55890197
149,286,0.56008244
149,1620,0.595206
149,1752,0.57625043
149,1907,0.6080508
149,2457,0.5688199
149,2460,0.5504154
150,233,0.5741199
150,578,0.5599567
150,2248,0.59330165
150,2363,0.57559884
150,2442,0.62923366
150,2573,0.58627856
150,2963,0.5930662
150,2967,0.5687067
150,3232,0.573065
150,3250,0.6579884
151,177,0.8019011
151,696,0.55815256
151,926,0.5578198
151,1924,0.5909899
152,2460,0.5597706
153,232,0.5746006
153,1664,0.55029833
154,201,0.6002097
154,233,0.56748086
154,394,0.58786213
154,499,0.55691504
154,572,0.5850103
154,578,0.56067264
154,626,0.55252486
154,744,0.5622498
154,763,0.5512865
154,787,0.64602214
154,903,0.5619365
154,918,0.60621834
154,924,0.5560223
154,1005,0.5606493
154,1010,0.5662535
154,1128,0.56369174
154,1172,0.5503185
154,1175,0.55361044
154,1262,0.55643404
154,1266,0.6338408
154,1277,0.57707965
154,1295,0.58944774
154,1324,0.56137025
154,1485,0.60149586
154,1585,0.55151415
154,1622,0.6101006
154,1643,0.5898714
154,1699,0.5762138
154,1706,0.5768074
154,1730,0.55336726
154,1776,0.5787034
154,1785,0.56760645
154,1801,0.5709133
154,1830,0.59678507
154,1868,0.5810137
154,1879,0.56703967
154,1881,0.5823366
154,1890,0.62112874
154,1899,0.57732123
154,1910,0.5576023
154,1919,0.5642365
154,1937,0.5873001
154,1965,0.65827197
154,1987,0.5715802
154,2000,0.5533689
154,2004,0.5723767
154,2027,0.55773085
154,2052,0.59047896
154,2071,0.5680123
154,2107,0.5565125
154,2146,0.5649229
154,2147,0.55201495
154,2168,0.5959169
154,2177,0.5606545
154,2183,0.6630705
154,2251,0.5606816
154,2264,0.55705106
154,2277,0.55112535
154,2281,0.5567746
154,2293,0.55025464
154,2295,0.5530605
154,2298,0.56025
154,2314,0.60092735
154,2350,0.5656218
154,2375,0.55969214
154,2387,0.5813891
154,2425,0.5722806
154,2434,0.5909773
154,2443,0.56469977
154,2445,0.56762815
154,2468,0.55612123
154,2473,0.5600709
154,2479,0.5607996
154,2505,0.5531152
154,2523,0.5914335
154,2558,0.57396567
154,2568,0.5606376
154,2578,0.6198926
154,2615,0.56866753
154,2638,0.5514233
154,2642,0.56986403
154,2666,0.57924306
154,2682,0.5680755
154,2685,0.5910357
154,2718,0.5578371
154,2755,0.5969289
154,2764,0.57387406
154,2791,0.56458575
154,2850,0.59030867
154,2888,0.5626764
154,2916,0.59224045
154,2927,0.5814195
154,2937,0.578058
154,3001,0.55091035
154,3025,0.6085186
154,3073,0.5833006
154,3089,0.61770487
154,3099,0.6159957
154,3104,0.61736405
154,3124,0.5564772
154,3125,0.56055516
154,3138,0.5523204
154,3141,0.58893067
154,3165,0.5689702
154,3169,0.55256754
154,3179,0.5543741
154,3194,0.5698757
154,3209,0.5998006
154,3216,0.5544087
154,3248,0.5904877
154,3270,0.6141257
155,620,0.5942284
155,1164,0.5598005
155,1259,0.57962704
155,1260,0.5734796
155,1266,0.5563785
155,2059,0.55576617
155,3256,0.5631441
157,231,0.57090497
157,603,0.5634555
157,765,0.55110925
157,1594,0.57342964
158,229,0.55626684
158,232,0.5708083
158,233,0.58108515
158,234,0.56403625
158,1620,0.5687752
158,2132,0.55859685
159,228,0.58981633
159,2104,0.56686175
159,3266,0.55635744
160,192,0.5678714
161,183,0.5782963
161,754,0.57705754
161,1504,0.5617652
161,2082,0.56192607
161,2256,0.6215501
161,2442,0.61191386
161,2573,0.5649754
161,2963,0.55318904
162,163,0.7546507
162,239,0.5922053
163,239,0.5939948
164,395,0.5572113
164,1707,0.62649316
164,1711,0.643705
164,2274,0.7586838
164,3256,0.55314577
165,825,0.55380213
165,2248,0.5542232
166,173,0.5574256
166,194,0.65648854
166,201,0.55798006
166,208,0.5543935
166,233,0.58031684
166,247,0.5973195
166,297,0.5886998
166,313,0.55021656
166,318,0.56764436
166,330,0.55792785
166,338,0.56216764
166,836,0.57721126
166,1174,0.5507075
166,1391,0.576794
166,1413,0.5656108
166,1460,0.58954746
166,1469,0.5894349
166,1643,0.55142105
166,1653,0.5610937
166,1835,0.59760666
166,1881,0.55520564
166,1899,0.56335044
166,1910,0.61033404
166,2030,0.60546756
166,2141,0.5520885
166,2159,0.55269325
166,2193,0.56720364
166,2366,0.6141969
166,2375,0.551759
166,2395,0.560874
166,2606,0.5637007
166,2663,0.64097404
166,2739,0.5575719
166,2925,0.5781591
166,3008,0.5865294
166,3022,0.58770454
166,3025,0.5611782
166,3099,0.5559349
166,3118,0.56938237
166,3179,0.5534824
166,3312,0.5713657
168,183,0.57600355
168,218,0.6152197
168,241,0.6983897
168,743,0.55240524
168,1620,0.5703701
168,1755,0.55619764
168,1844,0.55562043
171,283,0.64238083
171,345,0.62180465
172,921,0.7690538
173,291,0.5891658
173,344,0.66709495
173,596,0.60713536
173,626,0.60088545
173,652,0.5882206
173,744,0.5543562
173,763,0.6060536
173,780,0.5593107
173,992,0.5608588
173,1653,0.56176186
173,1684,0.62519103
173,1705,0.5538721
173,1744,0.55198675
173,1794,0.5764184
173,1896,0.5649612
173,1899,0.57220167
173,1913,0.5553688
173,1923,0.6403962
173,2052,0.580736
173,2281,0.56398666
173,2395,0.6107491
173,2425,0.6131835
173,2531,0.6464282
173,2573,0.5896677
173,2625,0.5729151
173,2634,0.59726393
173,2677,0.59656066
173,2847,0.5638263
173,2916,0.5563273
173,3022,0.5544806
173,3025,0.58860743
173,3056,0.60274196
173,3099,0.55229235
173,3104,0.5886097
175,176,0.60346586
177,224,0.5824859
177,229,0.55278194
177,233,0.550237
177,696,0.5540275
177,1924,0.5807575
177,2101,0.6076211
177,2248,0.5646198
177,2545,0.5507566
178,228,0.61477315
178,275,0.55337715
178,1752,0.5804784
179,291,0.55615294
179,652,0.58585536
179,763,0.55418265
179,766,0.59034145
179,1684,0.5645333
180,1109,0.57828116
180,1993,0.55283993
181,340,0.56095713
182,2545,0.5742028
183,225,0.5587515
183,231,0.6466573
183,233,0.64457685
183,235,0.5593337
183,241,0.55778265
183,258,0.5614209
183,603,0.59097254
183,691,0.5685149
183,782,0.55346704
183,825,0.55311716
183,1452,0.56203413
183,1564,0.55832446
183,1594,0.67273235
183,1642,0.56978256
183,1722,0.56859434
183,1752,0.5575923
183,1765,0.5824379
183,1808,0.59512424
183,1899,0.55313194
183,2082,0.6054288
183,2132,0.5630375
183,2248,0.55658895
183,2438,0.57697886
183,2491,0.5524859
183,2718,0.5520903
183,2751,0.617422
183,2818,0.55277216
183,2834,0.58872974
183,2927,0.56839645
183,2940,0.5673398
183,2963,0.5506545
183,3018,0.55998176
183,3133,0.583083
183,3134,0.5939591
183,3156,0.61000407
183,3193,0.624143
183,3228,0.5556631
183,3296,0.561226
184,193,0.5702564
184,224,0.56983244
185,198,0.6368127
185,576,0.56014603
185,815,0.63212156
185,1722,0.58924025
185,1748,0.5707326
186,199,0.5626417
186,614,0.55422723
186,1247,0.5890499
186,1364,0.674761
186,1425,0.64334106
186,1773,0.6037564
187,196,0.6124673
187,198,0.7116567
187,199,0.5749335
187,605,0.55094886
187,627,0.58081657
187,639,0.5735823
188,195,0.55729663
188,198,0.5766717
188,199,0.6358969
188,639,0.5768114
188,815,0.57556707
188,1247,0.63281673
188,1255,0.60275656
188,1319,0.55163306
188,1436,0.5834386
188,1773,0.72427803
188,2740,0.5520736
188,3193,0.5747788
191,1153,0.55440986
193,199,0.57232714
193,602,0.55714786
193,815,0.59696674
193,1844,0.5590383
193,1856,0.57857776
193,2595,0.5552888
194,247,0.6032093
194,1469,0.576198
194,1910,0.59607244
194,2366,0.5666798
194,2375,0.5696003
194,2739,0.59755033
194,2740,0.553983
194,2840,0.55682945
194,3006,0.5764812
194,3008,0.595044
195,197,0.5699274
195,198,0.55975795
195,204,0.6024673
195,1247,0.55819356
195,1255,0.59749985
195,1620,0.55313826
195,1773,0.61788684
196,198,0.6208727
196,605,0.566898
196,614,0.57297444
196,627,0.6036357
196,639,0.5738417
196,815,0.5892857
196,964,0.5754131
196,1247,0.58924174
196,1319,0.5830894
196,3298,0.60634565
197,204,0.6285233
197,1436,0.63149655
198,199,0.57602775
198,605,0.59482
198,614,0.5933351
198,624,0.5788021
198,627,0.62579143
198,639,0.6428256
198,640,0.5919268
198,757,0.5663367
198,815,0.6696453
198,964,0.5692228
198,1247,0.5545032
198,1255,0.56123346
198,1773,0.61584795
198,1856,0.58201826
198,2740,0.55790854
199,605,0.6393231
199,614,0.6441756
199,624,0.6200348
199,627,0.68607324
199,639,0.6594833
199,640,0.6307441
199,815,0.6504121
199,964,0.625839
199,1247,0.6496078
199,1319,0.61745596
199,1773,0.61217564
199,1856,0.63934374
199,2740,0.59457886
201,297,0.55446196
201,313,0.5776198
201,626,0.6324853
201,798,0.5748165
201,1018,0.56151295
201,1177,0.5719756
201,1471,0.5511013
201,1474,0.5745983
201,1630,0.56096375
201,1643,0.6178963
201,1653,0.604848
201,1688,0.55851275
201,1699,0.5718764
201,1705,0.6307784
201,1729,0.5520935
201,1734,0.55830085
201,1754,0.613077
201,1762,0.55613446
201,1787,0.5739322
201,1823,0.57924116
201,1830,0.5883349
201,1832,0.585909
201,1868,0.6402745
201,1881,0.55916584
201,1890,0.5522126
201,1899,0.7044564
201,1919,0.559577
201,1925,0.5731308
201,1931,0.56257373
201,1937,0.5600648
201,1940,0.5516312
201,1987,0.61443555
201,2052,0.67516154
201,2053,0.59667027
201,2055,0.59781086
201,2075,0.5556996
201,2104,0.55008876
201,2106,0.5654072
201,2123,0.577495
201,2146,0.60130644
201,2147,0.62863624
201,2159,0.5956014
201,2168,0.5696967
201,2177,0.6248447
201,2189,0.5790423
201,2202,0.56448984
201,2206,0.5978727
201,2210,0.5647162
201,2222,0.57135075
201,2262,0.62840134
201,2268,0.5839032
201,2281,0.5717423
201,2284,0.57010937
201,2293,0.5511294
201,2295,0.60529625
201,2313,0.58933043
201,2318,0.5611704
201,2324,0.5650759
201,2338,0.57137096
201,2339,0.5738305
201,2356,0.5966655
201,2361,0.6243109
201,2390,0.62083423
201,2393,0.5628171
201,2395,0.595165
201,2411,0.5730977
201,2420,0.5503892
201,2434,0.5991803
201,2471,0.5838361
201,2479,0.64728713
201,2522,0.5668446
201,2531,0.59323955
201,2533,0.6313332
201,2573,0.5549518
201,2578,0.5538917
201,2612,0.57249886
201,2615,0.615901
201,2667,0.56232274
201,2672,0.6085447
201,2680,0.5564978
201,2682,0.59907633
201,2685,0.6158447
201,2698,0.6132922
201,2700,0.60883576
201,2718,0.5647813
201,2727,0.59244
201,2752,0.56950146
201,2755,0.67548776
201,2768,0.5600717
201,2778,0.5686376
201,2806,0.5706659
201,2816,0.5726276
201,2820,0.59324175
201,2827,0.56145155
201,2839,0.5704635
201,2847,0.56925124
201,2850,0.61292976
201,2857,0.5577959
201,2863,0.5918679
201,2872,0.59304357
201,2888,0.6147063
201,2893,0.5637179
201,2914,0.6227623
201,2916,0.6396001
201,2925,0.6159817
201,2926,0.5534206
201,2927,0.6652312
201,2937,0.55639875
201,2939,0.5502546
201,2953,0.5517226
201,3009,0.58295786
201,3016,0.6293904
201,3022,0.6427026
201,3024,0.5565729
201,3035,0.5656879
201,3045,0.5844941
201,3080,0.589952
201,3082,0.579407
201,3083,0.57346725
201,3089,0.56810653
201,3098,0.5688231
201,3099,0.61031365
201,3100,0.5884682
201,3104,0.60068333
201,3105,0.5686077
201,3117,0.6071071
201,3130,0.61528707
201,3138,0.55607903
201,3169,0.55340135
201,3173,0.6217343
201,3208,0.6523448
201,3211,0.5956675
204,1155,0.5603918
204,1255,0.5539751
204,1433,0.6772291
204,2065,0.5673994
207,1061,0.56875235
208,824,0.56063676
210,270,0.7772549
210,271,0.74493027
211,1830,0.560905
211,2473,0.56257474
211,2847,0.5768875
211,2914,0.5509812
211,2916,0.5694139
211,3140,0.5521926
212,421,0.5787399
212,572,0.8448256
212,919,0.6464919
212,1218,0.5515244
212,1277,0.5506121
212,1360,0.5592565
212,1622,0.55041426
212,2118,0.5515513
212,2572,0.58682513
212,2606,0.56182593
212,2930,0.5526241
213,1010,0.5500473
213,1184,0.5941794
213,1532,0.57888436
213,1699,0.62891364
213,1700,0.55714595
213,1830,0.5561112
213,1910,0.59220207
213,2029,0.5687168
213,2071,0.5799755
213,2218,0.55275375
213,2318,0.5503243
213,2358,0.56426775
213,2641,0.5981853
213,2663,0.554935
213,2916,0.5908193
213,2991,0.57985777
213,3025,0.59274244
213,3091,0.5597584
213,3122,0.59725475
213,3189,0.55177927
213,3318,0.5858443
214,215,0.64587283
214,224,0.57807213
214,234,0.5781395
214,258,0.5530759
214,2101,0.5537585
214,2455,0.61084235
215,222,0.5559341
215,1266,0.56645525
215,2455,0.55692613
215,2941,0.56675255
218,2370,0.5539439
219,233,0.58744466
219,1081,0.5613546
220,246,0.56030333
220,763,0.55266225
221,657,0.5720967
222,224,0.5664493
222,232,0.56605965
222,233,0.5588919
222,270,0.57100713
222,282,0.552999
222,768,0.556983
222,1081,0.5647447
222,1620,0.55610234
222,1755,0.57699156
222,1907,0.563401
222,2028,0.5622553
222,2253,0.56154037
223,246,0.569279
223,1856,0.56555474
224,234,0.6403668
224,246,0.56390953
224,1376,0.6261081
224,1863,0.58465326
224,1907,0.5586806
224,1912,0.5659094
224,1924,0.5502151
224,2028,0.5617858
224,2455,0.58619535
224,2460,0.5826748
224,2587,0.5682881
225,229,0.5575104
225,231,0.5588101
225,237,0.5607774
225,261,0.58106214
225,2585,0.5894693
225,2838,0.55108976
226,310,0.56544435
228,900,0.55569696
228,1752,0.68272877
228,2866,0.5718018
229,233,0.65293884
229,275,0.5799835
229,768,0.5586083
229,1924,0.5603097
230,237,0.56904644
230,938,0.5736735
230,987,0.55177486
230,1916,0.55176675
230,2834,0.5835827
230,3025,0.5550503
231,241,0.5517798
231,259,0.5915129
231,1454,0.5830286
231,1594,0.59840894
231,1620,0.5931296
231,1726,0.5561235
231,1894,0.5611573
231,2491,0.5514406
231,2585,0.5580782
231,2834,0.5909691
231,3054,0.59611785
232,233,0.5890089
232,237,0.568445
232,275,0.5912807
232,286,0.6015283
232,743,0.55586284
232,1620,0.58437604
232,1664,0.5683592
232,1907,0.5947831
232,2101,0.5667392
232,2132,0.6280457
232,2253,0.5534679
232,2460,0.55972505
232,2587,0.56908417
232,2614,0.56858575
232,2818,0.56243646
233,258,0.5764264
233,275,0.6113334
233,282,0.5674945
233,288,0.56147885
233,626,0.58275515
233,768,0.63801706
233,779,0.5750258
233,825,0.55391395
233,854,0.5861806
233,1070,0.5611025
233,1564,0.5571895
233,1620,0.5632439
233,1664,0.5552075
233,1681,0.56256175
233,1702,0.60053295
233,1704,0.581665
233,1722,0.5788813
233,1755,0.561118
233,1765,0.5691693
233,1844,0.62401354
233,1853,0.5733031
233,1863,0.5541834
233,1881,0.56331575
233,1894,0.5873969
233,1899,0.5946154
233,1907,0.60435176
233,1911,0.55604255
233,1924,0.59622705
233,2052,0.62268853
233,2080,0.56511337
233,2101,0.5913063
233,2165,0.59027684
233,2177,0.5621807
233,2183,0.55462646
233,2248,0.6297258
233,2438,0.5643755
233,2442,0.58794576
233,2456,0.55709994
233,2457,0.5737648
233,2514,0.5561478
233,2573,0.63787234
233,2587,0.57714033
233,2614,0.6047672
233,2652,0.57030874
233,2718,0.57634246
233,2722,0.6102529
233,2738,0.56848556
233,2834,0.5525438
233,2925,0.5546515
233,2927,0.55369896
233,2940,0.5505595
233,2963,0.5682611
233,3085,0.5526361
233,3099,0.5645496
233,3104,0.5692166
233,3208,0.5851592
234,240,0.565158
234,873,0.60772634
234,1831,0.5827999
234,1844,0.5923063
234,1924,0.55293995
234,2455,0.58233404
234,2457,0.55826604
234,2460,0.63527477
234,2585,0.55606955
234,2587,0.5955523
234,2940,0.5743885
235,258,0.5548419
235,1081,0.56778777
235,1177,0.5595441
236,841,0.5578068
236,926,0.56935966
236,2052,0.55717206
236,2225,0.58257407
236,2818,0.55202717
237,251,0.5629833
237,275,0.61541104
237,859,0.5623755
237,1726,0.58585805
237,2016,0.5589685
237,2488,0.5612856
237,2971,0.5807252
237,3266,0.5853847
238,252,0.58011734
238,258,0.5837527
238,1942,0.5537271
238,2132,0.63035876
238,2233,0.56394273
239,873,0.56037486
239,1620,0.55985284
240,1620,0.5671147
240,1773,0.55404437
240,1844,0.56285286
241,259,0.5796135
241,1594,0.5627267
241,1620,0.5661023
241,1844,0.5604222
243,261,0.5656837
245,959,0.5520266
245,1038,0.6436889
245,1045,0.56229997
245,1049,0.62402326
245,1231,0.5901922
245,1410,0.56462705
246,261,0.57193613
246,283,0.57523274
246,825,0.5546633
246,1376,0.6307545
246,1620,0.63542145
246,1907,0.62769383
248,593,0.5752387
249,250,0.5944467
249,253,0.58387184
249,255,0.6126387
249,384,0.5558485
249,576,0.6313688
249,577,0.5709642
249,593,0.5770379
249,859,0.5656853
249,1694,0.58411765
249,1740,0.6137419
249,1942,0.58540833
249,2132,0.5672374
249,2233,0.5575725
250,251,0.65221655
250,255,0.6070048
250,258,0.6605668
250,384,0.55487967
250,576,0.67627823
250,593,0.5897845
250,630,0.6044538
250,690,0.5908104
250,739,0.5704745
250,795,0.6248394
250,805,0.6044538
250,859,0.5729096
250,872,0.5886152
250,932,0.6675355
250,1009,0.60729027
250,1267,0.6068194
250,1386,0.5621136
250,1626,0.5605701
250,1636,0.6178498
250,1687,0.5830896
250,1694,0.5750561
250,1942,0.56673664
250,2132,0.5570209
250,2373,0.6348537
251,576,0.58248967
251,932,0.61443555
251,1009,0.55939686
251,1267,0.5605821
251,3266,0.56261945
252,253,0.6152116
252,260,0.56018966
252,288,0.60573876
252,576,0.5637797
252,795,0.5801686
252,859,0.5604575
252,872,0.5556606
252,1111,0.6087788
252,1386,0.65094084
252,1634,0.62931055
252,1694,0.5679658
252,1704,0.62341845
252,1705,0.55183
252,1940,0.57399553
252,1942,0.588735
252,2165,0.5692216
252,2250,0.5636064
252,2945,0.5657114
253,255,0.64866704
253,256,0.5988624
253,258,0.6085377
253,576,0.5632422
253,739,0.56272703
253,872,0.58927536
253,1111,0.5536419
253,1386,0.5704398
253,1704,0.57017267
253,2014,0.5532576
253,2132,0.5732081
253,2165,0.6140453
253,2356,0.557715
255,258,0.56829387
255,576,0.58028126
255,593,0.55325943
255,690,0.5787339
255,795,0.5563842
255,859,0.57067704
255,872,0.5803044
255,1358,0.553232
255,1740,0.5673031
255,2132,0.5739526
256,2165,0.62202847
256,2250,0.5997057
257,1618,0.5605851
257,1645,0.5579669
257,1803,0.55004275
257,2540,0.55248946
258,282,0.581902
258,288,0.5840878
258,576,0.64676446
258,626,0.55465764
258,691,0.5837548
258,859,0.5770427
258,872,0.5943687
258,1159,0.55196
258,1267,0.6128736
258,1386,0.6145636
258,1444,0.5943372
258,1704,0.55420357
258,1722,0.5805152
258,1909,0.5680288
258,2116,0.55308974
258,2132,0.55815303
258,2233,0.55502784
258,2614,0.6147036
258,2834,0.5695105
259,765,0.5766051
260,288,0.56086075
260,576,0.5852316
260,795,0.5658954
260,872,0.5951106
260,1722,0.5681227
260,1748,0.57647836
260,1924,0.5528527
260,2587,0.56182504
261,768,0.5744198
261,1125,0.596416
261,1620,0.5534156
261,2460,0.56782705
264,289,0.5542053
264,330,0.5910442
264,1585,0.5797118
264,1627,0.55166054
264,1703,0.5802336
264,2044,0.5503559
264,2221,0.55793786
264,2582,0.59829855
264,2606,0.556646
264,2791,0.5896553
264,3089,0.55576986
264,3091,0.5724956
264,3098,0.5552585
264,3139,0.56415987
264,3142,0.5850128
266,267,0.7847373
270,271,0.70205724
270,1376,0.5992191
271,1376,0.5512211
272,273,0.7539474
272,316,0.7369013
273,316,0.61336076
274,287,0.71010053
275,651,0.5924707
275,854,0.6072022
275,945,0.57442725
275,1726,0.5720962
275,1777,0.5634495
275,2248,0.5721983
275,2941,0.563105
275,3134,0.55276173
275,3177,0.5706306
278,319,0.57520247
279,2250,0.57374
282,288,0.55120516
282,1592,0.58943963
282,1755,0.55209273
282,2101,0.596206
282,2248,0.5845316
283,345,0.5993799
283,397,0.55796206
283,768,0.5722208
283,1856,0.56783485
283,2248,0.56959796
286,1620,0.5669467
286,2253,0.763429
286,2456,0.5972694
286,2587,0.5635958
288,576,0.59459037
288,577,0.5663724
288,696,0.56497425
288,776,0.5532005
288,859,0.6153323
288,872,0.61457574
288,926,0.5540614
288,1267,0.5752704
288,1386,0.6014743
288,1634,0.61478853
288,1704,0.6677927
288,1722,0.56404704
288,1762,0.5550678
289,1406,0.5562586
289,1637,0.60085857
289,1703,0.5745541
289,2044,0.5527752
289,2862,0.56959915
289,3025,0.55275595
289,3091,0.5535226
290,787,0.56301516
290,1051,0.6224991
290,1170,0.5925005
290,2413,0.556836
290,2928,0.5923667
290,3006,0.5786691
290,3204,0.588367
290,3234,0.56523204
290,3292,0.5699279
291,596,0.5853432
291,652,0.57351816
291,763,0.56626606
291,780,0.57585776
291,1171,0.58936334
291,1744,0.5721184
291,1792,0.5642154
291,2341,0.5782571
291,2597,0.55616313
291,2677,0.6137997
291,2765,0.55197483
291,2830,0.5898763
291,3109,0.55213434
291,3165,0.57389843
291,3271,0.55248415
292,1789,0.56035644
292,2218,0.5968622
295,789,0.605243
295,888,0.5983923
295,1027,0.61458844
295,1169,0.55523103
295,1270,0.5713345
295,1323,0.64837056
295,1333,0.66705596
295,1523,0.55168897
295,1524,0.5845702
295,2148,0.58160853
295,2266,0.5889152
295,2331,0.6156762
295,2488,0.5712806
297,857,0.5554565
297,1010,0.5554945
297,1137,0.550534
297,1541,0.5729355
297,1615,0.5607745
297,1910,0.5506356
297,3022,0.5597381
297,3189,0.570617
298,300,0.7549052
298,1513,0.60207283
298,1809,0.5601065
298,2776,0.5633417
298,3129,0.5892781
299,1220,0.5671896
299,1283,0.5531155
299,3111,0.61710894
300,2481,0.55999184
300,2776,0.64257705
301,397,0.55538785
302,303,0.68911475
306,309,0.59186935
306,2137,0.5536085
306,2609,0.5536085
306,2762,0.5501657
308,309,0.55658764
309,1228,0.5548012
309,1368,0.5845207
309,3123,0.5770706
310,609,0.5550359
310,766,0.59999704
311,1904,0.55472684
313,330,0.5937832
313,1691,0.5591089
313,1910,0.6214328
313,2001,0.57201385
313,2016,0.5618479
313,2409,0.5627608
313,2425,0.5632384
313,2463,0.55765164
313,2496,0.5590087
313,2563,0.5619742
313,2606,0.58700943
313,2625,0.5874884
313,2663,0.5572543
313,2915,0.5736626
313,3003,0.5560024
313,3016,0.5568956
313,3035,0.55613184
313,3036,0.57816696
313,3100,0.58631533
313,3118,0.5520488
313,3165,0.563396
313,3186,0.55764616
313,3270,0.5598488
314,886,0.57177144
316,2082,0.5563345
317,1072,0.55286604
317,1329,0.6143099
317,1383,0.5597194
318,2366,0.570341
319,2177,0.5896223
321,1853,0.55557215
322,2595,0.5519725
327,3125,0.5510255
329,1538,0.8033185
330,572,0.5752218
330,1535,0.55255187
330,1629,0.5543916
330,1881,0.56690454
330,2041,0.56745934
330,2044,0.56001544
330,2254,0.5795305
330,2563,0.5599908
330,2606,0.6726148
330,2700,0.5586101
330,3002,0.5563771
330,3091,0.5696002
332,1552,0.7602396
334,1485,0.5567776
335,1051,0.55562615
335,1835,0.58403385
335,2011,0.62751365
335,2817,0.5517115
335,3080,0.562802
335,3300,0.5775082
335,3305,0.5599568
337,762,0.55889785
338,1460,0.55400515
338,1474,0.5860096
338,2794,0.58431304
338,2840,0.55566585
338,3059,0.5736854
338,3312,0.5544448
339,2453,0.60948014
341,3307,0.5583931
343,1456,0.678191
343,1596,0.6009381
344,2696,0.6224395
344,3216,0.6373484
345,349,0.6984973
347,1179,0.56947935
350,354,0.55931646
350,1566,0.74166965
353,1458,0.8873246
354,1457,0.5508529
358,401,0.5841164
358,406,0.5720496
358,408,0.58843696
358,409,0.58796334
358,431,0.64801276
358,567,0.5667372
358,738,0.5619625
358,879,0.5751437
358,1017,0.58148277
358,1850,0.5804329
358,1864,0.55992246
358,1866,0.6115755
358,2135,0.5639827
358,2267,0.5519248
358,2389,0.5887961
359,616,0.7543709
360,1153,0.5644834
360,1310,0.6509052
360,1529,0.5755918
360,1691,0.56836724
361,912,0.6260308
365,705,0.63707507
365,758,0.550637
366,809,0.56202877
366,1038,0.57601744
366,1142,0.62369597
366,1232,0.5580653
366,2347,0.61069834
366,2666,0.55277145
366,2721,0.61151826
367,2408,0.55576193
367,2479,0.5517576
370,371,0.556129
370,1229,0.6213491
370,1525,0.61397463
370,1526,0.70313144
371,836,0.6220648
372,1961,0.5590049
373,403,0.5685507
373,595,0.55450606
373,617,0.55774975
373,740,0.622941
373,754,0.5518507
373,816,0.5995735
373,901,0.57441264
373,1010,0.5548191
373,1105,0.67242175
373,1171,0.5551242
373,1246,0.6100357
373,1290,0.59193295
373,1682,0.5761703
373,1799,0.57831097
373,1859,0.5807765
373,1902,0.5865514
373,1935,0.55674237
373,1938,0.577935
373,2162,0.62454337
373,2329,0.59847116
373,2445,0.5615059
373,2450,0.57156795
373,2568,0.5621551
373,2625,0.5878972
373,2760,0.568799
375,787,0.5656793
375,809,0.5540141
375,858,0.55516374
375,1906,0.57181716
375,2975,0.5632521
377,1159,0.57930464
377,1513,0.5602348
378,1926,0.6173384
379,855,0.61069846
379,1816,0.98967224
380,510,0.5533441
380,1004,0.5516585
380,1156,0.55243164
380,2274,0.5542835
380,3237,0.582608
381,382,0.568812
381,1669,0.55299985
381,1685,0.57773364
381,1804,0.56597435
381,1910,0.5555583
381,2183,0.55281615
381,2444,0.56541985
381,2663,0.5540037
381,2712,0.56874985
381,2739,0.5862651
381,2764,0.58356905
381,2916,0.57701546
381,3128,0.5608576
382,807,0.5952029
382,896,0.64573514
382,1051,0.5946218
382,1262,0.5708306
382,1830,0.56906056
382,1881,0.5759311
382,1910,0.57479775
382,2016,0.5884434
382,2284,0.57514524
382,2343,0.57285875
382,2347,0.5986033
382,2408,0.55360436
382,2441,0.5563324
382,2464,0.5535921
382,2997,0.5511731
382,3003,0.5597829
382,3006,0.5631782
382,3008,0.55432653
382,3248,0.55394995
383,410,0.5716053
383,992,0.554116
383,1160,0.5575129
383,1266,0.5647415
383,1517,0.55360246
383,1652,0.5779774
383,1823,0.56511784
383,1879,0.5919969
383,1892,0.55652523
383,1899,0.56190455
383,1910,0.57053375
383,1922,0.5539634
383,1956,0.58555186
383,2107,0.5555155
383,2443,0.57031846
383,2474,0.5562768
383,2476,0.60979676
383,2494,0.56254405
383,2578,0.57521844
383,2870,0.5897442
383,3015,0.5619808
383,3025,0.55733305
383,3043,0.59842
383,3134,0.5714891
383,3270,0.58462983
384,2156,0.6382834
384,2233,0.5629776
387,949,0.58008033
387,2434,0.5539703
389,401,0.6112548
389,406,0.5663286
389,1864,0.5619948
391,936,0.5993509
393,738,0.5797726
393,1864,0.57592446
394,403,0.55080605
394,801,0.5565449
394,879,0.5816995
394,992,0.5520603
394,1005,0.5799546
394,1085,0.5548912
394,1128,0.5566846
394,1218,0.58026195
394,1231,0.55175376
394,1249,0.55115116
394,1721,0.5616014
394,1879,0.55506885
394,2027,0.55849
394,2071,0.56383073
394,2155,0.56464267
394,2274,0.5618167
394,2523,0.57806706
394,2527,0.55796766
394,2558,0.59607005
394,2568,0.58030856
394,2725,0.56540334
394,3270,0.5509553
397,825,0.56513417
397,1125,0.57722664
397,1853,0.5505246
397,2248,0.570104
399,608,0.56143606
399,792,0.5558799
399,2042,0.57218957
400,1263,0.55838335
401,406,0.580698
401,408,0.58822685
401,409,0.61130804
401,431,0.62492645
401,730,0.55939156
401,738,0.5507778
401,877,0.5714799
401,907,0.55053276
401,929,0.56055766
401,1040,0.6119837
401,1846,0.5987956
401,1864,0.57398164
401,3204,0.5686055
403,744,0.55517536
403,747,0.59017164
403,749,0.6004302
403,750,0.588961
403,763,0.5533591
403,791,0.5582067
403,931,0.6168637
403,1424,0.58490366
403,1684,0.55032426
403,2625,0.550663
403,3237,0.6767534
404,965,0.5964397
404,1301,0.56188214
404,1384,0.5977954
405,625,0.73159415
405,1513,0.56620675
405,2647,0.5503651
405,2993,0.5556606
405,3129,0.5806726
407,931,0.5512296
408,409,0.6571798
408,431,0.5877888
408,591,0.60265374
408,671,0.58883554
408,730,0.6191926
408,738,0.6126535
408,838,0.5525113
408,868,0.63831794
408,878,0.5829028
408,879,0.72656155
408,886,0.6158947
408,923,0.5520922
408,928,0.5595919
408,929,0.5875631
408,980,0.55927515
408,989,0.5766472
408,1003,0.5906043
408,1015,0.62023896
408,1017,0.6178003
408,1040,0.61507595
408,1172,0.5854474
408,1278,0.5669157
408,1295,0.5799593
408,1354,0.57528234
408,1850,0.6577806
408,1864,0.68556464
408,1866,0.5536947
408,1959,0.5503422
408,2004,0.57230014
408,2015,0.58416665
408,2135,0.62693334
408,2235,0.5829248
408,2267,0.5931461
408,2327,0.5810367
408,2701,0.61015815
408,2708,0.5683745
408,2766,0.5505446
408,3176,0.567101
408,3257,0.64936554
409,428,0.5639387
409,431,0.58681244
409,730,0.5730175
409,738,0.6083624
409,788,0.5879116
409,868,0.600711
409,877,0.57152605
409,879,0.5894379
409,886,0.5592669
409,1017,0.587649
409,1040,0.56783754
409,1864,0.58172023
409,1959,0.56166697
409,2004,0.5518178
409,2135,0.5607795
409,2267,0.57241154
409,2272,0.6000048
409,2275,0.6458781
409,2467,0.5741998
409,2558,0.572793
409,2701,0.65452385
410,564,0.5687388
410,732,0.626806
410,742,0.5507771
410,897,0.5591774
410,991,0.5556909
410,996,0.55437034
410,1078,0.57247365
410,1085,0.5515682
410,1146,0.5576648
410,1162,0.5564362
410,1219,0.5506279
410,1358,0.59021723
410,1492,0.5530963
410,1652,0.56225854
410,1878,0.56420004
410,1956,0.55387664
410,2043,0.57183564
410,2071,0.58005613
410,2219,0.5701157
410,2265,0.59804523
410,2374,0.57979107
410,2405,0.5908326
410,2476,0.55793536
410,2578,0.57575977
410,2784,0.5605714
410,2852,0.56250554
410,3257,0.5757095
412,1269,0.5864451
412,1830,0.59192955
412,2532,0.6113054
415,579,0.6954391
415,1712,0.5602388
415,1910,0.6161664
415,2343,0.5616939
415,2474,0.57702553
416,787,0.5659504
417,856,0.56959105
417,1422,0.5533226
417,1663,0.55007476
417,1710,0.61228466
417,2532,0.5630685
418,722,0.99195135
418,1233,0.5585408
419,563,0.5543184
419,620,0.55774665
419,983,0.61864126
419,1126,0.5584723
419,1290,0.6395845
419,1354,0.56896114
419,1864,0.5976751
419,2273,0.58520645
419,2474,0.5582228
419,3177,0.5866494
420,591,0.55204093
420,730,0.56547564
420,738,0.6238177
420,938,0.574153
420,1017,0.5980522
420,1864,0.5524388
420,2004,0.550544
420,2015,0.5558798
420,2701,0.58429897
421,919,0.6110573
421,1321,0.57966983
421,1711,0.56501174
421,2006,0.5509181
421,2405,0.5883256
421,2606,0.6017559
422,980,0.5718025
422,989,0.5735098
422,1864,0.5587565
422,2235,0.5503825
422,2327,0.56169546
423,424,0.7346566
423,425,0.58527446
423,426,0.72993064
423,427,0.71157193
423,432,0.7094598
423,433,0.6016141
423,434,0.65685534
423,435,0.695105
423,436,0.63460416
423,437,0.6815078
423,438,0.70003617
423,439,0.7645399
423,440,0.64126104
423,441,0.6681802
423,442,0.6836605
423,443,0.6456024
423,444,0.62587154
423,445,0.71211565
423,446,0.7078695
423,447,0.69621986
423,448,0.71951926
423,449,0.69679904
423,450,0.62698746
423,451,0.75217223
423,452,0.73103046
423,453,0.74726653
423,454,0.7479204
423,455,0.78356284
423,456,0.7426604
423,458,0.640269
423,459,0.69159114
423,460,0.66514456
423,461,0.7116593
423,462,0.5832109
423,463,0.5865955
423,464,0.6504979
423,465,0.7033009
423,466,0.7070581
423,467,0.66929245
423,468,0.66857755
423,469,0.65709955
423,470,0.7133996
423,471,0.6637074
423,472,0.67952734
423,473,0.66941524
423,474,0.7028874
423,475,0.5940927
423,476,0.66593164
423,477,0.6340136
423,478,0.71047103
423,480,0.6268606
423,481,0.5622932
423,482,0.6095878
423,483,0.6384356
423,484,0.6893225
423,485,0.6797817
423,486,0.66307974
423,487,0.6992909
423,488,0.696366
423,489,0.6346847
423,490,0.5762097
423,491,0.69613504
423,492,0.6481411
423,493,0.75885165
423,494,0.6568441
423,495,0.6695086
423,496,0.6739943
423,497,0.6516715
423,498,0.61691606
423,499,0.60050064
423,500,0.59165776
423,501,0.65711015
423,502,0.63104105
423,505,0.6412601
423,506,0.6240765
423,507,0.69959533
423,508,0.639294
423,510,0.62139904
423,511,0.5533385
423,512,0.59299755
423,513,0.69380283
423,514,0.64851606
423,515,0.743592
423,516,0.6540889
423,518,0.7809924
423,519,0.6580676
423,520,0.6917403
423,521,0.6866101
423,522,0.5788182
423,523,0.55996996
423,524,0.7008346
423,525,0.6730962
423,526,0.65931
423,527,0.72405356
423,528,0.7105447
423,529,0.69827306
423,530,0.7053521
423,531,0.60086405
423,532,0.69155127
423,533,0.69544286
423,534,0.6433993
423,535,0.68236685
423,536,0.6290872
423,537,0.7471268
423,538,0.6439538
423,539,0.7054614
423,540,0.69272697
423,541,0.70106244
423,542,0.6994067
423,543,0.64321005
423,544,0.60675204
423,545,0.722939
423,546,0.66701615
423,547,0.65446985
423,548,0.70455956
423,549,0.6967698
423,550,0.63495684
423,551,0.7105118
423,552,0.7183145
423,553,0.69493544
423,554,0.7267908
423,555,0.64767814
423,556,0.69392806
423,713,0.6337149
424,425,0.645006
424,426,0.7986078
424,427,0.80682975
424,432,0.73890543
424,433,0.70736337
424,434,0.67941046
424,435,0.7379911
424,436,0.7859334
424,437,0.7586967
424,438,0.8048516
424,439,0.7965925
424,440,0.7128073
424,441,0.70149016
424,442,0.7306962
424,443,0.6304337
424,444,0.66745174
424,445,0.7646798
424,446,0.834658
424,447,0.7105681
424,448,0.7749014
424,449,0.77030873
424,450,0.74745524
424,451,0.7467655
424,452,0.70727015
424,453,0.791788
424,454,0.8444158
424,455,0.81454647
424,456,0.8445083
424,458,0.6604494
424,459,0.66130555
424,460,0.59694827
424,461,0.7558664
424,462,0.61942375
424,463,0.7156489
424,464,0.66298807
424,465,0.70422983
424,466,0.7002748
424,467,0.6629759
424,468,0.695642
424,469,0.7157672
424,470,0.7207828
424,471,0.73486817
424,472,0.65403426
424,473,0.78795266
424,474,0.7731445
424,475,0.68358314
424,476,0.6970985
424,477,0.672668
424,478,0.74375474
424,480,0.6094408
424,481,0.5677316
424,482,0.67075795
424,483,0.6984769
424,484,0.63253057
424,485,0.71840495
424,486,0.6803473
424,487,0.74739957
424,488,0.7401706
424,489,0.70876175
424,490,0.6512119
424,491,0.7917206
424,492,0.7030761
424,493,0.7767788
424,494,0.6989491
424,495,0.7150885
424,496,0.6584935
424,497,0.75303227
424,498,0.6013928
424,499,0.62182933
424,500,0.59853506
424,501,0.7266016
424,502,0.6961049
424,505,0.613042
424,506,0.64662594
424,507,0.7899768
424,508,0.71415746
424,509,0.554002
424,510,0.7243859
424,511,0.5821849
424,512,0.60982966
424,513,0.7875407
424,514,0.72548884
424,515,0.6680399
424,516,0.7582128
424,517,0.5720351
424,518,0.76820827
424,519,0.76610756
424,520,0.7121322
424,521,0.72730124
424,522,0.57647574
424,523,0.6776378
424,524,0.6822601
424,525,0.7914784
424,526,0.71989065
424,527,0.748834
424,528,0.8002582
424,529,0.70660126
424,530,0.76659054
424,531,0.6564358
424,532,0.7470156
424,533,0.7116612
424,534,0.66639316
424,535,0.7254
424,536,0.6667736
424,537,0.8263469
424,538,0.7165517
424,539,0.75247884
424,540,0.7500886
424,541,0.764348
424,542,0.74281573
424,543,0.77938545
424,544,0.6195314
424,545,0.7721721
424,546,0.7704277
424,547,0.7106675
424,548,0.7537879
424,549,0.6894715
424,550,0.6707364
424,551,0.7790065
424,552,0.7103181
424,553,0.73331445
424,554,0.75627935
424,555,0.6040975
424,556,0.79303813
424,713,0.64205205
424,2921,0.5728276
424,3281,0.5525087
425,426,0.6023462
425,432,0.6611313
425,433,0.5633234
425,436,0.5565742
425,437,0.5760735
425,438,0.63575673
425,440,0.55937904
425,441,0.5847417
425,446,0.6060933
425,449,0.5792362
425,450,0.55399
425,451,0.5698626
425,452,0.5575755
425,453,0.584748
425,454,0.6026565
425,455,0.6353742
425,456,0.6049001
425,468,0.56262016
425,469,0.5629616
425,472,0.7053387
425,473,0.6153099
425,474,0.5510889
425,485,0.6192895
425,487,0.571472
425,488,0.55354345
425,491,0.6305213
425,492,0.5797284
425,493,0.56694233
425,497,0.6564652
425,499,0.6078694
425,501,0.55364347
425,507,0.60174835
425,510,0.582631
425,512,0.55130494
425,514,0.5948231
425,516,0.6105149
425,518,0.59704286
425,519,0.69159853
425,520,0.6060491
425,521,0.55203164
425,522,0.61668664
425,525,0.60636955
425,528,0.6306212
425,529,0.5570321
425,533,0.63491
425,537,0.7204653
425,538,0.59843075
425,539,0.5547622
425,540,0.57041883
425,542,0.5568267
425,543,0.5913371
425,545,0.6277983
425,549,0.5520078
425,551,0.5797837
425,553,0.71114457
425,554,0.6018613
425,880,0.5753706
425,887,0.5585091
425,1513,0.6126702
425,1809,0.5659025
425,2647,0.5900192
425,2993,0.590498
425,3129,0.5697645
426,427,0.75998056
426,432,0.6527655
426,433,0.6282592
426,434,0.6278572
426,435,0.73799986
426,436,0.75082624
426,437,0.7181561
426,438,0.70471036
426,439,0.7702658
426,440,0.65096104
426,441,0.65665984
426,442,0.65059674
426,444,0.58231014
426,445,0.71810395
426,446,0.76670504
426,447,0.66860044
426,448,0.7593591
426,449,0.7386859
426,450,0.7334931
426,451,0.6790182
426,452,0.6351925
426,453,0.7637249
426,454,0.7305605
426,455,0.744189
426,456,0.77570206
426,458,0.59209883
426,459,0.6179743
426,460,0.5855829
426,461,0.7140837
426,462,0.5786017
426,463,0.5739218
426,464,0.65260994
426,465,0.6610651
426,466,0.65932107
426,467,0.62377435
426,468,0.6847708
426,469,0.62916386
426,470,0.73513055
426,471,0.6887367
426,472,0.68597305
426,473,0.7056984
426,474,0.7581916
426,475,0.5692115
426,476,0.66168433
426,477,0.6443954
426,478,0.70793706
426,480,0.5536089
426,482,0.6164984
426,483,0.6410553
426,484,0.5760671
426,485,0.6728866
426,486,0.6037519
426,487,0.65445244
426,488,0.7283964
426,489,0.69982284
426,490,0.5994665
426,491,0.7376385
426,492,0.69288373
426,493,0.6916387
426,494,0.67187536
426,495,0.64661145
426,496,0.6361362
426,497,0.8452858
426,498,0.57135725
426,499,0.55273306
426,501,0.6630143
426,502,0.628267
426,505,0.5979777
426,506,0.5500015
426,507,0.84907305
426,508,0.66213274
426,510,0.6420858
426,513,0.6944715
426,514,0.63202083
426,515,0.6530647
426,516,0.6953682
426,518,0.703766
426,519,0.733062
426,520,0.6413126
426,521,0.64335895
426,523,0.616406
426,524,0.6498617
426,525,0.7212609
426,526,0.6917057
426,527,0.6608745
426,528,0.70577884
426,529,0.68735254
426,530,0.71090776
426,531,0.56849617
426,532,0.6912685
426,533,0.73971033
426,534,0.6084073
426,535,0.6697762
426,536,0.60942096
426,537,0.76223993
426,538,0.59125465
426,539,0.6991936
426,540,0.670674
426,541,0.68744826
426,542,0.7041225
426,543,0.7971358
426,544,0.5947926
426,545,0.70732665
426,546,0.7271837
426,547,0.676808
426,548,0.6564799
426,549,0.6581422
426,550,0.6425365
426,551,0.76251256
426,552,0.6561396
426,553,0.74045545
426,554,0.7226732
426,555,0.580926
426,556,0.7595877
426,713,0.6470123
427,432,0.6562482
427,433,0.56500435
427,434,0.6112691
427,435,0.7050303
427,436,0.7980424
427,437,0.70439756
427,438,0.6550642
427,439,0.74590445
427,440,0.68782085
427,441,0.6299163
427,442,0.72488093
427,443,0.6281954
427,444,0.67551684
427,445,0.76677823
427,446,0.7157278
427,447,0.6938746
427,448,0.79561263
427,449,0.7150992
427,450,0.71240205
427,451,0.7082311
427,452,0.7099767
427,453,0.7511108
427,454,0.75793564
427,455,0.74057096
427,456,0.7367668
427,458,0.64713633
427,459,0.6541173
427,460,0.59671557
427,461,0.7018107
427,462,0.575019
427,463,0.5870887
427,464,0.62535506
427,465,0.654032
427,466,0.7480306
427,467,0.698377
427,468,0.6836909
427,469,0.664552
427,470,0.7166587
427,471,0.7175312
427,472,0.67884433
427,473,0.72960615
427,474,0.7294545
427,475,0.703128
427,476,0.69236374
427,477,0.7367649
427,478,0.67635846
427,480,0.64634645
427,482,0.66452706
427,483,0.6398071
427,484,0.657277
427,485,0.6884005
427,486,0.6585988
427,487,0.7163194
427,488,0.7348043
427,489,0.7453148
427,490,0.6170497
427,491,0.7106213
427,492,0.63960326
427,493,0.78924227
427,494,0.7967385
427,495,0.66250277
427,496,0.64439315
427,497,0.67596
427,498,0.6103118
427,500,0.57299083
427,501,0.62278175
427,502,0.6040714
427,505,0.5511972
427,506,0.63478947
427,507,0.7165044
427,508,0.66462517
427,510,0.60033494
427,513,0.6953634
427,514,0.6261846
427,515,0.67928493
427,516,0.6471909
427,518,0.6966189
427,519,0.72748435
427,520,0.645546
427,521,0.7087297
427,523,0.59770805
427,524,0.69918025
427,525,0.7324252
427,526,0.72154224
427,527,0.72724724
427,528,0.6775917
427,529,0.68980056
427,530,0.68954957
427,531,0.5801568
427,532,0.65238583
427,533,0.6324536
427,534,0.63290995
427,535,0.69597876
427,536,0.6725793
427,537,0.7075521
427,538,0.6106403
427,539,0.78794706
427,540,0.7290397
427,541,0.7252224
427,542,0.71311104
427,543,0.7321055
427,544,0.59394014
427,545,0.6437496
427,546,0.734476
427,547,0.6707703
427,548,0.73464274
427,549,0.6712592
427,550,0.6593898
427,551,0.74012583
427,552,0.64365375
427,553,0.6890305
427,554,0.7192627
427,555,0.61440825
427,556,0.8076024
427,713,0.6223917
427,2154,0.5519881
427,2921,0.5964277
428,431,0.6248764
428,1864,0.55461204
429,431,0.5511297
429,730,0.5597136
430,637,0.5593512
431,591,0.5924312
431,730,0.65946025
431,738,0.6104687
431,879,0.5926994
431,1003,0.58172286
431,1017,0.615311
431,1864,0.6260594
431,2135,0.58472526
431,2235,0.5769614
431,2306,0.55776376
432,433,0.69466054
432,434,0.677902
432,435,0.62396795
432,436,0.6237482
432,437,0.68463147
432,438,0.74030083
432,439,0.7149284
432,440,0.65323377
432,441,0.7536063
432,442,0.65719867
432,443,0.63968027
432,444,0.6495294
432,445,0.68025863
432,446,0.7028369
432,447,0.7025579
432,448,0.7085919
432,449,0.7262111
432,450,0.62496144
432,451,0.72058034
432,452,0.6361542
432,453,0.7193612
432,454,0.794575
432,455,0.77123904
432,456,0.70872587
432,458,0.5974805
432,459,0.6048447
432,460,0.664763
432,461,0.72394574
432,463,0.6083081
432,464,0.6626836
432,465,0.7625425
432,466,0.7426287
432,467,0.68731415
432,468,0.63628244
432,469,0.70368624
432,470,0.6294259
432,471,0.63763404
432,472,0.70018816
432,473,0.68500173
432,474,0.7372719
432,476,0.5759948
432,477,0.6555344
432,478,0.737031
432,480,0.6256415
432,482,0.6215574
432,483,0.5978122
432,484,0.5934862
432,485,0.7775843
432,486,0.6437764
432,487,0.67392427
432,488,0.66712093
432,489,0.6348028
432,490,0.61940706
432,491,0.7262463
432,492,0.6441456
432,493,0.65966254
432,494,0.61068463
432,495,0.738074
432,496,0.7680453
432,497,0.637437
432,498,0.58093894
432,499,0.5871667
432,500,0.571296
432,501,0.70781004
432,502,0.7017633
432,505,0.62330747
432,506,0.57911056
432,507,0.7000716
432,508,0.5976627
432,510,0.5966107
432,511,0.59276175
432,513,0.6810186
432,514,0.7168567
432,515,0.67669415
432,516,0.6695145
432,518,0.7482539
432,519,0.6564052
432,520,0.65108824
432,521,0.6772737
432,522,0.6532161
432,523,0.6890043
432,524,0.6255806
432,525,0.67691654
432,526,0.67971563
432,527,0.75365925
432,528,0.72169375
432,529,0.6597081
432,530,0.73436767
432,531,0.5894136
432,532,0.70355225
432,533,0.67941827
432,534,0.66211975
432,535,0.6534116
432,536,0.60724974
432,537,0.695439
432,538,0.7326865
432,539,0.7436009
432,540,0.76089346
432,541,0.6412759
432,542,0.6688516
432,543,0.600405
432,544,0.6085882
432,545,0.7108513
432,546,0.6804304
432,547,0.62514555
432,548,0.68599796
432,549,0.67482877
432,550,0.6287159
432,551,0.70383334
432,552,0.7047334
432,553,0.69863075
432,554,0.63948107
432,555,0.6376965
432,556,0.69643664
432,713,0.60667455
433,434,0.6225579
433,436,0.6113368
433,437,0.6020726
433,438,0.71642053
433,439,0.6436051
433,440,0.5935712
433,443,0.5773778
433,444,0.55214566
433,445,0.6339122
433,446,0.61923444
433,447,0.57378924
433,448,0.5802127
433,449,0.60359526
433,450,0.5607157
433,451,0.6007302
433,453,0.6765536
433,454,0.66751456
433,455,0.6812322
433,456,0.6299923
433,460,0.5608193
433,461,0.62067556
433,464,0.5845015
433,465,0.6618682
433,466,0.5822099
433,467,0.58221495
433,468,0.5812179
433,469,0.5589092
433,470,0.6064833
433,471,0.55517036
433,472,0.5636534
433,473,0.6329769
433,474,0.6507065
433,477,0.5695344
433,478,0.63080466
433,483,0.55046666
433,485,0.6519396
433,486,0.5532932
433,487,0.5526508
433,488,0.5900564
433,489,0.5985954
433,490,0.6297101
433,491,0.7366241
433,492,0.62658155
433,493,0.55918694
433,496,0.57594347
433,497,0.62213594
433,499,0.6148358
433,500,0.57946897
433,501,0.61133325
433,502,0.6611583
433,505,0.5684881
433,507,0.69934773
433,510,0.62658954
433,511,0.6308045
433,513,0.6262785
433,514,0.71468836
433,516,0.58976376
433,518,0.6755005
433,519,0.55598855
433,520,0.60358524
433,522,0.565323
433,523,0.5727173
433,525,0.6598029
433,526,0.5848002
433,527,0.61103046
433,528,0.6547183
433,529,0.60733175
433,530,0.6332797
433,531,0.5528703
433,532,0.6407143
433,533,0.6146122
433,534,0.57344544
433,535,0.58091426
433,537,0.62307197
433,538,0.6718868
433,539,0.634941
433,540,0.6678071
433,541,0.5687996
433,542,0.6312254
433,543,0.6162056
433,544,0.5519719
433,545,0.69664323
433,546,0.6033486
433,549,0.6204574
433,551,0.62088895
433,552,0.5568234
433,553,0.61408615
433,554,0.58625436
433,556,0.65809596
434,435,0.6289287
434,436,0.6089549
434,437,0.7183406
434,438,0.59209585
434,439,0.7366703
434,440,0.667701
434,441,0.6375026
434,442,0.601202
434,443,0.6605396
434,444,0.57284033
434,445,0.6430463
434,446,0.6328225
434,447,0.72769654
434,448,0.6677314
434,449,0.6010759
434,450,0.57638276
434,451,0.6229167
434,452,0.63685286
434,453,0.6443994
434,454,0.7185705
434,455,0.7453098
434,456,0.5842134
434,457,0.5594032
434,459,0.63514507
434,460,0.73158664
434,461,0.7220839
434,464,0.6927366
434,465,0.7216021
434,466,0.7292489
434,467,0.70923734
434,468,0.5648599
434,469,0.5795651
434,470,0.64028275
434,471,0.6344185
434,472,0.67671156
434,473,0.6032488
434,474,0.64628345
434,475,0.56122655
434,476,0.61852497
434,477,0.57905674
434,478,0.7755096
434,480,0.6390167
434,483,0.66468704
434,484,0.572808
434,485,0.63670325
434,486,0.64043564
434,487,0.6929319
434,488,0.6237333
434,489,0.6539357
434,490,0.5763575
434,491,0.67664015
434,492,0.6249713
434,493,0.6070254
434,494,0.6399119
434,495,0.69357485
434,496,0.75602376
434,497,0.570912
434,498,0.58632815
434,501,0.6502758
434,502,0.59442496
434,503,0.5506016
434,504,0.57460624
434,505,0.56135726
434,507,0.6788887
434,508,0.62115276
434,510,0.5719882
434,511,0.5580163
434,513,0.64002675
434,514,0.6630012
434,515,0.6806217
434,518,0.68391365
434,519,0.5554683
434,520,0.6305292
434,522,0.5662112
434,524,0.6004671
434,525,0.569592
434,526,0.71586967
434,527,0.731738
434,528,0.5890831
434,529,0.63832223
434,530,0.64837
434,531,0.6427281
434,532,0.6417984
434,533,0.6249459
434,534,0.5920612
434,535,0.5814915
434,536,0.5543301
434,537,0.6475881
434,538,0.575495
434,539,0.7155893
434,540,0.63845205
434,541,0.6305624
434,542,0.6539901
434,543,0.55263364
434,544,0.6363247
434,545,0.6264761
434,546,0.59866035
434,547,0.58488125
434,548,0.6116929
434,549,0.59435946
434,550,0.58475506
434,551,0.6468026
434,552,0.64561266
434,553,0.69210684
434,554,0.6405399
434,555,0.70051014
434,556,0.6256432
435,436,0.6898046
435,437,0.65247154
435,438,0.62824476
435,439,0.7074196
435,440,0.62151766
435,441,0.62186027
435,442,0.6461108
435,443,0.5679167
435,444,0.6113382
435,445,0.6938931
435,446,0.81241477
435,447,0.6999862
435,448,0.70806205
435,449,0.75288945
435,450,0.7132239
435,451,0.7067027
435,452,0.71817434
435,453,0.68621016
435,454,0.71907866
435,455,0.6994045
435,456,0.7345492
435,458,0.58793426
435,459,0.8445722
435,460,0.5698298
435,461,0.67155737
435,463,0.6407766
435,464,0.64656425
435,465,0.6343678
435,466,0.61419237
435,467,0.64244413
435,468,0.5730293
435,469,0.62779725
435,470,0.6893404
435,471,0.6752177
435,472,0.59566426
435,473,0.67485774
435,474,0.72333765
435,475,0.6978229
435,476,0.62769145
435,477,0.6366682
435,478,0.6778912
435,480,0.6126431
435,482,0.733083
435,483,0.7115495
435,484,0.6113231
435,485,0.63380724
435,486,0.6636734
435,487,0.68826306
435,488,0.714558
435,489,0.57848215
435,490,0.56749314
435,491,0.70266604
435,492,0.60640913
435,493,0.7684734
435,494,0.71619564
435,495,0.65719616
435,496,0.63980925
435,497,0.6555444
435,498,0.5524389
435,501,0.67880553
435,502,0.6204655
435,505,0.6088856
435,506,0.64123434
435,507,0.6750433
435,508,0.64989245
435,510,0.6089013
435,513,0.7177727
435,514,0.5773823
435,515,0.63359237
435,516,0.62297714
435,518,0.7163235
435,519,0.71785516
435,520,0.66648394
435,521,0.6839311
435,523,0.6059884
435,524,0.6780412
435,525,0.60980964
435,526,0.6749443
435,527,0.6580379
435,528,0.7068883
435,529,0.7049415
435,530,0.7044462
435,531,0.5895543
435,532,0.60814595
435,533,0.6827934
435,534,0.5979283
435,535,0.7391366
435,536,0.69297624
435,537,0.7189034
435,538,0.58190477
435,539,0.7192776
435,540,0.6292343
435,541,0.7208371
435,542,0.7120975
435,543,0.69515795
435,544,0.60728073
435,545,0.6656298
435,546,0.6446191
435,547,0.7089927
435,548,0.6782509
435,549,0.6279386
435,550,0.67060417
435,551,0.75131285
435,552,0.69094276
435,553,0.6963531
435,554,0.74424636
435,556,0.707327
435,713,0.60343176
436,437,0.67386687
436,438,0.6446725
436,439,0.6824221
436,440,0.6366019
436,441,0.6373179
436,442,0.65712523
436,444,0.5943361
436,445,0.7454019
436,446,0.7032521
436,447,0.6286255
436,448,0.73932457
436,449,0.745031
436,450,0.6388965
436,451,0.6752428
436,452,0.6352273
436,453,0.70213896
436,454,0.71226513
436,455,0.6847911
436,456,0.7287526
436,458,0.56579465
436,459,0.56924033
436,461,0.67884254
436,463,0.57868624
436,464,0.58955455
436,465,0.666849
436,466,0.6453946
436,467,0.61411583
436,468,0.6921489
436,469,0.6376071
436,470,0.6689272
436,471,0.658054
436,472,0.65829
436,473,0.72162366
436,474,0.72273815
436,475,0.6534917
436,476,0.63016164
436,477,0.6892438
436,478,0.6408442
436,482,0.58589494
436,483,0.5987758
436,484,0.5700429
436,485,0.6453704
436,486,0.6421694
436,487,0.63892984
436,488,0.7294307
436,489,0.6900133
436,490,0.61811846
436,491,0.7252691
436,492,0.659147
436,493,0.6919858
436,494,0.65246487
436,495,0.62249404
436,496,0.6269256
436,497,0.7074156
436,498,0.5728291
436,501,0.6639166
436,502,0.6688359
436,506,0.5990619
436,507,0.73703897
436,508,0.6691035
436,510,0.6080257
436,513,0.68568003
436,514,0.62377346
436,515,0.6302704
436,516,0.6496384
436,518,0.6842864
436,519,0.7180346
436,520,0.59905875
436,521,0.6845152
436,523,0.6997578
436,524,0.6075555
436,525,0.7235489
436,526,0.66857827
436,527,0.6670884
436,528,0.7232804
436,529,0.66099906
436,530,0.6429577
436,531,0.5898865
436,532,0.681111
436,533,0.6736448
436,534,0.5774246
436,535,0.67460364
436,536,0.65907365
436,537,0.71288145
436,538,0.639207
436,539,0.7094163
436,540,0.6728697
436,541,0.65290815
436,542,0.69809496
436,543,0.7906139
436,545,0.6355448
436,546,0.7643713
436,547,0.6238985
436,548,0.6304338
436,549,0.59864044
436,550,0.6185366
436,551,0.7572663
436,552,0.5955117
436,553,0.6932253
436,554,0.6599591
436,556,0.7828239
436,713,0.6097355
437,438,0.74827385
437,439,0.70402706
437,440,0.6844003
437,441,0.66123253
437,442,0.618695
437,443,0.6499622
437,444,0.59548855
437,445,0.6927999
437,446,0.6927346
437,447,0.6402346
437,448,0.71524674
437,449,0.6601492
437,450,0.62931764
437,451,0.6750707
437,452,0.6782479
437,453,0.7160435
437,454,0.7639425
437,455,0.80279255
437,456,0.71382815
437,458,0.60018754
437,459,0.64065367
437,460,0.6377777
437,461,0.73837984
437,463,0.5849995
437,464,0.666282
437,465,0.68643034
437,466,0.741258
437,467,0.6672322
437,468,0.67052996
437,469,0.6200615
437,470,0.6567049
437,471,0.66550106
437,472,0.6875962
437,473,0.61627185
437,474,0.6834581
437,475,0.6373864
437,476,0.6817757
437,477,0.5866576
437,478,0.74774593
437,480,0.590994
437,483,0.6184933
437,484,0.5733745
437,485,0.67490894
437,486,0.6183913
437,487,0.69715655
437,488,0.6392791
437,489,0.62835044
437,490,0.56057155
437,491,0.68406844
437,492,0.6678302
437,493,0.70294887
437,494,0.62023467
437,495,0.7044649
437,496,0.68662906
437,497,0.64148146
437,498,0.5878446
437,499,0.59922034
437,500,0.5858542
437,501,0.69392234
437,502,0.61621785
437,504,0.59569716
437,505,0.63949466
437,507,0.6805416
437,508,0.68549186
437,510,0.609684
437,511,0.5998399
437,513,0.6495243
437,514,0.6955093
437,515,0.6846225
437,516,0.6166691
437,518,0.70101297
437,519,0.6121717
437,520,0.7005465
437,521,0.5840359
437,522,0.6304312
437,523,0.5729297
437,524,0.58469373
437,525,0.64085454
437,526,0.7228341
437,527,0.7301514
437,528,0.6158957
437,529,0.70571184
437,530,0.6222843
437,531,0.6123614
437,532,0.6604973
437,533,0.6618068
437,534,0.5894754
437,535,0.6061251
437,536,0.5670583
437,537,0.70351267
437,538,0.6023568
437,539,0.69983935
437,540,0.6717404
437,541,0.6557847
437,542,0.7072581
437,543,0.6259192
437,544,0.5992479
437,545,0.6810328
437,546,0.6798818
437,547,0.60675085
437,548,0.70663345
437,549,0.6544782
437,550,0.6526227
437,551,0.73185253
437,552,0.6973475
437,553,0.69904965
437,554,0.72803366
437,555,0.62141013
437,556,0.6932342
437,713,0.5926188
438,439,0.718216
438,440,0.6623509
438,441,0.67787117
438,442,0.5981611
438,443,0.63685876
438,444,0.5856037
438,445,0.6806737
438,446,0.7413616
438,447,0.61510897
438,448,0.6734023
438,449,0.7039231
438,450,0.63180673
438,451,0.7074155
438,452,0.6720184
438,453,0.7861436
438,454,0.78746724
438,455,0.81900275
438,456,0.72466743
438,458,0.6389587
438,459,0.6233165
438,460,0.5981594
438,461,0.7254138
438,463,0.64003366
438,464,0.6023829
438,465,0.7072532
438,466,0.6524769
438,467,0.60670024
438,468,0.6833548
438,469,0.62810075
438,470,0.61663043
438,471,0.6780821
438,472,0.6033709
438,473,0.6632053
438,474,0.7305038
438,475,0.5888959
438,476,0.6060047
438,477,0.58393764
438,478,0.7636932
438,481,0.56192255
438,483,0.6673126
438,484,0.5577368
438,485,0.66601133
438,486,0.6200999
438,487,0.6274454
438,488,0.6286987
438,489,0.5709764
438,490,0.5678743
438,491,0.747409
438,492,0.7037759
438,493,0.7050024
438,494,0.56090236
438,495,0.71471655
438,496,0.6609989
438,497,0.68708056
438,498,0.5732033
438,499,0.70690954
438,500,0.6383014
438,501,0.6802113
438,502,0.72985625
438,503,0.5641854
438,504,0.6149157
438,505,0.6753855
438,507,0.7248857
438,508,0.62798893
438,510,0.6966774
438,511,0.73435044
438,512,0.58140016
438,513,0.7330539
438,514,0.7443211
438,515,0.60631025
438,516,0.7198939
438,518,0.76046574
438,519,0.6306287
438,520,0.68321747
438,521,0.6136199
438,522,0.6391133
438,523,0.5896765
438,524,0.58250695
438,525,0.6768501
438,526,0.69922423
438,527,0.674402
438,528,0.7071659
438,529,0.7153825
438,530,0.6733681
438,531,0.5777005
438,532,0.6902125
438,533,0.68411165
438,534,0.6207372
438,535,0.63441193
438,536,0.58044493
438,537,0.7573142
438,538,0.71824604
438,539,0.66182363
438,540,0.66643906
438,541,0.6766246
438,542,0.6695676
438,543,0.6769391
438,544,0.5524137
438,545,0.8006208
438,546,0.72272193
438,547,0.58949506
438,548,0.5994664
438,549,0.70028925
438,550,0.6458848
438,551,0.70689934
438,552,0.66624343
438,553,0.68205714
438,554,0.707318
438,556,0.71190417
438,713,0.6043441
439,440,0.6759354
439,441,0.66506314
439,442,0.67348367
439,443,0.6486558
439,444,0.7067114
439,445,0.73638797
439,446,0.7372188
439,447,0.7723317
439,448,0.7397493
439,449,0.72478163
439,450,0.7211262
439,451,0.73057663
439,452,0.7142124
439,453,0.7632812
439,454,0.76338613
439,455,0.7953687
439,456,0.73713064
439,458,0.6232226
439,459,0.6437632
439,460,0.71447843
439,461,0.76113164
439,464,0.76354986
439,465,0.77324986
439,466,0.758837
439,467,0.80004466
439,468,0.6431427
439,469,0.6750586
439,470,0.7369468
439,471,0.73003364
439,472,0.65582585
439,473,0.7422286
439,474,0.7576208
439,475,0.6432861
439,476,0.6646306
439,477,0.66621196
439,478,0.78210104
439,480,0.7032348
439,481,0.5653976
439,482,0.5906776
439,483,0.711879
439,484,0.7097975
439,485,0.70439184
439,486,0.6416224
439,487,0.73294324
439,488,0.7355774
439,489,0.70368695
439,490,0.6415926
439,491,0.7441469
439,492,0.6946759
439,493,0.7460468
439,494,0.7741307
439,495,0.688714
439,496,0.7324259
439,497,0.70048505
439,498,0.59782314
439,499,0.6164534
439,500,0.6204667
439,501,0.7043635
439,502,0.6568314
439,503,0.6363733
439,504,0.573787
439,505,0.64399064
439,506,0.70359355
439,507,0.7877903
439,508,0.68703556
439,510,0.70533353
439,511,0.5808362
439,513,0.7444343
439,514,0.61201596
439,515,0.68621665
439,516,0.6139382
439,518,0.7786232
439,519,0.6888807
439,520,0.750165
439,521,0.6383773
439,522,0.5735544
439,523,0.60220575
439,524,0.7678994
439,525,0.69575655
439,526,0.75598663
439,527,0.74352396
439,528,0.70195305
439,529,0.75040555
439,530,0.72345436
439,531,0.5701333
439,532,0.7191067
439,533,0.7039254
439,534,0.61811507
439,535,0.6637255
439,536,0.6877027
439,537,0.7361082
439,538,0.6583231
439,539,0.7751188
439,540,0.6890495
439,541,0.7747712
439,542,0.7522378
439,543,0.6952901
439,544,0.70019186
439,545,0.79031324
439,546,0.7194761
439,547,0.6950743
439,548,0.6665762
439,549,0.71739817
439,550,0.61517966
439,551,0.7584977
439,552,0.65486145
439,553,0.7631349
439,554,0.7554766
439,555,0.68894637
439,556,0.7603983
439,713,0.60816604
440,441,0.63921964
440,442,0.7058002
440,443,0.60625505
440,444,0.5744903
440,445,0.6406325
440,446,0.65522933
440,447,0.65684307
440,448,0.67095596
440,450,0.61088884
440,451,0.5685228
440,452,0.5983571
440,453,0.67814636
440,454,0.713858
440,455,0.7360942
440,456,0.5894522
440,458,0.5579823
440,459,0.6188339
440,460,0.65158045
440,461,0.6859135
440,464,0.5884303
440,465,0.59796095
440,466,0.6864203
440,467,0.64795035
440,468,0.5783769
440,469,0.5684267
440,470,0.55024314
440,471,0.6726587
440,472,0.67134213
440,473,0.64756507
440,474,0.6239315
440,475,0.5656704
440,476,0.6655462
440,478,0.65544194
440,480,0.58155143
440,482,0.55122256
440,483,0.6480038
440,485,0.6813357
440,486,0.569478
440,487,0.643268
440,488,0.64968807
440,489,0.63555336
440,491,0.65727305
440,492,0.6186979
440,493,0.6293539
440,494,0.5962286
440,495,0.6543864
440,496,0.59748673
440,497,0.64037216
440,500,0.57300246
440,501,0.58753824
440,507,0.65760344
440,508,0.57337725
440,510,0.6249447
440,513,0.6259214
440,514,0.65905255
440,515,0.63349056
440,516,0.5752735
440,518,0.60958207
440,519,0.71465784
440,520,0.5862552
440,521,0.6181173
440,524,0.60540116
440,525,0.7432613
440,526,0.65703654
440,527,0.66883385
440,528,0.58244544
440,529,0.6044164
440,530,0.5577452
440,531,0.5942386
440,532,0.6504402
440,533,0.59568894
440,534,0.5910317
440,536,0.5528819
440,537,0.65436167
440,538,0.61934614
440,539,0.6952911
440,540,0.6447215
440,541,0.6220736
440,542,0.6340047
440,543,0.6052846
440,544,0.55853945
440,545,0.64137447
440,546,0.63253415
440,548,0.6201972
440,549,0.6178655
440,550,0.6361206
440,551,0.584296
440,552,0.5672349
440,553,0.6548115
440,554,0.5926562
440,555,0.56399614
440,556,0.7101898
440,713,0.5503011
441,442,0.62996495
441,444,0.58458614
441,445,0.66913533
441,446,0.6519605
441,447,0.67051864
441,448,0.66518974
441,449,0.6765379
441,450,0.60522485
441,451,0.6484721
441,452,0.6065527
441,453,0.72065425
441,454,0.76277745
441,455,0.7112261
441,456,0.6332859
441,459,0.6174595
441,460,0.65658164
441,461,0.73883605
441,464,0.6093105
441,465,0.6841667
441,466,0.6870965
441,467,0.63204074
441,468,0.5873163
441,469,0.62472135
441,470,0.6103975
441,471,0.6298256
441,472,0.68191504
441,473,0.6364014
441,474,0.7141249
441,476,0.65880346
441,477,0.66369295
441,478,0.7048422
441,480,0.5873435
441,482,0.57230556
441,483,0.5824157
441,485,0.72096187
441,486,0.6058866
441,487,0.64576113
441,488,0.62012076
441,489,0.5642235
441,491,0.66178304
441,492,0.63386035
441,493,0.6322696
441,495,0.74637926
441,496,0.7046578
441,497,0.6644912
441,501,0.6173927
441,502,0.62265766
441,505,0.55422634
441,506,0.56490475
441,507,0.6897689
441,513,0.6669134
441,514,0.62038714
441,515,0.6499971
441,516,0.63063234
441,518,0.6732524
441,519,0.64852244
441,520,0.570413
441,521,0.70604926
441,522,0.62514687
441,523,0.61997354
441,524,0.5757834
441,525,0.6819964
441,526,0.5988087
441,527,0.7122982
441,528,0.6804394
441,529,0.5884391
441,530,0.63598245
441,531,0.61689603
441,532,0.69123614
441,533,0.6228456
441,534,0.6554021
441,535,0.6374336
441,537,0.66167665
441,538,0.6395579
441,539,0.67031795
441,540,0.62934756
441,541,0.66016436
441,542,0.57857656
441,543,0.6518985
441,544,0.56514305
441,545,0.6367328
441,546,0.6599901
441,547,0.57044506
441,548,0.6513273
441,549,0.61353785
441,550,0.6214596
441,551,0.61965823
441,552,0.7007961
441,553,0.6550689
441,554,0.6169736
441,555,0.5838075
441,556,0.65860695
441,713,0.5769515
442,443,0.609472
442,444,0.7000911
442,445,0.63462454
442,446,0.69438124
442,447,0.7008847
442,448,0.6501817
442,449,0.683131
442,450,0.56341875
442,451,0.70947134
442,452,0.67579067
442,453,0.71950436
442,454,0.7565497
442,455,0.7160286
442,456,0.7435503
442,458,0.6100806
442,459,0.64316314
442,460,0.6200442
442,461,0.6556469
442,462,0.59710187
442,463,0.5520748
442,464,0.6473551
442,465,0.657784
442,466,0.6704974
442,467,0.66408134
442,468,0.5690378
442,469,0.56566817
442,470,0.6037179
442,471,0.68085974
442,472,0.65622926
442,473,0.7222378
442,474,0.66837007
442,475,0.62664336
442,476,0.6198809
442,477,0.5931985
442,478,0.6313945
442,480,0.66946816
442,482,0.59837246
442,483,0.6061921
442,484,0.6204673
442,485,0.71534956
442,486,0.6363231
442,487,0.74903715
442,488,0.69567823
442,489,0.60315293
442,490,0.56331515
442,491,0.6954878
442,492,0.5993314
442,493,0.7295745
442,494,0.6385838
442,495,0.6692213
442,496,0.67719537
442,497,0.6285267
442,501,0.6157514
442,502,0.6089642
442,506,0.5887755
442,507,0.69916904
442,508,0.6364286
442,513,0.674713
442,514,0.58239543
442,515,0.68607163
442,516,0.5567442
442,518,0.698671
442,519,0.8597542
442,520,0.6219932
442,521,0.6648025
442,523,0.59102327
442,524,0.6707177
442,525,0.6180302
442,526,0.6339385
442,527,0.724274
442,528,0.70638835
442,529,0.640607
442,530,0.65388227
442,532,0.6742617
442,533,0.632905
442,534,0.6178311
442,535,0.67239285
442,536,0.6671793
442,537,0.70482886
442,538,0.6171901
442,539,0.72457707
442,540,0.68304396
442,541,0.6659155
442,542,0.67501354
442,543,0.5857918
442,544,0.64090437
442,545,0.6140857
442,546,0.6551237
442,547,0.5890404
442,548,0.7443942
442,549,0.6203135
442,550,0.61724746
442,551,0.663403
442,552,0.62767655
442,553,0.61808395
442,554,0.6546446
442,555,0.59825534
442,556,0.6727295
442,713,0.612108
443,444,0.5881849
443,445,0.59598464
443,446,0.5772489
443,447,0.6200993
443,448,0.6325549
443,449,0.57228553
443,451,0.63237053
443,452,0.6660195
443,453,0.6307513
443,454,0.65486956
443,455,0.7449131
443,456,0.63346565
443,458,0.5520677
443,459,0.62726617
443,460,0.63930005
443,461,0.61940765
443,464,0.6421792
443,465,0.67574483
443,466,0.67625624
443,467,0.6088958
443,469,0.55591154
443,470,0.5778708
443,471,0.61913097
443,472,0.6080884
443,473,0.61131716
443,474,0.5994637
443,475,0.6182475
443,476,0.5628937
443,478,0.62447906
443,480,0.60762894
443,483,0.62064093
443,484,0.5735752
443,485,0.6262926
443,486,0.59976983
443,487,0.67196983
443,488,0.5963367
443,489,0.59034574
443,490,0.550748
443,491,0.6345508
443,492,0.57342875
443,493,0.6548102
443,494,0.614592
443,495,0.5732079
443,496,0.68973225
443,498,0.804224
443,499,0.57062227
443,500,0.55109996
443,501,0.5883499
443,502,0.57712936
443,507,0.5907563
443,511,0.55846906
443,513,0.58869374
443,514,0.6538124
443,515,0.66431785
443,518,0.66117096
443,520,0.64673513
443,521,0.5545125
443,522,0.56735116
443,524,0.58472717
443,526,0.6371553
443,527,0.6943264
443,528,0.60328865
443,529,0.61912525
443,530,0.57547367
443,531,0.6045203
443,532,0.59267163
443,534,0.6121055
443,535,0.60666406
443,536,0.5899836
443,537,0.64635533
443,538,0.58122236
443,539,0.70548415
443,540,0.614022
443,541,0.61527085
443,542,0.6379342
443,544,0.57549775
443,545,0.608317
443,546,0.5866838
443,547,0.60857964
443,548,0.60255927
443,549,0.6101302
443,550,0.5585779
443,551,0.58779085
443,552,0.6107583
443,553,0.5994594
443,554,0.6092495
443,555,0.61155427
443,556,0.6308083
444,445,0.6472374
444,446,0.6945449
444,447,0.6985217
444,448,0.60690296
444,449,0.7161221
444,450,0.61559415
444,451,0.6800366
444,452,0.6747546
444,453,0.684145
444,454,0.6837411
444,455,0.6987667
444,456,0.67221177
444,458,0.60790896
444,459,0.5533365
444,460,0.6025161
444,461,0.6237568
444,462,0.5553148
444,464,0.6819044
444,465,0.69327474
444,466,0.6259258
444,467,0.72021174
444,468,0.5764353
444,469,0.62045914
444,470,0.6723814
444,471,0.6540907
444,472,0.5600749
444,473,0.7069631
444,474,0.6704787
444,475,0.67714
444,476,0.592152
444,477,0.60501295
444,478,0.6398591
444,480,0.70827645
444,481,0.61397123
444,483,0.64861125
444,484,0.6757369
444,485,0.70666635
444,486,0.5937818
444,487,0.7071457
444,488,0.65789187
444,489,0.58334637
444,490,0.65591335
444,491,0.68053263
444,492,0.6280485
444,493,0.7279773
444,494,0.71726096
444,495,0.5815526
444,496,0.63930166
444,497,0.57383716
444,501,0.65804493
444,502,0.5865967
444,505,0.5571275
444,506,0.6339624
444,507,0.67876005
444,508,0.6087804
444,510,0.5505229
444,513,0.629496
444,515,0.5876514
444,518,0.70372146
444,519,0.7082355
444,520,0.67390764
444,521,0.5939229
444,523,0.5676586
444,524,0.73284876
444,525,0.566944
444,526,0.67551965
444,527,0.680953
444,528,0.6509764
444,529,0.68301356
444,530,0.63340986
444,532,0.61204016
444,533,0.6222999
444,534,0.5596107
444,535,0.6351294
444,536,0.705466
444,537,0.646525
444,538,0.6265693
444,539,0.7452538
444,540,0.6878498
444,541,0.6212717
444,542,0.6857431
444,543,0.60676014
444,544,0.67019546
444,545,0.64224344
444,546,0.62915605
444,547,0.6242988
444,548,0.6778184
444,549,0.6535026
444,550,0.59224415
444,551,0.6731962
444,552,0.57691014
444,553,0.5882921
444,554,0.6973587
444,555,0.6216272
444,556,0.65017325
445,446,0.7189535
445,447,0.66341776
445,448,0.75058484
445,449,0.7341386
445,450,0.64289135
445,451,0.69678295
445,452,0.6571933
445,453,0.77350783
445,454,0.78097093
445,455,0.7609681
445,456,0.735801
445,458,0.5866722
445,459,0.62154114
445,460,0.6355105
445,461,0.690058
445,463,0.560277
445,464,0.6271256
445,465,0.68521345
445,466,0.6945445
445,467,0.6654906
445,468,0.6806545
445,469,0.65126157
445,470,0.71346855
445,471,0.6474501
445,472,0.6481035
445,473,0.6518893
445,474,0.73441666
445,475,0.6728213
445,476,0.7764913
445,477,0.6784426
445,478,0.7121592
445,480,0.6189559
445,482,0.57684034
445,483,0.622749
445,484,0.5689159
445,485,0.66206884
445,486,0.6444696
445,487,0.6182865
445,488,0.68113494
445,489,0.6578714
445,490,0.611187
445,491,0.7526176
445,492,0.67723095
445,493,0.71999854
445,494,0.67098093
445,495,0.6870609
445,496,0.6276585
445,497,0.6754853
445,498,0.58109456
445,500,0.5706802
445,501,0.6567904
445,502,0.60171777
445,505,0.5818331
445,506,0.60957897
445,507,0.7250932
445,508,0.65156776
445,510,0.6103548
445,511,0.5537381
445,513,0.74001276
445,514,0.6236969
445,515,0.6937623
445,516,0.6425803
445,517,0.55201757
445,518,0.7263925
445,519,0.67112803
445,520,0.66847503
445,521,0.6381792
445,522,0.72380596
445,523,0.5886246
445,524,0.63430905
445,525,0.7015183
445,526,0.67102116
445,527,0.69574934
445,528,0.7073754
445,529,0.7216328
445,530,0.6723084
445,531,0.5945956
445,532,0.6592729
445,533,0.66263247
445,534,0.61142266
445,535,0.6939869
445,536,0.6144224
445,537,0.6520008
445,538,0.63218343
445,539,0.74398196
445,540,0.70435095
445,541,0.69728434
445,542,0.69653285
445,543,0.70588696
445,544,0.58193046
445,545,0.67409134
445,546,0.68641853
445,547,0.66416883
445,548,0.64921606
445,549,0.64977884
445,550,0.6105921
445,551,0.74273074
445,552,0.6467118
445,553,0.6907042
445,554,0.7703022
445,555,0.6510055
445,556,0.73819685
445,713,0.6128788
446,447,0.71449995
446,448,0.69263285
446,449,0.81912875
446,450,0.75985426
446,451,0.7419554
446,452,0.6940964
446,453,0.76704204
446,454,0.82290244
446,455,0.78073543
446,456,0.8108099
446,458,0.6259033
446,459,0.71754074
446,460,0.60019934
446,461,0.7168492
446,462,0.5982518
446,463,0.6870539
446,464,0.69012475
446,465,0.7298399
446,466,0.6334318
446,467,0.6582663
446,468,0.6142448
446,469,0.66494393
446,470,0.7128067
446,471,0.71387446
446,472,0.5864755
446,473,0.7824869
446,474,0.7660608
446,475,0.68439794
446,476,0.69220066
446,477,0.6201817
446,478,0.7174711
446,480,0.6846488
446,481,0.5552055
446,482,0.7092792
446,483,0.7209538
446,484,0.64048123
446,485,0.7258582
446,486,0.68137974
446,487,0.7293582
446,488,0.7584095
446,489,0.6450808
446,490,0.6846831
446,491,0.7631437
446,492,0.6833561
446,493,0.76480246
446,494,0.7403762
446,495,0.70346516
446,496,0.6881788
446,497,0.7144805
446,498,0.57724017
446,499,0.6089421
446,500,0.5646424
446,501,0.70828223
446,502,0.7076423
446,505,0.6188054
446,506,0.629395
446,507,0.7505491
446,508,0.6801388
446,509,0.5595365
446,510,0.67744994
446,512,0.6033354
446,513,0.7608967
446,514,0.6576859
446,515,0.641174
446,516,0.7579764
446,518,0.7558439
446,519,0.783014
446,520,0.6894496
446,521,0.7016862
446,523,0.7195964
446,524,0.7086431
446,525,0.70665586
446,526,0.69825107
446,527,0.68870056
446,528,0.81748116
446,529,0.70412236
446,530,0.7278389
446,531,0.6251881
446,532,0.69023377
446,533,0.7165395
446,534,0.6603041
446,535,0.762367
446,536,0.6826694
446,537,0.79433227
446,538,0.70629835
446,539,0.75371003
446,540,0.744823
446,541,0.71692204
446,542,0.74035203
446,543,0.7412579
446,544,0.6532552
446,545,0.7517216
446,546,0.7243329
446,547,0.7074242
446,548,0.772588
446,549,0.6623379
446,550,0.6293485
446,551,0.77434397
446,552,0.68870056
446,553,0.66710794
446,554,0.77141297
446,555,0.5770819
446,556,0.73436415
446,713,0.66809773
447,448,0.69030106
447,449,0.6971363
447,450,0.66684186
447,451,0.7445475
447,452,0.6972791
447,453,0.7107649
447,454,0.76412773
447,455,0.7658464
447,456,0.69590753
447,458,0.6398318
447,459,0.6961982
447,460,0.71737576
447,461,0.7237015
447,463,0.55457425
447,464,0.7489914
447,465,0.7529608
447,466,0.7334932
447,467,0.7495649
447,468,0.569672
447,469,0.6130893
447,470,0.6757815
447,471,0.7566929
447,472,0.6726854
447,473,0.7358085
447,474,0.729887
447,475,0.6621865
447,476,0.6452864
447,477,0.6446026
447,478,0.73340946
447,480,0.70923746
447,481,0.5645554
447,482,0.6271033
447,483,0.7165408
447,484,0.6957917
447,485,0.71932477
447,486,0.7198364
447,487,0.7904647
447,488,0.7497533
447,489,0.67685366
447,490,0.6382632
447,491,0.70559925
447,492,0.65857697
447,493,0.72674286
447,494,0.71221125
447,495,0.68337286
447,496,0.74154484
447,497,0.69072354
447,499,0.5500934
447,500,0.58183396
447,501,0.7251822
447,502,0.6435292
447,505,0.57062787
447,506,0.66168815
447,507,0.78596866
447,508,0.65114975
447,510,0.62525284
447,513,0.7255159
447,514,0.62164915
447,515,0.6941812
447,518,0.7751657
447,519,0.6580386
447,520,0.66820794
447,521,0.7013675
447,523,0.6395977
447,524,0.71390134
447,525,0.661821
447,526,0.71206033
447,527,0.7331251
447,528,0.6842813
447,529,0.6855687
447,530,0.6951934
447,531,0.61944824
447,532,0.714949
447,533,0.67905605
447,534,0.6621047
447,535,0.70965326
447,536,0.65430087
447,537,0.7015754
447,538,0.6565244
447,539,0.7839738
447,540,0.73437864
447,541,0.7479634
447,542,0.6927014
447,543,0.6179718
447,544,0.6997821
447,545,0.6796118
447,546,0.6850163
447,547,0.6111767
447,548,0.6748493
447,549,0.7083845
447,550,0.69548744
447,551,0.6845635
447,552,0.6514596
447,553,0.71381736
447,554,0.69177747
447,555,0.6544465
447,556,0.71718323
447,713,0.6134096
448,449,0.69081336
448,450,0.65820515
448,451,0.6386198
448,452,0.643898
448,453,0.71531
448,454,0.75669706
448,455,0.726009
448,456,0.7018093
448,459,0.61561775
448,460,0.59368134
448,461,0.69904363
448,463,0.5612751
448,464,0.66608363
448,465,0.6854299
448,466,0.79040337
448,467,0.68259895
448,468,0.6291863
448,469,0.66590846
448,470,0.75854516
448,471,0.6440786
448,472,0.6960983
448,473,0.62426484
448,474,0.75716734
448,475,0.5925915
448,476,0.6438425
448,477,0.6822307
448,478,0.7318199
448,480,0.5505851
448,482,0.6269773
448,483,0.66960347
448,484,0.55533135
448,485,0.6154164
448,486,0.5939876
448,487,0.6661726
448,488,0.67761797
448,489,0.6567284
448,490,0.57072973
448,491,0.6947659
448,492,0.63711977
448,493,0.69207305
448,494,0.72224575
448,495,0.6835573
448,496,0.68292224
448,497,0.6653551
448,498,0.62636065
448,501,0.6245792
448,502,0.62835014
448,506,0.5548316
448,507,0.7195236
448,508,0.6447353
448,510,0.5618701
448,513,0.6501725
448,514,0.631547
448,515,0.6658224
448,516,0.61840296
448,518,0.6791606
448,519,0.6595448
448,520,0.6380329
448,521,0.60412914
448,522,0.5542489
448,523,0.56495035
448,524,0.6227411
448,525,0.6752187
448,526,0.7016933
448,527,0.72343093
448,528,0.6385502
448,529,0.70443016
448,530,0.72831666
448,531,0.5781374
448,532,0.66150314
448,533,0.6871077
448,534,0.6338316
448,535,0.66235185
448,536,0.6182567
448,537,0.69538546
448,538,0.582795
448,539,0.7527561
448,540,0.69500566
448,541,0.6771203
448,542,0.6285818
448,543,0.6802007
448,545,0.61020595
448,546,0.7136036
448,547,0.6697671
448,548,0.6583013
448,549,0.62028843
448,550,0.5828775
448,551,0.74845815
448,552,0.6603446
448,553,0.6768084
448,554,0.6909126
448,555,0.59603816
448,556,0.80820346
448,713,0.6443585
448,2921,0.58853745
449,450,0.70700526
449,451,0.80570376
449,452,0.7119982
449,453,0.77546185
449,454,0.7672115
449,455,0.7423558
449,456,0.8045185
449,458,0.6214698
449,459,0.6265875
449,460,0.57877994
449,461,0.6567551
449,462,0.5663898
449,463,0.6832821
449,464,0.6575493
449,465,0.74320364
449,466,0.6462645
449,467,0.6669545
449,468,0.7042536
449,469,0.7204282
449,470,0.7185298
449,471,0.65953606
449,472,0.5650188
449,473,0.7387121
449,474,0.7837372
449,475,0.6781367
449,476,0.6675569
449,477,0.69142747
449,478,0.7013955
449,480,0.63507277
449,481,0.5972061
449,482,0.6348089
449,483,0.6338677
449,484,0.5980208
449,485,0.6907811
449,486,0.7071936
449,487,0.67812586
449,488,0.73457026
449,489,0.59484184
449,490,0.67240214
449,491,0.7727072
449,492,0.67958933
449,493,0.7617786
449,494,0.6860044
449,495,0.696752
449,496,0.679237
449,497,0.6936319
449,498,0.598171
449,499,0.561501
449,501,0.7248821
449,502,0.7236916
449,505,0.6387435
449,506,0.7017747
449,507,0.75840604
449,508,0.7079884
449,509,0.55146194
449,510,0.62399906
449,512,0.57540894
449,513,0.76692355
449,514,0.6155602
449,515,0.65601027
449,516,0.7330084
449,517,0.5764669
449,518,0.8116156
449,519,0.7420436
449,520,0.6588409
449,521,0.7140075
449,522,0.5734979
449,523,0.6935109
449,524,0.6599519
449,525,0.67671025
449,526,0.69995224
449,527,0.68393594
449,528,0.76004446
449,529,0.7149017
449,530,0.7711689
449,531,0.6025735
449,532,0.6808366
449,533,0.70958114
449,534,0.64397335
449,535,0.8205606
449,536,0.7287178
449,537,0.7337116
449,538,0.69088644
449,539,0.72637796
449,540,0.72118306
449,541,0.7496656
449,542,0.72052383
449,543,0.73561156
449,544,0.5821601
449,545,0.70156443
449,546,0.69181836
449,547,0.7098489
449,548,0.71852404
449,549,0.6724941
449,550,0.6702826
449,551,0.8109987
449,552,0.6797763
449,553,0.6698053
449,554,0.77851045
449,555,0.61603063
449,556,0.7027091
449,713,0.66580284
449,2500,0.5555428
450,451,0.63186324
450,452,0.6561915
450,453,0.6370348
450,454,0.65769196
450,455,0.69935125
450,456,0.6708193
450,459,0.6232481
450,461,0.65024364
450,463,0.5976243
450,464,0.6138973
450,465,0.5982867
450,466,0.61331743
450,467,0.60899675
450,468,0.6403946
450,469,0.61702543
450,470,0.65712357
450,471,0.7022488
450,472,0.59012115
450,473,0.6890234
450,474,0.66798085
450,475,0.64475363
450,476,0.67726475
450,477,0.61737573
450,478,0.65766263
450,480,0.5969595
450,482,0.6145857
450,483,0.69145745
450,484,0.6498065
450,485,0.63603437
450,486,0.574223
450,487,0.65619916
450,488,0.6482921
450,489,0.65940344
450,490,0.5787126
450,491,0.6988224
450,492,0.5763649
450,493,0.72529334
450,494,0.726452
450,495,0.63025403
450,496,0.6148498
450,497,0.6650586
450,500,0.5589269
450,501,0.63172364
450,502,0.5778532
450,505,0.5707548
450,506,0.6183615
450,507,0.69195175
450,510,0.6825342
450,513,0.6434735
450,514,0.58146256
450,515,0.5822897
450,516,0.63869
450,518,0.64303195
450,519,0.6625509
450,520,0.5915262
450,521,0.6703185
450,523,0.55870485
450,524,0.6654202
450,525,0.69588876
450,526,0.6371987
450,527,0.5887488
450,528,0.66088927
450,529,0.61795795
450,530,0.67930865
450,531,0.5727496
450,532,0.57602954
450,533,0.61736596
450,534,0.5787463
450,535,0.70926297
450,536,0.6151305
450,537,0.69405746
450,538,0.57228804
450,539,0.6620834
450,540,0.64515656
450,541,0.6715393
450,542,0.653705
450,543,0.70680535
450,544,0.58422565
450,545,0.66114545
450,546,0.65688753
450,547,0.64087707
450,548,0.68407094
450,549,0.57956016
450,550,0.5708315
450,551,0.6433661
450,552,0.5836257
450,553,0.6707971
450,554,0.7096789
450,555,0.5957142
450,556,0.65449834
450,713,0.5553788
450,2154,0.5511478
450,3281,0.5830962
451,452,0.7393051
451,453,0.76661444
451,454,0.7468723
451,455,0.78157526
451,456,0.8209261
451,458,0.6940906
451,459,0.7003232
451,460,0.6638309
451,461,0.69731224
451,462,0.5736258
451,463,0.6643779
451,464,0.7049179
451,465,0.7623755
451,466,0.69911414
451,467,0.65091944
451,468,0.66595995
451,469,0.6931652
451,470,0.68179035
451,471,0.66458714
451,472,0.61408913
451,473,0.73584425
451,474,0.7944508
451,475,0.68072605
451,476,0.65956414
451,477,0.6800661
451,478,0.68049073
451,480,0.65379864
451,481,0.5933471
451,482,0.64671683
451,483,0.60082674
451,484,0.64840984
451,485,0.73046094
451,486,0.81242007
451,487,0.72641563
451,488,0.7514892
451,489,0.6576923
451,490,0.64840716
451,491,0.75018394
451,492,0.722897
451,493,0.791141
451,494,0.6481888
451,495,0.6767869
451,496,0.689712
451,497,0.66916037
451,498,0.60783225
451,499,0.65475667
451,500,0.65195954
451,501,0.76914775
451,502,0.75189304
451,503,0.5603771
451,505,0.65303123
451,506,0.6960305
451,507,0.75266147
451,508,0.68856204
451,509,0.579128
451,510,0.66385263
451,511,0.6117959
451,512,0.65144056
451,513,0.80803156
451,514,0.6436249
451,515,0.712197
451,516,0.67865777
451,517,0.604503
451,518,0.9737176
451,519,0.68769276
451,520,0.70420027
451,521,0.8072122
451,522,0.61418474
451,523,0.6952423
451,524,0.6731087
451,525,0.6633906
451,526,0.6935028
451,527,0.7066982
451,528,0.7598461
451,529,0.7417503
451,530,0.7136017
451,531,0.6196158
451,532,0.73930013
451,533,0.7091011
451,534,0.637237
451,535,0.81356287
451,536,0.6925859
451,537,0.7086929
451,538,0.71562123
451,539,0.7264384
451,540,0.77410233
451,541,0.80556166
451,542,0.773058
451,543,0.6343735
451,544,0.62022275
451,545,0.7481023
451,546,0.6969415
451,547,0.6746786
451,548,0.69703066
451,549,0.73390317
451,550,0.7159915
451,551,0.78535146
451,552,0.71839195
451,553,0.73101634
451,554,0.7586427
451,555,0.6555755
451,556,0.7003604
451,713,0.59501874
452,453,0.6881406
452,454,0.69219446
452,455,0.778914
452,456,0.73770654
452,458,0.6980933
452,459,0.7575325
452,460,0.6048387
452,461,0.6500678
452,463,0.5612228
452,464,0.6166811
452,465,0.6858134
452,466,0.6303003
452,467,0.69381636
452,468,0.65597236
452,469,0.6043179
452,470,0.7115737
452,471,0.70668924
452,472,0.6301932
452,473,0.72272885
452,474,0.6529914
452,475,0.70362663
452,476,0.67022336
452,477,0.6642761
452,478,0.6699726
452,480,0.66971695
452,481,0.6798418
452,482,0.56984353
452,483,0.6980543
452,484,0.65042555
452,485,0.68641734
452,486,0.6217889
452,487,0.7490928
452,488,0.7150373
452,489,0.6085667
452,490,0.55136395
452,491,0.69654274
452,492,0.6343672
452,493,0.88398916
452,494,0.70652676
452,495,0.63035214
452,496,0.693952
452,497,0.58382976
452,498,0.5926429
452,499,0.5974171
452,500,0.62325037
452,501,0.6184184
452,502,0.65421724
452,503,0.65062785
452,505,0.6885178
452,506,0.6953337
452,507,0.66772366
452,508,0.6248355
452,510,0.62418985
452,511,0.5579154
452,513,0.600942
452,514,0.62183124
452,515,0.7037615
452,516,0.5604893
452,518,0.73608243
452,519,0.6211331
452,520,0.7024926
452,521,0.6442069
452,522,0.58589166
452,523,0.551381
452,524,0.6952636
452,525,0.567978
452,526,0.7342638
452,527,0.76937157
452,528,0.6919309
452,529,0.7520653
452,530,0.68289113
452,531,0.57231987
452,532,0.6048771
452,533,0.64651847
452,534,0.6185375
452,535,0.65450966
452,536,0.6981348
452,537,0.7667558
452,538,0.61841965
452,539,0.7449578
452,540,0.6725285
452,541,0.6824842
452,542,0.74066556
452,543,0.6266287
452,544,0.6425248
452,545,0.6827762
452,546,0.64337337
452,547,0.7005204
452,548,0.70260334
452,549,0.715719
452,550,0.6384729
452,551,0.70426095
452,552,0.6786592
452,553,0.6851704
452,554,0.7852156
452,555,0.65157795
452,556,0.64779997
453,454,0.8239192
453,455,0.82400334
453,456,0.8107145
453,458,0.6597686
453,459,0.6334225
453,460,0.66082513
453,461,0.79540384
453,462,0.5690556
453,463,0.65148604
453,464,0.67633647
453,465,0.75366366
453,466,0.72025186
453,467,0.69129586
453,468,0.67161405
453,469,0.68119776
453,470,0.74023247
453,471,0.731336
453,472,0.6359083
453,473,0.7591131
453,474,0.8005228
453,475,0.642852
453,476,0.71767867
453,477,0.6480551
453,478,0.75338244
453,480,0.6819706
453,481,0.55324376
453,482,0.659709
453,483,0.7014414
453,484,0.6252017
453,485,0.76013404
453,486,0.68572664
453,487,0.6953128
453,488,0.73861396
453,489,0.67394257
453,490,0.65412927
453,491,0.81656814
453,492,0.7786023
453,493,0.7675253
453,494,0.666635
453,495,0.695297
453,496,0.6747621
453,497,0.7767664
453,498,0.604252
453,499,0.59601414
453,500,0.6349907
453,501,0.65501845
453,502,0.76880157
453,505,0.66271245
453,506,0.5866076
453,507,0.7949655
453,508,0.6987969
453,510,0.64685464
453,511,0.6303761
453,512,0.55833733
453,513,0.771286
453,514,0.67832696
453,515,0.6742475
453,516,0.69371384
453,517,0.6170049
453,518,0.799468
453,519,0.7459193
453,520,0.6905017
453,521,0.68066645
453,522,0.6829115
453,523,0.66258335
453,524,0.72250193
453,525,0.7567583
453,526,0.7230892
453,527,0.7517736
453,528,0.7537617
453,529,0.7501991
453,530,0.7451804
453,531,0.65866953
453,532,0.8210732
453,533,0.704108
453,534,0.6677456
453,535,0.7496011
453,536,0.6735523
453,537,0.7508272
453,538,0.76265347
453,539,0.73492134
453,540,0.69066334
453,541,0.75351655
453,542,0.74557745
453,543,0.72302437
453,544,0.6234433
453,545,0.78689706
453,546,0.768847
453,547,0.662186
453,548,0.7145053
453,549,0.73200756
453,550,0.6792606
453,551,0.8035151
453,552,0.72565705
453,553,0.6814652
453,554,0.8061433
453,555,0.60194594
453,556,0.79143167
453,713,0.64897513
454,455,0.8325304
454,456,0.7853124
454,458,0.62123966
454,459,0.6920574
454,460,0.73064613
454,461,0.7916742
454,462,0.58362806
454,463,0.65103316
454,464,0.7091706
454,465,0.7477032
454,466,0.771168
454,467,0.69541204
454,468,0.66195685
454,469,0.6688528
454,470,0.6935209
454,471,0.7033806
454,472,0.6848606
454,473,0.7224306
454,474,0.7872771
454,475,0.652261
454,476,0.7131283
454,477,0.6466648
454,478,0.7841586
454,480,0.69831806
454,482,0.6905185
454,483,0.678675
454,484,0.6243328
454,485,0.76366645
454,486,0.7352286
454,487,0.7481766
454,488,0.70687973
454,489,0.6584851
454,490,0.6475588
454,491,0.7537521
454,492,0.7028562
454,493,0.7439606
454,494,0.67161727
454,495,0.7986547
454,496,0.7575164
454,497,0.7136911
454,498,0.6127375
454,499,0.57640743
454,500,0.58129275
454,501,0.7201327
454,502,0.70618606
454,505,0.62821364
454,506,0.6339185
454,507,0.7714243
454,508,0.6797934
454,510,0.632511
454,511,0.5991323
454,513,0.78851783
454,514,0.7048216
454,515,0.72791874
454,516,0.69879305
454,518,0.77955914
454,519,0.7218208
454,520,0.6803248
454,521,0.70950246
454,522,0.6461022
454,523,0.6435772
454,524,0.67774475
454,525,0.7106832
454,526,0.710636
454,527,0.80455065
454,528,0.7684804
454,529,0.705837
454,530,0.7490635
454,531,0.64140517
454,532,0.7572888
454,533,0.69889784
454,534,0.7131807
454,535,0.7323225
454,536,0.65169
454,537,0.7793158
454,538,0.732255
454,539,0.8056636
454,540,0.7676682
454,541,0.7227298
454,542,0.70527005
454,543,0.70082015
454,544,0.6607006
454,545,0.7487405
454,546,0.7339832
454,547,0.64333785
454,548,0.7781892
454,549,0.67966604
454,550,0.6676823
454,551,0.76525956
454,552,0.7198915
454,553,0.6949035
454,554,0.72459126
454,555,0.66116464
454,556,0.757496
454,713,0.69510597
455,456,0.79203326
455,458,0.6694237
455,459,0.7408797
455,460,0.73427457
455,461,0.7972574
455,462,0.5541804
455,463,0.5949747
455,464,0.7080581
455,465,0.802318
455,466,0.7660314
455,467,0.7241269
455,468,0.6987844
455,469,0.6519356
455,470,0.7205761
455,471,0.76249003
455,472,0.6922842
455,473,0.7696557
455,474,0.7466326
455,475,0.68486536
455,476,0.75358474
455,477,0.6553495
455,478,0.7824936
455,480,0.72158796
455,481,0.5844394
455,482,0.6244465
455,483,0.7655944
455,484,0.69716185
455,485,0.7768426
455,486,0.69369245
455,487,0.7627792
455,488,0.7330555
455,489,0.68756855
455,490,0.63490987
455,491,0.8108746
455,492,0.7412821
455,493,0.80838853
455,494,0.69063926
455,495,0.7199605
455,496,0.7495866
455,497,0.6964576
455,498,0.6330076
455,499,0.7356061
455,500,0.6945168
455,501,0.6999235
455,502,0.72809136
455,503,0.66372716
455,504,0.7195244
455,505,0.7303103
455,506,0.65482044
455,507,0.78942657
455,508,0.6445874
455,510,0.75194854
455,511,0.7237556
455,512,0.59345996
455,513,0.74286443
455,514,0.7652911
455,515,0.7454927
455,516,0.6668923
455,518,0.81315404
455,519,0.69286823
455,520,0.76442504
455,521,0.6699647
455,522,0.71618277
455,523,0.6293758
455,524,0.7211051
455,525,0.72221893
455,526,0.7596859
455,527,0.78280437
455,528,0.78464586
455,529,0.7968309
455,530,0.7175307
455,531,0.68679976
455,532,0.7598257
455,533,0.69741464
455,534,0.6760069
455,535,0.68640697
455,536,0.67292047
455,537,0.8110907
455,538,0.7556426
455,539,0.7905588
455,540,0.7782918
455,541,0.7433568
455,542,0.79317445
455,543,0.69289804
455,544,0.6951741
455,545,0.8392651
455,546,0.73538196
455,547,0.6938591
455,548,0.7082247
455,549,0.73157907
455,550,0.6781097
455,551,0.7630419
455,552,0.68973494
455,553,0.7471013
455,554,0.79331976
455,555,0.7068778
455,556,0.7398332
455,713,0.6307988
456,458,0.69383234
456,459,0.6721277
456,460,0.5569664
456,461,0.7015803
456,462,0.58642924
456,463,0.7144164
456,464,0.67166615
456,465,0.7021174
456,466,0.6627947
456,467,0.6306684
456,468,0.6737052
456,469,0.6661767
456,470,0.7276392
456,471,0.7016523
456,472,0.6080489
456,473,0.7910667
456,474,0.75325066
456,475,0.6746433
456,476,0.67277384
456,477,0.66695607
456,478,0.6525863
456,480,0.6378085
456,481,0.59980935
456,482,0.6724007
456,483,0.6148231
456,484,0.6039043
456,485,0.6996844
456,486,0.6949806
456,487,0.7118497
456,488,0.76517767
456,489,0.6345575
456,490,0.63162327
456,491,0.76040894
456,492,0.6911747
456,493,0.81319904
456,494,0.6718982
456,495,0.6280427
456,496,0.6500977
456,497,0.72645545
456,498,0.60561365
456,499,0.6258155
456,500,0.60831225
456,501,0.68410933
456,502,0.70892507
456,505,0.65031946
456,506,0.6505006
456,507,0.76200366
456,508,0.7251867
456,510,0.6460855
456,511,0.58695877
456,512,0.6531363
456,513,0.76221657
456,514,0.64012027
456,515,0.68651915
456,516,0.73613894
456,518,0.81047773
456,519,0.7608824
456,520,0.70320034
456,521,0.7404984
456,522,0.6053748
456,523,0.7006107
456,524,0.6550257
456,525,0.6989175
456,526,0.6837313
456,527,0.7121809
456,528,0.83288753
456,529,0.7391366
456,530,0.7354026
456,531,0.6018482
456,532,0.74283814
456,533,0.7016605
456,534,0.62975883
456,535,0.78105694
456,536,0.6840421
456,537,0.794274
456,538,0.67002666
456,539,0.70364565
456,540,0.75119543
456,541,0.74955976
456,542,0.7653185
456,543,0.71196306
456,544,0.58940196
456,545,0.7592091
456,546,0.74865663
456,547,0.71211946
456,548,0.7482265
456,549,0.70718825
456,550,0.6520344
456,551,0.80848026
456,552,0.7398282
456,553,0.70116204
456,554,0.79188764
456,555,0.5931459
456,556,0.76154304
456,713,0.6122864
458,459,0.6340256
458,461,0.57879674
458,464,0.5639205
458,465,0.59079534
458,467,0.61167324
458,468,0.56205595
458,471,0.6644479
458,472,0.567683
458,473,0.67388856
458,474,0.5780843
458,475,0.6142885
458,476,0.55409336
458,477,0.5782052
458,478,0.5657259
458,480,0.6230283
458,483,0.589352
458,484,0.59056306
458,485,0.64439404
458,486,0.5598161
458,487,0.61832005
458,488,0.65238774
458,491,0.6317489
458,492,0.55805016
458,493,0.7505144
458,494,0.6082101
458,496,0.57141167
458,497,0.604203
458,500,0.5719993
458,502,0.56746256
458,506,0.5510442
458,507,0.6404762
458,508,0.6041741
458,510,0.5947217
458,513,0.5886546
458,514,0.5525807
458,515,0.5583707
458,518,0.6853482
458,519,0.5673407
458,520,0.6248511
458,521,0.6307703
458,524,0.56538117
458,526,0.6294937
458,527,0.59452
458,528,0.6130439
458,529,0.6205696
458,530,0.56893885
458,532,0.58906776
458,533,0.58340967
458,535,0.58916736
458,536,0.62507474
458,537,0.6323874
458,538,0.5684806
458,539,0.64550173
458,540,0.65633416
458,541,0.6613177
458,542,0.6284104
458,543,0.5643604
458,544,0.6091111
458,545,0.6009394
458,546,0.58644885
458,547,0.5814003
458,548,0.6293272
458,549,0.95525193
458,550,0.71569324
458,551,0.6206937
458,552,0.6303518
458,553,0.6105161
458,554,0.66273713
458,556,0.57589984
459,460,0.6084157
459,461,0.6679172
459,463,0.560997
459,464,0.6307359
459,465,0.59321815
459,466,0.6407844
459,467,0.6327646
459,470,0.58011913
459,471,0.67924535
459,472,0.59260184
459,473,0.6288623
459,474,0.59939325
459,475,0.70207417
459,476,0.6530416
459,477,0.5785048
459,478,0.63743675
459,480,0.65441895
459,482,0.6850643
459,483,0.67377895
459,484,0.6160383
459,485,0.63620305
459,486,0.6450118
459,487,0.6808303
459,488,0.62639785
459,491,0.612866
459,492,0.56317556
459,493,0.80210435
459,494,0.6359971
459,495,0.64898735
459,496,0.66210896
459,499,0.55665696
459,500,0.57702065
459,501,0.61832356
459,502,0.551057
459,503,0.5940144
459,505,0.6153643
459,506,0.625263
459,507,0.5736825
459,510,0.59532756
459,513,0.65882254
459,514,0.57042587
459,515,0.67317384
459,518,0.6961254
459,519,0.58025116
459,520,0.6165545
459,521,0.65398633
459,524,0.6153779
459,526,0.64680314
459,527,0.65033853
459,528,0.6494934
459,529,0.65330863
459,530,0.5835463
459,531,0.5576074
459,532,0.5743158
459,533,0.55297846
459,534,0.59074706
459,535,0.65582925
459,536,0.6150185
459,537,0.6785208
459,539,0.6900708
459,540,0.5988478
459,541,0.7084714
459,542,0.6915132
459,544,0.6039717
459,545,0.64158547
459,546,0.58341146
459,547,0.63349986
459,548,0.6671916
459,549,0.62274647
459,550,0.6545441
459,551,0.6229868
459,552,0.67303663
459,553,0.64781034
459,554,0.7052275
459,555,0.57513404
459,556,0.6028149
460,461,0.70759726
460,464,0.6819234
460,465,0.74091244
460,466,0.78056407
460,467,0.74475175
460,470,0.5940492
460,471,0.6017802
460,472,0.6471282
460,473,0.5872456
460,474,0.63689387
460,475,0.5597222
460,476,0.63053286
460,478,0.7402216
460,480,0.66849566
460,483,0.58897245
460,484,0.5786803
460,485,0.72007275
460,486,0.6601015
460,487,0.6905136
460,488,0.6412774
460,489,0.62080646
460,490,0.6328919
460,491,0.61160505
460,492,0.6580305
460,493,0.6061009
460,494,0.5905509
460,495,0.6768249
460,496,0.7645347
460,498,0.558007
460,501,0.65529454
460,502,0.6032543
460,505,0.5553161
460,506,0.55927944
460,507,0.67618394
460,513,0.63913536
460,514,0.6264802
460,515,0.72418416
460,518,0.7040895
460,520,0.5542655
460,521,0.5756803
460,522,0.6283418
460,523,0.5790267
460,524,0.6375221
460,525,0.5745938
460,526,0.65269935
460,527,0.76913774
460,528,0.6108649
460,529,0.5934726
460,530,0.58334494
460,531,0.585592
460,532,0.68382066
460,533,0.6120334
460,534,0.69080055
460,535,0.5844239
460,536,0.59157795
460,537,0.58778036
460,538,0.6681552
460,539,0.7309186
460,540,0.668118
460,541,0.61087275
460,542,0.66255003
460,544,0.6774752
460,545,0.6390656
460,546,0.5693837
460,548,0.60198164
460,549,0.58718526
460,550,0.60773027
460,551,0.6101192
460,552,0.5985355
460,553,0.6304859
460,554,0.60001636
460,555,0.7067689
460,556,0.6095596
461,463,0.5798428
461,464,0.72834235
461,465,0.7346802
461,466,0.7612767
461,467,0.7069167
461,468,0.6136972
461,469,0.61365974
461,470,0.6861206
461,471,0.69244003
461,472,0.65644825
461,473,0.67856085
461,474,0.76653063
461,475,0.5967299
461,476,0.6865803
461,477,0.61129844
461,478,0.79703134
461,480,0.6468564
461,482,0.6378783
461,483,0.679744
461,484,0.61739874
461,485,0.7048634
461,486,0.6590018
461,487,0.69850135
461,488,0.69093
461,489,0.706095
461,490,0.55782235
461,491,0.74826515
461,492,0.7396598
461,493,0.70835114
461,494,0.63464284
461,495,0.74403435
461,496,0.723951
461,497,0.6834314
461,498,0.57646906
461,501,0.67424095
461,502,0.7095971
461,505,0.58874226
461,506,0.59259105
461,507,0.74137926
461,508,0.6266445
461,510,0.60377586
461,511,0.5559969
461,513,0.69892865
461,514,0.6352072
461,515,0.6757976
461,516,0.6225328
461,518,0.72476304
461,519,0.65784335
461,520,0.63569653
461,521,0.65101707
461,522,0.60059804
461,523,0.6510257
461,524,0.6989341
461,525,0.71327925
461,526,0.7017472
461,527,0.7492769
461,528,0.6953242
461,529,0.641616
461,530,0.68710697
461,531,0.6583684
461,532,0.7735472
461,533,0.6931433
461,534,0.678224
461,535,0.67094374
461,536,0.5958571
461,537,0.71968603
461,538,0.6745888
461,539,0.68704176
461,540,0.65340996
461,541,0.7078652
461,542,0.70730793
461,543,0.66401374
461,544,0.63952225
461,545,0.6963934
461,546,0.83080924
461,547,0.60328275
461,548,0.6803316
461,549,0.6520053
461,550,0.64828783
461,551,0.7192395
461,552,0.7001884
461,553,0.7103697
461,554,0.6732486
461,555,0.6098308
461,556,0.73633456
461,713,0.6518459
462,473,0.60212076
462,474,0.59387136
462,487,0.6342664
462,488,0.615469
462,497,0.5662677
462,501,0.56987035
462,507,0.60428464
462,508,0.61885756
462,513,0.57223916
462,518,0.5666558
462,519,0.6569558
462,520,0.6082535
462,525,0.55696446
462,528,0.56805766
462,532,0.5837426
462,533,0.6072686
462,537,0.6712309
462,540,0.5549204
462,541,0.5576452
462,542,0.5776544
462,543,0.5679953
462,548,0.5622436
462,550,0.55562305
462,551,0.59171444
462,553,0.5661489
462,556,0.5695264
463,469,0.61718196
463,470,0.5667124
463,471,0.57465124
463,473,0.6180418
463,474,0.6030499
463,475,0.5612824
463,478,0.59888905
463,482,0.61917806
463,485,0.5572791
463,486,0.6203426
463,487,0.5702288
463,488,0.5869272
463,491,0.6040015
463,493,0.6456816
463,494,0.567417
463,495,0.6266744
463,497,0.56527925
463,501,0.5955068
463,502,0.6232363
463,505,0.5523247
463,507,0.57247895
463,508,0.6007825
463,513,0.684334
463,516,0.6729454
463,518,0.6516876
463,519,0.5992322
463,521,0.63599145
463,523,0.5808418
463,525,0.6089933
463,528,0.66659856
463,530,0.67216265
463,532,0.5766827
463,534,0.62284076
463,535,0.7357161
463,537,0.63974667
463,538,0.62041724
463,539,0.56560403
463,540,0.59336966
463,541,0.6193782
463,542,0.6089316
463,543,0.59540844
463,545,0.5832739
463,546,0.61522794
463,548,0.7084154
463,550,0.5733186
463,551,0.63605356
463,552,0.64805967
463,554,0.586848
463,556,0.5785897
464,465,0.7245108
464,466,0.76330274
464,467,0.76229894
464,469,0.5921068
464,470,0.65237164
464,471,0.6506672
464,472,0.58401334
464,473,0.66626996
464,474,0.7209249
464,475,0.58986807
464,476,0.57842517
464,477,0.5842847
464,478,0.7583401
464,480,0.67647284
464,482,0.59145105
464,483,0.59851396
464,484,0.638492
464,485,0.69013405
464,486,0.6693816
464,487,0.72830504
464,488,0.691082
464,489,0.6667672
464,490,0.6558682
464,491,0.6587782
464,492,0.6611097
464,493,0.6646867
464,494,0.7112397
464,495,0.69760126
464,496,0.74613786
464,497,0.5731636
464,501,0.66685176
464,502,0.6233922
464,506,0.60246074
464,507,0.6789957
464,508,0.636546
464,513,0.6609749
464,514,0.57439554
464,515,0.6382846
464,518,0.7400457
464,519,0.6211847
464,520,0.6242199
464,521,0.60480297
464,523,0.6112388
464,524,0.6808033
464,525,0.5920348
464,526,0.66703254
464,527,0.7161459
464,528,0.60296893
464,529,0.62414217
464,530,0.6459992
464,531,0.5677129
464,532,0.63946724
464,533,0.69920325
464,534,0.6447951
464,535,0.67997736
464,536,0.63150364
464,537,0.6388141
464,538,0.60112286
464,539,0.7057618
464,540,0.68143594
464,541,0.6778343
464,542,0.682457
464,544,0.6883219
464,545,0.6060808
464,546,0.6656397
464,547,0.6014078
464,548,0.6939287
464,549,0.64671713
464,550,0.6218846
464,551,0.654055
464,552,0.6187991
464,553,0.65030885
464,554,0.6236118
464,555,0.6395875
464,556,0.691195
464,713,0.59560156
465,466,0.7384075
465,467,0.7284679
465,468,0.5990945
465,469,0.6582233
465,470,0.7034228
465,471,0.6686576
465,472,0.66734385
465,473,0.7515351
465,474,0.7435504
465,475,0.6003478
465,476,0.6076175
465,477,0.70628655
465,478,0.75433534
465,480,0.6826409
465,481,0.6152015
465,482,0.5820383
465,483,0.67923117
465,484,0.6309459
465,485,0.749694
465,486,0.7273136
465,487,0.7199789
465,488,0.73916847
465,489,0.6680515
465,490,0.6967732
465,491,0.7587521
465,492,0.7361281
465,493,0.6768786
465,494,0.65282667
465,495,0.70966005
465,496,0.8432795
465,497,0.6234604
465,498,0.6565324
465,499,0.62419724
465,500,0.60212624
465,501,0.74894583
465,502,0.7701541
465,503,0.5567039
465,504,0.60197926
465,505,0.65413314
465,506,0.63041496
465,507,0.76124716
465,508,0.65169317
465,510,0.65733856
465,511,0.6539675
465,512,0.5642844
465,513,0.7086358
465,514,0.69016933
465,515,0.7101131
465,516,0.57031107
465,518,0.8037367
465,519,0.64392316
465,520,0.7080176
465,521,0.63601744
465,522,0.6609018
465,523,0.74740887
465,524,0.678655
465,525,0.66056347
465,526,0.7030781
465,527,0.74825734
465,528,0.7652788
465,529,0.73591363
465,530,0.7228769
465,531,0.67473924
465,532,0.7441959
465,533,0.7285048
465,534,0.6661689
465,535,0.70920473
465,536,0.6131893
465,537,0.7087078
465,538,0.6992475
465,539,0.76451397
465,540,0.7647952
465,541,0.6928701
465,542,0.73775476
465,543,0.6174223
465,544,0.70868516
465,545,0.7470731
465,546,0.74174005
465,547,0.63055694
465,548,0.62613153
465,549,0.7062234
465,550,0.6306475
465,551,0.77587014
465,552,0.66542685
465,553,0.70389485
465,554,0.70059395
465,555,0.7163494
465,556,0.7283609
465,713,0.62153953
466,467,0.75997597
466,468,0.581005
466,469,0.60914755
466,470,0.6528615
466,471,0.62313104
466,472,0.6701173
466,473,0.61294824
466,474,0.7281712
466,475,0.60133064
466,476,0.6657171
466,477,0.6317873
466,478,0.78225523
466,480,0.6709093
466,482,0.6416008
466,483,0.5591934
466,484,0.6208037
466,485,0.70853245
466,486,0.69497
466,487,0.72609687
466,488,0.6816655
466,489,0.7301066
466,490,0.63466865
466,491,0.6684886
466,492,0.6392396
466,493,0.6853006
466,494,0.7019315
466,495,0.75572145
466,496,0.78372526
466,497,0.56942147
466,498,0.60765207
466,501,0.6529528
466,502,0.65334654
466,506,0.6163368
466,507,0.66444147
466,508,0.6195339
466,513,0.68409
466,514,0.6325533
466,515,0.7170788
466,518,0.71785283
466,519,0.5986412
466,520,0.5829906
466,521,0.6259117
466,522,0.5789759
466,523,0.5893464
466,524,0.6561054
466,525,0.67746156
466,526,0.7066076
466,527,0.7797259
466,528,0.5958438
466,529,0.6347023
466,530,0.6750517
466,531,0.59435105
466,532,0.7029692
466,533,0.64044917
466,534,0.7261071
466,535,0.6555723
466,536,0.6237632
466,537,0.6295471
466,538,0.63108826
466,539,0.7396568
466,540,0.7135982
466,541,0.69515157
466,542,0.6841795
466,543,0.55118066
466,544,0.60940754
466,545,0.60776275
466,546,0.7040907
466,547,0.5731376
466,548,0.719856
466,549,0.6175418
466,550,0.63024414
466,551,0.69877714
466,552,0.66064864
466,553,0.66945857
466,554,0.6245866
466,555,0.7353958
466,556,0.7205479
466,713,0.59709644
467,468,0.56011087
467,469,0.59273183
467,470,0.64447767
467,471,0.6737927
467,472,0.65547466
467,473,0.696494
467,474,0.6491821
467,475,0.6164404
467,476,0.6240643
467,477,0.625502
467,478,0.78543204
467,480,0.69915223
467,481,0.59981084
467,482,0.5563561
467,483,0.6559388
467,484,0.67663825
467,485,0.7020183
467,486,0.6122073
467,487,0.7223613
467,488,0.704775
467,489,0.6466396
467,490,0.6184267
467,491,0.67188346
467,492,0.67262435
467,493,0.70182675
467,494,0.72457194
467,495,0.69298244
467,496,0.7585413
467,497,0.560374
467,501,0.6565726
467,502,0.6190719
467,503,0.55500495
467,506,0.6382222
467,507,0.67640984
467,508,0.61742914
467,513,0.64772356
467,514,0.60103494
467,515,0.70269394
467,518,0.69557154
467,519,0.61757505
467,520,0.6410538
467,521,0.5598335
467,523,0.57185006
467,524,0.7104207
467,525,0.58141553
467,526,0.7255254
467,527,0.7737711
467,528,0.6161868
467,529,0.6778089
467,530,0.6546479
467,531,0.5711585
467,532,0.67823887
467,533,0.63408935
467,534,0.6264878
467,535,0.613377
467,536,0.6686435
467,537,0.6557379
467,538,0.59909064
467,539,0.813766
467,540,0.6770297
467,541,0.6363936
467,542,0.71775603
467,543,0.5644808
467,544,0.753823
467,545,0.6629092
467,546,0.6562295
467,547,0.60486865
467,548,0.64844877
467,549,0.7035676
467,550,0.6201703
467,551,0.67218924
467,552,0.6416756
467,553,0.63400424
467,554,0.6498883
467,555,0.6896608
467,556,0.71940434
468,469,0.64552104
468,470,0.65341765
468,471,0.62001014
468,472,0.5634142
468,473,0.5935308
468,474,0.6786365
468,475,0.5978658
468,476,0.68157125
468,477,0.62213373
468,478,0.6328614
468,485,0.6173917
468,486,0.5907973
468,487,0.5563818
468,488,0.62313426
468,489,0.627234
468,491,0.7090918
468,492,0.58560085
468,493,0.6915686
468,494,0.59137416
468,495,0.5583395
468,496,0.5745938
468,497,0.6585852
468,500,0.5660212
468,501,0.580842
468,502,0.5983325
468,505,0.59877545
468,506,0.5569658
468,507,0.73109937
468,508,0.55394405
468,510,0.63925433
468,511,0.5959886
468,513,0.5898138
468,514,0.6190068
468,515,0.5941423
468,516,0.62529963
468,518,0.684646
468,519,0.5881623
468,520,0.5995076
468,521,0.6212232
468,522,0.5895382
468,523,0.5813897
468,524,0.55146277
468,525,0.6546585
468,526,0.62817025
468,527,0.61127627
468,528,0.63720965
468,529,0.65681356
468,530,0.6987117
468,532,0.5865457
468,533,0.6117284
468,535,0.6153387
468,536,0.57235575
468,537,0.61613715
468,538,0.59994537
468,539,0.60211134
468,540,0.68902457
468,541,0.60104877
468,542,0.61563504
468,543,0.6662521
468,545,0.6415293
468,546,0.60156536
468,547,0.63104725
468,548,0.5660938
468,549,0.61253655
468,550,0.58084387
468,551,0.6970067
468,552,0.5718008
468,553,0.6574973
468,554,0.6909038
468,555,0.58052397
468,556,0.6232637
469,470,0.6465435
469,471,0.6104311
469,472,0.5751577
469,473,0.6497597
469,474,0.70682824
469,475,0.55441606
469,476,0.5717937
469,477,0.6388052
469,478,0.6335851
469,480,0.5723702
469,482,0.5798315
469,483,0.5861615
469,484,0.55308676
469,485,0.65198743
469,486,0.5979675
469,487,0.62958795
469,488,0.6291958
469,489,0.5900576
469,490,0.5970285
469,491,0.6777408
469,492,0.61251724
469,493,0.6304804
469,494,0.6248883
469,495,0.6376171
469,496,0.59001887
469,497,0.6259496
469,498,0.6113596
469,499,0.5723593
469,500,0.56075364
469,501,0.6462823
469,502,0.6331662
469,505,0.60548836
469,507,0.661826
469,508,0.65399224
469,510,0.58019227
469,512,0.59703565
469,513,0.6643374
469,514,0.6029217
469,515,0.5841408
469,516,0.61814106
469,518,0.7126348
469,519,0.6520424
469,520,0.6454405
469,521,0.67435944
469,523,0.62470293
469,524,0.64908147
469,525,0.69593006
469,526,0.63417494
469,527,0.646557
469,528,0.6708492
469,529,0.62681484
469,530,0.7175563
469,531,0.6470062
469,532,0.64868706
469,533,0.61382043
469,534,0.6008917
469,535,0.6757485
469,536,0.62297815
469,537,0.6429987
469,538,0.66278064
469,539,0.6627706
469,540,0.64322436
469,541,0.61131096
469,542,0.6223959
469,543,0.6549283
469,545,0.6349525
469,546,0.630386
469,547,0.62635785
469,548,0.67216766
469,549,0.609295
469,550,0.56630206
469,551,0.6961806
469,552,0.6838568
469,553,0.62624705
469,554,0.6651477
469,556,0.699764
469,713,0.55253303
470,471,0.6562916
470,472,0.60011935
470,473,0.673729
470,474,0.7343913
470,475,0.59115446
470,476,0.63233876
470,477,0.6959182
470,478,0.7041391
470,480,0.6058898
470,482,0.629444
470,483,0.65400827
470,484,0.57380855
470,485,0.61615336
470,486,0.59070194
470,487,0.6822326
470,488,0.70569956
470,489,0.5932922
470,490,0.63143003
470,491,0.7042673
470,492,0.6351398
470,493,0.75090563
470,494,0.6922613
470,495,0.5688105
470,496,0.6350423
470,497,0.6446581
470,498,0.6244874
470,501,0.63623226
470,502,0.6352319
470,505,0.60322624
470,506,0.61514026
470,507,0.7285845
470,508,0.6332325
470,510,0.5629319
470,513,0.6437262
470,514,0.5717871
470,515,0.5860139
470,516,0.64099336
470,518,0.712683
470,519,0.62543225
470,520,0.63612276
470,521,0.59474343
470,522,0.557509
470,523,0.59120566
470,524,0.654359
470,525,0.60526204
470,526,0.66537464
470,527,0.69386184
470,528,0.68248796
470,529,0.7444781
470,530,0.7316474
470,531,0.57099235
470,532,0.66486114
470,533,0.6853845
470,534,0.60302025
470,535,0.70003474
470,536,0.62653553
470,537,0.70271087
470,538,0.6219133
470,539,0.7026112
470,540,0.6889396
470,541,0.6818025
470,542,0.6986046
470,543,0.7040714
470,544,0.5825005
470,545,0.6518206
470,546,0.6893934
470,547,0.7009107
470,548,0.65404105
470,549,0.61907816
470,550,0.5543182
470,551,0.7576568
470,552,0.6640244
470,553,0.6098584
470,554,0.7533835
470,555,0.60008276
470,556,0.74147856
470,713,0.5938772
471,472,0.59576285
471,473,0.7777226
471,474,0.6529868
471,475,0.7177439
471,476,0.6431841
471,477,0.614326
471,478,0.68034583
471,480,0.6764544
471,482,0.5759766
471,483,0.8008594
471,484,0.74265367
471,485,0.69821066
471,486,0.6183203
471,487,0.71156347
471,488,0.7273032
471,489,0.6202128
471,491,0.7235583
471,492,0.6539704
471,493,0.76500314
471,494,0.7206769
471,495,0.63968706
471,496,0.6670934
471,497,0.712327
471,499,0.6260756
471,500,0.6001154
471,501,0.6412524
471,502,0.6264049
471,503,0.57208335
471,505,0.64023304
471,506,0.5948657
471,507,0.7432333
471,508,0.63379645
471,510,0.667423
471,513,0.6557703
471,514,0.65216136
471,515,0.6363853
471,516,0.5791681
471,518,0.6854793
471,519,0.674891
471,520,0.66857934
471,521,0.65531623
471,523,0.58468926
471,524,0.74326897
471,525,0.6563777
471,526,0.7138893
471,527,0.6799803
471,528,0.70323855
471,529,0.7019943
471,530,0.6793119
471,531,0.61995715
471,532,0.6715191
471,533,0.5983254
471,534,0.60174036
471,535,0.682235
471,536,0.6886836
471,537,0.7171315
471,538,0.6537179
471,539,0.71023166
471,540,0.665272
471,541,0.6934609
471,542,0.7078453
471,543,0.6248989
471,544,0.6400547
471,545,0.6968571
471,546,0.7062242
471,547,0.593961
471,548,0.6599107
471,549,0.69021964
471,550,0.6191253
471,551,0.69168067
471,552,0.65776587
471,553,0.6659112
471,554,0.725206
471,555,0.57785386
471,556,0.7174128
471,713,0.61003363
472,473,0.593493
472,474,0.62844676
472,476,0.5982325
472,477,0.6332307
472,478,0.6810701
472,483,0.5822271
472,485,0.65928644
472,486,0.55513394
472,487,0.7140893
472,488,0.6565894
472,489,0.64061
472,491,0.63209724
472,492,0.60787874
472,493,0.61790586
472,494,0.576397
472,495,0.64600307
472,496,0.70194536
472,497,0.6533609
472,498,0.6067177
472,501,0.6512822
472,502,0.557606
472,507,0.6744222
472,508,0.5530299
472,513,0.566532
472,514,0.6518476
472,515,0.69460887
472,518,0.6453414
472,519,0.66344225
472,520,0.59799993
472,521,0.58643854
472,522,0.61694926
472,525,0.6303559
472,526,0.628616
472,527,0.72226477
472,528,0.6122047
472,529,0.6057262
472,530,0.5525873
472,531,0.58467853
472,532,0.64454657
472,533,0.70714533
472,534,0.5819417
472,537,0.7240125
472,538,0.56605875
472,539,0.7275944
472,540,0.6403588
472,541,0.5805007
472,542,0.61737597
472,543,0.59117067
472,544,0.63266814
472,545,0.5913303
472,546,0.64304984
472,547,0.5930728
472,548,0.5720155
472,549,0.6335211
472,550,0.6176718
472,551,0.61366653
472,552,0.61310196
472,553,0.76611745
472,554,0.60435015
472,555,0.5883689
472,556,0.69613004
473,474,0.68640745
473,475,0.6654936
473,476,0.6019628
473,477,0.63221294
473,478,0.6358216
473,480,0.70257723
473,481,0.60913444
473,482,0.6091194
473,483,0.72408295
473,484,0.72685486
473,485,0.78971934
473,486,0.6762711
473,487,0.7392083
473,488,0.7946776
473,489,0.64985853
473,490,0.6514045
473,491,0.76657903
473,492,0.7090017
473,493,0.75625384
473,494,0.7128495
473,495,0.6247643
473,496,0.6724656
473,497,0.70788634
473,498,0.575134
473,499,0.6744421
473,500,0.6334552
473,501,0.6772865
473,502,0.7186804
473,503,0.57552516
473,505,0.61596614
473,506,0.6459974
473,507,0.7621239
473,508,0.70317584
473,510,0.6908052
473,512,0.6738225
473,513,0.7129484
473,514,0.63847876
473,515,0.6349063
473,516,0.6496759
473,518,0.7477784
473,519,0.7706245
473,520,0.7091546
473,521,0.7369636
473,523,0.72668016
473,524,0.73925114
473,525,0.7382982
473,526,0.6589395
473,527,0.69588876
473,528,0.8108033
473,529,0.69567287
473,530,0.70536876
473,531,0.62663335
473,532,0.7494976
473,533,0.65329665
473,534,0.611005
473,535,0.70129025
473,536,0.69884133
473,537,0.78905284
473,538,0.72140723
473,539,0.7547852
473,540,0.729764
473,541,0.70850575
473,542,0.77330685
473,543,0.72865987
473,544,0.68090963
473,545,0.7631147
473,546,0.7453975
473,547,0.64673245
473,548,0.68781775
473,549,0.7088027
473,550,0.6338743
473,551,0.7296505
473,552,0.64456177
473,553,0.68505335
473,554,0.72076356
473,555,0.56640553
473,556,0.73081505
473,713,0.5955926
473,1290,0.58922386
473,2500,0.5869534
474,475,0.60139537
474,476,0.67539114
474,477,0.6523187
474,478,0.7506674
474,480,0.62772036
474,481,0.56384647
474,482,0.673167
474,483,0.61933005
474,484,0.60740054
474,485,0.720675
474,486,0.7309252
474,487,0.7185054
474,488,0.74343884
474,489,0.6729423
474,490,0.663023
474,491,0.7949869
474,492,0.73564065
474,493,0.7056119
474,494,0.65640974
474,495,0.7078468
474,496,0.7010025
474,497,0.74138284
474,498,0.61914253
474,501,0.72590697
474,502,0.74163425
474,505,0.5900253
474,506,0.6495019
474,507,0.8145107
474,508,0.7130378
474,509,0.5869924
474,510,0.60470724
474,511,0.5602559
474,512,0.55448544
474,513,0.7597145
474,514,0.6433803
474,515,0.6613939
474,516,0.6822742
474,517,0.6751937
474,518,0.82285076
474,519,0.719422
474,520,0.7026309
474,521,0.7266573
474,522,0.56744707
474,523,0.6920747
474,524,0.6739907
474,525,0.7289054
474,526,0.69859576
474,527,0.74144286
474,528,0.726576
474,529,0.69961214
474,530,0.76127005
474,531,0.6226979
474,532,0.74734545
474,533,0.759495
474,534,0.66078424
474,535,0.7685884
474,536,0.67558587
474,537,0.709935
474,538,0.7054485
474,539,0.7164061
474,540,0.71678257
474,541,0.7621354
474,542,0.69534695
474,543,0.70355356
474,544,0.5953759
474,545,0.69991416
474,546,0.7336542
474,547,0.6886152
474,548,0.6807579
474,549,0.6700171
474,550,0.6894164
474,551,0.7969908
474,552,0.70276105
474,553,0.7324395
474,554,0.73911154
474,555,0.5965457
474,556,0.80118185
474,713,0.64163905
474,2500,0.5819048
475,476,0.6514908
475,477,0.58405566
475,478,0.6123467
475,480,0.6373467
475,483,0.66509527
475,484,0.65148604
475,485,0.6117027
475,486,0.67793626
475,487,0.6583034
475,488,0.65929866
475,489,0.568401
475,491,0.6295569
475,492,0.5721757
475,493,0.77428716
475,494,0.7061783
475,495,0.6078773
475,496,0.6000601
475,497,0.5614085
475,501,0.6114713
475,506,0.7004953
475,507,0.5916879
475,508,0.5891353
475,513,0.66398734
475,515,0.61665964
475,518,0.6679681
475,519,0.62203324
475,520,0.59326637
475,521,0.6595453
475,524,0.6636156
475,525,0.56534183
475,526,0.69082963
475,527,0.647216
475,528,0.6056183
475,529,0.6456166
475,530,0.58873427
475,531,0.55165946
475,532,0.55539393
475,533,0.55088925
475,534,0.56947434
475,535,0.6900593
475,536,0.68780327
475,537,0.6372281
475,538,0.575304
475,539,0.67515004
475,540,0.60999084
475,541,0.7048068
475,542,0.66045845
475,544,0.5696255
475,545,0.56448174
475,546,0.617134
475,547,0.6315212
475,548,0.6689453
475,549,0.5995249
475,550,0.65718246
475,551,0.6476512
475,553,0.6403341
475,554,0.7426493
475,555,0.5609336
475,556,0.62479544
476,477,0.56272125
476,478,0.6494858
476,480,0.5777053
476,482,0.5599023
476,483,0.58546144
476,484,0.55559343
476,485,0.632391
476,486,0.57706404
476,487,0.61293566
476,488,0.65724605
476,489,0.6336209
476,491,0.69147646
476,492,0.6316583
476,493,0.7296603
476,494,0.6235721
476,495,0.6522527
476,496,0.59643465
476,497,0.6563685
476,500,0.57539773
476,501,0.58374316
476,502,0.5570153
476,506,0.6209797
476,507,0.7009009
476,508,0.56634235
476,510,0.583168
476,513,0.6290165
476,514,0.5808482
476,515,0.68646866
476,516,0.5966093
476,518,0.6590141
476,519,0.6207016
476,520,0.56952214
476,521,0.6161072
476,522,0.6481209
476,524,0.5943641
476,525,0.6943026
476,526,0.66351086
476,527,0.6446738
476,528,0.63490796
476,529,0.6152977
476,530,0.65420544
476,531,0.5889193
476,532,0.6216495
476,533,0.5919198
476,534,0.61159027
476,535,0.66341007
476,537,0.62355137
476,538,0.55027354
476,539,0.6426037
476,540,0.64922404
476,541,0.6487084
476,542,0.6586936
476,543,0.6129675
476,544,0.56385046
476,545,0.6154295
476,546,0.60972023
476,547,0.6664302
476,548,0.6575949
476,549,0.57898384
476,550,0.6112086
476,551,0.66953194
476,552,0.59070456
476,553,0.64754736
476,554,0.71287656
476,555,0.661283
476,556,0.6460891
476,713,0.5793655
477,478,0.6072787
477,480,0.55511415
477,482,0.59804034
477,483,0.5805038
477,485,0.60075176
477,486,0.59017193
477,487,0.5964908
477,488,0.6716169
477,489,0.6167065
477,490,0.5574305
477,491,0.6735736
477,492,0.57965255
477,493,0.68600684
477,494,0.6546953
477,495,0.5752789
477,496,0.6485251
477,497,0.60342777
477,501,0.6210506
477,502,0.63600886
477,505,0.58305323
477,506,0.59685993
477,507,0.6777594
477,508,0.56643796
477,510,0.5685471
477,513,0.5825834
477,515,0.60910285
477,516,0.5855043
477,518,0.6790298
477,519,0.57815444
477,520,0.5866523
477,521,0.70816714
477,523,0.61342746
477,524,0.6142641
477,525,0.58220077
477,526,0.6531148
477,527,0.65586424
477,528,0.66189325
477,529,0.69678605
477,530,0.63685846
477,532,0.60360014
477,533,0.6116015
477,534,0.58559525
477,535,0.6675986
477,536,0.59263587
477,537,0.63189673
477,538,0.5744513
477,539,0.70479894
477,540,0.68237346
477,541,0.65012926
477,542,0.6351358
477,543,0.66834825
477,544,0.5506579
477,545,0.5985787
477,546,0.6528873
477,547,0.6419556
477,548,0.597788
477,549,0.63476455
477,550,0.569879
477,551,0.6924209
477,552,0.67877007
477,553,0.6378344
477,554,0.6613953
477,555,0.58044726
477,556,0.72814476
478,480,0.62097704
478,481,0.57646847
478,482,0.60192484
478,483,0.6657753
478,484,0.5998713
478,485,0.643823
478,486,0.67372614
478,487,0.7119918
478,488,0.70237595
478,489,0.6555537
478,490,0.6087588
478,491,0.7363907
478,492,0.73177433
478,493,0.6921456
478,494,0.6726376
478,495,0.77532375
478,496,0.77874017
478,497,0.6492455
478,498,0.5951081
478,501,0.70708966
478,502,0.6971529
478,504,0.5660678
478,505,0.5814457
478,506,0.5898375
478,507,0.7259761
478,508,0.6675235
478,510,0.560822
478,511,0.58805764
478,513,0.7054309
478,514,0.63996077
478,515,0.7064404
478,516,0.58975536
478,518,0.74316394
478,519,0.6331111
478,520,0.67757225
478,521,0.57602173
478,522,0.63961685
478,523,0.58494365
478,524,0.6887615
478,525,0.6292832
478,526,0.73317593
478,527,0.7634773
478,528,0.6311745
478,529,0.67461604
478,530,0.7294812
478,531,0.6273198
478,532,0.68214816
478,533,0.7232467
478,534,0.6870926
478,535,0.6653244
478,536,0.62225544
478,537,0.6941997
478,538,0.66669774
478,539,0.7473421
478,540,0.6728269
478,541,0.6777446
478,542,0.69390106
478,543,0.6220517
478,544,0.6658789
478,545,0.68947357
478,546,0.69614303
478,547,0.6236279
478,548,0.66816247
478,549,0.6718194
478,550,0.64267933
478,551,0.74775773
478,552,0.68293434
478,553,0.70166147
478,554,0.6925788
478,555,0.7094243
478,556,0.7059214
478,713,0.62630224
480,482,0.60377514
480,483,0.68472695
480,484,0.7129948
480,485,0.7455087
480,486,0.6026281
480,487,0.7190942
480,488,0.63689065
480,489,0.55824417
480,490,0.5834806
480,491,0.6736661
480,493,0.71467334
480,494,0.71065044
480,495,0.60443985
480,496,0.7091657
480,500,0.57506794
480,502,0.5695204
480,503,0.57192767
480,505,0.5559748
480,506,0.6065837
480,507,0.60176945
480,508,0.57427293
480,510,0.55605334
480,513,0.5950233
480,514,0.56518096
480,515,0.5961665
480,518,0.6590657
480,519,0.61361074
480,520,0.611781
480,521,0.61433196
480,522,0.56091213
480,524,0.7207582
480,526,0.64202225
480,527,0.6759904
480,528,0.61111486
480,529,0.65176785
480,530,0.60844624
480,531,0.59861296
480,532,0.5958084
480,534,0.55572575
480,535,0.60951173
480,536,0.6967131
480,537,0.64287984
480,538,0.60189223
480,539,0.7153345
480,540,0.6698537
480,541,0.65605015
480,542,0.6912186
480,544,0.6820053
480,545,0.6195339
480,546,0.6087411
480,547,0.5510544
480,548,0.7097322
480,549,0.6479778
480,551,0.6009412
480,552,0.5980482
480,554,0.650088
480,555,0.6359988
480,556,0.59765804
481,485,0.5666624
481,487,0.6159353
481,488,0.60966015
481,491,0.57155114
481,493,0.63365936
481,496,0.58829033
481,502,0.59747773
481,506,0.5692756
481,507,0.55906296
481,515,0.56295365
481,518,0.6128018
481,520,0.5788342
481,524,0.57728726
481,526,0.5580161
481,527,0.6274383
481,528,0.60598487
481,529,0.5629195
481,530,0.60883904
481,536,0.56487846
481,537,0.5966354
481,538,0.55794585
481,539,0.60172963
481,540,0.5803
481,542,0.5823913
481,545,0.55606383
481,546,0.5539975
481,549,0.5572106
481,551,0.5972456
481,552,0.55601025
481,554,0.56704235
482,483,0.5574343
482,485,0.6019887
482,486,0.6375222
482,487,0.62378603
482,488,0.66163015
482,489,0.62404877
482,490,0.5660193
482,491,0.6244508
482,493,0.66189766
482,494,0.5939933
482,495,0.57302386
482,496,0.5905571
482,501,0.5808164
482,502,0.598131
482,506,0.5536908
482,507,0.57927704
482,508,0.5585965
482,513,0.647379
482,516,0.59340686
482,518,0.628759
482,519,0.5849925
482,521,0.70334244
482,523,0.5667919
482,524,0.6011885
482,525,0.6020245
482,527,0.6340064
482,528,0.6446506
482,529,0.56027776
482,530,0.6839779
482,531,0.5532266
482,532,0.5688765
482,533,0.5655339
482,534,0.5799782
482,535,0.65264875
482,536,0.5949741
482,537,0.63113415
482,538,0.6110922
482,539,0.60565627
482,540,0.650311
482,541,0.614606
482,542,0.6421151
482,543,0.58226705
482,545,0.5993929
482,546,0.59917057
482,548,0.6391121
482,550,0.57843006
482,551,0.67079127
482,552,0.64657885
482,554,0.55429953
482,556,0.64445233
482,713,0.5643527
483,484,0.6786339
483,485,0.6301854
483,486,0.5533967
483,487,0.6683936
483,488,0.6355597
483,489,0.5635871
483,491,0.7269527
483,492,0.6010964
483,493,0.7229347
483,494,0.70479083
483,495,0.59838176
483,496,0.6496821
483,497,0.6341306
483,498,0.5522368
483,499,0.6216043
483,500,0.55413127
483,501,0.6163304
483,502,0.6730655
483,503,0.6208261
483,504,0.57975864
483,505,0.6258793
483,507,0.70390916
483,508,0.5792783
483,510,0.6622348
483,513,0.61252433
483,514,0.7040347
483,515,0.55437154
483,518,0.65030396
483,519,0.6301732
483,520,0.66215754
483,521,0.56609726
483,524,0.7516719
483,525,0.5774772
483,526,0.712553
483,527,0.64307296
483,528,0.65151453
483,529,0.713928
483,530,0.65588194
483,531,0.68906426
483,532,0.6569294
483,533,0.5957831
483,535,0.60417396
483,536,0.6564513
483,537,0.7376543
483,538,0.6577083
483,539,0.7206919
483,540,0.59696853
483,541,0.6294362
483,542,0.6557648
483,543,0.6366788
483,544,0.64315706
483,545,0.68387055
483,546,0.6458652
483,547,0.60883653
483,548,0.5739104
483,549,0.64822054
483,551,0.64491624
483,552,0.5974494
483,553,0.6175692
483,554,0.6985009
483,555,0.55149925
483,556,0.674559
483,713,0.5525266
483,1666,0.5509157
484,485,0.6869788
484,486,0.58216023
484,487,0.65732396
484,488,0.6464015
484,489,0.59726834
484,490,0.5717908
484,491,0.61898565
484,493,0.7108066
484,494,0.7266376
484,495,0.57033765
484,496,0.61474395
484,499,0.5649247
484,500,0.58453715
484,501,0.5618162
484,502,0.5506468
484,503,0.56402814
484,505,0.5633991
484,506,0.64783317
484,507,0.6269146
484,508,0.5583643
484,510,0.6077475
484,513,0.6020062
484,515,0.57027197
484,518,0.6631178
484,519,0.599489
484,520,0.6235528
484,521,0.61397195
484,524,0.7931385
484,525,0.55726254
484,526,0.6536902
484,527,0.62995267
484,528,0.63015974
484,529,0.6465529
484,530,0.61076605
484,532,0.5783254
484,535,0.6193882
484,536,0.7042959
484,537,0.6524352
484,538,0.6136595
484,539,0.6805461
484,540,0.6470783
484,541,0.62896353
484,542,0.6758305
484,544,0.6578251
484,545,0.6369599
484,546,0.6144544
484,547,0.5841987
484,548,0.6359503
484,549,0.62127006
484,550,0.5563416
484,551,0.61740357
484,553,0.5693065
484,554,0.63159937
484,555,0.585953
484,556,0.6060128
485,486,0.6680365
485,487,0.7214751
485,488,0.7124991
485,489,0.6683136
485,490,0.69084454
485,491,0.73998654
485,492,0.68603027
485,493,0.7082122
485,494,0.67063487
485,495,0.6812068
485,496,0.73655534
485,497,0.6560395
485,498,0.5574992
485,499,0.58548033
485,500,0.5957066
485,501,0.66470146
485,502,0.6640346
485,505,0.6185254
485,506,0.5877955
485,507,0.7306447
485,508,0.6012012
485,510,0.6122249
485,511,0.56481904
485,513,0.6773496
485,514,0.6919445
485,515,0.67188036
485,516,0.5843128
485,518,0.75274503
485,519,0.70682096
485,520,0.64259905
485,521,0.6989473
485,522,0.64611113
485,523,0.6954998
485,524,0.68793607
485,525,0.706531
485,526,0.66597974
485,527,0.75121045
485,528,0.7602931
485,529,0.65940726
485,530,0.65848374
485,531,0.6397605
485,532,0.73125577
485,533,0.6362665
485,534,0.6583463
485,535,0.6689675
485,536,0.6778487
485,537,0.71245205
485,538,0.7361983
485,539,0.7851907
485,540,0.76483124
485,541,0.6563015
485,542,0.7572801
485,543,0.6358988
485,544,0.6994755
485,545,0.704798
485,546,0.68236667
485,547,0.5850606
485,548,0.73548543
485,549,0.69952667
485,550,0.66701216
485,551,0.6722276
485,552,0.6463008
485,553,0.6814897
485,554,0.6950424
485,555,0.663815
485,556,0.70920706
485,713,0.55951023
486,487,0.70527446
486,488,0.7081256
486,489,0.6234072
486,490,0.6199242
486,491,0.6792406
486,492,0.6392952
486,493,0.65646356
486,494,0.6161247
486,495,0.68390405
486,496,0.6839099
486,497,0.575018
486,498,0.5906919
486,501,0.7473402
486,502,0.6986468
486,506,0.6299257
486,507,0.66045797
486,508,0.6316431
486,513,0.8404956
486,514,0.6030884
486,515,0.67017525
486,516,0.561848
486,518,0.8093455
486,519,0.59352803
486,520,0.5706304
486,521,0.7847513
486,523,0.659958
486,524,0.6128748
486,525,0.6414422
486,526,0.61124957
486,527,0.6760145
486,528,0.6769454
486,529,0.58588266
486,530,0.6518992
486,531,0.61780214
486,532,0.7162167
486,533,0.65399766
486,534,0.6506561
486,535,0.795058
486,536,0.59859776
486,537,0.6522975
486,538,0.65664333
486,539,0.6646713
486,540,0.7156152
486,541,0.7499084
486,542,0.67621845
486,543,0.5538229
486,544,0.5721296
486,545,0.6189009
486,546,0.6464931
486,548,0.67470217
486,549,0.6064654
486,550,0.70221853
486,551,0.6814166
486,552,0.6124313
486,553,0.64508426
486,554,0.5998602
486,555,0.6684482
486,556,0.65576446
486,713,0.58459663
487,488,0.74936634
487,489,0.67395437
487,490,0.62320507
487,491,0.7045119
487,492,0.6405848
487,493,0.7558062
487,494,0.6993232
487,495,0.6817662
487,496,0.75426054
487,497,0.6378354
487,498,0.6314491
487,499,0.57353204
487,501,0.68968344
487,502,0.66121864
487,503,0.5579009
487,505,0.5839664
487,506,0.6351303
487,507,0.7067943
487,508,0.64327013
487,510,0.56951237
487,513,0.6817806
487,514,0.6327003
487,515,0.70688194
487,516,0.5696422
487,518,0.7371913
487,519,0.7166568
487,520,0.69867015
487,521,0.67192316
487,522,0.5615678
487,523,0.62398
487,524,0.7048564
487,525,0.6270804
487,526,0.7025105
487,527,0.78792137
487,528,0.702469
487,529,0.6728816
487,530,0.67236495
487,531,0.6340259
487,532,0.6886113
487,533,0.69426817
487,534,0.66958934
487,535,0.68260103
487,536,0.6771947
487,537,0.7742456
487,538,0.6705625
487,539,0.767103
487,540,0.71520126
487,541,0.70787275
487,542,0.7490735
487,543,0.59626055
487,544,0.6982179
487,545,0.6620883
487,546,0.6790225
487,547,0.6379884
487,548,0.744871
487,549,0.6634108
487,550,0.66772336
487,551,0.7236366
487,552,0.66910356
487,553,0.7005259
487,554,0.6816889
487,555,0.63634956
487,556,0.6908684
487,713,0.5938421
488,489,0.68912303
488,490,0.66903955
488,491,0.7616924
488,492,0.6661074
488,493,0.7441194
488,494,0.6900362
488,495,0.62833554
488,496,0.6844522
488,497,0.72668934
488,498,0.621307
488,501,0.6912532
488,502,0.71417004
488,506,0.6340469
488,507,0.752848
488,508,0.69113994
488,510,0.55663186
488,513,0.698626
488,514,0.6181283
488,515,0.659147
488,516,0.6522016
488,518,0.74365836
488,519,0.7461843
488,520,0.67907226
488,521,0.7304734
488,523,0.72604215
488,524,0.721044
488,525,0.7195226
488,526,0.68502903
488,527,0.7265973
488,528,0.7368803
488,529,0.69656754
488,530,0.7030468
488,531,0.6087861
488,532,0.7280364
488,533,0.7238524
488,534,0.63079333
488,535,0.6911414
488,536,0.67418295
488,537,0.7560514
488,538,0.68131423
488,539,0.7231675
488,540,0.76396227
488,541,0.7133918
488,542,0.7497355
488,543,0.6847271
488,544,0.6634264
488,545,0.6714504
488,546,0.7578573
488,547,0.6624559
488,548,0.67501515
488,549,0.6983085
488,550,0.66954863
488,551,0.7824348
488,552,0.64652604
488,553,0.71927613
488,554,0.70386815
488,555,0.60743284
488,556,0.7416185
488,713,0.6309805
489,490,0.6344334
489,491,0.70583636
489,492,0.6290432
489,493,0.6437582
489,494,0.7173681
489,495,0.5821785
489,496,0.62274146
489,497,0.6425916
489,498,0.57653654
489,500,0.56113017
489,501,0.6191443
489,502,0.6118833
489,507,0.7115331
489,510,0.5975807
489,513,0.6187581
489,514,0.6266856
489,515,0.6508682
489,516,0.5741373
489,518,0.65644133
489,519,0.6333957
489,520,0.5703295
489,521,0.64668345
489,523,0.6324738
489,524,0.6820861
489,525,0.75203687
489,526,0.6592357
489,527,0.7044405
489,528,0.62788856
489,529,0.56475955
489,530,0.65319806
489,531,0.5832189
489,532,0.62668204
489,533,0.6149578
489,534,0.6296227
489,535,0.594599
489,536,0.5622047
489,537,0.633944
489,538,0.62305677
489,539,0.6974896
489,540,0.7186272
489,541,0.6152408
489,542,0.6476727
489,543,0.6330396
489,544,0.5761852
489,545,0.61976635
489,546,0.69612265
489,547,0.587527
489,548,0.639835
489,549,0.5831153
489,550,0.58214307
489,551,0.6626934
489,552,0.57791203
489,553,0.70018256
489,554,0.5853615
489,555,0.60189825
489,556,0.7288627
489,713,0.5802771
490,491,0.630056
490,492,0.59321225
490,493,0.5853674
490,494,0.5922563
490,495,0.5564569
490,496,0.60402805
490,497,0.5562519
490,498,0.5524476
490,501,0.6358131
490,502,0.61874413
490,507,0.668731
490,513,0.63092923
490,514,0.6111382
490,518,0.685763
490,519,0.6012646
490,520,0.5853659
490,521,0.57016265
490,523,0.6883128
490,524,0.62009966
490,525,0.61725426
490,526,0.60831684
490,527,0.6490115
490,528,0.6450405
490,529,0.59295416
490,530,0.6320479
490,531,0.5853312
490,532,0.62880135
490,533,0.66090024
490,534,0.57674277
490,535,0.5964471
490,536,0.6395979
490,537,0.59891105
490,538,0.6629217
490,539,0.6778247
490,540,0.71213365
490,541,0.5588184
490,542,0.66420406
490,543,0.5683063
490,544,0.5954507
490,545,0.6218996
490,546,0.5828896
490,548,0.57366025
490,549,0.57514805
490,551,0.6671983
490,553,0.5683895
490,554,0.6187373
490,555,0.58660626
490,556,0.64378184
490,2094,0.55192244
490,2500,0.56372666
491,492,0.7346646
491,493,0.7445571
491,494,0.6580292
491,495,0.6506743
491,496,0.67996436
491,497,0.74841154
491,498,0.58357674
491,499,0.64638895
491,500,0.648949
491,501,0.69989324
491,502,0.7989437
491,504,0.56537247
491,505,0.64749974
491,506,0.58620346
491,507,0.81636274
491,508,0.6714201
491,510,0.68340826
491,511,0.65081334
491,512,0.5935711
491,513,0.715552
491,514,0.7391575
491,515,0.6801208
491,516,0.66305846
491,518,0.77744806
491,519,0.7393084
491,520,0.7331534
491,521,0.6823721
491,522,0.687505
491,523,0.6767465
491,524,0.7057307
491,525,0.7604291
491,526,0.69558567
491,527,0.7010524
491,528,0.7703457
491,529,0.7430072
491,530,0.72390366
491,531,0.67928445
491,532,0.74820435
491,533,0.7289895
491,534,0.6451039
491,535,0.72825336
491,536,0.6724461
491,537,0.73448884
491,538,0.75049055
491,539,0.7057796
491,540,0.7523875
491,541,0.7173028
491,542,0.74876565
491,543,0.7468964
491,544,0.6200283
491,545,0.7524898
491,546,0.72564507
491,547,0.68744284
491,548,0.6549747
491,549,0.7003061
491,550,0.62293005
491,551,0.7861081
491,552,0.68733793
491,553,0.7236907
491,554,0.76192814
491,555,0.61545813
491,556,0.7424612
491,713,0.6392038
491,2500,0.5722409
492,493,0.6450365
492,494,0.57162964
492,495,0.65795326
492,496,0.6408793
492,497,0.6899049
492,498,0.5594417
492,499,0.5906757
492,500,0.5780253
492,501,0.6735443
492,502,0.68839765
492,505,0.6072225
492,507,0.7380744
492,508,0.6168598
492,510,0.59394854
492,511,0.5822904
492,513,0.69087017
492,514,0.6111469
492,515,0.66889656
492,516,0.57253504
492,518,0.77404904
492,519,0.65475094
492,520,0.6592883
492,521,0.5968218
492,522,0.6276297
492,523,0.6608027
492,524,0.5985943
492,525,0.68037045
492,526,0.6743336
492,527,0.6916877
492,528,0.6784426
492,529,0.6667335
492,530,0.6191008
492,531,0.63170636
492,532,0.7367426
492,533,0.7101675
492,534,0.6527455
492,535,0.66283435
492,536,0.5975907
492,537,0.6647626
492,538,0.6717563
492,539,0.7014426
492,540,0.61442727
492,541,0.67317504
492,542,0.71694285
492,543,0.65791214
492,544,0.5792673
492,545,0.71328086
492,546,0.71419156
492,547,0.6072507
492,548,0.57025826
492,549,0.6477015
492,550,0.6646868
492,551,0.7143425
492,552,0.6549854
492,553,0.72070897
492,554,0.72298115
492,555,0.6052747
492,556,0.7091212
492,713,0.57859266
493,494,0.75420296
493,495,0.6469966
493,496,0.66975105
493,497,0.6498983
493,498,0.5818633
493,499,0.58621955
493,500,0.6436055
493,501,0.6413208
493,502,0.675797
493,503,0.62960756
493,505,0.66663986
493,506,0.73330736
493,507,0.68818855
493,508,0.66242003
493,510,0.6756803
493,511,0.56445765
493,513,0.69379157
493,514,0.6122899
493,515,0.6914656
493,516,0.6569953
493,518,0.7764516
493,519,0.70042914
493,520,0.70419216
493,521,0.71744704
493,522,0.58360326
493,523,0.5765388
493,524,0.73739195
493,525,0.6442932
493,526,0.7564801
493,527,0.76024175
493,528,0.7508633
493,529,0.74375415
493,530,0.7080614
493,531,0.58648527
493,532,0.6407509
493,533,0.65605295
493,534,0.63567996
493,535,0.7372645
493,536,0.73622096
493,537,0.7607349
493,538,0.6299287
493,539,0.74060094
493,540,0.71307254
493,541,0.75472385
493,542,0.7763093
493,543,0.6721334
493,544,0.65456176
493,545,0.71902037
493,546,0.708696
493,547,0.72446793
493,548,0.7670668
493,549,0.7352499
493,550,0.65857196
493,551,0.7603332
493,552,0.7044467
493,553,0.69851327
493,554,0.8112125
493,555,0.60107285
493,556,0.7106211
493,713,0.60765606
494,495,0.58923006
494,496,0.66888505
494,497,0.58300817
494,501,0.59643817
494,502,0.5854705
494,503,0.55726576
494,505,0.58025384
494,506,0.6352883
494,507,0.6671418
494,508,0.63251215
494,510,0.58795947
494,513,0.6207747
494,515,0.6328504
494,518,0.6565726
494,519,0.6558837
494,520,0.6432065
494,521,0.61362493
494,524,0.77689075
494,525,0.5907014
494,526,0.72647864
494,527,0.6810732
494,528,0.6270952
494,529,0.67725945
494,530,0.68217635
494,532,0.5731038
494,533,0.59101367
494,534,0.56422436
494,535,0.68498945
494,536,0.6949547
494,537,0.6559235
494,538,0.5752842
494,539,0.766353
494,540,0.66278756
494,541,0.67306316
494,542,0.69484293
494,543,0.63247395
494,544,0.65027696
494,545,0.6244631
494,546,0.6419856
494,547,0.7068508
494,548,0.7627895
494,549,0.64404815
494,550,0.58351237
494,551,0.6817275
494,552,0.57873106
494,553,0.6318212
494,554,0.7113552
494,555,0.6203714
494,556,0.7362087
494,713,0.5907048
495,496,0.81068873
495,497,0.6078246
495,501,0.6500435
495,502,0.61980915
495,506,0.6216334
495,507,0.6608573
495,508,0.6449497
495,513,0.72970533
495,514,0.60319114
495,515,0.66504824
495,516,0.58622366
495,518,0.69827825
495,519,0.64705926
495,520,0.580876
495,521,0.6096422
495,523,0.604429
495,524,0.6090479
495,525,0.6449511
495,526,0.6783424
495,527,0.70633614
495,528,0.61670434
495,529,0.59702075
495,530,0.6845388
495,531,0.58940226
495,532,0.6660458
495,533,0.6487336
495,534,0.7168641
495,535,0.68201613
495,536,0.56194615
495,537,0.6544324
495,538,0.6121752
495,539,0.6851791
495,540,0.6261284
495,541,0.6298585
495,542,0.6254395
495,543,0.6022107
495,544,0.6333842
495,545,0.6192788
495,546,0.682801
495,548,0.695874
495,549,0.6041152
495,550,0.63614976
495,551,0.6616429
495,552,0.6699494
495,553,0.6451013
495,554,0.60131514
495,555,0.6567733
495,556,0.6519262
495,713,0.6978419
496,498,0.6226338
496,501,0.6930212
496,502,0.68318605
496,505,0.5986235
496,506,0.6221937
496,507,0.6845716
496,508,0.58494353
496,510,0.56103784
496,511,0.5570837
496,513,0.6328194
496,514,0.6537085
496,515,0.72685903
496,518,0.71777105
496,519,0.600935
496,520,0.6240337
496,521,0.6155797
496,522,0.61901724
496,523,0.63712025
496,524,0.6647565
496,525,0.57620245
496,526,0.68991226
496,527,0.76881254
496,528,0.685042
496,529,0.66202104
496,530,0.69975686
496,531,0.6175779
496,532,0.6872896
496,533,0.6850338
496,534,0.7192596
496,535,0.6767813
496,536,0.62451744
496,537,0.6893797
496,538,0.6129607
496,539,0.7668209
496,540,0.6964016
496,541,0.64755213
496,542,0.6997138
496,544,0.70831186
496,545,0.63820934
496,546,0.6726928
496,547,0.5967016
496,548,0.6859703
496,549,0.65084755
496,550,0.61643386
496,551,0.6925081
496,552,0.6840794
496,553,0.67560846
496,554,0.63533145
496,555,0.74244785
496,556,0.6569123
496,713,0.6312084
497,499,0.5538329
497,501,0.6495534
497,502,0.6690662
497,505,0.5674938
497,507,0.885888
497,508,0.6547444
497,510,0.64101017
497,512,0.60802346
497,513,0.7046807
497,514,0.62644017
497,515,0.6071782
497,516,0.7010877
497,517,0.5689817
497,518,0.7033731
497,519,0.73701024
497,520,0.6387952
497,521,0.65484285
497,523,0.654758
497,524,0.6164578
497,525,0.7446899
497,526,0.6364138
497,527,0.6347792
497,528,0.70887625
497,529,0.6429366
497,530,0.66720533
497,531,0.5766146
497,532,0.715083
497,533,0.70587873
497,535,0.65360594
497,536,0.5598136
497,537,0.70379233
497,538,0.6659409
497,539,0.6529558
497,540,0.62152785
497,541,0.64499545
497,542,0.63374984
497,543,0.7760865
497,544,0.57555866
497,545,0.6949687
497,546,0.7041666
497,547,0.6099751
497,548,0.5794542
497,549,0.6638317
497,550,0.62522185
497,551,0.74392354
497,552,0.63727677
497,553,0.72497594
497,554,0.6918199
497,556,0.73867816
497,713,0.5994452
498,501,0.5942323
498,502,0.58934915
498,507,0.5841512
498,513,0.59170663
498,514,0.60925347
498,515,0.5897729
498,518,0.62616444
498,519,0.5653517
498,521,0.5597478
498,525,0.5619025
498,526,0.5702944
498,527,0.65049136
498,528,0.6188115
498,530,0.64456594
498,531,0.658047
498,532,0.5892315
498,533,0.5689872
498,534,0.5788513
498,535,0.6241493
498,537,0.62929416
498,539,0.62240094
498,540,0.5909774
498,541,0.5527654
498,542,0.5961766
498,545,0.5528943
498,546,0.5854968
498,547,0.5836661
498,551,0.64936185
498,552,0.61983114
498,555,0.5579815
498,556,0.60802805
499,500,0.73559403
499,501,0.58658963
499,502,0.62006277
499,503,0.7091117
499,504,0.67661047
499,505,0.7108154
499,507,0.6189283
499,510,0.74274045
499,511,0.70548725
499,512,0.67810535
499,513,0.5665072
499,514,0.65717316
499,518,0.687384
499,520,0.6752758
499,525,0.57505286
499,528,0.66905105
499,529,0.6689597
499,532,0.555441
499,537,0.6619054
499,538,0.6180105
499,539,0.55841184
499,540,0.60052776
499,541,0.58498853
499,542,0.61363864
499,543,0.5591616
499,545,0.79359996
499,549,0.5916451
499,551,0.5875057
499,553,0.6077924
499,554,0.6239352
499,1699,0.5508414
499,1729,0.5665064
499,2518,0.5784528
499,2726,0.5770532
499,3099,0.5559418
500,502,0.59149957
500,503,0.6373123
500,504,0.55055803
500,505,0.6773158
500,507,0.5866364
500,510,0.7573025
500,511,0.725589
500,512,0.5867052
500,513,0.55037534
500,514,0.5716554
500,515,0.58120936
500,518,0.66651964
500,520,0.6456516
500,522,0.5967398
500,524,0.5831814
500,525,0.6113967
500,526,0.61264753
500,528,0.590141
500,529,0.67112917
500,532,0.55361927
500,539,0.563324
500,540,0.6415857
500,541,0.5938145
500,542,0.6540995
500,545,0.74097013
500,547,0.5565405
500,549,0.6155275
500,551,0.57019675
500,552,0.5536523
500,553,0.5997476
500,554,0.6372169
500,556,0.5548521
500,1645,0.5738515
501,502,0.6866027
501,505,0.5730086
501,506,0.5796052
501,507,0.73818827
501,508,0.62290096
501,510,0.6003349
501,512,0.57747775
501,513,0.7608612
501,514,0.6480646
501,515,0.6582625
501,516,0.5893614
501,518,0.79373646
501,519,0.6376786
501,520,0.63554
501,521,0.6975423
501,522,0.5654229
501,523,0.6644567
501,524,0.6120322
501,525,0.6464341
501,526,0.6313381
501,527,0.67802656
501,528,0.69863534
501,529,0.6390791
501,530,0.65269727
501,531,0.62681043
501,532,0.74279344
501,533,0.71139455
501,534,0.6015235
501,535,0.7141586
501,536,0.62075937
501,537,0.69908124
501,538,0.677112
501,539,0.71212566
501,540,0.7033002
501,541,0.69516754
501,542,0.7128085
501,543,0.6093795
501,544,0.6045589
501,545,0.6880048
501,546,0.6632607
501,547,0.6068568
501,548,0.6159734
501,549,0.61234176
501,550,0.67106026
501,551,0.70608866
501,552,0.6523894
501,553,0.7062702
501,554,0.64380467
501,555,0.64365876
501,556,0.693229
501,713,0.5726024
502,505,0.63767266
502,507,0.72088027
502,508,0.62468815
502,510,0.6002289
502,511,0.62669873
502,512,0.58666444
502,513,0.6689536
502,514,0.6666571
502,515,0.6009649
502,516,0.62759984
502,518,0.76900095
502,519,0.6471791
502,520,0.6267543
502,521,0.66712534
502,522,0.57422674
502,523,0.6923592
502,524,0.6298168
502,525,0.64973605
502,526,0.6553062
502,527,0.6910865
502,528,0.7340753
502,529,0.67950594
502,530,0.69357896
502,531,0.60111964
502,532,0.780287
502,533,0.67895955
502,534,0.6348909
502,535,0.7159243
502,536,0.6555594
502,537,0.6845108
502,538,0.7602153
502,539,0.63561106
502,540,0.6741014
502,541,0.6414615
502,542,0.6824779
502,543,0.6245477
502,545,0.6972691
502,546,0.7000866
502,547,0.59214646
502,548,0.6249428
502,549,0.63881874
502,550,0.5906739
502,551,0.7641951
502,552,0.6878384
502,553,0.66002417
502,554,0.6434791
502,555,0.5565988
502,556,0.7021973
502,713,0.6082002
502,2047,0.5685085
502,2500,0.56902647
503,504,0.67609304
503,505,0.6824095
503,510,0.69183564
503,511,0.62274754
503,518,0.5998553
503,520,0.6494062
503,526,0.58692104
503,528,0.5517049
503,529,0.6807563
503,539,0.5822544
503,542,0.6062162
503,544,0.57306826
503,545,0.680272
503,549,0.574443
503,553,0.5609225
503,554,0.5921717
504,505,0.63411784
504,507,0.5711591
504,510,0.6145675
504,511,0.7027825
504,514,0.55901736
504,518,0.5601249
504,520,0.5879066
504,522,0.5853654
504,528,0.55278647
504,529,0.6300059
504,542,0.5881698
504,545,0.65596735
504,554,0.5797609
504,1729,0.55706286
504,3089,0.57139224
505,507,0.6272068
505,510,0.70570576
505,511,0.69890726
505,512,0.60629094
505,513,0.5559314
505,514,0.5760387
505,515,0.55579597
505,518,0.6855997
505,520,0.6595864
505,522,0.5841529
505,524,0.5880805
505,526,0.6068537
505,527,0.585819
505,528,0.651942
505,529,0.75327146
505,530,0.58776915
505,532,0.5982919
505,533,0.55404526
505,535,0.59654045
505,536,0.5738073
505,537,0.59761345
505,538,0.61751425
505,539,0.6148665
505,541,0.59492034
505,542,0.646263
505,543,0.5670049
505,545,0.7531925
505,546,0.55806243
505,547,0.59907055
505,548,0.5639032
505,549,0.6020554
505,551,0.63195837
505,552,0.6119209
505,553,0.6273515
505,554,0.72508824
505,556,0.55051357
506,507,0.59823346
506,508,0.5825689
506,513,0.6430503
506,515,0.5990994
506,516,0.58350116
506,518,0.681005
506,519,0.5716349
506,520,0.5707026
506,521,0.6635401
506,524,0.6398934
506,526,0.5932514
506,527,0.65237
506,528,0.65201235
506,529,0.59080344
506,530,0.635973
506,534,0.5602795
506,535,0.6966028
506,536,0.6136739
506,537,0.6117579
506,539,0.6403851
506,540,0.6323276
506,541,0.6805449
506,542,0.6191483
506,545,0.55088663
506,547,0.63342553
506,548,0.628599
506,549,0.5538089
506,550,0.58496726
506,551,0.622163
506,553,0.6097417
506,554,0.6307704
506,555,0.589309
506,556,0.56453705
507,508,0.65604293
507,510,0.6991528
507,511,0.60100675
507,512,0.60451084
507,513,0.733736
507,514,0.6986191
507,515,0.67898643
507,516,0.64526904
507,517,0.6189822
507,518,0.79241145
507,519,0.7284454
507,520,0.69976157
507,521,0.67835635
507,522,0.61023784
507,523,0.71245545
507,524,0.69854313
507,525,0.7407687
507,526,0.7080741
507,527,0.7157136
507,528,0.7659738
507,529,0.7352054
507,530,0.75669
507,531,0.63050926
507,532,0.7855755
507,533,0.7604333
507,534,0.6330281
507,535,0.7086612
507,536,0.63214123
507,537,0.7477921
507,538,0.73275536
507,539,0.7605384
507,540,0.76275223
507,541,0.71300006
507,542,0.71678346
507,543,0.7774279
507,544,0.66112924
507,545,0.75755215
507,546,0.7142094
507,547,0.6793981
507,548,0.6233032
507,549,0.73451877
507,550,0.66801065
507,551,0.78084195
507,552,0.6783432
507,553,0.7512425
507,554,0.74882334
507,555,0.629114
507,556,0.7751882
507,713,0.63389754
507,2801,0.56739336
508,513,0.69589424
508,514,0.55345404
508,515,0.5717344
508,516,0.6147299
508,518,0.7151332
508,519,0.6946837
508,520,0.69022757
508,521,0.61234486
508,523,0.6015715
508,524,0.61766636
508,525,0.6199987
508,526,0.6682735
508,527,0.6400665
508,528,0.6154257
508,529,0.6227226
508,530,0.6508813
508,531,0.5589972
508,532,0.62565184
508,533,0.6768404
508,535,0.67504394
508,536,0.62906504
508,537,0.67310107
508,538,0.55320215
508,539,0.6265476
508,540,0.6028517
508,541,0.6686325
508,542,0.67299724
508,543,0.62979436
508,545,0.6102762
508,546,0.660995
508,547,0.5595697
508,548,0.6507252
508,549,0.64530075
508,550,0.6054957
508,551,0.74780697
508,552,0.6355634
508,553,0.6514639
508,554,0.6655335
508,556,0.71504784
508,713,0.56696737
509,516,0.60895216
509,517,0.7279301
509,518,0.5760978
509,521,0.5520596
509,528,0.5620072
509,551,0.5711238
510,511,0.719608
510,512,0.6364504
510,513,0.6450316
510,514,0.59796226
510,516,0.5746789
510,518,0.6997968
510,519,0.5761185
510,520,0.66384625
510,521,0.6014949
510,524,0.60331637
510,525,0.67260534
510,526,0.58920723
510,528,0.68396354
510,529,0.691695
510,530,0.6056173
510,532,0.58938557
510,533,0.55704784
510,537,0.6683754
510,538,0.62043595
510,539,0.6188706
510,540,0.6081543
510,541,0.64929676
510,542,0.6913253
510,543,0.6527244
510,544,0.5957571
510,545,0.8137972
510,546,0.6030723
510,547,0.5990191
510,549,0.6474376
510,551,0.646788
510,553,0.68395776
510,554,0.67764366
510,556,0.6159595
510,1645,0.59647924
510,1993,0.58415884
510,2108,0.5588793
510,2468,0.5732445
510,2534,0.5618497
510,2718,0.5565913
510,2721,0.5546347
510,2726,0.563967
510,2816,0.5708691
510,2915,0.58148533
510,2953,0.59430784
510,3089,0.5506228
510,3281,0.63687646
511,513,0.5688083
511,514,0.63536847
511,518,0.6696748
511,520,0.6155651
511,522,0.62666297
511,526,0.5712589
511,528,0.59774256
511,529,0.67903566
511,537,0.55394566
511,538,0.587888
511,539,0.5501524
511,540,0.59928817
511,542,0.6462265
511,545,0.73908484
511,549,0.57235676
511,551,0.63243437
511,553,0.5928131
511,554,0.5997262
512,513,0.6056557
512,515,0.553185
512,516,0.5771868
512,518,0.6636816
512,519,0.5731429
512,520,0.59968454
512,521,0.59746003
512,523,0.5896081
512,525,0.58898383
512,528,0.7476939
512,532,0.6171013
512,535,0.5847523
512,537,0.59586763
512,542,0.5739759
512,543,0.62589276
512,545,0.7173723
512,551,0.5777848
512,552,0.5721196
512,554,0.57057774
512,556,0.55408186
512,2657,0.5543597
512,2747,0.5586377
512,2953,0.57399756
512,3280,0.5578426
513,514,0.6328119
513,515,0.64508647
513,516,0.6523421
513,517,0.56969035
513,518,0.835518
513,519,0.71364677
513,520,0.645924
513,521,0.74828637
513,523,0.66248107
513,524,0.63781035
513,525,0.7100366
513,526,0.6381279
513,527,0.66589725
513,528,0.7456979
513,529,0.6483333
513,530,0.6931689
513,531,0.6366968
513,532,0.7453922
513,533,0.66371703
513,534,0.62523377
513,535,0.7909562
513,536,0.6147971
513,537,0.72729194
513,538,0.6934722
513,539,0.70361006
513,540,0.67533565
513,541,0.7614409
513,542,0.7059086
513,543,0.6758745
513,544,0.5960903
513,545,0.7442079
513,546,0.69347423
513,547,0.57189506
513,548,0.66729236
513,549,0.64915776
513,550,0.6819541
513,551,0.7273629
513,552,0.62712777
513,553,0.6804029
513,554,0.6715101
513,555,0.62180185
513,556,0.739851
513,713,0.59537774
514,515,0.5940706
514,516,0.599862
514,518,0.68281424
514,519,0.57588327
514,520,0.60526276
514,521,0.5922954
514,522,0.59572923
514,523,0.5995619
514,524,0.5584512
514,525,0.6518701
514,526,0.6520984
514,527,0.70676816
514,528,0.66731584
514,529,0.63301677
514,530,0.63056856
514,531,0.78902155
514,532,0.6562711
514,533,0.6338977
514,534,0.58615124
514,535,0.5897052
514,537,0.6925937
514,538,0.7023926
514,539,0.6830484
514,540,0.69964945
514,541,0.56675005
514,542,0.62538713
514,543,0.5891709
514,544,0.5671195
514,545,0.6920725
514,546,0.6118183
514,547,0.5551094
514,548,0.58844435
514,549,0.6324951
514,550,0.57909334
514,551,0.6256453
514,552,0.6293516
514,553,0.6348653
514,554,0.60492945
514,555,0.58847654
514,556,0.67064357
515,518,0.7224598
515,519,0.6252254
515,520,0.64621484
515,521,0.6126684
515,522,0.6460084
515,523,0.5982356
515,524,0.6220343
515,525,0.644083
515,526,0.659171
515,527,0.71980166
515,528,0.670596
515,529,0.6260086
515,530,0.60547686
515,531,0.6030711
515,532,0.68386346
515,533,0.65378773
515,534,0.6550138
515,535,0.6435175
515,536,0.5749731
515,537,0.6414274
515,538,0.57729834
515,539,0.7457222
515,540,0.67417204
515,541,0.6735212
515,542,0.693038
515,543,0.5843475
515,544,0.6285408
515,545,0.6443428
515,546,0.61830837
515,547,0.59724313
515,548,0.6614834
515,549,0.60649663
515,550,0.6476302
515,551,0.66883594
515,552,0.6638551
515,553,0.6886581
515,554,0.68022597
515,555,0.6688246
515,556,0.6789213
515,713,0.5645397
516,517,0.5930543
516,518,0.6763679
516,519,0.67850393
516,520,0.5645318
516,521,0.6680807
516,523,0.60006607
516,525,0.67102057
516,526,0.55613935
516,527,0.57845736
516,528,0.6834966
516,529,0.5770158
516,530,0.62139475
516,532,0.6033501
516,533,0.61751103
516,535,0.6599454
516,537,0.6629659
516,538,0.63493335
516,539,0.58838385
516,540,0.6483027
516,541,0.66387033
516,542,0.61196005
516,543,0.6921096
516,545,0.64924884
516,546,0.6728838
516,547,0.6145934
516,548,0.64249766
516,549,0.56402475
516,550,0.5820813
516,551,0.6934861
516,552,0.64027774
516,553,0.5981995
516,554,0.63987553
516,556,0.6256875
516,713,0.5773469
517,518,0.6288477
517,520,0.55208254
517,528,0.56366926
517,530,0.5511713
517,532,0.5711639
517,541,0.5772315
517,542,0.5745268
517,545,0.56011015
517,547,0.55698276
517,551,0.62819636
517,554,0.59778523
517,556,0.5547572
518,519,0.6905115
518,520,0.7419955
518,521,0.7773923
518,522,0.65203106
518,523,0.69172317
518,524,0.6831591
518,525,0.67620385
518,526,0.7264069
518,527,0.73388636
518,528,0.7654294
518,529,0.7791168
518,530,0.7479137
518,531,0.6573609
518,532,0.76589924
518,533,0.74762577
518,534,0.64528835
518,535,0.8090159
518,536,0.70784354
518,537,0.73766106
518,538,0.740096
518,539,0.7659442
518,540,0.7681898
518,541,0.80685604
518,542,0.78219366
518,543,0.65946203
518,544,0.6601013
518,545,0.7957385
518,546,0.71360743
518,547,0.6825503
518,548,0.675035
518,549,0.76048476
518,550,0.7200651
518,551,0.80061793
518,552,0.7246676
518,553,0.76193774
518,554,0.7835383
518,555,0.6888033
518,556,0.73584795
518,713,0.5925796
518,2500,0.55614424
519,520,0.66359466
519,521,0.6785644
519,523,0.6843045
519,524,0.6691855
519,525,0.7377211
519,526,0.623005
519,527,0.66850877
519,528,0.75871193
519,529,0.63525426
519,530,0.64797544
519,531,0.59081423
519,532,0.6730864
519,533,0.7020831
519,534,0.5830551
519,535,0.70295477
519,536,0.6477728
519,537,0.75997317
519,538,0.65601355
519,539,0.6915965
519,540,0.66858625
519,541,0.6708393
519,542,0.6685263
519,543,0.69442236
519,544,0.58301675
519,545,0.64472926
519,546,0.7059126
519,547,0.62227464
519,548,0.70809734
519,549,0.60423553
519,550,0.625323
519,551,0.7111355
519,552,0.6127372
519,553,0.6877892
519,554,0.70031977
519,556,0.7275493
519,713,0.6045536
520,521,0.5917307
520,522,0.5902617
520,523,0.56791085
520,524,0.68568325
520,525,0.57471627
520,526,0.70474124
520,527,0.6692955
520,528,0.69258356
520,529,0.7401949
520,530,0.6379218
520,531,0.561411
520,532,0.61528
520,533,0.6789627
520,535,0.60372746
520,536,0.655802
520,537,0.67401475
520,538,0.6157617
520,539,0.6912135
520,540,0.6571486
520,541,0.7006658
520,542,0.7300491
520,543,0.63116455
520,544,0.6444825
520,545,0.7271786
520,546,0.6283578
520,547,0.642535
520,548,0.59585994
520,549,0.6915258
520,550,0.58631253
520,551,0.7715512
520,552,0.65177536
520,553,0.7308328
520,554,0.77903605
520,555,0.5884565
520,556,0.66315925
521,523,0.6575413
521,524,0.63715947
521,525,0.7284934
521,526,0.60259855
521,527,0.6564745
521,528,0.7224854
521,529,0.5929687
521,530,0.66738516
521,531,0.5848398
521,532,0.6764327
521,533,0.6381719
521,534,0.6391735
521,535,0.7622702
521,536,0.6700095
521,537,0.6854582
521,538,0.6763361
521,539,0.673332
521,540,0.73230684
521,541,0.74428856
521,542,0.6606973
521,543,0.6512482
521,545,0.62558335
521,546,0.66482866
521,547,0.5789988
521,548,0.70438
521,549,0.6374339
521,550,0.671137
521,551,0.6646493
521,552,0.6840327
521,553,0.6928728
521,554,0.64676833
521,555,0.55049896
521,556,0.69325244
521,713,0.5694578
521,2154,0.557382
522,526,0.5530692
522,527,0.602558
522,528,0.63111615
522,529,0.6580223
522,531,0.55800396
522,532,0.58453745
522,533,0.56101567
522,535,0.5559801
522,537,0.55772495
522,538,0.61817837
522,539,0.61329556
522,540,0.6276925
522,541,0.57568944
522,542,0.6179644
522,545,0.6077298
522,547,0.5773463
522,549,0.60062337
522,550,0.5592103
522,551,0.6109088
522,552,0.5774865
522,553,0.6253887
522,554,0.68644774
522,555,0.5840651
522,556,0.5508698
523,524,0.5952252
523,525,0.7161637
523,526,0.55506206
523,527,0.64780736
523,528,0.75050175
523,530,0.6293942
523,531,0.60453737
523,532,0.71441424
523,533,0.6815183
523,534,0.5963006
523,535,0.6537169
523,537,0.6435329
523,538,0.6610669
523,539,0.628494
523,540,0.7197157
523,541,0.6081716
523,542,0.64894086
523,543,0.65719247
523,545,0.6391906
523,546,0.6705351
523,548,0.57338214
523,549,0.55997366
523,550,0.56037104
523,551,0.7120322
523,552,0.6273521
523,553,0.6286965
523,554,0.6150979
523,556,0.68194544
523,713,0.55892336
523,2500,0.57569766
524,525,0.63068914
524,526,0.7107029
524,527,0.68917626
524,528,0.646038
524,529,0.7020638
524,530,0.66799915
524,532,0.6680328
524,533,0.61537784
524,534,0.5756029
524,535,0.6159992
524,536,0.7272737
524,537,0.6669489
524,538,0.68859565
524,539,0.73894286
524,540,0.66986096
524,541,0.67679524
524,542,0.7246997
524,543,0.60766196
524,544,0.67953986
524,545,0.6688975
524,546,0.6606475
524,547,0.6230434
524,548,0.69773835
524,549,0.61989343
524,550,0.5506339
524,551,0.7110355
524,552,0.6191939
524,553,0.62346673
524,554,0.7105664
524,555,0.6270442
524,556,0.6865311
525,526,0.5813092
525,527,0.64466417
525,528,0.7217806
525,529,0.5609025
525,530,0.6509987
525,531,0.6844897
525,532,0.7510712
525,533,0.6428262
525,534,0.67482436
525,535,0.6541259
525,537,0.6958722
525,538,0.71237445
525,539,0.65104806
525,540,0.71880025
525,541,0.67830896
525,542,0.63445985
525,543,0.74073875
525,545,0.697018
525,546,0.7240176
525,548,0.64024293
525,549,0.58307016
525,550,0.61612296
525,551,0.6374586
525,552,0.6163385
525,553,0.71055424
525,554,0.63959575
525,556,0.7659004
525,713,0.6124083
525,2500,0.5903866
526,527,0.7473774
526,528,0.6172049
526,529,0.73415273
526,530,0.6802021
526,531,0.5775576
526,532,0.6420486
526,533,0.66645324
526,534,0.591429
526,535,0.6502863
526,536,0.73447824
526,537,0.6809279
526,538,0.599254
526,539,0.7440928
526,540,0.66148925
526,541,0.6479958
526,542,0.7264252
526,543,0.6048124
526,544,0.6684139
526,545,0.68559784
526,546,0.69550264
526,547,0.6677173
526,548,0.66644305
526,549,0.6958184
526,550,0.6408062
526,551,0.73847574
526,552,0.65153
526,553,0.70439446
526,554,0.7326594
526,555,0.6491724
526,556,0.7249447
527,528,0.7092601
527,529,0.6695119
527,530,0.7213673
527,531,0.6518811
527,532,0.7241709
527,533,0.7073443
527,534,0.6876206
527,535,0.6557909
527,536,0.6928519
527,537,0.7310596
527,538,0.6754488
527,539,0.8006018
527,540,0.7351912
527,541,0.64733785
527,542,0.7138388
527,543,0.57626855
527,544,0.6872759
527,545,0.6741747
527,546,0.68290085
527,547,0.65399384
527,548,0.73130804
527,549,0.66982406
527,550,0.6472886
527,551,0.7252815
527,552,0.7260181
527,553,0.6954348
527,554,0.70426977
527,555,0.68295646
527,556,0.7359551
527,713,0.5924263
528,529,0.6933917
528,530,0.7085811
528,531,0.669359
528,532,0.7473372
528,533,0.65723085
528,534,0.6716532
528,535,0.7688515
528,536,0.6346069
528,537,0.79827404
528,538,0.7115851
528,539,0.72540987
528,540,0.7433441
528,541,0.6770636
528,542,0.73513305
528,543,0.73108065
528,544,0.62200606
528,545,0.7747276
528,546,0.7171773
528,547,0.68390864
528,548,0.6894288
528,549,0.65446424
528,550,0.58266795
528,551,0.76545465
528,552,0.70916724
528,553,0.6802279
528,554,0.74226606
528,555,0.56272006
528,556,0.72530675
528,713,0.5669561
528,2500,0.558964
529,530,0.679976
529,532,0.6604692
529,533,0.6582347
529,535,0.6451056
529,536,0.70457643
529,537,0.69871676
529,538,0.65604925
529,539,0.75293833
529,540,0.68413407
529,541,0.688961
529,542,0.7508348
529,543,0.65109706
529,544,0.63697577
529,545,0.7700303
529,546,0.679839
529,547,0.7025553
529,548,0.6060628
529,549,0.7045793
529,550,0.5741827
529,551,0.77434874
529,552,0.6593069
529,553,0.6694816
529,554,0.81379485
529,555,0.6038836
529,556,0.70979273
530,531,0.59924245
530,532,0.6838403
530,533,0.681352
530,534,0.6519414
530,535,0.73829293
530,536,0.6642313
530,537,0.71885717
530,538,0.6477084
530,539,0.6808666
530,540,0.69013083
530,541,0.6582549
530,542,0.66016793
530,543,0.658188
530,544,0.61359924
530,545,0.67962384
530,546,0.66881573
530,547,0.6777065
530,548,0.6609931
530,549,0.6518852
530,550,0.58495486
530,551,0.78347695
530,552,0.6887634
530,553,0.6268648
530,554,0.70792454
530,555,0.6262698
530,556,0.68798774
530,713,0.65282845
531,532,0.66318023
531,533,0.5858172
531,534,0.58520544
531,535,0.6410063
531,537,0.64256775
531,538,0.59501505
531,539,0.6346491
531,540,0.62768406
531,541,0.57549006
531,542,0.6256292
531,543,0.55929893
531,545,0.608052
531,546,0.59930277
531,548,0.5589262
531,550,0.55871004
531,551,0.5803374
531,552,0.630253
531,553,0.605181
531,554,0.5876459
531,555,0.56811213
531,556,0.62525594
532,533,0.67923474
532,534,0.67450553
532,535,0.6905754
532,536,0.5889653
532,537,0.7211506
532,538,0.7343854
532,539,0.71141994
532,540,0.69329065
532,541,0.71825755
532,542,0.6973859
532,543,0.66475445
532,544,0.568401
532,545,0.7249855
532,546,0.72520024
532,547,0.5828252
532,548,0.6267551
532,549,0.6596005
532,550,0.64922583
532,551,0.72155285
532,552,0.7035849
532,553,0.6631707
532,554,0.6796646
532,555,0.5989977
532,556,0.75689024
532,713,0.5982809
532,2500,0.5612478
533,534,0.6064265
533,535,0.67289937
533,536,0.6129421
533,537,0.69169825
533,538,0.6291399
533,539,0.66054285
533,540,0.6711756
533,541,0.6477234
533,542,0.68654674
533,543,0.6700577
533,544,0.62570876
533,545,0.6592663
533,546,0.6789304
533,547,0.6293237
533,548,0.58635503
533,549,0.67726994
533,550,0.6821623
533,551,0.7411071
533,552,0.63072515
533,553,0.75003767
533,554,0.6692549
533,556,0.66997725
533,713,0.60966134
534,535,0.7177633
534,536,0.56590796
534,537,0.63172024
534,538,0.6246494
534,539,0.6690097
534,540,0.6432173
534,541,0.6144892
534,542,0.6097952
534,543,0.5680842
534,546,0.6075815
534,548,0.7026228
534,549,0.5710023
534,550,0.61053413
534,551,0.6003014
534,552,0.6764846
534,553,0.60210603
534,554,0.58468187
534,555,0.6261945
534,556,0.6188061
534,713,0.6254635
535,536,0.6705413
535,537,0.68868345
535,538,0.6429874
535,539,0.6830643
535,540,0.6898214
535,541,0.7732658
535,542,0.6775477
535,543,0.64968383
535,545,0.62539124
535,546,0.6672878
535,547,0.6525786
535,548,0.74893415
535,549,0.62420344
535,550,0.6793554
535,551,0.72155046
535,552,0.69637096
535,553,0.652823
535,554,0.71264124
535,555,0.6280991
535,556,0.7061031
535,713,0.61372507
535,2154,0.55478334
536,537,0.6335192
536,538,0.65761375
536,539,0.69641566
536,540,0.6439949
536,541,0.6406838
536,542,0.7447232
536,543,0.5861621
536,544,0.61660385
536,545,0.6004664
536,546,0.6180647
536,547,0.6522582
536,548,0.6520102
536,549,0.661384
536,550,0.61187273
536,551,0.717999
536,552,0.6028155
536,553,0.61812836
536,554,0.71716815
536,555,0.57255256
536,556,0.62419915
537,538,0.69822824
537,539,0.7541075
537,540,0.68854535
537,541,0.68110085
537,542,0.72736585
537,543,0.7193469
537,544,0.65003526
537,545,0.75564504
537,546,0.7396342
537,547,0.6639815
537,548,0.6953844
537,549,0.67070794
537,550,0.6346974
537,551,0.73643154
537,552,0.6488228
537,553,0.72814053
537,554,0.72166
537,555,0.59066373
537,556,0.7473695
537,713,0.5996948
537,2915,0.56709224
538,539,0.6869955
538,540,0.70862126
538,541,0.6351151
538,542,0.6859493
538,543,0.61485046
538,544,0.57511806
538,545,0.70002115
538,546,0.6509435
538,548,0.6231462
538,549,0.64488924
538,550,0.63143826
538,551,0.66726995
538,552,0.60104185
538,553,0.6272411
538,554,0.6443143
538,555,0.5630928
538,556,0.679024
538,713,0.5548942
539,540,0.7560221
539,541,0.7036607
539,542,0.7623724
539,543,0.6553681
539,544,0.7424065
539,545,0.7179058
539,546,0.689959
539,547,0.67645216
539,548,0.72277546
539,549,0.72177476
539,550,0.65365684
539,551,0.71150243
539,552,0.67800844
539,553,0.72579193
539,554,0.742009
539,555,0.71143925
539,556,0.7921617
539,713,0.5839143
540,541,0.672516
540,542,0.7083223
540,543,0.62920713
540,544,0.6028825
540,545,0.6627884
540,546,0.64648914
540,547,0.6334604
540,548,0.7011455
540,549,0.7017431
540,550,0.6547779
540,551,0.73014116
540,552,0.6720009
540,553,0.66080457
540,554,0.66446185
540,555,0.6672412
540,556,0.7183651
540,713,0.60706735
540,2154,0.5653184
541,542,0.71330607
541,543,0.6401267
541,545,0.6679914
541,546,0.676569
541,547,0.6407189
541,548,0.6761097
541,549,0.68378747
541,550,0.75145364
541,551,0.718071
541,552,0.6710055
541,553,0.7306553
541,554,0.76034427
541,555,0.60761225
541,556,0.6846291
541,713,0.5906882
542,543,0.66233593
542,544,0.71932274
542,545,0.7448409
542,546,0.69852483
542,547,0.7031595
542,548,0.6620004
542,549,0.6803848
542,550,0.65737736
542,551,0.7898387
542,552,0.6468166
542,553,0.71817386
542,554,0.75545263
542,555,0.670144
542,556,0.6858158
542,713,0.56787515
543,545,0.7016567
543,546,0.70440006
543,547,0.62170494
543,548,0.6001438
543,549,0.6180785
543,550,0.56776154
543,551,0.71767354
543,552,0.6282807
543,553,0.6579367
543,554,0.6972971
543,556,0.72510123
543,713,0.64268655
543,2500,0.5521512
543,2921,0.5502883
544,545,0.6380863
544,546,0.6345221
544,547,0.5972948
544,548,0.6063359
544,549,0.6838653
544,550,0.567747
544,551,0.6149524
544,552,0.5518272
544,553,0.61217463
544,554,0.6221694
544,555,0.61900115
544,556,0.613201
545,546,0.6850248
545,547,0.6336404
545,548,0.5982653
545,549,0.6836983
545,550,0.5795814
545,551,0.7337334
545,552,0.63287055
545,553,0.68842816
545,554,0.74218726
545,555,0.5689577
545,556,0.71362305
545,3281,0.5607626
546,547,0.56221473
546,548,0.65027654
546,549,0.64016134
546,550,0.58645904
546,551,0.7586285
546,552,0.6426655
546,553,0.66695464
546,554,0.6774981
546,555,0.55977446
546,556,0.7839959
546,713,0.64297974
547,548,0.6115773
547,549,0.62966704
547,550,0.5509139
547,551,0.70325196
547,552,0.609589
547,553,0.6712589
547,554,0.74724585
547,556,0.62525165
548,549,0.6143342
548,550,0.6257742
548,551,0.6542058
548,552,0.7217659
548,553,0.6006347
548,554,0.6831161
548,555,0.6238788
548,556,0.6712961
548,713,0.62279844
549,550,0.74190426
549,551,0.6901131
549,552,0.6657763
549,553,0.6745113
549,554,0.7108341
549,555,0.5554433
549,556,0.6602534
549,713,0.5686185
550,551,0.6257665
550,552,0.6074686
550,553,0.71420336
550,554,0.62852025
550,556,0.6092513
550,713,0.58597237
551,552,0.7290604
551,553,0.7023517
551,554,0.79260266
551,555,0.6185222
551,556,0.75200176
551,713,0.6536828
552,553,0.64450645
552,554,0.71245927
552,555,0.570222
552,556,0.6731453
552,713,0.5786629
553,554,0.73109275
553,555,0.6027814
553,556,0.6965432
554,555,0.6078125
554,556,0.70864034
554,713,0.5555209
555,556,0.5769495
556,713,0.61899555
556,2154,0.5801858
556,2500,0.5746555
556,2921,0.58093035
557,675,0.624178
557,684,0.59289277
557,697,0.6056477
559,1175,0.55079204
559,1266,0.5516701
559,1537,0.5562568
559,2358,0.5552272
561,730,0.5516039
561,744,0.58634055
561,790,0.56570214
561,868,0.5776029
561,1005,0.5554261
561,2135,0.5657387
561,2267,0.5834869
561,2437,0.55884975
561,2766,0.56759
562,1689,0.55475473
563,610,0.56125087
563,620,0.5618569
563,637,0.5665887
563,671,0.58407855
563,735,0.55068964
563,787,0.5873611
563,809,0.56165737
563,843,0.5918066
563,848,0.58934045
563,850,0.5538562
563,856,0.5531868
563,901,0.5752814
563,929,0.55880564
563,945,0.56723976
563,958,0.6017146
563,965,0.56624055
563,991,0.5514632
563,996,0.55048275
563,1008,0.5558743
563,1010,0.5608046
563,1025,0.5993131
563,1028,0.6103593
563,1038,0.5979351
563,1045,0.5722007
563,1071,0.59396195
563,1074,0.58231217
563,1080,0.5500143
563,1100,0.576694
563,1114,0.60496545
563,1115,0.5710194
563,1116,0.5762794
563,1117,0.55922973
563,1128,0.56016463
563,1159,0.6402818
563,1200,0.5662886
563,1219,0.57555556
563,1235,0.56271493
563,1256,0.5545597
563,1259,0.5546055
563,1262,0.57639873
563,1266,0.61083245
563,1270,0.5769657
563,1277,0.59421206
563,1326,0.56489915
563,1327,0.551298
563,1354,0.62210214
563,1358,0.57438093
563,1366,0.56750184
563,1410,0.5514396
563,1444,0.55189836
563,1445,0.57946473
563,1447,0.6513586
563,1516,0.5552061
563,1542,0.5996029
563,1545,0.56635034
563,1546,0.580783
563,1622,0.60567385
563,1682,0.57659733
563,1710,0.58062124
563,1721,0.5935243
563,1770,0.620263
563,1778,0.5912155
563,1800,0.6196041
563,1859,0.5522182
563,1867,0.5719529
563,1878,0.57282686
563,1879,0.5646266
563,1885,0.5969714
563,1930,0.56855905
563,1936,0.56275785
563,1956,0.5513178
563,1959,0.57944274
563,2041,0.5601858
563,2043,0.5639877
563,2044,0.55230063
563,2097,0.5827533
563,2110,0.5580572
563,2117,0.5638925
563,2118,0.5638421
563,2163,0.55173236
563,2168,0.5664591
563,2197,0.57266927
563,2208,0.563112
563,2251,0.5799431
563,2257,0.5552343
563,2273,0.6158414
563,2300,0.57841897
563,2320,0.5661831
563,2344,0.55152553
563,2374,0.58797026
563,2384,0.5646746
563,2398,0.56452686
563,2400,0.5709213
563,2419,0.57343507
563,2422,0.5872961
563,2440,0.55866313
563,2463,0.5700004
563,2464,0.59525156
563,2474,0.6212281
563,2643,0.5504592
563,2666,0.64818406
563,2689,0.5911672
563,2748,0.5995238
563,2891,0.55651283
563,2971,0.6147777
563,2998,0.5993131
563,3154,0.5942431
563,3177,0.5595858
563,3209,0.5903752
563,3220,0.5696718
563,3242,0.5677265
563,3264,0.61743534
563,3266,0.5711361
563,3267,0.56103843
563,3268,0.57439446
564,850,0.6015667
564,917,0.551569
564,989,0.56872463
564,1015,0.551515
564,1016,0.6191739
564,1085,0.55384004
564,1126,0.5510534
564,1146,0.6178883
564,1492,0.58212686
564,1585,0.55166644
564,1643,0.58259094
564,2027,0.6225081
564,2044,0.5763346
564,2249,0.56245154
564,2325,0.5518601
564,2558,0.5853065
564,2787,0.5792355
564,2817,0.5596794
564,2847,0.5673426
564,2877,0.5535531
564,3047,0.5691558
564,3089,0.64068997
564,3124,0.5575785
564,3177,0.5568243
564,3179,0.5565997
564,3232,0.57497585
566,3069,0.55199015
567,886,0.6161754
567,957,0.5890745
567,1008,0.5931337
567,1040,0.57790023
567,1266,0.5888898
567,2111,0.5529181
567,2207,0.5750607
567,2553,0.613528
567,3050,0.56369036
569,1755,0.55117464
569,1899,0.5529315
571,756,0.8385426
571,757,0.8184129
571,758,0.8161315
571,825,0.55424
572,671,0.578377
572,857,0.5537764
572,919,0.5659348
572,1128,0.57466054
572,1200,0.5764751
572,1218,0.5510401
572,1277,0.5511495
572,1360,0.65405357
572,1622,0.56064
572,1643,0.6474509
572,1776,0.60996974
572,1835,0.5550736
572,2378,0.5849914
572,2479,0.5638043
572,2517,0.6207645
572,2558,0.55935687
572,2606,0.5559602
572,2615,0.61187464
572,2652,0.5602999
572,2663,0.55865526
572,2682,0.60116863
572,2696,0.5746878
572,3089,0.56827474
572,3176,0.5542613
572,3209,0.57699513
572,3216,0.5807164
573,938,0.5716772
573,1431,0.5882291
574,2600,0.56553537
575,838,0.5512974
575,3282,0.59398067
576,577,0.6061718
576,593,0.5731411
576,630,0.6076473
576,795,0.60931444
576,805,0.6076473
576,859,0.6212603
576,872,0.6057193
576,932,0.5727062
576,1009,0.61112785
576,1267,0.64447916
576,1383,0.5525079
576,1386,0.66658944
576,1636,0.5853367
576,1704,0.5882001
576,1722,0.5729313
576,1748,0.5730328
576,2132,0.55669194
577,859,0.6121264
577,1704,0.5549146
578,745,0.60794544
578,1277,0.5758014
578,1328,0.5507552
578,1699,0.5625155
578,2000,0.58670485
578,2107,0.5668628
578,2274,0.5838655
578,2275,0.5683872
578,2442,0.61975026
578,2443,0.58595073
578,2450,0.56154037
578,2494,0.55317485
578,2573,0.5632012
578,2880,0.5540935
578,2996,0.55083764
578,3013,0.57502824
578,3089,0.55604833
579,891,0.5692873
579,934,0.57032275
579,1383,0.5607865
579,1928,0.5600378
580,587,0.68661636
582,703,0.5541122
582,715,0.5602581
582,844,0.5603099
582,857,0.56554824
582,863,0.553813
582,1266,0.56049335
582,1326,0.5536407
582,1667,0.5549023
582,1790,0.55188924
582,1879,0.57519746
582,1910,0.55939204
582,1993,0.57763875
582,2001,0.58803254
582,2206,0.6337353
582,2219,0.56821275
582,2284,0.5562781
582,2479,0.5760617
582,3025,0.55704653
584,920,0.60554105
584,1926,0.55459994
585,1945,0.7877598
586,725,0.59641623
588,2437,0.5592968
590,1106,0.55282676
590,1115,0.56359154
590,1326,0.5535017
590,2257,0.56136906
590,2689,0.55084956
591,730,0.57832193
591,738,0.59424317
591,922,0.55652523
591,980,0.5617839
591,1003,0.5998746
591,1015,0.5886271
591,1017,0.55352014
591,1864,0.6194678
591,1866,0.5630449
591,2015,0.55399144
591,2135,0.5502392
591,2235,0.6032834
591,2701,0.6145139
595,754,0.55669034
595,816,0.6200323
595,901,0.58074033
595,999,0.60046464
595,1010,0.5637893
595,1105,0.65402293
595,1262,0.5738563
595,1277,0.57061356
595,1326,0.5694836
595,1528,0.6254679
595,1621,0.56755257
595,1790,0.5545021
595,1799,0.57180977
595,1807,0.558983
595,1859,0.60180193
595,1938,0.6344094
595,2076,0.5581113
595,2162,0.59229887
595,2256,0.55212176
595,2257,0.55029
595,2760,0.5531636
595,3025,0.56428564
595,3217,0.55635256
596,1250,0.5950612
596,1290,0.5765916
596,1744,0.5516612
596,1797,0.56554526
596,2425,0.5624495
598,1620,0.5835766
600,2248,0.57861847
601,605,0.7825289
601,614,0.8082215
601,624,0.7858473
601,627,0.7755405
601,639,0.8472316
601,640,0.86455303
601,964,0.67735606
601,1247,0.62693644
601,1319,0.56310284
601,1437,0.5835091
601,2740,0.64149463
603,1594,0.5539098
603,2818,0.5581177
604,621,0.5617548
604,1151,0.5615871
604,1262,0.5566596
604,1321,0.55400616
604,1648,0.5565309
604,1917,0.5607687
604,1979,0.5706702
604,2029,0.55288875
604,2141,0.5511135
604,2340,0.57883024
604,2343,0.5657263
604,2396,0.58812034
604,2531,0.56873417
604,2606,0.5590262
604,2663,0.5510897
604,2684,0.5905894
604,2805,0.5692689
604,2847,0.5570234
604,2887,0.5605602
605,614,0.91698253
605,624,0.88672364
605,627,0.892513
605,639,0.8777749
605,640,0.8540182
605,815,0.5762092
605,964,0.8028922
605,1247,0.71988547
605,1255,0.5527587
605,1319,0.7083665
605,1435,0.58319867
605,1437,0.6021825
605,1599,0.5569366
605,1773,0.57806975
605,1856,0.6080153
605,2740,0.6814064
605,3298,0.66936034
606,1312,0.5815495
607,653,0.9059795
608,792,0.95578444
608,920,0.5527946
608,1640,0.6122183
609,692,0.5597064
609,1273,0.5694936
609,1528,0.5546001
609,1982,0.5530474
609,2476,0.55229133
609,2754,0.61444414
609,3290,0.55332524
610,1287,0.5606758
610,1306,0.55133116
612,842,0.57295275
612,1721,0.554238
612,2269,0.6091373
613,933,0.5518333
613,1088,0.5517481
614,624,0.8732418
614,627,0.9005883
614,639,0.87424904
614,640,0.84931135
614,815,0.5526631
614,964,0.80412525
614,1247,0.72020376
614,1255,0.56051016
614,1319,0.72201014
614,1364,0.5616189
614,1437,0.59745795
614,1773,0.5792768
614,1856,0.6121057
614,2740,0.65646476
614,3298,0.6710206
617,734,0.5539266
617,740,0.5504366
617,933,0.55878365
617,990,0.5808109
617,1242,0.5716207
617,1256,0.5546453
617,1682,0.55690247
617,1741,0.5654712
617,1799,0.6065383
617,1800,0.5922663
617,1938,0.55958474
617,2190,0.5521283
617,2445,0.5821878
617,2450,0.5558766
617,2474,0.5676899
617,2633,0.5532192
617,3023,0.56737995
617,3096,0.5552923
617,3186,0.550411
617,3257,0.59460205
619,731,0.62331814
619,2110,0.5961057
620,730,0.55300784
620,848,0.55393374
620,850,0.555876
620,902,0.5764499
620,915,0.5564105
620,946,0.55902576
620,1075,0.56550443
620,1100,0.58435464
620,1259,0.95392686
620,1262,0.56642026
620,1263,0.59601736
620,1266,0.56680316
620,1539,0.5575353
620,1800,0.5509558
620,1878,0.5768925
620,1930,0.5512928
620,1959,0.62184095
620,2264,0.5649754
620,2440,0.57254994
620,2486,0.5788074
621,652,0.61806834
621,1116,0.5571102
621,2971,0.5594747
621,3136,0.55901253
623,982,0.5517566
623,1308,0.5721265
623,1537,0.55856276
624,627,0.90885603
624,639,0.85742027
624,640,0.8571455
624,964,0.82467496
624,1247,0.72978836
624,1319,0.7327485
624,1437,0.60442734
624,2740,0.6478714
624,3298,0.66909325
626,691,0.55093765
626,1564,0.5681427
626,1633,0.5673351
626,1653,0.6192534
626,1669,0.5577012
626,1705,0.5540363
626,1729,0.55819786
626,1754,0.6045919
626,1823,0.5725244
626,1832,0.5595976
626,1899,0.6074355
626,1940,0.5690744
626,2052,0.63868165
626,2055,0.5769554
626,2076,0.58045846
626,2146,0.59639865
626,2177,0.57089317
626,2202,0.57759374
626,2206,0.5623311
626,2262,0.5856521
626,2281,0.5884027
626,2350,0.55401325
626,2355,0.583605
626,2356,0.5800482
626,2363,0.5679188
626,2390,0.6049595
626,2395,0.55681044
626,2432,0.55425084
626,2442,0.6582695
626,2522,0.56537884
626,2534,0.5557777
626,2573,0.673295
626,2615,0.57903814
626,2671,0.55400836
626,2700,0.597238
626,2718,0.5899006
626,2722,0.5896036
626,2726,0.6083474
626,2742,0.5909128
626,2755,0.571507
626,2811,0.57588303
626,2872,0.55537456
626,2890,0.5971575
626,2916,0.5886879
626,2927,0.61151516
626,2953,0.55339146
626,3022,0.5690216
626,3025,0.56929857
626,3056,0.5918021
626,3080,0.56998366
626,3083,0.5503439
626,3089,0.59070325
626,3098,0.5945295
626,3099,0.58999676
626,3104,0.6158565
626,3130,0.5766381
626,3274,0.576766
627,639,0.8682343
627,640,0.83919877
627,815,0.58805776
627,964,0.8355264
627,1247,0.7645447
627,1319,0.7580986
627,1437,0.58855474
627,1773,0.5953498
627,1856,0.6447011
627,2740,0.6835935
627,3298,0.6860793
628,1773,0.55046165
629,822,0.5936139
629,1778,0.5590888
629,3003,0.5613791
630,739,0.5555535
630,805,1.0
630,932,0.5764098
630,1009,0.60534143
633,1422,0.55061495
633,1630,0.5690948
633,1699,0.56019497
633,1710,0.5827409
633,1761,0.5879879
633,2247,0.61524713
633,2880,0.56267226
633,2968,0.57762516
637,671,0.5832269
637,789,0.5847322
637,859,0.5610631
637,958,0.56325513
637,991,0.6049088
637,1035,0.57533205
637,1117,0.5672772
637,1159,0.5549906
637,1169,0.5825342
637,1263,0.55031765
637,1270,0.6179985
637,1304,0.58376646
637,1327,0.5704278
637,1333,0.56057584
637,1354,0.5672313
637,1446,0.625159
637,1522,0.5950701
637,1523,0.5911405
637,1524,0.6578106
637,2205,0.63364005
637,2689,0.5960797
637,3233,0.5810737
638,2164,0.5605818
638,2426,0.56130975
638,2551,0.5597328
638,2669,0.5534035
638,2756,0.55094063
639,640,0.9539719
639,815,0.6073725
639,964,0.77914864
639,1247,0.65396047
639,1255,0.56268954
639,1319,0.64774716
639,1425,0.5626917
639,1435,0.5810102
639,1436,0.57584035
639,1437,0.6503593
639,1773,0.6153341
639,1856,0.61476845
639,1911,0.5615256
639,2740,0.6975336
639,3298,0.5762587
640,815,0.55556774
640,964,0.7585079
640,1247,0.6442925
640,1319,0.6086136
640,1435,0.5786166
640,1437,0.6431699
640,1773,0.55163145
640,1856,0.5824731
640,2740,0.6724887
641,651,0.57456756
650,728,0.57373416
650,2241,0.57373416
651,1691,0.5690714
651,1910,0.5668018
651,2132,0.55826914
651,3179,0.557963
652,744,0.58192486
652,1268,0.6163335
652,1648,0.55871934
652,1684,0.5799003
652,1792,0.6325296
652,2222,0.55387986
652,2677,0.5546361
657,715,0.5649812
657,1033,0.61117804
657,1556,0.62166154
657,2515,0.62391365
659,833,0.57680225
660,2880,0.5609097
661,822,0.5795415
664,681,0.94258344
664,682,0.5596403
666,3213,0.5536505
667,724,0.59409773
667,1842,0.55833286
667,2406,0.5750592
667,2593,0.5665748
667,2992,0.5762131
668,1528,0.5867522
668,2218,0.55135643
668,2842,0.58869714
668,3169,0.58853054
671,789,0.5753639
671,1134,0.55770236
671,1142,0.5504869
671,1164,0.5827715
671,1169,0.55046767
671,1200,0.59018755
671,1234,0.57686967
671,1235,0.56430537
671,1266,0.5687672
671,1270,0.57123685
671,1354,0.56456435
671,1445,0.5678793
671,1522,0.5746616
671,1533,0.59873486
671,1682,0.5548391
671,1712,0.56682754
671,1800,0.56838953
671,1807,0.585184
671,2205,0.5530278
671,2474,0.59629387
671,2486,0.5651457
671,2550,0.5735393
671,2620,0.55770236
671,2666,0.5525495
671,2724,0.55854964
671,3154,0.55657077
671,3186,0.5591332
671,3248,0.56664133
671,3264,0.5679319
671,3268,0.5894823
672,675,0.657302
672,684,0.6433537
672,697,0.7621611
675,684,0.59470123
675,697,0.69238055
680,1527,0.5562719
680,2449,0.6062025
680,2591,0.56429386
680,2723,0.5523294
683,1460,0.57040364
683,2386,0.564899
683,3312,0.5893155
684,697,0.6764151
686,803,0.5772974
686,1423,0.6286714
687,3074,0.56895465
689,724,0.6136832
690,1636,0.5643157
690,2132,0.55468345
691,1219,0.55031896
691,1452,0.7721757
691,1454,0.6615118
691,1504,0.7222569
691,1565,0.5513525
691,1594,0.74654746
691,1894,0.56121314
691,1899,0.56538284
691,2000,0.5504961
691,2082,0.6239567
691,2168,0.561406
691,2211,0.57656467
691,2248,0.5501902
691,2442,0.58115375
691,2699,0.5694424
691,2726,0.564907
691,3018,0.6070286
692,857,0.55942065
692,1326,0.5654159
692,1594,0.5615554
692,1721,0.6050298
692,2000,0.5671121
692,2287,0.5500251
692,2492,0.5554105
692,2726,0.5582661
692,2733,0.5670428
692,3209,0.55510354
693,1274,0.5546557
693,1494,0.7267381
693,1534,0.5869848
693,2041,0.5648329
696,1386,0.5639124
696,1748,0.5509182
700,3090,0.565588
701,1317,0.9635885
703,2318,0.5841373
705,758,0.59734964
706,711,0.55911446
711,1672,0.6257193
711,1805,0.61459315
711,2326,0.56303847
711,2449,0.6747165
711,2804,0.6249458
711,3202,0.5934241
712,797,1.0
712,2365,0.5718249
715,860,0.5967452
715,1033,0.5954857
715,1277,0.6094388
715,1447,0.5759196
715,1499,0.61538476
715,1585,0.5591847
715,1778,0.63242453
715,2034,0.57086396
715,2041,0.57442284
715,2252,0.550853
715,2358,0.5872285
715,2378,0.5637223
722,1233,0.571733
723,724,0.8311158
723,1201,0.56705475
723,2590,0.57400286
723,2899,0.5510402
724,968,0.55559283
724,1201,0.60454285
724,1736,0.5607694
724,2426,0.63298154
724,2551,0.5792489
724,2590,0.6294383
724,2593,0.55947316
724,2874,0.5676501
724,2901,0.58679825
724,2992,0.552922
726,1007,0.5659139
726,1105,0.5614596
726,1250,0.5720528
726,1266,0.5612223
726,1705,0.5734893
726,2177,0.58737636
726,2505,0.58032155
726,2579,0.5536655
726,3089,0.55552197
727,1270,0.58399534
727,1323,0.5545492
727,1358,0.55990523
727,1800,0.55302894
727,1886,0.5724803
727,2359,0.5686276
727,2694,0.56976426
727,3233,0.59611577
728,733,0.57643616
728,1152,0.5807333
728,1259,0.55139095
728,1332,0.57496375
728,1638,0.5646172
728,2241,1.0
728,3157,0.57636017
729,1277,0.57175016
729,1528,0.56062347
729,1615,0.58636546
729,1629,0.5546708
729,1778,0.5847244
729,1910,0.5893711
729,2124,0.58716863
729,2343,0.55423665
729,2408,0.5504606
729,2464,0.5882316
729,2663,0.5514525
730,738,0.7015472
730,838,0.5509777
730,868,0.6233511
730,877,0.56259626
730,879,0.55163085
730,886,0.61521614
730,914,0.556931
730,928,0.59547424
730,929,0.6017271
730,989,0.5601079
730,994,0.59839904
730,995,0.56492925
730,1003,0.61706257
730,1015,0.56959677
730,1017,0.6081115
730,1040,0.63125277
730,1266,0.58578205
730,1408,0.56271017
730,1850,0.55087644
730,1864,0.72852874
730,1866,0.56793517
730,2015,0.56193423
730,2088,0.5580373
730,2135,0.60821545
730,2235,0.64337885
730,2267,0.6280097
730,2467,0.5517049
730,2483,0.55321515
730,2576,0.56476915
730,2701,0.6374568
730,3026,0.5746207
731,876,0.5755326
731,1277,0.5643476
731,1761,0.5621441
731,2043,0.55898833
731,2110,0.5843411
731,2118,0.55018663
731,2150,0.5606511
732,751,0.5544312
732,1156,0.5643494
732,1537,0.5553858
732,2325,0.5783571
732,2405,0.57783204
733,734,0.55597055
733,1332,0.56641567
733,1366,0.57395184
733,1638,0.6261773
733,1710,0.5564899
733,1954,0.5886113
733,1970,0.60240483
733,2073,0.5772611
733,2099,0.5691771
733,2226,0.56492597
733,2241,0.57643616
734,892,0.5695584
734,2040,0.58354425
735,753,0.55733883
735,996,0.5751308
735,1004,0.5554085
735,1040,0.5563626
735,1666,0.56547916
735,1959,0.5589761
735,1998,0.5538795
735,2067,0.55707616
735,2666,0.57453215
735,2694,0.56187737
735,2861,0.5550569
735,3025,0.58075273
735,3089,0.56427234
738,788,0.60728157
738,838,0.61747265
738,868,0.5993027
738,879,0.58582187
738,886,0.5926734
738,923,0.55724156
738,928,0.5519214
738,994,0.6024288
738,1003,0.6682195
738,1017,0.67100036
738,1040,0.58499074
738,1846,0.55304146
738,1850,0.5849891
738,1864,0.691048
738,1866,0.6094652
738,2004,0.5741149
738,2015,0.61367184
738,2135,0.6379641
738,2235,0.64741504
738,2267,0.63220406
738,2576,0.5850394
738,2701,0.63994706
738,3026,0.56466436
739,805,0.5555535
740,992,0.55415416
740,1105,0.5948441
740,1171,0.5634011
740,1246,0.63052547
740,1297,0.588114
740,1799,0.6083108
740,1859,0.5972844
740,1938,0.56271684
740,2162,0.5878434
740,2246,0.5529652
740,2329,0.5868712
740,2445,0.5647595
740,2466,0.5556017
740,2482,0.57205415
740,2494,0.5591823
740,2568,0.55303365
740,2759,0.55382276
740,3257,0.5550756
741,1108,0.5515947
741,1121,0.64687973
741,2473,0.57284844
741,3122,0.55113757
742,753,0.5564054
742,958,0.60263777
742,1011,0.5514506
742,1262,0.5696022
742,1266,0.5905132
742,1358,0.59065926
742,1699,0.5617474
742,1879,0.555303
742,1904,0.55938834
742,2053,0.5625514
742,2082,0.5844495
742,2145,0.5705013
742,2177,0.5501206
742,2183,0.5512085
742,2228,0.55629826
742,2358,0.5606567
742,2466,0.56539625
742,2559,0.55035007
742,2666,0.6159642
742,2712,0.5700548
742,2726,0.56021535
742,2852,0.55831826
742,2861,0.5512868
742,2908,0.5501092
742,2918,0.55725336
742,2995,0.5510174
742,3186,0.56980485
744,763,0.58200884
744,790,0.57932734
744,992,0.5815377
744,1171,0.5510272
744,1923,0.558149
744,1965,0.58267874
744,2004,0.5876596
744,2425,0.57079333
744,2766,0.58795893
746,790,0.5904733
746,1285,0.55757284
746,1372,0.55757284
746,2701,0.5551905
746,2766,0.5673218
747,2130,0.56914353
748,816,0.5856808
748,1528,0.55664825
748,2760,0.6204272
748,3127,0.59174657
749,754,0.5590587
749,2625,0.5704976
750,931,0.5836854
751,1164,0.55865335
751,1622,0.56050384
751,2466,0.5688542
751,2666,0.5804153
751,2894,0.58271813
752,1233,0.5518396
752,3297,0.5537896
753,824,0.5798023
753,1033,0.5512303
753,1246,0.5772997
753,1310,0.55978084
753,1941,0.56258035
753,1944,0.55149764
753,2228,0.57461715
753,2739,0.5631051
753,2791,0.57801485
753,3097,0.5535438
753,3291,0.56285644
754,763,0.56535196
754,843,0.5511192
754,948,0.6269649
754,958,0.5637766
754,1246,0.56814605
754,1266,0.5583061
754,1799,0.5741968
754,1879,0.5722502
754,2103,0.5784383
754,2256,0.5931958
754,2445,0.6312633
754,2568,0.55327725
754,3109,0.5623951
754,3267,0.57276136
755,1540,0.5535971
756,757,0.8358946
756,758,0.76667535
757,758,0.78417933
757,1773,0.56861603
760,1385,0.6009892
760,2097,0.55622184
762,782,0.74302256
762,783,0.7066622
762,786,0.6892463
763,771,0.5595911
763,780,0.9158175
763,931,0.5958707
763,1180,0.59352803
763,1684,0.5518325
763,1696,0.5794207
763,1744,0.5985369
763,1794,0.6536453
763,1923,0.6197458
763,2130,0.5541257
763,2178,0.60475355
763,2395,0.5885311
763,2425,0.61246425
763,2597,0.5922781
763,2625,0.5839259
763,2677,0.5738491
763,2882,0.6138281
765,825,0.5928666
765,1504,0.5753579
767,770,0.641286
767,775,0.63923
767,777,0.78723323
767,781,0.81643987
767,785,0.89322066
767,1735,0.5675361
768,769,0.6580533
768,779,0.77397394
768,1664,0.5500916
768,1702,0.5710412
768,1853,0.56871945
768,1907,0.5913801
769,779,0.61044186
770,775,0.5565798
770,777,0.66919196
770,781,0.631622
770,785,0.62680453
771,773,0.57755476
771,1528,0.5535677
772,2395,0.56493247
773,774,0.56059754
773,914,0.58573616
773,1734,0.5563493
773,2425,0.55327725
773,3023,0.55692416
773,3163,0.5919048
775,785,0.5976839
776,778,0.7808869
776,784,0.72576904
776,2260,0.57252455
777,781,0.8099166
777,785,0.8260877
778,784,0.73085254
778,2260,0.57747173
780,931,0.59745616
780,1180,0.5517975
780,1744,0.5888295
780,1794,0.62990355
780,1923,0.5704157
780,2425,0.56441224
780,2597,0.55013
780,2625,0.56053555
780,2677,0.55404145
780,2882,0.59275687
781,785,0.8887557
782,783,0.76336336
782,786,0.7393476
782,1594,0.5514032
783,786,0.74220145
784,1752,0.5596658
786,1785,0.6093802
786,1952,0.5525359
787,809,0.689476
787,899,0.6011588
787,914,0.55062723
787,918,0.562966
787,956,0.5986831
787,958,0.6082072
787,979,0.55820966
787,991,0.55545735
787,1010,0.56250906
787,1038,0.5647523
787,1051,0.6077161
787,1100,0.56537235
787,1117,0.5717354
787,1122,0.5646554
787,1141,0.5616344
787,1159,0.58638537
787,1184,0.5611767
787,1200,0.5575602
787,1232,0.58227736
787,1257,0.55666137
787,1262,0.58327246
787,1266,0.6230501
787,1277,0.5788697
787,1326,0.5502351
787,1444,0.5532803
787,1540,0.56778646
787,1546,0.60447633
787,1611,0.5782799
787,1630,0.5681146
787,1682,0.5639224
787,1699,0.5869454
787,1721,0.5971925
787,1800,0.5776071
787,1801,0.5554304
787,1878,0.55104786
787,1879,0.56041586
787,1885,0.59143066
787,1965,0.5818061
787,2097,0.5644701
787,2104,0.5526908
787,2107,0.61405957
787,2110,0.5554476
787,2118,0.6313292
787,2139,0.5612651
787,2168,0.59964466
787,2183,0.5573064
787,2190,0.57519644
787,2219,0.57574594
787,2251,0.5602952
787,2328,0.58056116
787,2344,0.55746603
787,2383,0.5933379
787,2410,0.58903515
787,2445,0.5901615
787,2463,0.5550059
787,2480,0.55864334
787,2492,0.57102144
787,2512,0.5657889
787,2612,0.5529871
787,2666,0.61148894
787,2685,0.5604334
787,2688,0.5551318
787,2689,0.5803028
787,2710,0.57969594
787,2712,0.579948
787,2748,0.6472764
787,2861,0.5517271
787,2891,0.55330837
787,2928,0.55382013
787,2929,0.5508985
787,3025,0.56309676
787,3048,0.5610147
787,3105,0.5751476
787,3143,0.5584845
787,3154,0.5779407
787,3165,0.55032367
787,3169,0.5536666
787,3177,0.59709585
787,3183,0.56353414
787,3220,0.5554974
787,3248,0.59769285
787,3270,0.5599967
787,3310,0.5546202
788,1017,0.6078633
788,2275,0.60229266
788,2701,0.60957295
789,807,0.564129
789,944,0.5525042
789,991,0.5765163
789,1027,0.60286736
789,1051,0.57383275
789,1074,0.5971993
789,1080,0.6022341
789,1117,0.57575274
789,1118,0.5646645
789,1122,0.5548217
789,1145,0.5829201
789,1159,0.58583057
789,1169,0.6235105
789,1170,0.55461323
789,1266,0.58009136
789,1270,0.69302493
789,1296,0.58443034
789,1323,0.61524993
789,1333,0.599836
789,1446,0.6971139
789,1521,0.5720196
789,1522,0.5887046
789,1523,0.6085093
789,1524,0.60845894
789,1800,0.6213347
789,1936,0.57421255
789,2148,0.59652305
789,2205,0.56308836
789,2331,0.5589502
789,2488,0.5800408
789,2524,0.55852044
789,2689,0.5609641
789,2706,0.58736587
789,2929,0.59277874
789,3264,0.6045456
790,912,0.6471549
790,1005,0.578082
790,2275,0.57328916
790,2379,0.55958897
790,2381,0.5575338
790,2766,0.5770222
792,920,0.5601857
792,1640,0.603187
793,1014,0.5761081
793,1136,0.5677308
793,1159,0.55708146
793,1277,0.5774623
793,1659,0.58453023
793,2043,0.57671857
793,2632,0.5972885
794,1231,0.5639575
794,1611,0.55474
794,2891,0.5599084
795,859,0.56807667
795,1111,0.5541132
795,1267,0.61916316
795,1386,0.58098185
795,1636,0.6080882
795,1694,0.5535401
795,1748,0.5526383
795,2132,0.56500995
797,2365,0.5718249
798,1177,0.57741547
798,1266,0.57174915
798,1706,0.5537627
798,1811,0.5515427
798,1812,0.55806863
798,1987,0.55276626
798,2150,0.58203566
798,2206,0.55504316
798,2262,0.55218065
798,2533,0.5778048
798,2549,0.5720603
798,2778,0.5947783
798,2927,0.5629599
798,3012,0.5507442
798,3117,0.5745543
798,3224,0.55717266
799,2593,0.56111556
801,2558,0.5761633
803,2063,0.5802722
805,932,0.5764098
805,1009,0.60534143
807,1028,0.5932563
807,1051,0.5750439
807,1682,0.5787929
807,1796,0.556787
807,1800,0.5863084
807,2145,0.5812236
807,2256,0.5678554
807,2398,0.59178877
807,2408,0.5706656
807,2464,0.6401077
807,2568,0.604203
807,2607,0.56004983
807,2625,0.5507889
807,2666,0.55275565
807,2726,0.5595316
807,2822,0.556475
807,2861,0.5547235
807,2916,0.56179845
807,2963,0.55189186
807,3267,0.614748
807,3268,0.5733664
807,3288,0.5528446
809,843,0.5649169
809,1028,0.5596627
809,1038,0.5646907
809,1051,0.60013974
809,1100,0.5653248
809,1109,0.56313515
809,1142,0.597981
809,1170,0.5708546
809,1232,0.63824534
809,1248,0.5578024
809,1262,0.62616307
809,1293,0.568649
809,1326,0.5634093
809,1611,0.55275536
809,1682,0.60070014
809,1718,0.5706041
809,1721,0.56282884
809,1757,0.6202753
809,2019,0.57224804
809,2097,0.61594665
809,2110,0.5638162
809,2118,0.6271934
809,2126,0.58672893
809,2139,0.5617633
809,2168,0.5717498
809,2218,0.6584041
809,2344,0.6116362
809,2347,0.56769013
809,2410,0.57305586
809,2464,0.5639608
809,2518,0.55216694
809,2666,0.6226685
809,2689,0.57277477
809,2710,0.63504195
809,2712,0.62464017
809,2748,0.6064359
809,2861,0.550663
809,2906,0.6093954
809,2963,0.55542254
809,2971,0.55750316
809,3008,0.6020407
809,3048,0.60911196
809,3070,0.5686519
809,3220,0.603513
809,3255,0.55429554
809,3264,0.5565541
809,3309,0.5694892
809,3310,0.551947
815,964,0.5779792
815,1247,0.5586747
815,1319,0.5644512
815,1755,0.56523275
815,1844,0.5884106
815,1856,0.5742579
816,901,0.5678954
816,1010,0.5574875
816,1105,0.6080758
816,1262,0.5629314
816,1528,0.58757603
816,1682,0.5804194
816,1859,0.5763413
816,1938,0.6037991
816,2162,0.5968993
816,2191,0.5851823
816,2450,0.588535
816,2726,0.55625546
816,2760,0.66579974
816,2856,0.57206726
816,3317,0.56195205
819,820,0.63939106
819,975,0.64334506
819,1263,0.55508196
820,975,0.6297823
820,1871,0.5853383
820,2993,0.59229004
824,2044,0.5773363
824,2712,0.5757232
826,1221,0.5801878
826,1274,0.5864818
826,1537,0.62678325
829,2901,0.5571343
829,3172,0.59012914
830,1040,0.57815075
830,3016,0.5504799
831,1000,0.6213461
831,1015,0.67141503
831,1016,0.5705541
831,1017,0.6228136
831,1959,0.5503353
831,2701,0.56349325
833,857,0.5760894
833,1797,0.6450435
836,976,0.5558654
836,1391,0.55128324
837,1028,0.5569446
838,928,0.5616721
838,985,0.5516729
838,986,0.62516105
838,987,0.5654718
838,1040,0.5616467
838,1304,0.5638676
838,1864,0.57235634
838,1959,0.6200899
838,2118,0.5644294
838,2267,0.5990535
838,2576,0.58077353
838,2606,0.5692038
840,849,0.56223774
840,1072,0.5626511
841,898,0.5657302
841,913,0.5983883
841,2398,0.57381475
841,2464,0.55778515
842,1612,0.5650981
842,2891,0.56976545
843,996,0.5678297
843,1085,0.5989003
843,1219,0.5514208
843,1310,0.56970245
843,1328,0.57416975
843,1589,0.5583034
843,1739,0.56747246
843,1740,0.6086989
843,1800,0.55265635
843,1878,0.595008
843,1879,0.5539422
843,1982,0.56272686
843,1983,0.5832297
843,2118,0.565487
843,2148,0.5679068
843,2344,0.57161057
843,2405,0.5501653
843,2466,0.5911218
843,2643,0.55745375
843,2861,0.5715282
843,3070,0.5678695
843,3264,0.5553721
844,1879,0.56563973
844,2809,0.55579275
844,3050,0.5677202
845,2097,0.5994907
845,2374,0.570733
847,869,0.56148064
847,878,0.55729246
847,929,0.6093597
847,937,0.5716617
847,987,0.5749478
847,989,0.5757485
847,1146,0.5795113
847,1864,0.56772757
847,2097,0.551696
847,2984,0.56522703
848,901,0.5564159
848,945,0.5551375
848,969,0.5511128
848,1035,0.56522924
848,1038,0.59490156
848,1045,0.6253481
848,1230,0.55554247
848,1295,0.55423987
848,1309,0.5644739
848,1327,0.56747925
848,1354,0.5926195
848,1516,0.5544839
848,1540,0.59650016
848,1545,0.5581524
848,1589,0.5982517
848,2097,0.59949225
848,2118,0.5645996
848,2205,0.5605122
848,2249,0.57532585
848,2300,0.5928342
848,2419,0.576475
848,2461,0.56915754
848,2474,0.5600771
848,2666,0.5528723
848,3209,0.5626953
849,1615,0.5553558
850,902,0.6175023
850,946,0.5697533
850,958,0.59568727
850,991,0.5594785
850,996,0.5615923
850,1010,0.55674124
850,1013,0.5949737
850,1085,0.60508513
850,1098,0.5578497
850,1123,0.5722587
850,1242,0.59957165
850,1259,0.55743444
850,1266,0.6088165
850,1615,0.56430817
850,1622,0.5787139
850,1699,0.5509665
850,1821,0.59375256
850,1878,0.559873
850,1879,0.55018246
850,1954,0.6734947
850,2044,0.5984789
850,2526,0.55896306
850,2568,0.56756514
850,2572,0.57466745
850,2641,0.57009506
850,3021,0.5906838
850,3207,0.55180794
850,3210,0.56398714
850,3268,0.55216813
854,1694,0.55281264
854,1894,0.562484
854,2116,0.56539416
854,2132,0.60082483
854,2248,0.55127275
854,2941,0.557089
855,1816,0.60858583
855,2491,0.60092103
856,1038,0.5651705
856,1159,0.5648192
856,1710,0.59497166
856,1867,0.5846797
857,1010,0.56085885
857,1262,0.56911886
857,1326,0.5931964
857,1608,0.5523616
857,1652,0.55455136
857,1691,0.56308377
857,1700,0.57261133
857,2025,0.5818957
857,2041,0.62522227
857,2118,0.5553763
857,2124,0.5641327
857,2218,0.6123514
857,2284,0.6358875
857,2287,0.6504314
857,2300,0.5854478
857,2408,0.56386256
857,2464,0.56986594
857,2726,0.58312476
857,2733,0.5906265
857,2739,0.5610851
857,2836,0.5715636
857,3036,0.56322825
859,872,0.64307106
859,958,0.6037364
859,1051,0.5732951
859,1111,0.5917214
859,1159,0.5594366
859,1266,0.5542009
859,1267,0.6244578
859,1277,0.5826984
859,1358,0.60720146
859,1386,0.5596693
859,1636,0.56048644
859,1704,0.60412
859,1722,0.5700462
859,1740,0.6216688
859,2139,0.5508955
859,2177,0.56121373
860,1200,0.5576151
860,1266,0.5902087
860,1585,0.62123656
860,1699,0.6060293
860,1892,0.5534365
860,1910,0.59318745
860,2053,0.558355
860,2055,0.5772141
860,2168,0.5539367
860,2219,0.56216335
860,2355,0.5926238
860,2358,0.63053787
860,2420,0.5593922
860,2463,0.5594981
860,2672,0.551477
860,3015,0.5849598
860,3098,0.5700569
861,1349,0.5522568
864,1222,0.56849813
865,1622,0.5622455
865,2568,0.5663787
865,3002,0.5671228
866,1468,0.5948136
866,2233,0.5652827
867,1119,0.57381856
867,2218,0.55924803
868,879,0.6374657
868,955,0.5593714
868,1017,0.604723
868,1040,0.6029978
868,1850,0.60797113
868,1864,0.57011485
868,2135,0.5981729
868,2267,0.6013143
868,2275,0.5956105
868,2467,0.5550468
868,2701,0.6002352
868,2766,0.57489717
868,3209,0.5525144
868,3230,0.5593779
869,920,0.5697733
869,1011,0.5600414
869,1146,0.5531893
869,1728,0.552552
870,1010,0.5508548
870,1116,0.5535505
870,1699,0.5537653
870,2117,0.5590209
870,2163,0.5508431
870,3258,0.61613303
871,1105,0.6054495
871,1507,0.55425024
871,2055,0.5546544
871,2162,0.58404076
872,1267,0.58009374
872,1277,0.55015945
872,1386,0.60474086
872,1704,0.55113226
872,1722,0.5678673
872,2165,0.55897766
872,2356,0.5546564
873,1748,0.60057807
873,2585,0.57370484
877,2004,0.5521755
877,2275,0.55259514
878,980,0.583096
878,989,0.55177593
878,995,0.6430304
878,1222,0.59229124
878,1303,0.56418514
878,1354,0.6027391
878,1864,0.644004
878,1867,0.5766541
878,2135,0.58067733
878,2327,0.5642181
878,3302,0.57227635
879,886,0.5504972
879,923,0.56390905
879,1015,0.59542406
879,1017,0.6001071
879,1040,0.55789274
879,1085,0.57055676
879,1088,0.57190025
879,1126,0.5613692
879,1219,0.5631302
879,1531,0.5686593
879,1533,0.5666324
879,1622,0.59099555
879,1712,0.5533301
879,1850,0.7251754
879,1864,0.605312
879,2000,0.5617565
879,2004,0.5704385
879,2135,0.5694662
879,2155,0.558355
879,2267,0.6253468
879,2474,0.57637596
879,2523,0.56532097
879,2558,0.5658181
879,2576,0.5566117
879,2633,0.5508186
879,2701,0.6067431
879,2766,0.6045886
879,3026,0.5587957
879,3257,0.5576418
880,1513,0.597499
880,2647,0.5838504
880,3129,0.5645964
882,889,0.56810516
882,890,0.5642036
883,1014,0.5857624
883,1513,0.5594192
883,1809,0.5928859
884,1191,0.59558976
886,1003,0.6282695
886,1015,0.60912037
886,1017,0.62993574
886,1040,0.59657204
886,1771,0.56655985
886,1850,0.5684737
886,1864,0.59372
886,1866,0.5533316
886,2135,0.5654448
886,2576,0.56708837
886,2701,0.57089305
887,888,0.60931057
887,891,0.5792085
887,1014,0.5656739
887,1513,0.6911948
887,1809,0.57955146
887,3129,0.5505359
888,890,0.6121845
888,891,0.63164043
888,1511,0.56003124
889,890,0.55374086
889,956,0.56705296
889,1555,0.5528581
890,891,0.665107
891,934,0.55824506
891,1139,0.5546461
891,1383,0.56036776
892,1685,0.5509024
892,1703,0.55984163
892,1800,0.5564097
892,1935,0.5588067
892,2071,0.58333784
892,2568,0.603758
892,2817,0.5588524
892,2847,0.5587269
892,2854,0.57955945
892,3021,0.559758
892,3142,0.55363333
892,3281,0.56943166
893,911,0.63771945
893,1024,0.5565339
894,1266,0.5784848
894,1292,0.5561504
894,1717,0.5636378
894,1979,0.63074106
894,2144,0.611395
895,2830,0.5902532
896,2398,0.6161471
897,999,0.5714422
897,1699,0.55357677
897,1852,0.5638584
897,2575,0.5506699
898,1121,0.56161267
899,1010,0.6094309
899,1027,0.5598378
899,1262,0.5934485
899,1615,0.6156635
899,1699,0.5608548
899,1734,0.55080307
899,1767,0.64517593
899,2218,0.5570682
899,2257,0.56015205
899,2445,0.57694304
899,2605,0.5790508
899,2633,0.5557784
899,2666,0.5559133
899,2712,0.58088887
899,2747,0.55424654
899,2748,0.5500284
899,2891,0.55458623
899,3036,0.5579252
899,3043,0.58707094
899,3109,0.5626423
900,2866,0.56942767
901,999,0.56599104
901,1025,0.56069
901,1105,0.57664216
901,1246,0.55229485
901,1262,0.562377
901,1277,0.5808735
901,1290,0.56922483
901,1309,0.56794536
901,1643,0.55099654
901,1799,0.56343937
901,1885,0.5505311
901,2107,0.5741506
901,2146,0.5574678
901,2162,0.57139885
901,2168,0.55151695
901,2329,0.5654204
901,2395,0.56436175
901,2398,0.6401256
901,2464,0.5716169
901,2494,0.57040334
901,2522,0.5834681
901,2953,0.5824906
901,2998,0.56069
902,1071,0.55880123
902,1085,0.56649685
902,1100,0.5677476
902,1142,0.61053413
902,1160,0.5583525
902,1259,0.55799025
902,1261,0.60692865
902,1266,0.56658936
902,1291,0.55279046
902,1517,0.6042434
902,1542,0.56228757
902,1922,0.55293965
902,2097,0.564221
902,2344,0.55546504
902,2466,0.5898932
902,2486,0.565487
902,2633,0.564337
902,2694,0.55232906
902,2996,0.5635947
902,3015,0.5605356
902,3019,0.597594
902,3021,0.6109822
902,3124,0.5552495
902,3178,0.5664679
902,3281,0.55513126
903,1266,0.56618327
903,2168,0.55463386
903,2488,0.55193114
903,2696,0.5525533
904,3159,0.5698242
906,963,0.5796778
906,1877,0.573719
906,2466,0.56013596
906,3262,0.5993927
907,933,0.5839392
907,946,0.55443686
907,1169,0.57231575
907,1270,0.5872519
907,1304,0.6001258
907,2205,0.58671856
908,2437,0.5692909
909,1387,0.62825227
911,1023,0.5887801
911,1024,0.63778436
911,1102,0.5721575
913,1115,0.561759
914,1266,0.56844735
914,1652,0.557413
915,1176,0.59788764
917,1297,0.5742434
918,1100,0.5514984
918,1200,0.56925
918,1266,0.57108414
918,1277,0.576973
918,1542,0.55159044
918,1643,0.57325387
918,1693,0.5509105
918,1807,0.5613786
918,1820,0.57485545
918,1823,0.55117905
918,1830,0.5601852
918,1852,0.5908222
918,1899,0.6063261
918,1956,0.553754
918,2092,0.5540193
918,2126,0.5821935
918,2146,0.5734518
918,2150,0.5610264
918,2168,0.5868578
918,2251,0.55176884
918,2257,0.55829966
918,2262,0.5597379
918,2293,0.56219053
918,2354,0.55674183
918,2383,0.5519974
918,2440,0.55770206
918,2666,0.5532198
918,2722,0.5564172
918,2747,0.598704
918,2755,0.5862667
918,2847,0.5538563
918,2850,0.56057537
918,3125,0.5910653
918,3194,0.5605757
918,3305,0.57106197
919,945,0.5518633
919,1218,0.5751409
919,1277,0.55364513
919,1422,0.5604463
919,1517,0.5536492
919,1585,0.5936792
919,1881,0.5614004
919,2064,0.57587564
919,2117,0.5804565
919,2163,0.5653725
919,2207,0.5773899
919,2572,0.55809283
922,1864,0.586406
923,929,0.59313405
923,994,0.5777161
923,1017,0.5617432
923,1040,0.5734741
923,1864,0.587232
923,2004,0.5881026
923,2701,0.55966914
924,1409,0.5715468
924,1535,0.5528358
924,1892,0.55813646
924,2493,0.5579459
924,2572,0.5542321
925,1752,0.56420994
925,1808,0.5655089
925,2177,0.55339324
925,3105,0.5704738
926,2225,0.55645514
928,1040,0.5819927
928,1535,0.5582142
928,1864,0.57264936
928,1959,0.5600462
928,2701,0.5515593
929,937,0.5981449
929,989,0.59584033
929,1040,0.56002295
929,1088,0.5531431
929,1159,0.56554425
929,1291,0.5685329
929,1408,0.5532615
929,1445,0.5685093
929,1535,0.55404437
929,1542,0.5557214
929,1864,0.6534834
929,2306,0.60929525
929,2486,0.55502415
929,2532,0.56971323
930,3113,0.60982966
931,1171,0.55029
932,1009,0.5769438
932,1267,0.55691457
932,1358,0.57606995
932,1636,0.56073046
932,1722,0.55397654
932,1800,0.5631306
932,2373,0.68618476
932,2405,0.6274198
933,1100,0.58744025
933,1117,0.55136424
933,1142,0.5663129
933,1266,0.5560205
933,1796,0.55217564
933,1956,0.56777406
933,2344,0.6039275
933,2494,0.5522318
933,2633,0.5729088
933,2844,0.5666676
933,3168,0.5535296
934,1139,0.58955944
936,1645,0.5876456
936,2281,0.5543131
936,2716,0.5504215
938,1228,0.55574244
938,1397,0.5601795
938,1431,0.61056316
938,1871,0.55769324
938,2726,0.55605775
938,3200,0.5631368
939,2306,0.55300975
941,947,0.56137097
941,958,0.6087544
941,1122,0.59308887
941,1956,0.5508817
942,2134,0.5723289
942,2432,0.5673232
942,2890,0.5527111
943,1127,0.7178086
945,1128,0.562065
945,1146,0.5725386
945,1159,0.59008086
945,1242,0.56799674
945,2117,0.55484384
945,2251,0.56917614
945,2261,0.5622198
946,1142,0.59184265
946,1235,0.5641104
946,1259,0.5564172
946,1278,0.56496656
946,1407,0.5902393
946,2440,0.5877088
946,2575,0.5538626
949,3166,0.5949773
950,2335,0.5646097
950,2917,0.58152926
952,1710,0.564559
953,954,0.70428395
956,1495,0.61704195
956,1555,0.68276
956,2190,0.55249166
956,2251,0.57776845
956,2383,0.55891573
956,3177,0.57696855
957,1259,0.5695882
957,3050,0.5511272
958,1071,0.56948125
958,1115,0.5544083
958,1149,0.5672742
958,1159,0.5602721
958,1219,0.5632367
958,1248,0.5644361
958,1266,0.62661743
958,1277,0.59972644
958,1445,0.5527635
958,1699,0.566389
958,1710,0.5572231
958,1878,0.56741136
958,1879,0.5718081
958,1956,0.55401045
958,2000,0.5501846
958,2043,0.5585998
958,2097,0.5846847
958,2168,0.5527509
958,2344,0.5589211
958,2440,0.56329983
958,2474,0.5579054
958,2482,0.56667113
958,2666,0.5563278
958,2689,0.57073736
958,3096,0.5557367
958,3177,0.5584874
958,3183,0.5671604
958,3209,0.5626635
959,1038,0.6107998
959,1228,0.6565856
959,1231,0.70086503
959,1368,0.71199167
959,1622,0.55978495
960,1285,0.65482825
960,1372,0.65482825
962,1049,0.59660053
963,984,0.5526142
963,1877,0.5804896
963,3145,0.5527156
964,1247,0.6985422
964,1319,0.77479225
964,1435,0.5536033
964,1437,0.57756144
964,1773,0.572035
964,1856,0.5877732
964,2740,0.5743465
964,3298,0.6920873
965,1114,0.55710006
965,1238,0.56652033
965,1301,0.56682307
965,1384,0.612018
965,1539,0.61602217
965,1540,0.6534178
965,1542,0.5568005
965,2097,0.56807756
965,2419,0.5944976
965,2440,0.57299644
965,2936,0.57546043
966,3231,0.5530368
967,1051,0.557866
967,2261,0.5503245
968,2426,0.55295813
969,1354,0.57525796
969,1445,0.5622358
969,1545,0.6045331
969,1910,0.5519036
969,2384,0.5907006
969,2405,0.5519905
969,2666,0.57017875
970,2257,0.56222045
970,2410,0.57316333
971,1085,0.5611735
971,1159,0.594911
971,1358,0.5856122
971,1800,0.5930105
971,2203,0.6008266
971,2412,0.66302526
971,2993,0.5978973
972,973,0.66663176
972,1224,0.61747
972,1369,0.5610497
972,1370,0.7026994
972,1371,0.61898655
972,1373,0.5990633
972,1391,0.5862073
972,1392,0.58910966
972,1393,0.56866896
972,1395,0.65428025
972,1396,0.6899705
972,1398,0.66396034
972,1399,0.6781632
972,1401,0.6229775
973,1224,0.6197859
973,1369,0.5626
973,1370,0.65009713
973,1371,0.61096585
973,1373,0.68096864
973,1392,0.6314869
973,1393,0.6558073
973,1394,0.58373296
973,1395,0.67099655
973,1396,0.6782124
973,1398,0.6440803
973,1399,0.790823
973,1400,0.5765534
973,1401,0.6147127
974,1271,0.56997776
974,1551,0.62829995
974,2463,0.5809662
975,1326,0.6109656
975,1442,0.6462295
975,1982,0.56340456
975,2300,0.58246374
976,1699,0.55138636
976,2143,0.5916347
976,2354,0.5524474
976,2407,0.56152725
976,2473,0.5730114
976,2850,0.5855696
976,3013,0.61631674
976,3035,0.5898229
976,3093,0.6076209
976,3190,0.55207795
976,3219,0.5735545
976,3300,0.55260605
976,3305,0.56593084
977,1558,0.56003404
978,1852,0.59630376
979,1010,0.5682262
979,1051,0.5507237
979,1101,0.5502588
979,1218,0.5550201
979,1266,0.55767727
979,1422,0.5589639
979,1557,0.5805407
979,1585,0.556283
979,1638,0.56222534
979,1650,0.57898235
979,1689,0.5821918
979,1699,0.55641997
979,1899,0.55743057
979,2016,0.5601126
979,2117,0.5784464
979,2463,0.55457187
979,2887,0.5674678
979,2891,0.5851431
979,3165,0.56163657
980,994,0.63198775
980,1003,0.5841954
980,1015,0.62395537
980,1864,0.579453
980,1866,0.5505136
980,2135,0.5787085
981,2936,0.5538239
981,3248,0.56623507
982,1930,0.5547837
982,2273,0.5607603
982,2466,0.5648161
982,2945,0.63232696
982,3051,0.59942806
983,1290,0.5873171
984,985,0.58570397
984,987,0.5908834
984,1017,0.5733042
985,986,0.57079494
985,2135,0.56876004
986,987,0.57021546
986,1956,0.553483
986,2267,0.5658572
986,2274,0.5573243
986,2306,0.5516877
988,1079,0.5514729
989,1015,0.5718644
989,1016,0.6056528
989,1017,0.57487035
989,1146,0.55113757
989,1264,0.56307185
989,1408,0.59146523
989,1714,0.58678985
989,1864,0.6467377
989,1866,0.6207038
989,2135,0.59133106
989,2235,0.5896083
990,1004,0.55740625
990,1116,0.5919609
990,1270,0.5774648
990,1420,0.5556625
991,1035,0.56812245
991,1100,0.57251894
991,1122,0.55846345
991,1234,0.6042794
991,1270,0.62321043
991,1354,0.55545413
991,1446,0.5512346
991,1522,0.56042
991,2205,0.5834348
991,2374,0.56041324
991,2488,0.55763894
991,2689,0.56441975
991,3233,0.57069665
991,3264,0.5500281
992,1246,0.580907
992,1277,0.5752691
992,1515,0.57287323
992,1661,0.5628762
992,1666,0.55297947
992,1699,0.55238664
992,1734,0.55050343
992,1830,0.56405246
992,1879,0.6669883
992,1892,0.5507036
992,1913,0.55581033
992,1923,0.55845165
992,2040,0.56532323
992,2076,0.56322557
992,2082,0.5697254
992,2107,0.5517641
992,2116,0.59501755
992,2425,0.5726747
992,2507,0.5708252
992,2568,0.55368054
992,2654,0.5626174
992,2882,0.572713
992,2991,0.5671648
992,3025,0.55329823
992,3080,0.5684643
992,3099,0.551589
992,3165,0.60127866
994,995,0.55411977
994,1003,0.5606983
994,1030,0.5528782
994,1864,0.6186348
994,2157,0.6312202
994,2235,0.5553143
994,2576,0.5808753
995,1003,0.5598044
995,1864,0.5976646
995,2135,0.5965345
995,2235,0.5531771
996,1262,0.5514887
996,1325,0.5532532
996,1326,0.5727286
996,2197,0.55174536
996,2344,0.5675038
996,2374,0.6385417
996,2461,0.5973964
996,2523,0.55026793
996,2689,0.68062484
996,2726,0.56948596
996,2906,0.5500107
996,2921,0.5822015
996,3280,0.5787793
999,1010,0.5844754
999,1105,0.59127766
999,1277,0.56553304
999,1630,0.5703503
999,1885,0.5854788
999,2937,0.5652076
1000,1016,0.55713046
1000,1017,0.77262414
1000,1266,0.59482604
1000,1864,0.57373345
1000,1959,0.5693189
1000,2701,0.58197665
1001,2476,0.61108077
1002,1446,0.5565029
1002,2163,0.5630719
1003,1015,0.5869292
1003,1017,0.597128
1003,1864,0.6441611
1003,1866,0.63732743
1003,2015,0.5989126
1003,2135,0.6416121
1003,2235,0.58644706
1003,2576,0.6711723
1003,2701,0.59636676
1004,1105,0.56244826
1004,1246,0.55191034
1004,1277,0.5577862
1004,1532,0.56583047
1004,1621,0.562874
1004,1705,0.5647393
1004,1750,0.5589974
1004,1799,0.5732062
1004,2162,0.5646389
1004,2288,0.56572163
1004,2358,0.63879347
1004,2500,0.5556812
1004,2641,0.56665325
1004,3097,0.5568594
1005,1120,0.6934275
1005,1185,0.63190174
1006,1315,0.6172271
1006,1620,0.5528546
1006,2280,0.55130005
1007,1627,0.5542401
1007,1643,0.5674765
1007,2151,0.55330414
1007,2177,0.55119157
1007,2473,0.5797417
1007,2915,0.5837059
1007,3089,0.5669321
1009,1385,0.56851625
1009,2373,0.56805277
1009,2894,0.5725882
1010,1105,0.57463515
1010,1151,0.5883064
1010,1218,0.5621768
1010,1262,0.6139943
1010,1277,0.5980941
1010,1324,0.5555486
1010,1528,0.56373125
1010,1608,0.55244446
1010,1615,0.57912517
1010,1622,0.5736326
1010,1652,0.5561055
1010,1695,0.55799294
1010,1699,0.5940355
1010,1778,0.56108487
1010,1807,0.5736408
1010,1910,0.56892765
1010,1954,0.55010104
1010,2044,0.5542432
1010,2124,0.5735086
1010,2168,0.5810463
1010,2182,0.56400836
1010,2257,0.57302225
1010,2358,0.58715594
1010,2408,0.5628351
1010,2425,0.5848147
1010,2464,0.55787873
1010,2726,0.58047414
1010,2739,0.5771945
1010,2747,0.57105756
1010,2748,0.5502701
1010,2817,0.5648043
1010,2856,0.5505606
1010,2891,0.568481
1010,3025,0.5820254
1010,3104,0.56368244
1010,3179,0.5909028
1010,3209,0.57787895
1010,3248,0.5726603
1011,1250,0.56375545
1011,1698,0.58996785
1011,1824,0.6434422
1011,1829,0.55078185
1011,1897,0.5518819
1011,1941,0.55660486
1011,1998,0.63429654
1011,2747,0.55682594
1011,2853,0.6448364
1011,2921,0.5676236
1011,2922,0.5881367
1011,3096,0.57011557
1013,1266,0.56470704
1013,2809,0.5517031
1014,1136,0.61060315
1014,1659,0.5581237
1014,2408,0.55463016
1015,1016,0.64492357
1015,1017,0.6331
1015,1864,0.6461513
1015,2135,0.55901134
1015,2576,0.6362442
1015,2701,0.6064998
1016,1017,0.58286405
1016,1864,0.55957615
1016,2135,0.5704882
1016,2576,0.5525584
1017,1850,0.613592
1017,1864,0.61724675
1017,1866,0.5784407
1017,2015,0.55311537
1017,2135,0.58790046
1017,2576,0.56214136
1017,2701,0.6877659
1018,1873,0.580078
1018,1987,0.59020543
1018,2052,0.5689566
1018,2146,0.57311046
1018,2262,0.586811
1018,2434,0.5508985
1018,2755,0.5775394
1021,1023,0.55511326
1021,1024,0.57636154
1021,2327,0.55146307
1023,1024,0.6468668
1024,1102,0.6467571
1024,1723,0.5593273
1024,1867,0.5825359
1024,2419,0.55811554
1024,2917,0.57683635
1024,2946,0.5717503
1025,1045,0.6004535
1025,1115,0.5831107
1025,1128,0.55630016
1025,1167,0.562595
1025,1219,0.5514003
1025,1230,0.55595577
1025,1266,0.5713412
1025,1290,0.5588671
1025,1367,0.5630313
1025,1622,0.575945
1025,1682,0.5568084
1025,1721,0.5707548
1025,1800,0.5849789
1025,1910,0.55657333
1025,1959,0.5537083
1025,2110,0.5685178
1025,2124,0.5685097
1025,2132,0.5560789
1025,2249,0.5539016
1025,2369,0.77693135
1025,2374,0.5506848
1025,2633,0.55386895
1025,2666,0.60274893
1025,2791,0.56975365
1025,2954,0.586274
1025,2998,0.99999994
1025,3025,0.5634515
1025,3256,0.55934113
1026,1807,0.552442
1027,1074,0.56006074
1027,1080,0.551878
1027,1114,0.5675155
1027,1117,0.55649817
1027,1232,0.5658028
1027,1262,0.55142826
1027,1266,0.5565891
1027,1270,0.5675485
1027,1323,0.5659023
1027,1621,0.5547928
1027,1812,0.5772798
1027,1852,0.55889076
1027,1936,0.5652683
1027,1947,0.5668092
1027,2148,0.61358523
1027,2168,0.579168
1027,2448,0.5578157
1027,2706,0.5527788
1027,2732,0.5879235
1027,2928,0.5513087
1027,3015,0.5559609
1028,1106,0.5505054
1028,1159,0.5650446
1028,1262,0.5760809
1028,1326,0.563439
1028,1516,0.5808878
1028,1682,0.56013143
1028,1699,0.5716599
1028,2398,0.58452225
1028,2463,0.5984703
1028,2464,0.64833015
1028,2632,0.59495926
1028,3189,0.5509229
1028,3220,0.55173373
1030,1404,0.56593496
1033,1242,0.58437276
1033,1499,0.61516845
1033,1503,0.6497199
1033,1778,0.6371179
1033,1935,0.5582981
1033,2034,0.57193625
1033,2041,0.5524194
1033,2072,0.5627679
1033,2137,0.5526389
1033,2140,0.560418
1033,2162,0.5534036
1033,2609,0.5526389
1033,3097,0.5703925
1033,3215,0.556203
1035,1051,0.5513083
1035,1114,0.5530764
1035,1169,0.56496966
1035,1232,0.5587525
1035,1263,0.5520078
1035,1327,0.5595624
1035,1446,0.560126
1035,1522,0.5574908
1035,1523,0.5628391
1035,1524,0.6514356
1035,1622,0.56941795
1035,1682,0.55829847
1035,1936,0.5819062
1035,2118,0.5622237
1035,2266,0.5541729
1035,2305,0.5683011
1035,2374,0.5780855
1035,2488,0.5737438
1035,2689,0.6204516
1035,3144,0.59085214
1035,3219,0.55045974
1035,3264,0.6341556
1037,1256,0.5714936
1037,1275,0.56596893
1037,1652,0.5516454
1037,2139,0.55263984
1038,1045,0.57312334
1038,1049,0.6000898
1038,1100,0.57515216
1038,1108,0.5552374
1038,1117,0.5799266
1038,1230,0.5654855
1038,1231,0.6195568
1038,1266,0.5527464
1038,1270,0.5703455
1038,1295,0.5756981
1038,1325,0.55406827
1038,1354,0.55939233
1038,1368,0.65332127
1038,1533,0.55313027
1038,1546,0.5516025
1038,1622,0.57949966
1038,1721,0.5589264
1038,1798,0.5818333
1038,2097,0.5738149
1038,2139,0.55236137
1038,2168,0.56031126
1038,2251,0.56596816
1038,2306,0.55633724
1038,2344,0.56000865
1038,2633,0.56183475
1038,2666,0.5836487
1038,2710,0.5847776
1038,2712,0.557069
1038,2772,0.5543285
1038,3042,0.56143475
1038,3096,0.5664152
1038,3154,0.5726592
1038,3220,0.56473446
1038,3233,0.5508462
1040,1045,0.5564352
1040,1266,0.568986
1040,1699,0.5545851
1040,1850,0.5654728
1040,1864,0.63522154
1040,1959,0.560848
1040,2004,0.55133384
1040,2135,0.599337
1040,2267,0.5500837
1040,2275,0.55268997
1040,2306,0.55361927
1040,2701,0.5910078
1041,1265,0.665444
1043,1553,0.74472374
1043,1595,0.7064693
1043,1597,0.8343944
1045,1100,0.5778667
1045,1115,0.5675196
1045,1278,0.5582535
1045,1325,0.5708457
1045,1327,0.58027446
1045,1445,0.55167836
1045,1589,0.5604563
1045,1622,0.5897705
1045,2097,0.5755379
1045,2374,0.59707135
1045,2440,0.5627936
1045,2474,0.55679524
1045,2666,0.583918
1045,2759,0.5578474
1045,2998,0.6004535
1045,3256,0.56468856
1046,1047,0.7876358
1046,1048,0.63382244
1047,1048,0.86462855
1049,1100,0.5721743
1049,1231,0.5941311
1050,1445,0.56085515
1050,2539,0.566032
1051,1080,0.5691422
1051,1108,0.5609751
1051,1159,0.5924845
1051,1170,0.6203567
1051,1232,0.573444
1051,1257,0.58293974
1051,1266,0.58431065
1051,1270,0.5531588
1051,1277,0.56525105
1051,1292,0.55505013
1051,1304,0.5869676
1051,1324,0.584039
1051,1326,0.57233566
1051,1354,0.5579741
1051,1446,0.5841088
1051,1494,0.55442333
1051,1507,0.5599087
1051,1508,0.555323
1051,1551,0.5537694
1051,1585,0.57157815
1051,1612,0.5847833
1051,1629,0.72404754
1051,1630,0.5751051
1051,1699,0.5992359
1051,1757,0.5721276
1051,1778,0.5500219
1051,1830,0.57971287
1051,1879,0.6119209
1051,1881,0.629043
1051,2000,0.56863725
1051,2016,0.6217233
1051,2029,0.560518
1051,2044,0.5694791
1051,2092,0.57474303
1051,2107,0.5945008
1051,2118,0.5808215
1051,2124,0.5663701
1051,2127,0.6005868
1051,2139,0.60134065
1051,2168,0.56480193
1051,2206,0.5557089
1051,2218,0.6288054
1051,2251,0.5574765
1051,2300,0.58163804
1051,2328,0.65619874
1051,2343,0.5846609
1051,2344,0.65177625
1051,2347,0.6327169
1051,2359,0.5529249
1051,2410,0.60519993
1051,2413,0.6067996
1051,2441,0.5919742
1051,2464,0.5596756
1051,2480,0.62071455
1051,2486,0.5576583
1051,2606,0.5983546
1051,2663,0.6122016
1051,2666,0.56914794
1051,2685,0.57929397
1051,2689,0.6665729
1051,2711,0.57440025
1051,2724,0.582271
1051,2731,0.5529913
1051,2799,0.56024206
1051,2863,0.6361412
1051,2928,0.6707245
1051,2929,0.56564146
1051,2930,0.64075613
1051,2937,0.5532994
1051,2969,0.57309294
1051,2991,0.5701879
1051,3003,0.62310815
1051,3006,0.63857245
1051,3008,0.58864486
1051,3015,0.56871426
1051,3016,0.5853973
1051,3021,0.56272995
1051,3025,0.5806433
1051,3048,0.63848543
1051,3080,0.5794075
1051,3091,0.56054777
1051,3093,0.5799591
1051,3105,0.61110306
1051,3125,0.5661588
1051,3135,0.5759287
1051,3139,0.5526065
1051,3147,0.56888556
1051,3155,0.55152303
1051,3165,0.6010355
1051,3168,0.5539268
1051,3169,0.56275696
1051,3186,0.58289844
1051,3219,0.6423903
1051,3220,0.58113515
1051,3233,0.63693416
1051,3234,0.5820997
1051,3248,0.58370245
1051,3262,0.59136486
1051,3263,0.5776772
1051,3292,0.580968
1051,3308,0.5656761
1054,1085,0.58166814
1054,1328,0.57765335
1054,1795,0.6292883
1054,2116,0.5500881
1054,2443,0.5537046
1054,2949,0.97270274
1059,2312,0.5926701
1059,2846,0.5612099
1065,1352,0.5752814
1068,1129,0.5534446
1068,1211,0.6836687
1068,1351,0.63703823
1068,2099,0.55180895
1068,2299,0.6067643
1068,2681,0.5635
1069,1102,0.599362
1069,1301,0.56232387
1069,1710,0.604993
1069,2261,0.55214345
1070,2751,0.58678544
1071,1115,0.5965941
1071,1167,0.57295257
1071,1622,0.5555676
1071,1732,0.56076634
1071,1741,0.55522597
1071,1878,0.552649
1071,1956,0.65317535
1071,2043,0.55383295
1071,2097,0.6041217
1071,2139,0.551301
1071,2219,0.5549103
1071,2273,0.6003927
1071,2306,0.57016027
1071,2374,0.5693512
1071,2466,0.558453
1071,2474,0.59361386
1071,2654,0.5614453
1071,2666,0.5787299
1071,2954,0.5682496
1071,3256,0.59844863
1072,1383,0.5889677
1072,1956,0.59096205
1074,1114,0.556855
1074,1169,0.56467366
1074,1270,0.5683962
1074,1296,0.56344044
1074,1522,0.5698325
1074,1523,0.57077694
1074,1524,0.6210246
1074,1710,0.5625415
1074,2148,0.6085926
1074,2320,0.5747237
1075,1259,0.569875
1075,1536,0.5576016
1075,2944,0.5858568
1075,3144,0.6110322
1077,1235,0.62085986
1077,1545,0.5853108
1078,1546,0.55193627
1078,1892,0.57176495
1078,1956,0.552767
1078,2043,0.60189945
1078,2083,0.5502401
1078,3015,0.5672159
1078,3270,0.5840732
1079,1080,0.58305466
1079,1171,0.5885231
1079,1297,0.5645392
1079,1328,0.5846653
1079,1420,0.5676356
1079,1510,0.55910337
1079,1796,0.6371737
1079,1800,0.56494385
1079,2246,0.5995874
1079,2320,0.6041304
1079,2329,0.5634222
1079,2372,0.5539559
1079,2765,0.55585593
1079,3232,0.55077815
1080,1170,0.56862843
1080,1270,0.6015537
1080,1323,0.5729525
1080,1446,0.5713671
1080,1796,0.5932002
1080,1877,0.5519485
1080,1936,0.6192173
1080,2148,0.6032307
1080,2331,0.5997687
1080,2724,0.5773951
1080,2929,0.5879971
1080,3262,0.58578354
1081,1620,0.5544523
1083,2138,0.56866264
1084,1160,0.56860024
1085,1103,0.5680647
1085,1126,0.5532283
1085,1159,0.55113775
1085,1219,0.55804986
1085,1223,0.56114656
1085,1250,0.5561311
1085,1266,0.6063204
1085,1328,0.5770185
1085,1444,0.56246483
1085,1551,0.5766382
1085,1622,0.55755305
1085,1652,0.5760367
1085,1667,0.56805193
1085,1699,0.58891165
1085,1712,0.57797825
1085,1721,0.5671406
1085,1800,0.56428707
1085,1878,0.5846074
1085,1879,0.5550231
1085,1954,0.59478575
1085,2000,0.61367166
1085,2019,0.55054855
1085,2071,0.60698533
1085,2344,0.58389175
1085,2409,0.5553106
1085,2414,0.564487
1085,2505,0.5580789
1085,2518,0.5633923
1085,2558,0.56931937
1085,2568,0.5630591
1085,2633,0.56802535
1085,2666,0.58347785
1085,2689,0.57296264
1085,2726,0.5545408
1085,2861,0.58369553
1085,2894,0.58767486
1085,2949,0.56515753
1085,2991,0.5523449
1085,3010,0.5798065
1085,3025,0.57245874
1085,3080,0.5569359
1085,3089,0.5901294
1085,3099,0.56865084
1085,3114,0.55552816
1085,3207,0.5591908
1085,3220,0.5512768
1085,3226,0.57765895
1085,3258,0.5632597
1085,3264,0.5844536
1085,3270,0.56071764
1085,3271,0.5663023
1085,3280,0.58482367
1085,3281,0.5730449
1088,1879,0.5731453
1090,2432,0.55061966
1091,1713,0.5588155
1093,2097,0.56058586
1096,1160,0.57637143
1096,1249,0.55674183
1096,1277,0.69140065
1096,1442,0.58703554
1096,1625,0.5714029
1096,2107,0.63685906
1096,2256,0.5712695
1096,2553,0.59882677
1096,2578,0.64275634
1096,3220,0.5624728
1096,3294,0.555011
1098,1507,0.55222166
1098,1512,0.56898165
1098,1608,0.59048796
1098,1954,0.65186894
1098,2641,0.5809823
1099,1699,0.56018496
1099,2806,0.55821955
1100,1101,0.6250355
1100,1108,0.55549115
1100,1117,0.574515
1100,1128,0.5500641
1100,1141,0.55202436
1100,1142,0.632481
1100,1172,0.5584825
1100,1259,0.56270796
1100,1262,0.56080496
1100,1325,0.57265306
1100,1445,0.6045331
1100,1542,0.58296454
1100,1546,0.56522274
1100,1615,0.57067454
1100,1622,0.5518389
1100,1798,0.5576664
1100,1879,0.5686012
1100,1930,0.57981586
1100,1956,0.5930835
1100,2019,0.5614979
1100,2059,0.5582873
1100,2092,0.5683428
1100,2097,0.5993447
1100,2110,0.5683862
1100,2126,0.57514966
1100,2139,0.563332
1100,2264,0.5587727
1100,2344,0.5622069
1100,2374,0.5797307
1100,2425,0.5630877
1100,2486,0.55133533
1100,2523,0.5920471
1100,2536,0.5622373
1100,2633,0.58729905
1100,2666,0.55348945
1100,2676,0.58007896
1100,2689,0.5968183
1100,2711,0.6200609
1100,2748,0.6131879
1100,2929,0.5634142
1100,2954,0.55495656
1100,3109,0.5557673
1100,3207,0.5740957
1100,3240,0.5657452
1100,3248,0.5785681
1100,3256,0.56604683
1100,3264,0.5809271
1100,3266,0.56505454
1100,3278,0.5759876
1101,1128,0.5580887
1101,1159,0.5583199
1101,1798,0.57021296
1101,2059,0.5503765
1101,2097,0.55185115
1101,2220,0.55174476
1101,3266,0.5543872
1102,1241,0.55269384
1102,1710,0.5708483
1102,1864,0.55885816
1102,1877,0.57528436
1102,1915,0.56403047
1102,2090,0.60407233
1102,2261,0.56228095
1102,2320,0.56295097
1102,2327,0.5794094
1102,2491,0.5526489
1102,2702,0.6367465
1102,2917,0.5558801
1102,2946,0.58307254
1102,3233,0.5611627
1102,3262,0.56745434
1103,1878,0.5603626
1104,2557,0.56935763
1105,1151,0.5648005
1105,1218,0.5872892
1105,1246,0.5669508
1105,1262,0.59636986
1105,1273,0.5618832
1105,1277,0.5601456
1105,1326,0.57595766
1105,1528,0.60318696
1105,1761,0.55666095
1105,1799,0.61161923
1105,1807,0.6464257
1105,1852,0.57865936
1105,1859,0.6333716
1105,1928,0.5558522
1105,1935,0.6061375
1105,1938,0.62126464
1105,1949,0.5619379
1105,2041,0.5650926
1105,2055,0.5909492
1105,2102,0.59510267
1105,2162,0.6945081
1105,2242,0.5614636
1105,2247,0.60617626
1105,2284,0.6428598
1105,2287,0.57271516
1105,2329,0.5679204
1105,2358,0.5507736
1105,2450,0.7052955
1105,2464,0.63431644
1105,2494,0.5751871
1105,2760,0.62898105
1105,2815,0.5503435
1105,2953,0.61541593
1105,3022,0.5878464
1105,3080,0.55399406
1105,3098,0.55383813
1106,1262,0.5778272
1106,1273,0.5654746
1106,1807,0.56255543
1106,1830,0.5780058
1106,1965,0.59074306
1106,2076,0.5854762
1106,2180,0.55149615
1106,2463,0.5548282
1106,2575,0.5657134
1106,2733,0.5642865
1108,1231,0.5617278
1108,1263,0.5559365
1108,1266,0.5614643
1108,1406,0.5854249
1108,1446,0.5596269
1108,1447,0.5848384
1108,1622,0.56193334
1108,1699,0.56594455
1108,1798,0.5999906
1108,1879,0.58374894
1108,1892,0.55138576
1108,1930,0.56513023
1108,1956,0.55268484
1108,2071,0.6025403
1108,2097,0.55233455
1108,2163,0.5888666
1108,2344,0.5696322
1109,2097,0.55706674
1109,2666,0.5710517
1109,3154,0.58073336
1109,3264,0.59595233
1110,1136,0.55156034
1111,1267,0.5787992
1111,1386,0.58620805
1112,1150,0.578105
1114,1117,0.5508149
1114,1266,0.5752082
1114,1524,0.6367359
1114,1540,0.55927306
1114,1852,0.58322257
1114,1959,0.59703076
1114,2486,0.6036519
1114,2488,0.5688181
1114,2527,0.58899426
1114,2666,0.56727636
1115,1167,0.6521127
1115,1266,0.5631114
1115,1532,0.57077
1115,1622,0.5579873
1115,1699,0.5513641
1115,1783,0.6101384
1115,1800,0.5560925
1115,2242,0.57515824
1115,2257,0.56689185
1115,2264,0.5985341
1115,2320,0.5571186
1115,2374,0.595455
1115,2464,0.5544902
1115,2474,0.5579126
1115,2518,0.5545844
1115,2524,0.5606843
1115,2633,0.5546671
1115,2666,0.58621466
1115,2689,0.59050775
1115,2710,0.56170464
1115,2764,0.5558151
1115,2891,0.55957156
1115,2906,0.5545316
1115,2956,0.5549326
1115,2998,0.5831107
1115,3027,0.5782993
1115,3097,0.57834804
1115,3148,0.59599596
1115,3154,0.595983
1115,3196,0.63526136
1115,3256,0.5751211
1115,3264,0.5654651
1115,3267,0.5615938
1115,3281,0.60652494
1115,3282,0.55677927
1115,3294,0.5551492
1115,3302,0.6266916
1116,1270,0.5570185
1116,1956,0.584831
1116,2203,0.55730516
1116,2500,0.552939
1116,2696,0.550969
1116,3216,0.5594931
1116,3281,0.5968376
1117,1169,0.5817526
1117,1235,0.55201393
1117,1270,0.60366964
1117,1323,0.5654582
1117,1354,0.5772537
1117,1410,0.5502874
1117,1533,0.5572766
1117,1877,0.5576797
1117,2205,0.58437055
1117,2466,0.55520344
1117,2486,0.5556578
1117,2666,0.5536866
1117,2689,0.5636456
1117,3143,0.5612763
1117,3233,0.58536583
1117,3264,0.6010392
1118,1169,0.56148076
1118,1270,0.59072876
1118,1523,0.5624597
1118,1524,0.5597782
1120,1185,0.64790845
1120,3234,0.55972564
1121,1533,0.6120342
1122,1270,0.5569509
1122,1354,0.6137519
1122,1800,0.56332624
1122,2384,0.5740288
1122,2553,0.576995
1122,3264,0.55766475
1126,1297,0.55697775
1126,2466,0.5612862
1128,1242,0.5850849
1128,1262,0.56013346
1128,1330,0.5780263
1128,1444,0.5616889
1128,1492,0.5502744
1128,1643,0.57174003
1128,1879,0.5511873
1128,1959,0.56830746
1128,2124,0.57990193
1128,2264,0.58622134
1128,2523,0.5752078
1128,2689,0.5559239
1128,2791,0.5685438
1128,2891,0.5620635
1128,2996,0.57128906
1128,2998,0.55630016
1128,3209,0.5543448
1129,1211,0.5963245
1129,1351,0.58571887
1129,2299,0.5599984
1129,2681,0.590412
1129,3297,0.58783185
1130,1345,0.57677984
1130,1352,0.59080696
1130,2099,0.55415434
1131,1243,0.57744545
1131,1697,0.650234
1131,2005,0.55728364
1134,1263,0.555199
1134,1447,0.58964586
1134,2620,1.0
1136,1159,0.5589344
1136,1358,0.5517883
1136,1659,0.6401793
1136,1809,0.5624054
1136,2647,0.56370187
1136,2880,0.59919715
1136,2993,0.6702066
1137,1586,0.63286006
1137,2833,0.6440505
1139,1383,0.64700526
1139,2647,0.55847126
1141,1262,0.583464
1141,1615,0.5641166
1141,1852,0.5545783
1141,2097,0.574432
1141,2139,0.56194687
1141,2168,0.56025463
1141,2219,0.55316687
1141,2748,0.5766744
1141,2777,0.59189045
1141,3209,0.5524024
1142,1160,0.58169246
1142,1232,0.55919653
1142,1326,0.5564004
1142,1712,0.55403644
1142,1922,0.56179106
1142,2190,0.5733206
1142,2218,0.56129587
1142,2344,0.58029616
1142,2414,0.6000463
1142,2461,0.55289155
1142,2676,0.5602412
1142,2773,0.55170476
1145,1169,0.5723196
1145,1270,0.57958764
1146,2249,0.5763017
1146,2374,0.5778098
1146,2954,0.55767304
1147,1254,0.6229769
1149,1218,0.5875766
1149,1279,0.621065
1149,1707,0.5635433
1149,2097,0.57028806
1149,2138,0.5548116
1149,2398,0.55727434
1149,3268,0.5719862
1150,1638,0.55153203
1150,2644,0.56981355
1150,3143,0.58926183
1150,3297,0.55597657
1151,1928,0.5604778
1151,2010,0.5551448
1151,2055,0.5794996
1152,2241,0.5807333
1154,1646,0.55050224
1154,2936,0.5613686
1155,1716,0.5792264
1155,1911,0.5694568
1155,2740,0.5869199
1156,2190,0.585378
1156,2368,0.5658554
1156,3237,0.5696649
1157,1262,0.57783324
1157,1326,0.5623006
1157,2124,0.5808333
1157,2206,0.55223256
1157,2325,0.5618251
1157,2362,0.619189
1157,2817,0.58552337
1159,1219,0.6418222
1159,1232,0.5734747
1159,1235,0.57266545
1159,1266,0.5989316
1159,1274,0.5611079
1159,1277,0.61100304
1159,1324,0.56068766
1159,1328,0.6000731
1159,1420,0.5815577
1159,1442,0.5533878
1159,1445,0.5780492
1159,1446,0.6216779
1159,1511,0.59334147
1159,1546,0.5600864
1159,1608,0.56459814
1159,1612,0.5675158
1159,1630,0.5950128
1159,1659,0.5629196
1159,1721,0.5775159
1159,1740,0.5564938
1159,1800,0.60387075
1159,1879,0.59338546
1159,1892,0.5694498
1159,1936,0.55268824
1159,1959,0.55918264
1159,2016,0.56497526
1159,2019,0.57798886
1159,2107,0.5790181
1159,2110,0.55751693
1159,2118,0.55714047
1159,2148,0.5930964
1159,2163,0.60032237
1159,2168,0.59154654
1159,2208,0.55290544
1159,2251,0.56156874
1159,2279,0.5812043
1159,2300,0.5669071
1159,2325,0.5526014
1159,2374,0.57318896
1159,2408,0.5507803
1159,2463,0.5542436
1159,2486,0.55846906
1159,2488,0.6050068
1159,2505,0.5654738
1159,2632,0.5649625
1159,2688,0.5616118
1159,2689,0.6149006
1159,2787,0.5930104
1159,2817,0.5593349
1159,2891,0.58520615
1159,2971,0.5837033
1159,2984,0.5577585
1159,2993,0.57423043
1159,3177,0.6039901
1159,3179,0.55275846
1159,3209,0.5974704
1159,3220,0.55685395
1159,3232,0.56136215
1159,3264,0.57649386
1159,3266,0.5790498
1160,1622,0.56298494
1160,1892,0.59524184
1160,2022,0.5574164
1160,2345,0.58248943
1160,2444,0.5531599
1160,2476,0.57578033
1160,2996,0.56279284
1160,3161,0.6109648
1162,1263,0.5799358
1162,1266,0.58863306
1162,1359,0.58177555
1162,1492,0.57824636
1162,1517,0.5534226
1162,2880,0.5732951
1164,1263,0.5671629
1164,1445,0.61409515
1164,1447,0.5754817
1164,2550,0.5506824
1164,2676,0.5557799
1164,3154,0.55028284
1165,1821,0.55510366
1165,2246,0.5886861
1166,1404,0.6123884
1167,1170,0.57634616
1167,1304,0.55120385
1167,1682,0.56605685
1167,1733,0.5614063
1167,1783,0.5616221
1167,2116,0.5525632
1167,2139,0.5689474
1167,2219,0.57050854
1167,2264,0.56235725
1167,2287,0.5560326
1167,2374,0.6128049
1167,2518,0.58200806
1167,2574,0.5663754
1167,2618,0.58526796
1167,2633,0.56030244
1167,2645,0.5510417
1167,2666,0.56255066
1167,2688,0.56838423
1167,2689,0.62098217
1167,2852,0.55133915
1167,2891,0.5639888
1167,2939,0.5600085
1167,2998,0.56259525
1167,3070,0.58116186
1167,3114,0.57981324
1167,3148,0.5605184
1167,3196,0.56971014
1167,3220,0.5544665
1167,3226,0.56271285
1167,3248,0.5613501
1167,3257,0.5540596
1167,3267,0.5744065
1167,3302,0.59819233
1167,3310,0.57529193
1168,2773,0.6287801
1169,1270,0.5895035
1169,1272,0.560641
1169,1327,0.55629
1169,1333,0.5806494
1169,1446,0.60078156
1169,1523,0.64631367
1169,1524,0.6063626
1169,1936,0.5546558
1169,2205,0.5878874
1169,2488,0.56275046
1169,2706,0.55125356
1169,3264,0.58718926
1170,1219,0.5561249
1170,1358,0.5713905
1170,1367,0.5579076
1170,1959,0.56731737
1170,2139,0.56389415
1170,2219,0.5512836
1170,2344,0.58487344
1170,2347,0.5575195
1170,2374,0.6071391
1170,2689,0.6012348
1170,2928,0.56982213
1170,2971,0.5541879
1170,3006,0.59740454
1170,3048,0.56761324
1170,3135,0.5735601
1170,3165,0.55115056
1170,3177,0.5510806
1170,3220,0.56046915
1170,3233,0.57614887
1170,3257,0.5546367
1171,1232,0.57471275
1171,1246,0.55091536
1171,2445,0.6103638
1172,1295,0.60284704
1172,1309,0.5614619
1172,1409,0.5510458
1172,2510,0.5558748
1172,2523,0.59461653
1174,1219,0.5917449
1174,1262,0.59247774
1174,1910,0.55358964
1174,2374,0.584428
1174,2689,0.55211717
1174,2762,0.5633224
1174,2891,0.5565093
1174,3177,0.55303323
1174,3179,0.6074896
1175,2132,0.5862043
1175,2540,0.5743209
1175,2585,0.55207336
1175,2818,0.5827364
1175,3141,0.5537729
1175,3193,0.56835854
1176,3059,0.55596566
1177,1706,0.5634928
1177,1940,0.55352086
1177,2023,0.61034673
1177,2919,0.58411217
1177,2927,0.5879473
1177,3130,0.561911
1181,1526,0.57611966
1182,1183,0.68923044
1184,1532,0.5730517
1184,1699,0.5716567
1184,2202,0.5620856
1184,2328,0.5668433
1184,3169,0.5809894
1185,1406,0.57002735
1188,2069,0.5709998
1188,2325,0.55025345
1188,3089,0.5539504
1189,1190,0.647465
1189,1191,0.6284735
1190,1191,0.69844055
1194,1411,0.58135736
1194,1414,0.7134564
1196,1320,0.58996105
1196,1717,0.57958055
1200,1232,0.59178984
1200,1266,0.57315135
1200,1277,0.57111835
1200,1295,0.60727346
1200,1354,0.5713384
1200,1521,0.57484233
1200,1541,0.5618272
1200,1542,0.57701045
1200,1545,0.60550356
1200,1546,0.5843187
1200,1588,0.56014854
1200,1699,0.56711316
1200,1710,0.59229386
1200,1807,0.560035
1200,1956,0.6015911
1200,2097,0.5722352
1200,2126,0.588189
1200,2168,0.57310605
1200,2320,0.55705225
1200,2422,0.5559001
1200,2440,0.5803013
1200,2666,0.5743179
1200,2696,0.6076844
1200,2697,0.55870616
1200,2724,0.55060685
1200,2748,0.5950846
1200,2891,0.5552558
1200,2917,0.592037
1200,2929,0.6020282
1200,2936,0.59351873
1200,3179,0.5565375
1200,3193,0.57821906
1200,3209,0.66536677
1200,3216,0.6113112
1200,3232,0.6031755
1200,3242,0.5876201
1200,3265,0.5696956
1200,3268,0.58743644
1211,1351,0.60788804
1211,1689,0.5542351
1211,2299,0.80360526
1211,2681,0.5709253
1213,1557,0.5635961
1213,2538,0.5518053
1215,2451,0.6408582
1217,2232,0.55123293
1217,2472,0.56271017
1218,1277,0.5527533
1218,1295,0.55920994
1218,1360,0.5635695
1218,1585,0.6195427
1218,1650,0.55471563
1218,1938,0.55049205
1218,2310,0.60581064
1218,2578,0.5597527
1218,2891,0.5518755
1218,3015,0.5510335
1218,3209,0.5552627
1219,1266,0.5681288
1219,1290,0.5637692
1219,1328,0.55374455
1219,1358,0.5571978
1219,1444,0.5831487
1219,1492,0.5521668
1219,1594,0.5786603
1219,1699,0.5510582
1219,1721,0.6173884
1219,1850,0.5610274
1219,1879,0.58456755
1219,1910,0.57566065
1219,1936,0.5746778
1219,1959,0.5711751
1219,2021,0.5504204
1219,2044,0.55050945
1219,2218,0.5531548
1219,2219,0.56401527
1219,2283,0.5600197
1219,2374,0.6115365
1219,2414,0.57346714
1219,2492,0.57008064
1219,2578,0.5581739
1219,2689,0.56261253
1219,2712,0.55866116
1219,2725,0.57920253
1219,2852,0.55457187
1219,2879,0.572232
1219,2891,0.57516026
1219,2954,0.58770144
1219,2971,0.586095
1219,2998,0.5514003
1219,3180,0.5746069
1219,3181,0.63470554
1219,3182,0.61720896
1219,3266,0.5560589
1221,1232,0.6353172
1221,1266,0.57801026
1221,1274,0.95485276
1221,1410,0.58935136
1221,1494,0.5515233
1221,1534,0.5681946
1221,1537,0.5629095
1221,2325,0.5740024
1221,2493,0.5773028
1222,1518,0.56057847
1222,1864,0.5784386
1223,1328,0.5841831
1224,1369,0.55312014
1224,1370,0.57733685
1224,1373,0.60836303
1224,1393,0.5692798
1224,1395,0.5666953
1224,1396,0.58593357
1224,1399,0.6151947
1228,1231,0.6651256
1228,1368,0.7321422
1229,1526,0.58438134
1230,2168,0.55474377
1230,2998,0.55595577
1230,3264,0.5635338
1231,1295,0.60522205
1231,1368,0.7356286
1231,1533,0.5752227
1231,1622,0.63942313
1231,2568,0.55090845
1231,3181,0.5539316
1232,1262,0.5507666
1232,1266,0.56454647
1232,1270,0.57286847
1232,1274,0.6527117
1232,1622,0.564098
1232,1629,0.55120486
1232,1699,0.57145643
1232,1714,0.5685634
1232,1721,0.61563927
1232,2019,0.59086525
1232,2097,0.60795456
1232,2107,0.5525713
1232,2168,0.563208
1232,2196,0.56917137
1232,2197,0.5619644
1232,2257,0.600596
1232,2347,0.5755744
1232,2354,0.57057214
1232,2410,0.5673045
1232,2480,0.55304396
1232,2486,0.5574791
1232,2689,0.59429026
1232,2712,0.56846344
1232,2724,0.5561296
1232,2748,0.5510536
1232,2787,0.642344
1232,2923,0.57051176
1232,2928,0.5743414
1232,2933,0.6173698
1232,2970,0.5821733
1232,3008,0.55738187
1232,3042,0.57905936
1232,3053,0.6429882
1232,3105,0.55460083
1232,3135,0.55759037
1232,3154,0.58542264
1232,3193,0.5637668
1232,3207,0.5932691
1232,3264,0.6114263
1232,3270,0.5634092
1233,1241,0.55664194
1233,2320,0.5502362
1234,1270,0.5792046
1234,1333,0.56648326
1235,1263,0.5548193
1235,1277,0.5633904
1235,1366,0.5659671
1235,1410,0.5736337
1235,1445,0.5545853
1235,1522,0.5524113
1235,1879,0.559429
1235,2017,0.5758942
1236,1637,0.5587491
1238,2205,0.57042813
1238,2486,0.5512372
1240,2116,0.5515872
1241,2462,0.5717876
1242,1266,0.55027354
1242,1447,0.5506928
1242,1643,0.56405914
1242,1652,0.588292
1242,1798,0.552641
1242,2474,0.5768658
1242,3021,0.61357117
1242,3051,0.5553677
1242,3097,0.55541724
1243,1697,0.55332136
1244,1482,0.5970262
1245,2451,0.5996897
1246,1799,0.61557364
1246,1859,0.57265246
1246,1879,0.5643796
1246,1935,0.5502269
1246,2162,0.5597801
1246,2329,0.5523114
1246,2527,0.5955785
1246,2760,0.5713328
1246,2953,0.5585561
1246,3025,0.5667775
1246,3317,0.56943166
1247,1319,0.7350304
1247,1436,0.55148494
1247,1773,0.55838585
1247,1856,0.61285317
1247,2740,0.59029305
1247,3298,0.68352216
1248,1328,0.5641376
1248,2097,0.5858896
1248,3232,0.56541795
1249,1328,0.56170404
1249,1936,0.5815099
1249,2567,0.5625861
1249,2612,0.580993
1249,2784,0.5583788
1250,1824,0.5540466
1250,1919,0.5553999
1250,1951,0.56757
1250,1998,0.5571903
1250,2124,0.5804816
1253,2248,0.55171055
1254,2530,0.55104506
1255,1364,0.5980469
1255,1773,0.60865414
1256,1445,0.56069887
1256,1799,0.63244617
1256,1800,0.63913107
1256,2107,0.55479383
1256,2139,0.5766219
1256,2405,0.55845684
1256,2474,0.56113356
1256,2578,0.563215
1256,2689,0.5518175
1256,2953,0.57208323
1256,3003,0.57381964
1257,2567,0.5786057
1258,1295,0.6187167
1258,1535,0.5680358
1258,3209,0.63025856
1259,1263,0.5514785
1259,1539,0.55180275
1259,1878,0.55379176
1259,1959,0.5755929
1259,2241,0.55139095
1259,2486,0.5634761
1261,1517,0.5792705
1261,2523,0.5655422
1261,2558,0.57788384
1261,3019,0.55822265
1262,1273,0.6073537
1262,1277,0.5925386
1262,1290,0.59350544
1262,1326,0.6369685
1262,1442,0.57023925
1262,1528,0.6144979
1262,1551,0.5666343
1262,1615,0.58135474
1262,1622,0.5726813
1262,1682,0.5804157
1262,1695,0.550822
1262,1699,0.5655556
1262,1719,0.55017257
1262,1776,0.5529462
1262,1778,0.5875809
1262,1830,0.5529163
1262,1852,0.6008329
1262,1868,0.55998516
1262,1885,0.62425137
1262,1904,0.5550904
1262,1910,0.5741807
1262,1965,0.6141467
1262,1982,0.5701311
1262,1998,0.5523002
1262,2040,0.5671519
1262,2097,0.5939828
1262,2110,0.5542965
1262,2116,0.5681076
1262,2126,0.6007353
1262,2137,0.60237956
1262,2168,0.61257786
1262,2218,0.6119267
1262,2240,0.56194866
1262,2242,0.5579004
1262,2252,0.56519544
1262,2257,0.6216491
1262,2264,0.5674261
1262,2284,0.59932005
1262,2287,0.568166
1262,2343,0.58020437
1262,2358,0.55769396
1262,2366,0.55894566
1262,2425,0.587655
1262,2453,0.55020547
1262,2463,0.6099849
1262,2464,0.63073623
1262,2505,0.55655015
1262,2518,0.56210583
1262,2574,0.5741166
1262,2575,0.5636636
1262,2609,0.60237956
1262,2618,0.5864675
1262,2666,0.5672105
1262,2684,0.5546243
1262,2689,0.568961
1262,2712,0.57745063
1262,2726,0.56080604
1262,2733,0.63235146
1262,2748,0.5570009
1262,2856,0.5848769
1262,2891,0.56146795
1262,2971,0.5962299
1262,2996,0.55996215
1262,3025,0.56906
1262,3036,0.55597675
1262,3089,0.55140984
1262,3104,0.56529003
1262,3109,0.560397
1262,3154,0.6078346
1262,3165,0.62373495
1262,3209,0.55472875
1262,3220,0.5661597
1262,3248,0.6118833
1262,3255,0.57222956
1262,3256,0.5934088
1262,3310,0.5548224
1262,3317,0.57811224
1263,1266,0.58818066
1263,1278,0.5585736
1263,1327,0.5538713
1263,1328,0.5566133
1263,1366,0.5698032
1263,1445,0.5548102
1263,1447,0.6022135
1263,1492,0.5557277
1263,1798,0.6107824
1263,1800,0.5758745
1263,2097,0.57108843
1263,2405,0.5514876
1263,2422,0.57638824
1263,2466,0.56545544
1263,2474,0.55446404
1263,2486,0.6133894
1263,2620,0.555199
1263,2917,0.56884086
1264,1266,0.5625875
1264,2405,0.5642487
1265,1886,0.5736095
1266,1270,0.597483
1266,1274,0.59068143
1266,1277,0.6200675
1266,1290,0.5586169
1266,1295,0.58652997
1266,1297,0.57924527
1266,1323,0.55678344
1266,1326,0.5822612
1266,1406,0.5824903
1266,1422,0.578884
1266,1445,0.57376635
1266,1447,0.6116347
1266,1494,0.5634754
1266,1505,0.55659866
1266,1517,0.57990766
1266,1535,0.5568844
1266,1542,0.5660552
1266,1615,0.5562134
1266,1622,0.5790081
1266,1630,0.550256
1266,1643,0.58027023
1266,1650,0.5803426
1266,1652,0.61704034
1266,1666,0.59705913
1266,1699,0.6299213
1266,1710,0.58923006
1266,1850,0.5507433
1266,1869,0.5737512
1266,1878,0.5861569
1266,1879,0.5971242
1266,1910,0.59021604
1266,1922,0.5903269
1266,1938,0.55447197
1266,1959,0.5797668
1266,1992,0.6151627
1266,2016,0.57182825
1266,2021,0.56945795
1266,2072,0.55523014
1266,2097,0.59183985
1266,2107,0.6121336
1266,2132,0.5582827
1266,2137,0.56924
1266,2146,0.5592882
1266,2150,0.5614065
1266,2168,0.57954097
1266,2177,0.56261075
1266,2195,0.57066834
1266,2206,0.5557252
1266,2207,0.5619166
1266,2218,0.61479306
1266,2219,0.5900256
1266,2251,0.5886035
1266,2256,0.56868553
1266,2298,0.58455086
1266,2320,0.58685267
1266,2343,0.56195104
1266,2344,0.57633924
1266,2350,0.5704429
1266,2358,0.55154276
1266,2374,0.56492114
1266,2408,0.5632195
1266,2410,0.58282256
1266,2413,0.5766134
1266,2414,0.586769
1266,2439,0.5687946
1266,2440,0.6053587
1266,2445,0.57345736
1266,2463,0.5522909
1266,2466,0.5671016
1266,2482,0.55074036
1266,2488,0.6131019
1266,2572,0.5820888
1266,2578,0.5959073
1266,2606,0.55013144
1266,2609,0.56924
1266,2642,0.57249886
1266,2666,0.6005106
1266,2694,0.552565
1266,2712,0.5605916
1266,2747,0.56800985
1266,2787,0.5696199
1266,2791,0.5909281
1266,2797,0.57191145
1266,2799,0.56935465
1266,2880,0.55079794
1266,2891,0.5729112
1266,2928,0.5537039
1266,2953,0.55575985
1266,2996,0.5535507
1266,2998,0.5713412
1266,3016,0.571041
1266,3021,0.57869196
1266,3025,0.58677244
1266,3036,0.5760078
1266,3097,0.55167556
1266,3099,0.5788005
1266,3105,0.5618363
1266,3109,0.62098217
1266,3124,0.5978564
1266,3151,0.5669992
1266,3165,0.5669936
1266,3168,0.5652751
1266,3169,0.6349515
1266,3177,0.6297331
1266,3179,0.56304026
1266,3186,0.6129371
1266,3193,0.5654111
1266,3209,0.5636562
1266,3270,0.5880797
1266,3279,0.5500836
1266,3280,0.6576406
1266,3289,0.55961263
1266,3294,0.5735551
1266,3310,0.57822055
1267,1386,0.60742664
1267,1722,0.56137466
1268,1621,0.5653933
1268,1738,0.56614727
1268,2776,0.5865133
1268,2784,0.5542325
1268,3232,0.5700276
1269,2532,0.6487935
1270,1272,0.5837918
1270,1304,0.55906194
1270,1323,0.5935167
1270,1333,0.616652
1270,1446,0.5852352
1270,1511,0.5572504
1270,1522,0.6238874
1270,1523,0.57173014
1270,1524,0.6367729
1270,1720,0.5711874
1270,1798,0.55141693
1270,1877,0.564656
1270,1886,0.5578098
1270,2097,0.5512282
1270,2205,0.62540925
1270,2251,0.553756
1270,2320,0.5793578
1270,2420,0.5586206
1270,2486,0.5817132
1270,2488,0.5845581
1270,2495,0.5687378
1270,2524,0.5965705
1270,2666,0.5648729
1270,2689,0.5870706
1270,2706,0.5754598
1270,2929,0.58843064
1270,3014,0.6008854
1270,3168,0.5777104
1270,3186,0.5502279
1270,3233,0.657863
1270,3262,0.6136106
1270,3264,0.6674333
1271,2962,0.5626117
1271,3265,0.5650642
1272,1522,0.5579256
1273,1442,0.55180234
1273,1528,0.65425515
1273,1868,0.5520553
1273,1965,0.59268206
1273,2242,0.58201075
1273,2336,0.5512417
1273,2392,0.5672445
1273,2464,0.5997219
1273,2568,0.57238925
1273,2575,0.5544467
1273,2618,0.59698915
1273,2642,0.5584708
1273,2864,0.5738735
1273,3268,0.5504693
1273,3310,0.59267044
1274,1410,0.59549326
1274,1447,0.5564396
1274,1494,0.5981153
1274,1534,0.63782793
1274,2325,0.5634155
1274,2493,0.5729853
1275,1277,0.5619865
1275,1517,0.6065504
1275,1546,0.56329
1275,1877,0.5525782
1275,2414,0.55607325
1276,2169,0.6704297
1277,1278,0.5557677
1277,1308,0.5688546
1277,1326,0.5706006
1277,1422,0.553653
1277,1442,0.66355264
1277,1447,0.5729117
1277,1507,0.5542578
1277,1625,0.59858155
1277,1630,0.5541849
1277,1652,0.56942606
1277,1699,0.62508917
1277,1703,0.59318787
1277,1706,0.56230915
1277,1710,0.55125856
1277,1740,0.5511767
1277,1760,0.56221044
1277,1761,0.58498037
1277,1778,0.5876031
1277,1807,0.5928795
1277,1852,0.5523226
1277,1879,0.5804886
1277,1885,0.55797243
1277,1892,0.55479354
1277,1935,0.5741128
1277,1993,0.55231166
1277,2006,0.6094429
1277,2040,0.5827787
1277,2041,0.6370971
1277,2055,0.5681424
1277,2104,0.6052684
1277,2107,0.6382607
1277,2118,0.585545
1277,2126,0.5656873
1277,2137,0.5657951
1277,2139,0.5661875
1277,2146,0.5609701
1277,2150,0.572447
1277,2168,0.6176388
1277,2203,0.5597792
1277,2206,0.56471646
1277,2219,0.57804817
1277,2252,0.5793096
1277,2254,0.5636816
1277,2256,0.6486537
1277,2287,0.5506664
1277,2329,0.5655377
1277,2358,0.5738987
1277,2398,0.60183847
1277,2410,0.5674435
1277,2450,0.5843003
1277,2464,0.6277725
1277,2494,0.5597024
1277,2531,0.5628705
1277,2553,0.5676726
1277,2572,0.5586034
1277,2578,0.69326943
1277,2609,0.5657951
1277,2610,0.5785308
1277,2726,0.5877379
1277,2747,0.6033194
1277,2760,0.55931234
1277,2847,0.55906856
1277,2930,0.55895114
1277,2953,0.6358259
1277,3013,0.5861008
1277,3098,0.56605667
1277,3209,0.5523195
1277,3220,0.5656495
1277,3294,0.5685843
1278,1308,0.55558395
1278,1326,0.55579305
1278,1622,0.5554301
1278,2217,0.5622504
1278,2759,0.5865714
1279,1799,0.56404936
1279,1852,0.5722058
1279,2217,0.5797931
1283,2528,0.55768883
1284,2636,0.5755742
1285,1372,0.99999994
1286,1749,0.6109214
1286,2441,0.56056696
1287,1306,0.58887655
1288,1540,0.56353235
1288,2466,0.5602713
1289,2309,0.5541806
1289,3013,0.561615
1290,1326,0.5555227
1290,1682,0.59493494
1290,1721,0.5740355
1290,1750,0.57663834
1290,1829,0.57410955
1290,1902,0.6094238
1290,1913,0.57762814
1290,1959,0.58825874
1290,2097,0.5856285
1290,2218,0.56219256
1290,2329,0.56008965
1290,2343,0.5616874
1290,2358,0.559801
1290,2425,0.55969083
1290,2852,0.572688
1290,2906,0.5751447
1290,2998,0.5588671
1290,3025,0.58220273
1290,3096,0.56878984
1290,3317,0.59721565
1290,3318,0.644754
1291,1301,0.5689366
1291,1408,0.56001925
1291,2097,0.58450615
1291,2265,0.5560758
1291,2592,0.6104823
1291,3015,0.5574453
1292,2256,0.5501462
1292,2398,0.575091
1292,3231,0.6127088
1292,3268,0.57519674
1293,2666,0.56357664
1293,2710,0.57015425
1293,2963,0.55907595
1293,3296,0.5563852
1294,2195,0.55873024
1295,1354,0.5634565
1295,1410,0.5619464
1295,1533,0.6123657
1295,1622,0.56116605
1295,2374,0.568158
1295,2414,0.557201
1295,2689,0.5568454
1295,2891,0.5589323
1295,3025,0.55711436
1295,3073,0.5783452
1295,3209,0.6693462
1295,3268,0.59735614
1296,1308,0.58377
1296,1333,0.5818048
1296,1420,0.55112195
1296,2635,0.57408124
1297,2182,0.55798495
1297,3049,0.56007874
1301,1410,0.5538618
1301,2936,0.56220514
1301,3039,0.55032635
1302,2111,0.56112516
1302,2627,0.5694877
1304,2044,0.5614735
1304,2207,0.56134653
1304,2300,0.5590343
1304,2319,0.55659246
1304,2575,0.55715406
1304,2606,0.5515839
1304,2689,0.55906373
1304,2851,0.5510538
1304,2930,0.5730331
1304,3091,0.5715302
1304,3139,0.55560374
1304,3168,0.55296415
1304,3233,0.5552181
1304,3262,0.5571683
1307,1366,0.5542513
1307,1511,0.55631745
1307,1512,0.55042505
1307,1535,0.56603885
1307,2400,0.5573454
1307,2702,0.55515325
1308,1535,0.56789523
1308,2339,0.6587578
1309,1310,0.64218104
1309,1529,0.6032598
1309,1530,0.67776084
1309,2419,0.5786017
1309,2568,0.6212163
1310,1529,0.60126746
1310,1530,0.6652474
1310,1691,0.57910216
1315,1500,0.56582344
1316,1419,0.5610535
1318,1576,0.6936901
1319,1773,0.5504328
1319,1856,0.56661326
1319,3298,0.7261299
1320,2457,0.55537736
1321,2684,0.5827044
1322,1883,0.5599514
1322,2061,0.61003673
1322,2077,0.5645076
1322,2436,0.5815789
1323,1326,0.5547054
1323,1333,0.62582606
1323,1447,0.5703056
1323,1523,0.55097705
1323,1524,0.57930624
1323,2016,0.60641694
1323,2119,0.552598
1323,2331,0.62102365
1323,2488,0.5539998
1323,2694,0.5712593
1323,2706,0.5696038
1323,2928,0.5522985
1323,3219,0.58292854
1323,3233,0.61206424
1323,3262,0.57949567
1323,3263,0.5760649
1323,3285,0.56163085
1324,1328,0.55163145
1324,1507,0.6334245
1324,1511,0.55327064
1324,1608,0.5753778
1324,1630,0.56727874
1324,1729,0.5789654
1324,1730,0.55028594
1324,2000,0.60810375
1324,2027,0.5733309
1324,2044,0.55684495
1324,2083,0.5949859
1324,2124,0.552817
1324,2163,0.5540242
1324,2182,0.60494465
1324,2218,0.56882656
1324,2411,0.5795344
1324,2444,0.5543423
1324,2453,0.5660494
1324,2606,0.58205074
1324,2614,0.57585454
1324,2618,0.55475557
1324,2996,0.5628278
1324,3060,0.57456994
1324,3245,0.56227064
1324,3266,0.554358
1325,1622,0.56493306
1325,1734,0.5748699
1325,2374,0.55307907
1325,2633,0.59140354
1326,1499,0.56448305
1326,1511,0.55208385
1326,1528,0.56282055
1326,1622,0.5936614
1326,1630,0.5597742
1326,1682,0.6078036
1326,1699,0.5739058
1326,1712,0.55965865
1326,1778,0.5881042
1326,1852,0.58769107
1326,1868,0.5573418
1326,1885,0.59161675
1326,1886,0.5502325
1326,1930,0.553883
1326,2016,0.5508782
1326,2041,0.6056198
1326,2118,0.62692046
1326,2126,0.5544801
1326,2168,0.57530785
1326,2218,0.62448245
1326,2219,0.56321657
1326,2257,0.555578
1326,2284,0.5513319
1326,2287,0.55535287
1326,2300,0.5912753
1326,2362,0.61205953
1326,2398,0.5594269
1326,2463,0.63067734
1326,2464,0.61731505
1326,2518,0.5652919
1326,2574,0.5554267
1326,2666,0.56789804
1326,2689,0.5687874
1326,2712,0.56453943
1326,2733,0.5551921
1326,3003,0.5707257
1326,3025,0.5626786
1326,3048,0.56656456
1326,3177,0.5556289
1326,3182,0.5575868
1326,3189,0.56353474
1326,3193,0.5636549
1326,3220,0.57860994
1326,3248,0.5536715
1326,3310,0.5755743
1327,1525,0.5665065
1327,1540,0.5534644
1327,1545,0.58882785
1327,1798,0.5992736
1327,1910,0.58705807
1327,2374,0.55091226
1328,1367,0.5564313
1328,1551,0.5522716
1328,1622,0.60265434
1328,1729,0.55087286
1328,1739,0.56860375
1328,1859,0.56051964
1328,1879,0.5702708
1328,2040,0.5639822
1328,2116,0.58851737
1328,2142,0.5659462
1328,2182,0.567521
1328,2331,0.5516226
1328,2373,0.5678757
1328,2408,0.5588235
1328,2476,0.5931903
1328,2558,0.564586
1328,2633,0.5983299
1328,2725,0.56488174
1328,2891,0.6087712
1328,3209,0.5767053
1332,2241,0.57496375
1333,1446,0.5704471
1333,1522,0.56849897
1333,1877,0.5833214
1333,2148,0.5968275
1333,2205,0.58774245
1333,2488,0.57121587
1333,2495,0.55768216
1334,2627,0.5542583
1335,1468,0.5636941
1339,2104,0.5850064
1344,2781,0.55482936
1347,1810,0.57458127
1347,2077,0.5687675
1347,2394,0.550546
1347,2436,0.60599685
1347,2835,0.66283745
1347,2898,0.6212548
1348,2061,0.5726105
1350,2891,0.593527
1351,1697,0.6018962
1351,2077,0.5601035
1351,2099,0.5607126
1351,2299,0.55761266
1352,1697,0.55072343
1352,2077,0.5876158
1352,2099,0.62478185
1352,2681,0.5611963
1354,1540,0.60446197
1354,1542,0.5501507
1354,1770,0.55877304
1354,1864,0.58028454
1354,1878,0.5669105
1354,2097,0.58222735
1354,2127,0.5606135
1354,2205,0.58800435
1354,2344,0.55589986
1354,2384,0.5889664
1354,2440,0.5625572
1354,2461,0.5507755
1354,2689,0.5792197
1354,2708,0.57597995
1354,3264,0.58353305
1354,3268,0.5707676
1355,2863,0.5620109
1355,2969,0.58412886
1355,3091,0.5773347
1355,3226,0.6086698
1355,3271,0.586095
1356,3295,0.55765986
1358,1612,0.5672535
1358,1800,0.59061444
1358,2097,0.6169786
1358,2152,0.55436283
1358,2177,0.5545734
1358,2205,0.6227957
1358,2219,0.5745372
1358,2273,0.56026745
1358,2300,0.57110745
1358,2373,0.5528351
1358,2405,0.56589746
1358,2666,0.5650748
1358,2954,0.5595218
1358,2971,0.57162714
1358,3266,0.56877255
1359,2715,0.55870056
1359,2779,0.5740021
1359,2865,0.57981837
1359,2880,0.605747
1360,1409,0.5634155
1360,2474,0.5512876
1360,2523,0.5623002
1360,2954,0.5634158
1360,3015,0.5660487
1360,3176,0.55377567
1360,3209,0.5541854
1364,1425,0.66812766
1364,1773,0.6157712
1364,2428,0.59719026
1365,1525,0.60641
1366,1710,0.55929744
1366,1770,0.5737277
1366,2017,0.57329696
1367,2558,0.57408416
1367,2998,0.5630311
1367,3025,0.55876255
1368,1622,0.5874797
1368,2666,0.56904227
1369,1371,0.5570216
1369,1373,0.6939289
1369,1391,0.60581625
1369,1392,0.6775899
1369,1393,0.6690241
1369,1395,0.65843785
1369,1399,0.646593
1370,1371,0.5671445
1370,1392,0.56764054
1370,1395,0.56247973
1370,1396,0.6751608
1370,1398,0.6054603
1370,1399,0.64648634
1370,1400,0.5648602
1370,1401,0.64868695
1371,1373,0.5901791
1371,1392,0.5717861
1371,1395,0.64700913
1371,1396,0.59322464
1371,1398,0.5923594
1371,1399,0.63890445
1371,1400,0.60416996
1371,1401,0.5877776
1373,1392,0.6024878
1373,1393,0.6673804
1373,1394,0.5863577
1373,1395,0.5541544
1373,1396,0.7168818
1373,1398,0.59000957
1373,1399,0.70089936
1373,1401,0.56648016
1374,2363,0.5682261
1375,3059,0.60763514
1376,1620,0.60565925
1376,1773,0.62725234
1376,1853,0.57511836
1376,1907,0.59809244
1378,2183,0.57341003
1378,2916,0.5784627
1380,1620,0.55079764
1384,1632,0.5566933
1385,1982,0.55085385
1385,2219,0.5641407
1385,2374,0.5865041
1385,3109,0.5669965
1386,1636,0.5828573
1386,1704,0.6039543
1386,2250,0.5719087
1387,1513,0.58352757
1387,3129,0.5523964
1390,1392,0.56487435
1390,1398,0.56553805
1391,1392,0.68793637
1391,1399,0.60351354
1392,1393,0.65608716
1392,1394,0.57969743
1392,1395,0.55348086
1392,1396,0.57358384
1392,1398,0.63171
1392,1399,0.6597707
1392,1400,0.58249205
1392,1401,0.5950283
1393,1394,0.6366701
1393,1395,0.56472635
1393,1396,0.6229163
1393,1398,0.58623445
1393,1399,0.6546551
1394,1396,0.5685228
1394,1399,0.57982653
1395,1396,0.5565642
1395,1398,0.55853766
1395,1399,0.65314114
1396,1398,0.65243864
1396,1399,0.64124715
1396,1401,0.5512861
1397,1399,0.61800414
1397,1400,0.5565676
1397,1401,0.594416
1398,1399,0.7064296
1398,1400,0.6823196
1398,1401,0.6376073
1399,1400,0.71668124
1399,1401,0.79802155
1400,1401,0.72056687
1402,1404,0.62399876
1404,1405,0.6351132
1404,1807,0.5646045
1406,1409,0.57122487
1406,1585,0.5700269
1406,1730,0.55640805
1406,2127,0.5512028
1406,2494,0.55828166
1406,2879,0.57356274
1406,3089,0.5757532
1406,3124,0.55271435
1407,1445,0.5539881
1408,1409,0.5629941
1408,1714,0.57547987
1408,1878,0.606143
1408,2486,0.5636892
1408,2526,0.5581646
1409,1535,0.5597933
1409,2116,0.5737492
1409,2523,0.5633641
1409,2996,0.5538777
1410,1622,0.5947832
1410,1879,0.5625279
1410,2325,0.5504366
1410,2689,0.56136143
1410,3209,0.5693334
1411,1414,0.63309324
1413,1643,0.5768018
1413,2030,0.5561565
1415,2162,0.555611
1415,2219,0.5815605
1416,1422,0.5820959
1416,1535,0.5921767
1416,3232,0.5645801
1417,3025,0.5563765
1417,3104,0.58112085
1417,3193,0.5559069
1419,2891,0.5608986
1419,3283,0.55317855
1420,1421,0.6437485
1420,1422,0.6335412
1421,1422,0.6571529
1422,1710,0.5978794
1422,2150,0.57272166
1422,2414,0.5533291
1422,2866,0.58032125
1424,1648,0.56945634
1425,1435,0.5656663
1425,1436,0.59535855
1425,1437,0.64397615
1428,1554,0.59282136
1431,1659,0.6091925
1431,1871,0.6078259
1431,2647,0.55818784
1431,2993,0.5922104
1435,1437,0.6107924
1436,1437,0.6069638
1436,1773,0.6567879
1436,2740,0.5787735
1441,1729,0.5927862
1441,3060,0.5570766
1442,1625,0.5530781
1442,1885,0.5562779
1442,1935,0.5582748
1442,2118,0.5557366
1442,2256,0.5627911
1442,2425,0.5539343
1442,2464,0.5599452
1442,2578,0.5580261
1442,2606,0.56568456
1442,3220,0.563052
1442,3294,0.5728961
1443,1555,0.56973183
1443,3257,0.57903993
1444,1612,0.55634284
1444,1721,0.56347895
1444,1740,0.56577456
1444,2132,0.5578428
1444,2618,0.55381656
1444,2666,0.5522295
1444,2891,0.55266535
1444,2971,0.5945427
1445,1447,0.55679655
1445,1542,0.5716217
1445,1545,0.5772673
1445,1710,0.5626495
1445,1714,0.5695108
1445,1731,0.55182743
1445,1770,0.6181358
1445,1800,0.55775267
1445,1864,0.5566396
1445,1930,0.5658057
1445,1956,0.5668856
1445,2079,0.55091226
1445,2097,0.5857153
1445,2196,0.55401194
1445,2273,0.5652956
1445,2384,0.553551
1445,2440,0.5799444
1445,2474,0.6320579
1445,3256,0.5691093
1445,3264,0.57141304
1446,1521,0.5712026
1446,1523,0.6187016
1446,1524,0.5810511
1446,1542,0.5894874
1446,1622,0.5662306
1446,1726,0.59554255
1446,1800,0.56542367
1446,1930,0.5517285
1446,1956,0.55508065
1446,2092,0.5773854
1446,2148,0.60015804
1446,2205,0.57862926
1446,2251,0.57225215
1446,2422,0.57588804
1446,2666,0.5783752
1446,2689,0.5909524
1446,2724,0.55339766
1446,2879,0.5992571
1446,2929,0.6352804
1446,3233,0.5514721
1446,3264,0.61686033
1446,3266,0.57914174
1447,1542,0.60211813
1447,1770,0.55666435
1447,1879,0.55936193
1447,2041,0.5511114
1447,2486,0.5577556
1447,2620,0.58964586
1447,2642,0.5622635
1447,3021,0.5516182
1448,1843,0.58124596
1448,3074,0.5524594
1451,2253,0.5561204
1452,1454,0.6592714
1452,1504,0.7022412
1452,1594,0.72711635
1452,2082,0.58899105
1452,3018,0.5725603
1453,1491,0.57585657
1453,1497,0.7037241
1453,1590,0.83529377
1454,1504,0.56997126
1454,1594,0.7551123
1454,2082,0.56377405
1454,2492,0.56094027
1454,2834,0.5513027
1455,1456,0.6084704
1456,1596,0.613713
1460,1468,0.5527649
1460,1474,0.56375504
1460,1737,0.5776467
1460,3312,0.6312073
1463,1596,0.5851512
1464,1574,0.6978243
1464,3252,0.5636639
1466,1467,0.5513156
1466,1554,0.556607
1466,1587,0.6230364
1466,2711,0.5724274
1468,2407,0.60295814
1469,1474,0.55772245
1469,1835,0.5670819
1469,2375,0.56147826
1469,2453,0.58468616
1471,2816,0.5722401
1474,1699,0.5517877
1474,1705,0.58118385
1474,1899,0.5604559
1474,2105,0.568431
1474,2268,0.56795645
1474,2663,0.5646269
1474,2700,0.564962
1474,2749,0.5538223
1474,3251,0.58555496
1474,3272,0.55807066
1475,1580,0.555236
1476,1484,0.64784396
1479,2503,0.6400994
1485,1622,0.55145127
1485,2052,0.5505328
1485,2733,0.5593327
1485,3141,0.5613183
1485,3270,0.5509557
1488,1924,0.55336034
1491,1590,0.65472853
1492,2069,0.5605507
1492,2405,0.56495017
1492,2505,0.5631376
1492,2879,0.5893462
1492,3257,0.5520197
1493,1502,0.801358
1493,1682,0.56192875
1493,1757,0.5627238
1493,2118,0.5648175
1493,2748,0.5650078
1494,1534,0.5722321
1494,2041,0.55250573
1497,1590,0.70557237
1497,2568,0.570009
1498,1503,0.566103
1498,1778,0.5725342
1498,2712,0.5588403
1499,1503,0.6254188
1499,1778,0.63580537
1499,2252,0.55915236
1499,3003,0.55649734
1503,1778,0.6902938
1504,1565,0.6435125
1504,1594,0.67430943
1504,3018,0.5514043
1505,1506,0.7416266
1505,1507,0.7322942
1505,1508,0.7276993
1505,1509,0.75502574
1505,1510,0.65332353
1505,1511,0.70721054
1505,1512,0.6716259
1505,1513,0.61888313
1505,1608,0.6809112
1505,1698,0.56526667
1505,1824,0.551272
1505,2053,0.57191944
1505,2413,0.56594324
1505,2651,0.5624895
1506,1507,0.7669077
1506,1508,0.7641367
1506,1509,0.7503055
1506,1510,0.69372976
1506,1511,0.76164675
1506,1512,0.81942976
1506,1513,0.64240575
1506,1608,0.72782815
1507,1508,0.77416515
1507,1509,0.7520116
1507,1510,0.65521306
1507,1511,0.7353432
1507,1512,0.76893204
1507,1513,0.7219223
1507,1608,0.78208506
1507,1797,0.5873971
1507,2163,0.55229187
1507,2408,0.5615826
1507,2651,0.5940983
1507,2950,0.5864501
1508,1509,0.74398446
1508,1510,0.6929214
1508,1511,0.70543003
1508,1512,0.714469
1508,1513,0.6352738
1508,1608,0.6700631
1508,2651,0.5770281
1508,2950,0.57468593
1508,3093,0.5652628
1509,1510,0.70579547
1509,1511,0.80599844
1509,1512,0.7231163
1509,1513,0.670799
1509,1608,0.77699846
1509,2651,0.6278819
1509,2950,0.55064374
1510,1511,0.717484
1510,1512,0.67590725
1510,1513,0.5715495
1510,1608,0.663799
1510,2203,0.55109406
1511,1512,0.79579806
1511,1513,0.63276845
1511,1535,0.59013426
1511,1608,0.8132323
1511,1621,0.55156684
1511,2163,0.5709752
1511,2300,0.5859057
1511,2488,0.5783474
1511,2950,0.5640797
1512,1513,0.65630305
1512,1535,0.5636436
1512,1608,0.7710135
1512,2163,0.5732254
1512,2651,0.5888616
1513,1608,0.6359508
1513,1809,0.60365856
1513,2647,0.5992414
1513,2651,0.6458602
1513,2993,0.56225216
1513,3129,0.58603895
1514,1542,0.55703735
1514,2772,0.59708965
1515,1923,0.5550411
1515,2634,0.556629
1515,2882,0.60825217
1516,2463,0.56703657
1516,2632,0.56138426
1516,3286,0.55769527
1517,1652,0.5893716
1517,1922,0.55836415
1517,1956,0.5526494
1517,2044,0.5678656
1517,2150,0.5776127
1517,2558,0.6023058
1517,2773,0.5649616
1517,3015,0.5642487
1518,1519,0.6130022
1518,2118,0.551587
1518,2217,0.5653262
1518,2374,0.56186736
1518,2566,0.5683229
1520,2993,0.5758724
1521,1524,0.57973284
1521,1542,0.5672826
1522,1524,0.6073327
1522,3264,0.5752362
1523,1524,0.70575714
1523,1800,0.5575535
1523,1936,0.57513404
1523,2148,0.57051206
1523,2205,0.5531339
1523,2486,0.59920347
1523,2550,0.56724596
1523,2689,0.56179774
1523,2929,0.5522636
1523,3233,0.5899248
1523,3264,0.62155
1524,1936,0.60464895
1524,2205,0.5628509
1524,2331,0.5638145
1524,2486,0.5828217
1524,2488,0.5730989
1524,2689,0.57690877
1524,2706,0.5508357
1524,3264,0.56320095
1525,2070,0.65180016
1525,2979,0.60204667
1527,2723,0.56286526
1527,3057,0.606633
1528,1807,0.5946108
1528,1868,0.6107413
1528,1895,0.57887053
1528,1935,0.55208796
1528,1965,0.5701493
1528,2076,0.6124738
1528,2126,0.5983261
1528,2162,0.57916975
1528,2168,0.5772913
1528,2222,0.5511608
1528,2242,0.5755557
1528,2252,0.5868674
1528,2257,0.5567164
1528,2264,0.55129516
1528,2287,0.5550958
1528,2392,0.582873
1528,2398,0.56277704
1528,2453,0.5568569
1528,2464,0.62061834
1528,2518,0.5648227
1528,2618,0.5913743
1528,2749,0.55489224
1528,2760,0.58546257
1528,2855,0.55187654
1528,3001,0.5707772
1528,3109,0.5985185
1528,3165,0.55719215
1528,3209,0.5542195
1528,3226,0.55159307
1529,1530,0.62290597
1529,1691,0.56523263
1530,2954,0.58484626
1531,1984,0.5635919
1531,3265,0.5637237
1532,1533,0.74503493
1532,2103,0.5621004
1532,2315,0.5887929
1532,2409,0.60731256
1532,2492,0.55110383
1532,2518,0.5978018
1532,2570,0.5823993
1532,2657,0.6129175
1532,2764,0.5897942
1532,2914,0.56577176
1532,2939,0.55814
1532,3091,0.56386703
1532,3099,0.551754
1532,3122,0.60406405
1532,3249,0.6005039
1532,3267,0.5962015
1532,3275,0.5679996
1533,1622,0.56569433
1533,1721,0.57302475
1533,1879,0.56443584
1533,2118,0.5588018
1533,2558,0.55414116
1533,2568,0.5838849
1533,3209,0.60657465
1533,3264,0.56244445
1533,3268,0.58373034
1534,1936,0.58348644
1534,2493,0.5595408
1535,1536,0.580147
1535,1551,0.5518202
1535,1608,0.5708951
1535,1798,0.57971907
1535,1910,0.58387387
1535,1984,0.57798624
1535,2216,0.5642335
1535,2488,0.55638367
1535,2879,0.55976224
1535,3095,0.55952144
1535,3143,0.56378
1537,2325,0.6370321
1537,2784,0.5887453
1539,1540,0.5934911
1539,2097,0.5770395
1539,3015,0.552604
1540,1542,0.55732954
1540,1545,0.55773497
1540,2097,0.59654915
1540,2306,0.55787396
1541,1622,0.5688808
1541,1699,0.5593451
1541,2139,0.55049765
1541,2163,0.550398
1541,2219,0.55424196
1541,2257,0.55717486
1541,2733,0.5845397
1541,3179,0.5534244
1542,1545,0.5691657
1542,1622,0.5837989
1542,1930,0.5900835
1542,1956,0.55442846
1542,2097,0.58249587
1542,2666,0.5720797
1542,2748,0.5782766
1545,2440,0.5511886
1545,2474,0.60609764
1545,2539,0.5627464
1545,2896,0.5572754
1546,1721,0.56789184
1546,1800,0.6498817
1546,1930,0.56729466
1546,1943,0.55043375
1546,1956,0.5699444
1546,2043,0.6166464
1546,2100,0.5554419
1546,2110,0.56482846
1546,2118,0.5703672
1546,2139,0.56901634
1546,2190,0.59528863
1546,2492,0.5749982
1546,2632,0.5619464
1546,2633,0.5639052
1546,2666,0.5579654
1546,2748,0.927469
1546,2861,0.5591608
1546,2954,0.5619055
1546,3267,0.5772401
1547,1548,0.6651611
1551,1643,0.5697382
1551,1904,0.56499064
1551,2106,0.5539268
1551,2444,0.5743359
1551,2463,0.6262715
1551,2474,0.5560558
1551,2575,0.556943
1551,2916,0.57801616
1551,3089,0.5675237
1553,1595,0.7718783
1553,1597,0.7262065
1554,2762,0.59052163
1556,1778,0.63063765
1557,1795,0.59649426
1557,1879,0.5645522
1557,2025,0.56064075
1557,2116,0.5665949
1557,2538,0.61149776
1557,2583,0.56936157
1557,2668,0.56187886
1557,2887,0.603232
1557,2991,0.56479627
1557,3195,0.6178049
1557,3197,0.5526659
1558,1628,0.5871469
1558,2319,0.6178862
1558,2761,0.5587686
1563,1565,0.582245
1564,1614,0.5654367
1564,1754,0.5648435
1564,1899,0.5714265
1564,2395,0.56529546
1564,2945,0.5904186
1564,2968,0.58184445
1564,3208,0.5639709
1573,1575,0.72520936
1573,1578,0.66227746
1574,3103,0.59148103
1575,1578,0.66276217
1584,1734,0.63569146
1584,3048,0.5515619
1585,1643,0.5816984
1585,1652,0.5813319
1585,1705,0.58465266
1585,1801,0.5506635
1585,1830,0.56851643
1585,1881,0.5787976
1585,1891,0.5564785
1585,1904,0.5555953
1585,1910,0.55992067
1585,2044,0.5541535
1585,2053,0.5554387
1585,2107,0.5619027
1585,2127,0.5522233
1585,2132,0.5635176
1585,2207,0.5747044
1585,2358,0.5555068
1585,2420,0.5608257
1585,2622,0.56675434
1585,2663,0.6223147
1585,2672,0.5542827
1585,2692,0.5599878
1585,2739,0.5644045
1585,2872,0.59814876
1585,2891,0.55803007
1585,3015,0.5732122
1585,3025,0.56485176
1585,3036,0.55481565
1585,3080,0.57777506
1585,3082,0.56061333
1585,3098,0.59234345
1585,3124,0.5569929
1585,3139,0.553668
1585,3291,0.5507599
1586,2789,0.5868372
1586,2833,0.627102
1587,2854,0.608752
1588,2996,0.5717852
1589,2419,0.62387407
1589,2568,0.556055
1590,3165,0.55896336
1591,2100,0.5950741
1591,3282,0.5578634
1592,1593,0.7705096
1592,1598,0.834213
1593,1598,0.679523
1594,1721,0.57514596
1594,1765,0.5923481
1594,1899,0.5674432
1594,2000,0.550993
1594,2082,0.6710893
1594,2168,0.5821172
1594,2438,0.5816656
1594,2492,0.5915508
1594,2834,0.58362544
1594,3018,0.5635816
1594,3054,0.57889545
1594,3134,0.55309004
1594,3156,0.5789124
1594,3181,0.5801749
1594,3182,0.5765569
1595,1597,0.7891731
1604,2247,0.55128735
1607,1693,0.5853121
1608,1740,0.5550611
1608,1797,0.56102717
1608,1910,0.5554823
1608,2163,0.5903758
1608,2287,0.5516226
1608,2300,0.57094324
1608,2340,0.5503748
1608,2651,0.56676006
1608,2950,0.5630063
1608,3025,0.5535034
1610,1809,0.5500042
1610,2356,0.5646441
1610,2432,0.58550864
1610,2993,0.5608625
1611,1682,0.5651033
1611,1721,0.55417156
1611,1959,0.5541444
1611,2492,0.56645817
1611,2688,0.60081446
1611,2748,0.5871483
1611,2807,0.5891893
1611,3048,0.57451445
1612,1629,0.6075068
1612,1721,0.66763055
1612,1753,0.5958728
1612,1830,0.6193219
1612,1981,0.55124897
1612,2016,0.574716
1612,2107,0.56261617
1612,2219,0.5738348
1612,2283,0.5524969
1612,2287,0.55104864
1612,2343,0.5632148
1612,2410,0.5555045
1612,2443,0.5536467
1612,2573,0.551859
1612,2606,0.6223591
1612,2618,0.577901
1612,2689,0.57846034
1612,2712,0.5822512
1612,2787,0.5870731
1612,2818,0.5574089
1612,2828,0.55081093
1612,2863,0.65310425
1612,2873,0.561501
1612,2876,0.5531404
1612,2889,0.56606716
1612,2891,0.6704991
1612,2928,0.5538603
1612,2976,0.5675757
1612,2985,0.5602999
1612,3014,0.56168056
1612,3016,0.58889353
1612,3080,0.6234624
1612,3091,0.5535524
1612,3114,0.5549133
1612,3135,0.5528513
1612,3157,0.6347096
1612,3226,0.59391296
1612,3248,0.6101806
1613,1705,0.558678
1613,2147,0.57508886
1613,2206,0.5525053
1613,2479,0.5657463
1613,2682,0.5515559
1613,3013,0.5593315
1613,3089,0.55623233
1614,1741,0.57505816
1614,2250,0.6422111
1614,2968,0.5814127
1615,1734,0.5754826
1615,1804,0.5827501
1615,1881,0.5785851
1615,1910,0.6347581
1615,2001,0.6340639
1615,2016,0.6049322
1615,2092,0.6103356
1615,2103,0.55717087
1615,2107,0.59087646
1615,2183,0.555105
1615,2218,0.5742539
1615,2251,0.5662818
1615,2264,0.559443
1615,2275,0.5501784
1615,2276,0.567377
1615,2281,0.5580946
1615,2347,0.56070685
1615,2383,0.5705755
1615,2408,0.57753915
1615,2410,0.5668222
1615,2413,0.55581075
1615,2420,0.5558919
1615,2500,0.57857627
1615,2578,0.56029445
1615,2582,0.576824
1615,2663,0.57916546
1615,2694,0.57996917
1615,2712,0.5626967
1615,2747,0.575819
1615,2861,0.5574875
1615,2906,0.5543697
1615,2967,0.5517477
1615,2997,0.5607105
1615,3003,0.55524224
1615,3022,0.5958388
1615,3025,0.6067654
1615,3124,0.5763542
1615,3186,0.55134714
1615,3233,0.56287026
1615,3248,0.5706656
1615,3281,0.552011
1615,3308,0.5622267
1615,3318,0.55141854
1616,2046,0.5593762
1618,1812,0.5723419
1620,1748,0.55794823
1620,1755,0.57102543
1620,1844,0.6154609
1620,1863,0.6096134
1620,1894,0.6374067
1620,1907,0.5804748
1620,2223,0.56390244
1620,2587,0.583424
1620,2738,0.5775074
1620,2818,0.5987295
1621,2067,0.5539895
1621,2162,0.57350767
1622,1682,0.564039
1622,1699,0.5930586
1622,1712,0.5676451
1622,1800,0.5667546
1622,1879,0.5703267
1622,1910,0.58025956
1622,1930,0.56439835
1622,1951,0.55887175
1622,1956,0.59551436
1622,2092,0.5643416
1622,2097,0.5625646
1622,2163,0.55138487
1622,2257,0.5617513
1622,2264,0.5817102
1622,2306,0.55824214
1622,2325,0.57341295
1622,2374,0.59179
1622,2466,0.5633759
1622,2523,0.60393065
1622,2558,0.5977705
1622,2568,0.64440364
1622,2572,0.606796
1622,2633,0.62602025
1622,2663,0.55355734
1622,2666,0.60627866
1622,2689,0.591799
1622,2748,0.55924666
1622,2787,0.5553659
1622,2817,0.5838834
1622,2954,0.56747836
1622,2998,0.575945
1622,3002,0.57500017
1622,3007,0.5675864
1622,3010,0.5575453
1622,3011,0.56680894
1622,3025,0.5812498
1622,3047,0.5981016
1622,3154,0.5711472
1622,3181,0.55552423
1622,3182,0.60147977
1622,3209,0.5989487
1622,3268,0.55701244
1622,3270,0.5826702
1624,1777,0.56684464
1624,1982,0.57128763
1624,2082,0.61055326
1625,1703,0.57673395
1626,1636,0.5550418
1627,1688,0.5653749
1627,1705,0.5679505
1627,2151,0.63470364
1627,2368,0.57688147
1627,2698,0.6077467
1627,2700,0.59287906
1627,2916,0.55624574
1627,3174,0.5957486
1628,2163,0.5660635
1628,2319,0.60714746
1628,2614,0.552353
1629,1699,0.5519335
1629,1830,0.5567784
1629,1881,0.58815
1629,2016,0.57927835
1629,2107,0.56129813
1629,2137,0.5589696
1629,2343,0.57374847
1629,2410,0.589633
1629,2480,0.55592227
1629,2606,0.5545091
1629,2609,0.5589696
1629,2663,0.5519944
1629,2697,0.6299745
1629,2787,0.5734941
1629,2863,0.5500008
1629,2925,0.5635213
1629,2928,0.5733601
1629,3003,0.59199107
1629,3006,0.55196023
1629,3080,0.590939
1629,3155,0.60576653
1629,3165,0.57302976
1629,3308,0.57807076
1630,1699,0.60532045
1630,1754,0.5743984
1630,1868,0.5604247
1630,1879,0.5849534
1630,1885,0.60016036
1630,1910,0.55836535
1630,2016,0.5875667
1630,2083,0.57391536
1630,2107,0.5777034
1630,2117,0.55233645
1630,2134,0.6009015
1630,2137,0.554462
1630,2159,0.55879086
1630,2163,0.57330775
1630,2168,0.5858281
1630,2206,0.6382473
1630,2218,0.5506882
1630,2219,0.5675427
1630,2247,0.5844696
1630,2318,0.56024885
1630,2325,0.5812409
1630,2362,0.5662049
1630,2407,0.60998356
1630,2463,0.5682201
1630,2473,0.55352736
1630,2518,0.56746775
1630,2583,0.57353383
1630,2609,0.554462
1630,2657,0.60651803
1630,2685,0.56213605
1630,2691,0.5861633
1630,2731,0.61682636
1630,2787,0.56953585
1630,2870,0.6115105
1630,2872,0.6032647
1630,2930,0.56767255
1630,2937,0.5817977
1630,2939,0.59052134
1630,2966,0.5554223
1630,3024,0.6057267
1630,3035,0.5956129
1630,3082,0.6347431
1630,3105,0.5858536
1630,3139,0.5529914
1630,3165,0.5693328
1630,3217,0.55445874
1630,3219,0.57156026
1633,1746,0.5626478
1633,1899,0.58250344
1633,1931,0.57996476
1633,2227,0.5559408
1633,2364,0.62996286
1633,2718,0.5509086
1633,2849,0.59841144
1633,2927,0.59938306
1633,3117,0.57556534
1633,3130,0.564175
1634,1704,0.6178088
1634,1705,0.5549362
1634,1940,0.57729447
1634,2165,0.5734421
1634,2177,0.5792601
1634,2250,0.5639173
1634,2356,0.563718
1634,2511,0.5611043
1634,2968,0.5680153
1634,3038,0.5547819
1635,2618,0.5503359
1635,2914,0.554577
1637,1695,0.57818747
1637,1899,0.5694438
1637,1931,0.55859846
1637,2075,0.5835837
1637,2142,0.56046027
1637,2240,0.6147307
1637,2344,0.5674731
1637,2414,0.58277744
1637,2425,0.5615218
1637,2443,0.610268
1637,2473,0.5960671
1637,2505,0.5556116
1637,2538,0.5710186
1637,2578,0.5520078
1637,2643,0.5556406
1637,2712,0.5714741
1637,2847,0.63164777
1637,2861,0.57423824
1637,2879,0.56293803
1637,2893,0.5988004
1637,2914,0.5731528
1637,2982,0.5570177
1637,3013,0.5676968
1637,3022,0.5604324
1637,3024,0.5750268
1637,3035,0.56367207
1637,3089,0.56819105
1637,3100,0.56030416
1637,3139,0.5570874
1637,3165,0.57256985
1638,1689,0.57773393
1638,2073,0.5546464
1638,2117,0.55540454
1638,2241,0.5646172
1641,1722,0.5993259
1641,3145,0.55473566
1643,1652,0.559165
1643,1669,0.57105887
1643,1705,0.58340454
1643,1706,0.6200558
1643,1776,0.5898964
1643,1823,0.60186946
1643,1830,0.6072718
1643,1835,0.55517006
1643,1899,0.60413384
1643,1904,0.5507225
1643,1993,0.56544465
1643,2106,0.55258334
1643,2107,0.5517616
1643,2124,0.5856019
1643,2150,0.5615305
1643,2172,0.5823749
1643,2177,0.5545027
1643,2182,0.5747537
1643,2183,0.5850717
1643,2206,0.5723264
1643,2298,0.5853158
1643,2420,0.5927139
1643,2473,0.55820495
1643,2479,0.6234005
1643,2517,0.55723375
1643,2522,0.5774611
1643,2615,0.561447
1643,2623,0.5502255
1643,2643,0.55063975
1643,2652,0.5973115
1643,2682,0.6178292
1643,2685,0.55390275
1643,2879,0.5864131
1643,2916,0.5797166
1643,2927,0.5622502
1643,2953,0.5895128
1643,2996,0.5944478
1643,3089,0.58743024
1643,3138,0.5506997
1643,3179,0.55617344
1643,3186,0.57026565
1644,2053,0.56476945
1644,2827,0.58875185
1644,2927,0.5557997
1645,1685,0.58379203
1645,1705,0.64070636
1645,1744,0.5544139
1645,1881,0.5634601
1645,1899,0.6909088
1645,1903,0.56785274
1645,1913,0.57243675
1645,1919,0.55567825
1645,1940,0.5653787
1645,2023,0.55212235
1645,2035,0.58503556
1645,2052,0.55639875
1645,2076,0.55937636
1645,2082,0.5591154
1645,2177,0.67815936
1645,2210,0.55975103
1645,2211,0.5868007
1645,2281,0.55930394
1645,2338,0.58013654
1645,2518,0.58671916
1645,2522,0.56809574
1645,2573,0.6192327
1645,2579,0.5718096
1645,2646,0.6617001
1645,2716,0.6054748
1645,2718,0.60322887
1645,2721,0.5922549
1645,2722,0.56887186
1645,2789,0.585788
1645,2801,0.5547838
1645,2816,0.5848705
1645,2890,0.66607213
1645,2968,0.6080972
1645,3080,0.5815652
1645,3089,0.5583565
1645,3117,0.56894815
1645,3174,0.59679055
1647,1705,0.5619037
1647,1801,0.5591092
1647,1919,0.5659885
1647,2522,0.70201385
1647,2768,0.5508352
1647,2893,0.56592214
1647,2914,0.5577728
1647,3016,0.561718
1647,3024,0.5892358
1647,3082,0.56995237
1647,3099,0.57223547
1647,3117,0.58243227
1647,3173,0.5875777
1647,3174,0.5528529
1648,1684,0.5516009
1648,1766,0.55291
1648,1792,0.55416656
1648,2625,0.5555021
1650,1652,0.5754877
1650,1666,0.5690656
1650,1873,0.56557643
1650,1899,0.61368823
1650,1910,0.56996036
1650,2044,0.55827343
1650,2218,0.5736804
1650,2465,0.5667944
1651,3025,0.5624578
1652,1879,0.5567443
1652,1938,0.56116647
1652,2040,0.57055295
1652,2118,0.57582986
1652,2256,0.59587014
1652,2398,0.5540326
1652,2414,0.552989
1652,2466,0.5750351
1652,2482,0.5580218
1652,2558,0.56069386
1652,2578,0.58405715
1652,2726,0.6030123
1652,2773,0.55236125
1652,2861,0.55522585
1652,2891,0.5570873
1652,2915,0.57970715
1652,2953,0.56106067
1652,3036,0.6238056
1652,3097,0.55791587
1652,3179,0.5831866
1652,3193,0.564251
1653,1688,0.55029017
1653,1699,0.58571196
1653,1705,0.5853575
1653,1731,0.55310833
1653,1754,0.6161889
1653,1830,0.62525266
1653,1832,0.6752305
1653,1868,0.5996412
1653,1899,0.58248514
1653,1919,0.58542824
1653,1987,0.60153043
1653,2030,0.55437887
1653,2040,0.55297303
1653,2053,0.59268904
1653,2055,0.5893123
1653,2106,0.6243303
1653,2123,0.55040824
1653,2146,0.5577332
1653,2147,0.5743455
1653,2168,0.55351996
1653,2202,0.5665871
1653,2258,0.5831986
1653,2281,0.58139986
1653,2295,0.5666934
1653,2313,0.55951494
1653,2314,0.57160735
1653,2339,0.5766697
1653,2358,0.5973371
1653,2361,0.6143636
1653,2390,0.582921
1653,2395,0.5691352
1653,2409,0.5695846
1653,2434,0.55628085
1653,2442,0.5778109
1653,2444,0.55077356
1653,2459,0.55109954
1653,2471,0.57839036
1653,2479,0.57526994
1653,2485,0.5702271
1653,2521,0.5502904
1653,2522,0.5596092
1653,2531,0.56377375
1653,2533,0.5525629
1653,2573,0.5692537
1653,2578,0.55762315
1653,2583,0.58895135
1653,2625,0.5552631
1653,2642,0.5662439
1653,2672,0.5641153
1653,2691,0.5713719
1653,2699,0.5822764
1653,2700,0.64469093
1653,2850,0.5839952
1653,2857,0.6176256
1653,2858,0.56266713
1653,2864,0.564481
1653,2888,0.5899521
1653,2889,0.57324094
1653,2890,0.6135553
1653,2914,0.5829049
1653,2916,0.633592
1653,2925,0.5901263
1653,2927,0.5542443
1653,2930,0.5656742
1653,2939,0.5861577
1653,2966,0.56803346
1653,2973,0.6096549
1653,2982,0.5953804
1653,3016,0.6421114
1653,3022,0.62319714
1653,3024,0.5857299
1653,3035,0.5672163
1653,3080,0.58200306
1653,3089,0.57132196
1653,3098,0.5592082
1653,3099,0.5981432
1653,3104,0.5923419
1653,3130,0.5586494
1653,3173,0.576771
1657,3011,0.56042725
1658,2172,0.5510968
1658,2339,0.57464075
1658,2443,0.5601343
1658,2521,0.55027986
1658,2538,0.59016514
1658,2886,0.5521124
1658,2914,0.5986663
1658,2916,0.5690491
1658,2982,0.619941
1658,3098,0.5786381
1659,2993,0.58201504
1660,1783,0.55202794
1661,2492,0.5509994
1662,2917,0.5870613
1662,2934,0.5745523
1662,2946,0.57645327
1663,1679,0.58999443
1663,2320,0.5737523
1663,2336,0.5819185
1663,2633,0.6146112
1663,2710,0.5786156
1663,2725,0.55569637
1663,2946,0.56677914
1663,3090,0.5690365
1663,3096,0.5514066
1663,3302,0.5506494
1664,1924,0.58561134
1666,1734,0.5608766
1666,1873,0.56039333
1666,1918,0.57599163
1666,2276,0.58186924
1666,2314,0.5695454
1666,2408,0.5513398
1666,2425,0.5720433
1666,2444,0.5502938
1666,2712,0.5558346
1666,2750,0.5882195
1666,2915,0.5545033
1666,2916,0.5545206
1666,3025,0.5766474
1666,3032,0.60416174
1667,1852,0.5665065
1667,1879,0.568704
1667,2118,0.55367386
1669,1705,0.5857139
1669,1823,0.5941014
1669,1830,0.5704601
1669,1881,0.5576992
1669,1897,0.5672574
1669,1899,0.56571186
1669,1913,0.5821476
1669,2124,0.5804112
1669,2177,0.6146894
1669,2182,0.5532667
1669,2183,0.55063266
1669,2281,0.59537876
1669,2295,0.58439434
1669,2358,0.57274663
1669,2395,0.5586172
1669,2522,0.5679822
1669,2573,0.6207458
1669,2615,0.564023
1669,2699,0.55364734
1669,2722,0.58601725
1669,2739,0.5555446
1669,2755,0.59291583
1669,2863,0.5643927
1669,2916,0.55284405
1669,2927,0.5607257
1669,2953,0.5571921
1669,3009,0.5777556
1669,3016,0.59588224
1669,3022,0.5801456
1669,3080,0.57649994
1669,3125,0.55010617
1669,3130,0.55038905
1669,3174,0.56181943
1672,2326,0.59601057
1672,2449,0.6359928
1675,2473,0.5558983
1675,3080,0.56721735
1677,2165,0.55635
1677,2310,0.5515989
1677,2479,0.5617591
1678,2374,0.5575828
1681,1735,0.5708635
1681,2101,0.56418407
1681,2927,0.56308967
1682,1721,0.6101021
1682,1757,0.5598941
1682,1783,0.5880736
1682,1800,0.56899315
1682,2000,0.6074635
1682,2110,0.5597787
1682,2118,0.580899
1682,2344,0.5528772
1682,2374,0.5855707
1682,2461,0.55699354
1682,2464,0.5955719
1682,2518,0.5864207
1682,2568,0.5935054
1682,2607,0.60423994
1682,2666,0.5785674
1682,2676,0.58703196
1682,2689,0.59315646
1682,2748,0.5943786
1682,2906,0.6320195
1682,2971,0.5634551
1682,2998,0.5568084
1682,3025,0.5579869
1682,3042,0.55538386
1682,3096,0.5528586
1682,3154,0.57596874
1682,3177,0.56217575
1682,3220,0.5817312
1682,3248,0.56910646
1682,3302,0.55531096
1684,1744,0.557372
1684,1759,0.5737854
1684,1923,0.55601275
1684,2029,0.58251566
1684,2308,0.5603754
1684,2444,0.57082415
1684,2600,0.5563572
1684,2625,0.5805699
1684,2634,0.60888267
1684,2754,0.5504061
1684,2847,0.55164504
1684,2914,0.5555036
1684,3022,0.55662584
1684,3165,0.55346155
1684,3174,0.55996144
1684,3271,0.5793433
1685,1699,0.56635153
1685,1761,0.5639907
1685,1804,0.60764
1685,1899,0.6035486
1685,1913,0.56605774
1685,2071,0.57523406
1685,2082,0.58055043
1685,2177,0.56469095
1685,2439,0.5581503
1685,2518,0.56705296
1685,2726,0.5894629
1685,2889,0.5604759
1685,2890,0.5644121
1686,1972,0.55685663
1686,2108,0.5580065
1686,2345,0.5641674
1686,2440,0.5783503
1686,2468,0.56077206
1686,2526,0.5719229
1686,2533,0.5825311
1686,2778,0.5574833
1686,2800,0.55275565
1686,3281,0.60245526
1687,2057,0.57986486
1688,1705,0.58751917
1688,1746,0.55167365
1688,2055,0.5676857
1688,2295,0.5617065
1688,2338,0.5576256
1688,2479,0.55072236
1688,2687,0.5689653
1688,2698,0.5757482
1688,2953,0.6022488
1688,3080,0.55950284
1688,3174,0.5509174
1689,1812,0.5655445
1691,1729,0.5504365
1691,2118,0.5634418
1691,2378,0.5611054
1691,3060,0.56729984
1691,3089,0.55634385
1692,2742,0.5826924
1693,1705,0.564794
1693,2048,0.55049586
1693,2722,0.5903949
1693,3169,0.55699015
1694,1762,0.5715541
1694,1844,0.5577903
1694,2052,0.55226535
1694,2057,0.5783416
1694,2101,0.57168853
1694,2178,0.56558776
1694,2261,0.55888045
1695,1899,0.5786504
1695,2071,0.5620455
1695,2124,0.5504962
1695,2505,0.562491
1695,2625,0.5842145
1695,2726,0.56281507
1695,2847,0.594928
1695,2861,0.5973353
1695,2916,0.56416154
1695,2995,0.55815625
1695,3025,0.56506044
1695,3165,0.5838952
1695,3267,0.5810703
1695,3276,0.577003
1695,3288,0.56272554
1697,2005,0.5758833
1697,2077,0.5941372
1697,2436,0.5588534
1698,1824,0.7438868
1698,2465,0.57349664
1699,1705,0.58066463
1699,1731,0.5738474
1699,1753,0.5714926
1699,1754,0.5637504
1699,1776,0.556057
1699,1800,0.55816597
1699,1801,0.56807816
1699,1804,0.56342757
1699,1830,0.61933255
1699,1868,0.5924934
1699,1873,0.57015306
1699,1879,0.57864296
1699,1888,0.5600736
1699,1899,0.60601306
1699,1910,0.6528579
1699,1913,0.5500665
1699,1919,0.617411
1699,1987,0.6001423
1699,2000,0.5651723
1699,2006,0.5538421
1699,2016,0.57297784
1699,2019,0.5653286
1699,2027,0.55400395
1699,2040,0.5645063
1699,2052,0.5751997
1699,2053,0.5500594
1699,2055,0.55803275
1699,2071,0.5597801
1699,2076,0.5804336
1699,2082,0.5830044
1699,2104,0.59626067
1699,2107,0.61517406
1699,2118,0.5754725
1699,2123,0.5754443
1699,2126,0.5719112
1699,2137,0.58285725
1699,2139,0.60955226
1699,2159,0.57829934
1699,2168,0.6158961
1699,2177,0.560055
1699,2196,0.59294355
1699,2202,0.57878256
1699,2206,0.56571287
1699,2218,0.58094895
1699,2219,0.5816083
1699,2249,0.55380726
1699,2256,0.6047534
1699,2257,0.58258414
1699,2281,0.55092084
1699,2295,0.5675743
1699,2318,0.56636757
1699,2343,0.589008
1699,2355,0.5627731
1699,2358,0.57405794
1699,2383,0.5583017
1699,2410,0.6310121
1699,2411,0.56945586
1699,2414,0.58471954
1699,2425,0.5592296
1699,2442,0.55281585
1699,2443,0.6073904
1699,2453,0.57606745
1699,2463,0.5805059
1699,2473,0.6069771
1699,2518,0.5956956
1699,2531,0.5845096
1699,2573,0.5826744
1699,2578,0.5924103
1699,2583,0.5649251
1699,2609,0.58285725
1699,2612,0.572554
1699,2642,0.6299873
1699,2646,0.55624676
1699,2663,0.57994723
1699,2666,0.6111342
1699,2668,0.5628747
1699,2672,0.6036719
1699,2696,0.61505353
1699,2712,0.6094048
1699,2718,0.5629431
1699,2724,0.56787395
1699,2726,0.5875857
1699,2733,0.5660657
1699,2747,0.57609546
1699,2787,0.5802436
1699,2806,0.5606499
1699,2817,0.55972576
1699,2849,0.5503713
1699,2850,0.58960587
1699,2861,0.55581415
1699,2864,0.5708408
1699,2870,0.5505029
1699,2872,0.5595607
1699,2876,0.5651209
1699,2890,0.5693979
1699,2893,0.5696947
1699,2906,0.5542103
1699,2925,0.5648994
1699,2926,0.5539818
1699,2928,0.5520752
1699,2932,0.55369395
1699,2966,0.56159246
1699,2991,0.5552113
1699,3010,0.57722175
1699,3013,0.5715413
1699,3016,0.5950594
1699,3024,0.5932354
1699,3025,0.6310561
1699,3031,0.5544571
1699,3035,0.5967156
1699,3036,0.58260274
1699,3047,0.59084
1699,3053,0.5531183
1699,3080,0.65083396
1699,3082,0.5901145
1699,3089,0.60025007
1699,3099,0.5552798
1699,3104,0.57747793
1699,3105,0.6041011
1699,3130,0.5689549
1699,3135,0.60159457
1699,3165,0.5611268
1699,3177,0.56928605
1699,3182,0.577103
1699,3189,0.6213694
1699,3216,0.61670864
1699,3219,0.60811603
1699,3232,0.5613586
1699,3248,0.5660098
1699,3270,0.57487595
1699,3279,0.5570707
1699,3288,0.5644847
1699,3305,0.5652667
1699,3318,0.58689624
1700,2016,0.5670264
1700,2124,0.57091165
1700,2218,0.5625677
1700,2247,0.5749811
1700,2318,0.5646768
1700,2492,0.5653832
1700,3189,0.58410436
1702,2165,0.55972105
1702,2177,0.5802024
1702,2614,0.55763394
1703,1749,0.5548054
1703,2044,0.57902336
1703,2127,0.56893456
1703,2142,0.5657774
1703,2317,0.6206838
1703,2368,0.5761076
1703,2546,0.59585476
1703,2578,0.57827705
1703,2663,0.55555826
1703,2687,0.5969709
1703,2915,0.62361836
1703,2930,0.5734272
1703,3040,0.55993235
1704,1722,0.5657551
1704,1940,0.56196344
1704,2250,0.56538576
1704,2356,0.55533564
1704,2511,0.56121814
1705,1706,0.5780988
1705,1746,0.58036965
1705,1754,0.5741531
1705,1762,0.57135963
1705,1823,0.586772
1705,1830,0.58893967
1705,1832,0.5568455
1705,1868,0.5520163
1705,1876,0.5688664
1705,1881,0.56385803
1705,1899,0.6655001
1705,1904,0.6016394
1705,1913,0.5956801
1705,1919,0.60675573
1705,1923,0.5795464
1705,1931,0.62408924
1705,1937,0.56913066
1705,1940,0.5519449
1705,1966,0.57823515
1705,1987,0.59936756
1705,1994,0.59133244
1705,2048,0.55507505
1705,2052,0.657729
1705,2053,0.637947
1705,2055,0.6713426
1705,2062,0.56841123
1705,2075,0.5510864
1705,2076,0.57522297
1705,2080,0.57504165
1705,2106,0.63164216
1705,2107,0.5712118
1705,2123,0.58004904
1705,2141,0.5648502
1705,2146,0.57875955
1705,2147,0.7061968
1705,2168,0.6050003
1705,2177,0.655221
1705,2202,0.5819009
1705,2206,0.5970083
1705,2258,0.5548194
1705,2268,0.56389517
1705,2281,0.5723082
1705,2284,0.563446
1705,2293,0.55600137
1705,2295,0.6407986
1705,2310,0.5608977
1705,2313,0.57402575
1705,2323,0.6245997
1705,2338,0.5539336
1705,2339,0.5735858
1705,2354,0.55300176
1705,2358,0.63863426
1705,2361,0.64603007
1705,2390,0.61646223
1705,2395,0.56324303
1705,2411,0.56407654
1705,2440,0.5547686
1705,2443,0.5590292
1705,2444,0.5720405
1705,2447,0.55821836
1705,2468,0.55656236
1705,2471,0.6024732
1705,2473,0.6027317
1705,2479,0.6447566
1705,2484,0.5814914
1705,2485,0.57444286
1705,2521,0.5583408
1705,2522,0.61027396
1705,2531,0.6719252
1705,2573,0.58917606
1705,2628,0.57546943
1705,2659,0.556066
1705,2672,0.5716186
1705,2675,0.5626515
1705,2682,0.55879045
1705,2685,0.6211091
1705,2687,0.5761115
1705,2698,0.66938233
1705,2718,0.5891026
1705,2727,0.5721202
1705,2739,0.5581962
1705,2755,0.59305865
1705,2767,0.57497627
1705,2778,0.59934247
1705,2801,0.58288914
1705,2816,0.6160164
1705,2827,0.5527284
1705,2847,0.6308056
1705,2849,0.604261
1705,2855,0.5516672
1705,2863,0.5928796
1705,2870,0.55398685
1705,2872,0.6135025
1705,2888,0.6202695
1705,2890,0.6373322
1705,2893,0.60989463
1705,2914,0.63489544
1705,2916,0.5523385
1705,2919,0.5574089
1705,2925,0.5753066
1705,2927,0.587011
1705,2953,0.5986413
1705,2968,0.5615469
1705,2973,0.58805704
1705,2981,0.57497287
1705,2982,0.5613076
1705,3009,0.581905
1705,3016,0.5928482
1705,3022,0.58557814
1705,3024,0.58317274
1705,3035,0.5500666
1705,3038,0.56457615
1705,3080,0.63404906
1705,3085,0.5723664
1705,3089,0.5744866
1705,3095,0.56610787
1705,3098,0.62461615
1705,3099,0.5623979
1705,3100,0.5707916
1705,3104,0.61526674
1705,3105,0.5954633
1705,3112,0.57526124
1705,3117,0.633857
1705,3130,0.6369808
1705,3169,0.565045
1705,3173,0.6261506
1705,3174,0.5846342
1705,3185,0.55646694
1705,3200,0.57718366
1705,3208,0.6010481
1705,3211,0.57302994
1706,1746,0.6144801
1706,1762,0.5527074
1706,2106,0.5676085
1706,2147,0.55229294
1706,2168,0.5536393
1706,2240,0.5527816
1706,2295,0.5778638
1706,2301,0.6148254
1706,2364,0.5759866
1706,2522,0.5618888
1706,2526,0.58827364
1706,2615,0.6008311
1706,2682,0.57468975
1706,2727,0.5525507
1706,2778,0.56140417
1706,2847,0.56813014
1706,2926,0.56875193
1706,2927,0.5987339
1706,2996,0.57595444
1706,3009,0.5628306
1706,3104,0.55955184
1706,3117,0.5560279
1707,1711,0.8336124
1707,2274,0.63845694
1707,3047,0.5726793
1707,3231,0.577232
1708,2954,0.56258655
1708,3086,0.5623795
1709,1991,0.5812638
1709,3150,0.85414386
1709,3235,0.8460903
1709,3296,0.8069499
1709,3299,0.8699287
1710,1770,0.59676474
1710,1867,0.566935
1710,2117,0.5520248
1710,2273,0.5665872
1710,2320,0.6175331
1710,2335,0.60353035
1710,2374,0.5517524
1710,2422,0.5885923
1710,2917,0.5594037
1711,2274,0.6948321
1711,3089,0.55902964
1712,1721,0.5775324
1712,2087,0.5826907
1712,2256,0.5534675
1712,2474,0.563727
1712,2486,0.57783437
1712,2558,0.5817076
1712,2666,0.57308006
1712,2711,0.56708014
1712,2773,0.55929625
1712,3025,0.5539323
1712,3099,0.573164
1712,3109,0.5910007
1712,3127,0.6016145
1712,3179,0.5553515
1712,3217,0.5557145
1712,3232,0.59840727
1712,3264,0.560425
1712,3282,0.58782494
1712,3288,0.56574965
1713,1863,0.55481887
1714,1884,0.57207423
1714,2787,0.56118
1714,3042,0.55174327
1714,3047,0.5715979
1714,3053,0.57197267
1714,3264,0.59073734
1714,3270,0.56494045
1715,2132,0.5791605
1717,1907,0.5983255
1717,2585,0.55567545
1717,2587,0.58017975
1719,2343,0.58371234
1719,2971,0.5578959
1719,3165,0.55920637
1719,3242,0.5620828
1721,1757,0.5645423
1721,1783,0.5556915
1721,1800,0.6240274
1721,1850,0.55713713
1721,1879,0.5968782
1721,2000,0.5545347
1721,2110,0.5807227
1721,2118,0.5838266
1721,2197,0.55361927
1721,2279,0.5612098
1721,2344,0.58352244
1721,2374,0.6004643
1721,2486,0.56273025
1721,2505,0.5527626
1721,2666,0.57270205
1721,2676,0.5642073
1721,2689,0.603288
1721,2712,0.5727426
1721,2748,0.55770993
1721,2765,0.57834375
1721,2787,0.5581447
1721,2856,0.5510801
1721,2891,0.5954538
1721,2906,0.55936587
1721,2971,0.5603165
1721,2998,0.5707548
1721,3042,0.587561
1721,3127,0.57916284
1721,3154,0.5568255
1721,3157,0.5844318
1721,3182,0.5636654
1721,3196,0.5503874
1721,3220,0.57087284
1721,3264,0.5769242
1721,3282,0.558523
1721,3302,0.56801796
1722,1844,0.5744364
1722,1940,0.552956
1722,2080,0.57009935
1722,2101,0.5672579
1722,2177,0.56404436
1722,2677,0.55285597
1722,2996,0.60430276
1722,3018,0.5679593
1723,1915,0.6195618
1725,2438,0.5568175
1726,2243,0.5576848
1726,2585,0.7450572
1726,2879,0.55526507
1726,3245,0.56123495
1726,3266,0.5614531
1727,2077,0.60774034
1729,1804,0.58623785
1729,1868,0.57720673
1729,1910,0.5763271
1729,2000,0.58073217
1729,2040,0.5532305
1729,2052,0.5706372
1729,2071,0.55623925
1729,2075,0.5923778
1729,2252,0.5777002
1729,2284,0.55299526
1729,2314,0.5535663
1729,2425,0.55888194
1729,2444,0.5820891
1729,2479,0.5688192
1729,2490,0.55733407
1729,2510,0.5725451
1729,2583,0.5814457
1729,2606,0.55372417
1729,2674,0.5665239
1729,2726,0.577916
1729,2733,0.5737355
1729,2887,0.58292985
1729,3002,0.5529034
1729,3025,0.57194054
1729,3060,0.63786876
1729,3089,0.601344
1729,3312,0.57144856
1730,1790,0.55399996
1730,1879,0.55021536
1730,1881,0.62810946
1730,1892,0.556996
1730,1922,0.5887065
1730,2092,0.55971694
1730,2163,0.564061
1730,2298,0.58162713
1730,2375,0.56507516
1730,2479,0.60554856
1730,2563,0.5512137
1730,2579,0.56096375
1730,2642,0.56653005
1730,2658,0.56064355
1730,2685,0.5622343
1730,2694,0.5525329
1730,3262,0.56859636
1731,1830,0.5507051
1731,2850,0.560546
1731,3035,0.5747358
1732,2306,0.5666425
1732,3244,0.55822545
1732,3247,0.56438684
1733,1734,0.57536614
1733,2000,0.56152666
1733,2895,0.55409557
1733,2913,0.5761156
1733,3186,0.55024487
1734,1868,0.56024027
1734,1873,0.58845216
1734,1899,0.57764155
1734,2016,0.5819128
1734,2168,0.5530527
1734,2183,0.55051255
1734,2358,0.5527135
1734,2425,0.55256355
1734,2493,0.5513269
1734,2666,0.5763601
1734,2685,0.5665821
1734,2712,0.59160244
1734,2731,0.5574571
1734,3022,0.57979894
1734,3025,0.56360966
1734,3036,0.59438324
1734,3100,0.55223703
1734,3162,0.5667801
1734,3165,0.5715389
1734,3169,0.5604864
1734,3186,0.5609298
1734,3189,0.58004755
1734,3234,0.5570175
1735,2101,0.56141615
1736,2901,0.6118107
1736,2907,0.57821745
1737,2570,0.57054156
1737,2583,0.56132877
1737,3024,0.55609757
1737,3060,0.5780647
1737,3312,0.553846
1738,1825,0.5984058
1738,2776,0.5546751
1738,2925,0.56005144
1739,2102,0.5562197
1739,2331,0.58261794
1739,2468,0.5616175
1739,2471,0.5548301
1739,3165,0.59712845
1739,3186,0.56119025
1740,2132,0.5888375
1740,2300,0.56891704
1740,2500,0.5753984
1741,1761,0.5569892
1741,1800,0.55306447
1741,2817,0.5823257
1741,2879,0.56590414
1744,1794,0.6234757
1744,1899,0.6134438
1744,1913,0.6220579
1744,1923,0.5751492
1744,2130,0.55589545
1744,2395,0.5847771
1744,2506,0.56744057
1744,2573,0.5761864
1744,2597,0.6100975
1744,2882,0.5788571
1744,3034,0.5720134
1746,1935,0.55707514
1746,1949,0.5666374
1746,2055,0.6189003
1746,2295,0.58888674
1746,2364,0.5587121
1746,2494,0.5556353
1746,2698,0.6431066
1746,2760,0.5611961
1746,2778,0.5583428
1746,2849,0.5537272
1746,2873,0.5711142
1746,2953,0.56097436
1746,3080,0.5715892
1746,3098,0.56644714
1747,1799,0.5660014
1749,2027,0.5612773
1749,2102,0.554637
1749,2173,0.5730291
1749,2317,0.5503925
1749,2444,0.60087
1749,2579,0.5646786
1749,2685,0.5846405
1749,2817,0.5641321
1749,2932,0.5578878
1749,3089,0.5504508
1749,3100,0.5751482
1750,1913,0.5907903
1750,2228,0.58299804
1751,2968,0.56004035
1753,1830,0.5659796
1753,1994,0.6799046
1753,2016,0.5657719
1753,2107,0.57628065
1753,2206,0.56871665
1753,2212,0.5683018
1753,2261,0.5560729
1753,2324,0.5891453
1753,2337,0.5774528
1753,2410,0.6313484
1753,2539,0.575948
1753,2697,0.55110073
1753,2724,0.55562747
1753,2787,0.5867331
1753,2799,0.56772566
1753,2863,0.60261893
1753,2876,0.5566958
1753,2923,0.55844027
1753,3013,0.55453247
1753,3014,0.5952878
1753,3016,0.59445614
1753,3038,0.5536441
1753,3080,0.60467285
1753,3105,0.6139469
1753,3124,0.5679663
1753,3125,0.56437445
1753,3135,0.5862254
1753,3141,0.5510648
1753,3219,0.5528922
1753,3248,0.55189717
1754,1899,0.61756426
1754,1925,0.59424525
1754,1987,0.6432194
1754,2053,0.5929283
1754,2055,0.5711584
1754,2177,0.5535574
1754,2202,0.5537281
1754,2206,0.5720608
1754,2318,0.62190896
1754,2355,0.57329226
1754,2390,0.6356135
1754,2395,0.57255656
1754,2479,0.61156094
1754,2508,0.5558498
1754,2573,0.59381783
1754,2672,0.560866
1754,2687,0.5543961
1754,2691,0.625522
1754,2718,0.55607647
1754,2858,0.56733036
1754,2864,0.5569855
1754,2870,0.62064254
1754,2872,0.64242864
1754,2888,0.56745136
1754,2930,0.6164217
1754,2953,0.5730609
1754,3001,0.6114162
1754,3016,0.56978273
1754,3024,0.5625664
1754,3056,0.5650899
1754,3080,0.63097453
1754,3082,0.61492884
1754,3089,0.60382754
1754,3100,0.550567
1754,3130,0.5515293
1754,3208,0.55224115
1754,3211,0.5560538
1754,3279,0.58563876
1755,1844,0.58183455
1755,1894,0.55266976
1755,2101,0.56300074
1755,2132,0.5996718
1755,2178,0.5556544
1755,2818,0.5628811
1757,2118,0.63378346
1757,2344,0.5571011
1757,2666,0.5749814
1757,2906,0.5663643
1757,3003,0.56220835
1757,3220,0.5835165
1758,2301,0.5517503
1759,2444,0.55269957
1761,1815,0.55806375
1761,1886,0.55267966
1761,2041,0.5864222
1761,2051,0.59105605
1761,2110,0.5925995
1761,2162,0.6042061
1761,2247,0.5533144
1761,2641,0.5648983
1762,1787,0.5500139
1762,1940,0.5513952
1762,2048,0.5671073
1762,2052,0.59423375
1762,2147,0.5981782
1762,2165,0.5521767
1762,2615,0.5512885
1762,2755,0.57822895
1762,2775,0.55066586
1762,2927,0.597713
1762,3104,0.573426
1764,2433,0.6160569
1765,2082,0.55577374
1765,2168,0.58462703
1765,2190,0.5539358
1765,2195,0.56158996
1765,2666,0.5890283
1765,2834,0.57801193
1765,2861,0.55133957
1765,2927,0.57005876
1765,3070,0.5733563
1765,3181,0.57482874
1766,2102,0.5669371
1766,2218,0.55044276
1766,2779,0.56002414
1767,1899,0.55852616
1767,2281,0.55064034
1767,2518,0.5718063
1767,2666,0.57478404
1767,2726,0.57416654
1767,2778,0.5655283
1767,2805,0.55379283
1767,2854,0.5638058
1767,2861,0.6118791
1767,2864,0.5704033
1767,3094,0.5525983
1767,3226,0.5619648
1769,2016,0.59484935
1770,1878,0.5590142
1770,2419,0.55177915
1770,2934,0.5846008
1773,1856,0.5759598
1773,1911,0.57087755
1773,2740,0.5906583
1776,1879,0.55003846
1776,1888,0.55581725
1776,1910,0.55921197
1776,2128,0.5747881
1776,2257,0.58698225
1776,2375,0.5583654
1776,2441,0.5523237
1776,2479,0.56194323
1776,2733,0.5604882
1777,1974,0.5792861
1777,2046,0.56043315
1778,1807,0.56033105
1778,1885,0.5690199
1778,1910,0.570533
1778,2016,0.58135474
1778,2020,0.572294
1778,2041,0.60435843
1778,2092,0.56741476
1778,2118,0.5645157
1778,2126,0.582932
1778,2168,0.59063774
1778,2247,0.56443596
1778,2257,0.57361436
1778,2343,0.5731728
1778,2374,0.56978524
1778,2378,0.5744319
1778,2463,0.57020223
1778,2464,0.6219888
1778,2618,0.5771923
1778,2712,0.56601536
1778,2733,0.56730294
1778,2870,0.5508089
1778,3003,0.6013689
1778,3082,0.5792402
1779,2424,0.5747014
1779,2853,0.55251074
1779,2922,0.57182986
1780,1845,0.56488067
1780,1983,0.6589999
1780,2051,0.5609033
1780,2402,0.5614604
1782,3018,0.56019765
1783,2374,0.58023703
1783,2666,0.55663705
1783,2712,0.5533945
1783,2831,0.5779785
1783,2861,0.5644214
1783,2906,0.60042965
1783,3196,0.5621644
1783,3302,0.6607417
1785,2052,0.57354736
1785,2147,0.5647522
1785,2262,0.56666225
1785,2295,0.5503691
1785,2301,0.552812
1785,2920,0.57114124
1787,1875,0.5705569
1787,1931,0.55499434
1787,2052,0.5880749
1787,2147,0.5592198
1787,2206,0.5643432
1787,2222,0.5682657
1787,2459,0.5794755
1787,2479,0.5678032
1787,2656,0.55715823
1787,2658,0.59338415
1787,2839,0.55125785
1787,3173,0.5666088
1788,2232,0.62678814
1788,2415,0.61422175
1789,1899,0.60874885
1789,2141,0.55040526
1789,2847,0.5677071
1789,3290,0.5595652
1790,3151,0.5596981
1791,1910,0.58496857
1791,2180,0.56117487
1792,2130,0.55825007
1792,2244,0.55084425
1792,2629,0.5639199
1792,2634,0.60201114
1792,2830,0.5587157
1793,3232,0.55509496
1794,1899,0.56296235
1794,1913,0.5544701
1794,1923,0.63320804
1794,2295,0.571956
1794,2468,0.58878136
1794,2597,0.6484552
1794,2634,0.5803403
1794,2882,0.5688887
1794,3034,0.57020473
1795,2116,0.5562105
1795,2373,0.59570324
1795,2538,0.57659423
1795,2887,0.613934
1795,2949,0.6240248
1795,3267,0.56818146
1796,1800,0.58346736
1796,2246,0.5837058
1796,2331,0.57200813
1796,2391,0.586642
1796,2676,0.56669754
1797,2097,0.5513319
1797,2134,0.581264
1797,2284,0.5657376
1797,2340,0.58152163
1797,2663,0.55526495
1797,2733,0.5535563
1797,3248,0.5766659
1798,2084,0.5586812
1798,2097,0.5525076
1798,2261,0.55077964
1798,2486,0.55733013
1799,1800,0.56615835
1799,1859,0.58982325
1799,1935,0.6200026
1799,1938,0.62723297
1799,1949,0.5741832
1799,2162,0.7054281
1799,2217,0.561516
1799,2303,0.5588664
1799,2362,0.57431984
1799,2405,0.5912417
1799,2450,0.6239941
1799,2474,0.5963894
1799,2568,0.6299473
1799,2641,0.56003153
1799,2760,0.6045214
1799,2882,0.55817676
1799,2953,0.62560976
1800,1936,0.5865415
1800,1959,0.61460376
1800,2097,0.5590384
1800,2110,0.5549493
1800,2139,0.5636412
1800,2148,0.5596485
1800,2190,0.5677324
1800,2246,0.5748708
1800,2320,0.58957857
1800,2405,0.606279
1800,2412,0.55930114
1800,2474,0.56334007
1800,2482,0.5614414
1800,2526,0.5918645
1800,2550,0.5625272
1800,2568,0.55007184
1800,2666,0.63939893
1800,2676,0.5607778
1800,2689,0.58508015
1800,2724,0.5543657
1800,2748,0.632463
1800,2765,0.56925046
1800,2998,0.5849789
1800,3220,0.559649
1800,3264,0.6099045
1800,3267,0.59342146
1800,3310,0.55210537
1801,1879,0.5702367
1801,2118,0.6189759
1801,2197,0.5677068
1801,2374,0.60999906
1801,2444,0.56536454
1801,2505,0.5819467
1801,2523,0.5515615
1801,2570,0.58355534
1801,2583,0.6256417
1801,2689,0.5761534
1801,3024,0.6110569
1801,3035,0.5675528
1801,3082,0.58858645
1801,3089,0.555627
1801,3099,0.59111583
1801,3165,0.57234514
1801,3248,0.55225587
1802,1992,0.5790399
1803,1940,0.56151795
1803,2540,0.6159262
1804,1830,0.6119306
1804,1910,0.6335949
1804,2016,0.5651463
1804,2052,0.55181944
1804,2053,0.56033194
1804,2075,0.55385303
1804,2076,0.56399703
1804,2222,0.5551902
1804,2261,0.56782645
1804,2473,0.579728
1804,2508,0.56110585
1804,2523,0.5773277
1804,2618,0.5597311
1804,2672,0.57439935
1804,2692,0.6210412
1804,2698,0.58403045
1804,2712,0.5792251
1804,2863,0.5888425
1804,2873,0.55346763
1804,2889,0.5887408
1804,3013,0.5543387
1804,3015,0.5613022
1804,3080,0.5774563
1804,3139,0.552875
1804,3189,0.56510305
1804,3211,0.55372155
1805,1869,0.62008655
1805,2449,0.72734475
1805,2591,0.57325643
1805,2669,0.63178027
1805,2804,0.5858854
1805,3044,0.5841419
1807,1821,0.55649334
1807,2040,0.56151766
1807,2041,0.5651339
1807,2076,0.56820554
1807,2126,0.5802003
1807,2162,0.5940423
1807,2246,0.58492786
1807,2247,0.58581793
1807,2398,0.55343634
1807,2464,0.59135336
1807,2539,0.5536541
1807,2913,0.56318593
1807,2953,0.5546595
1808,2177,0.553764
1809,2647,0.6087399
1809,2648,0.5570396
1809,2993,0.6023679
1809,3129,0.56858563
1810,2436,0.6065523
1810,2835,0.5778631
1810,2898,0.61000395
1810,3077,0.6513884
1811,2168,0.588431
1811,2243,0.5754763
1811,2526,0.5623451
1811,2696,0.5826745
1811,3216,0.57643545
1812,2243,0.5501209
1812,3297,0.5668138
1814,2668,0.5676048
1815,1966,0.5789111
1815,2232,0.56534916
1815,2295,0.5511277
1815,2827,0.5774476
1817,2070,0.62771153
1817,2326,0.70033574
1820,1830,0.5513742
1821,2238,0.5546324
1821,3242,0.5748539
1822,1944,0.56812465
1822,2606,0.5796217
1822,3080,0.561931
1823,1899,0.63699377
1823,2107,0.6055241
1823,2150,0.55094606
1823,2168,0.56806004
1823,2182,0.58714235
1823,2183,0.5579096
1823,2206,0.5677676
1823,2281,0.55764306
1823,2324,0.5504796
1823,2443,0.55347663
1823,2614,0.57201254
1823,2685,0.62394893
1823,2726,0.5544692
1823,2747,0.571326
1823,2789,0.5613402
1823,2847,0.553831
1823,2863,0.58175033
1823,2916,0.5597227
1823,2927,0.55432415
1823,2953,0.5832552
1823,2996,0.56461805
1823,3016,0.6278658
1823,3025,0.5559361
1823,3099,0.57349014
1823,3125,0.5762008
1823,3300,0.5601201
1823,3304,0.5787833
1823,3305,0.5575985
1824,2177,0.5510074
1824,2465,0.6065093
1824,2968,0.57887995
1825,2440,0.56367266
1825,2919,0.5611026
1825,2925,0.59980375
1825,3043,0.58791727
1829,1961,0.5541005
1829,2597,0.55033237
1829,2726,0.5626788
1830,1832,0.5543053
1830,1868,0.5845629
1830,1881,0.56079614
1830,1899,0.5605762
1830,1913,0.5606522
1830,1937,0.5706801
1830,1965,0.55174893
1830,1981,0.5727539
1830,1987,0.58049375
1830,1997,0.5707845
1830,2000,0.5503763
1830,2016,0.6087049
1830,2029,0.5729566
1830,2052,0.594381
1830,2055,0.5590723
1830,2076,0.58985543
1830,2082,0.55249786
1830,2116,0.574772
1830,2137,0.57920986
1830,2147,0.6086933
1830,2168,0.5736707
1830,2172,0.6033287
1830,2206,0.5643534
1830,2222,0.56080717
1830,2261,0.55911976
1830,2262,0.58155096
1830,2281,0.5811821
1830,2283,0.56433475
1830,2284,0.6080292
1830,2295,0.62264335
1830,2298,0.5635592
1830,2343,0.5602963
1830,2347,0.560729
1830,2350,0.56397784
1830,2358,0.55113786
1830,2395,0.5766433
1830,2410,0.5542374
1830,2411,0.554619
1830,2425,0.5761726
1830,2443,0.59469616
1830,2463,0.6164241
1830,2473,0.5882089
1830,2479,0.5790079
1830,2490,0.5517867
1830,2494,0.5579299
1830,2533,0.566748
1830,2573,0.5600071
1830,2578,0.5909449
1830,2606,0.6103508
1830,2609,0.57920986
1830,2625,0.56476486
1830,2642,0.5618683
1830,2657,0.5652654
1830,2663,0.5780294
1830,2672,0.6149738
1830,2698,0.5544052
1830,2700,0.60677636
1830,2720,0.5503674
1830,2742,0.57746166
1830,2755,0.5941279
1830,2778,0.576784
1830,2795,0.5771097
1830,2799,0.58370733
1830,2828,0.598029
1830,2834,0.5790547
1830,2850,0.58646977
1830,2861,0.5717634
1830,2863,0.62997794
1830,2870,0.5882492
1830,2887,0.55513656
1830,2888,0.5532256
1830,2889,0.6081456
1830,2914,0.5675857
1830,2916,0.6767492
1830,2925,0.5666486
1830,2930,0.5895307
1830,2937,0.56949854
1830,2939,0.5576689
1830,2991,0.5597249
1830,2997,0.5722439
1830,3013,0.5616956
1830,3015,0.5638143
1830,3016,0.62469673
1830,3022,0.5951981
1830,3024,0.5598805
1830,3025,0.5888077
1830,3035,0.5552544
1830,3080,0.6281321
1830,3091,0.57962793
1830,3093,0.62276363
1830,3095,0.5582303
1830,3098,0.55196
1830,3099,0.5760529
1830,3104,0.58424664
1830,3114,0.5992552
1830,3125,0.60478234
1830,3130,0.56470156
1830,3139,0.5792805
1830,3165,0.55055803
1830,3173,0.55836344
1830,3186,0.57652414
1830,3189,0.557049
1830,3194,0.5696463
1830,3219,0.56304526
1830,3226,0.5800827
1830,3248,0.59430647
1830,3271,0.5702283
1830,3279,0.5618712
1830,3305,0.555681
1831,1865,0.6224258
1831,1924,0.5508257
1832,1868,0.6537471
1832,2022,0.5738932
1832,2052,0.5645156
1832,2053,0.6203143
1832,2106,0.6165701
1832,2313,0.5524034
1832,2339,0.5612457
1832,2358,0.56646025
1832,2361,0.70984435
1832,2390,0.600572
1832,2459,0.5615089
1832,2479,0.55250806
1832,2521,0.6105385
1832,2573,0.5843646
1832,2583,0.55514264
1832,2667,0.5624788
1832,2672,0.5911515
1832,2698,0.5851487
1832,2700,0.57874465
1832,2755,0.5618385
1832,2847,0.57658386
1832,2850,0.5827951
1832,2857,0.62172484
1832,2888,0.6015539
1832,2890,0.5996603
1832,2914,0.66506445
1832,2916,0.5768193
1832,2973,0.63707626
1832,2982,0.5960834
1832,3022,0.62913275
1832,3024,0.6031728
1832,3080,0.5877489
1832,3089,0.5539972
1832,3098,0.5567268
1832,3165,0.5518645
1832,3173,0.56284386
1832,3211,0.5665897
1834,1883,0.58029115
1834,2099,0.5582175
1834,2226,0.5910007
1835,2124,0.55858237
1835,2444,0.5558786
1835,2606,0.58073974
1835,3060,0.5556444
1836,1969,0.56592095
1839,2320,0.57538575
1841,2861,0.56214684
1842,2554,0.7491064
1842,2593,0.60095
1843,2554,0.58054566
1844,1856,0.55219394
1844,1924,0.5898394
1844,2003,0.5785091
1844,2052,0.55177855
1844,2101,0.61251616
1844,2132,0.555984
1844,2248,0.6038963
1844,2545,0.5725619
1844,2738,0.57037354
1844,2818,0.5564898
1844,2940,0.61081374
1845,3137,0.5934552
1845,3262,0.5662123
1845,3263,0.55082536
1847,1981,0.6008141
1847,2250,0.5606158
1847,2508,0.56279266
1847,2932,0.5566884
1847,3080,0.5780699
1847,3095,0.56433415
1847,3100,0.6459346
1847,3117,0.5799151
1847,3135,0.55854845
1847,3139,0.5789553
1847,3300,0.5686313
1849,1858,0.96712136
1849,2089,0.5988498
1849,2438,0.5878288
1849,2684,0.5523044
1849,2834,0.5981655
1849,2838,0.6108006
1850,1864,0.580976
1850,2267,0.58741915
1850,2701,0.59369934
1852,1859,0.6180693
1852,1885,0.58964443
1852,2022,0.55112076
1852,2053,0.5666051
1852,2076,0.57277715
1852,2106,0.5861187
1852,2162,0.5552107
1852,2262,0.5619103
1852,2362,0.58185804
1852,2392,0.5767398
1852,2425,0.5515753
1852,2432,0.55895674
1852,2575,0.5620892
1852,2685,0.57438827
1852,2712,0.56421506
1852,2748,0.56025296
1852,2759,0.57913077
1852,2802,0.55087996
1852,2856,0.5588414
1852,2881,0.5800942
1852,2953,0.5528507
1852,2973,0.55974627
1852,3015,0.5677972
1852,3082,0.5724205
1852,3089,0.55963314
1852,3104,0.56563497
1852,3279,0.5553503
1853,1907,0.5763202
1853,1924,0.5517611
1853,2054,0.5780298
1853,2460,0.5917859
1856,1911,0.5731969
1857,1913,0.5833013
1857,2852,0.5813682
1857,3317,0.6640473
1858,2089,0.5843565
1858,2438,0.56740296
1858,2834,0.5971606
1858,2838,0.6195425
1859,1938,0.59608424
1859,1972,0.5518719
1859,1983,0.5692059
1859,2162,0.6205328
1859,2191,0.585348
1859,2344,0.55898046
1859,2450,0.5717011
1859,2466,0.5655416
1859,2568,0.58510613
1859,2748,0.56605697
1859,2760,0.5998597
1859,3015,0.56826484
1861,1916,0.67845976
1864,1866,0.62314165
1864,1878,0.5772947
1864,1959,0.55265284
1864,2004,0.58926314
1864,2015,0.58307934
1864,2135,0.6545415
1864,2235,0.69552934
1864,2267,0.61510915
1864,2306,0.5557054
1864,2327,0.55597174
1864,2576,0.61872375
1864,2701,0.6476838
1864,3026,0.58987004
1864,3257,0.5636108
1865,1924,0.56744486
1865,2460,0.5600463
1866,2135,0.678203
1866,2235,0.65163857
1866,2389,0.6131399
1866,2701,0.56216097
1867,2261,0.55092263
1867,2320,0.5937479
1867,2666,0.5637869
1867,2710,0.60177946
1867,2831,0.5574355
1867,2891,0.5837825
1867,2917,0.5571745
1867,2967,0.61156595
1867,3193,0.5904653
1867,3302,0.5760935
1868,1899,0.55948883
1868,1919,0.60538256
1868,1925,0.5584888
1868,2052,0.5918997
1868,2053,0.5581622
1868,2055,0.5649251
1868,2075,0.55993915
1868,2076,0.5621174
1868,2126,0.5610632
1868,2143,0.56307197
1868,2146,0.5868844
1868,2147,0.58115965
1868,2168,0.62887
1868,2177,0.5761811
1868,2252,0.5631516
1868,2262,0.5662116
1868,2277,0.60641944
1868,2284,0.5504026
1868,2287,0.5647573
1868,2361,0.56235516
1868,2411,0.57789683
1868,2443,0.5548244
1868,2453,0.5618196
1868,2463,0.5940081
1868,2464,0.5932009
1868,2479,0.5858178
1868,2583,0.5598875
1868,2642,0.55177
1868,2646,0.55489993
1868,2666,0.5550221
1868,2672,0.5579445
1868,2685,0.59797704
1868,2712,0.55508226
1868,2718,0.56058836
1868,2752,0.55736065
1868,2755,0.58166367
1868,2817,0.5541636
1868,2863,0.5700367
1868,2875,0.5596608
1868,2893,0.5861069
1868,2914,0.5947196
1868,2925,0.55750275
1868,3002,0.56145394
1868,3016,0.6084696
1868,3024,0.6192725
1868,3029,0.57357776
1868,3031,0.55337113
1868,3035,0.5904484
1868,3048,0.5721236
1868,3060,0.5759129
1868,3130,0.56610477
1868,3165,0.6090604
1868,3169,0.5622869
1868,3173,0.5566939
1868,3177,0.5847566
1868,3186,0.561501
1868,3189,0.5636063
1868,3219,0.5550503
1868,3234,0.55637026
1868,3248,0.5858679
1868,3267,0.55686814
1868,3300,0.5545041
1868,3310,0.5737536
1869,2270,0.57421565
1869,2643,0.58942395
1870,2480,0.57933974
1870,2967,0.5690315
1871,2993,0.60398626
1873,1918,0.5718037
1873,1987,0.5552681
1873,2049,0.5680561
1873,2052,0.5687872
1873,2147,0.5830531
1873,2168,0.58396447
1873,2202,0.56719935
1873,2434,0.58481455
1873,2514,0.5609853
1873,2642,0.55143046
1873,2750,0.64777493
1873,2755,0.5584137
1873,2891,0.5809736
1873,3009,0.56835175
1873,3130,0.5832685
1874,2206,0.6002258
1874,2479,0.5806856
1874,2549,0.72280777
1874,2659,0.5856595
1874,2687,0.67161
1876,2442,0.6035957
1876,2487,0.5545389
1876,2573,0.5742955
1876,2597,0.5687847
1876,2953,0.5632577
1876,3185,0.5587742
1877,2306,0.5766989
1877,3015,0.55774856
1877,3262,0.585248
1878,1879,0.59339994
1878,1954,0.5626915
1878,1993,0.5624325
1878,2097,0.5690815
1878,2118,0.611681
1878,2195,0.56491286
1878,2306,0.60120916
1878,2362,0.5766122
1878,2374,0.6176609
1878,2689,0.5522449
1878,3258,0.56456465
1878,3264,0.647418
1878,3280,0.57732284
1879,1892,0.5858917
1879,1922,0.567242
1879,1992,0.55308163
1879,2000,0.5695474
1879,2040,0.55237716
1879,2116,0.61786467
1879,2118,0.59052825
1879,2139,0.55965364
1879,2142,0.58945906
1879,2145,0.58655125
1879,2163,0.5578442
1879,2168,0.5850413
1879,2202,0.55386007
1879,2344,0.5737752
1879,2362,0.56879175
1879,2374,0.6291507
1879,2505,0.6061722
1879,2558,0.56090736
1879,2568,0.61790437
1879,2578,0.5659691
1879,2583,0.5598274
1879,2650,0.64709103
1879,2689,0.5922436
1879,2791,0.56016695
1879,2996,0.56961155
1879,3025,0.56594926
1879,3105,0.5883349
1879,3165,0.58404267
1879,3209,0.57880676
1879,3220,0.5508984
1879,3228,0.55141985
1879,3256,0.556723
1879,3270,0.5689995
1880,2103,0.55276674
1880,2532,0.5518013
1881,1888,0.56360507
1881,1899,0.6158395
1881,1910,0.55056137
1881,1937,0.55637765
1881,1981,0.5577191
1881,2016,0.62389433
1881,2052,0.5787195
1881,2053,0.55955195
1881,2075,0.5541085
1881,2107,0.5972823
1881,2147,0.5590632
1881,2159,0.5514051
1881,2177,0.5746349
1881,2206,0.55571926
1881,2219,0.55491376
1881,2276,0.5638679
1881,2343,0.5584351
1881,2347,0.57412624
1881,2413,0.5622728
1881,2663,0.59562874
1881,2685,0.55491364
1881,2687,0.56330675
1881,2698,0.56665045
1881,2733,0.5578731
1881,2799,0.59642684
1881,2991,0.59124047
1881,3007,0.5606461
1881,3015,0.55670166
1881,3016,0.5675068
1881,3048,0.5544505
1881,3080,0.5804336
1881,3082,0.5523623
1881,3093,0.5936458
1881,3125,0.567796
1881,3139,0.5546204
1881,3165,0.55324304
1881,3234,0.566237
1881,3248,0.5581993
1881,3308,0.6148451
1883,1957,0.559248
1885,2041,0.5998473
1885,2126,0.5610435
1885,2242,0.57587284
1885,2257,0.5516056
1885,2464,0.6028484
1885,2733,0.57443917
1885,3019,0.55054724
1885,3209,0.55548096
1885,3248,0.5549854
1886,2016,0.5597935
1886,2359,0.57869494
1886,2488,0.5622114
1886,2493,0.55824316
1886,2694,0.5540712
1886,3168,0.5698408
1886,3233,0.6045377
1888,2016,0.6054549
1888,2030,0.5523925
1888,2257,0.55362934
1888,2343,0.57894653
1888,2707,0.5552231
1890,1987,0.58453745
1890,2168,0.55925864
1890,2240,0.56192863
1890,2355,0.56604743
1890,3025,0.5585648
1890,3083,0.55255204
1891,2119,0.55764174
1891,2635,0.63027847
1892,1922,0.5518258
1892,2111,0.5788708
1892,2155,0.55015326
1892,2216,0.56452656
1892,2242,0.58547854
1892,2568,0.5740422
1892,2654,0.56595004
1892,3015,0.5712545
1892,3256,0.5538233
1893,2544,0.56975096
1893,2567,0.55075306
1893,2644,0.61460257
1894,1899,0.56097984
1894,1911,0.5544641
1894,2080,0.5532288
1894,2116,0.5860716
1894,2414,0.55193233
1894,2818,0.55187225
1894,2861,0.55132246
1894,2887,0.58061546
1894,2895,0.5975976
1894,3267,0.5627183
1895,2363,0.5736968
1896,2531,0.5720495
1897,3089,0.5502566
1898,2515,0.56948197
1899,1903,0.63490784
1899,1913,0.60101616
1899,1923,0.5751173
1899,1931,0.5719938
1899,1937,0.5504291
1899,1940,0.60423625
1899,1987,0.6053761
1899,2023,0.5654746
1899,2035,0.5580739
1899,2052,0.66106915
1899,2053,0.5565575
1899,2055,0.57891613
1899,2071,0.55236715
1899,2075,0.57328826
1899,2076,0.58059597
1899,2082,0.6206486
1899,2106,0.5503152
1899,2107,0.58548266
1899,2116,0.58263284
1899,2146,0.6000726
1899,2147,0.65310895
1899,2159,0.5635825
1899,2168,0.5696335
1899,2177,0.61488235
1899,2189,0.56109136
1899,2202,0.5571036
1899,2206,0.58069646
1899,2210,0.5709732
1899,2227,0.5690211
1899,2254,0.5818591
1899,2262,0.5728067
1899,2268,0.57166034
1899,2281,0.626513
1899,2284,0.59650534
1899,2295,0.61055154
1899,2307,0.5572965
1899,2338,0.5805159
1899,2347,0.5602439
1899,2356,0.60869414
1899,2395,0.6467185
1899,2425,0.5841986
1899,2432,0.5567366
1899,2442,0.56501746
1899,2443,0.58535177
1899,2444,0.5892789
1899,2453,0.55810773
1899,2465,0.5811815
1899,2468,0.55995375
1899,2471,0.5805193
1899,2479,0.56196856
1899,2518,0.62407607
1899,2522,0.5561788
1899,2531,0.6365982
1899,2538,0.5502682
1899,2573,0.62999076
1899,2671,0.6461948
1899,2684,0.5647837
1899,2685,0.57795566
1899,2692,0.56698585
1899,2698,0.59259653
1899,2700,0.5648571
1899,2718,0.61983323
1899,2722,0.5630536
1899,2726,0.5661079
1899,2747,0.5735692
1899,2749,0.56368876
1899,2755,0.56173134
1899,2778,0.57480365
1899,2789,0.564301
1899,2799,0.58790773
1899,2816,0.59316236
1899,2847,0.591347
1899,2863,0.6103641
1899,2864,0.5521927
1899,2870,0.5598598
1899,2872,0.57341504
1899,2888,0.5651149
1899,2889,0.5878656
1899,2890,0.61132056
1899,2893,0.5609194
1899,2914,0.5648642
1899,2916,0.5643015
1899,2927,0.5971609
1899,2953,0.5618255
1899,2968,0.5658705
1899,3001,0.5653981
1899,3009,0.55206066
1899,3016,0.6010768
1899,3022,0.6121472
1899,3025,0.58200896
1899,3080,0.5914263
1899,3082,0.5983257
1899,3085,0.6170682
1899,3089,0.6003208
1899,3099,0.55337965
1899,3104,0.604839
1899,3117,0.61038935
1899,3125,0.56696427
1899,3130,0.6044665
1899,3138,0.57064414
1899,3165,0.57227635
1899,3169,0.5662794
1899,3174,0.5661093
1899,3186,0.5578347
1899,3194,0.55072236
1899,3208,0.5937809
1899,3211,0.5566584
1901,2220,0.5713583
1902,1913,0.60996926
1902,2313,0.59811735
1902,2395,0.5642164
1902,2425,0.5934458
1902,2506,0.59596324
1902,2677,0.5764464
1902,2802,0.6232754
1902,2929,0.5569898
1902,3318,0.6209097
1903,1919,0.550293
1903,1987,0.62412417
1903,2052,0.5563221
1903,2177,0.5552461
1903,2401,0.5568851
1903,2443,0.55261636
1903,2721,0.5939694
1903,3162,0.5930898
1903,3174,0.56025326
1904,2055,0.6068881
1904,2106,0.5896652
1904,2190,0.5562764
1904,2339,0.55719703
1904,2473,0.5895084
1904,2518,0.578513
1904,2522,0.60127145
1904,2698,0.58903575
1904,2726,0.57484984
1904,2816,0.5676539
1904,2817,0.5743605
1904,2847,0.6094719
1904,3080,0.5804873
1904,3099,0.55846715
1904,3226,0.5658876
1907,2253,0.5633813
1907,2456,0.550648
1907,2457,0.63964677
1907,2460,0.6053153
1907,2587,0.5716685
1907,2940,0.5748756
1908,2027,0.571185
1910,1998,0.57444
1910,2016,0.5829248
1910,2083,0.5820312
1910,2092,0.5546787
1910,2103,0.5864092
1910,2105,0.5525646
1910,2107,0.5621241
1910,2111,0.583424
1910,2134,0.5515393
1910,2159,0.5738791
1910,2183,0.57610357
1910,2193,0.60014206
1910,2218,0.58131945
1910,2292,0.58857656
1910,2343,0.55778944
1910,2366,0.5685482
1910,2374,0.5512769
1910,2409,0.5757754
1910,2410,0.56187654
1910,2453,0.55900383
1910,2463,0.60332894
1910,2583,0.59045064
1910,2663,0.6204039
1910,2711,0.55657697
1910,2712,0.5584624
1910,2731,0.5587051
1910,2739,0.5739166
1910,2834,0.5577851
1910,2877,0.603824
1910,2891,0.5571915
1910,2967,0.55558527
1910,2991,0.5775532
1910,2998,0.55657333
1910,3008,0.5890902
1910,3025,0.6535474
1910,3036,0.58997446
1910,3099,0.55640376
1910,3179,0.5643085
1910,3189,0.59714925
1910,3219,0.570106
1910,3248,0.57495034
1910,3308,0.5714768
1910,3315,0.5548929
1912,2587,0.5531052
1913,2055,0.56178355
1913,2076,0.623266
1913,2082,0.6036141
1913,2123,0.56222045
1913,2177,0.58707166
1913,2281,0.5826087
1913,2295,0.61823475
1913,2313,0.57531434
1913,2395,0.59786713
1913,2485,0.5501611
1913,2506,0.60767585
1913,2573,0.5841437
1913,2597,0.5959871
1913,2699,0.5683584
1913,2726,0.55255747
1913,2802,0.6730541
1913,2847,0.5527681
1913,2882,0.5885198
1913,2890,0.5572769
1913,2953,0.55931103
1913,3021,0.5542011
1913,3022,0.60479
1913,3034,0.58035445
1913,3080,0.5757612
1913,3237,0.5576698
1913,3290,0.5623622
1913,3318,0.6189481
1916,2834,0.55971766
1916,2967,0.55132884
1916,3296,0.55906814
1917,2649,0.56036586
1917,2863,0.5650507
1917,2930,0.55811
1917,3100,0.56878716
1918,2177,0.5791706
1918,2473,0.5649233
1918,2579,0.55872774
1918,2646,0.5586916
1918,2750,0.5677915
1918,2817,0.6244732
1918,3089,0.55680287
1918,3100,0.5958182
1918,3117,0.5622535
1918,3124,0.5809088
1919,1987,0.61669993
1919,2052,0.6014531
1919,2053,0.5602926
1919,2082,0.5710336
1919,2147,0.6320597
1919,2177,0.61427754
1919,2212,0.58006895
1919,2281,0.5572641
1919,2295,0.5518397
1919,2314,0.6136495
1919,2358,0.59054446
1919,2401,0.56621456
1919,2443,0.561183
1919,2468,0.555889
1919,2473,0.56274205
1919,2570,0.56042516
1919,2579,0.55741614
1919,2642,0.5827658
1919,2646,0.5791289
1919,2672,0.55827487
1919,2718,0.57477635
1919,2720,0.55564314
1919,2726,0.5801321
1919,2888,0.56248343
1919,2914,0.6062803
1919,2916,0.5654299
1919,3016,0.5678904
1919,3024,0.5853297
1919,3035,0.5700946
1919,3080,0.59790576
1919,3089,0.6139022
1919,3105,0.57460636
1919,3117,0.55392504
1919,3130,0.5622863
1919,3135,0.56088793
1919,3174,0.560654
1919,3249,0.5636833
1920,3007,0.56428754
1921,2391,0.5607769
1922,2145,0.5552073
1922,2207,0.5532125
1922,2344,0.573149
1922,2374,0.5511514
1922,2375,0.563951
1922,2414,0.56104255
1922,2563,0.56619537
1922,2861,0.5890057
1922,2906,0.5677812
1922,2995,0.6114872
1922,3270,0.560791
1922,3274,0.572476
1922,3310,0.5549967
1923,1987,0.584799
1923,2052,0.5929134
1923,2053,0.56856865
1923,2055,0.57126737
1923,2168,0.55081785
1923,2295,0.5792586
1923,2358,0.55820465
1923,2425,0.5559018
1923,2531,0.6357033
1923,2634,0.58079875
1923,2677,0.61312187
1923,2778,0.5579386
1923,2872,0.57904595
1923,2882,0.610125
1923,2888,0.5620517
1923,2916,0.5507623
1923,2919,0.6308972
1923,2925,0.5795914
1923,2926,0.55623513
1923,3080,0.57438576
1923,3130,0.55393386
1924,1995,0.6270601
1924,2101,0.6040935
1924,2248,0.5938411
1924,2416,0.5690327
1924,2460,0.6048744
1924,2587,0.55126655
1925,1987,0.6293727
1925,2052,0.5554478
1925,2106,0.56986994
1925,2142,0.55590904
1925,2146,0.5564676
1925,2168,0.5578179
1925,2177,0.57190216
1925,2202,0.5798623
1925,2206,0.5620681
1925,2339,0.5567422
1925,2390,0.5844928
1925,2434,0.57102966
1925,2443,0.5890547
1925,2447,0.60121167
1925,2479,0.5571069
1925,2508,0.61531496
1925,2573,0.56282896
1925,2658,0.56056327
1925,2672,0.5567096
1925,2698,0.560855
1925,2755,0.57435566
1925,2850,0.5652647
1925,2863,0.5686433
1925,2893,0.60156775
1925,2926,0.5661416
1925,3015,0.57730526
1925,3024,0.5786654
1925,3080,0.55913174
1925,3117,0.5563972
1925,3130,0.5540843
1926,2042,0.554518
1926,2089,0.58964646
1928,2162,0.56147885
1928,2847,0.5999954
1930,1956,0.6116465
1930,2043,0.62025535
1930,2748,0.5997839
1930,2954,0.5580274
1931,1994,0.5563698
1931,2048,0.5543144
1931,2052,0.56608516
1931,2147,0.6657807
1931,2189,0.56141925
1931,2206,0.593658
1931,2261,0.5641825
1931,2262,0.5612047
1931,2324,0.5857359
1931,2459,0.57016635
1931,2752,0.55458045
1931,2800,0.56993425
1931,2849,0.5776474
1931,2914,0.55893546
1931,3045,0.5647048
1931,3100,0.558506
1931,3117,0.63718385
1931,3130,0.577865
1931,3300,0.58921576
1931,3304,0.5824792
1931,3305,0.5509181
1932,2983,0.55950165
1932,3068,0.5826645
1933,2306,0.57465017
1935,1949,0.55498135
1935,2041,0.58384764
1935,2055,0.56617975
1935,2102,0.58006334
1935,2107,0.57867455
1935,2137,0.56492686
1935,2162,0.60913956
1935,2318,0.5734117
1935,2464,0.5508206
1935,2494,0.57496715
1935,2609,0.56492686
1935,2760,0.5529765
1935,2953,0.6088762
1935,3080,0.5637399
1936,2148,0.5761585
1936,2331,0.5575912
1936,2391,0.58037436
1936,2488,0.6093128
1936,2567,0.5585986
1936,2612,0.59130716
1936,2689,0.5760357
1936,2923,0.56429166
1936,3143,0.5533601
1937,2052,0.569856
1937,2147,0.5741591
1937,2159,0.550789
1937,2295,0.5686707
1937,2298,0.5522593
1937,2339,0.56599116
1937,2479,0.5729688
1937,2525,0.56523657
1937,2533,0.5525848
1937,2697,0.63139343
1937,2927,0.5521861
1937,3142,0.5608709
1938,1949,0.5720466
1938,2162,0.5849255
1938,2421,0.568854
1938,2450,0.59424734
1938,2568,0.5957378
1938,2760,0.57532525
1940,1942,0.5562444
1940,2052,0.5633611
1940,2165,0.63376194
1940,2177,0.6129664
1940,2202,0.55657136
1940,2356,0.60298187
1940,2432,0.64115644
1940,2531,0.5625168
1940,2540,0.57610005
1940,2646,0.56392753
1940,2671,0.5976951
1940,2718,0.60511243
1940,2927,0.5595684
1940,2968,0.5622027
1940,3104,0.55716866
1940,3130,0.57744753
1941,3291,0.56247187
1942,2165,0.5804356
1943,2633,0.5600407
1943,2748,0.5746719
1944,2595,0.55237085
1945,2065,0.56172645
1945,2772,0.56285584
1947,2685,0.56127244
1947,2944,0.5551692
1947,3165,0.56165737
1949,2162,0.56150806
1949,2400,0.5667226
1949,2450,0.5646986
1949,2494,0.56257266
1949,2568,0.5617528
1949,2606,0.56201315
1949,2760,0.57937086
1950,2778,0.5543931
1951,2754,0.5527594
1951,2817,0.5644554
1952,2052,0.5713495
1952,2262,0.6087103
1952,2354,0.5837161
1952,2705,0.55177045
1952,2811,0.56316364
1952,3009,0.55901223
1952,3033,0.5513801
1952,3130,0.5828155
1952,3208,0.5665014
1953,2095,0.82132953
1954,2096,0.61028785
1954,2117,0.56088275
1954,2641,0.6418531
1954,2642,0.5582172
1954,3025,0.5511912
1956,2043,0.5766219
1956,2071,0.55964935
1956,2344,0.6110972
1956,2374,0.5701195
1956,2422,0.55363286
1956,2466,0.5556841
1956,2474,0.5957272
1956,2633,0.5647521
1956,2666,0.5757731
1956,2748,0.572703
1956,2774,0.55312073
1956,2879,0.5590477
1956,2918,0.5952642
1956,2954,0.5781454
1956,3025,0.6018233
1956,3134,0.56650996
1956,3182,0.5655565
1956,3256,0.6139467
1956,3257,0.57128066
1957,2835,0.59301406
1959,2059,0.57264316
1959,2110,0.55078447
1959,2124,0.5772134
1959,2275,0.5764884
1959,2309,0.5517086
1959,2320,0.55162275
1959,2369,0.5594944
1959,2486,0.5621041
1959,2633,0.6031374
1959,2666,0.5743691
1959,2689,0.5566022
1959,2701,0.5703454
1959,2725,0.5632763
1959,2791,0.5665824
1959,2998,0.5537083
1959,3025,0.5751789
1959,3177,0.5693177
1959,3179,0.561949
1959,3257,0.56744236
1959,3295,0.5534365
1960,2433,0.64408726
1962,2796,0.57204187
1965,1992,0.55326366
1965,2183,0.5822684
1965,2257,0.5561626
1965,2425,0.5618607
1965,2618,0.67182374
1965,2733,0.55416733
1965,2914,0.5600879
1965,2916,0.5766288
1965,3016,0.5758786
1965,3025,0.56417847
1965,3099,0.55101013
1965,3125,0.56310153
1965,3139,0.55570173
1965,3165,0.5718403
1970,2099,0.58256185
1970,2681,0.5527247
1971,2256,0.5636532
1971,2861,0.62295914
1972,2479,0.55947244
1972,2533,0.5578532
1972,2937,0.5640862
1975,2706,0.6037897
1978,2210,0.5597867
1978,3130,0.57496876
1979,2408,0.6106767
1979,2684,0.5586151
1981,2016,0.5553829
1981,2347,0.60772336
1981,2443,0.55837655
1981,2706,0.5594127
1981,2799,0.55673313
1981,2863,0.58035636
1981,2914,0.58764565
1981,2928,0.5585512
1981,3007,0.5623354
1981,3014,0.58477867
1981,3016,0.599934
1981,3024,0.6113888
1981,3080,0.6109893
1981,3135,0.5921191
1981,3165,0.562362
1981,3186,0.55237937
1981,3219,0.58149207
1981,3271,0.5514645
1982,2559,0.55490136
1982,2684,0.5999474
1982,2733,0.55497247
1982,3099,0.56583905
1982,3109,0.56112033
1982,3286,0.55198085
1983,2127,0.58026654
1983,2144,0.5632565
1983,2305,0.58255255
1983,2358,0.5521326
1983,2402,0.56403613
1985,2215,0.5726218
1986,2226,0.5520649
1987,2052,0.5602106
1987,2053,0.62822735
1987,2055,0.5904635
1987,2106,0.59677124
1987,2107,0.5906419
1987,2123,0.55587864
1987,2146,0.5885081
1987,2168,0.56925714
1987,2177,0.61737984
1987,2202,0.6046058
1987,2281,0.5603248
1987,2295,0.5747578
1987,2355,0.5903162
1987,2390,0.5793486
1987,2434,0.5951749
1987,2443,0.5548662
1987,2453,0.5505647
1987,2479,0.60266495
1987,2494,0.5624332
1987,2522,0.56992
1987,2533,0.56060946
1987,2573,0.56264096
1987,2578,0.6068946
1987,2672,0.6755059
1987,2742,0.5767178
1987,2749,0.55049103
1987,2755,0.5691527
1987,2763,0.5915865
1987,2815,0.55513686
1987,2827,0.6170783
1987,2850,0.575611
1987,2857,0.61526835
1987,2868,0.569831
1987,2872,0.6006036
1987,2888,0.6001667
1987,2893,0.57641315
1987,2916,0.599522
1987,2926,0.6030839
1987,2973,0.55039245
1987,3013,0.6330688
1987,3016,0.6275965
1987,3022,0.55819887
1987,3024,0.5699789
1987,3080,0.5701302
1987,3083,0.6109232
1987,3088,0.55722606
1987,3098,0.58212614
1987,3105,0.5839351
1987,3117,0.56087255
1987,3130,0.574877
1987,3138,0.57546073
1987,3173,0.5659811
1987,3174,0.6150555
1987,3194,0.6058625
1988,2047,0.6299776
1990,2711,0.58065766
1991,3150,0.5563895
1992,2068,0.56432974
1992,2069,0.5559268
1992,2331,0.559994
1992,2578,0.5736433
1992,2632,0.56618685
1992,2791,0.55489135
1993,2053,0.55171657
1993,2107,0.5928022
1993,2182,0.5649481
1993,2242,0.5949042
1993,2391,0.56798124
1993,2568,0.5736476
1993,2915,0.5615288
1993,2953,0.5619432
1994,2052,0.5972475
1994,2147,0.55005157
1994,2212,0.58210796
1994,2295,0.5920117
1994,2301,0.61426485
1994,2324,0.5713108
1994,2345,0.56275165
1994,2354,0.5741112
1994,2447,0.5604714
1994,2573,0.55326235
1994,2755,0.5663566
1994,2850,0.5559971
1994,2920,0.5754937
1994,2927,0.5548499
1994,3130,0.60113126
1994,3140,0.56864995
1994,3300,0.56111425
1994,3305,0.5533333
1997,2939,0.55843306
1998,2336,0.5530029
1998,2500,0.5753671
1998,2666,0.5550726
1998,3096,0.58579373
1999,3281,0.5550326
2000,2027,0.5905709
2000,2071,0.5745392
2000,2116,0.5618567
2000,2344,0.55099356
2000,2374,0.6049299
2000,2410,0.5751568
2000,2539,0.5745778
2000,2583,0.57853055
2000,2685,0.57299984
2000,2689,0.5949676
2000,2774,0.55654764
2000,3025,0.57966065
2000,3079,0.5615076
2000,3080,0.59647644
2000,3099,0.56634194
2000,3114,0.580825
2000,3136,0.56911385
2000,3177,0.55095726
2000,3209,0.5520631
2000,3268,0.5587298
2001,2016,0.5611672
2001,2083,0.5525606
2001,2453,0.5694914
2001,2733,0.57714176
2001,3025,0.5547081
2001,3139,0.57607836
2001,3169,0.59287035
2003,2101,0.57685256
2003,2172,0.5509241
2004,2135,0.59424007
2005,2077,0.56752914
2005,2099,0.5644443
2006,2052,0.5633185
2006,2080,0.5633392
2006,2106,0.5637201
2006,2281,0.58243847
2006,2339,0.5900681
2006,2410,0.55534434
2006,2494,0.5572049
2006,2531,0.590539
2006,2578,0.5870965
2006,2579,0.57097775
2006,2817,0.56586623
2006,2893,0.5577774
2006,2932,0.61660826
2006,3013,0.5772313
2006,3100,0.6024626
2006,3117,0.60254097
2006,3208,0.5686405
2008,2016,0.5742038
2008,2076,0.561344
2008,2347,0.5520076
2008,2524,0.5846221
2008,2607,0.5706173
2008,3048,0.5568963
2009,2500,0.56291294
2010,2666,0.57586443
2011,2473,0.5606654
2011,2787,0.57068646
2011,3139,0.5518023
2011,3300,0.5680115
2011,3303,0.57305497
2011,3305,0.59442705
2013,2107,0.5577831
2013,2126,0.5564326
2015,2157,0.5711212
2015,2235,0.5538019
2015,2708,0.5710522
2016,2021,0.56239605
2016,2053,0.55510473
2016,2075,0.5673506
2016,2107,0.61243856
2016,2123,0.5615279
2016,2128,0.5574043
2016,2134,0.568794
2016,2159,0.5543841
2016,2177,0.57136416
2016,2196,0.55231
2016,2206,0.5773802
2016,2218,0.5860825
2016,2219,0.5818004
2016,2257,0.5567565
2016,2261,0.5833758
2016,2276,0.57018375
2016,2284,0.56184673
2016,2343,0.7298692
2016,2347,0.61334157
2016,2358,0.5831342
2016,2393,0.5510888
2016,2408,0.58635175
2016,2410,0.594298
2016,2413,0.6406131
2016,2476,0.5538119
2016,2589,0.572932
2016,2666,0.5751784
2016,2672,0.5594053
2016,2684,0.5698479
2016,2685,0.5604488
2016,2694,0.56788284
2016,2706,0.5835029
2016,2710,0.5589535
2016,2712,0.5914991
2016,2732,0.5602701
2016,2733,0.5753596
2016,2828,0.6385226
2016,2834,0.55607826
2016,2850,0.5540572
2016,2863,0.57615805
2016,2870,0.56405675
2016,2875,0.5798918
2016,2891,0.5885681
2016,2911,0.5677674
2016,2928,0.56084704
2016,2930,0.5856945
2016,2967,0.55226755
2016,2997,0.61586547
2016,3003,0.5789767
2016,3006,0.6338448
2016,3007,0.5516641
2016,3008,0.5952431
2016,3016,0.6247089
2016,3024,0.59501624
2016,3025,0.5512636
2016,3029,0.5573878
2016,3048,0.5865543
2016,3078,0.5609093
2016,3080,0.5598807
2016,3082,0.57262146
2016,3109,0.5604739
2016,3124,0.5707414
2016,3135,0.58279127
2016,3165,0.5523921
2016,3186,0.61392254
2016,3190,0.5785619
2016,3209,0.55248857
2016,3219,0.6296724
2016,3234,0.56467795
2016,3248,0.55123276
2016,3308,0.6133847
2018,2771,0.6103559
2019,2374,0.6052779
2019,2410,0.56218845
2019,2463,0.5848355
2019,2676,0.55217767
2019,2712,0.55088055
2019,2748,0.55814934
2019,2817,0.5587778
2019,3053,0.55642456
2019,3286,0.5690284
2021,2614,0.5905265
2022,2106,0.5573685
2022,2240,0.57015705
2022,2521,0.6227112
2022,2959,0.59601545
2022,3081,0.56037635
2023,2080,0.5973407
2023,2082,0.5770506
2023,2219,0.5563736
2023,2494,0.58644766
2023,2498,0.60527027
2023,2573,0.56708616
2023,2726,0.57607484
2023,2777,0.557229
2023,3094,0.5665003
2023,3100,0.57152164
2023,3164,0.57985157
2025,2134,0.5766027
2025,2284,0.5652591
2025,2287,0.6146184
2025,2318,0.57185423
2025,2340,0.5992086
2025,2698,0.55473244
2025,2833,0.63894933
2027,2102,0.55961794
2027,2127,0.5663536
2027,2177,0.5515919
2027,2375,0.55692804
2027,2473,0.55064356
2027,2492,0.5628518
2027,2531,0.5509778
2027,2559,0.5713863
2027,2579,0.57033575
2027,2685,0.5757965
2027,2817,0.5842606
2027,2847,0.5872156
2027,2864,0.5646875
2027,2873,0.55149865
2027,3080,0.56536853
2027,3089,0.61807597
2027,3100,0.5567287
2027,3114,0.55058765
2029,2218,0.5777601
2029,2444,0.56839776
2029,2606,0.5717801
2029,2618,0.553904
2029,2863,0.56403553
2029,2991,0.56746525
2029,3080,0.55471146
2029,3091,0.6043151
2029,3137,0.5699575
2029,3288,0.60053134
2030,2479,0.55576676
2030,2768,0.5539187
2031,2066,0.594518
2032,2206,0.5922632
2032,2549,0.55141973
2032,2649,0.62840354
2032,2863,0.56014824
2032,3100,0.55807805
2033,2124,0.55522674
2033,2530,0.5609209
2034,2041,0.5553912
2035,2082,0.5528036
2035,2646,0.557225
2035,2836,0.5613142
2035,3089,0.5597918
2038,2612,0.5645821
2040,2043,0.5563252
2040,2414,0.5660937
2040,2442,0.58042234
2040,2726,0.5705681
2040,2741,0.55856144
2040,2862,0.5579787
2040,3036,0.56858355
2040,3094,0.5511581
2040,3179,0.55454206
2040,3256,0.5750734
2041,2076,0.5977053
2041,2203,0.5706159
2041,2284,0.5544988
2041,2287,0.57639134
2041,2400,0.5812018
2041,2464,0.5505568
2041,2606,0.56459945
2041,2712,0.5711574
2041,2733,0.57585585
2041,2930,0.5618195
2041,2932,0.55394965
2041,2954,0.55454516
2041,3002,0.61127216
2041,3095,0.6035067
2041,3139,0.55172944
2043,2118,0.5929079
2043,2150,0.556703
2043,2251,0.5773298
2043,2300,0.5551012
2043,2410,0.5875056
2043,2748,0.6157236
2043,3135,0.5888413
2043,3305,0.5586693
2044,2110,0.5819617
2044,2124,0.5646298
2044,2228,0.5505359
2044,2578,0.55646634
2044,2606,0.57702756
2044,2739,0.5503472
2044,2879,0.55424106
2044,3025,0.5595215
2044,3097,0.5987214
2048,2147,0.5741051
2048,2172,0.5548823
2048,2206,0.5509755
2048,2276,0.59249306
2048,2431,0.55972373
2048,2981,0.5571969
2049,2533,0.56811583
2049,2755,0.5513995
2049,2778,0.5621807
2049,2798,0.6406614
2049,2839,0.5924289
2049,2927,0.56236917
2049,3012,0.5678861
2049,3085,0.5797366
2052,2053,0.5579918
2052,2055,0.614012
2052,2075,0.5531821
2052,2076,0.55768067
2052,2082,0.5771092
2052,2146,0.57710433
2052,2147,0.6766174
2052,2168,0.5665933
2052,2172,0.5879866
2052,2177,0.6331496
2052,2189,0.6076391
2052,2202,0.5588909
2052,2210,0.61872005
2052,2212,0.67602026
2052,2262,0.70168775
2052,2281,0.604808
2052,2295,0.5915172
2052,2324,0.55392295
2052,2354,0.61821634
2052,2358,0.56807154
2052,2361,0.5533086
2052,2390,0.55983037
2052,2395,0.5533829
2052,2434,0.5770447
2052,2442,0.6474192
2052,2443,0.5785107
2052,2471,0.5848948
2052,2473,0.55005264
2052,2479,0.57004374
2052,2485,0.55735755
2052,2506,0.57571477
2052,2531,0.55162436
2052,2533,0.6399797
2052,2537,0.60458994
2052,2549,0.56066585
2052,2573,0.70855963
2052,2597,0.57270247
2052,2612,0.5500609
2052,2615,0.6295526
2052,2628,0.5692921
2052,2646,0.60808456
2052,2658,0.5685076
2052,2671,0.56188625
2052,2672,0.5580406
2052,2682,0.5658754
2052,2685,0.5884255
2052,2698,0.5559249
2052,2718,0.62913615
2052,2722,0.55275697
2052,2727,0.56897575
2052,2752,0.59704334
2052,2755,0.69014156
2052,2767,0.5526104
2052,2774,0.58179593
2052,2778,0.57199115
2052,2800,0.5517638
2052,2801,0.55240756
2052,2839,0.57545537
2052,2844,0.5841541
2052,2849,0.58883876
2052,2850,0.63031197
2052,2863,0.5839166
2052,2888,0.57675445
2052,2890,0.6224712
2052,2914,0.571247
2052,2916,0.5983763
2052,2920,0.5753342
2052,2925,0.5908699
2052,2927,0.67774475
2052,2933,0.5647861
2052,2989,0.610247
2052,3009,0.56386507
2052,3013,0.5744386
2052,3022,0.60991883
2052,3045,0.5737945
2052,3056,0.55107534
2052,3080,0.61119246
2052,3088,0.59201115
2052,3089,0.58445877
2052,3099,0.5631735
2052,3100,0.58792186
2052,3104,0.7090206
2052,3105,0.5951985
2052,3117,0.6554966
2052,3130,0.686358
2052,3173,0.61004525
2052,3185,0.5554772
2052,3208,0.6617375
2052,3211,0.57862455
2052,3300,0.60365415
2052,3303,0.57532513
2052,3304,0.5784241
2052,3305,0.60238624
2053,2055,0.6287916
2053,2106,0.6715925
2053,2107,0.5647928
2053,2123,0.5778258
2053,2159,0.5507007
2053,2177,0.5939628
2053,2222,0.5765015
2053,2240,0.56880695
2053,2258,0.5724396
2053,2262,0.55096126
2053,2293,0.60650706
2053,2295,0.5822666
2053,2318,0.5585499
2053,2339,0.57730645
2053,2340,0.58166075
2053,2347,0.5780616
2053,2355,0.57681143
2053,2358,0.6178806
2053,2361,0.64869666
2053,2390,0.70346785
2053,2468,0.5857228
2053,2473,0.5776856
2053,2479,0.58730876
2053,2498,0.5520462
2053,2531,0.5809901
2053,2538,0.55118084
2053,2573,0.55667317
2053,2575,0.58968896
2053,2612,0.55435616
2053,2656,0.55060405
2053,2659,0.55704737
2053,2663,0.5534824
2053,2672,0.65685767
2053,2685,0.57428986
2053,2687,0.57823837
2053,2698,0.6470649
2053,2700,0.5533269
2053,2718,0.5549909
2053,2720,0.56154907
2053,2749,0.56899875
2053,2755,0.5740676
2053,2763,0.5532123
2053,2801,0.5655943
2053,2845,0.5685546
2053,2847,0.5635011
2053,2850,0.5977328
2053,2857,0.6391146
2053,2863,0.60141313
2053,2870,0.59473014
2053,2872,0.64445573
2053,2888,0.66706854
2053,2890,0.61486644
2053,2914,0.6009168
2053,2916,0.5605513
2053,2925,0.5642686
2053,2930,0.5597374
2053,2953,0.5603777
2053,2973,0.69030607
2053,2982,0.55286247
2053,3015,0.5745374
2053,3016,0.6498115
2053,3022,0.56124145
2053,3024,0.593011
2053,3080,0.6404319
2053,3082,0.57783616
2053,3089,0.5504712
2053,3095,0.56291896
2053,3098,0.68216807
2053,3105,0.60807633
2053,3124,0.599666
2053,3165,0.57109153
2053,3173,0.5956568
2053,3186,0.55565476
2054,2248,0.58038807
2055,2076,0.561157
2055,2096,0.55719626
2055,2106,0.5914972
2055,2122,0.59624887
2055,2123,0.5973772
2055,2146,0.5690191
2055,2168,0.55403763
2055,2177,0.5841658
2055,2258,0.56194633
2055,2281,0.5778597
2055,2295,0.61882573
2055,2313,0.6046443
2055,2318,0.625346
2055,2358,0.6056459
2055,2361,0.6269034
2055,2390,0.65197766
2055,2450,0.58369243
2055,2468,0.55396235
2055,2479,0.58056355
2055,2494,0.60139656
2055,2521,0.55614597
2055,2522,0.636842
2055,2531,0.5528821
2055,2573,0.5662514
2055,2615,0.5581545
2055,2672,0.56201434
2055,2682,0.5551424
2055,2685,0.55341434
2055,2698,0.62132645
2055,2700,0.61222434
2055,2726,0.5678944
2055,2727,0.5521125
2055,2749,0.5533365
2055,2755,0.5769664
2055,2760,0.55281484
2055,2801,0.578009
2055,2816,0.56814235
2055,2827,0.5598043
2055,2847,0.58436716
2055,2855,0.6074469
2055,2857,0.556864
2055,2864,0.56551695
2055,2872,0.60434484
2055,2888,0.5972356
2055,2890,0.63636696
2055,2893,0.6081954
2055,2916,0.58030915
2055,2925,0.591666
2055,2926,0.5577477
2055,2953,0.6799899
2055,2973,0.57620466
2055,2982,0.5828542
2055,3001,0.5639129
2055,3016,0.574921
2055,3022,0.5864194
2055,3080,0.6424403
2055,3098,0.6511737
2055,3173,0.5965575
2055,3174,0.60152304
2055,3279,0.5715679
2057,2178,0.6076249
2059,2462,0.55986404
2059,2486,0.59696925
2059,2689,0.563408
2060,2863,0.5706214
2061,2436,0.60989165
2061,3077,0.58066565
2062,3117,0.57443404
2064,3204,0.60864437
2065,2132,0.5553287
2065,2585,0.5507511
2067,2233,0.61525667
2067,2273,0.59127593
2067,3032,0.56027865
2067,3112,0.57496506
2068,2069,0.83064157
2068,3089,0.55259717
2069,2109,0.5658517
2069,2261,0.5569819
2069,2298,0.56014216
2069,2508,0.55378926
2069,2787,0.5663191
2069,3089,0.56226385
2069,3216,0.55075663
2070,2326,0.5852609
2070,2869,0.55518633
2070,2979,0.5665412
2070,3155,0.5509463
2071,2076,0.5558287
2071,2139,0.5553869
2071,2523,0.5659692
2071,2539,0.57345164
2071,2558,0.5541326
2071,2568,0.5631991
2071,2692,0.5869143
2071,2726,0.56121516
2071,3025,0.5735368
2071,3080,0.55319226
2071,3281,0.56854737
2071,3288,0.55576825
2073,2187,0.59953976
2073,2386,0.71036845
2075,2119,0.5537523
2075,2147,0.58797693
2075,2206,0.60005236
2075,2318,0.57804704
2075,2340,0.56566596
2075,2431,0.5567724
2075,2531,0.55717635
2075,2698,0.56709236
2075,2847,0.5551093
2075,2863,0.6204031
2075,2888,0.555565
2075,2890,0.55406207
2075,3016,0.58064663
2075,3035,0.61004794
2075,3248,0.5592613
2076,2107,0.628804
2076,2116,0.5662141
2076,2146,0.57368755
2076,2147,0.5721495
2076,2162,0.56440324
2076,2168,0.57654464
2076,2177,0.5565208
2076,2196,0.565556
2076,2202,0.5675075
2076,2256,0.5538269
2076,2281,0.6276419
2076,2295,0.5903486
2076,2318,0.61107326
2076,2358,0.5834476
2076,2395,0.5567833
2076,2408,0.56881106
2076,2442,0.5611687
2076,2445,0.559756
2076,2471,0.5655934
2076,2494,0.5563263
2076,2507,0.55794156
2076,2522,0.5629209
2076,2573,0.5663465
2076,2672,0.55366254
2076,2718,0.5724554
2076,2764,0.5536795
2076,2781,0.5793061
2076,2802,0.5644653
2076,2890,0.5729053
2076,2914,0.55341
2076,2916,0.5552891
2076,2953,0.58466715
2076,3001,0.59390235
2076,3080,0.58729005
2076,3089,0.5502038
2077,2099,0.5975271
2077,2436,0.5599677
2080,2317,0.5523699
2080,2531,0.6014328
2080,2579,0.5554034
2080,2685,0.5694049
2080,2932,0.5838845
2080,3100,0.59622175
2080,3117,0.5602315
2082,2281,0.55805457
2082,2442,0.61201614
2082,2443,0.5634154
2082,2492,0.60311764
2082,2573,0.5655198
2082,2726,0.5729841
2082,2789,0.60072476
2082,2836,0.5571258
2082,2854,0.5540315
2082,2864,0.5693785
2082,3156,0.5543125
2082,3181,0.5592586
2082,3271,0.5769042
2082,3279,0.551805
2083,2139,0.551296
2083,2733,0.5551638
2083,2870,0.5514884
2083,3139,0.5521203
2083,3267,0.55006886
2087,2861,0.56088316
2089,2438,0.6364126
2089,2834,0.56882274
2092,2097,0.5818304
2092,2103,0.5784111
2092,2177,0.568266
2092,2218,0.57545096
2092,2276,0.6630859
2092,2300,0.58271563
2092,2408,0.55185986
2092,2663,0.55727434
2092,2666,0.5781597
2092,2685,0.55138505
2092,2689,0.56332433
2092,2725,0.56014127
2092,2876,0.58144575
2092,2879,0.5663798
2092,2937,0.56753945
2092,2954,0.56850386
2092,3003,0.5876235
2092,3007,0.5549234
2092,3025,0.5916074
2092,3125,0.5603402
2092,3186,0.5511727
2092,3233,0.58950955
2092,3248,0.56706923
2092,3262,0.5506337
2092,3270,0.57802707
2092,3281,0.55002797
2096,2641,0.6995425
2096,2847,0.5567833
2097,2110,0.56573176
2097,2205,0.5711956
2097,2419,0.5593905
2097,2440,0.5638014
2097,2463,0.5779512
2097,2466,0.5678755
2097,2486,0.5714041
2097,2666,0.5889826
2097,2894,0.5509881
2097,2928,0.5678574
2097,2929,0.5630851
2097,3008,0.56394875
2097,3183,0.56290674
2097,3193,0.5629009
2097,3248,0.57409155
2097,3255,0.5666869
2097,3264,0.567247
2097,3270,0.5795872
2097,3302,0.5588409
2098,2401,0.5550966
2098,3275,0.550802
2099,2681,0.5583705
2100,2861,0.55463076
2100,3267,0.5617788
2101,2178,0.5798445
2101,2248,0.5918041
2101,2940,0.5687602
2102,2124,0.5661926
2102,2182,0.5506912
2102,2343,0.5567925
2102,2722,0.56860864
2102,2726,0.55750823
2102,3080,0.558949
2102,3089,0.5526386
2102,3094,0.56918335
2103,2276,0.5877154
2103,2281,0.5560963
2103,2559,0.55267644
2103,2877,0.56472814
2103,2889,0.5549022
2103,3025,0.62046254
2103,3136,0.5571805
2103,3226,0.59249437
2103,3267,0.5603691
2104,2107,0.5569843
2104,2123,0.59303635
2104,2150,0.6214689
2104,2206,0.55892044
2104,2284,0.5596949
2104,2799,0.563472
2104,3080,0.566192
2105,2175,0.553439
2106,2107,0.56506526
2106,2123,0.56026614
2106,2161,0.57960486
2106,2177,0.59391546
2106,2240,0.5740144
2106,2258,0.63041663
2106,2293,0.55879414
2106,2305,0.5537379
2106,2338,0.5566999
2106,2339,0.56631064
2106,2355,0.55856377
2106,2358,0.576859
2106,2361,0.6313733
2106,2390,0.6763123
2106,2444,0.6051321
2106,2447,0.5687841
2106,2453,0.5563231
2106,2468,0.6021526
2106,2473,0.553286
2106,2474,0.55844486
2106,2479,0.5732101
2106,2485,0.5512075
2106,2521,0.6062665
2106,2522,0.68020356
2106,2575,0.6330967
2106,2579,0.56454265
2106,2612,0.5553116
2106,2667,0.56854105
2106,2672,0.6422212
2106,2698,0.6017656
2106,2700,0.5574119
2106,2732,0.55583024
2106,2816,0.553308
2106,2844,0.56558734
2106,2850,0.5814728
2106,2857,0.65756226
2106,2872,0.583325
2106,2888,0.57403547
2106,2890,0.6384824
2106,2893,0.6444664
2106,2914,0.5605785
2106,2973,0.7274319
2106,2982,0.60718656
2106,3015,0.57315034
2106,3016,0.5939518
2106,3021,0.55216175
2106,3022,0.57277083
2106,3024,0.5776806
2106,3080,0.6076399
2106,3082,0.5510291
2106,3098,0.653626
2106,3105,0.59563255
2106,3117,0.56337893
2106,3173,0.5624523
2106,3211,0.60516
2107,2116,0.5522214
2107,2137,0.55273825
2107,2139,0.58480245
2107,2146,0.565267
2107,2150,0.55454105
2107,2159,0.57431215
2107,2168,0.57793367
2107,2202,0.5558468
2107,2206,0.6129253
2107,2210,0.57196295
2107,2218,0.5678269
2107,2251,0.5611358
2107,2256,0.57829064
2107,2261,0.55787516
2107,2295,0.57089716
2107,2305,0.55583894
2107,2310,0.5777838
2107,2328,0.5617035
2107,2343,0.5846975
2107,2347,0.5810012
2107,2408,0.5977845
2107,2410,0.5757295
2107,2442,0.5535819
2107,2443,0.5554509
2107,2482,0.555182
2107,2488,0.5612205
2107,2494,0.58164656
2107,2522,0.59905493
2107,2572,0.56720436
2107,2578,0.5843727
2107,2609,0.55273825
2107,2612,0.64020896
2107,2644,0.5688555
2107,2691,0.5552876
2107,2698,0.5580677
2107,2712,0.5672239
2107,2747,0.5532309
2107,2778,0.5565482
2107,2799,0.5770982
2107,2823,0.5538632
2107,2872,0.6327497
2107,2891,0.59038454
2107,2893,0.55205935
2107,2953,0.5964827
2107,3013,0.60545325
2107,3014,0.57167035
2107,3015,0.5635455
2107,3016,0.59584403
2107,3024,0.55853546
2107,3025,0.5760459
2107,3080,0.5730941
2107,3082,0.5627405
2107,3093,0.60620207
2107,3099,0.5569681
2107,3105,0.57647574
2107,3143,0.5789162
2107,3151,0.5563946
2107,3165,0.58904386
2107,3186,0.5594463
2107,3200,0.5712391
2107,3209,0.5533572
2107,3219,0.61308503
2107,3226,0.5549489
2107,3279,0.56359124
2108,2915,0.5749746
2108,3089,0.55000305
2110,2464,0.55181134
2110,2666,0.5514967
2110,2748,0.606774
2110,2998,0.5685178
2110,3042,0.5587099
2111,2527,0.5538543
2111,3179,0.57918036
2112,2130,0.5520638
2113,2187,0.61082286
2113,2386,0.7158761
2116,2132,0.5545172
2116,2139,0.5504925
2116,2252,0.5682303
2116,2425,0.56799394
2116,2426,0.57838243
2116,2453,0.56633186
2116,2507,0.55593234
2116,2583,0.5618103
2116,2726,0.56934285
2116,2862,0.5779369
2116,2891,0.56733966
2116,2949,0.5531781
2116,2991,0.55739164
2116,2996,0.5531158
2116,3025,0.55000937
2116,3267,0.57821333
2117,2163,0.57763803
2118,2145,0.550879
2118,2168,0.57864994
2118,2257,0.5660371
2118,2325,0.5740484
2118,2362,0.561036
2118,2374,0.58282715
2118,2398,0.5825585
2118,2410,0.5989987
2118,2464,0.5598484
2118,2566,0.57434297
2118,2580,0.55758315
2118,2666,0.57768655
2118,2696,0.55291045
2118,2741,0.5775648
2118,2748,0.6260027
2118,2906,0.5661756
2118,2929,0.55133057
2118,3089,0.5576973
2118,3179,0.5608671
2118,3216,0.556313
2118,3220,0.5998181
2118,3264,0.5559651
2119,2407,0.56052387
2119,2459,0.67802024
2119,2635,0.7648411
2119,2656,0.60253537
2120,2404,0.5797578
2120,2865,0.62412155
2120,2880,0.58096355
2122,2890,0.5671068
2122,3174,0.56141907
2123,2177,0.5535699
2123,2206,0.55942047
2123,2318,0.6013907
2123,2355,0.6091083
2123,2361,0.5794912
2123,2390,0.55709934
2123,2672,0.571574
2123,2682,0.56782925
2123,2698,0.615643
2123,2712,0.5674514
2123,2768,0.56060493
2123,2863,0.5674552
2123,2872,0.5542147
2123,2888,0.5628423
2123,2890,0.66233665
2123,2916,0.58892995
2123,2982,0.57961184
2123,3016,0.56548
2123,3038,0.56568277
2123,3080,0.6162281
2123,3082,0.5635227
2123,3095,0.5527715
2123,3098,0.5554962
2124,2206,0.5546037
2124,2317,0.5773456
2124,2358,0.59422445
2124,2410,0.5605786
2124,2531,0.59540755
2124,2625,0.5513875
2124,2663,0.5526326
2124,2666,0.5501418
2124,2726,0.5559461
2124,2739,0.58626646
2124,2870,0.5885956
2124,2998,0.5685097
2124,3016,0.5513515
2124,3025,0.61962396
2124,3089,0.56858367
2124,3099,0.5601782
2124,3165,0.5555235
2125,2803,0.7003733
2126,2168,0.60847723
2126,2252,0.5575025
2126,2257,0.56759596
2126,2292,0.5590626
2126,2343,0.57115054
2126,2392,0.55432004
2126,2410,0.61665773
2126,2442,0.55291486
2126,2464,0.56848025
2126,2666,0.620891
2126,2693,0.57033104
2126,2696,0.5543824
2126,2697,0.5709976
2126,2707,0.57874537
2126,2712,0.56638134
2126,2726,0.5885859
2126,2875,0.55169666
2126,2967,0.56479555
2126,2971,0.56912684
2126,3003,0.5710343
2126,3025,0.5662933
2126,3027,0.56996423
2126,3071,0.5823144
2126,3125,0.55285436
2126,3209,0.57663953
2126,3216,0.5686556
2126,3248,0.56595826
2126,3268,0.5610592
2127,2190,0.5579997
2127,2263,0.5605477
2127,2344,0.56102
2127,2492,0.5517752
2127,3100,0.5546317
2127,3105,0.5504612
2127,3267,0.55066824
2130,2629,0.5554633
2132,2168,0.55665994
2132,2206,0.5651195
2132,2209,0.55649185
2132,2249,0.57658696
2132,2339,0.57179314
2132,2358,0.5510485
2132,2438,0.565464
2132,2751,0.5606588
2132,2818,0.6607283
2132,2834,0.55431235
2132,2924,0.5527464
2132,2998,0.5560789
2134,2206,0.55134
2134,2266,0.55812544
2134,2284,0.5647327
2134,2287,0.5727658
2134,2300,0.55536926
2134,2731,0.59866786
2134,2870,0.5654132
2134,3016,0.55354786
2134,3297,0.56498945
2135,2235,0.62315726
2135,2267,0.59325933
2135,2576,0.60305905
2135,2701,0.5578059
2135,3026,0.5652566
2137,2168,0.57071805
2137,2218,0.6035387
2137,2222,0.55015314
2137,2281,0.5531607
2137,2284,0.5586955
2137,2318,0.57379746
2137,2358,0.5651469
2137,2410,0.5546609
2137,2434,0.5608359
2137,2439,0.5602193
2137,2505,0.57896733
2137,2609,0.9999998
2137,2642,0.57959783
2137,2762,0.56756747
2137,2787,0.57410216
2137,2863,0.5530769
2137,2880,0.56217617
2137,3016,0.57103455
2137,3022,0.58138597
2137,3024,0.56430346
2137,3025,0.56473
2137,3080,0.5641609
2137,3165,0.58753943
2137,3310,0.55633664
2138,2261,0.6048417
2138,2302,0.5674187
2138,2526,0.5529582
2138,2850,0.56210136
2138,3015,0.5738435
2138,3021,0.5703623
2138,3083,0.5515894
2139,2168,0.5883876
2139,2219,0.56083894
2139,2256,0.5614965
2139,2300,0.553336
2139,2374,0.5571332
2139,2410,0.57362115
2139,2666,0.5638077
2139,2689,0.5911206
2139,2726,0.558154
2139,2748,0.5925097
2139,2861,0.56679356
2139,2870,0.5635899
2139,2991,0.5759436
2139,3207,0.5658292
2139,3220,0.56946194
2139,3267,0.58835423
2139,3281,0.5514002
2140,2589,0.60819274
2140,2863,0.5789462
2141,2268,0.58184576
2141,2396,0.5588168
2141,2816,0.55839384
2141,3211,0.5506219
2142,2145,0.59134054
2142,2177,0.5527247
2142,2274,0.5581603
2142,2444,0.56173974
2142,2863,0.55799043
2142,2915,0.5830065
2142,2925,0.59145683
2142,3089,0.6124636
2142,3100,0.6082059
2143,3013,0.5875199
2144,2535,0.5778426
2144,2612,0.56622434
2145,2256,0.5550499
2145,2362,0.5629262
2145,2398,0.6038517
2145,2464,0.56067777
2145,2568,0.5977218
2145,2580,0.58623075
2145,2722,0.5717112
2145,2893,0.561177
2145,2915,0.5628241
2145,3267,0.5902395
2146,2147,0.5677891
2146,2168,0.5604023
2146,2177,0.5820539
2146,2202,0.5801068
2146,2206,0.5978578
2146,2395,0.56837296
2146,2398,0.5501436
2146,2440,0.61257815
2146,2479,0.57521725
2146,2533,0.59256005
2146,2666,0.5536022
2146,2672,0.55387557
2146,2773,0.5757623
2146,2850,0.55068433
2146,2926,0.5632316
2146,3016,0.5662303
2146,3021,0.55034786
2146,3080,0.5590685
2146,3085,0.58365697
2146,3089,0.55768454
2146,3104,0.58351207
2146,3130,0.6033355
2146,3169,0.55552644
2146,3173,0.5663191
2146,3186,0.57503766
2146,3208,0.5512915
2146,3281,0.55922425
2147,2168,0.6169896
2147,2189,0.56214434
2147,2206,0.6454296
2147,2262,0.5920255
2147,2281,0.56709063
2147,2284,0.5580771
2147,2295,0.6451671
2147,2324,0.5594262
2147,2339,0.5601162
2147,2358,0.57742965
2147,2395,0.55293596
2147,2459,0.5568666
2147,2471,0.5516649
2147,2479,0.60148036
2147,2533,0.60394466
2147,2537,0.5664787
2147,2615,0.57848203
2147,2680,0.6182176
2147,2682,0.5696002
2147,2685,0.57530296
2147,2696,0.56628203
2147,2727,0.6392542
2147,2752,0.6370238
2147,2755,0.6120204
2147,2778,0.6142446
2147,2798,0.56308335
2147,2800,0.6532166
2147,2839,0.61799914
2147,2849,0.5623853
2147,2850,0.5581864
2147,2863,0.5724342
2147,2870,0.5555364
2147,2888,0.5804435
2147,2914,0.5809857
2147,2920,0.58029866
2147,2927,0.5877409
2147,2937,0.5887172
2147,3009,0.57485044
2147,3012,0.55329585
2147,3021,0.5606085
2147,3022,0.5658977
2147,3045,0.6443052
2147,3100,0.55302095
2147,3104,0.61068285
2147,3117,0.62115026
2147,3130,0.6474445
2147,3173,0.6168691
2147,3208,0.581843
2147,3216,0.56764305
2147,3300,0.56132156
2147,3304,0.5595193
2147,3306,0.57526886
2148,2190,0.55341876
2148,2251,0.6198392
2148,2331,0.5637768
2148,2694,0.5588616
2148,3177,0.57383645
2150,2206,0.5816397
2150,2339,0.55617535
2150,2682,0.5511075
2150,3130,0.5542449
2152,2694,0.5601361
2152,2891,0.5608897
2152,3025,0.55515885
2155,2523,0.55437535
2155,2568,0.58783096
2159,2168,0.57499826
2159,2206,0.5765804
2159,2652,0.55171347
2159,2666,0.57339096
2159,2685,0.6250303
2159,2697,0.5637414
2159,2718,0.553223
2159,2850,0.56628096
2159,3003,0.56560147
2159,3080,0.55132437
2159,3100,0.550282
2159,3155,0.5788427
2159,3186,0.5534318
2159,3219,0.5593103
2159,3248,0.5559853
2159,3270,0.5913496
2161,3049,0.55041313
2162,2247,0.6158731
2162,2318,0.5743984
2162,2408,0.56870276
2162,2450,0.58691686
2162,2494,0.55052376
2162,2641,0.5657182
2162,2760,0.5965078
2162,2882,0.5664099
2162,2953,0.6043173
2163,2219,0.5610459
2163,2906,0.56687975
2163,3179,0.56643
2163,3209,0.5568185
2163,3248,0.56755245
2164,2513,0.65382314
2164,2554,0.5507183
2164,2591,0.66206914
2165,2177,0.57395256
2165,2206,0.55645066
2165,2250,0.556008
2165,2356,0.55788255
2165,2432,0.5739204
2165,2453,0.55195796
2165,2531,0.56378675
2165,2646,0.55380774
2165,2656,0.5593062
2165,2968,0.57883435
2165,3089,0.5770589
2165,3104,0.5751152
2167,2274,0.5756695
2167,3013,0.5639529
2168,2181,0.5550079
2168,2202,0.59890866
2168,2206,0.6219014
2168,2251,0.57817113
2168,2252,0.55972946
2168,2254,0.5545503
2168,2257,0.608865
2168,2281,0.5557223
2168,2284,0.56005996
2168,2295,0.5608969
2168,2321,0.5505082
2168,2337,0.5799141
2168,2343,0.5857618
2168,2350,0.57264507
2168,2358,0.56452954
2168,2410,0.5856014
2168,2434,0.56434005
2168,2463,0.5574852
2168,2464,0.5654088
2168,2494,0.5509413
2168,2518,0.5686787
2168,2522,0.556783
2168,2526,0.56628513
2168,2609,0.57071805
2168,2615,0.5587275
2168,2666,0.6018722
2168,2672,0.57817
2168,2685,0.6400813
2168,2696,0.6323383
2168,2726,0.5702187
2168,2727,0.5936917
2168,2733,0.55717015
2168,2755,0.5760675
2168,2778,0.6552423
2168,2800,0.5666579
2168,2827,0.56517327
2168,2849,0.5608064
2168,2870,0.5895896
2168,2872,0.57632494
2168,2891,0.5896158
2168,2925,0.56865054
2168,2926,0.5642253
2168,2927,0.59131086
2168,3001,0.5663444
2168,3009,0.56643766
2168,3012,0.5651415
2168,3015,0.55015516
2168,3016,0.58176744
2168,3025,0.64215845
2168,3027,0.551994
2168,3036,0.5740069
2168,3045,0.5726457
2168,3048,0.571042
2168,3099,0.5920206
2168,3104,0.60410565
2168,3126,0.55609965
2168,3130,0.58071786
2168,3154,0.5593439
2168,3163,0.5510435
2168,3177,0.5681992
2168,3193,0.5950081
2168,3209,0.5766207
2168,3216,0.63455224
2168,3234,0.5564429
2168,3245,0.56473243
2168,3264,0.5581193
2168,3279,0.5544696
2171,3068,0.5679671
2172,2261,0.56002575
2172,2298,0.5806351
2172,2925,0.5660469
2172,2927,0.5656215
2172,2981,0.560603
2172,2996,0.5513514
2172,3098,0.55263335
2172,3130,0.57649195
2177,2211,0.6130866
2177,2212,0.55815554
2177,2268,0.5527688
2177,2274,0.5616026
2177,2276,0.5897224
2177,2281,0.60511553
2177,2288,0.5656596
2177,2314,0.59607106
2177,2339,0.5642135
2177,2355,0.5630629
2177,2356,0.57872564
2177,2358,0.5807293
2177,2366,0.5749105
2177,2395,0.5647138
2177,2432,0.5929356
2177,2443,0.5856621
2177,2447,0.5534624
2177,2453,0.5675369
2177,2473,0.5846915
2177,2479,0.5662321
2177,2498,0.5916856
2177,2505,0.55676323
2177,2522,0.5962135
2177,2531,0.6047065
2177,2534,0.5643294
2177,2573,0.6273583
2177,2575,0.5980637
2177,2578,0.56619793
2177,2579,0.6457257
2177,2646,0.6906959
2177,2656,0.56110597
2177,2666,0.55108166
2177,2672,0.5572513
2177,2684,0.55471355
2177,2687,0.5595983
2177,2698,0.5694952
2177,2716,0.55174637
2177,2718,0.62492996
2177,2721,0.56643677
2177,2722,0.55078006
2177,2739,0.5578319
2177,2747,0.5590621
2177,2755,0.6088415
2177,2774,0.5963634
2177,2801,0.5745154
2177,2816,0.6188302
2177,2817,0.5893951
2177,2847,0.6273314
2177,2849,0.57949126
2177,2850,0.5987092
2177,2863,0.5690525
2177,2888,0.57416344
2177,2890,0.5928165
2177,2893,0.5911039
2177,2914,0.5801141
2177,2916,0.61466527
2177,2925,0.6216973
2177,2927,0.5967814
2177,2953,0.5757289
2177,2968,0.59387124
2177,3013,0.5722912
2177,3016,0.6357938
2177,3021,0.55237854
2177,3022,0.61640215
2177,3024,0.55566037
2177,3025,0.55587137
2177,3035,0.55937743
2177,3080,0.6114219
2177,3089,0.66184545
2177,3098,0.57139635
2177,3099,0.5825734
2177,3100,0.5766661
2177,3104,0.55412924
2177,3105,0.58232635
2177,3113,0.56849355
2177,3117,0.5907788
2177,3124,0.5882519
2177,3130,0.6046315
2177,3173,0.5848439
2177,3174,0.61427236
2177,3208,0.5543612
2177,3211,0.571221
2181,2414,0.5527762
2181,2464,0.5694922
2182,2257,0.55346495
2182,2476,0.56316316
2182,2488,0.55575
2182,2776,0.55740917
2182,2996,0.5533042
2183,2195,0.6237954
2183,2358,0.5779357
2183,2383,0.55203635
2183,2425,0.5520316
2183,2615,0.6482657
2183,2666,0.57013655
2183,2712,0.56401825
2183,2739,0.56074864
2183,2755,0.5518629
2183,2847,0.5506238
2183,2849,0.550801
2183,2861,0.5538204
2183,2870,0.5595166
2183,2916,0.5907568
2183,3022,0.5626538
2183,3099,0.60150063
2183,3104,0.5508497
2183,3138,0.6049147
2183,3305,0.57228386
2187,2386,0.71894586
2187,2630,0.5753417
2188,2514,0.57944983
2188,3056,0.5992962
2189,2354,0.5678605
2189,2533,0.55029625
2189,2755,0.60919815
2189,2806,0.57514757
2190,2344,0.5926756
2190,2405,0.60405445
2190,2558,0.56250703
2190,2568,0.5863506
2190,2748,0.6056076
2190,2847,0.5500136
2190,2929,0.5579941
2190,2953,0.5730796
2190,3023,0.5546913
2190,3177,0.6004093
2191,2760,0.5895169
2194,2568,0.56712615
2195,2218,0.5665181
2195,3008,0.57006407
2195,3255,0.5506768
2196,2850,0.5671518
2196,3135,0.5666615
2197,2906,0.55568814
2202,2350,0.56704086
2202,2355,0.5734043
2202,2432,0.55061257
2202,2521,0.5766418
2202,2573,0.5519265
2202,2672,0.5602621
2202,2750,0.5688311
2202,2755,0.5714956
2202,2872,0.57863533
2202,3099,0.5583969
2202,3104,0.58435035
2202,3105,0.56569207
2202,3130,0.5583413
2202,3279,0.56292534
2202,3281,0.5614141
2203,2252,0.5688623
2203,2343,0.6035844
2203,2991,0.5546789
2204,2607,0.55544394
2205,2300,0.56238145
2205,2486,0.57355577
2205,2706,0.58407277
2205,3233,0.60418886
2205,3266,0.6363822
2206,2219,0.5801295
2206,2222,0.5517452
2206,2261,0.57092696
2206,2262,0.5876584
2206,2284,0.5592904
2206,2309,0.55164266
2206,2318,0.57200456
2206,2325,0.57485616
2206,2334,0.5634172
2206,2337,0.6047534
2206,2358,0.5824307
2206,2395,0.56198347
2206,2407,0.55744296
2206,2410,0.5801523
2206,2420,0.55379975
2206,2440,0.560546
2206,2459,0.581356
2206,2479,0.61262745
2206,2531,0.57341033
2206,2549,0.59890676
2206,2578,0.55696726
2206,2656,0.57437265
2206,2685,0.56539094
2206,2687,0.58191526
2206,2691,0.58798593
2206,2696,0.57252777
2206,2722,0.5516895
2206,2747,0.5647888
2206,2784,0.586416
2206,2800,0.5525092
2206,2863,0.5780053
2206,2870,0.6073894
2206,2872,0.5522482
2206,2930,0.56400156
2206,2953,0.6072209
2206,3013,0.61245924
2206,3016,0.57486945
2206,3021,0.5512246
2206,3025,0.56649196
2206,3082,0.5748085
2206,3089,0.5624788
2206,3216,0.5706459
2206,3279,0.55334634
2207,2344,0.5798818
2207,2440,0.5566913
2207,2622,0.5565449
2207,2953,0.55630505
2207,3177,0.56171954
2208,2219,0.56491303
2208,2606,0.5830642
2210,2212,0.5648786
2210,2850,0.5665708
2210,2916,0.5608926
2210,3024,0.5707261
2210,3130,0.62943816
2211,2358,0.60842216
2211,3056,0.56685936
2212,2261,0.591462
2212,2301,0.58159834
2212,2354,0.6380369
2212,2443,0.5931114
2212,2447,0.5854211
2212,2533,0.55329305
2212,2573,0.5896
2212,2752,0.5601691
2212,2755,0.5704552
2212,2787,0.5578061
2212,2849,0.58348846
2212,2850,0.6435187
2212,2863,0.5998275
2212,2920,0.580616
2212,2927,0.568858
2212,2985,0.5925971
2212,3016,0.5714991
2212,3029,0.5780711
2212,3080,0.64150023
2212,3083,0.55452573
2212,3105,0.5814542
2212,3117,0.5589211
2212,3130,0.62979484
2212,3135,0.5997055
2212,3173,0.58109653
2212,3300,0.5810818
2212,3303,0.61693174
2216,2488,0.5641502
2217,2474,0.563025
2217,2759,0.5751948
2218,2247,0.56169236
2218,2257,0.5552033
2218,2277,0.5594014
2218,2287,0.56471336
2218,2300,0.5570018
2218,2343,0.59466875
2218,2344,0.5789131
2218,2347,0.5977986
2218,2409,0.56730676
2218,2410,0.55989516
2218,2411,0.57471013
2218,2439,0.55220205
2218,2441,0.5718655
2218,2453,0.56531894
2218,2518,0.5787816
2218,2606,0.55809724
2218,2609,0.6035387
2218,2618,0.58808875
2218,2663,0.5614914
2218,2666,0.56986177
2218,2689,0.56279427
2218,2712,0.59665716
2218,2731,0.5701546
2218,2779,0.5520823
2218,2842,0.5842545
2218,2861,0.5532054
2218,2906,0.593521
2218,2928,0.5646304
2218,2930,0.55308783
2218,3003,0.6088015
2218,3025,0.564934
2218,3036,0.61993384
2218,3109,0.56786704
2218,3137,0.58348477
2218,3165,0.5518168
2218,3169,0.57399976
2218,3189,0.5905854
2218,3219,0.55539614
2219,2374,0.5837353
2219,2413,0.5653836
2219,2476,0.56763303
2219,2518,0.57753503
2219,2578,0.5597309
2219,2870,0.57374614
2219,2891,0.5935588
2219,2918,0.5786953
2219,2930,0.5770586
2219,2953,0.5930313
2219,3177,0.563123
2219,3182,0.56951237
2219,3256,0.55559886
2219,3280,0.55667007
2222,2262,0.5553652
2222,2281,0.5555942
2222,2358,0.5549623
2222,2609,0.55015314
2222,2747,0.55649614
2222,2850,0.5665927
2222,3165,0.5601386
2224,2320,0.5543213
2225,2252,0.8094801
2227,2356,0.5888206
2227,2531,0.57041645
2227,2968,0.5993244
2230,2293,0.56195
2230,2778,0.5685446
2232,2778,0.58156836
2233,2266,0.5866401
2233,3252,0.5633632
2235,2267,0.5687864
2238,2891,0.5521264
2238,2971,0.5570462
2240,2293,0.5515321
2240,2355,0.56801856
2240,2479,0.5739893
2240,2612,0.58565784
2240,2857,0.58684117
2240,2888,0.57710624
2241,3157,0.57636017
2242,2464,0.5988622
2243,2301,0.57305837
2243,2685,0.6249486
2243,2696,0.5772983
2243,2718,0.5829086
2243,2919,0.55729103
2243,3110,0.562777
2243,3141,0.5521159
2243,3216,0.57315683
2243,3304,0.5928722
2246,2331,0.5585867
2246,2398,0.566637
2246,2568,0.55536354
2247,2318,0.61018527
2247,2343,0.566272
2247,2414,0.57202387
2247,2618,0.554211
2247,2784,0.55218065
2247,2953,0.5718285
2247,3189,0.55966747
2248,2363,0.56003785
2248,2940,0.5584029
2249,2954,0.551539
2249,2998,0.5539016
2249,3031,0.5548917
2249,3089,0.58007807
2249,3156,0.5504984
2250,2473,0.56950593
2250,2531,0.5689133
2250,2847,0.5551097
2250,2968,0.5516515
2250,3100,0.5859202
2251,2300,0.554097
2251,2347,0.5713793
2251,2440,0.56890035
2251,2666,0.5841683
2251,2685,0.55256414
2251,2694,0.5533549
2251,2876,0.56309366
2251,2891,0.57135606
2251,2937,0.58140635
2251,3021,0.55262935
2251,3100,0.5684873
2251,3135,0.5591365
2251,3177,0.62948364
2251,3186,0.566982
2252,2284,0.5766718
2252,2300,0.5627879
2252,2442,0.56071925
2252,2453,0.57263446
2252,2464,0.6472337
2252,2580,0.588741
2252,2699,0.59167427
2252,2722,0.57551956
2252,2726,0.5848199
2252,2733,0.62937653
2252,2933,0.5570566
2253,2456,0.5672102
2253,2587,0.5655593
2253,2940,0.6041856
2254,2747,0.5512753
2256,2442,0.5566844
2256,2466,0.5749342
2256,2482,0.58423066
2256,2718,0.57251346
2256,2726,0.56628025
2256,2748,0.55008155
2256,2760,0.575066
2256,2854,0.5574145
2256,2953,0.56207776
2256,3109,0.5554757
2257,2300,0.58365273
2257,2343,0.6216177
2257,2410,0.56862813
2257,2441,0.55256
2257,2464,0.5509013
2257,2666,0.5773108
2257,2733,0.56883204
2257,3001,0.55142534
2257,3016,0.5790773
2257,3024,0.55999744
2257,3025,0.56404227
2257,3089,0.5537108
2257,3090,0.55019206
2257,3165,0.56260055
2257,3248,0.57226294
2257,3290,0.568176
2258,2305,0.55615747
2258,2339,0.5615813
2258,2358,0.5932133
2258,2473,0.5604247
2258,2521,0.5566004
2258,2522,0.6078942
2258,2533,0.5548432
2258,2656,0.5517429
2258,2720,0.6194866
2258,2755,0.57721806
2258,2849,0.58927965
2258,2850,0.5583688
2258,2957,0.5672531
2258,2973,0.55704176
2258,2982,0.5715018
2258,3016,0.55241907
2258,3083,0.55007726
2258,3098,0.641528
2258,3105,0.55339813
2258,3173,0.5620681
2261,2298,0.6113024
2261,2337,0.573092
2261,2410,0.57354593
2261,2420,0.5524058
2261,2508,0.56831396
2261,2523,0.55441767
2261,2656,0.55824256
2261,2787,0.57004297
2261,2920,0.5506908
2261,2937,0.5732345
2261,3013,0.55804706
2261,3015,0.5787919
2261,3080,0.55033565
2261,3219,0.57053876
2261,3300,0.5791408
2261,3303,0.5689138
2261,3304,0.57200754
2261,3305,0.5811667
2262,2298,0.59318274
2262,2337,0.58178127
2262,2354,0.5753612
2262,2358,0.5628755
2262,2395,0.56054586
2262,2434,0.58744377
2262,2442,0.5535255
2262,2514,0.5669662
2262,2533,0.5724621
2262,2573,0.6121111
2262,2638,0.55742705
2262,2718,0.5886213
2262,2720,0.5508913
2262,2727,0.55188173
2262,2752,0.5748816
2262,2755,0.6084798
2262,2850,0.5740954
2262,2863,0.60556495
2262,2925,0.5968022
2262,2926,0.5522727
2262,2927,0.6212226
2262,3009,0.5615418
2262,3045,0.58927035
2262,3056,0.5577276
2262,3080,0.5509781
2262,3089,0.55439484
2262,3104,0.633654
2262,3117,0.58830386
2262,3130,0.56826556
2262,3173,0.62509596
2262,3208,0.56122166
2262,3271,0.575999
2262,3279,0.5566777
2262,3300,0.55808973
2263,3179,0.57253397
2263,3232,0.56450534
2264,2383,0.55555785
2264,2425,0.5821146
2264,2568,0.57976043
2264,2618,0.5668195
2264,2733,0.5794618
2265,3021,0.5582119
2266,2331,0.5768482
2267,2576,0.609894
2267,3026,0.56891257
2268,2444,0.55122936
2268,2531,0.5743286
2268,2888,0.5637439
2268,3189,0.56243646
2268,3211,0.57750124
2272,2275,0.5690898
2272,2701,0.5755995
2272,3162,0.57588255
2273,2474,0.57593596
2273,2486,0.56789434
2273,3051,0.5519059
2274,2401,0.58611584
2274,2414,0.55139923
2274,2573,0.55785704
2274,2625,0.56682944
2274,2712,0.5517191
2274,3013,0.564268
2274,3089,0.58754236
2274,3257,0.5559936
2275,2582,0.5787168
2275,2701,0.61109275
2275,3124,0.5782793
2277,2656,0.55169934
2277,2799,0.56524247
2277,2845,0.5856346
2277,2863,0.5631783
2277,3016,0.5780507
2277,3099,0.5587661
2277,3234,0.62567973
2278,2320,0.5599116
2279,3157,0.5556567
2280,2587,0.55380726
2281,2350,0.5608549
2281,2387,0.5540163
2281,2442,0.60626626
2281,2468,0.57518506
2281,2494,0.5612929
2281,2573,0.59534365
2281,2609,0.5531607
2281,2615,0.5544877
2281,2646,0.55598724
2281,2672,0.56970084
2281,2718,0.59031934
2281,2726,0.5982071
2281,2802,0.5628502
2281,2850,0.57917833
2281,2864,0.5902746
2281,3022,0.5708846
2281,3025,0.55574894
2281,3080,0.5810522
2281,3104,0.59818465
2281,3130,0.5525726
2281,3213,0.5814129
2283,2315,0.5673707
2283,2657,0.5630833
2283,2710,0.56603223
2283,2969,0.6058162
2283,3105,0.56797993
2283,3178,0.5607542
2284,2287,0.58244234
2284,2300,0.562623
2284,2340,0.5922283
2284,2425,0.5740279
2284,2453,0.5626456
2284,2464,0.61839986
2284,2531,0.588691
2284,2609,0.5586955
2284,2684,0.56235766
2284,2726,0.559479
2284,2733,0.58329934
2284,2739,0.57430553
2284,2870,0.59106255
2284,2889,0.5849328
2284,3016,0.57735354
2284,3022,0.58840674
2284,3082,0.56370527
2284,3125,0.55199313
2284,3189,0.5580706
2287,2464,0.5775807
2287,2733,0.5710351
2287,2855,0.5505674
2287,2906,0.55051655
2287,3248,0.57615614
2288,2797,0.57342434
2292,2707,0.5727211
2292,2891,0.5793847
2292,3248,0.5971527
2292,3259,0.56053853
2293,2295,0.5642421
2293,2355,0.5500268
2293,2442,0.56080204
2293,2573,0.5669277
2293,2755,0.592771
2293,2872,0.56405497
2293,2888,0.56376445
2293,3098,0.5849179
2293,3099,0.552248
2293,3105,0.5710826
2293,3138,0.5573938
2294,2720,0.68581545
2295,2301,0.64131
2295,2324,0.56802714
2295,2345,0.618242
2295,2395,0.63765174
2295,2468,0.5930829
2295,2471,0.5778475
2295,2479,0.5761361
2295,2521,0.55022776
2295,2522,0.5739087
2295,2526,0.57251143
2295,2533,0.62111866
2295,2534,0.58200526
2295,2573,0.5834892
2295,2597,0.58402205
2295,2624,0.56031996
2295,2628,0.56646794
2295,2667,0.55141056
2295,2685,0.55950195
2295,2718,0.5727446
2295,2727,0.58750206
2295,2750,0.55381393
2295,2755,0.58386046
2295,2768,0.56347823
2295,2778,0.6088599
2295,2795,0.56561923
2295,2799,0.56534505
2295,2800,0.5577633
2295,2827,0.5728918
2295,2849,0.5579768
2295,2863,0.559837
2295,2914,0.56492466
2295,2916,0.58089435
2295,2919,0.57752746
2295,2920,0.60161257
2295,2925,0.55951434
2295,2927,0.61721957
2295,3001,0.56997037
2295,3009,0.635486
2295,3016,0.5731904
2295,3022,0.56419945
2295,3034,0.6777537
2295,3080,0.58303237
2295,3100,0.5887011
2295,3104,0.56467974
2295,3105,0.5753108
2295,3117,0.60045964
2295,3130,0.6508851
2295,3173,0.57795167
2295,3186,0.56182075
2295,3208,0.6079718
2295,3300,0.561368
2296,2583,0.5600965
2297,2597,0.59237206
2298,2410,0.55077577
2298,2434,0.5724449
2298,2479,0.5668969
2298,2508,0.5655065
2298,2685,0.56070644
2298,2933,0.5563731
2298,2937,0.55374414
2298,2996,0.5616162
2298,3134,0.56226707
2298,3193,0.5644946
2298,3270,0.57704294
2300,2408,0.5525515
2300,2463,0.55162144
2300,2464,0.6265594
2300,2618,0.57169163
2300,2726,0.58236337
2300,2733,0.58081865
2300,2876,0.5661323
2300,2971,0.58528185
2300,3177,0.5567899
2300,3186,0.55701977
2300,3285,0.56672895
2300,3290,0.57705176
2301,2364,0.60955787
2301,2447,0.62406015
2301,2525,0.56663567
2301,2526,0.57455474
2301,2533,0.5773154
2301,2727,0.5609148
2301,2732,0.5679327
2301,2755,0.5550655
2301,2778,0.5555804
2301,2800,0.58499277
2301,2839,0.5647986
2301,2850,0.55723953
2301,2919,0.5705853
2301,2923,0.569396
2301,2927,0.5758242
2301,3009,0.55108714
2301,3130,0.6192263
2301,3140,0.6107099
2301,3173,0.57059205
2303,2362,0.60052437
2303,3264,0.56315804
2305,2358,0.5501324
2305,2361,0.59716094
2305,2973,0.574795
2305,3080,0.5592232
2306,2474,0.5516418
2306,2633,0.5897258
2307,2443,0.5627741
2307,3079,0.55655086
2307,3237,0.565233
2309,2578,0.5505897
2309,3013,0.5713545
2309,3025,0.5648985
2309,3089,0.58047545
2309,3267,0.55058956
2310,2522,0.56647384
2311,2621,0.6076605
2311,2622,0.8354011
2313,2395,0.60255754
2313,2698,0.5621824
2313,2700,0.5702531
2313,2925,0.57521856
2313,3022,0.5564201
2313,3318,0.57251847
2314,2444,0.5505252
2314,2523,0.56845057
2314,2578,0.5761627
2314,2633,0.5545395
2314,2721,0.58091307
2314,2764,0.5865036
2314,2797,0.55115306
2314,2888,0.6002097
2314,2889,0.5785134
2314,2914,0.5692635
2314,2916,0.6180489
2314,3091,0.5753919
2314,3097,0.5820271
2314,3099,0.554705
2315,2657,0.55727994
2315,2764,0.5657336
2315,3091,0.5671373
2316,2500,0.5567875
2317,2473,0.55129796
2317,2531,0.55579096
2317,2817,0.56126016
2317,2847,0.5818968
2317,2851,0.56685424
2318,2338,0.5544141
2318,2340,0.55156124
2318,2358,0.5699425
2318,2361,0.5868108
2318,2410,0.5709265
2318,2531,0.5545129
2318,2609,0.57379746
2318,2698,0.58426285
2318,2863,0.5754958
2318,2870,0.5676506
2318,2890,0.65147007
2318,2953,0.57688236
2318,3001,0.5680079
2318,3080,0.60387737
2318,3279,0.5653381
2319,2606,0.59770674
2319,2847,0.55129904
2319,3091,0.58289945
2319,3100,0.5680842
2320,2335,0.5528543
2320,2374,0.55510485
2320,2524,0.5633463
2320,2569,0.55533564
2320,2633,0.5509602
2320,2689,0.56557053
2320,2694,0.562824
2320,2917,0.57917964
2320,2929,0.5532224
2320,3144,0.5608031
2320,3232,0.5721059
2320,3264,0.5934646
2320,3280,0.5532825
2321,2429,0.5890173
2321,2778,0.5716003
2321,2975,0.5858952
2321,3279,0.5627631
2322,2983,0.6698624
2323,2358,0.6034893
2323,2468,0.5732209
2323,3022,0.553118
2324,2533,0.595115
2324,2573,0.5585001
2324,2685,0.5730058
2324,2732,0.57345974
2324,2755,0.62480336
2324,2850,0.5551676
2324,2863,0.5746602
2324,3009,0.5694901
2324,3016,0.65892065
2324,3080,0.5630919
2324,3088,0.555657
2324,3100,0.559273
2324,3117,0.6078721
2324,3125,0.5762879
2324,3130,0.58853817
2324,3173,0.5623375
2325,2362,0.58246124
2325,2466,0.5564282
2325,2784,0.62988365
2325,2787,0.5765768
2325,3082,0.55008507
2326,2449,0.65004987
2326,2874,0.6144327
2326,3202,0.6415629
2328,2480,0.55179244
2328,3105,0.6546284
2329,2405,0.60059077
2329,2450,0.56156296
2330,2564,0.9966932
2331,2391,0.5751992
2334,2385,0.55440575
2336,2694,0.55319065
2336,2726,0.57953084
2337,2659,0.5707031
2337,2685,0.56312644
2337,2800,0.5709183
2337,2839,0.5742084
2337,3012,0.5547134
2338,2385,0.5513133
2338,2700,0.57301944
2338,2863,0.5837421
2338,3117,0.5504222
2338,3130,0.561718
2339,2395,0.55840874
2339,2410,0.56413144
2339,2434,0.60540485
2339,2473,0.5570751
2339,2499,0.5621542
2339,2525,0.58869755
2339,2533,0.58461535
2339,2578,0.5978912
2339,2579,0.597927
2339,2667,0.57428896
2339,2672,0.5540867
2339,2847,0.57332206
2339,2850,0.57940024
2339,2851,0.5523107
2339,2872,0.571129
2339,2888,0.56842744
2339,2893,0.56106675
2339,2914,0.6068816
2339,2916,0.5666083
2339,2927,0.5593496
2339,2932,0.5636568
2339,2973,0.5870571
2339,2982,0.5606605
2339,3013,0.57175946
2339,3021,0.5513329
2339,3024,0.57499325
2339,3080,0.6076509
2339,3089,0.5600888
2339,3098,0.6374055
2339,3099,0.6058749
2339,3100,0.59995306
2339,3104,0.5502692
2339,3117,0.6087575
2339,3173,0.5829334
2339,3208,0.55488765
2339,3211,0.5796766
2340,2361,0.5669895
2340,2646,0.5501306
2340,2749,0.5630427
2340,2833,0.5709703
2340,2890,0.5745203
2340,2914,0.5740404
2341,2649,0.5604178
2341,3308,0.55580616
2343,2347,0.6085623
2343,2358,0.5613103
2343,2410,0.55981565
2343,2518,0.5949678
2343,2875,0.5524663
2343,2891,0.5555376
2343,2911,0.5687697
2343,2971,0.5601363
2343,2991,0.5529761
2343,2997,0.5844478
2343,3001,0.5833366
2343,3003,0.5845713
2343,3006,0.56684875
2343,3016,0.6085558
2343,3024,0.5662733
2343,3025,0.56512946
2343,3078,0.5537433
2343,3080,0.5794722
2343,3154,0.5785054
2343,3186,0.6333362
2343,3209,0.61297876
2343,3234,0.56648505
2343,3248,0.55306375
2343,3290,0.56604785
2344,2461,0.6040151
2344,2466,0.5837458
2344,2505,0.58750653
2344,2633,0.554688
2344,2666,0.5682657
2344,2689,0.6776457
2344,2693,0.5597835
2344,2748,0.5702672
2344,2861,0.56011415
2344,2879,0.5563756
2344,2906,0.57947564
2344,2919,0.59823585
2344,3023,0.5859976
2344,3165,0.60204995
2344,3182,0.5586113
2344,3220,0.5790641
2344,3257,0.551532
2345,2444,0.573305
2345,2533,0.57080954
2345,2579,0.5548036
2345,2685,0.5645914
2345,2755,0.5606208
2345,2863,0.55932367
2345,2927,0.56475353
2345,2969,0.58453405
2345,3089,0.56261027
2345,3100,0.5535756
2345,3117,0.5703802
2345,3130,0.56363523
2345,3300,0.57554007
2347,2409,0.55055696
2347,2410,0.5840126
2347,2441,0.58848643
2347,2480,0.5583951
2347,2666,0.56095976
2347,2672,0.55356145
2347,2685,0.577031
2347,2710,0.5566152
2347,2712,0.5803989
2347,2799,0.5582273
2347,2842,0.583409
2347,2861,0.5915625
2347,2928,0.60419005
2347,2991,0.60425806
2347,2997,0.59196293
2347,3003,0.62856376
2347,3006,0.60029805
2347,3008,0.6349286
2347,3016,0.6115835
2347,3029,0.56356645
2347,3048,0.61826694
2347,3078,0.5571854
2347,3135,0.5590491
2347,3182,0.57297546
2347,3186,0.6584116
2347,3189,0.5703778
2347,3219,0.6139013
2347,3233,0.5534766
2347,3234,0.5821124
2347,3248,0.61966157
2347,3308,0.55472624
2347,3318,0.603982
2348,2711,0.6405848
2348,2885,0.58462745
2348,3109,0.64965886
2348,3280,0.57366973
2348,3282,0.5969541
2348,3286,0.5877429
2348,3288,0.56870437
2349,3135,0.563401
2350,2442,0.56492436
2350,2778,0.6223016
2350,3025,0.56222284
2350,3279,0.5586915
2350,3282,0.594692
2350,3283,0.614878
2352,3140,0.5660167
2354,2361,0.56255466
2354,2367,0.6017424
2354,2396,0.5526214
2354,2533,0.5516588
2354,2573,0.55726373
2354,2646,0.5600913
2354,2727,0.5755061
2354,2755,0.65364075
2354,2787,0.58002067
2354,2849,0.5667013
2354,2850,0.6364094
2354,2863,0.5523294
2354,2919,0.5640309
2354,2925,0.57282805
2354,2926,0.5653452
2354,2933,0.5547366
2354,3016,0.5501722
2354,3029,0.6082015
2354,3080,0.58212936
2354,3104,0.5923562
2354,3105,0.5637754
2354,3130,0.6374559
2354,3140,0.5926269
2354,3141,0.60614663
2354,3173,0.6080605
2354,3208,0.5500225
2354,3248,0.6002365
2354,3271,0.56375706
2354,3300,0.55570877
2354,3303,0.59835136
2354,3305,0.57488286
2355,2358,0.559471
2355,2390,0.56268966
2355,2442,0.5841346
2355,2573,0.55334973
2355,2578,0.56935465
2355,2672,0.5623611
2355,2682,0.57333344
2355,2815,0.5988343
2355,2857,0.6069846
2355,2872,0.57875144
2355,2888,0.56839144
2355,3080,0.56904995
2355,3089,0.5790199
2355,3098,0.5986228
2355,3138,0.5610198
2356,2432,0.61047256
2356,2968,0.61603606
2358,2361,0.5556808
2358,2392,0.5506478
2358,2473,0.5509137
2358,2531,0.5967634
2358,2578,0.5606718
2358,2609,0.5651469
2358,2642,0.55977553
2358,2672,0.5568427
2358,2687,0.5538758
2358,2720,0.5582988
2358,2747,0.5525615
2358,2778,0.561571
2358,2781,0.57724595
2358,2847,0.5581777
2358,2850,0.5963296
2358,2857,0.55331457
2358,2870,0.5899894
2358,2872,0.60369766
2358,2888,0.58845496
2358,2890,0.58667713
2358,2953,0.5728227
2358,2973,0.56947637
2358,3016,0.5710761
2358,3021,0.57621825
2358,3022,0.55750924
2358,3082,0.5538889
2358,3089,0.6144806
2358,3098,0.63033426
2358,3099,0.6090504
2358,3104,0.5658649
2358,3169,0.5621985
2358,3279,0.5629516
2359,2994,0.55541456
2359,3233,0.5597764
2361,2390,0.73725986
2361,2409,0.5531454
2361,2453,0.55006003
2361,2522,0.56476665
2361,2583,0.56353706
2361,2612,0.55491054
2361,2672,0.6152886
2361,2698,0.652459
2361,2847,0.5705917
2361,2857,0.6445712
2361,2863,0.5587618
2361,2888,0.61299604
2361,2890,0.69526684
2361,2914,0.5878784
2361,2926,0.5524738
2361,2961,0.5753856
2361,2973,0.66662025
2361,2982,0.6244595
2361,3024,0.5637983
2361,3080,0.59617525
2361,3089,0.5600059
2361,3098,0.5794983
2361,3105,0.59903723
2362,2915,0.5728674
2362,3317,0.5608263
2363,2442,0.602868
2363,2573,0.57788944
2363,2749,0.5794108
2363,2963,0.60208035
2363,3104,0.55301476
2363,3226,0.5834203
2363,3271,0.57100934
2364,2750,0.588966
2364,2787,0.59116554
2364,2849,0.61436874
2366,2618,0.5558312
2366,2663,0.55062693
2366,2739,0.57328415
2366,2773,0.5535451
2366,3022,0.56282556
2366,3248,0.5616325
2367,2764,0.5849825
2367,2914,0.5603397
2367,2939,0.6852189
2367,3029,0.64692926
2367,3035,0.6245812
2367,3130,0.5771796
2367,3300,0.59011656
2367,3303,0.59183264
2367,3304,0.59694344
2367,3305,0.5958921
2368,2444,0.64949334
2368,2575,0.5686071
2368,2579,0.5802981
2368,3089,0.600029
2369,2998,0.77693135
2371,2762,0.56798756
2371,2928,0.5544095
2371,3165,0.57650083
2371,3319,0.5504406
2372,2697,0.5652244
2373,2405,0.57822186
2373,2421,0.5639008
2373,2440,0.55491656
2373,2511,0.56112397
2373,3267,0.55350304
2374,2410,0.5733993
2374,2413,0.56770915
2374,2505,0.56150347
2374,2523,0.58317566
2374,2574,0.5535333
2374,2666,0.56738216
2374,2689,0.6914283
2374,2710,0.5604529
2374,2711,0.58518356
2374,2748,0.56524503
2374,2891,0.5978013
2374,2906,0.58016944
2374,2929,0.5519645
2374,2954,0.5631108
2374,2969,0.5502451
2374,2998,0.5506848
2374,3025,0.5535928
2374,3048,0.5715762
2374,3134,0.5659131
2374,3135,0.56701237
2374,3195,0.55258393
2374,3196,0.5902883
2374,3207,0.5833856
2374,3220,0.6022101
2374,3227,0.574041
2374,3248,0.57875216
2374,3256,0.5605128
2374,3257,0.58381873
2374,3264,0.5604564
2374,3267,0.55906534
2374,3268,0.5536128
2374,3280,0.55060834
2374,3288,0.5608832
2375,2568,0.56370586
2375,2625,0.5612215
2375,2685,0.5516529
2375,2847,0.58424103
2375,2854,0.6267885
2375,2861,0.55854726
2375,3099,0.554047
2375,3128,0.55090475
2375,3165,0.5668417
2375,3169,0.5546566
2375,3179,0.56254613
2375,3189,0.5802126
2375,3311,0.55375135
2375,3318,0.5635624
2376,2733,0.5612842
2376,3076,0.5733492
2376,3234,0.5601424
2377,2379,0.7470685
2377,2380,0.69982886
2377,2381,0.61235654
2377,3160,0.57173437
2379,2380,0.80897725
2379,2381,0.71015096
2380,2381,0.76168644
2383,2618,0.6193081
2383,2666,0.598125
2383,3248,0.55953825
2384,2474,0.55153984
2385,2414,0.5791747
2385,2968,0.60400176
2386,2630,0.5605484
2387,3025,0.5598238
2387,3089,0.5522069
2387,3248,0.55534285
2388,2449,0.5859896
2390,2522,0.5767188
2390,2573,0.55297446
2390,2612,0.56923807
2390,2667,0.5982497
2390,2672,0.61035883
2390,2685,0.5651737
2390,2698,0.6676924
2390,2700,0.5669454
2390,2755,0.5520599
2390,2816,0.5699471
2390,2850,0.5554122
2390,2857,0.6273707
2390,2872,0.5842329
2390,2888,0.57705474
2390,2890,0.63747025
2390,2893,0.56080294
2390,2916,0.55227435
2390,2925,0.5512192
2390,2953,0.5768722
2390,2973,0.74523985
2390,2982,0.5615384
2390,3016,0.5732978
2390,3080,0.6581737
2390,3098,0.62046576
2390,3105,0.58680177
2390,3174,0.5517556
2391,3003,0.5505618
2391,3219,0.5563055
2391,3234,0.5648083
2392,2453,0.57018304
2392,2542,0.5849906
2392,2726,0.5942116
2392,2861,0.5502682
2392,3089,0.5672235
2394,2478,0.5798655
2395,2425,0.5681068
2395,2440,0.5879064
2395,2479,0.59536994
2395,2506,0.58846915
2395,2597,0.5559151
2395,2625,0.6047374
2395,2671,0.56889284
2395,2685,0.5561395
2395,2718,0.5984164
2395,2755,0.55910945
2395,2863,0.5757739
2395,2925,0.55432844
2395,2927,0.59872055
2395,3022,0.57862854
2395,3025,0.5950354
2395,3034,0.6245669
2395,3099,0.5670538
2395,3104,0.5533923
2395,3318,0.6045742
2396,2914,0.5655267
2397,2593,0.6552825
2397,2762,0.588763
2397,2808,0.60517454
2397,2995,0.5776876
2397,3092,0.5525223
2398,2464,0.65519476
2398,2568,0.5568336
2398,2666,0.57834923
2398,2864,0.58516425
2398,3089,0.57573295
2398,3154,0.55587435
2398,3220,0.5617524
2398,3231,0.57081103
2398,3267,0.58570063
2398,3268,0.5892376
2398,3288,0.5629772
2399,3074,0.61559963
2400,2494,0.5685058
2401,2914,0.6173235
2402,2448,0.65362304
2405,2474,0.5844027
2405,2505,0.55577445
2405,2666,0.55500454
2405,2879,0.5557469
2405,3257,0.5969454
2406,2489,0.5815677
2406,2788,0.5587818
2406,2995,0.56910753
2407,2459,0.58342457
2407,2508,0.56358266
2407,2635,0.5716425
2407,2656,0.59463435
2407,2805,0.55182457
2407,3013,0.5832776
2408,2465,0.56170774
2408,2648,0.5560552
2408,2663,0.5515233
2408,2733,0.5719049
2408,2993,0.55545914
2408,2996,0.55129415
2408,3129,0.58395946
2409,2425,0.55555975
2409,2453,0.580828
2409,2518,0.5640975
2409,2583,0.5874086
2409,2618,0.56968737
2409,2762,0.5703614
2409,2842,0.5533299
2409,2861,0.5505538
2409,2914,0.55020255
2409,2939,0.58765006
2409,2995,0.5876974
2409,3016,0.5583138
2409,3099,0.5543183
2409,3189,0.5929431
2409,3226,0.5658704
2409,3259,0.5681315
2409,3267,0.55492985
2409,3274,0.56461054
2409,3302,0.55287224
2409,3310,0.5592136
2410,2441,0.57641816
2410,2443,0.5530401
2410,2480,0.5601609
2410,2492,0.55247366
2410,2609,0.5546609
2410,2666,0.6154244
2410,2685,0.6020683
2410,2696,0.5860944
2410,2710,0.55706275
2410,2726,0.5727346
2410,2748,0.55483866
2410,2787,0.56504834
2410,2817,0.5538218
2410,2863,0.55272436
2410,2915,0.5542722
2410,2932,0.6088168
2410,2933,0.5629101
2410,2991,0.5526432
2410,3003,0.5762272
2410,3014,0.55289
2410,3016,0.57791024
2410,3024,0.5698923
2410,3025,0.569188
2410,3042,0.555411
2410,3048,0.56855
2410,3053,0.5563821
2410,3080,0.6089661
2410,3135,0.62407756
2410,3168,0.5545913
2410,3186,0.57431203
2410,3189,0.5525316
2410,3216,0.59147274
2410,3219,0.55578303
2410,3226,0.55201
2410,3248,0.61296237
2410,3305,0.55373776
2411,2618,0.5588083
2411,2783,0.6229317
2411,2887,0.57411265
2411,3013,0.55141795
2411,3165,0.55118
2411,3200,0.555277
2412,2632,0.63666105
2412,2993,0.6121367
2413,2663,0.5622637
2413,2724,0.5636462
2413,2799,0.56329364
2413,2876,0.5888411
2413,2923,0.5509294
2413,2928,0.5594406
2413,3016,0.57933766
2413,3048,0.6149258
2413,3248,0.55174506
2414,2439,0.56442404
2414,2505,0.5756576
2414,2539,0.55941707
2414,2712,0.568457
2414,2725,0.6004641
2414,2747,0.5821433
2414,2864,0.5524639
2414,3025,0.5873353
2414,3089,0.5732237
2414,3181,0.58041644
2415,2573,0.5532893
2415,2805,0.5667918
2415,3098,0.5812777
2416,2460,0.83019054
2420,2612,0.55758095
2420,2685,0.55852723
2420,2850,0.5531651
2420,2996,0.5699256
2420,3015,0.5691138
2420,3051,0.5708246
2420,3124,0.58781695
2421,2450,0.5936814
2422,2879,0.5585408
2422,3182,0.5532148
2425,2453,0.5784922
2425,2496,0.57155
2425,2606,0.55536604
2425,2625,0.6080719
2425,2634,0.5651148
2425,2674,0.57924724
2425,2677,0.6158843
2425,2847,0.5533391
2425,2856,0.584196
2425,2861,0.58029854
2425,2870,0.5738777
2425,2882,0.60526735
2425,2889,0.5594684
2425,2939,0.5516145
2425,3001,0.5523503
2425,3022,0.5565387
2425,3025,0.60529906
2425,3082,0.5679297
2425,3089,0.573396
2425,3099,0.60859907
2425,3104,0.5781609
2425,3114,0.55818385
2425,3165,0.6064287
2425,3189,0.5553906
2425,3193,0.5575572
2425,3240,0.5599831
2425,3248,0.59315133
2425,3317,0.5522232
2425,3318,0.5704819
2426,2489,0.61663246
2426,2551,0.60460496
2426,2669,0.5660198
2426,2869,0.5596131
2426,3020,0.6430447
2428,2432,0.57023716
2428,2453,0.55806005
2429,2433,0.5855223
2429,3008,0.5603187
2429,3133,0.5591768
2431,2690,0.5554075
2431,2799,0.5596365
2431,2889,0.5522583
2431,3095,0.5859571
2431,3124,0.5681266
2432,2465,0.5772469
2432,2968,0.5500777
2432,3089,0.5778569
2434,2533,0.5698839
2434,2609,0.5608359
2434,2727,0.56203735
2434,2750,0.5612037
2434,2755,0.5905162
2434,2920,0.5552875
2434,2927,0.5865386
2434,3024,0.5932373
2434,3083,0.56149775
2434,3098,0.5711471
2434,3104,0.5655672
2434,3117,0.5731014
2434,3130,0.60215795
2434,3173,0.5538403
2436,2554,0.5615318
2436,2835,0.56595385
2436,3077,0.57625186
2438,2834,0.6586929
2438,2838,0.56312954
2439,2465,0.5954342
2439,2578,0.5537088
2439,2609,0.5602193
2439,3129,0.5519653
2440,2474,0.58671916
2440,2479,0.5796999
2440,2526,0.58039594
2440,2666,0.5797378
2440,2850,0.56405616
2440,2996,0.58989084
2440,3021,0.5883063
2440,3179,0.59453577
2440,3193,0.5555091
2440,3268,0.55406404
2441,2666,0.5568465
2441,3003,0.58217883
2441,3008,0.55019027
2441,3048,0.5820042
2441,3153,0.5505551
2441,3190,0.57666713
2441,3308,0.56347215
2442,2443,0.57247984
2442,2539,0.577297
2442,2573,0.66161233
2442,2597,0.58539534
2442,2726,0.59616953
2442,2792,0.567743
2442,2806,0.55269444
2442,2811,0.55351126
2442,2872,0.55974346
2442,2890,0.56398726
2442,2963,0.58930135
2442,2967,0.5731297
2442,2991,0.5659627
2442,3104,0.58388555
2442,3250,0.5819826
2442,3316,0.5550289
2443,2498,0.5660367
2443,2521,0.59876347
2443,2534,0.58140457
2443,2573,0.6127478
2443,2578,0.55771446
2443,2646,0.5724175
2443,2667,0.5685511
2443,2672,0.5613979
2443,2712,0.5814563
2443,2718,0.55284125
2443,2755,0.55921936
2443,2774,0.5575941
2443,2787,0.6310508
2443,2817,0.5821718
2443,2845,0.56730115
2443,2863,0.5889787
2443,2888,0.57213616
2443,2889,0.5526227
2443,2890,0.5700579
2443,2893,0.5932518
2443,2914,0.57900393
2443,2949,0.5564272
2443,2982,0.58480835
2443,3014,0.55762327
2443,3015,0.5840583
2443,3016,0.6091651
2443,3029,0.5882118
2443,3035,0.5817349
2443,3047,0.5605334
2443,3080,0.5856086
2443,3104,0.552782
2443,3105,0.5655936
2443,3124,0.56312
2443,3174,0.5968634
2443,3213,0.55167943
2443,3248,0.5598031
2443,3270,0.5649104
2443,3271,0.55220366
2443,3316,0.5650699
2444,2453,0.585608
2444,2521,0.5919835
2444,2573,0.5535074
2444,2579,0.6620406
2444,2583,0.5590315
2444,2625,0.62556934
2444,2663,0.6176141
2444,2692,0.55187714
2444,2700,0.58280647
2444,2774,0.5736581
2444,2847,0.5530779
2444,2857,0.5573952
2444,2863,0.59200025
2444,2890,0.5563029
2444,2914,0.5818782
2444,2916,0.5638223
2444,2982,0.55471087
2444,2996,0.5550718
2444,3060,0.56685054
2444,3080,0.5822395
2444,3089,0.6424191
2444,3099,0.577913
2444,3128,0.60532
2444,3174,0.55036694
2444,3211,0.56382275
2445,2773,0.56961995
2445,2891,0.55386794
2445,3001,0.55454063
2445,3165,0.5722641
2446,2827,0.563009
2448,2612,0.55718887
2449,2669,0.5697321
2449,2804,0.60367846
2449,3044,0.5653554
2449,3202,0.63183403
2450,2568,0.5586842
2450,2760,0.59478027
2450,2953,0.6099421
2450,3098,0.55392724
2452,2642,0.57200325
2453,2518,0.5566988
2453,2531,0.5719974
2453,2583,0.57173556
2453,2712,0.56119335
2453,2914,0.56228477
2453,3089,0.57035893
2453,3169,0.5760853
2453,3189,0.6342987
2453,3194,0.55834085
2454,2456,0.5878804
2454,2457,0.61208224
2455,2456,0.6429641
2455,2457,0.6814424
2455,2460,0.5750656
2456,2457,0.7170546
2457,2460,0.56638527
2457,2587,0.59875596
2459,2635,0.7832235
2459,2656,0.61438304
2459,2776,0.63407767
2460,2587,0.6009917
2461,2689,0.56148946
2461,3257,0.5587424
2463,2575,0.5575867
2463,2632,0.56015533
2463,2666,0.5521695
2463,2914,0.56757325
2463,2916,0.6060437
2463,3016,0.60889256
2463,3025,0.55388534
2463,3036,0.5523319
2463,3093,0.5677086
2463,3189,0.55130213
2464,2726,0.55189955
2464,2733,0.5732945
2464,2864,0.5509086
2464,2906,0.57649076
2464,2971,0.59169513
2464,3220,0.6174861
2464,3267,0.55501616
2464,3268,0.57423925
2466,2482,0.5856473
2466,2666,0.55840266
2466,2748,0.55486274
2466,2894,0.58741325
2466,3232,0.5506591
2466,3317,0.5708324
2468,2471,0.6155588
2468,2479,0.55699617
2468,2485,0.5506839
2468,2579,0.5512089
2468,2726,0.55027264
2468,2864,0.58017313
2468,2916,0.5825403
2468,2953,0.5747443
2468,2973,0.5676273
2468,3021,0.5566118
2468,3095,0.5859487
2468,3151,0.5516404
2468,3165,0.5657548
2470,2554,0.5512736
2470,2719,0.72639805
2470,2898,0.5533738
2471,2531,0.5894357
2471,2612,0.55578583
2471,2755,0.554964
2471,2816,0.5574006
2471,2889,0.57148874
2471,2914,0.5531496
2471,2916,0.5858258
2471,3104,0.6019616
2471,3117,0.5628468
2471,3130,0.5980045
2472,3232,0.5538229
2473,2522,0.5814532
2473,2573,0.6137479
2473,2578,0.5599714
2473,2645,0.5659197
2473,2698,0.61183345
2473,2712,0.55120105
2473,2755,0.56350124
2473,2801,0.5656231
2473,2806,0.5537687
2473,2817,0.55836225
2473,2828,0.5713278
2473,2847,0.6143186
2473,2849,0.62776405
2473,2862,0.5550721
2473,2863,0.5609033
2473,2872,0.5882565
2473,2914,0.5826023
2473,2916,0.62908316
2473,2925,0.58040994
2473,2930,0.5633247
2473,2932,0.5518525
2473,2982,0.5740654
2473,3013,0.56932837
2473,3024,0.63635457
2473,3035,0.6023159
2473,3038,0.56412345
2473,3080,0.59611815
2473,3095,0.61549544
2473,3098,0.58404577
2473,3100,0.5962318
2473,3200,0.6076701
2473,3211,0.6150824
2473,3300,0.58379877
2473,3304,0.59467876
2473,3305,0.56233025
2474,2575,0.56161404
2474,2633,0.56037885
2474,2672,0.57072026
2474,2765,0.5596034
2474,3015,0.6016904
2474,3256,0.5848534
2474,3257,0.561376
2474,3264,0.55900836
2476,2612,0.55158675
2476,2754,0.5668614
2476,3165,0.5594584
2477,3089,0.5626954
2479,2578,0.56272006
2479,2579,0.55009747
2479,2612,0.5554311
2479,2656,0.55035967
2479,2658,0.5665976
2479,2680,0.61707854
2479,2682,0.6299895
2479,2685,0.563031
2479,2691,0.6214014
2479,2755,0.5576228
2479,2779,0.5835898
2479,2850,0.5867603
2479,2888,0.56533873
2479,2893,0.58549076
2479,2914,0.58777094
2479,2920,0.5978023
2479,2927,0.60289484
2479,2930,0.59395957
2479,2953,0.55519485
2479,3013,0.5569845
2479,3021,0.5507728
2479,3022,0.5661259
2479,3035,0.5567576
2479,3089,0.5856372
2479,3098,0.56872815
2479,3099,0.5660562
2479,3104,0.58619845
2479,3169,0.56144714
2479,3173,0.59015846
2479,3279,0.5543002
2480,2710,0.6020378
2480,2923,0.5584458
2480,2928,0.58214056
2480,2991,0.574949
2480,3006,0.60377073
2480,3008,0.5799804
2480,3152,0.6185895
2480,3186,0.58174956
2480,3219,0.55649364
2480,3248,0.5507363
2480,3280,0.55475754
2481,2776,0.5623152
2481,2882,0.58934486
2482,2494,0.5685681
2484,3305,0.55167156
2485,2573,0.5560036
2485,2811,0.57092506
2485,2886,0.56936586
2485,2890,0.55741227
2486,3233,0.58517396
2486,3264,0.63285553
2488,2532,0.55234253
2488,2689,0.5601674
2488,2891,0.5630652
2488,3016,0.5593427
2488,3264,0.57832533
2489,2788,0.5951666
2489,2869,0.5704869
2490,2606,0.5571269
2491,3054,0.6129606
2491,3134,0.555786
2492,2726,0.55319726
2492,2748,0.60532117
2492,2870,0.56340724
2492,2954,0.5652423
2492,3109,0.5649529
2492,3114,0.57647914
2492,3267,0.58671385
2492,3311,0.60195863
2493,2500,0.5501382
2493,3279,0.56111646
2494,2526,0.5626496
2494,2573,0.564091
2494,2578,0.5533364
2494,2658,0.5550661
2494,2726,0.5507418
2494,2742,0.5523106
2494,2773,0.5922915
2494,2817,0.5946309
2494,2873,0.5589683
2494,2891,0.5604938
2494,2925,0.5743561
2494,2953,0.56116104
2494,3013,0.6049143
2494,3080,0.5725205
2494,3098,0.5586852
2494,3100,0.55430955
2494,3232,0.5500429
2494,3279,0.5556673
2496,2877,0.58831215
2496,3025,0.5803982
2496,3036,0.5507875
2496,3136,0.55421495
2498,2764,0.58000267
2498,2852,0.56419206
2498,2863,0.5828097
2498,2953,0.5649507
2498,3060,0.55077446
2499,2755,0.58821535
2499,2851,0.5964394
2499,2932,0.5544903
2499,3022,0.563061
2499,3088,0.5575787
2500,2694,0.57458496
2500,2773,0.56614816
2500,2921,0.557781
2505,2609,0.57896733
2505,2685,0.57554823
2505,2712,0.556021
2505,2787,0.570352
2505,2847,0.5718396
2505,2863,0.5567396
2505,2887,0.5549508
2505,3035,0.559477
2505,3080,0.5742326
2505,3089,0.5766915
2505,3092,0.55801713
2505,3099,0.55343556
2505,3105,0.5837593
2505,3141,0.55340534
2505,3165,0.5651894
2505,3277,0.5801628
2505,3300,0.55369437
2505,3304,0.59339964
2505,3305,0.58805764
2506,2573,0.7040373
2506,2597,0.5973468
2506,2718,0.6032561
2506,2927,0.57075787
2506,3001,0.56352437
2506,3056,0.5818057
2507,2864,0.5872015
2507,2916,0.55705774
2507,3194,0.57521284
2508,2787,0.56986254
2508,2805,0.5660125
2508,3013,0.62142724
2508,3080,0.5548061
2508,3089,0.5543554
2510,2568,0.60345703
2513,2591,0.57439697
2514,2573,0.59156543
2514,2755,0.57828856
2514,3130,0.5533323
2517,2578,0.5558745
2517,2606,0.60598314
2517,2615,0.5514976
2517,2891,0.55907047
2517,2991,0.580858
2517,3022,0.5611125
2517,3025,0.55065036
2517,3118,0.59767234
2517,3193,0.5656343
2517,3248,0.5531764
2518,2666,0.58519375
2518,2726,0.57160497
2518,2842,0.61782575
2518,2861,0.56135076
2518,2890,0.58579266
2518,2906,0.5605511
2518,2939,0.56812763
2518,2963,0.5692996
2518,3001,0.55566204
2518,3025,0.5659126
2518,3089,0.5567295
2518,3156,0.5512108
2518,3256,0.5785229
2518,3288,0.55139095
2518,3302,0.55232733
2518,3318,0.568239
2521,2573,0.58119667
2521,2667,0.60091966
2521,2857,0.5636621
2521,2888,0.5659232
2521,2914,0.56295824
2521,2959,0.5944631
2521,2982,0.5938338
2521,3098,0.5503398
2521,3104,0.57361335
2521,3173,0.55756736
2522,2573,0.6101836
2522,2575,0.60417783
2522,2672,0.56317747
2522,2698,0.59457594
2522,2700,0.59581184
2522,2726,0.5784658
2522,2755,0.5548792
2522,2847,0.58158946
2522,2857,0.6056641
2522,2872,0.58560294
2522,2888,0.58659285
2522,2890,0.58213013
2522,2893,0.6956668
2522,2914,0.6198541
2522,2916,0.6052748
2522,2926,0.58349454
2522,2927,0.5632217
2522,2953,0.59361506
2522,2973,0.5988342
2522,2982,0.6631182
2522,3016,0.582153
2522,3024,0.56570274
2522,3080,0.5528772
2522,3098,0.59721124
2522,3174,0.62211996
2522,3273,0.5637063
2523,2558,0.56173974
2523,2568,0.5846467
2523,2578,0.55143964
2523,2633,0.556995
2523,2689,0.5605298
2523,3015,0.5844498
2523,3025,0.5584035
2523,3109,0.5523393
2523,3209,0.55277956
2523,3258,0.58308226
2523,3270,0.5676552
2523,3271,0.55886555
2524,2706,0.5502346
2524,3195,0.56862706
2525,2732,0.56831336
2525,2752,0.55972266
2525,2755,0.5904541
2525,2844,0.5540834
2525,2850,0.5800599
2525,3045,0.5545193
2525,3080,0.6051445
2525,3100,0.6154915
2525,3105,0.5906764
2525,3117,0.581025
2525,3140,0.56573486
2525,3173,0.5706829
2525,3300,0.5908102
2526,2659,0.5677722
2526,3021,0.5682579
2526,3100,0.59037304
2527,2558,0.56903285
2527,2568,0.57029766
2527,3025,0.5504825
2528,3111,0.5649629
2530,2677,0.56627357
2530,2842,0.56756413
2531,2573,0.55580187
2531,2684,0.59160846
2531,2685,0.5642054
2531,2847,0.6038579
2531,2872,0.5857382
2531,2888,0.5532152
2531,2914,0.55528295
2531,2919,0.5655671
2531,2925,0.553357
2531,3016,0.5511062
2531,3022,0.5505618
2531,3035,0.55873936
2531,3080,0.56259507
2531,3089,0.5791135
2531,3104,0.55720073
2531,3130,0.5678857
2531,3211,0.5663802
2532,3178,0.55932444
2532,3294,0.5524471
2533,2667,0.56055754
2533,2672,0.5830245
2533,2685,0.55129087
2533,2727,0.5833304
2533,2752,0.60736096
2533,2755,0.64494526
2533,2778,0.6436248
2533,2795,0.58185565
2533,2800,0.6070217
2533,2839,0.59241104
2533,2850,0.6203861
2533,2857,0.55356014
2533,2916,0.55023265
2533,2920,0.6152729
2533,2926,0.59455395
2533,2927,0.6325602
2533,2937,0.5611749
2533,3009,0.6066407
2533,3033,0.558468
2533,3045,0.58593166
2533,3083,0.5863807
2533,3085,0.5977764
2533,3088,0.55298364
2533,3098,0.5662285
2533,3100,0.5602252
2533,3104,0.5786199
2533,3117,0.60687035
2533,3130,0.61262804
2533,3140,0.605034
2533,3173,0.61766744
2533,3208,0.5644335
2533,3224,0.5556895
2534,2573,0.5667347
2534,2726,0.5793388
2534,2973,0.55247736
2534,3009,0.57832265
2534,3022,0.601063
2534,3025,0.5534172
2534,3080,0.5532267
2534,3104,0.55848867
2534,3174,0.61302423
2534,3281,0.62485015
2536,3109,0.55062866
2537,2800,0.5532572
2537,2927,0.56496584
2537,3045,0.6077073
2538,2698,0.55124044
2538,2887,0.60130215
2538,3049,0.65574014
2539,2674,0.6208075
2539,2693,0.56433153
2539,2697,0.5668976
2539,3019,0.5631784
2539,3027,0.55723965
2539,3091,0.56244934
2539,3256,0.6062348
2540,2638,0.553884
2544,2644,0.60738844
2544,3252,0.64297235
2546,3100,0.5963849
2547,2715,0.590761
2547,3035,0.60664034
2549,2659,0.5809057
2549,2687,0.5881938
2549,2705,0.56946814
2549,2927,0.5617733
2549,3045,0.55452406
2549,3085,0.5663469
2550,2676,0.5632826
2550,2929,0.56216866
2551,2874,0.57844895
2553,3281,0.55421776
2554,2593,0.6369468
2554,2719,0.63815427
2558,2568,0.5713599
2558,2633,0.56656075
2558,2666,0.56834495
2558,2725,0.5800035
2558,2861,0.55760086
2558,3019,0.5722194
2558,3025,0.58487046
2558,3089,0.5713371
2558,3179,0.5600002
2558,3232,0.5583863
2558,3256,0.55328655
2558,3267,0.55341315
2559,2762,0.55569184
2559,2842,0.5513664
2559,3114,0.6127348
2559,3226,0.57479006
2559,3282,0.5682841
2560,3105,0.5588611
2560,3140,0.5705362
2566,3091,0.56008744
2566,3169,0.5586084
2566,3268,0.55300105
2567,2612,0.63848805
2568,2854,0.56016004
2568,2864,0.5552151
2568,2915,0.5547638
2568,3089,0.576179
2568,3261,0.5503866
2568,3267,0.5888965
2568,3268,0.5891031
2568,3310,0.5669639
2568,3317,0.5521045
2569,2585,0.55569375
2569,3196,0.5544671
2569,3233,0.55535555
2570,2914,0.57161826
2570,3024,0.599545
2570,3035,0.5568768
2570,3248,0.55414057
2570,3249,0.5986639
2571,3068,0.5833807
2572,3143,0.5879172
2573,2597,0.629097
2573,2646,0.6343789
2573,2671,0.5579028
2573,2672,0.56954354
2573,2699,0.5778575
2573,2700,0.56713146
2573,2718,0.65954095
2573,2720,0.56615293
2573,2722,0.61482114
2573,2726,0.5978725
2573,2742,0.5825501
2573,2755,0.6035532
2573,2857,0.55048716
2573,2863,0.6015747
2573,2872,0.5844244
2573,2890,0.63076454
2573,2893,0.5514803
2573,2914,0.567428
2573,2916,0.58529484
2573,2925,0.6152962
2573,2927,0.5986756
2573,2968,0.55996823
2573,3001,0.5691519
2573,3016,0.56814015
2573,3024,0.5506068
2573,3029,0.5787709
2573,3034,0.55547386
2573,3056,0.61588234
2573,3080,0.6564124
2573,3088,0.5850618
2573,3089,0.6181803
2573,3099,0.563434
2573,3100,0.55470186
2573,3104,0.608458
2573,3117,0.6007074
2573,3130,0.6358377
2573,3138,0.58815926
2573,3174,0.56696224
2573,3208,0.6458124
2573,3211,0.57890403
2573,3240,0.5598359
2573,3250,0.55815256
2573,3271,0.5636211
2573,3300,0.58586323
2573,3303,0.5842168
2573,3304,0.5591532
2574,2876,0.56397444
2574,3317,0.5510181
2575,2578,0.57154834
2575,2579,0.57096016
2575,2618,0.57618374
2575,2733,0.552843
2575,2888,0.55351436
2575,2914,0.56245184
2575,2916,0.57455814
2575,2973,0.5681151
2575,3089,0.56769645
2575,3098,0.6082785
2575,3105,0.5566207
2575,3281,0.5542519
2576,3026,0.58769226
2577,2754,0.5762999
2578,2582,0.57210827
2578,2657,0.5537833
2578,2667,0.55372643
2578,2687,0.57603383
2578,2791,0.5630847
2578,2854,0.552379
2578,2870,0.5525248
2578,2916,0.62255645
2578,2953,0.5922607
2578,2973,0.55045474
2578,3013,0.6426444
2578,3016,0.5883444
2578,3021,0.55586606
2578,3022,0.5603616
2578,3025,0.5951395
2578,3098,0.6123967
2578,3099,0.60900104
2578,3124,0.55738056
2578,3221,0.5764036
2579,2774,0.6263427
2579,2817,0.5897968
2579,2915,0.5557708
2579,2932,0.570489
2579,3089,0.64266765
2579,3100,0.6302652
2579,3117,0.5788677
2580,2684,0.55989736
2583,2783,0.5568302
2583,2893,0.5717073
2583,2914,0.5551418
2583,2939,0.5815106
2583,2995,0.5734218
2583,3010,0.55179584
2583,3024,0.6450542
2583,3035,0.57727927
2583,3080,0.55561924
2583,3082,0.5883965
2583,3099,0.5836638
2583,3104,0.56569356
2583,3270,0.58197016
2585,2818,0.5679078
2587,2834,0.55025405
2589,3219,0.57166845
2590,2593,0.6036397
2590,2771,0.5886924
2591,2829,0.56237304
2593,3074,0.56054276
2596,2933,0.6121689
2597,2778,0.5566967
2597,3034,0.63689184
2606,2625,0.5803873
2606,2814,0.5720165
2606,2863,0.55286974
2606,2873,0.55397403
2606,2891,0.5604383
2606,2925,0.5604504
2606,2930,0.64416933
2606,3002,0.58080244
2606,3022,0.5501963
2606,3060,0.57842404
2606,3080,0.57314324
2606,3089,0.5874506
2606,3091,0.61511517
2606,3100,0.5826584
2606,3118,0.6057684
2606,3137,0.587772
2606,3169,0.55922014
2606,3200,0.5591188
2606,3248,0.5831368
2606,3260,0.576156
2606,3305,0.56753975
2607,2906,0.5502752
2607,3220,0.5532265
2609,2642,0.57959783
2609,2762,0.56756747
2609,2787,0.57410216
2609,2863,0.5530769
2609,2880,0.56217617
2609,3016,0.57103455
2609,3022,0.58138597
2609,3024,0.56430346
2609,3025,0.56473
2609,3080,0.5641609
2609,3165,0.58753943
2609,3310,0.55633664
2612,2691,0.68020475
2612,2784,0.58433867
2612,3016,0.558791
2612,3104,0.5675004
2612,3105,0.62038064
2612,3165,0.55842763
2613,2762,0.57951677
2614,2806,0.5509651
2615,2623,0.55053097
2615,2685,0.57539
2615,2727,0.5628406
2615,2755,0.5801779
2615,2827,0.5866446
2615,2850,0.5837774
2615,3099,0.58013487
2615,3104,0.55919755
2615,3232,0.5609437
2618,2689,0.5550601
2618,2726,0.56780195
2618,2733,0.5782368
2618,2863,0.5888902
2618,2888,0.5614294
2618,2889,0.5692246
2618,2891,0.593378
2618,2914,0.5683658
2618,2928,0.56263554
2618,3109,0.5749186
2618,3125,0.55417746
2618,3165,0.6300566
2618,3169,0.58822167
2618,3189,0.5554812
2618,3248,0.55791897
2618,3290,0.61452556
2618,3310,0.570287
2621,2622,0.60521865
2623,2718,0.5574534
2623,2801,0.57499146
2623,2916,0.5663415
2623,2919,0.5565785
2623,3089,0.5798484
2623,3099,0.56585
2623,3113,0.5636016
2625,2663,0.5550599
2625,2677,0.5613413
2625,2863,0.59636134
2625,2889,0.577664
2625,3022,0.5585043
2625,3025,0.5727794
2625,3089,0.5772699
2625,3091,0.5906738
2625,3099,0.5813526
2625,3100,0.5587486
2625,3165,0.66638696
2625,3226,0.55001765
2625,3267,0.58186424
2625,3271,0.5503653
2625,3288,0.5601859
2625,3318,0.57039136
2626,3098,0.5835804
2628,2755,0.5539196
2628,2767,0.9722041
2628,2849,0.5718013
2628,2927,0.57752204
2628,3130,0.5566187
2629,2634,0.58983874
2630,2631,0.6285385
2632,2993,0.58958066
2633,2689,0.55755144
2633,2711,0.572315
2633,2725,0.55485713
2633,2822,0.55611575
2633,2998,0.55386895
2633,3096,0.58356553
2633,3109,0.5660131
2633,3207,0.5633396
2633,3256,0.5659416
2633,3267,0.55163217
2633,3280,0.5515847
2633,3281,0.56236297
2633,3288,0.5525006
2634,2882,0.59828365
2634,2909,0.6342599
2635,2656,0.647449
2638,2850,0.5679118
2638,3029,0.56462747
2642,2718,0.5755671
2642,2863,0.55532175
2642,2985,0.5816194
2642,3010,0.5605793
2642,3024,0.5639066
2642,3025,0.56020594
2642,3035,0.56063575
2643,2887,0.5551965
2643,3036,0.634519
2643,3070,0.5512942
2643,3169,0.56227726
2643,3226,0.5533292
2645,3091,0.55208457
2645,3135,0.56653
2646,2718,0.6592808
2646,2787,0.5635456
2646,2849,0.582245
2646,2925,0.6034074
2646,3024,0.57223654
2646,3029,0.5522481
2646,3080,0.56588125
2646,3089,0.576195
2646,3104,0.5929662
2646,3130,0.55670285
2646,3174,0.5652169
2647,2648,0.556774
2647,2993,0.5791557
2647,3129,0.6118775
2649,3095,0.5785444
2650,2873,0.56247807
2650,2942,0.57160497
2651,2993,0.5538069
2652,2682,0.5592556
2652,2722,0.5716907
2652,2727,0.5734302
2652,2925,0.5863662
2652,3080,0.5532936
2652,3186,0.5501486
2655,3165,0.5691458
2656,2806,0.560207
2656,2925,0.6015824
2656,2981,0.55122524
2656,3013,0.5937074
2656,3079,0.58152115
2656,3095,0.5559588
2656,3098,0.5678615
2657,2939,0.5600673
2657,3080,0.55311406
2658,2850,0.59644467
2658,2927,0.5803571
2658,2937,0.58516264
2659,2687,0.6147072
2659,2863,0.55404705
2659,3016,0.57694817
2659,3095,0.5512839
2659,3117,0.559597
2659,3173,0.55657315
2663,2711,0.6024566
2663,2739,0.5544728
2663,2851,0.6139169
2663,2854,0.56091595
2663,2863,0.5805699
2663,2889,0.5597399
2663,2930,0.5661956
2663,3016,0.56857455
2663,3025,0.5674434
2663,3059,0.557956
2663,3080,0.55437744
2663,3091,0.5850901
2663,3174,0.55004925
2666,2676,0.55147445
2666,2685,0.5940156
2666,2689,0.5779157
2666,2696,0.5665175
2666,2710,0.5774962
2666,2712,0.5913353
2666,2724,0.5990006
2666,2732,0.56580526
2666,2748,0.605707
2666,2752,0.55479705
2666,2772,0.57484484
2666,2774,0.56128764
2666,2842,0.5750767
2666,2861,0.59250677
2666,2870,0.55196553
2666,2876,0.5648528
2666,2879,0.559724
2666,2891,0.57164955
2666,2916,0.55929804
2666,2929,0.58806074
2666,2963,0.5739939
2666,2967,0.600983
2666,2998,0.60274893
2666,3003,0.6195862
2666,3009,0.5529059
2666,3010,0.5710684
2666,3016,0.5748594
2666,3021,0.5813908
2666,3023,0.55487955
2666,3025,0.6176896
2666,3048,0.6570852
2666,3070,0.62760204
2666,3071,0.5888799
2666,3089,0.57319593
2666,3100,0.57644814
2666,3135,0.57957304
2666,3153,0.58177245
2666,3181,0.577073
2666,3182,0.5807843
2666,3186,0.60093427
2666,3189,0.5547837
2666,3193,0.5546417
2666,3216,0.56807745
2666,3248,0.61334
2666,3264,0.59695333
2666,3266,0.5552033
2666,3267,0.5989113
2666,3268,0.5853162
2666,3281,0.5788586
2666,3288,0.5587104
2666,3302,0.58720624
2666,3318,0.59646255
2667,2700,0.5669228
2667,2844,0.55797195
2667,2863,0.5545565
2667,2925,0.5868584
2667,2973,0.62410355
2667,3016,0.5530224
2667,3022,0.55734193
2667,3080,0.6240845
2667,3098,0.56208766
2667,3142,0.60074145
2667,3174,0.5538145
2669,2756,0.5572618
2672,2698,0.6091836
2672,2763,0.5648016
2672,2845,0.55506366
2672,2850,0.6464039
2672,2857,0.6289656
2672,2868,0.5511962
2672,2872,0.5778822
2672,2888,0.60914314
2672,2890,0.5763781
2672,2893,0.56864125
2672,2916,0.5593142
2672,2961,0.586805
2672,2973,0.5766104
2672,3013,0.57140195
2672,3015,0.5868497
2672,3016,0.58214784
2672,3024,0.6430491
2672,3080,0.60591483
2672,3082,0.57717276
2672,3098,0.5837295
2672,3105,0.5717637
2672,3117,0.5669544
2672,3177,0.55469275
2673,3095,0.55393183
2673,3124,0.56356657
2674,2764,0.55001634
2674,3099,0.5576486
2676,2689,0.6127919
2676,2712,0.6130561
2676,2929,0.5811814
2676,3070,0.58616674
2676,3220,0.56138396
2677,2882,0.6055285
2677,2919,0.57324255
2677,2925,0.57415634
2680,2682,0.7120482
2680,2727,0.55831105
2680,2927,0.5540282
2680,3104,0.55346227
2681,3297,0.58312726
2682,2698,0.5541949
2682,2727,0.6187277
2682,2755,0.57082105
2682,2816,0.5738245
2682,2847,0.56571704
2682,2857,0.56537265
2682,2914,0.5552681
2682,2916,0.57281923
2682,2927,0.5701225
2682,3013,0.5590621
2682,3019,0.5811826
2682,3024,0.55470634
2682,3089,0.585067
2682,3104,0.6417923
2682,3130,0.5538969
2684,2699,0.60314226
2684,2761,0.5545144
2684,2838,0.5808847
2684,2956,0.56580645
2684,3089,0.56178796
2685,2724,0.55230224
2685,2747,0.5734929
2685,2755,0.59697723
2685,2774,0.5654957
2685,2778,0.59834445
2685,2817,0.57940805
2685,2847,0.5509618
2685,2849,0.56893486
2685,2863,0.55561197
2685,2870,0.60497355
2685,2872,0.586096
2685,2919,0.5664114
2685,2937,0.5661085
2685,2996,0.62188375
2685,3002,0.57152444
2685,3003,0.5600759
2685,3009,0.5722127
2685,3012,0.597492
2685,3016,0.6001127
2685,3025,0.5769181
2685,3048,0.57642674
2685,3060,0.567197
2685,3080,0.5819568
2685,3082,0.55958766
2685,3089,0.560825
2685,3100,0.67458254
2685,3104,0.5865667
2685,3117,0.5900003
2685,3130,0.57931495
2685,3139,0.56644106
2685,3165,0.57350767
2685,3186,0.5674938
2685,3190,0.55470586
2685,3211,0.5581491
2685,3234,0.5593277
2685,3248,0.5935463
2685,3270,0.5609996
2685,3300,0.57222545
2685,3304,0.6053934
2685,3305,0.56102014
2687,2915,0.55226046
2687,2930,0.6425736
2687,2953,0.61528856
2687,3021,0.56010675
2687,3095,0.58170944
2687,3279,0.55915785
2688,2748,0.58719677
2688,2891,0.5607104
2688,2971,0.57595754
2688,3266,0.5512003
2689,2712,0.6007935
2689,2748,0.5716847
2689,2787,0.5586399
2689,2863,0.58604205
2689,2891,0.56366277
2689,2906,0.5706127
2689,2928,0.5791352
2689,2929,0.5704463
2689,3003,0.5718919
2689,3014,0.5685384
2689,3023,0.5745992
2689,3048,0.5684106
2689,3070,0.59263897
2689,3105,0.56144965
2689,3109,0.55723256
2689,3135,0.57712185
2689,3155,0.5604308
2689,3165,0.6145555
2689,3181,0.5652708
2689,3196,0.5608654
2689,3207,0.56924784
2689,3220,0.59799206
2689,3233,0.6133994
2689,3248,0.5713891
2689,3257,0.5655813
2689,3264,0.59584016
2689,3267,0.5845964
2689,3268,0.57708395
2689,3280,0.5646453
2689,3282,0.5694126
2689,3292,0.5577121
2689,3302,0.55869055
2689,3310,0.58198905
2691,2927,0.56192446
2693,3311,0.59206283
2694,2891,0.55522335
2694,2928,0.5508766
2694,2997,0.56104255
2694,3186,0.5522678
2694,3233,0.5606595
2696,2800,0.55327344
2696,3089,0.55249655
2696,3104,0.557226
2696,3216,0.99730456
2696,3232,0.5690852
2697,2724,0.55807054
2697,2876,0.58787346
2697,2923,0.617836
2697,2929,0.6794298
2697,3021,0.55214375
2697,3048,0.58974504
2697,3142,0.5914335
2697,3155,0.70800805
2697,3318,0.55469286
2698,2700,0.61575925
2698,2801,0.55725825
2698,2847,0.60693604
2698,2863,0.57862765
2698,2872,0.61775845
2698,2888,0.5766177
2698,2890,0.6240489
2698,2914,0.5731656
2698,2916,0.59861404
2698,2953,0.56748474
2698,2973,0.63517976
2698,2982,0.57857686
2698,3080,0.6014661
2698,3082,0.55574906
2698,3093,0.6028587
2698,3095,0.604139
2698,3098,0.6067058
2698,3105,0.5574951
2698,3117,0.5720663
2698,3139,0.57534087
2699,2890,0.5518539
2700,2845,0.55409706
2700,2857,0.5687986
2700,2888,0.57442355
2700,2890,0.590115
2700,2914,0.5888076
2700,2916,0.6772567
2700,2925,0.55552614
2700,2939,0.59719986
2700,2953,0.55307484
2700,2982,0.6457271
2700,3080,0.5727544
2700,3098,0.5629705
2700,3174,0.557036
2700,3211,0.56101495
2701,2713,0.5644348
2702,2913,0.5806546
2706,3014,0.5704398
2706,3186,0.5539909
2706,3234,0.56168294
2707,2891,0.5610181
2707,3087,0.56704664
2707,3248,0.5507299
2708,3257,0.5565163
2710,2712,0.5716164
2710,2861,0.5976747
2710,2891,0.5967953
2710,2906,0.6075578
2710,2929,0.5588052
2710,3003,0.56494075
2710,3006,0.6017847
2710,3008,0.6339061
2710,3070,0.5571232
2710,3087,0.5677627
2710,3193,0.5529959
2710,3196,0.55605376
2710,3220,0.551813
2710,3233,0.5841918
2710,3248,0.55314255
2710,3302,0.58912283
2711,2885,0.56038797
2711,2999,0.55273724
2711,3091,0.5674211
2711,3109,0.65322626
2711,3207,0.6356802
2711,3278,0.59294206
2711,3280,0.5897125
2711,3281,0.57536376
2711,3282,0.6030476
2711,3283,0.5769458
2711,3284,0.5567916
2711,3286,0.5755136
2711,3288,0.6576219
2711,3289,0.6022068
2712,2748,0.5738101
2712,2787,0.56918514
2712,2862,0.59775734
2712,2863,0.5677879
2712,2954,0.5522177
2712,2991,0.5964439
2712,3016,0.5693196
2712,3080,0.58299804
2712,3096,0.5941715
2712,3165,0.5795282
2712,3189,0.5812234
2712,3219,0.55212665
2712,3220,0.6522821
2712,3305,0.553514
2715,2880,0.5693443
2715,3035,0.6388477
2716,2789,0.5626282
2718,2801,0.5549947
2718,2816,0.61405176
2718,2847,0.56270677
2718,2925,0.5635373
2718,2927,0.589161
2718,3018,0.55806416
2718,3060,0.56661224
2718,3080,0.5871223
2718,3089,0.6307337
2718,3104,0.6003577
2718,3130,0.6085957
2718,3186,0.5502113
2718,3208,0.5875926
2718,3304,0.56424546
2718,3317,0.564265
2719,2898,0.6213361
2720,2850,0.55250514
2720,3105,0.560057
2722,2755,0.5543222
2722,2976,0.55321056
2722,3080,0.55038613
2723,2824,0.5989296
2724,2732,0.55320114
2724,2876,0.6033698
2724,2888,0.5931406
2724,2928,0.58797836
2724,2929,0.5682595
2724,3003,0.5515324
2724,3016,0.55040413
2724,3048,0.5797936
2724,3080,0.5531988
2724,3155,0.55124855
2724,3186,0.551221
2724,3216,0.5543768
2724,3234,0.58719563
2724,3248,0.5802249
2725,3256,0.5660504
2726,2733,0.5709015
2726,2764,0.5566838
2726,2817,0.5677738
2726,2842,0.55745566
2726,2852,0.56352186
2726,2854,0.58263505
2726,2861,0.5731031
2726,2887,0.5976139
2726,2889,0.55553603
2726,2890,0.56935215
2726,2893,0.58863044
2726,2908,0.55378556
2726,2916,0.55362725
2726,2939,0.55127203
2726,2953,0.5997981
2726,3010,0.5729513
2726,3022,0.5577769
2726,3025,0.59587777
2726,3036,0.5562402
2726,3080,0.5672949
2726,3097,0.55527693
2726,3099,0.55617034
2726,3104,0.56793773
2726,3114,0.5568385
2726,3209,0.55938756
2726,3226,0.5951966
2726,3288,0.56636864
2726,3311,0.55034554
2726,3317,0.57508844
2727,2752,0.6182134
2727,2755,0.6691863
2727,2778,0.58353984
2727,2800,0.5568504
2727,2827,0.5951991
2727,2839,0.5774369
2727,2849,0.6029407
2727,2850,0.5585925
2727,2916,0.5794524
2727,2920,0.593249
2727,2925,0.56013143
2727,2926,0.5605632
2727,2927,0.585097
2727,2957,0.6457937
2727,3009,0.56572515
2727,3045,0.6306531
2727,3083,0.5631928
2727,3104,0.62644875
2727,3130,0.6026026
2727,3173,0.66630197
2727,3216,0.55525804
2727,3300,0.56470746
2727,3306,0.56358814
2729,2736,0.6946901
2731,2930,0.57299376
2731,3008,0.5569148
2731,3095,0.56328946
2731,3177,0.5547148
2731,3189,0.56266415
2732,2755,0.6214136
2732,2828,0.56297445
2732,2850,0.5622283
2732,2863,0.56485754
2732,2923,0.5734558
2732,2928,0.59073913
2732,3003,0.56539136
2732,3016,0.5951487
2732,3021,0.58621347
2732,3140,0.56116736
2732,3186,0.5783998
2733,2735,0.5583791
2733,2891,0.58105767
2733,3109,0.5575397
2733,3139,0.5692102
2733,3169,0.5671896
2733,3179,0.55501485
2733,3232,0.5708831
2733,3248,0.5723763
2738,2778,0.55142283
2738,3104,0.597958
2739,2916,0.56898254
2739,3016,0.5543572
2739,3022,0.5879894
2739,3025,0.56966835
2739,3032,0.5573684
2739,3099,0.5610686
2739,3291,0.5756556
2742,2862,0.559358
2742,2925,0.56274664
2742,3013,0.57387394
2742,3089,0.58440065
2742,3194,0.55344707
2742,3279,0.55633885
2747,2817,0.5889501
2747,2893,0.5589316
2747,2908,0.5732478
2747,3016,0.5871917
2747,3089,0.561338
2747,3099,0.5647503
2748,2861,0.5883572
2748,2929,0.56942976
2748,2954,0.57564837
2748,3042,0.5598364
2748,3043,0.5599421
2748,3091,0.5610349
2748,3220,0.60229695
2748,3248,0.5760522
2748,3267,0.5853723
2749,3185,0.6910136
2749,3199,0.66071355
2750,2778,0.564452
2750,2920,0.5570227
2750,2927,0.5680312
2750,3130,0.5663585
2751,2818,0.5847285
2751,3193,0.64147276
2752,2755,0.59887147
2752,2800,0.628446
2752,2839,0.6188961
2752,2850,0.5736176
2752,2920,0.5592759
2752,2927,0.5684222
2752,3033,0.55637836
2752,3045,0.61298823
2752,3083,0.5627398
2752,3117,0.5944152
2752,3130,0.5755404
2752,3173,0.55167955
2752,3186,0.5742241
2752,3306,0.5677488
2755,2764,0.5555904
2755,2768,0.5698342
2755,2775,0.55654997
2755,2778,0.5713655
2755,2827,0.5518321
2755,2839,0.6177268
2755,2844,0.5514823
2755,2849,0.573522
2755,2850,0.6237049
2755,2863,0.5989676
2755,2872,0.5828633
2755,2888,0.6062099
2755,2893,0.563246
2755,2916,0.6249951
2755,2926,0.5705267
2755,2927,0.6302488
2755,2957,0.59345603
2755,3009,0.5707592
2755,3016,0.59014213
2755,3022,0.61214274
2755,3033,0.5793191
2755,3045,0.57826287
2755,3056,0.5565581
2755,3080,0.56817186
2755,3083,0.66790915
2755,3085,0.56320053
2755,3088,0.6000562
2755,3098,0.5817263
2755,3099,0.55653465
2755,3104,0.6017298
2755,3105,0.56801975
2755,3117,0.62014544
2755,3125,0.6613938
2755,3130,0.65545225
2755,3138,0.5695641
2755,3140,0.6207238
2755,3173,0.62537086
2755,3194,0.5786855
2755,3208,0.5897558
2755,3211,0.6310531
2755,3248,0.5712745
2755,3300,0.6331681
2755,3303,0.5550649
2755,3304,0.5974678
2755,3305,0.5962864
2759,2802,0.5600182
2759,3257,0.5642655
2760,2953,0.5741862
2762,2808,0.6740798
2762,2829,0.5558994
2762,2861,0.5590507
2762,2869,0.5645727
2762,2887,0.56501704
2762,2995,0.5616765
2762,3092,0.59688556
2762,3104,0.56124955
2762,3114,0.5742762
2762,3165,0.5801064
2762,3169,0.5768643
2763,2799,0.5643049
2763,2863,0.5500261
2763,3016,0.56042004
2763,3124,0.5603583
2764,2847,0.56624705
2764,2863,0.59426457
2764,2914,0.5774454
2764,2916,0.5892851
2764,2939,0.58210087
2764,2953,0.56682736
2764,3091,0.56215674
2764,3099,0.566195
2764,3128,0.55675644
2764,3206,0.5648923
2764,3211,0.5543449
2765,2766,0.5575097
2765,2971,0.58788466
2765,3220,0.5632789
2765,3267,0.55306125
2766,3053,0.55483615
2767,2849,0.5548967
2767,2927,0.5744965
2768,2927,0.5549946
2768,3022,0.60406315
2768,3080,0.5730986
2772,3133,0.553589
2772,3193,0.62824184
2773,3099,0.55404705
2773,3124,0.5507413
2774,2850,0.57504386
2774,3029,0.56100404
2774,3100,0.5574564
2774,3124,0.567768
2774,3130,0.56042767
2774,3248,0.5509436
2775,2916,0.55575407
2775,3142,0.55670506
2776,2953,0.55378556
2777,2811,0.5723584
2777,3089,0.55353564
2777,3095,0.5638371
2778,2872,0.58446133
2778,2927,0.57162035
2778,3009,0.56497455
2778,3025,0.55173737
2778,3045,0.5675632
2778,3085,0.61352384
2778,3104,0.6018395
2778,3117,0.5923872
2778,3130,0.58870584
2778,3173,0.5699972
2778,3186,0.5539623
2781,3089,0.5597507
2781,3267,0.56724286
2783,2886,0.5651643
2783,2887,0.55820477
2787,2834,0.5546223
2787,2849,0.56556785
2787,2863,0.57946485
2787,2954,0.5639491
2787,3014,0.5714023
2787,3024,0.5532378
2787,3029,0.56681675
2787,3047,0.59802526
2787,3049,0.5503249
2787,3053,0.6178452
2787,3080,0.57538533
2787,3105,0.5654127
2787,3135,0.60890687
2787,3193,0.5709156
2787,3270,0.5962289
2787,3303,0.56422746
2787,3305,0.57658815
2789,2833,0.5785765
2789,2836,0.60172826
2789,2854,0.56308854
2789,3174,0.6331854
2790,2862,0.56089187
2790,2991,0.55734
2791,2998,0.56975365
2791,3021,0.55268323
2791,3142,0.57843244
2795,3140,0.55138415
2798,3117,0.6447442
2798,3130,0.55702114
2798,3140,0.5754998
2799,2828,0.55268335
2799,2863,0.5682006
2799,2876,0.5898849
2799,2928,0.6656286
2799,3015,0.55707043
2799,3016,0.5909363
2799,3025,0.5582187
2799,3080,0.56854844
2799,3124,0.58277833
2799,3165,0.56228954
2799,3186,0.6116987
2799,3219,0.5988734
2799,3234,0.6189905
2800,2839,0.76791215
2800,2927,0.58947647
2800,2937,0.55532247
2800,3045,0.6282102
2801,2849,0.5728307
2801,2890,0.58492905
2801,3080,0.56414145
2801,3089,0.6115104
2802,3318,0.5747048
2804,3202,0.56487143
2805,3089,0.55110383
2805,3094,0.61520857
2806,2844,0.5710712
2806,2872,0.55984193
2806,3001,0.5644294
2806,3016,0.5770888
2806,3082,0.5714098
2806,3098,0.55392134
2807,2906,0.56534433
2809,2891,0.55456793
2814,2930,0.5784069
2816,2847,0.60892075
2816,2889,0.56356245
2816,2890,0.5555574
2816,2914,0.578369
2816,2968,0.5682959
2816,2982,0.57149196
2816,3022,0.55550754
2816,3089,0.55974495
2816,3208,0.5573189
2817,2893,0.55343187
2817,2932,0.63692194
2817,2971,0.5529585
2817,2996,0.5749039
2817,3002,0.59539545
2817,3032,0.57732403
2817,3080,0.5966439
2817,3089,0.5529432
2817,3117,0.55475944
2817,3232,0.566725
2818,2891,0.57593036
2818,3126,0.598488
2818,3133,0.55573195
2818,3134,0.56754583
2818,3157,0.564331
2818,3177,0.5505307
2819,3123,0.5573081
2820,2925,0.5706395
2825,3057,0.5891017
2827,2927,0.5797338
2827,3045,0.57356894
2827,3104,0.5792551
2827,3208,0.585409
2828,2928,0.57096416
2828,2930,0.5588474
2828,3002,0.5523119
2828,3003,0.57329535
2828,3016,0.55172276
2828,3021,0.56024367
2828,3080,0.58278966
2828,3095,0.5684147
2828,3219,0.61413175
2828,3281,0.5502883
2830,3049,0.5661093
2831,2861,0.5610062
2831,3196,0.5877888
2834,2837,0.68022084
2834,2838,0.7535932
2834,2861,0.56494343
2834,2877,0.57352495
2834,3082,0.56905353
2834,3114,0.5762322
2834,3156,0.55842936
2834,3181,0.562487
2836,3174,0.585544
2837,2838,0.6588813
2839,2927,0.58647525
2839,3045,0.5988379
2839,3140,0.57090724
2842,2861,0.56196225
2842,2906,0.5601859
2842,3025,0.55345565
2842,3036,0.56486094
2842,3127,0.55153525
2842,3169,0.5566429
2842,3282,0.56098276
2842,3302,0.56526273
2842,3318,0.55870783
2844,2850,0.55661005
2844,3098,0.57345635
2844,3142,0.5838823
2844,3173,0.5500039
2845,2886,0.614609
2845,3016,0.5517076
2845,3105,0.56252575
2845,3234,0.58314556
2847,2893,0.56907
2847,2914,0.649271
2847,2916,0.5840752
2847,2932,0.5785428
2847,2973,0.55611885
2847,2982,0.5608094
2847,2996,0.55138004
2847,3022,0.56884736
2847,3038,0.55376595
2847,3079,0.55226207
2847,3080,0.5537368
2847,3082,0.55588526
2847,3089,0.5913802
2847,3095,0.5657965
2847,3098,0.5803592
2847,3117,0.56289816
2847,3169,0.55756295
2847,3174,0.55041206
2847,3211,0.57355744
2849,2925,0.6652181
2849,2926,0.6348939
2849,2927,0.6107396
2849,3038,0.5648571
2849,3080,0.5683576
2849,3098,0.6025025
2849,3100,0.5531744
2849,3104,0.5598961
2849,3105,0.5508496
2849,3117,0.5810092
2849,3130,0.56918526
2849,3173,0.5993711
2849,3300,0.5647525
2850,2857,0.59024274
2850,2876,0.5509466
2850,2888,0.55701447
2850,2920,0.5594584
2850,2925,0.5800929
2850,2926,0.5674628
2850,2927,0.57270557
2850,2937,0.5947858
2850,2966,0.56926715
2850,3024,0.5531559
2850,3037,0.559844
2850,3080,0.602726
2850,3083,0.6175736
2850,3088,0.5666393
2850,3099,0.575426
2850,3104,0.5637542
2850,3105,0.58565164
2850,3130,0.60607076
2850,3140,0.55745107
2850,3173,0.61603343
2850,3208,0.5563266
2851,2932,0.59452486
2852,2854,0.55536133
2852,3164,0.5541855
2852,3317,0.7772156
2854,3089,0.55174243
2854,3256,0.55256593
2854,3318,0.5656467
2855,3291,0.6035859
2856,3253,0.589296
2857,2868,0.7417534
2857,2888,0.6938443
2857,2890,0.5841395
2857,2893,0.5592544
2857,2914,0.59172845
2857,2916,0.5542773
2857,2973,0.583601
2857,2982,0.64118254
2857,3024,0.5796196
2857,3080,0.55454844
2857,3083,0.6094258
2857,3098,0.6262802
2857,3104,0.56656617
2857,3211,0.55782425
2858,2966,0.55073947
2861,2887,0.56091976
2861,2906,0.56595206
2861,2916,0.5520879
2861,2963,0.5880706
2861,2991,0.5506332
2861,2995,0.59223706
2861,3006,0.55480736
2861,3070,0.5649868
2861,3091,0.5828589
2861,3104,0.5690539
2861,3114,0.58668864
2861,3127,0.562009
2861,3169,0.57447726
2861,3220,0.5838145
2861,3248,0.59713167
2861,3267,0.60090166
2861,3281,0.5593845
2861,3282,0.5639176
2861,3288,0.5983972
2861,3302,0.5618621
2862,2886,0.58685905
2862,3038,0.5615949
2862,3188,0.57668567
2863,2870,0.5950497
2863,2890,0.5502205
2863,2893,0.568204
2863,2914,0.56757605
2863,2916,0.5691264
2863,2925,0.5848487
2863,2928,0.59020984
2863,2930,0.575539
2863,2976,0.5692342
2863,3002,0.56127477
2863,3007,0.55624247
2863,3014,0.57193863
2863,3016,0.6643574
2863,3022,0.56395996
2863,3035,0.55884856
2863,3038,0.6032964
2863,3080,0.6435509
2863,3091,0.57167786
2863,3095,0.5793816
2863,3099,0.5802991
2863,3100,0.5903015
2863,3104,0.55532944
2863,3105,0.56784505
2863,3117,0.60635865
2863,3124,0.58417505
2863,3125,0.5767686
2863,3130,0.5735227
2863,3135,0.5587284
2863,3165,0.5648882
2863,3173,0.5813602
2863,3177,0.5532193
2863,3186,0.5745802
2863,3189,0.583079
2863,3211,0.5610697
2863,3300,0.60876316
2863,3303,0.55597675
2863,3305,0.57606584
2864,3080,0.56298065
2864,3089,0.5651383
2864,3104,0.553318
2865,2880,0.6227145
2868,2888,0.5521151
2868,2890,0.56106454
2870,2872,0.67148334
2870,2930,0.5684981
2870,3016,0.654261
2870,3022,0.574295
2870,3025,0.62561727
2870,3080,0.55983
2870,3082,0.68715155
2870,3189,0.55317116
2870,3279,0.5802982
2872,2888,0.60271215
2872,2916,0.5660663
2872,2973,0.57290137
2872,3016,0.62870246
2872,3024,0.57455885
2872,3025,0.55356556
2872,3080,0.6176647
2872,3082,0.66629606
2872,3098,0.6178489
2872,3099,0.5546373
2872,3117,0.57385504
2872,3130,0.57354957
2872,3138,0.66310745
2872,3139,0.5701381
2872,3211,0.5674993
2872,3226,0.5505673
2873,3080,0.5524584
2873,3098,0.56697154
2875,3024,0.5794722
2876,2889,0.5520353
2876,2928,0.55571735
2876,3003,0.5750845
2876,3007,0.5907434
2876,3016,0.5661785
2876,3080,0.5534489
2876,3125,0.55233955
2876,3126,0.5998194
2876,3153,0.5717201
2876,3182,0.5990559
2876,3194,0.5524376
2876,3209,0.55737984
2876,3234,0.5652827
2877,2995,0.60822564
2877,3025,0.55440027
2877,3092,0.5647895
2879,3021,0.5744473
2879,3089,0.55262375
2879,3124,0.5605341
2880,3010,0.5739777
2880,3109,0.61307925
2882,2919,0.552428
2882,3034,0.57163745
2885,3109,0.6053443
2885,3281,0.5832156
2886,3029,0.57178295
2887,2889,0.57163113
2887,2991,0.5761615
2887,3080,0.5715488
2887,3091,0.5856918
2887,3092,0.55091786
2887,3099,0.56527656
2887,3165,0.5629755
2887,3169,0.5592468
2887,3226,0.58604836
2887,3271,0.5579288
2888,2890,0.60589063
2888,2914,0.65812904
2888,2916,0.64197683
2888,2973,0.57251585
2888,2982,0.6108784
2888,3016,0.5891888
2888,3022,0.5904963
2888,3024,0.56836283
2888,3080,0.5855881
2888,3083,0.57199717
2888,3089,0.55136764
2888,3098,0.6166083
2888,3099,0.5533285
2888,3104,0.57432795
2888,3122,0.55676675
2888,3211,0.57736176
2889,2916,0.57737565
2889,3016,0.5619165
2889,3022,0.56470525
2889,3082,0.5863293
2889,3091,0.6668093
2889,3104,0.5509126
2889,3125,0.55889285
2889,3186,0.5524902
2889,3194,0.57621807
2889,3226,0.6733707
2889,3248,0.6415254
2889,3260,0.593472
2889,3271,0.58315897
2890,2914,0.55681354
2890,2968,0.56962585
2890,2973,0.5650296
2890,2982,0.595492
2890,3016,0.5642506
2890,3022,0.579137
2890,3080,0.6157248
2890,3089,0.57001096
2890,3098,0.58169955
2890,3104,0.55557525
2890,3117,0.5510109
2890,3174,0.5615424
2891,2892,0.5594253
2891,2895,0.6044512
2891,3025,0.560743
2891,3036,0.5792415
2891,3087,0.56439006
2891,3097,0.5574528
2891,3099,0.5827983
2891,3157,0.5785967
2891,3165,0.56214404
2891,3168,0.56204903
2891,3177,0.55040777
2891,3179,0.5855546
2891,3193,0.6051084
2891,3209,0.6188828
2891,3248,0.5890225
2891,3319,0.5847647
2892,2895,0.5876678
2893,2914,0.60020006
2893,2953,0.5679453
2893,2973,0.56448185
2893,2982,0.56109965
2893,3007,0.5720053
2893,3010,0.5670793
2893,3015,0.55264187
2893,3016,0.5707624
2893,3021,0.55750716
2893,3022,0.5665859
2893,3024,0.6297033
2893,3035,0.5537644
2893,3080,0.58011323
2893,3082,0.59668636
2893,3105,0.5528995
2893,3117,0.59891725
2893,3174,0.5677403
2893,3211,0.57870144
2893,3226,0.5505954
2897,3013,0.5753374
2899,3068,0.550717
2901,2907,0.55474776
2901,3172,0.58422446
2903,2904,0.726604
2906,2913,0.5968459
2906,3042,0.56931794
2906,3053,0.5515135
2906,3091,0.55397904
2906,3196,0.55447066
2906,3302,0.5580288
2906,3310,0.55318284
2908,2915,0.65140426
2908,3025,0.556498
2912,2913,0.57512105
2913,2967,0.56218636
2914,2916,0.63809603
2914,2939,0.5873434
2914,2973,0.5552162
2914,2982,0.65610856
2914,3016,0.58359224
2914,3022,0.61042666
2914,3024,0.6335703
2914,3035,0.67632437
2914,3080,0.5794887
2914,3089,0.5765492
2914,3098,0.5510551
2914,3099,0.5552764
2914,3105,0.5724093
2914,3117,0.57180685
2914,3139,0.5777325
2914,3165,0.5613659
2914,3173,0.57720035
2914,3174,0.55573016
2914,3211,0.59088814
2914,3226,0.5696353
2915,2953,0.5676695
2915,3060,0.5650279
2915,3080,0.55947965
2915,3089,0.59102035
2915,3100,0.5880625
2915,3310,0.5658641
2916,2925,0.55673957
2916,2939,0.59117126
2916,2953,0.5598625
2916,2973,0.60308903
2916,2982,0.61895835
2916,3009,0.55562377
2916,3016,0.61881876
2916,3022,0.59324396
2916,3025,0.58408445
2916,3080,0.60336804
2916,3083,0.5610439
2916,3086,0.58041686
2916,3089,0.58128273
2916,3091,0.5714425
2916,3092,0.5687417
2916,3095,0.5918417
2916,3098,0.61400783
2916,3099,0.5965873
2916,3104,0.5870178
2916,3130,0.5619188
2916,3138,0.63784516
2916,3139,0.56485856
2916,3174,0.55520403
2916,3200,0.5642704
2916,3221,0.56415325
2916,3226,0.5702071
2916,3304,0.5598079
2916,3305,0.5807004
2917,2946,0.67637444
2918,2928,0.5638438
2918,3135,0.5697317
2918,3219,0.5649336
2919,2925,0.5682671
2919,2927,0.5848102
2919,2959,0.57825065
2919,3130,0.5980955
2920,3104,0.5586848
2920,3130,0.61585325
2920,3140,0.5823437
2920,3141,0.57515746
2921,2922,0.73736256
2923,2969,0.5597597
2923,3003,0.551242
2923,3016,0.55074084
2923,3219,0.570795
2925,2926,0.62600845
2925,2927,0.5754536
2925,2930,0.5831063
2925,2966,0.55465174
2925,2981,0.56140256
2925,3013,0.58722085
2925,3016,0.58226496
2925,3024,0.5721745
2925,3080,0.6026913
2925,3089,0.55939376
2925,3104,0.5761399
2925,3130,0.5746958
2925,3141,0.56253445
2925,3173,0.6112441
2925,3270,0.5710039
2926,2927,0.62398314
2926,2937,0.55172217
2926,3024,0.562505
2926,3083,0.55616677
2926,3098,0.5526191
2926,3105,0.5770595
2926,3117,0.5702826
2926,3173,0.6394666
2927,3009,0.5851622
2927,3045,0.55847037
2927,3083,0.56549346
2927,3085,0.56847125
2927,3099,0.5827005
2927,3104,0.6383065
2927,3117,0.6113482
2927,3130,0.65442634
2927,3173,0.5911211
2927,3193,0.5522721
2927,3208,0.56261396
2927,3211,0.5620707
2927,3300,0.55067503
2928,2929,0.5773337
2928,2979,0.58382
2928,3003,0.58161134
2928,3006,0.5885296
2928,3014,0.5587392
2928,3016,0.5921413
2928,3021,0.57015073
2928,3048,0.56360704
2928,3080,0.565559
2928,3124,0.5841084
2928,3165,0.5560979
2928,3186,0.581006
2928,3219,0.5579823
2928,3233,0.5741612
2928,3234,0.5588401
2928,3248,0.5601138
2928,3292,0.55568826
2929,3003,0.5935904
2929,3048,0.56754047
2929,3070,0.55897665
2929,3155,0.58765954
2929,3168,0.5555441
2929,3181,0.5682477
2929,3233,0.60018915
2929,3262,0.55978024
2930,2953,0.57160914
2930,3016,0.5735594
2930,3080,0.5735283
2930,3095,0.62982583
2930,3100,0.60211366
2930,3219,0.5577323
2932,3002,0.59121096
2932,3080,0.5767441
2932,3100,0.6131888
2932,3117,0.5709785
2932,3300,0.63197386
2932,3305,0.5624143
2933,3080,0.59637874
2937,3100,0.56744915
2939,3025,0.5657126
2939,3027,0.5575374
2939,3035,0.6047392
2939,3226,0.56155133
2939,3274,0.57684815
2940,2941,0.7607656
2943,2944,0.62969756
2947,2967,0.6108374
2948,2952,0.6390061
2948,2955,0.55111694
2948,2956,0.64231217
2952,2955,0.64162284
2952,2956,0.65810204
2952,3082,0.5599168
2953,2973,0.5792365
2953,3001,0.5767904
2953,3022,0.5663271
2953,3080,0.55510145
2953,3098,0.56689173
2954,2998,0.586274
2954,3134,0.5624602
2955,2956,0.5943691
2957,3001,0.56277275
2957,3009,0.5578381
2957,3045,0.5861613
2957,3130,0.5518207
2959,3110,0.5695859
2963,2965,0.5776534
2963,2967,0.59684753
2963,3070,0.6338591
2963,3250,0.55692077
2963,3267,0.56029606
2963,3302,0.5544872
2965,3070,0.6102308
2966,3104,0.55489856
2967,3071,0.6361455
2967,3296,0.5551528
2968,3211,0.55273443
2970,3137,0.6029494
2971,3209,0.5551331
2971,3220,0.56276
2972,2975,0.68050766
2973,2982,0.5943576
2973,3016,0.56101775
2973,3022,0.5921744
2973,3080,0.62323797
2973,3095,0.5570284
2973,3098,0.6249068
2973,3105,0.57106304
2973,3221,0.5788455
2976,3029,0.5734443
2976,3300,0.57643527
2976,3303,0.57758635
2976,3305,0.55169016
2979,3292,0.63764143
2981,3080,0.5575102
2981,3098,0.5621463
2982,3032,0.56952083
2982,3080,0.61371154
2982,3095,0.56559324
2982,3099,0.6036303
2982,3211,0.5649551
2982,3226,0.5522432
2982,3273,0.5533427
2985,3035,0.5565392
2985,3080,0.59596604
2986,2990,0.67761457
2991,3006,0.5666846
2991,3099,0.57388806
2991,3316,0.5517283
2992,3068,0.5503467
2993,3129,0.571228
2995,3061,0.570737
2995,3064,0.5593993
2995,3091,0.5582292
2995,3226,0.565168
2995,3267,0.60168743
2995,3310,0.5724207
2996,3019,0.56720066
2996,3089,0.58392906
2997,3003,0.6239939
2997,3016,0.5561664
2997,3078,0.58077085
2997,3186,0.58825547
2997,3219,0.55763984
2997,3234,0.5665239
2997,3308,0.55806667
2998,3025,0.5634515
2998,3256,0.55934113
2999,3207,0.6038243
2999,3281,0.557957
3001,3003,0.55368197
3001,3016,0.5958611
3001,3080,0.5516304
3001,3089,0.5535242
3001,3165,0.5860859
3001,3256,0.5539285
3002,3003,0.5933217
3002,3022,0.5573594
3002,3089,0.5631112
3002,3125,0.55694175
3002,3248,0.5653644
3003,3016,0.56405264
3003,3048,0.6195172
3003,3078,0.59358376
3003,3153,0.6186122
3003,3186,0.5705835
3003,3219,0.57515335
3003,3233,0.5508945
3003,3234,0.58103454
3003,3315,0.58924913
3004,3005,0.59280694
3004,3006,0.66631776
3004,3008,0.58897877
3004,3148,0.5672811
3005,3006,0.7756258
3005,3008,0.6746845
3006,3008,0.7849275
3006,3048,0.60497093
3006,3070,0.5825365
3006,3219,0.5672965
3006,3233,0.59124184
3006,3308,0.5664679
3007,3015,0.55013907
3007,3016,0.58554775
3007,3080,0.5692314
3007,3174,0.5641818
3007,3182,0.5530585
3008,3048,0.57287467
3008,3070,0.5589739
3008,3137,0.5583863
3008,3190,0.59551674
3008,3219,0.55751073
3008,3233,0.58349466
3008,3248,0.59355336
3008,3262,0.5513824
3008,3263,0.55737764
3009,3012,0.622072
3009,3016,0.581337
3009,3088,0.5541791
3009,3100,0.58401716
3009,3130,0.63015103
3010,3011,0.756257
3010,3025,0.5690088
3010,3080,0.55329657
3010,3226,0.5963757
3011,3226,0.58694375
3013,3024,0.5819607
3013,3035,0.5911458
3013,3080,0.58553964
3013,3089,0.5666928
3013,3093,0.5834304
3013,3100,0.57441133
3013,3105,0.6065406
3013,3139,0.55053794
3013,3300,0.55092156
3014,3016,0.6506673
3014,3029,0.5711001
3014,3080,0.5605628
3014,3099,0.56243944
3014,3135,0.63095796
3014,3165,0.5654069
3014,3186,0.56191164
3014,3233,0.55896443
3014,3234,0.55473894
3014,3248,0.56892717
3014,3308,0.55702186
3015,3043,0.6534467
3015,3080,0.5531709
3015,3098,0.5524443
3015,3105,0.5684562
3015,3107,0.55224794
3015,3124,0.56881833
3015,3270,0.5652299
3016,3022,0.5972935
3016,3024,0.63913655
3016,3025,0.60490346
3016,3029,0.58142835
3016,3035,0.55853766
3016,3048,0.5907924
3016,3078,0.5649727
3016,3080,0.64540577
3016,3082,0.5699639
3016,3099,0.627687
3016,3117,0.56502295
3016,3125,0.62351394
3016,3130,0.591312
3016,3141,0.55484164
3016,3165,0.61725533
3016,3173,0.57664514
3016,3186,0.62837684
3016,3189,0.5763668
3016,3219,0.5989578
3016,3234,0.6204077
3016,3248,0.5652849
3016,3281,0.56407577
3016,3308,0.56273866
3016,3318,0.5660654
3018,3054,0.7320696
3019,3193,0.561846
3019,3256,0.55024403
3019,3294,0.5597834
3021,3022,0.5695154
3021,3105,0.5910535
3021,3124,0.56950223
3021,3178,0.56088495
3021,3186,0.5796743
3022,3024,0.5567267
3022,3080,0.65793633
3022,3089,0.5754354
3022,3095,0.5878459
3022,3098,0.5598177
3022,3124,0.55260885
3022,3125,0.5631569
3022,3173,0.5668093
3022,3174,0.5759285
3022,3189,0.6184701
3022,3211,0.5508176
3023,3046,0.789839
3023,3267,0.55181277
3024,3029,0.66239625
3024,3035,0.5961306
3024,3080,0.6670196
3024,3082,0.5848277
3024,3099,0.5503644
3024,3117,0.5596347
3024,3165,0.5819702
3024,3173,0.55392385
3024,3219,0.57639456
3025,3082,0.5819107
3025,3089,0.609945
3025,3091,0.5649889
3025,3099,0.6095539
3025,3104,0.57038563
3025,3136,0.57245517
3025,3154,0.567235
3025,3169,0.55188096
3025,3179,0.55774355
3025,3189,0.5669513
3025,3193,0.61735106
3025,3216,0.5507011
3025,3226,0.5776026
3025,3240,0.57132757
3025,3248,0.6223507
3025,3256,0.5524317
3025,3270,0.55244637
3025,3281,0.6104617
3025,3318,0.5705657
3027,3256,0.60693586
3029,3078,0.5504026
3029,3080,0.5898117
3029,3130,0.56219995
3029,3219,0.5550587
3029,3274,0.5562287
3029,3303,0.58011234
3032,3099,0.57004905
3033,3039,0.63557065
3033,3130,0.58778626
3034,3117,0.55718935
3035,3040,0.5771272
3035,3080,0.59348226
3035,3099,0.55665535
3035,3100,0.572737
3035,3105,0.5617162
3035,3135,0.56481445
3035,3139,0.5983962
3035,3165,0.57719374
3035,3189,0.5776557
3035,3211,0.60366404
3035,3248,0.5670643
3035,3275,0.5521954
3036,3179,0.56926394
3036,3267,0.5551462
3038,3080,0.5804112
3038,3105,0.55259323
3042,3047,0.59681726
3042,3053,0.7872723
3042,3196,0.5689781
3043,3270,0.569731
3045,3130,0.55576193
3047,3053,0.6676092
3048,3078,0.5919182
3048,3153,0.62774515
3048,3155,0.5654068
3048,3165,0.57406336
3048,3186,0.60424304
3048,3193,0.56219476
3048,3234,0.58243376
3048,3248,0.61706126
3048,3301,0.5516671
3048,3308,0.55331993
3048,3318,0.57868457
3050,3071,0.5587769
3050,3090,0.5589801
3053,3212,0.5515407
3060,3089,0.5926757
3060,3270,0.55722755
3061,3064,0.5714969
3061,3081,0.5769054
3064,3081,0.5931858
3066,3092,0.7865737
3066,3124,0.57719505
3067,3068,0.55165863
3070,3071,0.5604385
3070,3072,0.59130883
3070,3073,0.5879103
3070,3155,0.5679375
3070,3165,0.5643536
3070,3181,0.56787145
3070,3248,0.56034744
3070,3267,0.59408206
3071,3073,0.634599
3072,3073,0.6378236
3078,3153,0.5801383
3078,3186,0.5651015
3078,3234,0.5895314
3078,3248,0.55087996
3080,3089,0.5820726
3080,3093,0.5557841
3080,3095,0.61979574
3080,3098,0.61448187
3080,3099,0.5992694
3080,3100,0.58420014
3080,3105,0.64586794
3080,3117,0.56486326
3080,3124,0.6066335
3080,3130,0.60780877
3080,3135,0.623466
3080,3139,0.5518873
3080,3165,0.58207613
3080,3173,0.5561535
3080,3174,0.57265747
3080,3211,0.55638283
3080,3219,0.58590984
3080,3226,0.5835979
3080,3271,0.5530385
3080,3300,0.5751892
3080,3303,0.5591178
3080,3305,0.5788152
3082,3104,0.56710005
3082,3189,0.5518084
3082,3227,0.556916
3082,3228,0.5935453
3082,3279,0.55252457
3083,3088,0.6688132
3083,3098,0.60072184
3083,3130,0.5925803
3083,3173,0.56676877
3085,3130,0.56044996
3086,3310,0.59900475
3087,3205,0.5880939
3087,3319,0.59976363
3087,3320,0.6641325
3088,3100,0.55561256
3088,3104,0.5846044
3088,3117,0.58296996
3088,3130,0.56183314
3088,3173,0.5728948
3088,3300,0.57197523
3089,3091,0.5517744
3089,3098,0.5696971
3089,3099,0.5849727
3089,3100,0.58960754
3089,3104,0.61842155
3089,3124,0.565431
3089,3165,0.5630396
3089,3179,0.56706995
3089,3216,0.55473214
3089,3232,0.5650805
3089,3270,0.55888647
3091,3226,0.6290207
3091,3248,0.5579416
3091,3260,0.5793949
3091,3267,0.6161612
3091,3268,0.6038617
3091,3271,0.5507519
3091,3281,0.56336594
3092,3099,0.5537573
3093,3139,0.60227203
3094,3151,0.55177706
3094,3283,0.55737066
3095,3098,0.5501998
3095,3100,0.5794099
3095,3117,0.56402516
3095,3208,0.58329856
3098,3104,0.5533426
3098,3105,0.55865914
3098,3112,0.5960903
3098,3117,0.5721544
3098,3138,0.5580106
3098,3173,0.58860993
3099,3104,0.5661133
3099,3124,0.56870794
3099,3139,0.55346984
3099,3165,0.58298117
3099,3226,0.57859135
3099,3239,0.58996534
3099,3240,0.60510015
3099,3248,0.57077205
3099,3274,0.5820333
3099,3279,0.5521591
3099,3318,0.5622019
3100,3117,0.6882298
3100,3130,0.5868378
3100,3135,0.5907164
3100,3139,0.5694307
3100,3173,0.55042034
3100,3208,0.56120396
3100,3211,0.6011421
3100,3300,0.57818496
3104,3117,0.59286004
3104,3130,0.6038976
3104,3173,0.5958752
3104,3193,0.5562423
3104,3208,0.5746984
3104,3211,0.5507803
3104,3213,0.564517
3104,3216,0.5679922
3104,3248,0.56309867
3104,3279,0.5730869
3105,3124,0.5658759
3105,3135,0.612205
3105,3140,0.60013187
3105,3165,0.55970716
3105,3300,0.56804264
3105,3305,0.5520083
3106,3205,0.5846899
3106,3319,0.58698773
3106,3320,0.6803454
3109,3207,0.61091495
3109,3278,0.5787696
3109,3280,0.62879944
3109,3282,0.61168337
3109,3283,0.662809
3109,3285,0.62553984
3109,3286,0.6559311
3109,3287,0.5633743
3109,3288,0.6648048
3109,3289,0.59069335
3109,3290,0.66272485
3109,3310,0.58822525
3109,3318,0.552805
3112,3113,0.6694439
3114,3134,0.5666218
3114,3226,0.580653
3114,3267,0.599585
3117,3130,0.62205017
3117,3140,0.5684763
3117,3173,0.73260605
3117,3208,0.57391703
3117,3211,0.64077926
3117,3300,0.61658204
3118,3193,0.5559861
3122,3318,0.56265825
3124,3165,0.56004107
3124,3182,0.5755653
3124,3258,0.559211
3125,3126,0.5811084
3125,3186,0.57025176
3125,3194,0.6431618
3125,3219,0.5583993
3125,3226,0.5993994
3125,3248,0.62583244
3126,3131,0.8099249
3126,3132,0.6951039
3126,3133,0.7212382
3126,3134,0.77868676
3126,3181,0.55001503
3126,3182,0.5826421
3126,3194,0.55925137
3127,3196,0.6502688
3127,3282,0.5625714
3127,3302,0.5618712
3130,3173,0.61429393
3130,3208,0.57294315
3130,3211,0.6024519
3130,3300,0.59553695
3130,3303,0.58885694
3130,3304,0.59314394
3130,3305,0.57584786
3131,3132,0.6690648
3131,3133,0.6407181
3131,3134,0.70563906
3132,3133,0.7785692
3132,3134,0.7525166
3133,3134,0.80361354
3134,3182,0.5762138
3135,3139,0.5876832
3135,3165,0.61699784
3135,3248,0.56068325
3135,3257,0.55850804
3136,3281,0.64831424
3139,3211,0.6044992
3141,3173,0.5683286
3145,3242,0.56376773
3148,3196,0.5942769
3148,3280,0.5627665
3150,3235,0.8298294
3150,3296,0.7761539
3150,3299,0.8281576
3151,3232,0.55106485
3154,3161,0.55480725
3154,3194,0.5544668
3154,3209,0.5615783
3154,3226,0.57257146
3154,3234,0.5520379
3154,3236,0.56961477
3154,3248,0.5858157
3154,3255,0.56330436
3154,3264,0.56541646
3154,3268,0.55389357
3154,3271,0.5906068
3154,3281,0.5641663
3155,3165,0.5679822
3155,3226,0.63009304
3155,3248,0.59622806
3155,3271,0.5732534
3156,3193,0.5655199
3156,3302,0.5683414
3160,3161,0.73348105
3160,3163,0.60734767
3161,3163,0.71461487
3161,3177,0.57088864
3161,3178,0.5639531
3163,3179,0.55017877
3163,3241,0.5714522
3165,3177,0.5549095
3165,3181,0.5884742
3165,3182,0.55510354
3165,3186,0.5547501
3165,3219,0.58740485
3165,3226,0.5592251
3165,3240,0.56865877
3165,3248,0.5787619
3165,3310,0.5601786
3166,3167,0.6480241
3168,3209,0.55471635
3168,3233,0.5936846
3169,3186,0.629244
3173,3211,0.5985516
3173,3224,0.55522585
3173,3300,0.5908592
3177,3178,0.6327696
3177,3179,0.6234473
3177,3181,0.5583872
3177,3182,0.5917419
3177,3186,0.5607157
3177,3241,0.55834997
3177,3248,0.55757606
3177,3310,0.5675953
3178,3237,0.5650388
3179,3182,0.5501013
3179,3193,0.56626153
3179,3217,0.56613094
3179,3232,0.61178595
3180,3181,0.81158924
3180,3182,0.7946799
3180,3183,0.6035408
3181,3182,0.8268511
3181,3183,0.665091
3181,3238,0.55987036
3181,3239,0.6133995
3181,3240,0.59698343
3181,3271,0.5536412
3181,3310,0.55759037
3181,3318,0.5571989
3182,3183,0.6731793
3182,3318,0.56287616
3185,3199,0.9718436
3186,3219,0.5577147
3186,3226,0.56337684
3186,3234,0.66380954
3186,3248,0.5500641
3186,3281,0.55260944
3186,3310,0.55357474
3189,3248,0.552583
3190,3200,0.5548133
3190,3219,0.6040633
3193,3201,0.5917214
3193,3248,0.5737754
3193,3255,0.56129825
3193,3270,0.5673634
3194,3226,0.5770192
3194,3248,0.5504987
3195,3196,0.64442575
3195,3197,0.66140616
3196,3267,0.56463873
3196,3282,0.5872979
3196,3302,0.587811
3205,3319,0.8958826
3205,3320,0.90317523
3207,3264,0.5544598
3207,3280,0.5694685
3207,3281,0.60868704
3207,3282,0.6165467
3207,3283,0.55130637
3207,3286,0.55769974
3207,3288,0.56422913
3207,3289,0.5587956
3207,3310,0.55763465
3209,3236,0.6914407
3209,3242,0.58113325
3211,3300,0.6325747
3211,3304,0.5979998
3216,3232,0.5730376
3217,3218,0.7934618
3217,3232,0.7790086
3217,3265,0.5593556
3218,3232,0.77238226
3219,3233,0.554373
3219,3234,0.5754963
3219,3292,0.553059
3220,3267,0.58595634
3223,3318,0.57960653
3226,3248,0.6465913
3226,3259,0.5972277
3226,3260,0.5685923
3226,3267,0.5628992
3226,3271,0.8143861
3226,3310,0.5607821
3227,3228,0.858027
3227,3229,0.83442724
3228,3229,0.7979505
3231,3267,0.5628868
3231,3268,0.58304346
3232,3256,0.5502292
3232,3265,0.57418215
3233,3262,0.6941905
3233,3263,0.6842623
3234,3308,0.5694326
3235,3296,0.74549675
3235,3299,0.8089628
3238,3239,0.8800187
3238,3240,0.7636907
3239,3240,0.7467449
3240,3256,0.55568564
3241,3242,0.7454914
3244,3246,0.67727077
3244,3247,0.7382375
3245,3266,0.56022704
3245,3284,0.55174315
3246,3247,0.6290475
3248,3259,0.65142787
3248,3260,0.6932488
3248,3271,0.6070415
3249,3288,0.55853903
3249,3318,0.553326
3254,3256,0.62835824
3255,3256,0.6781543
3257,3258,0.6038823
3259,3260,0.682042
3259,3271,0.5858145
3260,3271,0.63753283
3261,3267,0.5816313
3261,3268,0.5518908
3262,3263,0.7545788
3264,3270,0.5533639
3267,3268,0.70035756
3267,3270,0.5835233
3267,3271,0.58392787
3267,3281,0.5523033
3267,3288,0.55732954
3267,3310,0.5617397
3270,3271,0.5630255
3271,3310,0.5574852
3273,3274,0.6740129
3277,3278,0.6581874
3278,3287,0.56549513
3278,3289,0.6003778
3278,3318,0.56015706
3280,3281,0.58640355
3280,3282,0.56637293
3280,3283,0.5564757
3280,3284,0.5669081
3280,3289,0.5940615
3280,3310,0.5824361
3281,3288,0.5616833
3282,3283,0.5894949
3282,3286,0.6089277
3282,3287,0.5510652
3282,3288,0.57892555
3282,3289,0.56850195
3282,3302,0.5585064
3283,3284,0.5663303
3283,3289,0.61555016
3285,3289,0.5504082
3285,3290,0.75446975
3286,3288,0.59333336
3286,3289,0.5702023
3286,3310,0.5738846
3288,3289,0.5654228
3288,3290,0.5706371
3288,3302,0.56072104
3288,3310,0.58941394
3288,3318,0.5621339
3289,3290,0.5565008
3289,3310,0.56486624
3289,3315,0.55354345
3296,3299,0.80293584
3300,3303,0.81356144
3300,3304,0.8450217
3300,3305,0.8457967
3302,3310,0.5533151
3303,3304,0.7284039
3303,3305,0.79874694
3304,3305,0.8697054
3306,3307,0.7164138
3317,3318,0.6289522
3319,3320,0.9049206
